timestamp_nano,datetime_utc,name,axis_x,axis_y,axis_z,accuracy
712739879644433,2024-03-21T19:39:27.122Z,lsm6dso acceleration sensor,14.971541,-0.30885202,4.8626237,3
712739889644433,2024-03-21T19:39:27.133Z,lsm6dso acceleration sensor,14.837466,0.2825158,5.2603602,3
712739899644433,2024-03-21T19:39:27.143Z,lsm6dso acceleration sensor,14.839861,0.79966336,6.5795655,3
712739909644399,2024-03-21T19:39:27.152Z,lsm6dso acceleration sensor,14.408606,0.7038953,7.1948752,3
712739919644432,2024-03-21T19:39:27.162Z,lsm6dso acceleration sensor,11.865963,0.17717093,7.63062,3
712739929644465,2024-03-21T19:39:27.172Z,lsm6dso acceleration sensor,10.2857895,0.17238252,7.6713214,3
712739939644465,2024-03-21T19:39:27.182Z,lsm6dso acceleration sensor,8.195652,0.8810662,7.805397,3
712739949644465,2024-03-21T19:39:27.192Z,lsm6dso acceleration sensor,6.9578495,1.4891934,7.910742,3
712739959644431,2024-03-21T19:39:27.203Z,lsm6dso acceleration sensor,4.1132383,2.066196,7.7862434,3
712739969644464,2024-03-21T19:39:27.212Z,lsm6dso acceleration sensor,3.5936968,2.6001031,7.752724,3
712739979644464,2024-03-21T19:39:27.223Z,lsm6dso acceleration sensor,4.486734,3.9145198,7.972991,3
712739989644464,2024-03-21T19:39:27.233Z,lsm6dso acceleration sensor,6.354511,4.807557,7.656956,3
712739999644464,2024-03-21T19:39:27.243Z,lsm6dso acceleration sensor,8.3273325,5.2268414,7.6354084,3
712740009644464,2024-03-21T19:39:27.252Z,lsm6dso acceleration sensor,9.20361,5.6410384,6.8357453,3
712740019644430,2024-03-21T19:39:27.262Z,lsm6dso acceleration sensor,9.778219,4.968268,6.4119716,3
712740029645163,2024-03-21T19:39:27.273Z,lsm6dso acceleration sensor,10.067918,3.8714242,6.4454904,3
712740039645896,2024-03-21T19:39:27.283Z,lsm6dso acceleration sensor,9.974544,1.5729905,6.5053453,3
712740049646596,2024-03-21T19:39:27.293Z,lsm6dso acceleration sensor,9.675268,0.24420857,6.893206,3
712740059646696,2024-03-21T19:39:27.303Z,lsm6dso acceleration sensor,9.131784,-1.3718776,6.2587423,3
712740069647362,2024-03-21T19:39:27.313Z,lsm6dso acceleration sensor,8.842086,-2.0805612,5.68174,3
712740079647395,2024-03-21T19:39:27.323Z,lsm6dso acceleration sensor,8.432677,-2.7868507,4.402937,3
712740089647395,2024-03-21T19:39:27.332Z,lsm6dso acceleration sensor,8.298602,-2.7964275,3.8738184,3
712740099647395,2024-03-21T19:39:27.342Z,lsm6dso acceleration sensor,7.951443,-2.2337902,3.205836,3
712740109647361,2024-03-21T19:39:27.352Z,lsm6dso acceleration sensor,7.520487,-1.745373,3.1004913,3
712740119647361,2024-03-21T19:39:27.363Z,lsm6dso acceleration sensor,6.4933743,-0.49320555,3.799598,3
712740129647394,2024-03-21T19:39:27.373Z,lsm6dso acceleration sensor,5.794267,0.17238252,3.083732,3
712740139647394,2024-03-21T19:39:27.382Z,lsm6dso acceleration sensor,4.5274353,0.9672575,1.3192052,3
712740149647394,2024-03-21T19:39:27.392Z,lsm6dso acceleration sensor,4.271256,1.0941502,1.067814,3
712740159647394,2024-03-21T19:39:27.403Z,lsm6dso acceleration sensor,4.271256,1.0726024,1.1204864,3
712740169647360,2024-03-21T19:39:27.413Z,lsm6dso acceleration sensor,4.343082,0.9552865,1.0606314,3
712740179647326,2024-03-21T19:39:27.422Z,lsm6dso acceleration sensor,4.4220905,0.59376204,0.81163436,3
712740189647359,2024-03-21T19:39:27.432Z,lsm6dso acceleration sensor,4.4795513,0.30645782,0.8762778,3
712740199647359,2024-03-21T19:39:27.442Z,lsm6dso acceleration sensor,4.88896,-0.021547815,1.4508862,3
712740209647359,2024-03-21T19:39:27.452Z,lsm6dso acceleration sensor,5.222053,-0.038307227,2.087744,3
712740219647325,2024-03-21T19:39:27.462Z,lsm6dso acceleration sensor,5.885247,0.16519992,2.56419,3
712740229647325,2024-03-21T19:39:27.473Z,lsm6dso acceleration sensor,6.380847,0.23463176,2.717419,3
712740239647358,2024-03-21T19:39:27.483Z,lsm6dso acceleration sensor,7.6737156,0.46447513,3.0382419,3
712740249647358,2024-03-21T19:39:27.493Z,lsm6dso acceleration sensor,8.119038,0.62009823,3.2249897,3
712740259647358,2024-03-21T19:39:27.502Z,lsm6dso acceleration sensor,8.348881,0.7613561,3.2561142,3
712740269647324,2024-03-21T19:39:27.513Z,lsm6dso acceleration sensor,8.4231,0.8619126,3.2010477,3
712740279647357,2024-03-21T19:39:27.523Z,lsm6dso acceleration sensor,8.758289,1.0199299,3.1483753,3
712740289647390,2024-03-21T19:39:27.532Z,lsm6dso acceleration sensor,8.983344,1.1348516,3.1723173,3
712740299647390,2024-03-21T19:39:27.543Z,lsm6dso acceleration sensor,9.62499,1.2378023,3.1531637,3
712740309647390,2024-03-21T19:39:27.553Z,lsm6dso acceleration sensor,9.936236,1.2521675,3.311181,3
712740319647390,2024-03-21T19:39:27.562Z,lsm6dso acceleration sensor,10.350433,1.2378023,3.821146,3
712740329647356,2024-03-21T19:39:27.573Z,lsm6dso acceleration sensor,10.503662,1.2761095,4.232949,3
712740339647356,2024-03-21T19:39:27.582Z,lsm6dso acceleration sensor,10.307338,1.460463,4.477157,3
712740349647389,2024-03-21T19:39:27.593Z,lsm6dso acceleration sensor,9.900323,1.5873557,4.7740383,3
712740359647389,2024-03-21T19:39:27.602Z,lsm6dso acceleration sensor,9.347262,1.8914193,4.994604,3
712740369647389,2024-03-21T19:39:27.613Z,lsm6dso acceleration sensor,9.289802,2.0685902,5.040094,3
712740379647355,2024-03-21T19:39:27.623Z,lsm6dso acceleration sensor,10.067918,2.0901382,4.84347,3
712740389647388,2024-03-21T19:39:27.633Z,lsm6dso acceleration sensor,11.056723,1.9081788,4.462792,3
712740399647421,2024-03-21T19:39:27.643Z,lsm6dso acceleration sensor,13.118131,1.1947067,3.7804444,3
712740409647421,2024-03-21T19:39:27.652Z,lsm6dso acceleration sensor,14.049475,0.59136784,3.6343982,3
712740419647387,2024-03-21T19:39:27.663Z,lsm6dso acceleration sensor,14.597747,-0.5386954,3.9935284,3
712740429647353,2024-03-21T19:39:27.673Z,lsm6dso acceleration sensor,14.068628,-1.352724,4.6040497,3
712740439647386,2024-03-21T19:39:27.683Z,lsm6dso acceleration sensor,13.048698,-2.3391352,6.036082,3
712740449647386,2024-03-21T19:39:27.692Z,lsm6dso acceleration sensor,12.593801,-2.6048915,6.2731075,3
712740459647386,2024-03-21T19:39:27.702Z,lsm6dso acceleration sensor,10.546758,-2.5091233,6.5436525,3
712740469647386,2024-03-21T19:39:27.712Z,lsm6dso acceleration sensor,9.933842,-2.2361844,7.604284,3
712740479647386,2024-03-21T19:39:27.722Z,lsm6dso acceleration sensor,7.901165,-2.3223755,8.978556,3
712740489647352,2024-03-21T19:39:27.732Z,lsm6dso acceleration sensor,6.4933743,-2.468422,9.124602,3
712740499647385,2024-03-21T19:39:27.743Z,lsm6dso acceleration sensor,6.024111,-2.693477,8.55957,3
712740509647385,2024-03-21T19:39:27.753Z,lsm6dso acceleration sensor,7.379229,-2.8993783,8.044817,3
712740519647385,2024-03-21T19:39:27.763Z,lsm6dso acceleration sensor,11.1931925,-3.5338416,6.7591305,3
712740529647518,2024-03-21T19:39:27.772Z,lsm6dso acceleration sensor,12.759,-3.787627,6.1031194,3
712740539647484,2024-03-21T19:39:27.783Z,lsm6dso acceleration sensor,14.039898,-3.857059,5.5237226,3
712740549647517,2024-03-21T19:39:27.792Z,lsm6dso acceleration sensor,13.747806,-3.4452562,5.245995,3
712740559647517,2024-03-21T19:39:27.802Z,lsm6dso acceleration sensor,12.306496,-2.1859062,6.1677628,3
712740569647517,2024-03-21T19:39:27.812Z,lsm6dso acceleration sensor,11.320085,-1.4173675,6.953061,3
712740579647483,2024-03-21T19:39:27.822Z,lsm6dso acceleration sensor,9.246706,-0.260968,7.597101,3
712740589647483,2024-03-21T19:39:27.833Z,lsm6dso acceleration sensor,7.949049,0.23463176,7.606678,3
712740599647516,2024-03-21T19:39:27.842Z,lsm6dso acceleration sensor,6.3736644,0.8690952,7.178116,3
712740609647516,2024-03-21T19:39:27.852Z,lsm6dso acceleration sensor,6.1294556,1.0941502,6.6011133,3
712740619647516,2024-03-21T19:39:27.863Z,lsm6dso acceleration sensor,6.754342,1.2473791,4.865018,3
712740629647516,2024-03-21T19:39:27.873Z,lsm6dso acceleration sensor,7.1733274,1.2473791,4.003105,3
712740639647482,2024-03-21T19:39:27.883Z,lsm6dso acceleration sensor,7.5659766,1.043872,2.5498247,3
712740649647448,2024-03-21T19:39:27.893Z,lsm6dso acceleration sensor,7.604284,0.9600749,1.9512744,3
712740659647481,2024-03-21T19:39:27.902Z,lsm6dso acceleration sensor,6.6873045,0.9504981,2.123657,3
712740669647481,2024-03-21T19:39:27.913Z,lsm6dso acceleration sensor,5.4471083,0.9624691,2.2720973,3
712740679647481,2024-03-21T19:39:27.923Z,lsm6dso acceleration sensor,4.0892963,1.0510546,2.2026656,3
712740689647447,2024-03-21T19:39:27.932Z,lsm6dso acceleration sensor,3.454833,0.91697925,2.1643584,3
712740699647447,2024-03-21T19:39:27.942Z,lsm6dso acceleration sensor,3.0669725,0.81642276,1.8435353,3
712740709647480,2024-03-21T19:39:27.952Z,lsm6dso acceleration sensor,3.0693667,0.7134721,1.6160861,3
712740719647480,2024-03-21T19:39:27.962Z,lsm6dso acceleration sensor,3.3327289,0.51235914,1.1875241,3
712740729647480,2024-03-21T19:39:27.972Z,lsm6dso acceleration sensor,3.53863,0.37588966,1.1492168,3
712740739647446,2024-03-21T19:39:27.983Z,lsm6dso acceleration sensor,4.0174704,0.32800564,1.163582,3
712740749647479,2024-03-21T19:39:27.992Z,lsm6dso acceleration sensor,4.414908,0.36870706,1.2258313,3
712740759646779,2024-03-21T19:39:28.003Z,lsm6dso acceleration sensor,5.5093575,0.32800564,1.4939818,3
712740769646779,2024-03-21T19:39:28.013Z,lsm6dso acceleration sensor,6.304232,0.24660277,1.8387469,3
712740779646779,2024-03-21T19:39:28.022Z,lsm6dso acceleration sensor,7.4414783,-0.016759412,2.5187001,3
712740789646779,2024-03-21T19:39:28.033Z,lsm6dso acceleration sensor,8.12622,-0.34715924,2.9951463,3
712740799646312,2024-03-21T19:39:28.042Z,lsm6dso acceleration sensor,8.803779,-0.8810662,3.5410242,3
712740809645645,2024-03-21T19:39:28.053Z,lsm6dso acceleration sensor,9.038411,-1.0893618,3.8019924,3
712740819644978,2024-03-21T19:39:28.063Z,lsm6dso acceleration sensor,9.416695,-1.5442601,4.295198,3
712740829644111,2024-03-21T19:39:28.073Z,lsm6dso acceleration sensor,9.574712,-1.7956513,4.477157,3
712740839643411,2024-03-21T19:39:28.082Z,lsm6dso acceleration sensor,9.974544,-2.0925324,4.6662993,3
712740849643444,2024-03-21T19:39:28.093Z,lsm6dso acceleration sensor,10.388741,-2.2409728,4.7070007,3
712740859643477,2024-03-21T19:39:28.103Z,lsm6dso acceleration sensor,11.166856,-2.4636335,4.367024,3
712740869643477,2024-03-21T19:39:28.113Z,lsm6dso acceleration sensor,11.688792,-2.5330653,4.0462008,3
712740879643477,2024-03-21T19:39:28.123Z,lsm6dso acceleration sensor,12.241853,-2.6791117,3.2130187,3
712740889643443,2024-03-21T19:39:28.133Z,lsm6dso acceleration sensor,12.344803,-2.7246015,2.8395233,3
712740899643409,2024-03-21T19:39:28.143Z,lsm6dso acceleration sensor,12.407052,-2.7700913,2.705448,3
712740909643442,2024-03-21T19:39:28.153Z,lsm6dso acceleration sensor,12.596194,-2.6599581,2.8921957,3
712740919643442,2024-03-21T19:39:28.162Z,lsm6dso acceleration sensor,12.816461,-2.0470424,3.311181,3
712740929642508,2024-03-21T19:39:28.172Z,lsm6dso acceleration sensor,12.823644,-1.4939818,3.5434184,3
712740939642508,2024-03-21T19:39:28.183Z,lsm6dso acceleration sensor,13.122919,-0.48123455,4.1012673,3
712740949642508,2024-03-21T19:39:28.192Z,lsm6dso acceleration sensor,13.415011,0.07182605,4.4603977,3
712740959642474,2024-03-21T19:39:28.203Z,lsm6dso acceleration sensor,14.025533,1.067814,4.8602295,3
712740969642507,2024-03-21T19:39:28.212Z,lsm6dso acceleration sensor,14.351144,1.3263878,5.370494,3
712740979642507,2024-03-21T19:39:28.222Z,lsm6dso acceleration sensor,13.467684,1.0007763,6.6178727,3
712740989642507,2024-03-21T19:39:28.233Z,lsm6dso acceleration sensor,11.8300495,0.5243302,7.094319,3
712740999642473,2024-03-21T19:39:28.242Z,lsm6dso acceleration sensor,9.277831,0.39264908,7.154174,3
712741009642473,2024-03-21T19:39:28.252Z,lsm6dso acceleration sensor,8.181287,0.6919243,6.890812,3
712741019642506,2024-03-21T19:39:28.263Z,lsm6dso acceleration sensor,6.658574,1.2569559,6.526893,3
712741029642506,2024-03-21T19:39:28.273Z,lsm6dso acceleration sensor,5.8397574,1.508347,6.2755017,3
712741039642506,2024-03-21T19:39:28.282Z,lsm6dso acceleration sensor,7.1230493,3.0597897,6.718429,3
712741049642472,2024-03-21T19:39:28.293Z,lsm6dso acceleration sensor,8.104672,4.050989,6.5891423,3
712741059643205,2024-03-21T19:39:28.303Z,lsm6dso acceleration sensor,8.9402485,4.9850273,6.6896987,3
712741069643238,2024-03-21T19:39:28.313Z,lsm6dso acceleration sensor,8.854057,5.2627544,6.7854667,3
712741079643238,2024-03-21T19:39:28.323Z,lsm6dso acceleration sensor,8.538023,5.4734445,7.0057335,3
712741089643238,2024-03-21T19:39:28.333Z,lsm6dso acceleration sensor,8.425495,4.879383,7.096713,3
712741099643671,2024-03-21T19:39:28.342Z,lsm6dso acceleration sensor,8.643368,3.1435869,7.6497736,3
712741109644337,2024-03-21T19:39:28.353Z,lsm6dso acceleration sensor,9.105449,2.1452048,7.1757216,3
712741119645037,2024-03-21T19:39:28.362Z,lsm6dso acceleration sensor,10.003274,0.4381389,6.5053453,3
712741129645770,2024-03-21T19:39:28.372Z,lsm6dso acceleration sensor,9.988909,-0.40462008,5.8780646,3
712741139646470,2024-03-21T19:39:28.382Z,lsm6dso acceleration sensor,9.457396,-1.3096284,4.7165775,3
712741149646403,2024-03-21T19:39:28.392Z,lsm6dso acceleration sensor,8.8684225,-1.4987702,4.331111,3
712741159646369,2024-03-21T19:39:28.403Z,lsm6dso acceleration sensor,7.5037274,-1.3551182,4.012682,3
712741169646402,2024-03-21T19:39:28.412Z,lsm6dso acceleration sensor,6.9099655,-1.0702082,3.6990416,3
712741179646435,2024-03-21T19:39:28.422Z,lsm6dso acceleration sensor,6.064812,-0.23702596,3.0119057,3
712741189646435,2024-03-21T19:39:28.432Z,lsm6dso acceleration sensor,5.930737,0.16998832,2.930503,3
712741199646435,2024-03-21T19:39:28.443Z,lsm6dso acceleration sensor,5.4016185,1.079785,2.3894134,3
712741209646401,2024-03-21T19:39:28.453Z,lsm6dso acceleration sensor,4.891354,1.4413095,0.9528923,3
712741219646434,2024-03-21T19:39:28.462Z,lsm6dso acceleration sensor,4.4220905,1.4437037,0.24660277,3
712741229647367,2024-03-21T19:39:28.473Z,lsm6dso acceleration sensor,4.3861775,1.1731589,0.59136784,3
712741239647367,2024-03-21T19:39:28.482Z,lsm6dso acceleration sensor,4.2161894,0.581791,0.62009823,3
712741249647367,2024-03-21T19:39:28.492Z,lsm6dso acceleration sensor,4.1515455,0.20829555,0.60812724,3
712741259647367,2024-03-21T19:39:28.503Z,lsm6dso acceleration sensor,4.417302,-0.1364695,0.9576807,3
712741269647333,2024-03-21T19:39:28.513Z,lsm6dso acceleration sensor,4.8817773,-0.14844051,1.2186487,3
712741279647366,2024-03-21T19:39:28.522Z,lsm6dso acceleration sensor,5.806238,0.016759412,1.6472107,3
712741289647399,2024-03-21T19:39:28.532Z,lsm6dso acceleration sensor,6.438308,0.20590134,1.9895816,3
712741299647399,2024-03-21T19:39:28.543Z,lsm6dso acceleration sensor,7.094319,0.5482722,2.5498247,3
712741309647365,2024-03-21T19:39:28.553Z,lsm6dso acceleration sensor,7.364864,0.7541735,2.846706,3
712741319647331,2024-03-21T19:39:28.563Z,lsm6dso acceleration sensor,7.7096286,1.0510546,3.289633,3
712741329647364,2024-03-21T19:39:28.573Z,lsm6dso acceleration sensor,7.8700404,1.2042835,3.3997664,3
712741339647364,2024-03-21T19:39:28.582Z,lsm6dso acceleration sensor,8.339304,1.3192052,3.4500446,3
712741349647364,2024-03-21T19:39:28.592Z,lsm6dso acceleration sensor,8.724771,1.3072342,3.514688,3
712741359647330,2024-03-21T19:39:28.602Z,lsm6dso acceleration sensor,9.419088,1.2976574,3.6870706,3
712741369647330,2024-03-21T19:39:28.612Z,lsm6dso acceleration sensor,9.672874,1.2808979,3.7469256,3
712741379647363,2024-03-21T19:39:28.622Z,lsm6dso acceleration sensor,9.976937,1.448492,3.8115692,3
712741389647363,2024-03-21T19:39:28.633Z,lsm6dso acceleration sensor,10.053553,1.541866,3.833117,3
712741399647363,2024-03-21T19:39:28.643Z,lsm6dso acceleration sensor,10.122984,1.6927006,4.072537,3
712741409647363,2024-03-21T19:39:28.652Z,lsm6dso acceleration sensor,10.125379,1.8267759,4.187459,3
712741419647329,2024-03-21T19:39:28.662Z,lsm6dso acceleration sensor,10.206781,2.1188686,4.268862,3
712741429647295,2024-03-21T19:39:28.673Z,lsm6dso acceleration sensor,10.350433,2.3056161,4.295198,3
712741439647328,2024-03-21T19:39:28.683Z,lsm6dso acceleration sensor,10.905888,2.6408045,4.3382936,3
712741449647328,2024-03-21T19:39:28.693Z,lsm6dso acceleration sensor,11.504438,2.7222073,4.3837833,3
712741459647328,2024-03-21T19:39:28.702Z,lsm6dso acceleration sensor,12.660838,2.5570073,4.2305546,3
712741469647294,2024-03-21T19:39:28.712Z,lsm6dso acceleration sensor,13.237841,2.27928,4.1036615,3
712741479647294,2024-03-21T19:39:28.723Z,lsm6dso acceleration sensor,13.917794,1.42455,3.9791632,3
712741489647327,2024-03-21T19:39:28.732Z,lsm6dso acceleration sensor,14.044686,0.7158663,4.027047,3
712741499647327,2024-03-21T19:39:28.742Z,lsm6dso acceleration sensor,13.585,-0.6823475,4.55856,3
712741509647327,2024-03-21T19:39:28.752Z,lsm6dso acceleration sensor,13.16362,-1.2545617,5.207688,3
712741519647293,2024-03-21T19:39:28.763Z,lsm6dso acceleration sensor,12.222699,-2.0254946,6.5819597,3
712741529647326,2024-03-21T19:39:28.772Z,lsm6dso acceleration sensor,11.396699,-2.267309,7.0320697,3
712741539647359,2024-03-21T19:39:28.783Z,lsm6dso acceleration sensor,9.296985,-2.042254,6.383241,3
712741549647359,2024-03-21T19:39:28.793Z,lsm6dso acceleration sensor,8.796597,-1.8028339,6.6992755,3
712741559647359,2024-03-21T19:39:28.803Z,lsm6dso acceleration sensor,7.1398087,-2.2361844,7.984962,3
712741569647359,2024-03-21T19:39:28.812Z,lsm6dso acceleration sensor,6.244377,-2.5115175,7.963414,3
712741579647325,2024-03-21T19:39:28.823Z,lsm6dso acceleration sensor,5.6075196,-2.846706,7.9658084,3
712741589647325,2024-03-21T19:39:28.833Z,lsm6dso acceleration sensor,6.2491655,-2.9759927,7.9801736,3
712741599647358,2024-03-21T19:39:28.843Z,lsm6dso acceleration sensor,10.585065,-2.9735985,7.1517797,3
712741609647358,2024-03-21T19:39:28.852Z,lsm6dso acceleration sensor,12.960114,-2.789245,6.4814034,3
712741619647358,2024-03-21T19:39:28.863Z,lsm6dso acceleration sensor,15.294759,-2.2290018,5.720047,3
712741629647324,2024-03-21T19:39:28.872Z,lsm6dso acceleration sensor,14.631266,-1.8866309,6.354511,3
712741639647357,2024-03-21T19:39:28.882Z,lsm6dso acceleration sensor,12.440571,-1.079785,7.628226,3
712741649647390,2024-03-21T19:39:28.893Z,lsm6dso acceleration sensor,11.039964,-0.40701428,8.052,3
712741659647390,2024-03-21T19:39:28.903Z,lsm6dso acceleration sensor,8.779837,0.6823475,8.2555065,3
712741669647356,2024-03-21T19:39:28.912Z,lsm6dso acceleration sensor,8.075942,1.127669,8.011298,3
712741679647322,2024-03-21T19:39:28.922Z,lsm6dso acceleration sensor,7.242759,1.3862427,7.096713,3
712741689647355,2024-03-21T19:39:28.932Z,lsm6dso acceleration sensor,7.642591,1.1659763,6.467038,3
712741699647355,2024-03-21T19:39:28.942Z,lsm6dso acceleration sensor,8.178892,0.60812724,4.331111,3
712741709647355,2024-03-21T19:39:28.952Z,lsm6dso acceleration sensor,8.293814,0.47884035,3.5003228,3
712741719647355,2024-03-21T19:39:28.962Z,lsm6dso acceleration sensor,8.052,0.22744916,2.6910827,3
712741729647355,2024-03-21T19:39:28.973Z,lsm6dso acceleration sensor,7.5516114,0.19393034,2.3127987,3
712741739646621,2024-03-21T19:39:28.983Z,lsm6dso acceleration sensor,6.359299,0.32561144,1.9321208,3
712741749646187,2024-03-21T19:39:28.992Z,lsm6dso acceleration sensor,5.4830213,0.34476504,1.5753847,3
712741759646187,2024-03-21T19:39:29.003Z,lsm6dso acceleration sensor,4.2640734,0.29209262,1.4077905,3
712741769646187,2024-03-21T19:39:29.013Z,lsm6dso acceleration sensor,3.7541082,0.22026655,1.4053963,3
712741779646153,2024-03-21T19:39:29.023Z,lsm6dso acceleration sensor,3.5051112,0.15322891,1.1061212,3
712741789646119,2024-03-21T19:39:29.033Z,lsm6dso acceleration sensor,3.5817258,0.17717093,0.94570965,3
712741799645719,2024-03-21T19:39:29.043Z,lsm6dso acceleration sensor,3.8379054,0.19632454,0.8762778,3
712741809645719,2024-03-21T19:39:29.052Z,lsm6dso acceleration sensor,4.024653,0.23223756,1.0462662,3
712741819645719,2024-03-21T19:39:29.062Z,lsm6dso acceleration sensor,4.501099,0.36631286,1.520318,3
712741829645685,2024-03-21T19:39:29.072Z,lsm6dso acceleration sensor,4.7788267,0.39025488,1.7238252,3
712741839645685,2024-03-21T19:39:29.083Z,lsm6dso acceleration sensor,5.444714,0.2896984,1.9919758,3
712741849645718,2024-03-21T19:39:29.092Z,lsm6dso acceleration sensor,5.8421516,0.16759412,2.1092918,3
712741859645718,2024-03-21T19:39:29.102Z,lsm6dso acceleration sensor,6.5556235,-0.016759412,2.3127987,3
712741869645018,2024-03-21T19:39:29.113Z,lsm6dso acceleration sensor,6.9722147,-0.062249243,2.3989902,3
712741879644318,2024-03-21T19:39:29.123Z,lsm6dso acceleration sensor,7.501333,-0.17477672,2.597709,3
712741889644284,2024-03-21T19:39:29.132Z,lsm6dso acceleration sensor,7.7215996,-0.18195933,2.707842,3
712741899644250,2024-03-21T19:39:29.142Z,lsm6dso acceleration sensor,8.166922,-0.20590134,2.8275523,3
712741909644283,2024-03-21T19:39:29.153Z,lsm6dso acceleration sensor,8.432677,-0.23223756,2.908955,3
712741919644283,2024-03-21T19:39:29.163Z,lsm6dso acceleration sensor,8.789413,-0.47165772,3.25372,3
712741929644283,2024-03-21T19:39:29.172Z,lsm6dso acceleration sensor,8.968979,-0.6655881,3.5051112,3
712741939643516,2024-03-21T19:39:29.183Z,lsm6dso acceleration sensor,9.634567,-1.2018893,4.010288,3
712741949643716,2024-03-21T19:39:29.192Z,lsm6dso acceleration sensor,10.245089,-1.5059528,4.156334,3
712741959643749,2024-03-21T19:39:29.202Z,lsm6dso acceleration sensor,11.298537,-1.9728222,4.0174704,3
712741969643749,2024-03-21T19:39:29.212Z,lsm6dso acceleration sensor,11.822867,-2.243367,3.7062242,3
712741979643749,2024-03-21T19:39:29.223Z,lsm6dso acceleration sensor,12.816461,-2.7341783,3.2321723,3
712741989643715,2024-03-21T19:39:29.232Z,lsm6dso acceleration sensor,13.194745,-2.9903579,3.2441432,3
712741999643715,2024-03-21T19:39:29.243Z,lsm6dso acceleration sensor,13.240234,-3.25372,3.4883518,3
712742009644015,2024-03-21T19:39:29.252Z,lsm6dso acceleration sensor,13.118131,-3.2225955,3.526659,3
712742019644015,2024-03-21T19:39:29.263Z,lsm6dso acceleration sensor,13.084612,-2.6647465,3.5290532,3
712742029644015,2024-03-21T19:39:29.272Z,lsm6dso acceleration sensor,13.357551,-2.0638018,3.6391866,3
712742039644715,2024-03-21T19:39:29.282Z,lsm6dso acceleration sensor,13.891458,-0.47405192,4.1922474,3
712742049645148,2024-03-21T19:39:29.293Z,lsm6dso acceleration sensor,13.434165,0.34715924,4.31914,3
712742059645148,2024-03-21T19:39:29.303Z,lsm6dso acceleration sensor,12.828432,1.0749966,4.793192,3
712742069645148,2024-03-21T19:39:29.312Z,lsm6dso acceleration sensor,12.840403,0.94810385,5.382465,3
712742079645148,2024-03-21T19:39:29.323Z,lsm6dso acceleration sensor,11.75583,0.31603462,6.074389,3
712742089645148,2024-03-21T19:39:29.333Z,lsm6dso acceleration sensor,10.300155,0.08140286,6.083966,3
712742099645548,2024-03-21T19:39:29.342Z,lsm6dso acceleration sensor,7.5635824,0.48602295,5.660192,3
712742109645548,2024-03-21T19:39:29.352Z,lsm6dso acceleration sensor,6.706458,1.0390835,5.5309052,3
712742119645848,2024-03-21T19:39:29.362Z,lsm6dso acceleration sensor,6.3377514,1.9967642,5.56203,3
712742129645848,2024-03-21T19:39:29.372Z,lsm6dso acceleration sensor,6.7112465,2.5019407,5.729624,3
712742139645814,2024-03-21T19:39:29.382Z,lsm6dso acceleration sensor,9.076718,3.5458126,6.0073514,3
712742149645780,2024-03-21T19:39:29.392Z,lsm6dso acceleration sensor,10.316915,3.9073372,6.0672064,3
712742159645780,2024-03-21T19:39:29.403Z,lsm6dso acceleration sensor,11.521198,3.928885,6.390424,3
712742169646480,2024-03-21T19:39:29.412Z,lsm6dso acceleration sensor,11.518804,3.526659,6.905177,3
712742179647180,2024-03-21T19:39:29.423Z,lsm6dso acceleration sensor,11.042357,2.2098482,7.640197,3
712742189647180,2024-03-21T19:39:29.432Z,lsm6dso acceleration sensor,10.829273,1.292869,7.4223247,3
712742199647180,2024-03-21T19:39:29.442Z,lsm6dso acceleration sensor,10.944195,-0.35673606,6.8956003,3
712742209647146,2024-03-21T19:39:29.453Z,lsm6dso acceleration sensor,10.697593,-1.3694834,6.526893,3
712742219647146,2024-03-21T19:39:29.462Z,lsm6dso acceleration sensor,10.072706,-2.3894134,5.0353055,3
712742229647146,2024-03-21T19:39:29.473Z,lsm6dso acceleration sensor,9.574712,-2.695871,4.367024,3
712742239647879,2024-03-21T19:39:29.483Z,lsm6dso acceleration sensor,8.329727,-2.4396915,3.799598,3
712742249647645,2024-03-21T19:39:29.492Z,lsm6dso acceleration sensor,7.728782,-2.0805612,3.7445314,3
712742259647911,2024-03-21T19:39:29.503Z,lsm6dso acceleration sensor,6.6849103,-1.2976574,3.3327289,3
712742269647911,2024-03-21T19:39:29.512Z,lsm6dso acceleration sensor,6.1557918,-0.8571242,2.315193,3
712742279647911,2024-03-21T19:39:29.523Z,lsm6dso acceleration sensor,5.432743,-0.023942016,0.7422025,3
712742289647911,2024-03-21T19:39:29.533Z,lsm6dso acceleration sensor,4.956297,0.25139117,-0.81881696,3
712742299647911,2024-03-21T19:39:29.542Z,lsm6dso acceleration sensor,4.4125137,0.24181437,-1.4149733,3
712742309647611,2024-03-21T19:39:29.552Z,lsm6dso acceleration sensor,4.1371803,0.19153613,-1.0989386,3
712742319647611,2024-03-21T19:39:29.562Z,lsm6dso acceleration sensor,3.6152446,0.19632454,-0.56982,3
712742329647611,2024-03-21T19:39:29.572Z,lsm6dso acceleration sensor,3.5482068,0.24181437,-0.06943185,3
712742339647611,2024-03-21T19:39:29.583Z,lsm6dso acceleration sensor,4.1371803,0.39983168,1.0510546,3
712742349647611,2024-03-21T19:39:29.592Z,lsm6dso acceleration sensor,4.7668557,0.50278234,1.6903064,3
712742359647611,2024-03-21T19:39:29.603Z,lsm6dso acceleration sensor,5.92116,0.59136784,2.3942018,3
712742369647844,2024-03-21T19:39:29.613Z,lsm6dso acceleration sensor,6.4502788,0.60094464,2.6982653,3
712742379647844,2024-03-21T19:39:29.623Z,lsm6dso acceleration sensor,7.218817,0.581791,3.1004913,3
712742389647844,2024-03-21T19:39:29.632Z,lsm6dso acceleration sensor,7.4821796,0.5746084,3.2465374,3
712742399647844,2024-03-21T19:39:29.643Z,lsm6dso acceleration sensor,7.774272,0.6871359,3.4165258,3
712742409647844,2024-03-21T19:39:29.652Z,lsm6dso acceleration sensor,7.8580694,0.7613561,3.3494883,3
712742419647544,2024-03-21T19:39:29.662Z,lsm6dso acceleration sensor,8.193257,0.9696517,2.9041667,3
712742429647544,2024-03-21T19:39:29.672Z,lsm6dso acceleration sensor,8.408735,1.0462662,2.5833437,3
712742439647544,2024-03-21T19:39:29.682Z,lsm6dso acceleration sensor,8.633791,1.1420342,2.3104045,3
712742449647544,2024-03-21T19:39:29.692Z,lsm6dso acceleration sensor,8.602666,1.1563994,2.2720973,3
712742459647544,2024-03-21T19:39:29.702Z,lsm6dso acceleration sensor,8.676887,1.0989386,2.372654,3
712742469647544,2024-03-21T19:39:29.712Z,lsm6dso acceleration sensor,8.93546,1.0749966,2.4612393,3
712742479647544,2024-03-21T19:39:29.722Z,lsm6dso acceleration sensor,9.457396,1.0630256,2.7844565,3
712742489647544,2024-03-21T19:39:29.732Z,lsm6dso acceleration sensor,9.742306,1.0726024,3.1172507,3
712742499647544,2024-03-21T19:39:29.743Z,lsm6dso acceleration sensor,10.201993,0.9888053,3.7445314,3
712742509647810,2024-03-21T19:39:29.753Z,lsm6dso acceleration sensor,10.316915,0.9792285,4.1371803,3
712742519647810,2024-03-21T19:39:29.763Z,lsm6dso acceleration sensor,9.859622,1.1587936,5.028123,3
712742529647810,2024-03-21T19:39:29.773Z,lsm6dso acceleration sensor,10.0751,1.3144168,5.296273,3
712742539647810,2024-03-21T19:39:29.782Z,lsm6dso acceleration sensor,11.207558,1.4508862,5.2005053,3
712742549648043,2024-03-21T19:39:29.793Z,lsm6dso acceleration sensor,12.126931,1.3215994,4.745308,3
712742559647743,2024-03-21T19:39:29.803Z,lsm6dso acceleration sensor,13.68795,0.581791,4.173094,3
712742569647743,2024-03-21T19:39:29.813Z,lsm6dso acceleration sensor,14.573805,0.21787235,4.158728,3
712742579647743,2024-03-21T19:39:29.823Z,lsm6dso acceleration sensor,14.494797,-0.8331822,4.381389,3
712742589647743,2024-03-21T19:39:29.832Z,lsm6dso acceleration sensor,14.099753,-1.2090719,4.6830587,3
712742599647743,2024-03-21T19:39:29.843Z,lsm6dso acceleration sensor,13.46529,-1.5514427,6.036082,3
712742609647976,2024-03-21T19:39:29.852Z,lsm6dso acceleration sensor,12.859556,-1.6304513,6.335357,3
712742619648242,2024-03-21T19:39:29.862Z,lsm6dso acceleration sensor,10.989685,-1.5945383,5.9977746,3
712742629648242,2024-03-21T19:39:29.872Z,lsm6dso acceleration sensor,10.659286,-1.5729905,6.8381395,3
712742639648242,2024-03-21T19:39:29.883Z,lsm6dso acceleration sensor,8.660127,-2.0159178,8.396765,3
712742649648242,2024-03-21T19:39:29.892Z,lsm6dso acceleration sensor,7.355287,-2.3750482,8.418312,3
712742659648242,2024-03-21T19:39:29.903Z,lsm6dso acceleration sensor,5.645827,-2.753332,7.592313,3
712742669648008,2024-03-21T19:39:29.912Z,lsm6dso acceleration sensor,5.8541226,-2.8993783,7.273884,3
712742679648008,2024-03-21T19:39:29.923Z,lsm6dso acceleration sensor,9.069535,-3.205836,7.156568,3
712742689648008,2024-03-21T19:39:29.932Z,lsm6dso acceleration sensor,11.578659,-3.1531637,7.307403,3
712742699648008,2024-03-21T19:39:29.942Z,lsm6dso acceleration sensor,13.975255,-2.767697,7.723994,3
712742709648008,2024-03-21T19:39:29.953Z,lsm6dso acceleration sensor,13.666403,-2.5474305,7.573159,3
712742719648008,2024-03-21T19:39:29.963Z,lsm6dso acceleration sensor,11.475708,-1.8483237,7.1469913,3
712742729648008,2024-03-21T19:39:29.972Z,lsm6dso acceleration sensor,10.506057,-1.3814543,7.2571244,3
712742739648008,2024-03-21T19:39:29.983Z,lsm6dso acceleration sensor,8.791808,-0.59615624,7.573159,3
712742749648008,2024-03-21T19:39:29.993Z,lsm6dso acceleration sensor,8.219594,-0.3184288,7.759907,3
712742759648274,2024-03-21T19:39:30.002Z,lsm6dso acceleration sensor,8.2315645,0.21068975,7.230788,3
712742769648274,2024-03-21T19:39:30.012Z,lsm6dso acceleration sensor,8.487744,0.35673606,6.8525047,3
712742779648274,2024-03-21T19:39:30.023Z,lsm6dso acceleration sensor,8.475773,0.1436521,5.743989,3
712742789648274,2024-03-21T19:39:30.033Z,lsm6dso acceleration sensor,8.358458,0.11731588,5.0017867,3
712742799648274,2024-03-21T19:39:30.043Z,lsm6dso acceleration sensor,8.150162,-0.007182605,4.7548847,3
712742809648007,2024-03-21T19:39:30.053Z,lsm6dso acceleration sensor,7.7862434,-0.11492168,4.747702,3
712742819648007,2024-03-21T19:39:30.062Z,lsm6dso acceleration sensor,6.632238,-0.2657564,3.7972038,3
712742829648007,2024-03-21T19:39:30.072Z,lsm6dso acceleration sensor,5.954679,-0.35913026,3.1268275,3
712742839648007,2024-03-21T19:39:30.083Z,lsm6dso acceleration sensor,4.8267107,-0.47405192,2.1452048,3
712742849647773,2024-03-21T19:39:30.092Z,lsm6dso acceleration sensor,4.213795,-0.5291186,1.7501614,3
712742859647773,2024-03-21T19:39:30.103Z,lsm6dso acceleration sensor,3.5218706,-0.5602432,0.94331545,3
712742869648039,2024-03-21T19:39:30.113Z,lsm6dso acceleration sensor,3.4165258,-0.49799395,0.58657944,3
712742879648039,2024-03-21T19:39:30.122Z,lsm6dso acceleration sensor,3.667917,-0.33279404,0.09816227,3
712742889648039,2024-03-21T19:39:30.133Z,lsm6dso acceleration sensor,3.9552212,-0.20350714,0.01436521,3
712742899648039,2024-03-21T19:39:30.142Z,lsm6dso acceleration sensor,4.4316673,-0.0047884034,0.16998832,3
712742909647805,2024-03-21T19:39:30.152Z,lsm6dso acceleration sensor,4.6926355,-0.02633622,0.4429273,3
712742919647538,2024-03-21T19:39:30.162Z,lsm6dso acceleration sensor,4.817134,-0.25617957,1.3503298,3
712742929647538,2024-03-21T19:39:30.173Z,lsm6dso acceleration sensor,4.673482,-0.533907,2.0350714,3
712742939647538,2024-03-21T19:39:30.182Z,lsm6dso acceleration sensor,4.675876,-0.94092125,2.4995465,3
712742949647538,2024-03-21T19:39:30.192Z,lsm6dso acceleration sensor,5.3920417,-1.0055647,2.4827871,3
712742959647538,2024-03-21T19:39:30.203Z,lsm6dso acceleration sensor,7.7814546,-0.9792285,2.504335,3
712742969647538,2024-03-21T19:39:30.212Z,lsm6dso acceleration sensor,8.69604,-0.94331545,2.8395233,3
712742979647538,2024-03-21T19:39:30.223Z,lsm6dso acceleration sensor,9.110237,-0.8499416,3.6703112,3
712742989647538,2024-03-21T19:39:30.233Z,lsm6dso acceleration sensor,8.990526,-0.770933,3.8115692,3
712742999647538,2024-03-21T19:39:30.243Z,lsm6dso acceleration sensor,9.318532,-0.7230489,4.015076,3
712743009647771,2024-03-21T19:39:30.253Z,lsm6dso acceleration sensor,9.737517,-0.7637503,4.3263226,3
712743019647771,2024-03-21T19:39:30.262Z,lsm6dso acceleration sensor,10.673651,-1.0127473,4.795586,3
712743029647771,2024-03-21T19:39:30.272Z,lsm6dso acceleration sensor,11.437401,-1.3000516,4.8841715,3
712743039647771,2024-03-21T19:39:30.283Z,lsm6dso acceleration sensor,12.938565,-1.8387469,4.501099,3
712743049647771,2024-03-21T19:39:30.292Z,lsm6dso acceleration sensor,13.496414,-2.0901382,4.039018,3
712743059647504,2024-03-21T19:39:30.303Z,lsm6dso acceleration sensor,13.910611,-2.6024973,3.514688,3
712743069647504,2024-03-21T19:39:30.312Z,lsm6dso acceleration sensor,13.683162,-2.906561,3.5769374,3
712743079647504,2024-03-21T19:39:30.322Z,lsm6dso acceleration sensor,13.151649,-3.1555579,4.0892963,3
712743089647504,2024-03-21T19:39:30.333Z,lsm6dso acceleration sensor,12.770971,-3.074155,4.1491513,3
712743099647504,2024-03-21T19:39:30.343Z,lsm6dso acceleration sensor,12.328044,-2.432509,4.271256,3
712743109647504,2024-03-21T19:39:30.352Z,lsm6dso acceleration sensor,12.16045,-1.934515,4.4244847,3
712743119647770,2024-03-21T19:39:30.363Z,lsm6dso acceleration sensor,11.856386,-1.0390835,4.5633483,3
712743129647770,2024-03-21T19:39:30.373Z,lsm6dso acceleration sensor,12.330438,-0.49320555,4.8099513,3
712743139647770,2024-03-21T19:39:30.383Z,lsm6dso acceleration sensor,13.754988,0.18435353,5.945102,3
712743149647770,2024-03-21T19:39:30.393Z,lsm6dso acceleration sensor,13.496414,0.2777274,6.088754,3
712743159647770,2024-03-21T19:39:30.403Z,lsm6dso acceleration sensor,10.46296,0.4213795,5.8541226,3
712743169647503,2024-03-21T19:39:30.413Z,lsm6dso acceleration sensor,9.299378,0.8619126,6.392818,3
712743179647503,2024-03-21T19:39:30.422Z,lsm6dso acceleration sensor,8.212411,1.7884687,7.2595186,3
712743189647503,2024-03-21T19:39:30.432Z,lsm6dso acceleration sensor,7.508516,2.2768857,7.31698,3
712743199647503,2024-03-21T19:39:30.443Z,lsm6dso acceleration sensor,6.586748,2.8179753,7.606678,3
712743209647503,2024-03-21T19:39:30.453Z,lsm6dso acceleration sensor,6.419154,2.9616275,7.891588,3
712743219647503,2024-03-21T19:39:30.462Z,lsm6dso acceleration sensor,7.3026147,3.1555579,8.193257,3
712743229647503,2024-03-21T19:39:30.473Z,lsm6dso acceleration sensor,8.195652,3.2561142,7.901165,3
712743239647503,2024-03-21T19:39:30.482Z,lsm6dso acceleration sensor,9.739912,3.098097,7.218817,3
712743249647736,2024-03-21T19:39:30.492Z,lsm6dso acceleration sensor,10.410288,2.954445,7.0057335,3
712743259647969,2024-03-21T19:39:30.502Z,lsm6dso acceleration sensor,11.466131,2.0949266,6.950667,3
712743269647969,2024-03-21T19:39:30.512Z,lsm6dso acceleration sensor,11.45416,1.3742718,6.9434843,3
712743279647969,2024-03-21T19:39:30.522Z,lsm6dso acceleration sensor,10.4845085,0.30645782,6.1893106,3
712743289647969,2024-03-21T19:39:30.533Z,lsm6dso acceleration sensor,9.725547,-0.30645782,5.660192,3
712743299647969,2024-03-21T19:39:30.542Z,lsm6dso acceleration sensor,8.921095,-0.8355764,5.174169,3
712743309647969,2024-03-21T19:39:30.552Z,lsm6dso acceleration sensor,8.595484,-0.8571242,4.781221,3
712743319647969,2024-03-21T19:39:30.562Z,lsm6dso acceleration sensor,7.8820114,-0.37828386,3.620033,3
712743329647969,2024-03-21T19:39:30.573Z,lsm6dso acceleration sensor,7.5396404,0.090979666,3.2345665,3
712743339647969,2024-03-21T19:39:30.583Z,lsm6dso acceleration sensor,6.8261685,0.866701,2.753332,3
712743349647969,2024-03-21T19:39:30.592Z,lsm6dso acceleration sensor,6.256348,1.2234371,2.3415294,3
712743359647969,2024-03-21T19:39:30.603Z,lsm6dso acceleration sensor,5.1909285,1.484405,1.6591818,3
712743369648035,2024-03-21T19:39:30.613Z,lsm6dso acceleration sensor,4.793192,1.4867992,1.5227122,3
712743379648035,2024-03-21T19:39:30.622Z,lsm6dso acceleration sensor,4.4077253,1.3311762,1.5155296,3
712743389648035,2024-03-21T19:39:30.632Z,lsm6dso acceleration sensor,4.2904096,1.1611878,1.508347,3
712743399648035,2024-03-21T19:39:30.642Z,lsm6dso acceleration sensor,4.1922474,0.7781156,1.4197617,3
712743409648035,2024-03-21T19:39:30.653Z,lsm6dso acceleration sensor,4.256891,0.48602295,1.0390835,3
712743419647768,2024-03-21T19:39:30.662Z,lsm6dso acceleration sensor,4.5058875,-0.093373865,1.5945383,3
712743429647768,2024-03-21T19:39:30.672Z,lsm6dso acceleration sensor,4.6016555,-0.15083471,1.8770541,3
712743439647768,2024-03-21T19:39:30.683Z,lsm6dso acceleration sensor,4.606444,0.074220255,1.5682021,3
712743449647768,2024-03-21T19:39:30.692Z,lsm6dso acceleration sensor,4.771644,0.19871874,1.3623008,3
712743459647768,2024-03-21T19:39:30.703Z,lsm6dso acceleration sensor,5.767931,0.5650316,1.340753,3
712743469647768,2024-03-21T19:39:30.713Z,lsm6dso acceleration sensor,6.076783,0.7134721,1.496376,3
712743479647768,2024-03-21T19:39:30.722Z,lsm6dso acceleration sensor,6.378453,1.079785,1.910573,3
712743489647768,2024-03-21T19:39:30.733Z,lsm6dso acceleration sensor,6.61069,1.2282255,2.0566192,3
712743499647768,2024-03-21T19:39:30.743Z,lsm6dso acceleration sensor,7.340922,1.3215994,2.2529438,3
712743509648034,2024-03-21T19:39:30.752Z,lsm6dso acceleration sensor,7.7862434,1.3862427,2.2960393,3
712743519648034,2024-03-21T19:39:30.762Z,lsm6dso acceleration sensor,8.875605,1.3670892,2.5258827,3
712743529648034,2024-03-21T19:39:30.772Z,lsm6dso acceleration sensor,9.4143,1.340753,2.6599581,3
712743539648034,2024-03-21T19:39:30.783Z,lsm6dso acceleration sensor,9.869199,1.3575124,2.7988217,3
712743549647800,2024-03-21T19:39:30.792Z,lsm6dso acceleration sensor,9.893141,1.4101849,2.908955,3
712743559647566,2024-03-21T19:39:30.803Z,lsm6dso acceleration sensor,9.749489,1.5634137,3.4500446,3
712743569647566,2024-03-21T19:39:30.812Z,lsm6dso acceleration sensor,9.605837,1.7286136,3.8594532,3
712743579647566,2024-03-21T19:39:30.822Z,lsm6dso acceleration sensor,9.313744,2.066196,4.6136265,3
712743589647566,2024-03-21T19:39:30.832Z,lsm6dso acceleration sensor,9.428665,2.2960393,5.0951605,3
712743599647566,2024-03-21T19:39:30.842Z,lsm6dso acceleration sensor,9.921871,2.681506,5.734412,3
712743609647332,2024-03-21T19:39:30.852Z,lsm6dso acceleration sensor,10.312126,2.8754363,5.729624,3
712743619647598,2024-03-21T19:39:30.862Z,lsm6dso acceleration sensor,11.712734,2.8778305,5.2172647,3
712743629647598,2024-03-21T19:39:30.873Z,lsm6dso acceleration sensor,12.579435,2.681506,4.8626237,3
712743639647598,2024-03-21T19:39:30.883Z,lsm6dso acceleration sensor,14.533104,1.6927006,4.3526587,3
712743649647598,2024-03-21T19:39:30.893Z,lsm6dso acceleration sensor,15.357008,0.9959879,4.3742065,3
712743659647598,2024-03-21T19:39:30.902Z,lsm6dso acceleration sensor,15.570092,-0.24660277,5.2124763,3
712743669647531,2024-03-21T19:39:30.913Z,lsm6dso acceleration sensor,15.304336,-0.85473,6.060024,3
712743679647531,2024-03-21T19:39:30.922Z,lsm6dso acceleration sensor,14.406211,-0.9672575,6.9123597,3
712743689647764,2024-03-21T19:39:30.932Z,lsm6dso acceleration sensor,13.13489,-0.5650316,6.5173163,3
712743699647764,2024-03-21T19:39:30.943Z,lsm6dso acceleration sensor,9.83568,-0.21787235,7.700052,3
712743709647764,2024-03-21T19:39:30.952Z,lsm6dso acceleration sensor,7.568371,-0.58657944,9.1868515,3
712743719647764,2024-03-21T19:39:30.963Z,lsm6dso acceleration sensor,5.2651486,-0.93373865,8.681675,3
712743729647764,2024-03-21T19:39:30.972Z,lsm6dso acceleration sensor,5.645827,-1.2521675,8.135797,3
712743739647764,2024-03-21T19:39:30.982Z,lsm6dso acceleration sensor,9.344869,-2.1643584,8.561965,3
712743749648030,2024-03-21T19:39:30.993Z,lsm6dso acceleration sensor,11.552322,-2.6312277,8.415918,3
712743759648296,2024-03-21T19:39:31.003Z,lsm6dso acceleration sensor,14.027927,-3.0693667,8.013692,3
712743769648296,2024-03-21T19:39:31.012Z,lsm6dso acceleration sensor,14.018351,-3.0885203,8.075942,3
712743779648296,2024-03-21T19:39:31.022Z,lsm6dso acceleration sensor,11.52838,-2.645593,7.4414783,3
712743789648296,2024-03-21T19:39:31.032Z,lsm6dso acceleration sensor,10.467749,-2.231396,7.276278,3
712743799648296,2024-03-21T19:39:31.042Z,lsm6dso acceleration sensor,8.885181,-1.2066777,7.7670894,3
712743809648029,2024-03-21T19:39:31.053Z,lsm6dso acceleration sensor,8.121431,-0.3878607,7.544429,3
712743819648029,2024-03-21T19:39:31.062Z,lsm6dso acceleration sensor,7.4295073,0.7038953,6.802226,3
712743829648029,2024-03-21T19:39:31.073Z,lsm6dso acceleration sensor,7.609072,1.5298948,5.988198,3
712743839648029,2024-03-21T19:39:31.083Z,lsm6dso acceleration sensor,7.7982144,2.2625206,5.3106384,3
712743849648029,2024-03-21T19:39:31.092Z,lsm6dso acceleration sensor,7.738359,2.4061728,4.417302,3
712743859648029,2024-03-21T19:39:31.103Z,lsm6dso acceleration sensor,7.460632,2.315193,3.4596214,3
712743869648262,2024-03-21T19:39:31.112Z,lsm6dso acceleration sensor,7.2236056,2.1739352,3.1316159,3
712743879648262,2024-03-21T19:39:31.122Z,lsm6dso acceleration sensor,6.2850785,1.7429788,2.8443117,3
712743889648495,2024-03-21T19:39:31.133Z,lsm6dso acceleration sensor,5.372888,1.352724,2.657564,3
712743899648495,2024-03-21T19:39:31.142Z,lsm6dso acceleration sensor,4.2784386,0.6536171,2.3104045,3
712743909648495,2024-03-21T19:39:31.153Z,lsm6dso acceleration sensor,4.0462008,0.35194764,2.2337902,3
712743919648228,2024-03-21T19:39:31.163Z,lsm6dso acceleration sensor,3.7565024,0.0023942017,2.1643584,3
712743929648228,2024-03-21T19:39:31.172Z,lsm6dso acceleration sensor,3.5865142,-0.11252748,2.0350714,3
712743939648228,2024-03-21T19:39:31.183Z,lsm6dso acceleration sensor,3.430891,-0.18914193,1.7669208,3
712743949648228,2024-03-21T19:39:31.192Z,lsm6dso acceleration sensor,3.5625722,-0.16998832,1.6136919,3
712743959648228,2024-03-21T19:39:31.202Z,lsm6dso acceleration sensor,4.1922474,-0.08619126,1.364695,3
712743969648228,2024-03-21T19:39:31.213Z,lsm6dso acceleration sensor,4.630386,0.009576807,1.2641385,3
712743979648228,2024-03-21T19:39:31.222Z,lsm6dso acceleration sensor,5.332186,0.17238252,1.496376,3
712743989647994,2024-03-21T19:39:31.232Z,lsm6dso acceleration sensor,5.7128644,0.20111294,1.7836803,3
712743999647994,2024-03-21T19:39:31.242Z,lsm6dso acceleration sensor,6.3760586,0.17477672,2.2888567,3
712744009648260,2024-03-21T19:39:31.253Z,lsm6dso acceleration sensor,6.8141975,0.10295067,2.4875755,3
712744019648260,2024-03-21T19:39:31.263Z,lsm6dso acceleration sensor,7.4319015,-0.16280572,2.743755,3
712744029648260,2024-03-21T19:39:31.273Z,lsm6dso acceleration sensor,7.70484,-0.32800564,2.8514943,3
712744039648260,2024-03-21T19:39:31.283Z,lsm6dso acceleration sensor,8.020875,-0.59376204,3.205836,3
712744049647993,2024-03-21T19:39:31.292Z,lsm6dso acceleration sensor,8.176498,-0.6847417,3.3303347,3
712744059647726,2024-03-21T19:39:31.302Z,lsm6dso acceleration sensor,8.700829,-0.90740246,3.454833,3
712744069647726,2024-03-21T19:39:31.312Z,lsm6dso acceleration sensor,9.249101,-0.94810385,3.58412,3
712744079647726,2024-03-21T19:39:31.322Z,lsm6dso acceleration sensor,10.230723,-0.8762778,3.9432502,3
712744089647726,2024-03-21T19:39:31.333Z,lsm6dso acceleration sensor,10.745477,-0.81163436,4.1611223,3
712744099647726,2024-03-21T19:39:31.343Z,lsm6dso acceleration sensor,11.322479,-0.79726917,4.4196963,3
712744109647726,2024-03-21T19:39:31.352Z,lsm6dso acceleration sensor,11.425429,-0.93613285,4.390966,3
712744119647759,2024-03-21T19:39:31.362Z,lsm6dso acceleration sensor,11.846809,-1.328782,4.4556093,3
712744129647759,2024-03-21T19:39:31.373Z,lsm6dso acceleration sensor,12.433389,-1.6328455,4.486734,3
712744139647759,2024-03-21T19:39:31.383Z,lsm6dso acceleration sensor,13.53951,-2.0254946,4.853047,3
712744149647759,2024-03-21T19:39:31.392Z,lsm6dso acceleration sensor,13.766959,-2.1021092,5.1430445,3
712744159647759,2024-03-21T19:39:31.402Z,lsm6dso acceleration sensor,13.139678,-1.685518,5.732018,3
712744169647525,2024-03-21T19:39:31.412Z,lsm6dso acceleration sensor,12.869133,-1.1180922,5.693711,3
712744179647525,2024-03-21T19:39:31.423Z,lsm6dso acceleration sensor,13.091794,0.11252748,5.4016185,3
712744189647291,2024-03-21T19:39:31.432Z,lsm6dso acceleration sensor,13.240234,0.7038953,5.2244473,3
712744199647291,2024-03-21T19:39:31.443Z,lsm6dso acceleration sensor,13.551481,1.4317327,5.0209403,3
712744209647291,2024-03-21T19:39:31.453Z,lsm6dso acceleration sensor,13.345579,1.4197617,5.4040127,3
712744219647291,2024-03-21T19:39:31.463Z,lsm6dso acceleration sensor,12.181997,1.4460979,6.572383,3
712744229647291,2024-03-21T19:39:31.472Z,lsm6dso acceleration sensor,10.74787,1.3814543,6.77589,3
712744239647291,2024-03-21T19:39:31.482Z,lsm6dso acceleration sensor,8.090307,1.6591818,6.5580177,3
712744249647291,2024-03-21T19:39:31.493Z,lsm6dso acceleration sensor,6.5412583,2.0685902,6.438308,3
712744259647557,2024-03-21T19:39:31.503Z,lsm6dso acceleration sensor,4.7860093,2.5210943,7.130232,3
712744269647557,2024-03-21T19:39:31.512Z,lsm6dso acceleration sensor,4.5992613,3.071761,7.791032,3
712744279647557,2024-03-21T19:39:31.523Z,lsm6dso acceleration sensor,5.2364182,4.039018,8.334516,3
712744289647557,2024-03-21T19:39:31.533Z,lsm6dso acceleration sensor,6.0217166,4.6399627,8.312967,3
712744299647557,2024-03-21T19:39:31.542Z,lsm6dso acceleration sensor,8.336909,5.803844,8.358458,3
712744309647290,2024-03-21T19:39:31.553Z,lsm6dso acceleration sensor,9.354445,6.1150904,8.29142,3
712744319647290,2024-03-21T19:39:31.563Z,lsm6dso acceleration sensor,10.281001,5.147833,8.9187,3
712744329647290,2024-03-21T19:39:31.572Z,lsm6dso acceleration sensor,10.436625,4.0222588,8.803779,3
712744339647290,2024-03-21T19:39:31.582Z,lsm6dso acceleration sensor,10.529999,1.8411411,7.984962,3
712744349647290,2024-03-21T19:39:31.592Z,lsm6dso acceleration sensor,10.527604,0.51475334,7.3600755,3
712744359647290,2024-03-21T19:39:31.603Z,lsm6dso acceleration sensor,10.319308,-1.6711528,6.2132525,3
712744369647556,2024-03-21T19:39:31.613Z,lsm6dso acceleration sensor,9.79019,-2.4013844,5.614702,3
712744379647556,2024-03-21T19:39:31.622Z,lsm6dso acceleration sensor,8.612243,-3.0430303,4.4220905,3
712744389647556,2024-03-21T19:39:31.633Z,lsm6dso acceleration sensor,8.071154,-2.7748797,3.6990416,3
712744399647556,2024-03-21T19:39:31.643Z,lsm6dso acceleration sensor,7.403171,-1.8555063,3.6750996,3
712744409647556,2024-03-21T19:39:31.652Z,lsm6dso acceleration sensor,7.070377,-1.2689269,3.7780502,3
712744419647522,2024-03-21T19:39:31.662Z,lsm6dso acceleration sensor,5.5955486,0.18195933,2.6599581,3
712744429647522,2024-03-21T19:39:31.673Z,lsm6dso acceleration sensor,4.9730563,0.6584055,1.3024458,3
712744439647522,2024-03-21T19:39:31.682Z,lsm6dso acceleration sensor,4.297592,0.9983821,0.5793968,3
712744449647755,2024-03-21T19:39:31.693Z,lsm6dso acceleration sensor,4.012682,1.0031705,0.78529817,3
712744459647755,2024-03-21T19:39:31.703Z,lsm6dso acceleration sensor,3.3973722,0.93134445,0.5770026,3
712744469647755,2024-03-21T19:39:31.713Z,lsm6dso acceleration sensor,3.1004913,0.8738836,0.31364042,3
712744479647755,2024-03-21T19:39:31.722Z,lsm6dso acceleration sensor,2.861071,0.50278234,0.11252748,3
712744489647755,2024-03-21T19:39:31.733Z,lsm6dso acceleration sensor,3.0262709,0.2705448,0.20111294,3
712744499647755,2024-03-21T19:39:31.742Z,lsm6dso acceleration sensor,3.7732618,0.0023942017,0.6536171,3
712744509648021,2024-03-21T19:39:31.752Z,lsm6dso acceleration sensor,4.3263226,-0.04309563,1.0031705,3
712744519648021,2024-03-21T19:39:31.762Z,lsm6dso acceleration sensor,5.612308,0.04070143,1.6448165,3
712744529648021,2024-03-21T19:39:31.772Z,lsm6dso acceleration sensor,6.3377514,0.11492168,2.0135236,3
712744539648021,2024-03-21T19:39:31.783Z,lsm6dso acceleration sensor,7.4893622,0.34237084,2.705448,3
712744549648021,2024-03-21T19:39:31.792Z,lsm6dso acceleration sensor,8.028057,0.47644615,3.0765493,3
712744559647754,2024-03-21T19:39:31.803Z,lsm6dso acceleration sensor,8.8684225,0.58418524,3.6032736,3
712744569647754,2024-03-21T19:39:31.813Z,lsm6dso acceleration sensor,9.285013,0.6464345,3.7852328,3
712744579647754,2024-03-21T19:39:31.823Z,lsm6dso acceleration sensor,10.070312,0.7422025,3.8905778,3
712744589647987,2024-03-21T19:39:31.832Z,lsm6dso acceleration sensor,10.345645,0.7517793,4.024653,3
712744599647987,2024-03-21T19:39:31.842Z,lsm6dso acceleration sensor,10.613795,0.82121116,4.2640734,3
712744609647987,2024-03-21T19:39:31.852Z,lsm6dso acceleration sensor,10.515634,0.91458505,4.405331,3
712744619648220,2024-03-21T19:39:31.862Z,lsm6dso acceleration sensor,10.209175,1.1899183,4.2401314,3
712744629648220,2024-03-21T19:39:31.872Z,lsm6dso acceleration sensor,10.115802,1.3862427,4.345476,3
712744639648220,2024-03-21T19:39:31.882Z,lsm6dso acceleration sensor,10.199598,1.9129672,4.5202527,3
712744649648220,2024-03-21T19:39:31.892Z,lsm6dso acceleration sensor,10.204387,2.2361844,4.474763,3
712744659648220,2024-03-21T19:39:31.902Z,lsm6dso acceleration sensor,10.151714,2.822764,4.477157,3
712744669647953,2024-03-21T19:39:31.913Z,lsm6dso acceleration sensor,9.986514,3.0765493,4.5872903,3
712744679647953,2024-03-21T19:39:31.923Z,lsm6dso acceleration sensor,10.005669,3.1483753,4.465186,3
712744689647953,2024-03-21T19:39:31.933Z,lsm6dso acceleration sensor,10.49648,2.8299465,4.3957543,3
712744699647953,2024-03-21T19:39:31.942Z,lsm6dso acceleration sensor,12.201151,1.5155296,4.4436383,3
712744709647953,2024-03-21T19:39:31.953Z,lsm6dso acceleration sensor,13.249811,0.5363012,4.369418,3
712744719647953,2024-03-21T19:39:31.962Z,lsm6dso acceleration sensor,14.233829,-1.1707647,4.891354,3
712744729647953,2024-03-21T19:39:31.973Z,lsm6dso acceleration sensor,14.384663,-1.9608512,5.7392006,3
712744739647953,2024-03-21T19:39:31.983Z,lsm6dso acceleration sensor,13.618519,-2.8275523,6.3640876,3
712744749647719,2024-03-21T19:39:31.992Z,lsm6dso acceleration sensor,12.409447,-3.0071173,6.366482,3
712744759647985,2024-03-21T19:39:32.003Z,lsm6dso acceleration sensor,10.723928,-2.5594015,7.774272,3
712744769648251,2024-03-21T19:39:32.013Z,lsm6dso acceleration sensor,9.766248,-2.5115175,8.753501,3
712744779648251,2024-03-21T19:39:32.022Z,lsm6dso acceleration sensor,7.3744407,-2.468422,9.905111,3
712744789648251,2024-03-21T19:39:32.033Z,lsm6dso acceleration sensor,5.650615,-2.2888567,9.677663,3
712744799648251,2024-03-21T19:39:32.042Z,lsm6dso acceleration sensor,5.9020066,-2.5689783,9.064747,3
712744809647984,2024-03-21T19:39:32.052Z,lsm6dso acceleration sensor,7.996933,-2.8538885,9.112631,3
712744819647984,2024-03-21T19:39:32.063Z,lsm6dso acceleration sensor,11.933001,-3.0813377,9.249101,3
712744829648217,2024-03-21T19:39:32.072Z,lsm6dso acceleration sensor,13.453319,-3.2345665,9.184457,3
712744839648217,2024-03-21T19:39:32.082Z,lsm6dso acceleration sensor,14.370297,-2.9951463,8.739136,3
712744849648217,2024-03-21T19:39:32.093Z,lsm6dso acceleration sensor,13.757382,-2.566584,8.157345,3
712744859648217,2024-03-21T19:39:32.103Z,lsm6dso acceleration sensor,11.21474,-1.4532804,7.4773912,3
712744869648450,2024-03-21T19:39:32.112Z,lsm6dso acceleration sensor,9.854834,-0.8475474,7.4773912,3
712744879648450,2024-03-21T19:39:32.123Z,lsm6dso acceleration sensor,7.879617,-0.21787235,7.4055653,3
712744889648216,2024-03-21T19:39:32.133Z,lsm6dso acceleration sensor,7.0895305,0.17956513,7.036858,3
712744899648216,2024-03-21T19:39:32.143Z,lsm6dso acceleration sensor,6.6609683,0.50996494,6.4598556,3
712744909648216,2024-03-21T19:39:32.153Z,lsm6dso acceleration sensor,6.6059017,0.6607997,5.672163,3
712744919647982,2024-03-21T19:39:32.162Z,lsm6dso acceleration sensor,6.8956003,0.7757214,3.8283286,3
712744929647982,2024-03-21T19:39:32.172Z,lsm6dso acceleration sensor,6.9722147,0.6991069,3.3494883,3
712744939647982,2024-03-21T19:39:32.183Z,lsm6dso acceleration sensor,6.8596873,0.47884035,2.6671407,3
712744949647482,2024-03-21T19:39:32.192Z,lsm6dso acceleration sensor,6.5652003,0.40462008,2.4013844,3
712744959647482,2024-03-21T19:39:32.203Z,lsm6dso acceleration sensor,5.370494,0.39025488,2.2529438,3
712744969647482,2024-03-21T19:39:32.212Z,lsm6dso acceleration sensor,4.6136265,0.45489833,2.3415294,3
712744979647482,2024-03-21T19:39:32.222Z,lsm6dso acceleration sensor,3.5218706,0.56982,2.4277205,3
712744989647482,2024-03-21T19:39:32.233Z,lsm6dso acceleration sensor,2.791639,0.4429273,2.3056161,3
712744999647482,2024-03-21T19:39:32.242Z,lsm6dso acceleration sensor,2.2146366,0.34715924,1.8291701,3
712745009647748,2024-03-21T19:39:32.252Z,lsm6dso acceleration sensor,2.1523874,0.29448682,1.6448165,3
712745019648014,2024-03-21T19:39:32.263Z,lsm6dso acceleration sensor,2.4779987,0.093373865,1.1180922,3
712745029648014,2024-03-21T19:39:32.273Z,lsm6dso acceleration sensor,2.834735,0.007182605,0.830788,3
712745039648014,2024-03-21T19:39:32.283Z,lsm6dso acceleration sensor,3.7445314,0.02873042,0.58418524,3
712745049648014,2024-03-21T19:39:32.292Z,lsm6dso acceleration sensor,4.156334,0.023942016,0.61052144,3
712745059647747,2024-03-21T19:39:32.302Z,lsm6dso acceleration sensor,5.0736127,0.11731588,0.7757214,3
712745069647480,2024-03-21T19:39:32.312Z,lsm6dso acceleration sensor,5.6889224,0.20111294,1.1348516,3
712745079647480,2024-03-21T19:39:32.322Z,lsm6dso acceleration sensor,6.854899,0.2657564,1.970428,3
712745089647480,2024-03-21T19:39:32.333Z,lsm6dso acceleration sensor,7.51091,0.23942018,2.5067291,3
712745099647480,2024-03-21T19:39:32.343Z,lsm6dso acceleration sensor,8.511686,0.02633622,3.2872388,3
712745109647480,2024-03-21T19:39:32.352Z,lsm6dso acceleration sensor,8.992921,-0.21068975,3.7325604,3
712745119647746,2024-03-21T19:39:32.363Z,lsm6dso acceleration sensor,9.783008,-0.81163436,4.608838,3
712745129647779,2024-03-21T19:39:32.373Z,lsm6dso acceleration sensor,10.259454,-1.2042835,5.06643,3
712745139647779,2024-03-21T19:39:32.382Z,lsm6dso acceleration sensor,10.97532,-1.8267759,5.550059,3
712745149647779,2024-03-21T19:39:32.393Z,lsm6dso acceleration sensor,11.355998,-2.1571758,5.803844,3
712745159647779,2024-03-21T19:39:32.402Z,lsm6dso acceleration sensor,11.968914,-2.7605145,5.909189,3
712745169647779,2024-03-21T19:39:32.412Z,lsm6dso acceleration sensor,12.14369,-2.9735985,5.564424,3
712745179647779,2024-03-21T19:39:32.422Z,lsm6dso acceleration sensor,12.088624,-3.25372,4.367024,3
712745189647779,2024-03-21T19:39:32.432Z,lsm6dso acceleration sensor,12.055105,-3.3063924,3.7804444,3
712745199647779,2024-03-21T19:39:32.442Z,lsm6dso acceleration sensor,12.256218,-3.1244333,3.4644098,3
712745209647779,2024-03-21T19:39:32.453Z,lsm6dso acceleration sensor,12.679992,-2.755726,3.514688,3
712745219647779,2024-03-21T19:39:32.463Z,lsm6dso acceleration sensor,12.35438,-1.685518,3.9145198,3
712745229647779,2024-03-21T19:39:32.472Z,lsm6dso acceleration sensor,12.265795,-0.9528923,3.8043866,3
712745239647779,2024-03-21T19:39:32.482Z,lsm6dso acceleration sensor,13.654431,0.18435353,4.5681367,3
712745249648279,2024-03-21T19:39:32.492Z,lsm6dso acceleration sensor,14.669573,0.7637503,5.782296,3
712745259648545,2024-03-21T19:39:32.503Z,lsm6dso acceleration sensor,15.148713,1.3239936,7.252336,3
712745269648545,2024-03-21T19:39:32.512Z,lsm6dso acceleration sensor,14.085388,1.6065093,7.364864,3
712745279648545,2024-03-21T19:39:32.523Z,lsm6dso acceleration sensor,11.722311,2.777274,9.5795,3
712745289648545,2024-03-21T19:39:32.533Z,lsm6dso acceleration sensor,10.022428,3.4715924,10.132561,3
712745299648545,2024-03-21T19:39:32.543Z,lsm6dso acceleration sensor,6.071995,3.7445314,10.453383,3
712745309648511,2024-03-21T19:39:32.552Z,lsm6dso acceleration sensor,4.486734,3.4404678,10.436625,3
712745319648244,2024-03-21T19:39:32.563Z,lsm6dso acceleration sensor,3.6727054,3.7541082,10.513239,3
712745329648244,2024-03-21T19:39:32.572Z,lsm6dso acceleration sensor,4.51307,4.4196963,10.85561,3
712745339648244,2024-03-21T19:39:32.582Z,lsm6dso acceleration sensor,8.116643,5.4590793,11.849203,3
712745349648244,2024-03-21T19:39:32.593Z,lsm6dso acceleration sensor,9.964967,5.858911,11.566688,3
712745359648244,2024-03-21T19:39:32.603Z,lsm6dso acceleration sensor,10.994473,5.614702,8.921095,3
712745369648477,2024-03-21T19:39:32.613Z,lsm6dso acceleration sensor,10.695198,4.9060187,7.7551184,3
712745379648477,2024-03-21T19:39:32.622Z,lsm6dso acceleration sensor,9.797373,2.7102363,7.0991073,3
712745389648477,2024-03-21T19:39:32.632Z,lsm6dso acceleration sensor,9.059958,1.4293385,6.083966,3
712745399648477,2024-03-21T19:39:32.642Z,lsm6dso acceleration sensor,8.32015,-0.47405192,4.596867,3
712745409648477,2024-03-21T19:39:32.652Z,lsm6dso acceleration sensor,7.8604636,-1.4053963,3.9001546,3
712745419648210,2024-03-21T19:39:32.663Z,lsm6dso acceleration sensor,7.252336,-2.3319526,2.8658595,3
712745429647943,2024-03-21T19:39:32.672Z,lsm6dso acceleration sensor,6.988974,-2.5498247,2.348712,3
712745439647943,2024-03-21T19:39:32.682Z,lsm6dso acceleration sensor,6.658574,-2.2122424,1.8650831,3
712745449647943,2024-03-21T19:39:32.692Z,lsm6dso acceleration sensor,6.464644,-1.7357962,1.9009962,3
712745459647943,2024-03-21T19:39:32.702Z,lsm6dso acceleration sensor,6.0193224,-0.7062895,2.956839,3
712745469647709,2024-03-21T19:39:32.713Z,lsm6dso acceleration sensor,5.5093575,-0.05746084,2.2290018,3
712745479647709,2024-03-21T19:39:32.722Z,lsm6dso acceleration sensor,4.685453,0.5243302,1.3982137,3
712745489647709,2024-03-21T19:39:32.732Z,lsm6dso acceleration sensor,4.4364557,0.6512229,1.5275006,3
712745499647709,2024-03-21T19:39:32.742Z,lsm6dso acceleration sensor,3.7541082,0.7062895,1.3838485,3
712745509647975,2024-03-21T19:39:32.753Z,lsm6dso acceleration sensor,3.3039982,0.6368576,1.2258313,3
712745519647975,2024-03-21T19:39:32.762Z,lsm6dso acceleration sensor,2.8203697,0.4405331,1.328782,3
712745529647975,2024-03-21T19:39:32.773Z,lsm6dso acceleration sensor,2.6886885,0.2896984,1.2808979,3
712745539647975,2024-03-21T19:39:32.782Z,lsm6dso acceleration sensor,2.9376855,0.06703765,1.127669,3
712745549647975,2024-03-21T19:39:32.793Z,lsm6dso acceleration sensor,3.3662477,0.033518825,0.9552865,3
712745559647708,2024-03-21T19:39:32.803Z,lsm6dso acceleration sensor,4.5777135,0.16998832,0.6440403,3
712745569647708,2024-03-21T19:39:32.813Z,lsm6dso acceleration sensor,5.3417635,0.29688102,0.6823475,3
712745579647708,2024-03-21T19:39:32.822Z,lsm6dso acceleration sensor,6.34254,0.61291564,1.2497733,3
712745589647708,2024-03-21T19:39:32.833Z,lsm6dso acceleration sensor,6.7471595,0.81642276,1.7741034,3
712745599647708,2024-03-21T19:39:32.843Z,lsm6dso acceleration sensor,7.31698,1.0151415,2.633622,3
712745609647708,2024-03-21T19:39:32.853Z,lsm6dso acceleration sensor,7.771878,1.0414777,2.9520507,3
712745619647974,2024-03-21T19:39:32.862Z,lsm6dso acceleration sensor,8.861239,1.0845734,3.4931402,3
712745629647974,2024-03-21T19:39:32.873Z,lsm6dso acceleration sensor,9.589077,1.1492168,3.8953662,3
712745639647974,2024-03-21T19:39:32.883Z,lsm6dso acceleration sensor,10.386346,1.4077905,4.4196963,3
712745649647974,2024-03-21T19:39:32.892Z,lsm6dso acceleration sensor,10.589853,1.5586253,4.7405195,3
712745659647974,2024-03-21T19:39:32.903Z,lsm6dso acceleration sensor,10.5802765,2.0973208,5.638644,3
712745669647974,2024-03-21T19:39:32.912Z,lsm6dso acceleration sensor,10.297761,2.4157495,5.930737,3
712745679647974,2024-03-21T19:39:32.923Z,lsm6dso acceleration sensor,10.369587,3.0214825,6.232406,3
712745689647974,2024-03-21T19:39:32.933Z,lsm6dso acceleration sensor,10.862792,3.3279405,6.5412583,3
712745699647974,2024-03-21T19:39:32.943Z,lsm6dso acceleration sensor,11.921029,3.9336734,7.0536175,3
712745709647974,2024-03-21T19:39:32.953Z,lsm6dso acceleration sensor,12.560282,4.0916905,7.1350203,3
712745719647974,2024-03-21T19:39:32.963Z,lsm6dso acceleration sensor,13.336002,3.8953662,6.4837976,3
712745729647974,2024-03-21T19:39:32.973Z,lsm6dso acceleration sensor,13.479655,3.323152,5.6889224,3
712745739647974,2024-03-21T19:39:32.983Z,lsm6dso acceleration sensor,13.685556,1.7166426,4.098873,3
712745749647974,2024-03-21T19:39:32.993Z,lsm6dso acceleration sensor,13.632884,0.40940848,3.3255463,3
712745759648240,2024-03-21T19:39:33.002Z,lsm6dso acceleration sensor,13.108554,-1.8483237,2.6623523,3
712745769648240,2024-03-21T19:39:33.013Z,lsm6dso acceleration sensor,12.064682,-2.9257145,2.4516625,3
712745779648240,2024-03-21T19:39:33.023Z,lsm6dso acceleration sensor,9.71597,-4.1371803,3.0262709,3
712745789648240,2024-03-21T19:39:33.032Z,lsm6dso acceleration sensor,8.308179,-4.3502645,3.9456444,3
712745799648240,2024-03-21T19:39:33.042Z,lsm6dso acceleration sensor,6.354511,-4.2544966,5.4040127,3
712745809647973,2024-03-21T19:39:33.053Z,lsm6dso acceleration sensor,6.37127,-3.8833952,5.5572414,3
712745819647973,2024-03-21T19:39:33.063Z,lsm6dso acceleration sensor,9.251494,-2.741361,5.9115834,3
712745829647973,2024-03-21T19:39:33.072Z,lsm6dso acceleration sensor,10.762236,-2.4779987,6.9003887,3
712745839647973,2024-03-21T19:39:33.083Z,lsm6dso acceleration sensor,10.295366,-2.3247697,8.104672,3
712745849647973,2024-03-21T19:39:33.093Z,lsm6dso acceleration sensor,9.134179,-2.2649148,8.959402,3
712745859647973,2024-03-21T19:39:33.102Z,lsm6dso acceleration sensor,7.922713,-1.6663644,10.69041,3
712745869648239,2024-03-21T19:39:33.113Z,lsm6dso acceleration sensor,8.825327,-1.0414777,10.987291,3
712745879648239,2024-03-21T19:39:33.123Z,lsm6dso acceleration sensor,12.270583,0.059855044,10.790966,3
712745889648239,2024-03-21T19:39:33.133Z,lsm6dso acceleration sensor,13.654431,0.40940848,10.652102,3
712745899648239,2024-03-21T19:39:33.143Z,lsm6dso acceleration sensor,13.4198,0.272939,10.575488,3
712745909648005,2024-03-21T19:39:33.152Z,lsm6dso acceleration sensor,12.452542,0.08619126,10.367192,3
712745919647738,2024-03-21T19:39:33.163Z,lsm6dso acceleration sensor,10.340857,0.023942016,9.749489,3
712745929647738,2024-03-21T19:39:33.172Z,lsm6dso acceleration sensor,9.658509,0.17956513,9.308955,3
712745939647738,2024-03-21T19:39:33.182Z,lsm6dso acceleration sensor,9.215582,0.29448682,8.538023,3
712745949647738,2024-03-21T19:39:33.192Z,lsm6dso acceleration sensor,8.827721,0.36152446,7.1517797,3
712745959647738,2024-03-21T19:39:33.202Z,lsm6dso acceleration sensor,8.277055,0.23702596,4.4460325,3
712745969647504,2024-03-21T19:39:33.212Z,lsm6dso acceleration sensor,7.9897504,0.11252748,2.918532,3
712745979647504,2024-03-21T19:39:33.223Z,lsm6dso acceleration sensor,7.498939,0.17477672,1.5586253,3
712745989647504,2024-03-21T19:39:33.232Z,lsm6dso acceleration sensor,7.048829,0.2753332,1.103727,3
712745999647504,2024-03-21T19:39:33.243Z,lsm6dso acceleration sensor,5.8517284,0.58418524,0.44771573,3
712746009647770,2024-03-21T19:39:33.253Z,lsm6dso acceleration sensor,5.040094,0.79966336,0.320823,3
712746019647770,2024-03-21T19:39:33.263Z,lsm6dso acceleration sensor,3.5122938,1.2641385,0.7230489,3
712746029647770,2024-03-21T19:39:33.272Z,lsm6dso acceleration sensor,2.7844565,1.4460979,1.0845734,3
712746039647770,2024-03-21T19:39:33.282Z,lsm6dso acceleration sensor,2.1452048,1.7118542,1.508347,3
712746049647770,2024-03-21T19:39:33.293Z,lsm6dso acceleration sensor,2.0494366,1.8291701,1.6041151,3
712746059647503,2024-03-21T19:39:33.302Z,lsm6dso acceleration sensor,2.4396915,1.8722657,1.8243817,3
712746069647503,2024-03-21T19:39:33.313Z,lsm6dso acceleration sensor,2.6408045,1.6711528,2.0111294,3
712746079647503,2024-03-21T19:39:33.322Z,lsm6dso acceleration sensor,3.845088,1.1659763,1.7884687,3
712746089647736,2024-03-21T19:39:33.332Z,lsm6dso acceleration sensor,4.6232033,0.80924016,1.6328455,3
712746099647736,2024-03-21T19:39:33.342Z,lsm6dso acceleration sensor,5.4878097,0.12689269,1.6208745,3
712746109647736,2024-03-21T19:39:33.352Z,lsm6dso acceleration sensor,5.6530094,-0.20111294,1.685518,3
712746119648002,2024-03-21T19:39:33.363Z,lsm6dso acceleration sensor,6.2491655,-0.7350199,1.7669208,3
712746129648002,2024-03-21T19:39:33.373Z,lsm6dso acceleration sensor,6.807015,-0.90979666,1.7908629,3
712746139648002,2024-03-21T19:39:33.383Z,lsm6dso acceleration sensor,7.340922,-1.1109096,1.9632454,3
712746149648002,2024-03-21T19:39:33.393Z,lsm6dso acceleration sensor,7.3864117,-1.1971009,2.135628,3
712746159648002,2024-03-21T19:39:33.402Z,lsm6dso acceleration sensor,7.6832924,-1.3575124,2.566584,3
712746169647735,2024-03-21T19:39:33.412Z,lsm6dso acceleration sensor,8.317756,-1.388637,2.846706,3
712746179647735,2024-03-21T19:39:33.423Z,lsm6dso acceleration sensor,10.216358,-1.4748282,3.205836,3
712746189647735,2024-03-21T19:39:33.433Z,lsm6dso acceleration sensor,11.425429,-1.5825673,3.3662477,3
712746199647735,2024-03-21T19:39:33.443Z,lsm6dso acceleration sensor,12.742241,-2.1188686,3.7684734,3
712746209647735,2024-03-21T19:39:33.452Z,lsm6dso acceleration sensor,12.905046,-2.468422,4.122815,3
712746219647735,2024-03-21T19:39:33.463Z,lsm6dso acceleration sensor,12.672809,-3.2249897,5.030517,3
712746229647735,2024-03-21T19:39:33.472Z,lsm6dso acceleration sensor,12.797307,-3.5458126,5.327398,3
712746239647735,2024-03-21T19:39:33.482Z,lsm6dso acceleration sensor,13.671191,-3.8522706,5.2627544,3
712746249647735,2024-03-21T19:39:33.493Z,lsm6dso acceleration sensor,14.389451,-3.5889084,4.9634795,3
712746259648001,2024-03-21T19:39:33.502Z,lsm6dso acceleration sensor,15.246875,-2.4516625,4.9275665,3
712746269648001,2024-03-21T19:39:33.512Z,lsm6dso acceleration sensor,14.988301,-1.3623008,4.8865657,3
712746279648001,2024-03-21T19:39:33.523Z,lsm6dso acceleration sensor,13.189957,0.866701,4.819528,3
712746289648001,2024-03-21T19:39:33.532Z,lsm6dso acceleration sensor,12.071864,1.8555063,5.1214967,3
712746299648001,2024-03-21T19:39:33.543Z,lsm6dso acceleration sensor,10.099042,2.693477,5.1885343,3
712746309647734,2024-03-21T19:39:33.552Z,lsm6dso acceleration sensor,9.694422,2.896984,5.087978,3
712746319647734,2024-03-21T19:39:33.563Z,lsm6dso acceleration sensor,10.518027,2.777274,5.585972,3
712746329647734,2024-03-21T19:39:33.573Z,lsm6dso acceleration sensor,11.051934,2.4492683,5.870882,3
712746339647734,2024-03-21T19:39:33.582Z,lsm6dso acceleration sensor,9.519646,1.3575124,6.0791774,3
712746349647734,2024-03-21T19:39:33.593Z,lsm6dso acceleration sensor,8.571542,1.2689269,6.20607,3
712746359647734,2024-03-21T19:39:33.603Z,lsm6dso acceleration sensor,7.0416465,1.6376339,6.658574,3
712746369647800,2024-03-21T19:39:33.612Z,lsm6dso acceleration sensor,6.134244,1.8746599,7.168539,3
712746379647800,2024-03-21T19:39:33.623Z,lsm6dso acceleration sensor,5.006575,1.970428,7.606678,3
712746389647566,2024-03-21T19:39:33.632Z,lsm6dso acceleration sensor,5.2052937,2.1571758,7.6354084,3
712746399647566,2024-03-21T19:39:33.642Z,lsm6dso acceleration sensor,7.580342,2.5258827,7.9682026,3
712746409647566,2024-03-21T19:39:33.653Z,lsm6dso acceleration sensor,9.282619,2.7605145,7.8820114,3
712746419647299,2024-03-21T19:39:33.663Z,lsm6dso acceleration sensor,12.620136,2.7461493,7.568371,3
712746429647299,2024-03-21T19:39:33.672Z,lsm6dso acceleration sensor,14.135666,2.303222,7.532458,3
712746439647299,2024-03-21T19:39:33.682Z,lsm6dso acceleration sensor,13.376704,1.3335704,6.988974,3
712746449647099,2024-03-21T19:39:33.693Z,lsm6dso acceleration sensor,11.779772,0.78050977,7.2116346,3
712746459647099,2024-03-21T19:39:33.703Z,lsm6dso acceleration sensor,9.483732,0.16519992,7.216423,3
712746469647099,2024-03-21T19:39:33.713Z,lsm6dso acceleration sensor,8.406342,-0.07182605,6.7711015,3
712746479647099,2024-03-21T19:39:33.723Z,lsm6dso acceleration sensor,7.1733274,-0.35673606,5.9355254,3
712746489647099,2024-03-21T19:39:33.732Z,lsm6dso acceleration sensor,6.7256117,-0.51954174,5.2052937,3
712746499647099,2024-03-21T19:39:33.742Z,lsm6dso acceleration sensor,6.476615,-0.5482722,3.2944214,3
712746509647165,2024-03-21T19:39:33.752Z,lsm6dso acceleration sensor,6.6657567,-0.31364042,2.3942018,3
712746519647165,2024-03-21T19:39:33.762Z,lsm6dso acceleration sensor,6.6849103,0.059855044,2.1906946,3
712746529647398,2024-03-21T19:39:33.772Z,lsm6dso acceleration sensor,6.2611365,0.2657564,0.45010993,3
712746539647398,2024-03-21T19:39:33.782Z,lsm6dso acceleration sensor,5.0113635,0.34955344,-0.6560113,3
712746549647398,2024-03-21T19:39:33.793Z,lsm6dso acceleration sensor,4.3526587,0.34955344,-0.5315128,3
712746559647131,2024-03-21T19:39:33.802Z,lsm6dso acceleration sensor,3.1723173,0.12689269,-0.29448682,3
712746569647131,2024-03-21T19:39:33.812Z,lsm6dso acceleration sensor,2.9640217,0.01436521,-0.39743748,3
712746579647131,2024-03-21T19:39:33.823Z,lsm6dso acceleration sensor,2.96881,-0.25378537,-0.011971008,3
712746589647131,2024-03-21T19:39:33.833Z,lsm6dso acceleration sensor,3.2992098,-0.40940848,0.44771573,3
712746599647131,2024-03-21T19:39:33.842Z,lsm6dso acceleration sensor,4.441244,-0.34955344,1.2162545,3
712746609647131,2024-03-21T19:39:33.853Z,lsm6dso acceleration sensor,5.3250036,-0.076614454,1.5562311,3
712746619647397,2024-03-21T19:39:33.863Z,lsm6dso acceleration sensor,6.4814034,0.30885202,2.099715,3
712746629647397,2024-03-21T19:39:33.873Z,lsm6dso acceleration sensor,6.8979945,0.45729253,2.3678656,3
712746639647397,2024-03-21T19:39:33.882Z,lsm6dso acceleration sensor,7.690475,0.6679823,2.8275523,3
712746649647397,2024-03-21T19:39:33.893Z,lsm6dso acceleration sensor,8.300997,0.7613561,3.0909145,3
712746659647397,2024-03-21T19:39:33.902Z,lsm6dso acceleration sensor,9.486126,0.79966336,3.1627405,3
712746669647330,2024-03-21T19:39:33.913Z,lsm6dso acceleration sensor,9.773431,0.78290397,2.9783869,3
712746679647330,2024-03-21T19:39:33.923Z,lsm6dso acceleration sensor,9.86441,0.82121116,2.6551697,3
712746689647563,2024-03-21T19:39:33.933Z,lsm6dso acceleration sensor,9.862016,0.8595184,2.7389667,3
712746699647563,2024-03-21T19:39:33.943Z,lsm6dso acceleration sensor,9.696816,1.1468226,3.169923,3
712746709647563,2024-03-21T19:39:33.953Z,lsm6dso acceleration sensor,9.603442,1.3335704,3.2609026,3
712746719647563,2024-03-21T19:39:33.962Z,lsm6dso acceleration sensor,9.648932,1.8459295,3.5290532,3
712746729647563,2024-03-21T19:39:33.972Z,lsm6dso acceleration sensor,9.708787,2.15957,3.7134068,3
712746739647563,2024-03-21T19:39:33.982Z,lsm6dso acceleration sensor,9.703999,2.5354595,3.9839516,3
712746749648029,2024-03-21T19:39:33.993Z,lsm6dso acceleration sensor,9.651326,2.6072857,4.010288,3
712746759648262,2024-03-21T19:39:34.002Z,lsm6dso acceleration sensor,9.557953,2.5833437,4.1826706,3
712746769648262,2024-03-21T19:39:34.012Z,lsm6dso acceleration sensor,9.610625,2.4157495,4.3263226,3
712746779648262,2024-03-21T19:39:34.022Z,lsm6dso acceleration sensor,10.21157,1.9416976,4.156334,3
712746789648262,2024-03-21T19:39:34.033Z,lsm6dso acceleration sensor,10.879552,1.5490485,3.8522706,3
712746799648262,2024-03-21T19:39:34.043Z,lsm6dso acceleration sensor,12.28016,0.8714894,2.9903579,3
712746809648195,2024-03-21T19:39:34.053Z,lsm6dso acceleration sensor,13.381493,0.5602432,2.9257145,3
712746819648195,2024-03-21T19:39:34.062Z,lsm6dso acceleration sensor,14.461278,-0.45010993,3.8067808,3
712746829647961,2024-03-21T19:39:34.073Z,lsm6dso acceleration sensor,14.21228,-1.091756,4.7285485,3
712746839647961,2024-03-21T19:39:34.083Z,lsm6dso acceleration sensor,13.314455,-2.0685902,6.6370263,3
712746849647961,2024-03-21T19:39:34.092Z,lsm6dso acceleration sensor,12.622531,-2.4372973,6.9458785,3
712746859647961,2024-03-21T19:39:34.103Z,lsm6dso acceleration sensor,10.278607,-2.528277,6.634632,3
712746869648027,2024-03-21T19:39:34.113Z,lsm6dso acceleration sensor,9.572318,-2.681506,8.57633,3
712746879648027,2024-03-21T19:39:34.122Z,lsm6dso acceleration sensor,7.7311764,-3.0262709,10.61619,3
712746889648027,2024-03-21T19:39:34.132Z,lsm6dso acceleration sensor,6.100725,-3.3063924,10.364799,3
712746899648027,2024-03-21T19:39:34.143Z,lsm6dso acceleration sensor,5.564424,-3.5817258,9.81892,3
712746909648027,2024-03-21T19:39:34.153Z,lsm6dso acceleration sensor,6.8740525,-3.5410242,9.656115,3
712746919647760,2024-03-21T19:39:34.162Z,lsm6dso acceleration sensor,10.685621,-2.9855695,9.455002,3
712746929647760,2024-03-21T19:39:34.173Z,lsm6dso acceleration sensor,12.821249,-2.669535,9.5052805,3
712746939647760,2024-03-21T19:39:34.183Z,lsm6dso acceleration sensor,14.688726,-2.135628,9.55077,3
712746949647760,2024-03-21T19:39:34.193Z,lsm6dso acceleration sensor,14.470855,-1.7717092,9.222764,3
712746959647760,2024-03-21T19:39:34.202Z,lsm6dso acceleration sensor,12.962507,-1.1923125,8.636185,3
712746969647760,2024-03-21T19:39:34.212Z,lsm6dso acceleration sensor,11.712734,-1.0103531,8.521263,3
712746979647760,2024-03-21T19:39:34.223Z,lsm6dso acceleration sensor,8.913912,-0.60573304,8.236353,3
712746989647526,2024-03-21T19:39:34.232Z,lsm6dso acceleration sensor,7.2690954,-0.34476504,7.889194,3
712746999647526,2024-03-21T19:39:34.242Z,lsm6dso acceleration sensor,6.6609683,0.088585466,7.4055653,3
712747009647792,2024-03-21T19:39:34.253Z,lsm6dso acceleration sensor,6.854899,-0.019153614,6.7495537,3
712747019647792,2024-03-21T19:39:34.262Z,lsm6dso acceleration sensor,7.242759,-0.12210429,4.4220905,3
712747029647792,2024-03-21T19:39:34.272Z,lsm6dso acceleration sensor,7.508516,-0.079008654,3.7565024,3
712747039647792,2024-03-21T19:39:34.283Z,lsm6dso acceleration sensor,7.654562,0.0047884034,3.0909145,3
712747049647525,2024-03-21T19:39:34.292Z,lsm6dso acceleration sensor,7.1733274,0.059855044,2.5570073,3
712747059647291,2024-03-21T19:39:34.303Z,lsm6dso acceleration sensor,5.964256,0.033518825,1.7238252,3
712747069647291,2024-03-21T19:39:34.312Z,lsm6dso acceleration sensor,5.2364182,0.04070143,1.4772224,3
712747079647291,2024-03-21T19:39:34.323Z,lsm6dso acceleration sensor,4.223372,0.09816227,1.3503298,3
712747089647291,2024-03-21T19:39:34.332Z,lsm6dso acceleration sensor,3.751714,0.12210429,1.316811,3
712747099647291,2024-03-21T19:39:34.343Z,lsm6dso acceleration sensor,3.3159695,0.16759412,1.2401965,3
712747109647291,2024-03-21T19:39:34.353Z,lsm6dso acceleration sensor,3.2704794,0.21547815,1.2737153,3
712747119647557,2024-03-21T19:39:34.363Z,lsm6dso acceleration sensor,3.4955344,0.2681506,1.484405,3
712747129647557,2024-03-21T19:39:34.372Z,lsm6dso acceleration sensor,3.7253778,0.260968,1.5227122,3
712747139647557,2024-03-21T19:39:34.383Z,lsm6dso acceleration sensor,4.2999864,0.20350714,1.7549498,3
712747149647557,2024-03-21T19:39:34.393Z,lsm6dso acceleration sensor,4.685453,0.15801731,1.9800048,3
712747159647557,2024-03-21T19:39:34.402Z,lsm6dso acceleration sensor,5.336975,0.050278235,2.2720973,3
712747169647490,2024-03-21T19:39:34.413Z,lsm6dso acceleration sensor,5.6889224,-0.035913024,2.4372973,3
712747179647490,2024-03-21T19:39:34.422Z,lsm6dso acceleration sensor,6.4000006,-0.2825158,2.597709,3
712747189647490,2024-03-21T19:39:34.432Z,lsm6dso acceleration sensor,6.8405337,-0.4141969,2.5091233,3
712747199647490,2024-03-21T19:39:34.443Z,lsm6dso acceleration sensor,7.5516114,-0.7015011,2.4396915,3
712747209647490,2024-03-21T19:39:34.453Z,lsm6dso acceleration sensor,7.9322896,-0.8595184,2.4636335,3
712747219647490,2024-03-21T19:39:34.462Z,lsm6dso acceleration sensor,8.442254,-1.043872,2.5019407,3
712747229647490,2024-03-21T19:39:34.473Z,lsm6dso acceleration sensor,8.595484,-1.1468226,2.6360161,3
712747239647490,2024-03-21T19:39:34.482Z,lsm6dso acceleration sensor,8.909123,-1.2425907,3.0909145,3
712747249647490,2024-03-21T19:39:34.492Z,lsm6dso acceleration sensor,9.22037,-1.2952632,3.3973722,3
712747259647756,2024-03-21T19:39:34.503Z,lsm6dso acceleration sensor,10.230723,-1.3958195,4.0078936,3
712747269647756,2024-03-21T19:39:34.512Z,lsm6dso acceleration sensor,10.925041,-1.5394717,4.4196963,3
712747279647756,2024-03-21T19:39:34.522Z,lsm6dso acceleration sensor,11.892299,-2.054225,4.7141833,3
712747289647756,2024-03-21T19:39:34.532Z,lsm6dso acceleration sensor,12.11496,-2.2720973,4.584896,3
712747299647756,2024-03-21T19:39:34.543Z,lsm6dso acceleration sensor,12.335226,-2.741361,4.5872903,3
712747309647722,2024-03-21T19:39:34.552Z,lsm6dso acceleration sensor,12.478879,-2.9879637,4.9754505,3
712747319647722,2024-03-21T19:39:34.563Z,lsm6dso acceleration sensor,12.881104,-3.1004913,5.609914,3
712747329647722,2024-03-21T19:39:34.573Z,lsm6dso acceleration sensor,13.0798235,-2.8682537,5.5955486,3
712747339647722,2024-03-21T19:39:34.583Z,lsm6dso acceleration sensor,13.149255,-1.7884687,5.195717,3
712747349647722,2024-03-21T19:39:34.593Z,lsm6dso acceleration sensor,13.1037655,-1.0271125,5.2771196,3
712747359647722,2024-03-21T19:39:34.603Z,lsm6dso acceleration sensor,12.603377,0.33279404,5.090372,3
712747369647788,2024-03-21T19:39:34.612Z,lsm6dso acceleration sensor,12.682385,1.0630256,5.3417635,3
712747379647788,2024-03-21T19:39:34.622Z,lsm6dso acceleration sensor,12.964902,1.5562311,6.7256117,3
712747389647788,2024-03-21T19:39:34.632Z,lsm6dso acceleration sensor,12.933777,1.5682021,7.3121915,3
712747399647788,2024-03-21T19:39:34.642Z,lsm6dso acceleration sensor,9.890746,0.81163436,7.501333,3
712747409647788,2024-03-21T19:39:34.653Z,lsm6dso acceleration sensor,8.348881,0.91219085,7.472603,3
712747419647521,2024-03-21T19:39:34.663Z,lsm6dso acceleration sensor,7.012916,1.5945383,7.9322896,3
712747429647521,2024-03-21T19:39:34.673Z,lsm6dso acceleration sensor,6.208464,1.9081788,8.207623,3
712747439647521,2024-03-21T19:39:34.682Z,lsm6dso acceleration sensor,4.9515085,2.0853498,8.123826,3
712747449647521,2024-03-21T19:39:34.692Z,lsm6dso acceleration sensor,4.9730563,2.1739352,8.016087,3
712747459647521,2024-03-21T19:39:34.702Z,lsm6dso acceleration sensor,7.1589622,2.7150247,8.26269,3
712747469647521,2024-03-21T19:39:34.712Z,lsm6dso acceleration sensor,8.945037,3.1004913,8.396765,3
712747479647521,2024-03-21T19:39:34.722Z,lsm6dso acceleration sensor,10.582671,3.3662477,8.102278,3
712747489647521,2024-03-21T19:39:34.732Z,lsm6dso acceleration sensor,11.054329,3.5003228,7.8221564,3
712747499647521,2024-03-21T19:39:34.743Z,lsm6dso acceleration sensor,10.786178,2.7222073,7.714417,3
712747509647787,2024-03-21T19:39:34.753Z,lsm6dso acceleration sensor,10.395923,1.982399,7.621043,3
712747519647787,2024-03-21T19:39:34.762Z,lsm6dso acceleration sensor,9.548376,0.7134721,7.278672,3
712747529647787,2024-03-21T19:39:34.772Z,lsm6dso acceleration sensor,9.170092,0.05267244,7.295432,3
712747539647787,2024-03-21T19:39:34.783Z,lsm6dso acceleration sensor,8.633791,-0.6440403,6.6298437,3
712747549647787,2024-03-21T19:39:34.793Z,lsm6dso acceleration sensor,8.221988,-0.8475474,5.894824,3
712747559647520,2024-03-21T19:39:34.802Z,lsm6dso acceleration sensor,7.4319015,-0.7781156,4.486734,3
712747569647520,2024-03-21T19:39:34.812Z,lsm6dso acceleration sensor,7.0631943,-0.5291186,4.232949,3
712747579647520,2024-03-21T19:39:34.822Z,lsm6dso acceleration sensor,6.3497224,0.14844051,3.5242648,3
712747589647520,2024-03-21T19:39:34.833Z,lsm6dso acceleration sensor,5.990592,0.50996494,2.72939,3
712747599647520,2024-03-21T19:39:34.843Z,lsm6dso acceleration sensor,5.3010616,0.8595184,1.3790601,3
712747609647286,2024-03-21T19:39:34.853Z,lsm6dso acceleration sensor,5.0616417,0.8475474,1.1611878,3
712747619647552,2024-03-21T19:39:34.862Z,lsm6dso acceleration sensor,4.522647,0.7685388,1.376666,3
712747629647552,2024-03-21T19:39:34.872Z,lsm6dso acceleration sensor,4.185065,0.6943185,1.4796166,3
712747639647552,2024-03-21T19:39:34.883Z,lsm6dso acceleration sensor,3.620033,0.47405192,1.4891934,3
712747649647552,2024-03-21T19:39:34.892Z,lsm6dso acceleration sensor,3.4596214,0.31364042,1.5466543,3
712747659647552,2024-03-21T19:39:34.902Z,lsm6dso acceleration sensor,3.4835634,-0.04309563,1.7190368,3
712747669647485,2024-03-21T19:39:34.912Z,lsm6dso acceleration sensor,3.857059,-0.15562311,1.7932571,3
712747679647485,2024-03-21T19:39:34.923Z,lsm6dso acceleration sensor,4.829105,-0.31364042,1.7932571,3
712747689647485,2024-03-21T19:39:34.932Z,lsm6dso acceleration sensor,5.4734445,-0.34476504,1.7836803,3
712747699647485,2024-03-21T19:39:34.942Z,lsm6dso acceleration sensor,6.4933743,-0.18195933,1.9656396,3
712747709647485,2024-03-21T19:39:34.953Z,lsm6dso acceleration sensor,7.0608,-0.016759412,2.3104045,3
712747719647485,2024-03-21T19:39:34.963Z,lsm6dso acceleration sensor,7.9897504,0.40222588,3.052607,3
712747729647718,2024-03-21T19:39:34.972Z,lsm6dso acceleration sensor,8.50211,0.7015011,3.4213142,3
712747739647718,2024-03-21T19:39:34.983Z,lsm6dso acceleration sensor,9.208399,1.1587936,3.8977604,3
712747749647718,2024-03-21T19:39:34.992Z,lsm6dso acceleration sensor,9.522039,1.388637,4.1802764,3
712747759647984,2024-03-21T19:39:35.002Z,lsm6dso acceleration sensor,9.751883,1.7238252,4.5992613,3
712747769647984,2024-03-21T19:39:35.012Z,lsm6dso acceleration sensor,9.725547,1.8052281,4.7764325,3
712747779647984,2024-03-21T19:39:35.023Z,lsm6dso acceleration sensor,9.562741,1.8746599,4.9060187,3
712747789647984,2024-03-21T19:39:35.032Z,lsm6dso acceleration sensor,9.490914,1.8722657,4.956297,3
712747799647984,2024-03-21T19:39:35.043Z,lsm6dso acceleration sensor,9.514857,1.8602947,5.1526213,3
712747809647717,2024-03-21T19:39:35.052Z,lsm6dso acceleration sensor,9.545981,1.7908629,4.8722005,3
712747819647717,2024-03-21T19:39:35.062Z,lsm6dso acceleration sensor,9.751883,1.6352397,5.430349,3
712747829647717,2024-03-21T19:39:35.072Z,lsm6dso acceleration sensor,9.696816,1.7262194,5.528511,3
712747839647717,2024-03-21T19:39:35.083Z,lsm6dso acceleration sensor,9.354445,1.982399,5.1765633,3
712747849647717,2024-03-21T19:39:35.093Z,lsm6dso acceleration sensor,9.17488,2.0614076,4.9491143,3
712747859647717,2024-03-21T19:39:35.102Z,lsm6dso acceleration sensor,9.608231,1.8579005,4.656722,3
712747869647983,2024-03-21T19:39:35.112Z,lsm6dso acceleration sensor,10.292973,1.6041151,4.5992613,3
712747879647983,2024-03-21T19:39:35.122Z,lsm6dso acceleration sensor,10.984897,0.78529817,4.4125137,3
712747889647983,2024-03-21T19:39:35.133Z,lsm6dso acceleration sensor,11.786954,0.18435353,4.355053,3
712747899647983,2024-03-21T19:39:35.143Z,lsm6dso acceleration sensor,13.355156,-0.90500826,4.572925,3
712747909647983,2024-03-21T19:39:35.153Z,lsm6dso acceleration sensor,13.68795,-1.4676456,5.183746,3
712747919647716,2024-03-21T19:39:35.163Z,lsm6dso acceleration sensor,12.948142,-2.2481554,6.4742208,3
712747929647716,2024-03-21T19:39:35.173Z,lsm6dso acceleration sensor,12.4908495,-2.3199813,6.86687,3
712747939647716,2024-03-21T19:39:35.183Z,lsm6dso acceleration sensor,11.504438,-1.958457,7.3912,3
712747949647716,2024-03-21T19:39:35.192Z,lsm6dso acceleration sensor,10.4845085,-1.8746599,7.994539,3
712747959647716,2024-03-21T19:39:35.203Z,lsm6dso acceleration sensor,8.528446,-1.9656396,10.017639,3
712747969647716,2024-03-21T19:39:35.212Z,lsm6dso acceleration sensor,7.3361335,-1.958457,10.944195,3
712747979647716,2024-03-21T19:39:35.223Z,lsm6dso acceleration sensor,5.9498906,-2.0805612,11.411064,3
712747989647716,2024-03-21T19:39:35.233Z,lsm6dso acceleration sensor,5.7368064,-2.3630772,10.891522,3
712747999647716,2024-03-21T19:39:35.242Z,lsm6dso acceleration sensor,6.9793973,-3.0238767,9.275436,3
712748009647982,2024-03-21T19:39:35.253Z,lsm6dso acceleration sensor,8.071154,-3.2513258,8.65055,3
712748019647982,2024-03-21T19:39:35.262Z,lsm6dso acceleration sensor,11.298537,-3.6152446,7.206846,3
712748029647748,2024-03-21T19:39:35.272Z,lsm6dso acceleration sensor,12.682385,-3.6631286,6.548441,3
712748039647381,2024-03-21T19:39:35.282Z,lsm6dso acceleration sensor,13.766959,-3.3686419,5.9594674,3
712748049647414,2024-03-21T19:39:35.293Z,lsm6dso acceleration sensor,13.321637,-2.80361,5.8636994,3
712748059647147,2024-03-21T19:39:35.303Z,lsm6dso acceleration sensor,11.317691,-1.2569559,6.3138094,3
712748069647147,2024-03-21T19:39:35.312Z,lsm6dso acceleration sensor,10.381557,-0.4237737,6.61069,3
712748079647147,2024-03-21T19:39:35.323Z,lsm6dso acceleration sensor,9.107842,0.5602432,7.046435,3
712748089647147,2024-03-21T19:39:35.332Z,lsm6dso acceleration sensor,8.528446,0.8595184,7.010522,3
712748099647147,2024-03-21T19:39:35.343Z,lsm6dso acceleration sensor,7.513304,1.0630256,6.5053453,3
712748109647147,2024-03-21T19:39:35.353Z,lsm6dso acceleration sensor,7.1733274,1.0821792,6.0815716,3
712748119647213,2024-03-21T19:39:35.362Z,lsm6dso acceleration sensor,6.869264,0.94570965,5.3010616,3
712748129647213,2024-03-21T19:39:35.372Z,lsm6dso acceleration sensor,6.7208233,0.8451532,4.7429137,3
712748139647213,2024-03-21T19:39:35.382Z,lsm6dso acceleration sensor,6.1150904,0.6488287,3.7134068,3
712748149647213,2024-03-21T19:39:35.393Z,lsm6dso acceleration sensor,5.6434326,0.62249243,3.217807,3
712748159647213,2024-03-21T19:39:35.402Z,lsm6dso acceleration sensor,4.8219223,0.63206923,2.5474305,3
712748169646646,2024-03-21T19:39:35.412Z,lsm6dso acceleration sensor,4.378995,0.6847417,2.0326772,3
712748179646646,2024-03-21T19:39:35.422Z,lsm6dso acceleration sensor,3.5434184,0.58418524,1.3096284,3
712748189646646,2024-03-21T19:39:35.432Z,lsm6dso acceleration sensor,3.502717,0.62249243,0.9840169,3
712748199646646,2024-03-21T19:39:35.442Z,lsm6dso acceleration sensor,3.5984852,0.46926352,0.7374141,3
712748209646646,2024-03-21T19:39:35.452Z,lsm6dso acceleration sensor,3.7205894,0.34237084,0.49559975,3
712748219646646,2024-03-21T19:39:35.462Z,lsm6dso acceleration sensor,3.8666358,0.08140286,0.33758244,3
712748229646646,2024-03-21T19:39:35.472Z,lsm6dso acceleration sensor,3.9719806,-0.06464344,0.4285621,3
712748239646646,2024-03-21T19:39:35.483Z,lsm6dso acceleration sensor,4.4436383,-0.1412579,0.80684596,3
712748249646646,2024-03-21T19:39:35.492Z,lsm6dso acceleration sensor,4.7668557,-0.10534488,1.1204864,3
712748259646912,2024-03-21T19:39:35.502Z,lsm6dso acceleration sensor,5.444714,-0.08379706,1.6232687,3
712748269646912,2024-03-21T19:39:35.512Z,lsm6dso acceleration sensor,5.9235544,-0.045489833,1.8722657,3
712748279646912,2024-03-21T19:39:35.523Z,lsm6dso acceleration sensor,6.9913683,0.074220255,2.1619642,3
712748289646912,2024-03-21T19:39:35.532Z,lsm6dso acceleration sensor,7.747936,0.10295067,2.2649148,3
712748299646912,2024-03-21T19:39:35.543Z,lsm6dso acceleration sensor,8.985738,-0.07182605,2.396596,3
712748309646645,2024-03-21T19:39:35.553Z,lsm6dso acceleration sensor,9.490914,-0.2681506,2.6431987,3
712748319646645,2024-03-21T19:39:35.563Z,lsm6dso acceleration sensor,9.119814,-0.79487497,3.526659,3
712748329646645,2024-03-21T19:39:35.572Z,lsm6dso acceleration sensor,8.633791,-1.1372458,3.9336734,3
712748339647011,2024-03-21T19:39:35.583Z,lsm6dso acceleration sensor,9.110237,-1.6424223,4.2544966,3
712748349646977,2024-03-21T19:39:35.592Z,lsm6dso acceleration sensor,9.682451,-1.8052281,4.1299977,3
712748359646977,2024-03-21T19:39:35.603Z,lsm6dso acceleration sensor,10.455778,-1.9297266,3.8666358,3
712748369647243,2024-03-21T19:39:35.612Z,lsm6dso acceleration sensor,10.86758,-2.0590134,3.7301662,3
712748379647243,2024-03-21T19:39:35.623Z,lsm6dso acceleration sensor,11.284172,-2.2816741,3.4356794,3
712748389647476,2024-03-21T19:39:35.632Z,lsm6dso acceleration sensor,11.578659,-2.408567,3.3207579,3
712748399647476,2024-03-21T19:39:35.643Z,lsm6dso acceleration sensor,12.356774,-2.6503813,3.5889084,3
712748409647476,2024-03-21T19:39:35.653Z,lsm6dso acceleration sensor,12.770971,-2.719813,3.727772,3
712748419647409,2024-03-21T19:39:35.662Z,lsm6dso acceleration sensor,13.707104,-2.3654714,3.6008794,3
712748429647409,2024-03-21T19:39:35.673Z,lsm6dso acceleration sensor,14.4014225,-1.8195933,3.4500446,3
712748439647409,2024-03-21T19:39:35.683Z,lsm6dso acceleration sensor,15.196597,-0.59376204,3.8067808,3
712748449647642,2024-03-21T19:39:35.693Z,lsm6dso acceleration sensor,15.057733,0.39264908,4.4699745,3
712748459647642,2024-03-21T19:39:35.702Z,lsm6dso acceleration sensor,14.276924,1.6041151,6.1893106,3
712748469647942,2024-03-21T19:39:35.712Z,lsm6dso acceleration sensor,13.599365,1.9393034,6.8357453,3
712748479647942,2024-03-21T19:39:35.722Z,lsm6dso acceleration sensor,11.846809,1.6280571,7.79582,3
712748489647942,2024-03-21T19:39:35.732Z,lsm6dso acceleration sensor,10.793361,1.5155296,7.903559,3
712748499647942,2024-03-21T19:39:35.742Z,lsm6dso acceleration sensor,9.548376,1.6591818,7.819762,3
712748509648175,2024-03-21T19:39:35.753Z,lsm6dso acceleration sensor,9.160515,2.0039468,7.544429,3
712748519648175,2024-03-21T19:39:35.763Z,lsm6dso acceleration sensor,6.8501105,2.7485435,7.273884,3
712748529648175,2024-03-21T19:39:35.772Z,lsm6dso acceleration sensor,5.8206034,3.2202013,7.501333,3
712748539648175,2024-03-21T19:39:35.783Z,lsm6dso acceleration sensor,4.9371433,4.0198646,7.582736,3
712748549648175,2024-03-21T19:39:35.792Z,lsm6dso acceleration sensor,5.4255605,4.5178585,7.4079595,3
712748559647908,2024-03-21T19:39:35.802Z,lsm6dso acceleration sensor,7.2451534,5.0353055,6.94109,3
712748569647908,2024-03-21T19:39:35.813Z,lsm6dso acceleration sensor,8.643368,5.1310735,5.8636994,3
712748579647908,2024-03-21T19:39:35.822Z,lsm6dso acceleration sensor,11.051934,4.209007,5.3992243,3
712748589648141,2024-03-21T19:39:35.833Z,lsm6dso acceleration sensor,12.256218,3.052607,5.4949923,3
712748599648141,2024-03-21T19:39:35.842Z,lsm6dso acceleration sensor,11.9018755,0.79966336,6.0552354,3
712748609648141,2024-03-21T19:39:35.853Z,lsm6dso acceleration sensor,11.035175,-0.22505496,6.7615247,3
712748619648374,2024-03-21T19:39:35.863Z,lsm6dso acceleration sensor,9.826103,-1.1013328,6.392818,3
712748629648374,2024-03-21T19:39:35.873Z,lsm6dso acceleration sensor,9.198822,-1.2593501,5.746383,3
712748639648374,2024-03-21T19:39:35.882Z,lsm6dso acceleration sensor,8.121431,-1.2234371,5.006575,3
712748649648374,2024-03-21T19:39:35.892Z,lsm6dso acceleration sensor,7.597101,-1.0175357,4.735731,3
712748659648374,2024-03-21T19:39:35.902Z,lsm6dso acceleration sensor,6.7687073,-0.32800564,3.845088,3
712748669648107,2024-03-21T19:39:35.912Z,lsm6dso acceleration sensor,6.502951,0.0047884034,3.8642416,3
712748679648107,2024-03-21T19:39:35.922Z,lsm6dso acceleration sensor,5.832575,0.91458505,2.2337902,3
712748689647873,2024-03-21T19:39:35.932Z,lsm6dso acceleration sensor,5.4471083,1.0821792,0.878672,3
712748699647873,2024-03-21T19:39:35.943Z,lsm6dso acceleration sensor,5.1693807,0.9720459,0.088585466,3
712748709647873,2024-03-21T19:39:35.952Z,lsm6dso acceleration sensor,4.980239,0.81163436,0.1364695,3
712748719647873,2024-03-21T19:39:35.962Z,lsm6dso acceleration sensor,4.132392,0.48362875,0.2681506,3
712748729647873,2024-03-21T19:39:35.973Z,lsm6dso acceleration sensor,3.7301662,0.3184288,0.33279404,3
712748739647873,2024-03-21T19:39:35.982Z,lsm6dso acceleration sensor,3.6056678,-0.110133275,0.4405331,3
712748749647639,2024-03-21T19:39:35.993Z,lsm6dso acceleration sensor,3.9121256,-0.3878607,0.62488663,3
712748759647905,2024-03-21T19:39:36.002Z,lsm6dso acceleration sensor,4.795586,-0.49320555,1.283292,3
712748769648171,2024-03-21T19:39:36.013Z,lsm6dso acceleration sensor,5.2268414,-0.29209262,1.8938135,3
712748779648171,2024-03-21T19:39:36.022Z,lsm6dso acceleration sensor,6.060024,0.29448682,2.2816741,3
712748789648171,2024-03-21T19:39:36.033Z,lsm6dso acceleration sensor,6.716035,0.62249243,2.5354595,3
712748799648171,2024-03-21T19:39:36.042Z,lsm6dso acceleration sensor,7.728782,1.0965444,3.4356794,3
712748809648171,2024-03-21T19:39:36.052Z,lsm6dso acceleration sensor,8.075942,1.328782,3.8355112,3
712748819648171,2024-03-21T19:39:36.062Z,lsm6dso acceleration sensor,8.492533,1.541866,4.074931,3
712748829648171,2024-03-21T19:39:36.073Z,lsm6dso acceleration sensor,8.791808,1.6567876,4.1802764,3
712748839648404,2024-03-21T19:39:36.082Z,lsm6dso acceleration sensor,9.086295,1.922544,4.31914,3
712748849648404,2024-03-21T19:39:36.092Z,lsm6dso acceleration sensor,9.215582,1.99437,4.3143516,3
712748859648404,2024-03-21T19:39:36.103Z,lsm6dso acceleration sensor,9.438242,2.0087352,4.259285,3
712748869648404,2024-03-21T19:39:36.113Z,lsm6dso acceleration sensor,9.435848,1.922544,4.3526587,3
712748879648404,2024-03-21T19:39:36.122Z,lsm6dso acceleration sensor,9.435848,1.8315643,4.5657425,3
712748889648170,2024-03-21T19:39:36.132Z,lsm6dso acceleration sensor,9.577106,1.769315,4.618415,3
712748899648170,2024-03-21T19:39:36.142Z,lsm6dso acceleration sensor,9.828497,1.5682021,4.4556093,3
712748909648170,2024-03-21T19:39:36.152Z,lsm6dso acceleration sensor,9.98412,1.4389153,4.3622355,3
712748919647936,2024-03-21T19:39:36.162Z,lsm6dso acceleration sensor,10.467749,1.364695,4.292804,3
712748929647936,2024-03-21T19:39:36.173Z,lsm6dso acceleration sensor,10.553941,1.3144168,4.414908,3
712748939647936,2024-03-21T19:39:36.182Z,lsm6dso acceleration sensor,10.676044,1.13964,4.596867,3
712748949647936,2024-03-21T19:39:36.192Z,lsm6dso acceleration sensor,11.1692505,1.0319009,4.618415,3
712748959647936,2024-03-21T19:39:36.203Z,lsm6dso acceleration sensor,12.694357,0.8595184,4.4005427,3
712748969647936,2024-03-21T19:39:36.212Z,lsm6dso acceleration sensor,13.577817,0.48123455,4.134786,3
712748979647936,2024-03-21T19:39:36.222Z,lsm6dso acceleration sensor,15.052944,-0.19871874,4.2185836,3
712748989647936,2024-03-21T19:39:36.233Z,lsm6dso acceleration sensor,15.026608,-0.6703765,4.5777135,3
712748999647936,2024-03-21T19:39:36.243Z,lsm6dso acceleration sensor,13.843574,-1.6759412,5.684134,3
712749009648202,2024-03-21T19:39:36.252Z,lsm6dso acceleration sensor,13.053487,-2.0135236,6.455067,3
712749019648202,2024-03-21T19:39:36.262Z,lsm6dso acceleration sensor,11.11179,-2.1643584,7.154174,3
712749029648202,2024-03-21T19:39:36.272Z,lsm6dso acceleration sensor,9.912294,-2.1021092,7.5037274,3
712749039648202,2024-03-21T19:39:36.282Z,lsm6dso acceleration sensor,8.899547,-1.8243817,8.243536,3
712749049648435,2024-03-21T19:39:36.292Z,lsm6dso acceleration sensor,8.32015,-1.8914193,8.073547,3
712749059648168,2024-03-21T19:39:36.302Z,lsm6dso acceleration sensor,7.621043,-2.099715,7.439084,3
712749069647901,2024-03-21T19:39:36.313Z,lsm6dso acceleration sensor,7.752724,-2.3104045,7.4342957,3
712749079647901,2024-03-21T19:39:36.322Z,lsm6dso acceleration sensor,8.856451,-2.8179753,7.4678144,3
712749089647901,2024-03-21T19:39:36.332Z,lsm6dso acceleration sensor,9.519646,-2.9640217,7.2571244,3
712749099647901,2024-03-21T19:39:36.342Z,lsm6dso acceleration sensor,11.411064,-2.8179753,6.5460467,3
712749109647667,2024-03-21T19:39:36.352Z,lsm6dso acceleration sensor,12.045528,-2.4109612,6.4861917,3
712749119647933,2024-03-21T19:39:36.363Z,lsm6dso acceleration sensor,12.081441,-1.3718776,5.432743,3
712749129647933,2024-03-21T19:39:36.373Z,lsm6dso acceleration sensor,11.753435,-0.81163436,5.5069633,3
712749139647699,2024-03-21T19:39:36.382Z,lsm6dso acceleration sensor,10.680833,-0.038307227,6.4981627,3
712749149647699,2024-03-21T19:39:36.393Z,lsm6dso acceleration sensor,9.771036,0.25857377,6.802226,3
712749159647699,2024-03-21T19:39:36.402Z,lsm6dso acceleration sensor,8.166922,0.49559975,6.6274495,3
712749169648665,2024-03-21T19:39:36.413Z,lsm6dso acceleration sensor,7.249942,0.5530606,6.2970495,3
712749179648665,2024-03-21T19:39:36.423Z,lsm6dso acceleration sensor,6.2467713,0.59136784,5.3561287,3
712749189648665,2024-03-21T19:39:36.432Z,lsm6dso acceleration sensor,6.2587423,0.5386954,4.546589,3
712749199648665,2024-03-21T19:39:36.442Z,lsm6dso acceleration sensor,6.7304,0.2896984,3.2010477,3
712749209648665,2024-03-21T19:39:36.453Z,lsm6dso acceleration sensor,6.98658,0.17956513,2.6144683,3
712749219648665,2024-03-21T19:39:36.462Z,lsm6dso acceleration sensor,6.3090205,0.033518825,2.123657,3
712749229648665,2024-03-21T19:39:36.473Z,lsm6dso acceleration sensor,5.4471083,0.107739076,1.8459295,3
712749239648665,2024-03-21T19:39:36.482Z,lsm6dso acceleration sensor,4.5633483,0.31124622,1.541866,3
712749249648665,2024-03-21T19:39:36.493Z,lsm6dso acceleration sensor,4.2880154,0.4261679,1.448492,3
712749259648931,2024-03-21T19:39:36.503Z,lsm6dso acceleration sensor,3.7924154,0.51475334,1.5227122,3
712749269648931,2024-03-21T19:39:36.512Z,lsm6dso acceleration sensor,3.383007,0.5482722,1.6519991,3
712749279648497,2024-03-21T19:39:36.522Z,lsm6dso acceleration sensor,3.1004913,0.6464345,1.697489,3
712749289648497,2024-03-21T19:39:36.533Z,lsm6dso acceleration sensor,3.406949,0.7278373,1.8004397,3
712749299648497,2024-03-21T19:39:36.542Z,lsm6dso acceleration sensor,4.175488,0.62488663,1.8770541,3
712749309648230,2024-03-21T19:39:36.552Z,lsm6dso acceleration sensor,4.546589,0.4213795,1.8579005,3
712749319648230,2024-03-21T19:39:36.562Z,lsm6dso acceleration sensor,5.789479,0.11731588,1.8746599,3
712749329648230,2024-03-21T19:39:36.572Z,lsm6dso acceleration sensor,6.560412,-0.074220255,1.946486,3
712749339648230,2024-03-21T19:39:36.582Z,lsm6dso acceleration sensor,7.5156984,-0.36152446,2.2002714,3
712749349647996,2024-03-21T19:39:36.593Z,lsm6dso acceleration sensor,7.946655,-0.50996494,2.4588451,3
712749359647996,2024-03-21T19:39:36.602Z,lsm6dso acceleration sensor,8.384793,-0.60573304,2.9352913,3
712749369648229,2024-03-21T19:39:36.613Z,lsm6dso acceleration sensor,8.540417,-0.59376204,3.2489316,3
712749379648229,2024-03-21T19:39:36.622Z,lsm6dso acceleration sensor,8.516475,-0.6727707,3.7469256,3
712749389648229,2024-03-21T19:39:36.633Z,lsm6dso acceleration sensor,8.509292,-0.770933,4.1156325,3
712749399648229,2024-03-21T19:39:36.642Z,lsm6dso acceleration sensor,8.949825,-0.82360536,4.5657425,3
712749409648229,2024-03-21T19:39:36.652Z,lsm6dso acceleration sensor,9.330503,-0.8475474,4.675876,3
712749419647962,2024-03-21T19:39:36.662Z,lsm6dso acceleration sensor,10.321703,-0.93373865,4.5753193,3
712749429647962,2024-03-21T19:39:36.673Z,lsm6dso acceleration sensor,10.889129,-1.0893618,4.2305546,3
712749439647962,2024-03-21T19:39:36.682Z,lsm6dso acceleration sensor,11.727099,-1.4867992,3.4141316,3
712749449647962,2024-03-21T19:39:36.692Z,lsm6dso acceleration sensor,12.205939,-1.6759412,3.1148565,3
712749459647962,2024-03-21T19:39:36.702Z,lsm6dso acceleration sensor,12.703934,-1.9656396,3.1028855,3
712749469647228,2024-03-21T19:39:36.712Z,lsm6dso acceleration sensor,12.77576,-1.982399,3.2800562,3
712749479647228,2024-03-21T19:39:36.723Z,lsm6dso acceleration sensor,12.653655,-1.6998832,3.3375173,3
712749489647228,2024-03-21T19:39:36.732Z,lsm6dso acceleration sensor,12.823644,-1.3311762,3.1196449,3
712749499647228,2024-03-21T19:39:36.742Z,lsm6dso acceleration sensor,13.616124,-0.5674258,3.064578,3
712749509647494,2024-03-21T19:39:36.753Z,lsm6dso acceleration sensor,14.071023,-0.10295067,3.8474822,3
712749519647494,2024-03-21T19:39:36.762Z,lsm6dso acceleration sensor,14.121301,0.89782566,4.9539027,3
712749529647494,2024-03-21T19:39:36.772Z,lsm6dso acceleration sensor,14.138061,1.4460979,5.803844,3
712749539647494,2024-03-21T19:39:36.782Z,lsm6dso acceleration sensor,14.224252,1.9536686,6.2946553,3
712749549647494,2024-03-21T19:39:36.793Z,lsm6dso acceleration sensor,13.721469,1.9560628,6.2755017,3
712749559647227,2024-03-21T19:39:36.803Z,lsm6dso acceleration sensor,11.559505,2.1763294,7.120655,3
712749569647227,2024-03-21T19:39:36.813Z,lsm6dso acceleration sensor,10.381557,2.1787236,8.03524,3
712749579647660,2024-03-21T19:39:36.822Z,lsm6dso acceleration sensor,7.278672,2.420538,8.612243,3
712749589647660,2024-03-21T19:39:36.832Z,lsm6dso acceleration sensor,5.1550155,2.4851813,8.26269,3
712749599647660,2024-03-21T19:39:36.842Z,lsm6dso acceleration sensor,3.7972038,3.028665,7.949049,3
712749609647660,2024-03-21T19:39:36.853Z,lsm6dso acceleration sensor,4.0773253,3.4141316,7.7886376,3
712749619647893,2024-03-21T19:39:36.863Z,lsm6dso acceleration sensor,6.8644757,4.2904096,6.6537857,3
712749629647893,2024-03-21T19:39:36.872Z,lsm6dso acceleration sensor,8.775048,4.4843397,6.3138094,3
712749639647893,2024-03-21T19:39:36.882Z,lsm6dso acceleration sensor,11.686398,4.173094,4.4819455,3
712749649647893,2024-03-21T19:39:36.893Z,lsm6dso acceleration sensor,13.338397,3.6535518,4.3837833,3
712749659647893,2024-03-21T19:39:36.902Z,lsm6dso acceleration sensor,13.314455,2.1308396,4.9395375,3
712749669647659,2024-03-21T19:39:36.913Z,lsm6dso acceleration sensor,12.16045,1.2880806,5.5093575,3
712749679647659,2024-03-21T19:39:36.922Z,lsm6dso acceleration sensor,9.68724,0.34237084,6.062418,3
712749689647659,2024-03-21T19:39:36.933Z,lsm6dso acceleration sensor,8.523658,0.15322891,5.8756704,3
712749699647659,2024-03-21T19:39:36.943Z,lsm6dso acceleration sensor,7.4342957,0.050278235,4.982633,3
712749709647659,2024-03-21T19:39:36.953Z,lsm6dso acceleration sensor,7.266701,0.19393034,4.000711,3
712749719647659,2024-03-21T19:39:36.962Z,lsm6dso acceleration sensor,7.1517797,0.50517654,3.2561142,3
712749729647659,2024-03-21T19:39:36.973Z,lsm6dso acceleration sensor,7.024887,0.581791,3.560178,3
712749739647659,2024-03-21T19:39:36.983Z,lsm6dso acceleration sensor,6.1390324,0.89303726,2.4732103,3
712749749647659,2024-03-21T19:39:36.993Z,lsm6dso acceleration sensor,5.4375315,0.8355764,1.2425907,3
712749759647925,2024-03-21T19:39:37.003Z,lsm6dso acceleration sensor,4.7285485,0.51954174,0.35913026,3
712749769647691,2024-03-21T19:39:37.012Z,lsm6dso acceleration sensor,4.5561657,0.31124622,-0.016759412,3
712749779648391,2024-03-21T19:39:37.022Z,lsm6dso acceleration sensor,4.3957543,-0.08140286,-0.92176765,3
712749789647691,2024-03-21T19:39:37.032Z,lsm6dso acceleration sensor,4.4101195,-0.30166942,-1.2018893,3
712749799646957,2024-03-21T19:39:37.043Z,lsm6dso acceleration sensor,4.570531,-0.6560113,-1.2425907,3
712749809646390,2024-03-21T19:39:37.052Z,lsm6dso acceleration sensor,4.548983,-0.80205756,-0.6560113,3
712749819646090,2024-03-21T19:39:37.062Z,lsm6dso acceleration sensor,4.6112323,-0.8403648,0.7374141,3
712749829645723,2024-03-21T19:39:37.072Z,lsm6dso acceleration sensor,4.8338933,-0.7589619,1.2737153,3
712749839645289,2024-03-21T19:39:37.083Z,lsm6dso acceleration sensor,6.083966,-0.5267244,1.70946,3
712749849644855,2024-03-21T19:39:37.093Z,lsm6dso acceleration sensor,6.9698205,-0.2753332,2.078167,3
712749859644855,2024-03-21T19:39:37.102Z,lsm6dso acceleration sensor,7.819762,0.2657564,2.6408045,3
712749869644821,2024-03-21T19:39:37.113Z,lsm6dso acceleration sensor,7.9777794,0.60573304,2.9759927,3
712749879644787,2024-03-21T19:39:37.123Z,lsm6dso acceleration sensor,8.049605,1.13964,3.4691982,3
712749889644753,2024-03-21T19:39:37.132Z,lsm6dso acceleration sensor,8.138191,1.4221559,3.5697548,3
712749899644719,2024-03-21T19:39:37.143Z,lsm6dso acceleration sensor,8.499715,1.8052281,3.6367924,3
712749909644652,2024-03-21T19:39:37.153Z,lsm6dso acceleration sensor,8.664915,2.0278888,3.643975,3
712749919644352,2024-03-21T19:39:37.162Z,lsm6dso acceleration sensor,8.909123,2.3798366,3.5003228,3
712749929644285,2024-03-21T19:39:37.172Z,lsm6dso acceleration sensor,9.112631,2.5881321,3.5290532,3
712749939644151,2024-03-21T19:39:37.183Z,lsm6dso acceleration sensor,9.663298,2.8060043,3.5122938,3
712749949643951,2024-03-21T19:39:37.193Z,lsm6dso acceleration sensor,9.979332,2.743755,3.5410242,3
712749959643751,2024-03-21T19:39:37.202Z,lsm6dso acceleration sensor,10.257059,2.4660277,3.6463692,3
712749969643484,2024-03-21T19:39:37.213Z,lsm6dso acceleration sensor,10.326491,2.27928,3.9432502,3
712749979643150,2024-03-21T19:39:37.223Z,lsm6dso acceleration sensor,10.242694,2.042254,4.6471453,3
712749989642816,2024-03-21T19:39:37.233Z,lsm6dso acceleration sensor,10.33128,1.9321208,4.9371433,3
712749999642416,2024-03-21T19:39:37.242Z,lsm6dso acceleration sensor,11.329661,1.5753847,4.9730563,3
712750009641949,2024-03-21T19:39:37.252Z,lsm6dso acceleration sensor,12.375928,1.1899183,4.7309427,3
712750019641482,2024-03-21T19:39:37.262Z,lsm6dso acceleration sensor,14.609718,0.35194764,4.7261543,3
712750029640948,2024-03-21T19:39:37.273Z,lsm6dso acceleration sensor,15.613188,-0.21547815,5.150227,3
712750039640414,2024-03-21T19:39:37.282Z,lsm6dso acceleration sensor,15.577275,-1.0366893,6.4861917,3
712750049639814,2024-03-21T19:39:37.293Z,lsm6dso acceleration sensor,14.63366,-1.520318,7.214029,3
712750059638880,2024-03-21T19:39:37.303Z,lsm6dso acceleration sensor,13.585,-1.2162545,7.879617,3
712750069638213,2024-03-21T19:39:37.312Z,lsm6dso acceleration sensor,12.66802,-0.39983168,7.6018896,3
712750079636779,2024-03-21T19:39:37.323Z,lsm6dso acceleration sensor,11.0974245,-0.110133275,9.07193,3
712750089636679,2024-03-21T19:39:37.333Z,lsm6dso acceleration sensor,9.107842,-0.6392518,9.929053,3
712750099636612,2024-03-21T19:39:37.343Z,lsm6dso acceleration sensor,5.669769,-1.3431472,10.010457,3
712750109636045,2024-03-21T19:39:37.352Z,lsm6dso acceleration sensor,5.4758387,-1.7070658,9.775825,3
712750119635678,2024-03-21T19:39:37.363Z,lsm6dso acceleration sensor,7.817368,-2.6527755,8.81575,3
712750129634411,2024-03-21T19:39:37.372Z,lsm6dso acceleration sensor,9.778219,-3.2154129,8.028057,3
712750139633844,2024-03-21T19:39:37.383Z,lsm6dso acceleration sensor,12.510003,-3.6942532,7.202058,3
712750149632877,2024-03-21T19:39:37.392Z,lsm6dso acceleration sensor,13.0894,-3.5984852,7.226,3
712750159631110,2024-03-21T19:39:37.403Z,lsm6dso acceleration sensor,11.992856,-2.4827871,6.9578495,3
712750169630010,2024-03-21T19:39:37.413Z,lsm6dso acceleration sensor,11.64809,-1.5705963,6.5891423,3
712750179628210,2024-03-21T19:39:37.423Z,lsm6dso acceleration sensor,10.597036,-0.035913024,7.206846,3
712750189627043,2024-03-21T19:39:37.433Z,lsm6dso acceleration sensor,9.22037,0.6847417,7.130232,3
712750199625809,2024-03-21T19:39:37.442Z,lsm6dso acceleration sensor,7.496545,1.5753847,6.6130843,3
712750209624609,2024-03-21T19:39:37.453Z,lsm6dso acceleration sensor,7.2714896,1.8124107,6.395212,3
712750219622642,2024-03-21T19:39:37.463Z,lsm6dso acceleration sensor,7.4079595,1.8339585,5.9618616,3
712750229621308,2024-03-21T19:39:37.472Z,lsm6dso acceleration sensor,7.4941506,1.6543933,5.4159837,3
712750239620041,2024-03-21T19:39:37.482Z,lsm6dso acceleration sensor,7.618649,1.1420342,4.4484267,3
712750249618807,2024-03-21T19:39:37.492Z,lsm6dso acceleration sensor,7.568371,0.7733272,3.8714242,3
712750259617573,2024-03-21T19:39:37.503Z,lsm6dso acceleration sensor,7.18051,0.2705448,3.0142999,3
712750269618339,2024-03-21T19:39:37.512Z,lsm6dso acceleration sensor,6.6753335,0.06943185,2.779668,3
712750279617105,2024-03-21T19:39:37.522Z,lsm6dso acceleration sensor,5.6889224,0.033518825,2.5594015,3
712750289615438,2024-03-21T19:39:37.532Z,lsm6dso acceleration sensor,5.0353055,0.1436521,2.4181437,3
712750299614204,2024-03-21T19:39:37.543Z,lsm6dso acceleration sensor,4.3718123,0.6344634,2.1452048,3
712750309612637,2024-03-21T19:39:37.553Z,lsm6dso acceleration sensor,4.158728,0.8690952,1.9680338,3
712750319611403,2024-03-21T19:39:37.562Z,lsm6dso acceleration sensor,3.7110126,1.2018893,1.5945383,3
712750329610169,2024-03-21T19:39:37.573Z,lsm6dso acceleration sensor,3.4620156,1.2689269,1.3551182,3
712750339608869,2024-03-21T19:39:37.582Z,lsm6dso acceleration sensor,3.1603463,1.1611878,0.9696517,3
712750349607635,2024-03-21T19:39:37.593Z,lsm6dso acceleration sensor,3.3925838,1.1923125,0.7517793,3
712750359606401,2024-03-21T19:39:37.602Z,lsm6dso acceleration sensor,4.223372,1.1683705,0.6584055,3
712750369605101,2024-03-21T19:39:37.613Z,lsm6dso acceleration sensor,4.673482,1.0103531,0.7086837,3
712750379603867,2024-03-21T19:39:37.623Z,lsm6dso acceleration sensor,5.4111953,0.7038953,0.8858546,3
712750389602633,2024-03-21T19:39:37.633Z,lsm6dso acceleration sensor,5.978621,0.6464345,1.127669,3
712750399601399,2024-03-21T19:39:37.642Z,lsm6dso acceleration sensor,6.9793973,0.62967503,1.6041151,3
712750409600165,2024-03-21T19:39:37.653Z,lsm6dso acceleration sensor,7.51091,0.61770403,1.8028339,3
712750419598231,2024-03-21T19:39:37.663Z,lsm6dso acceleration sensor,8.317756,0.62249243,2.2002714,3
712750429596764,2024-03-21T19:39:37.672Z,lsm6dso acceleration sensor,8.578724,0.58897364,2.480393,3
712750439595530,2024-03-21T19:39:37.683Z,lsm6dso acceleration sensor,8.894758,0.39504328,3.1268275,3
712750449594630,2024-03-21T19:39:37.692Z,lsm6dso acceleration sensor,9.1150255,0.19871874,3.4500446,3
712750459594096,2024-03-21T19:39:37.703Z,lsm6dso acceleration sensor,9.912294,-0.21068975,3.8259344,3
712750469592862,2024-03-21T19:39:37.712Z,lsm6dso acceleration sensor,10.637737,-0.50038815,4.1060557,3
712750479592262,2024-03-21T19:39:37.722Z,lsm6dso acceleration sensor,11.748647,-1.0869676,4.596867,3
712750489590095,2024-03-21T19:39:37.733Z,lsm6dso acceleration sensor,11.997644,-1.388637,4.537012,3
712750499588428,2024-03-21T19:39:37.742Z,lsm6dso acceleration sensor,11.959337,-1.6783354,4.072537,3
712750509587194,2024-03-21T19:39:37.752Z,lsm6dso acceleration sensor,11.971308,-1.8411411,3.9863458,3
712750519586660,2024-03-21T19:39:37.763Z,lsm6dso acceleration sensor,12.363956,-2.1452048,4.1012673,3
712750529585426,2024-03-21T19:39:37.772Z,lsm6dso acceleration sensor,12.711116,-2.2146366,4.0174704,3
712750539583759,2024-03-21T19:39:37.782Z,lsm6dso acceleration sensor,13.589788,-1.9967642,3.3375173,3
712750549581792,2024-03-21T19:39:37.793Z,lsm6dso acceleration sensor,13.865121,-1.5825673,2.9903579,3
712750559579758,2024-03-21T19:39:37.802Z,lsm6dso acceleration sensor,13.855544,-0.58418524,3.1124623,3
712750569575791,2024-03-21T19:39:37.813Z,lsm6dso acceleration sensor,13.65922,0.05746084,3.4620156,3
712750579573824,2024-03-21T19:39:37.822Z,lsm6dso acceleration sensor,13.783718,1.163582,4.7788267,3
712750589572924,2024-03-21T19:39:37.833Z,lsm6dso acceleration sensor,14.06384,1.4939818,5.8636994,3
712750599571657,2024-03-21T19:39:37.843Z,lsm6dso acceleration sensor,13.635278,1.5346833,7.0440407,3
712750609570723,2024-03-21T19:39:37.853Z,lsm6dso acceleration sensor,12.375928,1.7286136,6.878841,3
712750619569389,2024-03-21T19:39:37.862Z,lsm6dso acceleration sensor,10.063129,2.56419,7.25473,3
712750629568122,2024-03-21T19:39:37.872Z,lsm6dso acceleration sensor,8.363246,2.861071,7.367258,3
712750639566855,2024-03-21T19:39:37.883Z,lsm6dso acceleration sensor,4.88896,3.0262709,7.5755534,3
712750649565588,2024-03-21T19:39:37.892Z,lsm6dso acceleration sensor,3.8067808,3.0238767,7.716811,3
712750659564354,2024-03-21T19:39:37.903Z,lsm6dso acceleration sensor,3.8833952,3.2968156,7.7575126,3
712750669563120,2024-03-21T19:39:37.912Z,lsm6dso acceleration sensor,5.6793456,3.6966474,7.723994,3
712750679561886,2024-03-21T19:39:37.923Z,lsm6dso acceleration sensor,9.20361,4.122815,7.048829,3
712750689560652,2024-03-21T19:39:37.932Z,lsm6dso acceleration sensor,11.025599,4.3239284,5.9235544,3
712750699559352,2024-03-21T19:39:37.942Z,lsm6dso acceleration sensor,12.246641,3.7541082,5.174169,3
712750709558118,2024-03-21T19:39:37.952Z,lsm6dso acceleration sensor,11.616966,3.095703,5.490204,3
712750719557318,2024-03-21T19:39:37.962Z,lsm6dso acceleration sensor,9.462184,1.5753847,5.4734445,3
712750729556951,2024-03-21T19:39:37.973Z,lsm6dso acceleration sensor,8.401553,0.80445176,5.4279547,3
712750739555717,2024-03-21T19:39:37.982Z,lsm6dso acceleration sensor,7.202058,-0.44532153,5.2986674,3
712750749554483,2024-03-21T19:39:37.992Z,lsm6dso acceleration sensor,6.8644757,-0.9576807,4.831499,3
712750759553249,2024-03-21T19:39:38.002Z,lsm6dso acceleration sensor,6.9339075,-1.3263878,3.8546648,3
712750769552082,2024-03-21T19:39:38.013Z,lsm6dso acceleration sensor,7.082348,-1.388637,3.3877954,3
712750779550148,2024-03-21T19:39:38.022Z,lsm6dso acceleration sensor,7.1493855,-1.0606314,2.7868507,3
712750789549848,2024-03-21T19:39:38.033Z,lsm6dso acceleration sensor,6.9458785,-0.7613561,2.7820623,3
712750799549048,2024-03-21T19:39:38.043Z,lsm6dso acceleration sensor,6.024111,-0.2753332,2.7748797,3
712750809547748,2024-03-21T19:39:38.053Z,lsm6dso acceleration sensor,5.3800707,-0.0047884034,2.837129,3
712750819546514,2024-03-21T19:39:38.063Z,lsm6dso acceleration sensor,4.4939165,0.39743748,1.4676456,3
712750829545280,2024-03-21T19:39:38.072Z,lsm6dso acceleration sensor,4.261679,0.39025488,0.89543146,3
712750839544413,2024-03-21T19:39:38.082Z,lsm6dso acceleration sensor,4.2784386,0.107739076,0.89782566,3
712750849543879,2024-03-21T19:39:38.093Z,lsm6dso acceleration sensor,4.292804,-0.031124622,0.8355764,3
712750859542645,2024-03-21T19:39:38.103Z,lsm6dso acceleration sensor,4.4819455,-0.22266077,0.7757214,3
712750869542045,2024-03-21T19:39:38.112Z,lsm6dso acceleration sensor,4.8003745,-0.23223756,1.0510546,3
712750879541511,2024-03-21T19:39:38.122Z,lsm6dso acceleration sensor,5.789479,-0.10534488,1.8291701,3
712750889540277,2024-03-21T19:39:38.132Z,lsm6dso acceleration sensor,6.332963,0.009576807,2.1308396,3
712750899539043,2024-03-21T19:39:38.142Z,lsm6dso acceleration sensor,7.4438725,0.23702596,2.7509377,3
712750909537809,2024-03-21T19:39:38.152Z,lsm6dso acceleration sensor,7.958626,0.35194764,3.1747115,3
712750919536575,2024-03-21T19:39:38.163Z,lsm6dso acceleration sensor,8.569147,0.5530606,3.7445314,3
712750929534975,2024-03-21T19:39:38.172Z,lsm6dso acceleration sensor,8.8444805,0.7350199,3.9863458,3
712750939533775,2024-03-21T19:39:38.182Z,lsm6dso acceleration sensor,9.26586,0.9864111,4.2664676,3
712750949532608,2024-03-21T19:39:38.192Z,lsm6dso acceleration sensor,9.452607,1.1611878,4.331111,3
712750959531474,2024-03-21T19:39:38.203Z,lsm6dso acceleration sensor,9.656115,1.4580688,4.4580035,3
712750969530407,2024-03-21T19:39:38.212Z,lsm6dso acceleration sensor,9.727941,1.6256629,4.6399627,3
712750979529307,2024-03-21T19:39:38.223Z,lsm6dso acceleration sensor,9.732729,1.8531121,4.8458643,3
712750989528273,2024-03-21T19:39:38.233Z,lsm6dso acceleration sensor,9.914688,2.0254946,4.9275665,3
712750999527273,2024-03-21T19:39:38.243Z,lsm6dso acceleration sensor,10.221147,2.2290018,5.272331,3
712751009526273,2024-03-21T19:39:38.252Z,lsm6dso acceleration sensor,10.2857895,2.303222,5.3513403,3
712751019525339,2024-03-21T19:39:38.262Z,lsm6dso acceleration sensor,9.92666,2.5570073,5.4758387,3
712751029524405,2024-03-21T19:39:38.272Z,lsm6dso acceleration sensor,9.402329,2.7102363,5.5189342,3
712751039523471,2024-03-21T19:39:38.283Z,lsm6dso acceleration sensor,8.50211,2.8299465,5.68174,3
712751049522537,2024-03-21T19:39:38.292Z,lsm6dso acceleration sensor,8.432677,2.6503813,5.5332994,3
712751059521537,2024-03-21T19:39:38.303Z,lsm6dso acceleration sensor,9.976937,1.6998832,4.795586,3
712751069520537,2024-03-21T19:39:38.312Z,lsm6dso acceleration sensor,11.248259,0.9983821,4.345476,3
712751079520303,2024-03-21T19:39:38.322Z,lsm6dso acceleration sensor,12.806884,-0.41180268,4.098873,3
712751089519303,2024-03-21T19:39:38.332Z,lsm6dso acceleration sensor,13.642461,-1.2497733,4.367024,3
712751099518369,2024-03-21T19:39:38.342Z,lsm6dso acceleration sensor,13.654431,-2.3511062,5.087978,3
712751109517435,2024-03-21T19:39:38.352Z,lsm6dso acceleration sensor,13.1277075,-2.791639,5.6913166,3
712751119516435,2024-03-21T19:39:38.362Z,lsm6dso acceleration sensor,11.810896,-2.9831753,6.330569,3
712751129515501,2024-03-21T19:39:38.373Z,lsm6dso acceleration sensor,10.836456,-2.705448,6.440702,3
712751139514567,2024-03-21T19:39:38.383Z,lsm6dso acceleration sensor,9.433454,-2.3535004,8.00651,3
712751149513367,2024-03-21T19:39:38.392Z,lsm6dso acceleration sensor,8.413524,-2.2122424,9.148544,3
712751159513133,2024-03-21T19:39:38.402Z,lsm6dso acceleration sensor,6.2755017,-1.9608512,10.429441,3
712751169512199,2024-03-21T19:39:38.413Z,lsm6dso acceleration sensor,5.650615,-1.8938135,10.491692,3
712751179511265,2024-03-21T19:39:38.422Z,lsm6dso acceleration sensor,6.3760586,-1.8267759,9.969755,3
712751189510498,2024-03-21T19:39:38.433Z,lsm6dso acceleration sensor,7.762301,-1.9057846,9.81892,3
712751199508798,2024-03-21T19:39:38.442Z,lsm6dso acceleration sensor,10.283396,-2.1452048,9.610625,3
712751209507864,2024-03-21T19:39:38.452Z,lsm6dso acceleration sensor,11.66485,-2.2936451,9.366416,3
712751219506230,2024-03-21T19:39:38.462Z,lsm6dso acceleration sensor,13.235446,-2.2720973,8.542811,3
712751229505596,2024-03-21T19:39:38.472Z,lsm6dso acceleration sensor,13.197139,-2.0949266,8.047212,3
712751239504629,2024-03-21T19:39:38.482Z,lsm6dso acceleration sensor,11.700763,-1.6496049,7.714417,3
712751249503562,2024-03-21T19:39:38.493Z,lsm6dso acceleration sensor,10.745477,-1.3694834,7.7215996,3
712751259502495,2024-03-21T19:39:38.502Z,lsm6dso acceleration sensor,9.064747,-0.7517793,7.8101854,3
712751269501361,2024-03-21T19:39:38.513Z,lsm6dso acceleration sensor,8.312967,-0.40462008,7.8939824,3
712751279499494,2024-03-21T19:39:38.522Z,lsm6dso acceleration sensor,7.4175363,-0.019153614,7.307403,3
712751289498327,2024-03-21T19:39:38.533Z,lsm6dso acceleration sensor,7.2355766,0.059855044,6.6537857,3
712751299497127,2024-03-21T19:39:38.542Z,lsm6dso acceleration sensor,7.3959885,0.050278235,5.269937,3
712751309495860,2024-03-21T19:39:38.552Z,lsm6dso acceleration sensor,7.5899186,-0.079008654,4.474763,3
712751319494593,2024-03-21T19:39:38.563Z,lsm6dso acceleration sensor,7.288249,-0.18195933,3.5075054,3
712751329493326,2024-03-21T19:39:38.572Z,lsm6dso acceleration sensor,6.953061,-0.08379706,2.885013,3
712751339491992,2024-03-21T19:39:38.583Z,lsm6dso acceleration sensor,5.9139776,0.24899697,1.7501614,3
712751349490725,2024-03-21T19:39:38.592Z,lsm6dso acceleration sensor,5.3106384,0.44532153,1.6472107,3
712751359488758,2024-03-21T19:39:38.602Z,lsm6dso acceleration sensor,4.3263226,0.6584055,1.6136919,3
712751369487458,2024-03-21T19:39:38.612Z,lsm6dso acceleration sensor,3.7445314,0.7278373,1.4652514,3
712751379486224,2024-03-21T19:39:38.622Z,lsm6dso acceleration sensor,3.0095115,0.7062895,1.283292,3
712751389484990,2024-03-21T19:39:38.633Z,lsm6dso acceleration sensor,2.8060043,0.58418524,1.2785037,3
712751399483756,2024-03-21T19:39:38.643Z,lsm6dso acceleration sensor,2.9472623,0.2825158,1.2018893,3
712751409482522,2024-03-21T19:39:38.653Z,lsm6dso acceleration sensor,3.2345665,0.05267244,1.115698,3
712751419480588,2024-03-21T19:39:38.662Z,lsm6dso acceleration sensor,4.1395745,-0.3878607,0.9888053,3
712751429479354,2024-03-21T19:39:38.673Z,lsm6dso acceleration sensor,4.7644615,-0.60812724,0.94331545,3
712751439478120,2024-03-21T19:39:38.683Z,lsm6dso acceleration sensor,5.7368064,-0.9816227,1.0630256,3
712751449477086,2024-03-21T19:39:38.692Z,lsm6dso acceleration sensor,6.244377,-1.127669,1.2473791,3
712751459475152,2024-03-21T19:39:38.702Z,lsm6dso acceleration sensor,6.9363017,-1.2856863,1.7980455,3
712751469473918,2024-03-21T19:39:38.713Z,lsm6dso acceleration sensor,7.3217683,-1.3000516,2.1787236,3
712751479472618,2024-03-21T19:39:38.723Z,lsm6dso acceleration sensor,7.9203186,-1.1755531,2.7820623,3
712751489471218,2024-03-21T19:39:38.732Z,lsm6dso acceleration sensor,8.128614,-1.0726024,3.0095115,3
712751499470684,2024-03-21T19:39:38.742Z,lsm6dso acceleration sensor,8.643368,-0.878672,3.4261026,3
712751509469450,2024-03-21T19:39:38.752Z,lsm6dso acceleration sensor,9.014469,-0.8523358,3.6415808,3
712751519468916,2024-03-21T19:39:38.762Z,lsm6dso acceleration sensor,9.902718,-0.94810385,4.074931,3
712751529467682,2024-03-21T19:39:38.772Z,lsm6dso acceleration sensor,10.209175,-1.0893618,4.5154643,3
712751539466448,2024-03-21T19:39:38.783Z,lsm6dso acceleration sensor,10.055946,-1.3958195,4.9850273,3
712751549465214,2024-03-21T19:39:38.792Z,lsm6dso acceleration sensor,10.501268,-1.6448165,4.84347,3
712751559463914,2024-03-21T19:39:38.803Z,lsm6dso acceleration sensor,11.559505,-2.1571758,4.3885717,3
712751569462680,2024-03-21T19:39:38.813Z,lsm6dso acceleration sensor,11.882722,-2.4732103,4.2066126,3
712751579462146,2024-03-21T19:39:38.822Z,lsm6dso acceleration sensor,12.495638,-2.9233203,3.9671922,3
712751589460846,2024-03-21T19:39:38.833Z,lsm6dso acceleration sensor,12.986449,-3.0765493,3.857059,3
712751599458912,2024-03-21T19:39:38.842Z,lsm6dso acceleration sensor,13.719075,-2.9520507,3.5553896,3
712751609457678,2024-03-21T19:39:38.852Z,lsm6dso acceleration sensor,14.044686,-2.5330653,3.3806129,3
712751619455678,2024-03-21T19:39:38.863Z,lsm6dso acceleration sensor,14.207492,-1.2497733,3.8714242,3
712751629454444,2024-03-21T19:39:38.872Z,lsm6dso acceleration sensor,13.996802,-0.23463176,4.5801077,3
712751639453210,2024-03-21T19:39:38.882Z,lsm6dso acceleration sensor,12.679992,1.5490485,5.662586,3
712751649451976,2024-03-21T19:39:38.892Z,lsm6dso acceleration sensor,11.959337,2.1739352,6.2587423,3
712751659451442,2024-03-21T19:39:38.903Z,lsm6dso acceleration sensor,11.042357,2.6503813,7.8844056,3
712751669450175,2024-03-21T19:39:38.913Z,lsm6dso acceleration sensor,10.336068,2.3008277,8.042423,3
712751679448908,2024-03-21T19:39:38.922Z,lsm6dso acceleration sensor,9.136573,1.7645266,8.030452,3
712751689447641,2024-03-21T19:39:38.932Z,lsm6dso acceleration sensor,8.468591,1.7669208,8.032846,3
712751699446307,2024-03-21T19:39:38.943Z,lsm6dso acceleration sensor,6.962638,2.1523874,8.298602,3
712751709445040,2024-03-21T19:39:38.953Z,lsm6dso acceleration sensor,5.928343,2.4253263,8.346486,3
712751719444473,2024-03-21T19:39:38.963Z,lsm6dso acceleration sensor,5.2172647,2.6527755,8.054394,3
712751729443139,2024-03-21T19:39:38.973Z,lsm6dso acceleration sensor,5.698499,2.7629087,7.8221564,3
712751739441872,2024-03-21T19:39:38.983Z,lsm6dso acceleration sensor,8.138191,3.1148565,7.3026147,3
712751749440605,2024-03-21T19:39:38.993Z,lsm6dso acceleration sensor,9.876381,3.2632968,6.9195423,3
712751759440038,2024-03-21T19:39:39.003Z,lsm6dso acceleration sensor,11.930606,3.0909145,6.4454904,3
712751769438771,2024-03-21T19:39:39.013Z,lsm6dso acceleration sensor,11.913847,2.5953147,6.5699887,3
712751779437504,2024-03-21T19:39:39.023Z,lsm6dso acceleration sensor,10.551546,1.3024458,6.335357,3
712751789436237,2024-03-21T19:39:39.032Z,lsm6dso acceleration sensor,9.794978,0.7661445,6.1917048,3
712751799435003,2024-03-21T19:39:39.043Z,lsm6dso acceleration sensor,8.413524,-0.36391866,6.3521166,3
712751809433003,2024-03-21T19:39:39.052Z,lsm6dso acceleration sensor,7.9777794,-0.7326257,6.2252235,3
712751819431769,2024-03-21T19:39:39.062Z,lsm6dso acceleration sensor,7.5540056,-1.2282255,5.207688,3
712751829430535,2024-03-21T19:39:39.072Z,lsm6dso acceleration sensor,7.4055653,-1.3790601,4.5274353,3
712751839429235,2024-03-21T19:39:39.083Z,lsm6dso acceleration sensor,7.4055653,-1.3694834,3.6248214,3
712751849428001,2024-03-21T19:39:39.093Z,lsm6dso acceleration sensor,7.3121915,-1.1659763,2.9400797,3
712751859426767,2024-03-21T19:39:39.103Z,lsm6dso acceleration sensor,7.096713,-0.63206923,2.1547816,3
712751869425467,2024-03-21T19:39:39.112Z,lsm6dso acceleration sensor,6.878841,-0.3184288,2.4157495,3
712751879424233,2024-03-21T19:39:39.123Z,lsm6dso acceleration sensor,5.885247,0.36152446,1.436521,3
712751889422999,2024-03-21T19:39:39.132Z,lsm6dso acceleration sensor,5.2531776,0.51714754,0.7493851,3
712751899422465,2024-03-21T19:39:39.142Z,lsm6dso acceleration sensor,4.733337,0.46686932,1.0007763,3
712751909421231,2024-03-21T19:39:39.153Z,lsm6dso acceleration sensor,4.510676,0.32800564,1.2665327,3
712751919420697,2024-03-21T19:39:39.163Z,lsm6dso acceleration sensor,4.134786,-0.009576807,1.4389153,3
712751929419463,2024-03-21T19:39:39.172Z,lsm6dso acceleration sensor,4.1419687,-0.1388637,1.6208745,3
712751939418229,2024-03-21T19:39:39.182Z,lsm6dso acceleration sensor,4.594473,-0.23942018,1.99437,3
712751949416929,2024-03-21T19:39:39.192Z,lsm6dso acceleration sensor,5.090372,-0.18914193,2.1284454,3
712751959415695,2024-03-21T19:39:39.203Z,lsm6dso acceleration sensor,6.2587423,0.038307227,2.1021092,3
712751969414461,2024-03-21T19:39:39.213Z,lsm6dso acceleration sensor,6.7375827,0.1412579,2.1092918,3
712751979413161,2024-03-21T19:39:39.222Z,lsm6dso acceleration sensor,7.6497736,0.34237084,2.2050598,3
712751989411927,2024-03-21T19:39:39.232Z,lsm6dso acceleration sensor,8.011298,0.49559975,2.3463178,3
712751999410693,2024-03-21T19:39:39.242Z,lsm6dso acceleration sensor,7.922713,0.6919243,2.8754363,3
712752009409459,2024-03-21T19:39:39.253Z,lsm6dso acceleration sensor,7.793426,0.78050977,3.0933087,3
712752019408225,2024-03-21T19:39:39.262Z,lsm6dso acceleration sensor,8.403947,0.9864111,3.1603463,3
712752029407891,2024-03-21T19:39:39.272Z,lsm6dso acceleration sensor,8.803779,1.0893618,3.1387985,3
712752039406691,2024-03-21T19:39:39.283Z,lsm6dso acceleration sensor,9.033623,1.2138603,3.2489316,3
712752049405524,2024-03-21T19:39:39.293Z,lsm6dso acceleration sensor,8.990526,1.2473791,3.394978,3
712752059404357,2024-03-21T19:39:39.302Z,lsm6dso acceleration sensor,8.911518,1.4149733,3.8474822,3
712752069403257,2024-03-21T19:39:39.312Z,lsm6dso acceleration sensor,8.928277,1.5705963,4.0438066,3
712752079402157,2024-03-21T19:39:39.323Z,lsm6dso acceleration sensor,9.519646,1.922544,4.2401314,3
712752089400990,2024-03-21T19:39:39.333Z,lsm6dso acceleration sensor,9.964967,2.1739352,4.39336,3
712752099399856,2024-03-21T19:39:39.343Z,lsm6dso acceleration sensor,10.276213,2.56419,4.8219223,3
712752109399422,2024-03-21T19:39:39.352Z,lsm6dso acceleration sensor,10.003274,2.801216,4.9610853,3
712752119398222,2024-03-21T19:39:39.363Z,lsm6dso acceleration sensor,9.419088,2.873042,5.0736127,3
712752129397088,2024-03-21T19:39:39.373Z,lsm6dso acceleration sensor,9.620202,2.6839,5.1191025,3
712752139395954,2024-03-21T19:39:39.383Z,lsm6dso acceleration sensor,11.150097,1.7788919,4.675876,3
712752149394820,2024-03-21T19:39:39.393Z,lsm6dso acceleration sensor,12.342409,1.0151415,4.2425256,3
712752159393686,2024-03-21T19:39:39.402Z,lsm6dso acceleration sensor,14.051869,-0.4357447,3.4739866,3
712752169392552,2024-03-21T19:39:39.412Z,lsm6dso acceleration sensor,14.597747,-1.2569559,3.4261026,3
712752179391418,2024-03-21T19:39:39.423Z,lsm6dso acceleration sensor,13.7645645,-2.8874073,4.402937,3
712752189390284,2024-03-21T19:39:39.432Z,lsm6dso acceleration sensor,12.708722,-3.4835634,5.5213284,3
712752199389084,2024-03-21T19:39:39.443Z,lsm6dso acceleration sensor,10.8268795,-3.4835634,6.538864,3
712752209387950,2024-03-21T19:39:39.452Z,lsm6dso acceleration sensor,9.428665,-3.1962593,6.694487,3
712752219386816,2024-03-21T19:39:39.463Z,lsm6dso acceleration sensor,9.000103,-1.5490485,7.791032,3
712752229385616,2024-03-21T19:39:39.472Z,lsm6dso acceleration sensor,8.39437,-1.2689269,8.731953,3
712752239384482,2024-03-21T19:39:39.483Z,lsm6dso acceleration sensor,6.572383,-0.8523358,10.020034,3
712752249416682,2024-03-21T19:39:39.493Z,lsm6dso acceleration sensor,6.048053,-0.6631939,10.257059,3
712752259448815,2024-03-21T19:39:39.503Z,lsm6dso acceleration sensor,6.5675945,-0.7565677,10.307338,3
712752269481015,2024-03-21T19:39:39.512Z,lsm6dso acceleration sensor,8.061577,-1.0223241,9.914688,3
712752279513215,2024-03-21T19:39:39.523Z,lsm6dso acceleration sensor,12.193969,-1.5394717,9.086295,3
712752289545415,2024-03-21T19:39:39.532Z,lsm6dso acceleration sensor,14.70788,-1.8243817,8.554782,3
712752299577615,2024-03-21T19:39:39.542Z,lsm6dso acceleration sensor,16.511013,-2.1380222,7.3481045,3
712752309609748,2024-03-21T19:39:39.553Z,lsm6dso acceleration sensor,15.718533,-2.1021092,7.3145857,3
712752319641948,2024-03-21T19:39:39.563Z,lsm6dso acceleration sensor,12.739846,-1.448492,8.198046,3
712752329673248,2024-03-21T19:39:39.573Z,lsm6dso acceleration sensor,11.401487,-1.0175357,8.557177,3
712752339705348,2024-03-21T19:39:39.583Z,lsm6dso acceleration sensor,8.808567,-0.260968,8.511686,3
712752349737481,2024-03-21T19:39:39.592Z,lsm6dso acceleration sensor,7.532458,0.1364695,8.114249,3
712752359769547,2024-03-21T19:39:39.603Z,lsm6dso acceleration sensor,6.5221047,0.46447513,6.787861,3
712752369801547,2024-03-21T19:39:39.612Z,lsm6dso acceleration sensor,6.929119,0.62488663,5.918766,3
712752379833613,2024-03-21T19:39:39.623Z,lsm6dso acceleration sensor,7.7982144,0.60094464,4.6016555,3
712752389865679,2024-03-21T19:39:39.632Z,lsm6dso acceleration sensor,7.817368,0.5674258,3.4117374,3
712752399897679,2024-03-21T19:39:39.643Z,lsm6dso acceleration sensor,7.328951,0.80684596,2.4732103,3
712752409929745,2024-03-21T19:39:39.653Z,lsm6dso acceleration sensor,6.7088523,1.043872,1.7166426,3
712752419961145,2024-03-21T19:39:39.662Z,lsm6dso acceleration sensor,5.0616417,1.271321,0.8882488,3
712752429993245,2024-03-21T19:39:39.672Z,lsm6dso acceleration sensor,4.268862,1.3431472,1.0821792,3
712752440025345,2024-03-21T19:39:39.684Z,lsm6dso acceleration sensor,3.122039,1.3215994,1.4820108,3
712752450057378,2024-03-21T19:39:39.693Z,lsm6dso acceleration sensor,2.705448,1.3215994,1.532289,3
712752460089478,2024-03-21T19:39:39.703Z,lsm6dso acceleration sensor,2.0494366,0.9840169,1.7381904,3
712752470122244,2024-03-21T19:39:39.714Z,lsm6dso acceleration sensor,2.1787236,0.7374141,1.6998832,3
712752480154277,2024-03-21T19:39:39.724Z,lsm6dso acceleration sensor,3.229778,0.12928689,1.5921441,3
712752490186377,2024-03-21T19:39:39.734Z,lsm6dso acceleration sensor,4.10845,-0.22984336,1.541866,3
712752500218043,2024-03-21T19:39:39.743Z,lsm6dso acceleration sensor,5.370494,-0.8523358,1.5107412,3
712752510250076,2024-03-21T19:39:39.754Z,lsm6dso acceleration sensor,5.8253922,-1.0773908,1.5298948,3
712752520281476,2024-03-21T19:39:39.764Z,lsm6dso acceleration sensor,6.6035075,-1.4269443,1.910573,3
712752530313576,2024-03-21T19:39:39.773Z,lsm6dso acceleration sensor,6.86687,-1.508347,2.147599,3
712752540345676,2024-03-21T19:39:39.784Z,lsm6dso acceleration sensor,7.240365,-1.5442601,2.4540567,3
712752550344442,2024-03-21T19:39:39.793Z,lsm6dso acceleration sensor,7.537246,-1.520318,2.6503813,3
712752560343208,2024-03-21T19:39:39.803Z,lsm6dso acceleration sensor,8.047212,-1.4987702,3.0071173,3
712752570341974,2024-03-21T19:39:39.813Z,lsm6dso acceleration sensor,8.2555065,-1.4652514,3.1292217,3
712752580340307,2024-03-21T19:39:39.824Z,lsm6dso acceleration sensor,8.430284,-1.3982137,3.3518825,3
712752590339007,2024-03-21T19:39:39.833Z,lsm6dso acceleration sensor,8.504503,-1.3742718,3.5889084,3
712752600337773,2024-03-21T19:39:39.843Z,lsm6dso acceleration sensor,8.882788,-1.3359646,4.0821137,3
712752610335839,2024-03-21T19:39:39.853Z,lsm6dso acceleration sensor,9.268254,-1.4101849,4.3742065,3
712752620334539,2024-03-21T19:39:39.863Z,lsm6dso acceleration sensor,10.304943,-1.721431,4.546589,3
712752630333305,2024-03-21T19:39:39.873Z,lsm6dso acceleration sensor,10.762236,-2.135628,4.5681367,3
712752640332071,2024-03-21T19:39:39.883Z,lsm6dso acceleration sensor,11.365575,-2.944868,4.486734,3
712752650330771,2024-03-21T19:39:39.893Z,lsm6dso acceleration sensor,11.786954,-3.466804,4.3406878,3
712752660329537,2024-03-21T19:39:39.903Z,lsm6dso acceleration sensor,12.435782,-4.27365,4.187459,3
712752670328303,2024-03-21T19:39:39.914Z,lsm6dso acceleration sensor,12.682385,-4.5513773,4.122815,3
712752680327069,2024-03-21T19:39:39.923Z,lsm6dso acceleration sensor,12.976872,-4.5657425,3.7924154,3
712752690325669,2024-03-21T19:39:39.933Z,lsm6dso acceleration sensor,13.075035,-4.1802764,3.70383,3
712752700324435,2024-03-21T19:39:39.943Z,lsm6dso acceleration sensor,13.32882,-2.9400797,4.120421,3
712752710323201,2024-03-21T19:39:39.954Z,lsm6dso acceleration sensor,13.446136,-2.0254946,4.620809,3
712752720322634,2024-03-21T19:39:39.964Z,lsm6dso acceleration sensor,13.154043,-0.24181437,5.2292356,3
712752730321300,2024-03-21T19:39:39.974Z,lsm6dso acceleration sensor,12.976872,0.521936,4.9634795,3
712752740320033,2024-03-21T19:39:39.983Z,lsm6dso acceleration sensor,13.304878,0.7517793,5.626673,3
712752750318766,2024-03-21T19:39:39.994Z,lsm6dso acceleration sensor,13.391069,0.40940848,6.136638,3
712752760317432,2024-03-21T19:39:40.003Z,lsm6dso acceleration sensor,12.055105,0.17477672,5.753566,3
712752770315498,2024-03-21T19:39:40.013Z,lsm6dso acceleration sensor,10.470143,0.48841715,5.767931,3
712752780314231,2024-03-21T19:39:40.024Z,lsm6dso acceleration sensor,6.7974377,1.6089035,6.124667,3
712752790312964,2024-03-21T19:39:40.033Z,lsm6dso acceleration sensor,5.2507834,2.327164,6.347328,3
712752800312130,2024-03-21T19:39:40.044Z,lsm6dso acceleration sensor,4.086902,3.3255463,6.5197105,3
712752810310863,2024-03-21T19:39:40.053Z,lsm6dso acceleration sensor,4.381389,3.821146,6.526893,3
712752820310296,2024-03-21T19:39:40.064Z,lsm6dso acceleration sensor,7.228394,4.7884035,6.8644757,3
712752830309062,2024-03-21T19:39:40.073Z,lsm6dso acceleration sensor,9.059958,5.162198,6.7375827,3
712752840307762,2024-03-21T19:39:40.084Z,lsm6dso acceleration sensor,10.922647,5.3872533,6.455067,3
712752850306528,2024-03-21T19:39:40.094Z,lsm6dso acceleration sensor,10.8268795,5.0927663,6.5939307,3
712752860305294,2024-03-21T19:39:40.104Z,lsm6dso acceleration sensor,10.695198,3.5984852,7.448661,3
712752870303994,2024-03-21T19:39:40.113Z,lsm6dso acceleration sensor,10.49648,2.7341783,7.3026147,3
712752880303194,2024-03-21T19:39:40.123Z,lsm6dso acceleration sensor,9.804555,0.78290397,6.6849103,3
712752890301960,2024-03-21T19:39:40.134Z,lsm6dso acceleration sensor,9.438242,-0.21068975,6.304232,3
712752900300660,2024-03-21T19:39:40.143Z,lsm6dso acceleration sensor,8.5499935,-1.5897499,5.4710503,3
712752910300126,2024-03-21T19:39:40.154Z,lsm6dso acceleration sensor,8.176498,-2.0278888,4.7907977,3
712752920298892,2024-03-21T19:39:40.164Z,lsm6dso acceleration sensor,8.073547,-2.0039468,3.9336734,3
712752930297658,2024-03-21T19:39:40.174Z,lsm6dso acceleration sensor,7.740753,-1.5993267,3.5865142,3
712752940296424,2024-03-21T19:39:40.184Z,lsm6dso acceleration sensor,6.988974,-0.58418524,2.6288335,3
712752950295190,2024-03-21T19:39:40.193Z,lsm6dso acceleration sensor,6.8836293,-0.11252748,2.0685902,3
712752960293256,2024-03-21T19:39:40.204Z,lsm6dso acceleration sensor,6.548441,0.7661445,1.1252748,3
712752970292022,2024-03-21T19:39:40.214Z,lsm6dso acceleration sensor,6.000169,1.2378023,1.4030021,3
712752980290722,2024-03-21T19:39:40.223Z,lsm6dso acceleration sensor,4.453215,1.9991584,0.7613561,3
712752990289655,2024-03-21T19:39:40.233Z,lsm6dso acceleration sensor,3.6176388,2.0494366,0.51954174,3
712753000288421,2024-03-21T19:39:40.243Z,lsm6dso acceleration sensor,3.2273839,1.7118542,1.316811,3
712753010287121,2024-03-21T19:39:40.253Z,lsm6dso acceleration sensor,3.4763808,1.4030021,1.5682021,3
712753020285387,2024-03-21T19:39:40.264Z,lsm6dso acceleration sensor,4.381389,0.8714894,1.6352397,3
712753030284153,2024-03-21T19:39:40.274Z,lsm6dso acceleration sensor,5.0472765,0.581791,1.8866309,3
712753040282919,2024-03-21T19:39:40.284Z,lsm6dso acceleration sensor,6.28029,0.17238252,2.5306711,3
712753050281685,2024-03-21T19:39:40.293Z,lsm6dso acceleration sensor,6.7256117,0.05267244,2.753332,3
712753060280451,2024-03-21T19:39:40.304Z,lsm6dso acceleration sensor,7.501333,0.0,3.145981,3
712753070279217,2024-03-21T19:39:40.314Z,lsm6dso acceleration sensor,7.805397,0.059855044,3.1627405,3
712753080278017,2024-03-21T19:39:40.323Z,lsm6dso acceleration sensor,8.169315,0.18914193,3.217807,3
712753090276850,2024-03-21T19:39:40.333Z,lsm6dso acceleration sensor,8.243536,0.22266077,3.3255463,3
712753100275750,2024-03-21T19:39:40.344Z,lsm6dso acceleration sensor,8.020875,0.2681506,3.6296098,3
712753110274716,2024-03-21T19:39:40.354Z,lsm6dso acceleration sensor,7.865252,0.31124622,3.6990416,3
712753120273649,2024-03-21T19:39:40.364Z,lsm6dso acceleration sensor,7.8844056,0.29448682,3.4284968,3
712753130272615,2024-03-21T19:39:40.374Z,lsm6dso acceleration sensor,8.162133,0.19632454,3.3039982,3
712753140271615,2024-03-21T19:39:40.383Z,lsm6dso acceleration sensor,9.028834,0.06464344,3.2393548,3
712753150270615,2024-03-21T19:39:40.394Z,lsm6dso acceleration sensor,9.462184,0.01436521,3.2968156,3
712753160269681,2024-03-21T19:39:40.404Z,lsm6dso acceleration sensor,9.838074,-0.009576807,3.6367924,3
712753170268747,2024-03-21T19:39:40.413Z,lsm6dso acceleration sensor,10.106225,0.107739076,3.940856,3
712753180267813,2024-03-21T19:39:40.424Z,lsm6dso acceleration sensor,10.154109,0.4333505,4.156334,3
712753190266879,2024-03-21T19:39:40.434Z,lsm6dso acceleration sensor,10.247482,0.830788,4.3263226,3
712753200265945,2024-03-21T19:39:40.444Z,lsm6dso acceleration sensor,10.307338,1.3934253,4.5322237,3
712753210265011,2024-03-21T19:39:40.454Z,lsm6dso acceleration sensor,10.49648,1.5011644,4.5441947,3
712753220264077,2024-03-21T19:39:40.463Z,lsm6dso acceleration sensor,11.763012,1.2593501,4.5513773,3
712753230263077,2024-03-21T19:39:40.473Z,lsm6dso acceleration sensor,12.68478,0.7038953,4.4101195,3
712753240262143,2024-03-21T19:39:40.484Z,lsm6dso acceleration sensor,13.647249,-0.62009823,4.1276035,3
712753250261209,2024-03-21T19:39:40.494Z,lsm6dso acceleration sensor,13.750199,-1.4269443,4.19943,3
712753260260909,2024-03-21T19:39:40.504Z,lsm6dso acceleration sensor,12.948142,-2.6839,4.982633,3
712753270259975,2024-03-21T19:39:40.514Z,lsm6dso acceleration sensor,12.553099,-2.9975405,5.4734445,3
712753280259041,2024-03-21T19:39:40.523Z,lsm6dso acceleration sensor,11.566688,-2.8514943,6.1510034,3
712753290258107,2024-03-21T19:39:40.533Z,lsm6dso acceleration sensor,10.5084505,-2.3678656,6.1629744,3
712753300257173,2024-03-21T19:39:40.543Z,lsm6dso acceleration sensor,9.739912,-1.1971009,8.305785,3
712753310256239,2024-03-21T19:39:40.554Z,lsm6dso acceleration sensor,8.509292,-0.9816227,9.720758,3
712753320255805,2024-03-21T19:39:40.564Z,lsm6dso acceleration sensor,6.354511,-0.7302315,10.321703,3
712753330254871,2024-03-21T19:39:40.574Z,lsm6dso acceleration sensor,5.954679,-0.62488663,10.008062,3
712753340253871,2024-03-21T19:39:40.584Z,lsm6dso acceleration sensor,7.9418664,-0.6344634,9.519646,3
712753350252937,2024-03-21T19:39:40.593Z,lsm6dso acceleration sensor,10.405499,-0.80205756,9.426271,3
712753360252003,2024-03-21T19:39:40.603Z,lsm6dso acceleration sensor,14.758458,-1.1923125,9.881169,3
712753370251003,2024-03-21T19:39:40.613Z,lsm6dso acceleration sensor,15.59164,-1.364695,9.948207,3
712753380250036,2024-03-21T19:39:40.624Z,lsm6dso acceleration sensor,14.3295965,-1.448492,9.438242,3
712753390248969,2024-03-21T19:39:40.633Z,lsm6dso acceleration sensor,12.914623,-1.2401965,9.364022,3
712753400247902,2024-03-21T19:39:40.644Z,lsm6dso acceleration sensor,9.507674,-0.7062895,9.14615,3
712753410246768,2024-03-21T19:39:40.654Z,lsm6dso acceleration sensor,8.2555065,-0.4189853,8.77026,3
712753420245001,2024-03-21T19:39:40.664Z,lsm6dso acceleration sensor,7.644985,0.21787235,7.889194,3
712753430243834,2024-03-21T19:39:40.673Z,lsm6dso acceleration sensor,8.028057,0.4405331,7.7670894,3
712753440242634,2024-03-21T19:39:40.684Z,lsm6dso acceleration sensor,8.308179,0.8451532,6.452673,3
712753450241367,2024-03-21T19:39:40.694Z,lsm6dso acceleration sensor,8.092701,0.8379706,5.868488,3
712753460240100,2024-03-21T19:39:40.703Z,lsm6dso acceleration sensor,7.692869,1.1659763,3.8833952,3
712753470238833,2024-03-21T19:39:40.713Z,lsm6dso acceleration sensor,7.1948752,1.3072342,2.779668,3
712753480237299,2024-03-21T19:39:40.723Z,lsm6dso acceleration sensor,6.026505,1.6400281,1.99437,3
712753490235332,2024-03-21T19:39:40.734Z,lsm6dso acceleration sensor,5.3633113,1.7621324,1.6711528,3
712753500234065,2024-03-21T19:39:40.743Z,lsm6dso acceleration sensor,4.10845,1.6184803,1.0510546,3
712753510232731,2024-03-21T19:39:40.754Z,lsm6dso acceleration sensor,3.3877954,1.4101849,0.78050977,3
712753520231464,2024-03-21T19:39:40.764Z,lsm6dso acceleration sensor,2.4013844,0.92176765,0.50278234,3
712753530230197,2024-03-21T19:39:40.774Z,lsm6dso acceleration sensor,2.1452048,0.58657944,0.40462008,3
712753540228930,2024-03-21T19:39:40.783Z,lsm6dso acceleration sensor,2.2984335,0.062249243,0.10295067,3
712753550227463,2024-03-21T19:39:40.793Z,lsm6dso acceleration sensor,2.7605145,-0.2633622,0.06943185,3
712753560225529,2024-03-21T19:39:40.804Z,lsm6dso acceleration sensor,4.06296,-0.6536171,0.17238252,3
712753570224295,2024-03-21T19:39:40.813Z,lsm6dso acceleration sensor,4.608838,-0.79248077,0.32561144,3
712753580223061,2024-03-21T19:39:40.824Z,lsm6dso acceleration sensor,5.4040127,-1.0079589,0.90261406,3
712753590221761,2024-03-21T19:39:40.834Z,lsm6dso acceleration sensor,5.7511716,-1.1133038,1.42455,3
712753600220527,2024-03-21T19:39:40.844Z,lsm6dso acceleration sensor,6.3640876,-1.1180922,2.030283,3
712753610218927,2024-03-21T19:39:40.854Z,lsm6dso acceleration sensor,6.8740525,-1.079785,2.3415294,3
712753620217627,2024-03-21T19:39:40.864Z,lsm6dso acceleration sensor,7.805397,-0.93852705,2.6264393,3
712753630216393,2024-03-21T19:39:40.873Z,lsm6dso acceleration sensor,8.265083,-0.8690952,2.6767175,3
712753640215159,2024-03-21T19:39:40.884Z,lsm6dso acceleration sensor,8.712799,-0.9600749,2.825158,3
712753650213925,2024-03-21T19:39:40.894Z,lsm6dso acceleration sensor,8.753501,-1.1180922,3.016694,3
712753660212691,2024-03-21T19:39:40.904Z,lsm6dso acceleration sensor,8.954614,-1.520318,3.5003228,3
712753670211457,2024-03-21T19:39:40.914Z,lsm6dso acceleration sensor,9.421483,-1.7717092,3.7253778,3
712753680210223,2024-03-21T19:39:40.923Z,lsm6dso acceleration sensor,10.630555,-2.1667526,4.0054994,3
712753690208989,2024-03-21T19:39:40.933Z,lsm6dso acceleration sensor,11.039964,-2.3535004,3.9815574,3
712753700207689,2024-03-21T19:39:40.943Z,lsm6dso acceleration sensor,11.480496,-2.6360161,3.632004,3
712753710206455,2024-03-21T19:39:40.954Z,lsm6dso acceleration sensor,11.772589,-2.7868507,3.526659,3
712753720205821,2024-03-21T19:39:40.963Z,lsm6dso acceleration sensor,12.30889,-2.9592333,3.5434184,3
712753730204521,2024-03-21T19:39:40.974Z,lsm6dso acceleration sensor,12.337621,-3.0573955,3.6990416,3
712753740203287,2024-03-21T19:39:40.983Z,lsm6dso acceleration sensor,12.02398,-2.885013,3.9240966,3
712753750202053,2024-03-21T19:39:40.993Z,lsm6dso acceleration sensor,12.122143,-2.5139117,3.751714,3
712753760200753,2024-03-21T19:39:41.004Z,lsm6dso acceleration sensor,13.230658,-1.3383588,3.679888,3
712753770199519,2024-03-21T19:39:41.014Z,lsm6dso acceleration sensor,13.984832,-0.61770403,4.0054994,3
712753780198485,2024-03-21T19:39:41.023Z,lsm6dso acceleration sensor,14.878168,0.94092125,4.5801077,3
712753790197951,2024-03-21T19:39:41.033Z,lsm6dso acceleration sensor,15.02182,1.7597382,5.0376997,3
712753800196717,2024-03-21T19:39:41.044Z,lsm6dso acceleration sensor,14.410999,2.743755,6.3114147,3
712753810195483,2024-03-21T19:39:41.053Z,lsm6dso acceleration sensor,12.859556,3.071761,6.763919,3
712753820194249,2024-03-21T19:39:41.064Z,lsm6dso acceleration sensor,9.196428,3.3183637,7.5156984,3
712753830193015,2024-03-21T19:39:41.074Z,lsm6dso acceleration sensor,7.558794,3.5745432,7.9658084,3
712753840191715,2024-03-21T19:39:41.084Z,lsm6dso acceleration sensor,5.0113635,3.5793316,8.420707,3
712753850190681,2024-03-21T19:39:41.094Z,lsm6dso acceleration sensor,4.759673,3.7301662,8.229171,3
712753860190114,2024-03-21T19:39:41.104Z,lsm6dso acceleration sensor,6.344934,4.050989,7.996933,3
712753870188780,2024-03-21T19:39:41.114Z,lsm6dso acceleration sensor,7.3097973,4.086902,7.537246,3
712753880187513,2024-03-21T19:39:41.124Z,lsm6dso acceleration sensor,9.409512,4.0797195,7.034464,3
712753890186246,2024-03-21T19:39:41.134Z,lsm6dso acceleration sensor,10.896311,4.144363,6.704064,3
712753900184979,2024-03-21T19:39:41.143Z,lsm6dso acceleration sensor,12.560282,4.096479,6.390424,3
712753910184079,2024-03-21T19:39:41.153Z,lsm6dso acceleration sensor,12.282554,3.7062242,6.8884177,3
712753920182812,2024-03-21T19:39:41.163Z,lsm6dso acceleration sensor,10.8747635,2.6120741,7.094319,3
712753930181545,2024-03-21T19:39:41.174Z,lsm6dso acceleration sensor,10.003274,1.9081788,6.917148,3
712753940180311,2024-03-21T19:39:41.184Z,lsm6dso acceleration sensor,8.624214,0.40462008,6.443096,3
712753950179011,2024-03-21T19:39:41.194Z,lsm6dso acceleration sensor,8.329727,-0.050278235,6.064812,3
712753960177777,2024-03-21T19:39:41.204Z,lsm6dso acceleration sensor,7.9921446,-0.7541735,4.7285485,3
712753970176543,2024-03-21T19:39:41.213Z,lsm6dso acceleration sensor,7.9658084,-0.9744401,3.8355112,3
712753980175243,2024-03-21T19:39:41.223Z,lsm6dso acceleration sensor,7.7551184,-0.91697925,2.6767175,3
712753990174009,2024-03-21T19:39:41.234Z,lsm6dso acceleration sensor,7.3816233,-0.7493851,2.2122424,3
712754000172775,2024-03-21T19:39:41.243Z,lsm6dso acceleration sensor,6.5173163,-0.320823,1.8171991,3
712754010171475,2024-03-21T19:39:41.254Z,lsm6dso acceleration sensor,6.107908,0.10055647,1.6711528,3
712754020170241,2024-03-21T19:39:41.263Z,lsm6dso acceleration sensor,5.1526213,0.62488663,-0.021547815,3
712754030169007,2024-03-21T19:39:41.273Z,lsm6dso acceleration sensor,4.6950297,0.7038953,-0.12689269,3
712754040167773,2024-03-21T19:39:41.284Z,lsm6dso acceleration sensor,4.086902,0.79008657,0.49799395,3
712754050166539,2024-03-21T19:39:41.294Z,lsm6dso acceleration sensor,3.763685,0.7517793,0.7733272,3
712754060165305,2024-03-21T19:39:41.303Z,lsm6dso acceleration sensor,3.5625722,0.6655881,1.1420342,3
712754070164071,2024-03-21T19:39:41.313Z,lsm6dso acceleration sensor,3.6822822,0.59855044,1.400608,3
712754080162837,2024-03-21T19:39:41.324Z,lsm6dso acceleration sensor,4.3358994,0.62009823,1.8579005,3
712754090161537,2024-03-21T19:39:41.333Z,lsm6dso acceleration sensor,4.8841715,0.7182605,2.030283,3
712754100160303,2024-03-21T19:39:41.343Z,lsm6dso acceleration sensor,5.9020066,0.91458505,2.0925324,3
712754110159069,2024-03-21T19:39:41.353Z,lsm6dso acceleration sensor,6.4861917,1.0366893,2.1045034,3
712754120191102,2024-03-21T19:39:41.364Z,lsm6dso acceleration sensor,7.4797854,1.2258313,2.1523874,3
712754130223202,2024-03-21T19:39:41.373Z,lsm6dso acceleration sensor,7.75033,1.3479356,2.372654,3
712754140255302,2024-03-21T19:39:41.383Z,lsm6dso acceleration sensor,7.937078,1.5035586,2.777274,3
712754150287335,2024-03-21T19:39:41.394Z,lsm6dso acceleration sensor,7.9322896,1.6041151,2.9281087,3
712754160352768,2024-03-21T19:39:41.403Z,lsm6dso acceleration sensor,8.15495,1.7357962,3.064578,3
712754170418234,2024-03-21T19:39:41.414Z,lsm6dso acceleration sensor,8.396765,1.7764976,3.1028855,3
712754180483667,2024-03-21T19:39:41.423Z,lsm6dso acceleration sensor,8.947431,1.7357962,3.277662,3
712754190549167,2024-03-21T19:39:41.434Z,lsm6dso acceleration sensor,9.189245,1.7118542,3.4141316,3
712754200614667,2024-03-21T19:39:41.443Z,lsm6dso acceleration sensor,9.665691,1.6950948,3.6128504,3
712754210680233,2024-03-21T19:39:41.453Z,lsm6dso acceleration sensor,9.8955345,1.6663644,3.7732618,3
712754220745799,2024-03-21T19:39:41.464Z,lsm6dso acceleration sensor,9.945813,1.745373,4.027047,3
712754230811299,2024-03-21T19:39:41.473Z,lsm6dso acceleration sensor,9.768642,1.8363527,4.1012673,3
712754240876832,2024-03-21T19:39:41.483Z,lsm6dso acceleration sensor,9.17488,2.183512,4.4795513,3
712754250942365,2024-03-21T19:39:41.493Z,lsm6dso acceleration sensor,8.928277,2.4133554,4.644751,3
712754261007831,2024-03-21T19:39:41.504Z,lsm6dso acceleration sensor,9.490914,2.6264393,4.5872903,3
712754271073364,2024-03-21T19:39:41.515Z,lsm6dso acceleration sensor,10.431836,2.621651,4.3023806,3
712754281138897,2024-03-21T19:39:41.524Z,lsm6dso acceleration sensor,12.387898,2.1380222,3.6846764,3
712754291204363,2024-03-21T19:39:41.534Z,lsm6dso acceleration sensor,13.709498,1.5705963,3.157952,3
712754301269896,2024-03-21T19:39:41.545Z,lsm6dso acceleration sensor,15.194202,0.05746084,2.6192567,3
712754311335429,2024-03-21T19:39:41.555Z,lsm6dso acceleration sensor,15.275605,-0.8858546,2.6862943,3
712754321400895,2024-03-21T19:39:41.564Z,lsm6dso acceleration sensor,13.752594,-2.1930888,4.1299977,3
712754331466428,2024-03-21T19:39:41.575Z,lsm6dso acceleration sensor,12.050317,-2.7030537,5.2507834,3
712754341531894,2024-03-21T19:39:41.585Z,lsm6dso acceleration sensor,10.21157,-2.755726,6.5316815,3
712754351597427,2024-03-21T19:39:41.594Z,lsm6dso acceleration sensor,9.495703,-2.6431987,6.4454904,3
712754361662960,2024-03-21T19:39:41.605Z,lsm6dso acceleration sensor,8.523658,-1.9369092,6.004957,3
712754371728426,2024-03-21T19:39:41.614Z,lsm6dso acceleration sensor,8.260295,-1.7812861,6.905177,3
712754381793959,2024-03-21T19:39:41.625Z,lsm6dso acceleration sensor,7.3935943,-1.8674773,7.762301,3
712754391859492,2024-03-21T19:39:41.635Z,lsm6dso acceleration sensor,7.3361335,-1.7812861,7.9921446,3
712754401924958,2024-03-21T19:39:41.645Z,lsm6dso acceleration sensor,8.5476,-1.5251064,8.3273325,3
712754411989791,2024-03-21T19:39:41.655Z,lsm6dso acceleration sensor,9.907506,-1.352724,8.29142,3
712754422021991,2024-03-21T19:39:41.665Z,lsm6dso acceleration sensor,12.840403,-0.9600749,7.668927,3
712754432053424,2024-03-21T19:39:41.676Z,lsm6dso acceleration sensor,14.279318,-0.6871359,7.570765,3
712754442085624,2024-03-21T19:39:41.686Z,lsm6dso acceleration sensor,14.985907,-0.38307226,8.198046,3
712754452117524,2024-03-21T19:39:41.696Z,lsm6dso acceleration sensor,14.4493065,-0.36391866,8.461408,3
712754462116390,2024-03-21T19:39:41.706Z,lsm6dso acceleration sensor,12.320861,-0.50517654,8.791808,3
712754472115223,2024-03-21T19:39:41.716Z,lsm6dso acceleration sensor,11.296143,-0.51475334,8.818144,3
712754482114023,2024-03-21T19:39:41.726Z,lsm6dso acceleration sensor,9.814132,-0.30645782,8.552388,3
712754492112823,2024-03-21T19:39:41.735Z,lsm6dso acceleration sensor,9.105449,-0.19153613,8.12622,3
712754502111556,2024-03-21T19:39:41.746Z,lsm6dso acceleration sensor,7.9179244,-0.15801731,6.6011133,3
712754512110222,2024-03-21T19:39:41.756Z,lsm6dso acceleration sensor,7.70484,-0.17717093,5.648221,3
712754522108322,2024-03-21T19:39:41.766Z,lsm6dso acceleration sensor,7.5540056,-0.39743748,3.502717,3
712754532107055,2024-03-21T19:39:41.775Z,lsm6dso acceleration sensor,7.534852,-0.23702596,2.2337902,3
712754542105721,2024-03-21T19:39:41.786Z,lsm6dso acceleration sensor,7.166145,0.009576807,1.6879122,3
712754552104454,2024-03-21T19:39:41.796Z,lsm6dso acceleration sensor,6.692093,0.3878607,0.9911995,3
712754562103187,2024-03-21T19:39:41.805Z,lsm6dso acceleration sensor,5.2603602,0.866701,0.12928689,3
712754572101920,2024-03-21T19:39:41.816Z,lsm6dso acceleration sensor,4.4939165,0.94331545,0.34715924,3
712754582100686,2024-03-21T19:39:41.826Z,lsm6dso acceleration sensor,3.083732,0.7565677,0.6488287,3
712754592098752,2024-03-21T19:39:41.836Z,lsm6dso acceleration sensor,2.6839,0.79966336,0.7493851,3
712754602097518,2024-03-21T19:39:41.845Z,lsm6dso acceleration sensor,2.468422,0.7230489,1.1731589,3
712754612095851,2024-03-21T19:39:41.855Z,lsm6dso acceleration sensor,2.4995465,0.7110779,1.2880806,3
712754622094617,2024-03-21T19:39:41.866Z,lsm6dso acceleration sensor,2.9161377,0.7589619,1.5682021,3
712754632093383,2024-03-21T19:39:41.876Z,lsm6dso acceleration sensor,3.1747115,0.7062895,1.7788919,3
712754642092149,2024-03-21T19:39:41.885Z,lsm6dso acceleration sensor,3.8857894,0.5746084,1.958457,3
712754652090849,2024-03-21T19:39:41.895Z,lsm6dso acceleration sensor,4.426879,0.47644615,1.9752164,3
712754662089615,2024-03-21T19:39:41.905Z,lsm6dso acceleration sensor,5.5189342,0.14604631,2.0733786,3
712754672088781,2024-03-21T19:39:41.915Z,lsm6dso acceleration sensor,6.036082,-0.095768064,2.171541,3
712754682087481,2024-03-21T19:39:41.926Z,lsm6dso acceleration sensor,6.905177,-0.44532153,2.219425,3
712754692086247,2024-03-21T19:39:41.936Z,lsm6dso acceleration sensor,7.3983827,-0.62249243,2.267309,3
712754702085013,2024-03-21T19:39:41.946Z,lsm6dso acceleration sensor,8.121431,-0.89064306,2.552219,3
712754712084479,2024-03-21T19:39:41.955Z,lsm6dso acceleration sensor,8.403947,-1.0295067,2.8275523,3
712754722083245,2024-03-21T19:39:41.966Z,lsm6dso acceleration sensor,8.79899,-1.292869,3.6056678,3
712754732082711,2024-03-21T19:39:41.975Z,lsm6dso acceleration sensor,9.064747,-1.3599066,4.039018,3
712754742081477,2024-03-21T19:39:41.986Z,lsm6dso acceleration sensor,9.79019,-1.5059528,4.498705,3
712754752080543,2024-03-21T19:39:41.995Z,lsm6dso acceleration sensor,10.5084505,-1.6160861,4.675876,3
712754762079243,2024-03-21T19:39:42.005Z,lsm6dso acceleration sensor,11.90427,-1.9249382,4.7500963,3
712754772078009,2024-03-21T19:39:42.016Z,lsm6dso acceleration sensor,12.577041,-2.0973208,4.546589,3
712754782076475,2024-03-21T19:39:42.025Z,lsm6dso acceleration sensor,13.707104,-2.3535004,4.429273,3
712754792075175,2024-03-21T19:39:42.035Z,lsm6dso acceleration sensor,14.001591,-2.4253263,4.8243165,3
712754802073941,2024-03-21T19:39:42.045Z,lsm6dso acceleration sensor,13.558663,-2.2744915,5.016152,3
712754812072707,2024-03-21T19:39:42.055Z,lsm6dso acceleration sensor,13.635278,-1.9608512,4.896442,3
712754822072107,2024-03-21T19:39:42.066Z,lsm6dso acceleration sensor,14.257771,-1.0007763,5.1191025,3
712754832070873,2024-03-21T19:39:42.076Z,lsm6dso acceleration sensor,14.336779,-0.30166942,5.1334677,3
712754842069639,2024-03-21T19:39:42.086Z,lsm6dso acceleration sensor,14.482825,0.8499416,4.7979803,3
712754852068405,2024-03-21T19:39:42.096Z,lsm6dso acceleration sensor,15.088858,1.1013328,5.245995,3
712754862067171,2024-03-21T19:39:42.105Z,lsm6dso acceleration sensor,15.984289,0.8475474,6.7304,3
712754872065871,2024-03-21T19:39:42.116Z,lsm6dso acceleration sensor,14.607324,0.30645782,6.881235,3
712754882064604,2024-03-21T19:39:42.126Z,lsm6dso acceleration sensor,10.043976,0.06703765,7.2571244,3
712754892064037,2024-03-21T19:39:42.136Z,lsm6dso acceleration sensor,8.456619,0.47165772,7.6856866,3
712754902062703,2024-03-21T19:39:42.145Z,lsm6dso acceleration sensor,6.890812,1.4341269,7.633014,3
712754912061869,2024-03-21T19:39:42.156Z,lsm6dso acceleration sensor,6.122273,1.8938135,7.4295073,3
712754922060602,2024-03-21T19:39:42.166Z,lsm6dso acceleration sensor,5.4279547,2.4229321,7.1972694,3
712754932059268,2024-03-21T19:39:42.175Z,lsm6dso acceleration sensor,6.136638,2.966416,7.460632,3
712754942058001,2024-03-21T19:39:42.186Z,lsm6dso acceleration sensor,8.629003,4.122815,7.6378026,3
712754952056734,2024-03-21T19:39:42.196Z,lsm6dso acceleration sensor,9.222764,4.608838,7.18051,3
712754962055467,2024-03-21T19:39:42.206Z,lsm6dso acceleration sensor,9.615414,5.1071315,7.240365,3
712754972053800,2024-03-21T19:39:42.215Z,lsm6dso acceleration sensor,9.586683,5.159804,6.94109,3
712754982052566,2024-03-21T19:39:42.225Z,lsm6dso acceleration sensor,9.869199,3.6104562,6.158186,3
712754992051332,2024-03-21T19:39:42.235Z,lsm6dso acceleration sensor,10.027216,2.2625206,5.722441,3
712755002050098,2024-03-21T19:39:42.245Z,lsm6dso acceleration sensor,10.185233,-0.033518825,5.612308,3
712755012048798,2024-03-21T19:39:42.255Z,lsm6dso acceleration sensor,9.840468,-1.151611,5.334581,3
712755022047564,2024-03-21T19:39:42.265Z,lsm6dso acceleration sensor,8.528446,-2.303222,3.976769,3
712755032046330,2024-03-21T19:39:42.276Z,lsm6dso acceleration sensor,8.066365,-2.4756045,3.5122938,3
712755042045030,2024-03-21T19:39:42.285Z,lsm6dso acceleration sensor,7.5516114,-2.2409728,3.004723,3
712755052043796,2024-03-21T19:39:42.296Z,lsm6dso acceleration sensor,7.206846,-1.8291701,2.825158,3
712755062042562,2024-03-21T19:39:42.306Z,lsm6dso acceleration sensor,6.512528,-0.7613561,2.645593,3
712755072041328,2024-03-21T19:39:42.315Z,lsm6dso acceleration sensor,6.060024,-0.12928689,3.095703,3
712755082040394,2024-03-21T19:39:42.326Z,lsm6dso acceleration sensor,5.0855837,0.91697925,1.8842367,3
712755092039160,2024-03-21T19:39:42.336Z,lsm6dso acceleration sensor,4.7070007,1.2880806,1.2856863,3
712755102037926,2024-03-21T19:39:42.345Z,lsm6dso acceleration sensor,4.534618,1.3718776,1.1540052,3
712755112036692,2024-03-21T19:39:42.356Z,lsm6dso acceleration sensor,4.5633483,1.2593501,1.0031705,3
712755122035392,2024-03-21T19:39:42.365Z,lsm6dso acceleration sensor,4.570531,0.91937345,0.92416185,3
712755132034158,2024-03-21T19:39:42.376Z,lsm6dso acceleration sensor,4.5633483,0.6943185,0.9935937,3
712755142032924,2024-03-21T19:39:42.386Z,lsm6dso acceleration sensor,4.5322237,0.48123455,1.2761095,3
712755152031624,2024-03-21T19:39:42.396Z,lsm6dso acceleration sensor,4.63278,0.521936,1.5777789,3
712755162030390,2024-03-21T19:39:42.406Z,lsm6dso acceleration sensor,5.2052937,0.6847417,1.9919758,3
712755172029156,2024-03-21T19:39:42.415Z,lsm6dso acceleration sensor,5.6194906,0.8451532,2.2385786,3
712755182027856,2024-03-21T19:39:42.426Z,lsm6dso acceleration sensor,6.220435,0.9864111,2.6982653,3
712755192026622,2024-03-21T19:39:42.436Z,lsm6dso acceleration sensor,6.574777,1.055843,2.8562827,3
712755202025388,2024-03-21T19:39:42.445Z,lsm6dso acceleration sensor,7.460632,1.0654198,2.7964275,3
712755212057454,2024-03-21T19:39:42.456Z,lsm6dso acceleration sensor,8.068759,1.0319009,2.6886885,3
712755222089587,2024-03-21T19:39:42.466Z,lsm6dso acceleration sensor,8.9402485,0.90500826,2.7006595,3
712755232121820,2024-03-21T19:39:42.475Z,lsm6dso acceleration sensor,9.196428,0.8283938,2.8275523,3
712755242154053,2024-03-21T19:39:42.485Z,lsm6dso acceleration sensor,9.29459,0.79487497,3.0478187,3
712755252186353,2024-03-21T19:39:42.495Z,lsm6dso acceleration sensor,9.22037,0.89543146,3.3279405,3
712755262218619,2024-03-21T19:39:42.505Z,lsm6dso acceleration sensor,8.490138,1.3455414,3.6607344,3
712755272250952,2024-03-21T19:39:42.516Z,lsm6dso acceleration sensor,8.418312,1.6759412,3.6703112,3
712755282283285,2024-03-21T19:39:42.526Z,lsm6dso acceleration sensor,9.158121,2.348712,3.620033,3
712755292315618,2024-03-21T19:39:42.535Z,lsm6dso acceleration sensor,9.471761,2.7365725,3.6631286,3
712755302348018,2024-03-21T19:39:42.545Z,lsm6dso acceleration sensor,9.591472,3.1842883,3.9624038,3
712755312380418,2024-03-21T19:39:42.556Z,lsm6dso acceleration sensor,9.56753,3.3494883,4.19943,3
712755322412751,2024-03-21T19:39:42.565Z,lsm6dso acceleration sensor,9.536405,3.5218706,4.4723687,3
712755332445151,2024-03-21T19:39:42.575Z,lsm6dso acceleration sensor,9.682451,3.406949,4.4603977,3
712755342477551,2024-03-21T19:39:42.585Z,lsm6dso acceleration sensor,10.743082,2.9017725,4.2999864,3
712755352509951,2024-03-21T19:39:42.595Z,lsm6dso acceleration sensor,11.765407,2.3535004,4.1946416,3
712755362542351,2024-03-21T19:39:42.606Z,lsm6dso acceleration sensor,14.049475,0.9888053,3.715801,3
712755372574684,2024-03-21T19:39:42.616Z,lsm6dso acceleration sensor,14.760852,0.2705448,3.6487634,3
712755382607084,2024-03-21T19:39:42.626Z,lsm6dso acceleration sensor,15.074492,-1.2976574,4.697424,3
712755392639484,2024-03-21T19:39:42.636Z,lsm6dso acceleration sensor,15.029002,-1.8387469,5.741595,3
712755402671817,2024-03-21T19:39:42.646Z,lsm6dso acceleration sensor,13.886669,-1.9919758,6.122273,3
712755412703517,2024-03-21T19:39:42.656Z,lsm6dso acceleration sensor,12.270583,-1.5729905,5.897218,3
712755422735217,2024-03-21T19:39:42.665Z,lsm6dso acceleration sensor,9.134179,-1.091756,6.833351,3
712755432766617,2024-03-21T19:39:42.675Z,lsm6dso acceleration sensor,7.903559,-1.2042835,8.090307,3
712755442798317,2024-03-21T19:39:42.685Z,lsm6dso acceleration sensor,5.6314616,-1.520318,9.246706,3
712755452830717,2024-03-21T19:39:42.696Z,lsm6dso acceleration sensor,6.148609,-1.5586253,9.344869,3
712755462863050,2024-03-21T19:39:42.705Z,lsm6dso acceleration sensor,9.828497,-1.42455,9.308955,3
712755472895450,2024-03-21T19:39:42.715Z,lsm6dso acceleration sensor,12.38311,-1.3934253,8.9187,3
712755482927850,2024-03-21T19:39:42.726Z,lsm6dso acceleration sensor,14.787189,-1.4413095,8.188469,3
712755492960250,2024-03-21T19:39:42.735Z,lsm6dso acceleration sensor,14.6169,-1.4700398,8.190864,3
712755502992650,2024-03-21T19:39:42.746Z,lsm6dso acceleration sensor,13.168408,-1.3024458,7.999327,3
712755512991683,2024-03-21T19:39:42.756Z,lsm6dso acceleration sensor,12.043134,-1.0702082,7.8484926,3
712755522990016,2024-03-21T19:39:42.765Z,lsm6dso acceleration sensor,10.249877,-0.40940848,7.690475,3
712755532988949,2024-03-21T19:39:42.775Z,lsm6dso acceleration sensor,9.19164,-0.14604631,7.58513,3
712755542987815,2024-03-21T19:39:42.785Z,lsm6dso acceleration sensor,8.085519,0.3184288,6.7208233,3
712755552986681,2024-03-21T19:39:42.796Z,lsm6dso acceleration sensor,7.865252,0.35194764,6.060024,3
712755562985514,2024-03-21T19:39:42.805Z,lsm6dso acceleration sensor,7.752724,0.33997664,4.3957543,3
712755572984280,2024-03-21T19:39:42.815Z,lsm6dso acceleration sensor,7.8245506,0.29209262,3.6631286,3
712755582983080,2024-03-21T19:39:42.825Z,lsm6dso acceleration sensor,7.640197,0.30166942,2.552219,3
712755592981813,2024-03-21T19:39:42.835Z,lsm6dso acceleration sensor,7.352893,0.44532153,1.9440918,3
712755602980546,2024-03-21T19:39:42.845Z,lsm6dso acceleration sensor,6.5675945,0.58657944,1.4772224,3
712755612979279,2024-03-21T19:39:42.855Z,lsm6dso acceleration sensor,5.834969,0.5315128,1.4293385,3
712755622978012,2024-03-21T19:39:42.865Z,lsm6dso acceleration sensor,4.5681367,0.31364042,1.5586253,3
712755632976745,2024-03-21T19:39:42.875Z,lsm6dso acceleration sensor,3.9336734,0.11971009,1.6998832,3
712755642975478,2024-03-21T19:39:42.885Z,lsm6dso acceleration sensor,3.1723173,-0.20590134,1.7597382,3
712755652974144,2024-03-21T19:39:42.896Z,lsm6dso acceleration sensor,2.9712043,-0.34955344,1.6831238,3
712755662972877,2024-03-21T19:39:42.906Z,lsm6dso acceleration sensor,3.004723,-0.50757074,1.5921441,3
712755672971610,2024-03-21T19:39:42.915Z,lsm6dso acceleration sensor,3.2824504,-0.5626374,1.5777789,3
712755682970276,2024-03-21T19:39:42.926Z,lsm6dso acceleration sensor,4.1635165,-0.533907,1.5897499,3
712755692969009,2024-03-21T19:39:42.936Z,lsm6dso acceleration sensor,4.620809,-0.50278234,1.6136919,3
712755702967775,2024-03-21T19:39:42.946Z,lsm6dso acceleration sensor,5.526117,-0.320823,1.8507179,3
712755712967175,2024-03-21T19:39:42.956Z,lsm6dso acceleration sensor,5.7846904,-0.20350714,2.1906946,3
712755722966641,2024-03-21T19:39:42.966Z,lsm6dso acceleration sensor,5.765537,-0.093373865,2.693477,3
712755732966341,2024-03-21T19:39:42.976Z,lsm6dso acceleration sensor,5.978621,-0.10534488,2.7988217,3
712755742965807,2024-03-21T19:39:42.985Z,lsm6dso acceleration sensor,7.0751653,-0.23942018,2.743755,3
712755752964573,2024-03-21T19:39:42.996Z,lsm6dso acceleration sensor,7.592313,-0.35194764,2.6719291,3
712755763404430,2024-03-21T19:39:43.006Z,lsm6dso acceleration sensor,8.3752165,-0.5793968,2.7461493,3
712755773403196,2024-03-21T19:39:43.016Z,lsm6dso acceleration sensor,8.779837,-0.7757214,2.932897,3
712755783401962,2024-03-21T19:39:43.027Z,lsm6dso acceleration sensor,9.31135,-1.2114661,3.4500446,3
712755793400662,2024-03-21T19:39:43.036Z,lsm6dso acceleration sensor,9.562741,-1.5179238,3.7684734,3
712755803399428,2024-03-21T19:39:43.046Z,lsm6dso acceleration sensor,10.369587,-2.066196,4.209007,3
712755813398194,2024-03-21T19:39:43.057Z,lsm6dso acceleration sensor,10.999262,-2.3654714,4.3358994,3
712755823397594,2024-03-21T19:39:43.066Z,lsm6dso acceleration sensor,11.71034,-2.7461493,4.369418,3
712755833396360,2024-03-21T19:39:43.077Z,lsm6dso acceleration sensor,11.777377,-2.8443117,4.2760444,3
712755843395126,2024-03-21T19:39:43.087Z,lsm6dso acceleration sensor,11.686398,-2.789245,4.3861775,3
712755853393892,2024-03-21T19:39:43.097Z,lsm6dso acceleration sensor,11.760618,-2.6551697,4.486734,3
712755863392658,2024-03-21T19:39:43.106Z,lsm6dso acceleration sensor,12.253823,-2.087744,4.5154643,3
712755873391424,2024-03-21T19:39:43.116Z,lsm6dso acceleration sensor,12.644078,-1.6950948,4.7046065,3
712755883390190,2024-03-21T19:39:43.126Z,lsm6dso acceleration sensor,13.151649,-0.7469909,4.402937,3
712755893388956,2024-03-21T19:39:43.137Z,lsm6dso acceleration sensor,13.096582,-0.15083471,4.072537,3
712755903387656,2024-03-21T19:39:43.147Z,lsm6dso acceleration sensor,12.435782,0.80205756,4.1132383,3
712755913386422,2024-03-21T19:39:43.156Z,lsm6dso acceleration sensor,12.1484785,1.2737153,4.369418,3
712755923385188,2024-03-21T19:39:43.167Z,lsm6dso acceleration sensor,12.181997,1.7645266,5.0855837,3
712755933383888,2024-03-21T19:39:43.176Z,lsm6dso acceleration sensor,12.330438,1.7956513,5.4279547,3
712755943382654,2024-03-21T19:39:43.187Z,lsm6dso acceleration sensor,12.481273,1.448492,6.3162036,3
712755953381420,2024-03-21T19:39:43.196Z,lsm6dso acceleration sensor,12.059894,1.1899183,6.560412,3
712755963380120,2024-03-21T19:39:43.206Z,lsm6dso acceleration sensor,9.814132,0.9935937,6.7088523,3
712755973378886,2024-03-21T19:39:43.217Z,lsm6dso acceleration sensor,8.284237,1.2473791,6.8884177,3
712755983377652,2024-03-21T19:39:43.227Z,lsm6dso acceleration sensor,5.870882,1.7357962,6.8884177,3
712755993376418,2024-03-21T19:39:43.237Z,lsm6dso acceleration sensor,5.042488,1.9991584,6.8141975,3
712756003375151,2024-03-21T19:39:43.247Z,lsm6dso acceleration sensor,4.8338933,2.2649148,6.7495537,3
712756013373884,2024-03-21T19:39:43.256Z,lsm6dso acceleration sensor,5.834969,2.5019407,6.5939307,3
712756023372617,2024-03-21T19:39:43.267Z,lsm6dso acceleration sensor,9.440637,3.3973722,5.9953804,3
712756033371350,2024-03-21T19:39:43.276Z,lsm6dso acceleration sensor,10.932224,3.7708676,5.8541226,3
712756043370016,2024-03-21T19:39:43.286Z,lsm6dso acceleration sensor,12.430994,4.003105,6.244377,3
712756053368749,2024-03-21T19:39:43.296Z,lsm6dso acceleration sensor,12.4286,3.596091,6.2874727,3
712756063367482,2024-03-21T19:39:43.307Z,lsm6dso acceleration sensor,11.533169,2.1284454,7.240365,3
712756073366148,2024-03-21T19:39:43.316Z,lsm6dso acceleration sensor,10.848427,1.340753,8.025663,3
712756083364881,2024-03-21T19:39:43.327Z,lsm6dso acceleration sensor,10.082283,0.49559975,8.013692,3
712756093363614,2024-03-21T19:39:43.336Z,lsm6dso acceleration sensor,9.639356,0.16759412,7.474997,3
712756103362347,2024-03-21T19:39:43.346Z,lsm6dso acceleration sensor,9.033623,-0.08619126,5.945102,3
712756113360680,2024-03-21T19:39:43.357Z,lsm6dso acceleration sensor,8.748713,-0.11971009,5.320215,3
712756123359446,2024-03-21T19:39:43.366Z,lsm6dso acceleration sensor,7.8939824,0.12449849,3.9671922,3
712756133358212,2024-03-21T19:39:43.377Z,lsm6dso acceleration sensor,7.388806,0.31364042,3.311181,3
712756143356978,2024-03-21T19:39:43.386Z,lsm6dso acceleration sensor,6.502951,0.770933,2.7341783,3
712756153355678,2024-03-21T19:39:43.396Z,lsm6dso acceleration sensor,5.856517,1.0726024,1.1875241,3
712756163354444,2024-03-21T19:39:43.407Z,lsm6dso acceleration sensor,4.9132013,1.1468226,-0.37588966,3
712756173353210,2024-03-21T19:39:43.417Z,lsm6dso acceleration sensor,4.367024,1.0390835,-0.30166942,3
712756183351910,2024-03-21T19:39:43.427Z,lsm6dso acceleration sensor,3.0909145,0.6679823,-0.23463176,3
712756193350676,2024-03-21T19:39:43.437Z,lsm6dso acceleration sensor,2.6910827,0.28491,-0.29448682,3
712756203349442,2024-03-21T19:39:43.447Z,lsm6dso acceleration sensor,2.8083985,-0.33997664,-0.4165911,3
712756213348142,2024-03-21T19:39:43.457Z,lsm6dso acceleration sensor,3.1364043,-0.5626374,-0.23942018,3
712756223346908,2024-03-21T19:39:43.466Z,lsm6dso acceleration sensor,4.06296,-0.63206923,0.090979666,3
712756233345674,2024-03-21T19:39:43.477Z,lsm6dso acceleration sensor,4.572925,-0.49320555,0.40222588,3
712756243344440,2024-03-21T19:39:43.486Z,lsm6dso acceleration sensor,5.243601,-0.045489833,1.3024458,3
712756253343206,2024-03-21T19:39:43.497Z,lsm6dso acceleration sensor,5.4830213,0.24899697,1.7980455,3
712756263341972,2024-03-21T19:39:43.507Z,lsm6dso acceleration sensor,5.96665,0.7062895,2.3558946,3
712756273340738,2024-03-21T19:39:43.516Z,lsm6dso acceleration sensor,6.550835,0.93852705,2.6168625,3
712756283339504,2024-03-21T19:39:43.526Z,lsm6dso acceleration sensor,7.891588,1.1875241,2.942474,3
712756293338204,2024-03-21T19:39:43.537Z,lsm6dso acceleration sensor,8.614637,1.3144168,3.095703,3
712756303336970,2024-03-21T19:39:43.546Z,lsm6dso acceleration sensor,9.316138,1.4532804,3.335123,3
712756313335770,2024-03-21T19:39:43.557Z,lsm6dso acceleration sensor,9.320927,1.541866,3.5434184,3
712756323334536,2024-03-21T19:39:43.567Z,lsm6dso acceleration sensor,9.064747,1.7262194,3.9695864,3
712756333333369,2024-03-21T19:39:43.577Z,lsm6dso acceleration sensor,9.02644,1.8890251,4.3622355,3
712756343332269,2024-03-21T19:39:43.586Z,lsm6dso acceleration sensor,9.091084,2.3319526,4.831499,3
712756353331169,2024-03-21T19:39:43.597Z,lsm6dso acceleration sensor,9.172486,2.597709,4.8722005,3
712756363330069,2024-03-21T19:39:43.606Z,lsm6dso acceleration sensor,9.359234,2.966416,4.711789,3
712756373328969,2024-03-21T19:39:43.617Z,lsm6dso acceleration sensor,9.622596,3.1148565,4.5896845,3
712756383327869,2024-03-21T19:39:43.627Z,lsm6dso acceleration sensor,10.19481,3.1986535,4.3167458,3
712756393326769,2024-03-21T19:39:43.636Z,lsm6dso acceleration sensor,10.5707,3.1268275,4.225766,3
712756403325602,2024-03-21T19:39:43.646Z,lsm6dso acceleration sensor,11.645697,2.6791117,4.259285,3
712756413324902,2024-03-21T19:39:43.656Z,lsm6dso acceleration sensor,12.4429655,2.1811178,4.132392,3
712756423323068,2024-03-21T19:39:43.667Z,lsm6dso acceleration sensor,13.592182,1.1348516,3.5984852,3
712756433320934,2024-03-21T19:39:43.676Z,lsm6dso acceleration sensor,14.104542,0.37349546,3.4452562,3
712756443319800,2024-03-21T19:39:43.687Z,lsm6dso acceleration sensor,14.224252,-0.9816227,4.0294414,3
712756453318666,2024-03-21T19:39:43.696Z,lsm6dso acceleration sensor,13.956101,-1.4748282,4.9371433,3
712756463317466,2024-03-21T19:39:43.707Z,lsm6dso acceleration sensor,12.701539,-2.2649148,6.9195423,3
712756473316332,2024-03-21T19:39:43.716Z,lsm6dso acceleration sensor,11.707946,-2.2385786,6.9578495,3
712756483315198,2024-03-21T19:39:43.726Z,lsm6dso acceleration sensor,9.510069,-1.2617443,6.5221047,3
712756493313631,2024-03-21T19:39:43.737Z,lsm6dso acceleration sensor,8.602666,-1.043872,7.448661,3
712756503311797,2024-03-21T19:39:43.746Z,lsm6dso acceleration sensor,5.940314,-1.2162545,9.189245,3
712756513310663,2024-03-21T19:39:43.756Z,lsm6dso acceleration sensor,4.891354,-1.2090719,9.452607,3
712756523309529,2024-03-21T19:39:43.767Z,lsm6dso acceleration sensor,5.657798,-1.1324574,9.440637,3
712756533308395,2024-03-21T19:39:43.777Z,lsm6dso acceleration sensor,7.5396404,-1.1899183,9.45979,3
712756543307195,2024-03-21T19:39:43.787Z,lsm6dso acceleration sensor,12.162844,-1.4341269,8.834904,3
712756553306061,2024-03-21T19:39:43.796Z,lsm6dso acceleration sensor,14.415788,-1.6208745,8.494926,3
712756563304927,2024-03-21T19:39:43.806Z,lsm6dso acceleration sensor,16.44637,-1.8219875,8.178892,3
712756573303727,2024-03-21T19:39:43.816Z,lsm6dso acceleration sensor,16.204556,-1.8363527,8.104672,3
712756583302593,2024-03-21T19:39:43.827Z,lsm6dso acceleration sensor,13.886669,-1.5729905,8.609849,3
712756593301459,2024-03-21T19:39:43.837Z,lsm6dso acceleration sensor,11.961731,-1.2952632,8.794202,3
712756603300325,2024-03-21T19:39:43.846Z,lsm6dso acceleration sensor,9.117419,-0.6703765,8.554782,3
712756613299158,2024-03-21T19:39:43.857Z,lsm6dso acceleration sensor,8.29142,-0.25617957,8.3273325,3
712756623297958,2024-03-21T19:39:43.867Z,lsm6dso acceleration sensor,7.4199305,0.2633622,7.865252,3
712756633296758,2024-03-21T19:39:43.876Z,lsm6dso acceleration sensor,6.8716583,0.49081135,7.1015015,3
712756643295491,2024-03-21T19:39:43.886Z,lsm6dso acceleration sensor,7.0177045,0.581791,4.4915223,3
712756653294157,2024-03-21T19:39:43.896Z,lsm6dso acceleration sensor,7.534852,0.6607997,3.1842883,3
712756663292890,2024-03-21T19:39:43.906Z,lsm6dso acceleration sensor,7.963414,0.7565677,2.4875755,3
712756673291623,2024-03-21T19:39:43.916Z,lsm6dso acceleration sensor,7.3265567,1.0103531,1.8890251,3
712756683290289,2024-03-21T19:39:43.926Z,lsm6dso acceleration sensor,5.7272296,1.2306197,0.93134445,3
712756693289022,2024-03-21T19:39:43.937Z,lsm6dso acceleration sensor,4.8362875,1.2665327,0.90021986,3
712756703287755,2024-03-21T19:39:43.946Z,lsm6dso acceleration sensor,3.5649664,1.2330139,1.1899183,3
712756713286421,2024-03-21T19:39:43.957Z,lsm6dso acceleration sensor,3.0621839,1.1994951,1.1994951,3
712756723285854,2024-03-21T19:39:43.966Z,lsm6dso acceleration sensor,2.7485435,1.0127473,1.3503298,3
712756733285554,2024-03-21T19:39:43.977Z,lsm6dso acceleration sensor,2.858677,0.8690952,1.520318,3
712756743284320,2024-03-21T19:39:43.987Z,lsm6dso acceleration sensor,3.6607344,0.51714754,1.8004397,3
712756753283086,2024-03-21T19:39:43.997Z,lsm6dso acceleration sensor,4.1156325,0.30885202,1.9369092,3
712756763281852,2024-03-21T19:39:44.007Z,lsm6dso acceleration sensor,4.9371433,-0.1604115,2.0709844,3
712756773280618,2024-03-21T19:39:44.017Z,lsm6dso acceleration sensor,5.3226094,-0.36870706,2.1404164,3
712756783279384,2024-03-21T19:39:44.027Z,lsm6dso acceleration sensor,5.8780646,-0.6344634,2.3319526,3
712756793278517,2024-03-21T19:39:44.036Z,lsm6dso acceleration sensor,6.232406,-0.7374141,2.420538,3
712756803277983,2024-03-21T19:39:44.047Z,lsm6dso acceleration sensor,6.7088523,-0.7182605,2.6264393,3
712756813276749,2024-03-21T19:39:44.057Z,lsm6dso acceleration sensor,6.94109,-0.7110779,2.8083985,3
712756823275449,2024-03-21T19:39:44.067Z,lsm6dso acceleration sensor,7.264307,-0.6679823,2.992752,3
712756833274215,2024-03-21T19:39:44.076Z,lsm6dso acceleration sensor,7.3361335,-0.6991069,3.0382419,3
712756843272981,2024-03-21T19:39:44.086Z,lsm6dso acceleration sensor,7.5994954,-0.8810662,3.2513258,3
712756853271747,2024-03-21T19:39:44.097Z,lsm6dso acceleration sensor,7.958626,-1.0749966,3.5051112,3
712756863270513,2024-03-21T19:39:44.107Z,lsm6dso acceleration sensor,8.997709,-1.3982137,3.667917,3
712756873269279,2024-03-21T19:39:44.117Z,lsm6dso acceleration sensor,9.79019,-1.6041151,3.6487634,3
712756883268045,2024-03-21T19:39:44.127Z,lsm6dso acceleration sensor,10.948983,-1.9895816,3.6822822,3
712756893266811,2024-03-21T19:39:44.136Z,lsm6dso acceleration sensor,11.317691,-2.2625206,3.691859,3
712756903265511,2024-03-21T19:39:44.147Z,lsm6dso acceleration sensor,11.593024,-2.6408045,3.8402996,3
712756913264277,2024-03-21T19:39:44.157Z,lsm6dso acceleration sensor,11.731888,-2.7820623,4.0438066,3
712756923263043,2024-03-21T19:39:44.167Z,lsm6dso acceleration sensor,11.777377,-2.8778305,4.2425256,3
712756933261743,2024-03-21T19:39:44.176Z,lsm6dso acceleration sensor,11.734282,-2.6671407,4.1012673,3
712756943260509,2024-03-21T19:39:44.186Z,lsm6dso acceleration sensor,11.990461,-1.7956513,4.1683054,3
712756953259275,2024-03-21T19:39:44.196Z,lsm6dso acceleration sensor,12.155662,-1.055843,4.321534,3
712756963257975,2024-03-21T19:39:44.206Z,lsm6dso acceleration sensor,12.430994,0.6847417,4.7046065,3
712756973256741,2024-03-21T19:39:44.216Z,lsm6dso acceleration sensor,12.703934,1.484405,4.6950297,3
712756983255507,2024-03-21T19:39:44.226Z,lsm6dso acceleration sensor,13.759776,2.396596,5.6769514,3
712756993254273,2024-03-21T19:39:44.236Z,lsm6dso acceleration sensor,14.43973,2.4396915,6.644209,3
712757003253039,2024-03-21T19:39:44.246Z,lsm6dso acceleration sensor,11.581053,1.4437037,7.439084,3
712757013251805,2024-03-21T19:39:44.256Z,lsm6dso acceleration sensor,9.658509,1.2425907,7.712023,3
712757023250571,2024-03-21T19:39:44.266Z,lsm6dso acceleration sensor,7.0033393,1.9440918,7.817368,3
712757033249304,2024-03-21T19:39:44.276Z,lsm6dso acceleration sensor,6.383241,2.4157495,7.654562,3
712757043247970,2024-03-21T19:39:44.287Z,lsm6dso acceleration sensor,6.5891423,2.777274,7.764695,3
712757053246703,2024-03-21T19:39:44.296Z,lsm6dso acceleration sensor,7.168539,2.837129,7.8868,3
712757063245436,2024-03-21T19:39:44.307Z,lsm6dso acceleration sensor,9.696816,3.205836,8.162133,3
712757073244102,2024-03-21T19:39:44.316Z,lsm6dso acceleration sensor,12.311284,3.7062242,8.528446,3
712757083242835,2024-03-21T19:39:44.326Z,lsm6dso acceleration sensor,13.671191,3.964798,8.753501,3
712757093241568,2024-03-21T19:39:44.337Z,lsm6dso acceleration sensor,12.629713,3.596091,9.067142,3
712757103240301,2024-03-21T19:39:44.346Z,lsm6dso acceleration sensor,11.525987,2.7461493,9.074324,3
712757113239034,2024-03-21T19:39:44.356Z,lsm6dso acceleration sensor,11.176433,2.099715,8.882788,3
712757123237767,2024-03-21T19:39:44.366Z,lsm6dso acceleration sensor,10.065523,0.58418524,7.934684,3
712757133236500,2024-03-21T19:39:44.376Z,lsm6dso acceleration sensor,9.2586775,-0.033518825,6.917148,3
712757143235266,2024-03-21T19:39:44.386Z,lsm6dso acceleration sensor,8.5739355,-0.9576807,5.150227,3
712757153233966,2024-03-21T19:39:44.396Z,lsm6dso acceleration sensor,8.403947,-1.1300632,4.417302,3
712757163232732,2024-03-21T19:39:44.406Z,lsm6dso acceleration sensor,7.8844056,-0.878672,3.1172507,3
712757173231498,2024-03-21T19:39:44.417Z,lsm6dso acceleration sensor,7.5061216,-0.5674258,2.5354595,3
712757183230198,2024-03-21T19:39:44.427Z,lsm6dso acceleration sensor,6.962638,0.088585466,1.8507179,3
712757193228964,2024-03-21T19:39:44.436Z,lsm6dso acceleration sensor,6.6657567,0.44532153,1.4915876,3
712757203227730,2024-03-21T19:39:44.446Z,lsm6dso acceleration sensor,5.734412,1.115698,0.9624691,3
712757213226430,2024-03-21T19:39:44.457Z,lsm6dso acceleration sensor,4.910807,1.292869,0.08140286,3
712757223225196,2024-03-21T19:39:44.466Z,lsm6dso acceleration sensor,3.8594532,0.9720459,-0.062249243,3
712757233223962,2024-03-21T19:39:44.476Z,lsm6dso acceleration sensor,3.4404678,0.56982,0.10055647,3
712757243222728,2024-03-21T19:39:44.486Z,lsm6dso acceleration sensor,2.7605145,-0.22026655,-0.12449849,3
712757253221494,2024-03-21T19:39:44.496Z,lsm6dso acceleration sensor,2.5594015,-0.5291186,-0.09816227,3
712757263220260,2024-03-21T19:39:44.506Z,lsm6dso acceleration sensor,2.8443117,-0.6967127,0.38307226,3
712757273219026,2024-03-21T19:39:44.516Z,lsm6dso acceleration sensor,3.3877954,-0.58418524,0.6943185,3
712757283217792,2024-03-21T19:39:44.526Z,lsm6dso acceleration sensor,4.402937,-0.14844051,0.8643068,3
712757293216492,2024-03-21T19:39:44.537Z,lsm6dso acceleration sensor,4.853047,0.06464344,0.9888053,3
712757303215258,2024-03-21T19:39:44.547Z,lsm6dso acceleration sensor,5.4135895,0.5243302,1.6831238,3
712757313214024,2024-03-21T19:39:44.556Z,lsm6dso acceleration sensor,5.729624,0.7661445,2.0757728,3
712757323212724,2024-03-21T19:39:44.566Z,lsm6dso acceleration sensor,6.4478846,1.1420342,2.5019407,3
712757333211490,2024-03-21T19:39:44.576Z,lsm6dso acceleration sensor,7.0560117,1.2880806,2.6288335,3
712757343210256,2024-03-21T19:39:44.587Z,lsm6dso acceleration sensor,8.277055,1.5059528,2.6862943,3
712757353209022,2024-03-21T19:39:44.597Z,lsm6dso acceleration sensor,8.827721,1.5466543,2.695871,3
712757363207822,2024-03-21T19:39:44.606Z,lsm6dso acceleration sensor,9.627384,1.460463,2.966416,3
712757373206722,2024-03-21T19:39:44.617Z,lsm6dso acceleration sensor,9.881169,1.4652514,3.1124623,3
712757383205622,2024-03-21T19:39:44.627Z,lsm6dso acceleration sensor,9.974544,1.4317327,3.4739866,3
712757393204588,2024-03-21T19:39:44.637Z,lsm6dso acceleration sensor,9.862016,1.4891934,3.8259344,3
712757403203521,2024-03-21T19:39:44.647Z,lsm6dso acceleration sensor,9.802161,1.6998832,4.7381253,3
712757413202521,2024-03-21T19:39:44.656Z,lsm6dso acceleration sensor,9.814132,1.8818425,5.0592475,3
712757423200854,2024-03-21T19:39:44.666Z,lsm6dso acceleration sensor,9.845257,2.3056161,5.2747254,3
712757433199154,2024-03-21T19:39:44.677Z,lsm6dso acceleration sensor,9.888352,2.5594015,5.327398,3
712757443197254,2024-03-21T19:39:44.686Z,lsm6dso acceleration sensor,10.199598,2.8083985,5.2483892,3
712757453195887,2024-03-21T19:39:44.697Z,lsm6dso acceleration sensor,10.774207,2.7341783,5.174169,3
712757463194920,2024-03-21T19:39:44.707Z,lsm6dso acceleration sensor,12.96969,1.9608512,4.7046065,3
712757473194020,2024-03-21T19:39:44.716Z,lsm6dso acceleration sensor,14.432548,1.2306197,4.3837833,3
712757483193120,2024-03-21T19:39:44.726Z,lsm6dso acceleration sensor,16.060904,-0.4405331,4.699818,3
712757493192220,2024-03-21T19:39:44.736Z,lsm6dso acceleration sensor,16.530167,-1.4389153,5.5428762,3
712757503191320,2024-03-21T19:39:44.747Z,lsm6dso acceleration sensor,14.830284,-2.504335,7.486968,3
712757513190420,2024-03-21T19:39:44.757Z,lsm6dso acceleration sensor,12.282554,-2.1212628,7.242759,3
712757523189853,2024-03-21T19:39:44.766Z,lsm6dso acceleration sensor,9.088689,-1.7908629,8.660127,3
712757533188953,2024-03-21T19:39:44.776Z,lsm6dso acceleration sensor,7.460632,-1.8698715,10.412683,3
712757543187986,2024-03-21T19:39:44.786Z,lsm6dso acceleration sensor,4.7740383,-2.030283,10.666468,3
712757553187086,2024-03-21T19:39:44.797Z,lsm6dso acceleration sensor,5.1310735,-2.0805612,10.185233,3
712757563186186,2024-03-21T19:39:44.807Z,lsm6dso acceleration sensor,9.44303,-2.0805612,9.455002,3
712757573185219,2024-03-21T19:39:44.817Z,lsm6dso acceleration sensor,12.330438,-2.1691468,9.246706,3
712757583184319,2024-03-21T19:39:44.826Z,lsm6dso acceleration sensor,14.621689,-2.6288335,9.110237,3
712757593183419,2024-03-21T19:39:44.836Z,lsm6dso acceleration sensor,14.205098,-2.8083985,8.901941,3
712757603182519,2024-03-21T19:39:44.846Z,lsm6dso acceleration sensor,12.155662,-2.3056161,8.224382,3
712757613181619,2024-03-21T19:39:44.857Z,lsm6dso acceleration sensor,11.303326,-1.9129672,7.8221564,3
712757623180719,2024-03-21T19:39:44.866Z,lsm6dso acceleration sensor,9.981726,-1.0965444,6.9674263,3
712757633179119,2024-03-21T19:39:44.876Z,lsm6dso acceleration sensor,9.1150255,-0.8379706,6.830957,3
712757643178219,2024-03-21T19:39:44.886Z,lsm6dso acceleration sensor,7.910742,-0.5793968,6.61069,3
712757653177252,2024-03-21T19:39:44.896Z,lsm6dso acceleration sensor,7.752724,-0.4237737,6.378453,3
712757663176318,2024-03-21T19:39:44.907Z,lsm6dso acceleration sensor,7.776666,-0.2633622,5.990592,3
712757673175284,2024-03-21T19:39:44.916Z,lsm6dso acceleration sensor,7.680898,-0.08379706,5.3657055,3
712757683174184,2024-03-21T19:39:44.926Z,lsm6dso acceleration sensor,7.6737156,0.3184288,4.819528,3
712757693173084,2024-03-21T19:39:44.936Z,lsm6dso acceleration sensor,7.783849,0.5315128,4.781221,3
712757703171950,2024-03-21T19:39:44.946Z,lsm6dso acceleration sensor,7.460632,0.85473,4.2401314,3
712757713170816,2024-03-21T19:39:44.957Z,lsm6dso acceleration sensor,7.0416465,1.0390835,3.6774938,3
712757723170349,2024-03-21T19:39:44.967Z,lsm6dso acceleration sensor,6.196493,1.0893618,3.3375173,3
712757733169849,2024-03-21T19:39:44.976Z,lsm6dso acceleration sensor,5.574001,0.9959879,3.1675289,3
712757743169582,2024-03-21T19:39:44.986Z,lsm6dso acceleration sensor,4.4364557,0.78529817,2.6048915,3
712757753168782,2024-03-21T19:39:44.996Z,lsm6dso acceleration sensor,3.8307228,0.6440403,2.2242134,3
712757763167515,2024-03-21T19:39:45.006Z,lsm6dso acceleration sensor,3.0095115,0.46447513,1.7501614,3
712757773166248,2024-03-21T19:39:45.016Z,lsm6dso acceleration sensor,2.834735,0.46926352,1.508347,3
712757783164981,2024-03-21T19:39:45.026Z,lsm6dso acceleration sensor,2.882619,0.5482722,0.9935937,3
712757793163681,2024-03-21T19:39:45.036Z,lsm6dso acceleration sensor,3.1316159,0.58657944,0.7541735,3
712757803161947,2024-03-21T19:39:45.046Z,lsm6dso acceleration sensor,3.8426938,0.60812724,0.5506664,3
712757813160713,2024-03-21T19:39:45.056Z,lsm6dso acceleration sensor,4.345476,0.5530606,0.59855044,3
712757823158579,2024-03-21T19:39:45.067Z,lsm6dso acceleration sensor,5.2986674,0.33279404,0.9720459,3
712757833155545,2024-03-21T19:39:45.076Z,lsm6dso acceleration sensor,5.7487774,0.12928689,1.2497733,3
712757843152578,2024-03-21T19:39:45.087Z,lsm6dso acceleration sensor,6.464644,-0.17956513,1.6783354,3
712757853149611,2024-03-21T19:39:45.097Z,lsm6dso acceleration sensor,6.809409,-0.30406362,1.9273324,3
712757863146711,2024-03-21T19:39:45.107Z,lsm6dso acceleration sensor,7.355287,-0.3854665,2.4588451,3
712757873143877,2024-03-21T19:39:45.116Z,lsm6dso acceleration sensor,7.640197,-0.4381389,2.72939,3
712757883141043,2024-03-21T19:39:45.126Z,lsm6dso acceleration sensor,8.131008,-0.557849,3.1675289,3
712757893138276,2024-03-21T19:39:45.136Z,lsm6dso acceleration sensor,8.449437,-0.6344634,3.4284968,3
712757903135509,2024-03-21T19:39:45.147Z,lsm6dso acceleration sensor,8.930672,-0.81402856,3.8953662,3
712757913132809,2024-03-21T19:39:45.156Z,lsm6dso acceleration sensor,9.196428,-0.9528923,4.10845,3
712757923130175,2024-03-21T19:39:45.167Z,lsm6dso acceleration sensor,9.981726,-1.3192052,4.405331,3
712757933128241,2024-03-21T19:39:45.177Z,lsm6dso acceleration sensor,10.281001,-1.5298948,4.4220905,3
712757943125674,2024-03-21T19:39:45.186Z,lsm6dso acceleration sensor,10.774207,-1.946486,4.1826706,3
712757953123174,2024-03-21T19:39:45.196Z,lsm6dso acceleration sensor,11.2315,-2.1045034,4.2999864,3
712757963120674,2024-03-21T19:39:45.207Z,lsm6dso acceleration sensor,12.232276,-2.2170308,4.673482,3
712757973118240,2024-03-21T19:39:45.216Z,lsm6dso acceleration sensor,12.644078,-2.1571758,4.7668557,3
712757983115873,2024-03-21T19:39:45.226Z,lsm6dso acceleration sensor,12.706327,-1.4389153,4.721366,3
712757993113506,2024-03-21T19:39:45.237Z,lsm6dso acceleration sensor,12.557887,-0.7517793,4.876989,3
712758003111206,2024-03-21T19:39:45.247Z,lsm6dso acceleration sensor,12.960114,0.80445176,5.064036,3
712758013108906,2024-03-21T19:39:45.257Z,lsm6dso acceleration sensor,13.304878,1.7405846,4.9658737,3
712758023106672,2024-03-21T19:39:45.267Z,lsm6dso acceleration sensor,13.625701,2.5091233,5.964256,3
712758033104505,2024-03-21T19:39:45.276Z,lsm6dso acceleration sensor,14.415788,2.7269957,7.094319,3
712758043102338,2024-03-21T19:39:45.286Z,lsm6dso acceleration sensor,12.126931,2.0949266,8.099884,3
712758053100238,2024-03-21T19:39:45.297Z,lsm6dso acceleration sensor,8.866028,1.520318,7.8963766,3
712758063098204,2024-03-21T19:39:45.306Z,lsm6dso acceleration sensor,6.0552354,1.6112977,8.380005,3
712758073096437,2024-03-21T19:39:45.317Z,lsm6dso acceleration sensor,5.5692124,1.9033904,8.818144,3
712758083094470,2024-03-21T19:39:45.327Z,lsm6dso acceleration sensor,5.4710503,2.123657,8.760683,3
712758093092803,2024-03-21T19:39:45.336Z,lsm6dso acceleration sensor,5.741595,2.1021092,8.444649,3
712758103091369,2024-03-21T19:39:45.346Z,lsm6dso acceleration sensor,7.7455416,2.3080103,8.195652,3
712758113089502,2024-03-21T19:39:45.357Z,lsm6dso acceleration sensor,9.92666,2.7222073,8.561965,3
712758123088202,2024-03-21T19:39:45.366Z,lsm6dso acceleration sensor,12.87871,3.5769374,9.215582,3
712758133088202,2024-03-21T19:39:45.376Z,lsm6dso acceleration sensor,13.455713,3.8714242,9.17488,3
712758143088202,2024-03-21T19:39:45.386Z,lsm6dso acceleration sensor,12.275372,3.1603463,9.313744,3
712758153088202,2024-03-21T19:39:45.396Z,lsm6dso acceleration sensor,11.188404,2.5737667,9.14615,3
712758163088202,2024-03-21T19:39:45.407Z,lsm6dso acceleration sensor,9.682451,1.532289,8.648156,3
712758173088202,2024-03-21T19:39:45.416Z,lsm6dso acceleration sensor,9.002498,0.79487497,8.059182,3
712758183088468,2024-03-21T19:39:45.427Z,lsm6dso acceleration sensor,8.233959,-0.37588966,6.620267,3
712758193088468,2024-03-21T19:39:45.437Z,lsm6dso acceleration sensor,7.9658084,-0.8619126,5.5596356,3
712758203088468,2024-03-21T19:39:45.446Z,lsm6dso acceleration sensor,7.951443,-1.1133038,4.144363,3
712758213088468,2024-03-21T19:39:45.456Z,lsm6dso acceleration sensor,7.9682026,-1.0151415,3.5697548,3
712758223088468,2024-03-21T19:39:45.466Z,lsm6dso acceleration sensor,7.5994954,-0.7062895,2.7246015,3
712758233088468,2024-03-21T19:39:45.476Z,lsm6dso acceleration sensor,7.2212114,-0.34237084,2.707842,3
712758243088468,2024-03-21T19:39:45.486Z,lsm6dso acceleration sensor,6.119879,0.5434838,1.1994951,3
712758253088468,2024-03-21T19:39:45.497Z,lsm6dso acceleration sensor,5.5572414,0.7469909,0.81402856,3
712758263088468,2024-03-21T19:39:45.506Z,lsm6dso acceleration sensor,4.534618,0.82360536,1.2162545,3
712758273088468,2024-03-21T19:39:45.516Z,lsm6dso acceleration sensor,4.0677485,0.7661445,1.3503298,3
712758283088468,2024-03-21T19:39:45.526Z,lsm6dso acceleration sensor,3.514688,0.521936,1.3575124,3
712758293088468,2024-03-21T19:39:45.536Z,lsm6dso acceleration sensor,3.3566709,0.3184288,1.4221559,3
712758303088468,2024-03-21T19:39:45.546Z,lsm6dso acceleration sensor,3.4859576,0.074220255,1.5705963,3
712758313088468,2024-03-21T19:39:45.556Z,lsm6dso acceleration sensor,3.8019924,-0.035913024,1.5945383,3
712758323088734,2024-03-21T19:39:45.567Z,lsm6dso acceleration sensor,4.6160207,-0.074220255,1.5107412,3
712758333088734,2024-03-21T19:39:45.576Z,lsm6dso acceleration sensor,5.210082,-0.038307227,1.448492,3
712758343088734,2024-03-21T19:39:45.587Z,lsm6dso acceleration sensor,6.119879,0.08140286,1.5705963,3
712758353088734,2024-03-21T19:39:45.597Z,lsm6dso acceleration sensor,6.49098,0.21308395,1.6998832,3
712758363088734,2024-03-21T19:39:45.606Z,lsm6dso acceleration sensor,6.8357453,0.4261679,2.0207062,3
712758373088467,2024-03-21T19:39:45.617Z,lsm6dso acceleration sensor,7.0177045,0.5722142,2.2840683,3
712758383088467,2024-03-21T19:39:45.626Z,lsm6dso acceleration sensor,7.218817,0.78769237,2.7844565,3
712758393088467,2024-03-21T19:39:45.636Z,lsm6dso acceleration sensor,7.290643,0.91697925,3.0095115,3
712758403088467,2024-03-21T19:39:45.647Z,lsm6dso acceleration sensor,7.855675,1.1899183,3.2393548,3
712758413088467,2024-03-21T19:39:45.657Z,lsm6dso acceleration sensor,8.2794485,1.3455414,3.383007,3
712758423088467,2024-03-21T19:39:45.667Z,lsm6dso acceleration sensor,9.107842,1.5514427,3.8498764,3
712758433088467,2024-03-21T19:39:45.676Z,lsm6dso acceleration sensor,9.237129,1.6089035,4.173094,3
712758443088467,2024-03-21T19:39:45.686Z,lsm6dso acceleration sensor,8.952219,1.7645266,4.7860093,3
712758453088733,2024-03-21T19:39:45.696Z,lsm6dso acceleration sensor,8.925883,1.8291701,4.9778447,3
712758463088733,2024-03-21T19:39:45.706Z,lsm6dso acceleration sensor,9.347262,2.2768857,5.147833,3
712758473088733,2024-03-21T19:39:45.717Z,lsm6dso acceleration sensor,9.517251,2.554613,5.18614,3
712758483088466,2024-03-21T19:39:45.726Z,lsm6dso acceleration sensor,10.094254,2.7940333,5.2052937,3
712758493088466,2024-03-21T19:39:45.736Z,lsm6dso acceleration sensor,10.676044,2.7269957,5.1909285,3
712758503088466,2024-03-21T19:39:45.746Z,lsm6dso acceleration sensor,11.861175,2.2816741,4.8482585,3
712758513088699,2024-03-21T19:39:45.756Z,lsm6dso acceleration sensor,13.051093,1.7477672,4.783615,3
712758523088699,2024-03-21T19:39:45.767Z,lsm6dso acceleration sensor,15.055339,0.23942018,5.0448823,3
712758533088699,2024-03-21T19:39:45.777Z,lsm6dso acceleration sensor,15.009849,-0.8355764,5.7870846,3
712758543088699,2024-03-21T19:39:45.786Z,lsm6dso acceleration sensor,14.650419,-2.1212628,7.58513,3
712758553088699,2024-03-21T19:39:45.796Z,lsm6dso acceleration sensor,14.173973,-2.4349031,7.9179244,3
712758563088699,2024-03-21T19:39:45.806Z,lsm6dso acceleration sensor,10.319308,-2.1212628,7.898771,3
712758573088732,2024-03-21T19:39:45.817Z,lsm6dso acceleration sensor,8.877999,-1.8602947,8.983344,3
712758583088732,2024-03-21T19:39:45.826Z,lsm6dso acceleration sensor,6.455067,-1.8794483,11.367969,3
712758593088732,2024-03-21T19:39:45.836Z,lsm6dso acceleration sensor,5.44232,-1.8195933,11.372757,3
712758603088732,2024-03-21T19:39:45.847Z,lsm6dso acceleration sensor,5.609914,-1.721431,10.58746,3
712758613088732,2024-03-21T19:39:45.856Z,lsm6dso acceleration sensor,7.0416465,-1.7022774,10.33128,3
712758623088465,2024-03-21T19:39:45.866Z,lsm6dso acceleration sensor,10.228329,-2.1978772,10.34325,3
712758633088465,2024-03-21T19:39:45.877Z,lsm6dso acceleration sensor,11.933001,-2.5187001,10.058341,3
712758643088465,2024-03-21T19:39:45.887Z,lsm6dso acceleration sensor,14.540286,-2.5713725,9.141361,3
712758653088465,2024-03-21T19:39:45.897Z,lsm6dso acceleration sensor,14.839861,-2.4540567,8.272266,3
712758663088465,2024-03-21T19:39:45.907Z,lsm6dso acceleration sensor,13.175591,-2.2481554,7.7982144,3
712758673088465,2024-03-21T19:39:45.917Z,lsm6dso acceleration sensor,11.585841,-2.0159178,7.7551184,3
712758683088465,2024-03-21T19:39:45.927Z,lsm6dso acceleration sensor,9.308955,-1.163582,7.793426,3
712758693088198,2024-03-21T19:39:45.937Z,lsm6dso acceleration sensor,8.518868,-0.7781156,7.817368,3
712758703088198,2024-03-21T19:39:45.947Z,lsm6dso acceleration sensor,7.5659766,0.088585466,6.7351885,3
712758713088198,2024-03-21T19:39:45.957Z,lsm6dso acceleration sensor,7.25473,0.49081135,6.2371945,3
712758723088198,2024-03-21T19:39:45.966Z,lsm6dso acceleration sensor,7.2571244,0.91219085,4.7022123,3
712758733088198,2024-03-21T19:39:45.976Z,lsm6dso acceleration sensor,7.3361335,1.115698,4.132392,3
712758743088198,2024-03-21T19:39:45.987Z,lsm6dso acceleration sensor,7.0057335,1.3479356,2.7581203,3
712758753087931,2024-03-21T19:39:45.997Z,lsm6dso acceleration sensor,6.6609683,1.3455414,2.0374656,3
712758763087931,2024-03-21T19:39:46.007Z,lsm6dso acceleration sensor,5.574001,1.1468226,1.5777789,3
712758773087931,2024-03-21T19:39:46.017Z,lsm6dso acceleration sensor,4.855441,1.0462662,1.4437037,3
712758783087931,2024-03-21T19:39:46.027Z,lsm6dso acceleration sensor,3.8498764,1.0223241,1.3503298,3
712758793087931,2024-03-21T19:39:46.036Z,lsm6dso acceleration sensor,3.3758245,1.0247183,1.3383588,3
712758803087931,2024-03-21T19:39:46.046Z,lsm6dso acceleration sensor,2.8682537,1.0175357,1.316811,3
712758813087697,2024-03-21T19:39:46.056Z,lsm6dso acceleration sensor,2.825158,1.0199299,1.2976574,3
712758823087963,2024-03-21T19:39:46.067Z,lsm6dso acceleration sensor,3.1627405,0.81881696,1.5298948,3
712758833087963,2024-03-21T19:39:46.077Z,lsm6dso acceleration sensor,3.5482068,0.7038953,1.6065093,3
712758843087963,2024-03-21T19:39:46.087Z,lsm6dso acceleration sensor,4.620809,0.2896984,1.5801731,3
712758853087963,2024-03-21T19:39:46.097Z,lsm6dso acceleration sensor,5.2507834,0.035913024,1.5179238,3
712758863087963,2024-03-21T19:39:46.106Z,lsm6dso acceleration sensor,6.2156467,-0.39264908,1.5801731,3
712758873087929,2024-03-21T19:39:46.116Z,lsm6dso acceleration sensor,6.644209,-0.5793968,1.9057846,3
712758883087929,2024-03-21T19:39:46.126Z,lsm6dso acceleration sensor,6.392818,-0.82121116,2.528277,3
712758893087929,2024-03-21T19:39:46.136Z,lsm6dso acceleration sensor,6.3066263,-0.89782566,2.6551697,3
712758903087929,2024-03-21T19:39:46.147Z,lsm6dso acceleration sensor,6.98658,-0.89782566,2.468422,3
712758913087929,2024-03-21T19:39:46.156Z,lsm6dso acceleration sensor,7.4295073,-0.8355764,2.4588451,3
712758923087929,2024-03-21T19:39:46.166Z,lsm6dso acceleration sensor,7.803003,-0.82360536,2.6647465,3
712758933087929,2024-03-21T19:39:46.176Z,lsm6dso acceleration sensor,8.013692,-0.8882488,2.8754363,3
712758943087929,2024-03-21T19:39:46.186Z,lsm6dso acceleration sensor,8.413524,-0.9600749,3.2249897,3
712758953088195,2024-03-21T19:39:46.197Z,lsm6dso acceleration sensor,8.8444805,-0.9864111,3.406949,3
712758963088195,2024-03-21T19:39:46.206Z,lsm6dso acceleration sensor,10.04637,-1.0821792,3.667917,3
712758973088195,2024-03-21T19:39:46.217Z,lsm6dso acceleration sensor,10.781389,-1.2330139,3.799598,3
712758983088195,2024-03-21T19:39:46.227Z,lsm6dso acceleration sensor,11.45416,-1.745373,3.9312792,3
712758993088195,2024-03-21T19:39:46.236Z,lsm6dso acceleration sensor,11.71034,-1.9369092,4.134786,3
712759003088195,2024-03-21T19:39:46.247Z,lsm6dso acceleration sensor,12.557887,-2.2242134,4.8386817,3
712759013088428,2024-03-21T19:39:46.256Z,lsm6dso acceleration sensor,12.87871,-2.2050598,5.016152,3
712759023088428,2024-03-21T19:39:46.266Z,lsm6dso acceleration sensor,13.479655,-1.7549498,4.6591167,3
712759033088428,2024-03-21T19:39:46.276Z,lsm6dso acceleration sensor,14.0590515,-1.1899183,4.968268,3
712759043088428,2024-03-21T19:39:46.286Z,lsm6dso acceleration sensor,14.597747,0.19632454,5.5931544,3
712759053088428,2024-03-21T19:39:46.296Z,lsm6dso acceleration sensor,14.811131,1.0414777,5.96665,3
712759063088428,2024-03-21T19:39:46.306Z,lsm6dso acceleration sensor,15.455171,1.910573,7.546823,3
712759073088661,2024-03-21T19:39:46.316Z,lsm6dso acceleration sensor,14.7824,1.8818425,8.164527,3
712759083088661,2024-03-21T19:39:46.327Z,lsm6dso acceleration sensor,11.150097,1.685518,7.5300636,3
712759093088661,2024-03-21T19:39:46.337Z,lsm6dso acceleration sensor,9.208399,1.7764976,7.513304,3
712759103088661,2024-03-21T19:39:46.347Z,lsm6dso acceleration sensor,6.5532293,2.360683,8.001721,3
712759113088894,2024-03-21T19:39:46.356Z,lsm6dso acceleration sensor,5.028123,2.516306,8.157345,3
712759123088627,2024-03-21T19:39:46.366Z,lsm6dso acceleration sensor,3.620033,2.4301147,7.609072,3
712759133088627,2024-03-21T19:39:46.376Z,lsm6dso acceleration sensor,4.0533834,2.4396915,7.5300636,3
712759143088627,2024-03-21T19:39:46.386Z,lsm6dso acceleration sensor,7.999327,3.083732,7.642591,3
712759153088893,2024-03-21T19:39:46.396Z,lsm6dso acceleration sensor,10.573094,3.5577838,7.8460984,3
712759163088893,2024-03-21T19:39:46.407Z,lsm6dso acceleration sensor,13.484444,4.1252093,7.230788,3
712759173089159,2024-03-21T19:39:46.416Z,lsm6dso acceleration sensor,12.972084,3.9432502,6.7974377,3
712759183089159,2024-03-21T19:39:46.426Z,lsm6dso acceleration sensor,11.116578,2.8993783,7.278672,3
712759193089159,2024-03-21T19:39:46.437Z,lsm6dso acceleration sensor,9.931448,2.2122424,7.640197,3
712759203089159,2024-03-21T19:39:46.447Z,lsm6dso acceleration sensor,7.889194,0.7757214,7.6952634,3
712759213089159,2024-03-21T19:39:46.456Z,lsm6dso acceleration sensor,7.4319015,0.07182605,7.3624697,3
712759223089159,2024-03-21T19:39:46.466Z,lsm6dso acceleration sensor,7.427113,-0.89303726,6.3257804,3
712759233089159,2024-03-21T19:39:46.476Z,lsm6dso acceleration sensor,7.640197,-1.1947067,5.456685,3
712759243089159,2024-03-21T19:39:46.486Z,lsm6dso acceleration sensor,8.001721,-1.2593501,4.098873,3
712759253088892,2024-03-21T19:39:46.496Z,lsm6dso acceleration sensor,7.9418664,-1.0342951,3.3399115,3
712759263088892,2024-03-21T19:39:46.506Z,lsm6dso acceleration sensor,7.580342,-0.35673606,2.7868507,3
712759273088892,2024-03-21T19:39:46.517Z,lsm6dso acceleration sensor,7.1589622,0.02633622,2.6791117,3
712759283088892,2024-03-21T19:39:46.526Z,lsm6dso acceleration sensor,6.184522,0.7302315,2.384625,3
712759293088892,2024-03-21T19:39:46.536Z,lsm6dso acceleration sensor,5.564424,1.2545617,2.1452048,3
712759303088892,2024-03-21T19:39:46.547Z,lsm6dso acceleration sensor,4.7046065,1.7357962,1.3192052,3
712759313088892,2024-03-21T19:39:46.557Z,lsm6dso acceleration sensor,4.343082,1.7190368,1.460463,3
712759323089192,2024-03-21T19:39:46.566Z,lsm6dso acceleration sensor,3.7948096,1.4556746,2.0973208,3
712759333089192,2024-03-21T19:39:46.576Z,lsm6dso acceleration sensor,3.442862,1.2258313,2.0853498,3
712759343089192,2024-03-21T19:39:46.587Z,lsm6dso acceleration sensor,3.6487634,0.8283938,1.9153614,3
712759353089192,2024-03-21T19:39:46.596Z,lsm6dso acceleration sensor,4.072537,0.6991069,1.8004397,3
712759363089192,2024-03-21T19:39:46.606Z,lsm6dso acceleration sensor,5.1191025,0.6584055,1.6639702,3
712759373088958,2024-03-21T19:39:46.617Z,lsm6dso acceleration sensor,5.478233,0.6919243,1.7621324,3
712759383088958,2024-03-21T19:39:46.626Z,lsm6dso acceleration sensor,5.952285,0.866701,2.1092918,3
712759393088958,2024-03-21T19:39:46.637Z,lsm6dso acceleration sensor,6.2946553,1.0007763,2.3415294,3
712759403088958,2024-03-21T19:39:46.647Z,lsm6dso acceleration sensor,6.8381395,1.1851299,2.731784,3
712759413088724,2024-03-21T19:39:46.656Z,lsm6dso acceleration sensor,7.2212114,1.2497733,2.9161377,3
712759423088724,2024-03-21T19:39:46.667Z,lsm6dso acceleration sensor,7.996933,1.1851299,3.098097,3
712759433088724,2024-03-21T19:39:46.676Z,lsm6dso acceleration sensor,8.461408,1.103727,3.1651347,3
712759443088724,2024-03-21T19:39:46.687Z,lsm6dso acceleration sensor,9.227552,0.91458505,3.3614593,3
712759453088457,2024-03-21T19:39:46.696Z,lsm6dso acceleration sensor,9.598654,0.8738836,3.5793316,3
712759463088457,2024-03-21T19:39:46.706Z,lsm6dso acceleration sensor,9.541193,0.9648633,3.9025488,3
712759473088190,2024-03-21T19:39:46.716Z,lsm6dso acceleration sensor,9.320927,1.1085154,4.122815,3
712759483088190,2024-03-21T19:39:46.726Z,lsm6dso acceleration sensor,8.937854,1.5634137,4.6112323,3
712759493088190,2024-03-21T19:39:46.736Z,lsm6dso acceleration sensor,8.691252,1.910573,4.9036245,3
712759503088190,2024-03-21T19:39:46.747Z,lsm6dso acceleration sensor,8.054394,2.6862943,5.315427,3
712759513088190,2024-03-21T19:39:46.757Z,lsm6dso acceleration sensor,7.688081,3.1292217,5.454291,3
712759523088190,2024-03-21T19:39:46.767Z,lsm6dso acceleration sensor,8.2555065,3.6176388,5.454291,3
712759533088190,2024-03-21T19:39:46.777Z,lsm6dso acceleration sensor,9.19164,3.58412,5.028123,3
712759543088190,2024-03-21T19:39:46.787Z,lsm6dso acceleration sensor,11.291354,2.956839,4.27365,3
712759553088190,2024-03-21T19:39:46.796Z,lsm6dso acceleration sensor,12.928988,2.2218192,3.9073372,3
712759563088190,2024-03-21T19:39:46.807Z,lsm6dso acceleration sensor,15.345037,0.45250413,3.526659,3
712759573088456,2024-03-21T19:39:46.817Z,lsm6dso acceleration sensor,15.833454,-0.6775591,3.8738184,3
712759583088456,2024-03-21T19:39:46.827Z,lsm6dso acceleration sensor,14.224252,-2.360683,6.028899,3
712759593088456,2024-03-21T19:39:46.837Z,lsm6dso acceleration sensor,13.357551,-2.8754363,7.4941506,3
712759603088456,2024-03-21T19:39:46.846Z,lsm6dso acceleration sensor,11.549929,-2.5953147,7.8245506,3
712759613088222,2024-03-21T19:39:46.857Z,lsm6dso acceleration sensor,9.8715925,-1.8818425,7.108684,3
712759623087922,2024-03-21T19:39:46.866Z,lsm6dso acceleration sensor,7.460632,-1.7764976,8.834904,3
712759633087922,2024-03-21T19:39:46.876Z,lsm6dso acceleration sensor,6.917148,-1.8507179,9.785401,3
712759643087922,2024-03-21T19:39:46.887Z,lsm6dso acceleration sensor,5.674557,-1.9033904,9.778219,3
712759653088155,2024-03-21T19:39:46.896Z,lsm6dso acceleration sensor,6.04087,-2.0254946,9.821315,3
712759663088155,2024-03-21T19:39:46.907Z,lsm6dso acceleration sensor,8.705617,-2.0135236,9.9194765,3
712759673088155,2024-03-21T19:39:46.916Z,lsm6dso acceleration sensor,10.745477,-2.0757728,10.2403,3
712759683088155,2024-03-21T19:39:46.927Z,lsm6dso acceleration sensor,13.886669,-2.2050598,10.008062,3
712759693088155,2024-03-21T19:39:46.937Z,lsm6dso acceleration sensor,14.501979,-2.2026656,9.493309,3
712759703088155,2024-03-21T19:39:46.946Z,lsm6dso acceleration sensor,13.259388,-2.1547816,9.007286,3
712759713088155,2024-03-21T19:39:46.956Z,lsm6dso acceleration sensor,12.067076,-2.099715,8.913912,3
712759723088155,2024-03-21T19:39:46.967Z,lsm6dso acceleration sensor,9.9673605,-1.5682021,9.179668,3
712759733088155,2024-03-21T19:39:46.976Z,lsm6dso acceleration sensor,9.119814,-1.1947067,9.366416,3
712759743088155,2024-03-21T19:39:46.986Z,lsm6dso acceleration sensor,8.57633,0.01436521,7.913136,3
712759753088155,2024-03-21T19:39:46.996Z,lsm6dso acceleration sensor,8.5978775,0.28491,7.6737156,3
712759763088155,2024-03-21T19:39:47.006Z,lsm6dso acceleration sensor,8.308179,0.7637503,5.969044,3
712759773088155,2024-03-21T19:39:47.016Z,lsm6dso acceleration sensor,7.9298954,0.94331545,4.9395375,3
712759783088155,2024-03-21T19:39:47.027Z,lsm6dso acceleration sensor,7.168539,1.376666,3.6870706,3
712759793088155,2024-03-21T19:39:47.036Z,lsm6dso acceleration sensor,6.845322,1.661576,2.8107927,3
712759803088155,2024-03-21T19:39:47.046Z,lsm6dso acceleration sensor,6.3066263,1.7286136,1.4556746,3
712759813088155,2024-03-21T19:39:47.056Z,lsm6dso acceleration sensor,5.5596356,1.5179238,1.1994951,3
712759823088421,2024-03-21T19:39:47.066Z,lsm6dso acceleration sensor,4.2281604,1.1611878,1.3096284,3
712759833088421,2024-03-21T19:39:47.076Z,lsm6dso acceleration sensor,3.6296098,0.93373865,1.4173675,3
712759843088421,2024-03-21T19:39:47.087Z,lsm6dso acceleration sensor,3.086126,0.60333884,1.3670892,3
712759853088421,2024-03-21T19:39:47.096Z,lsm6dso acceleration sensor,3.083732,0.4237737,1.4053963,3
712759863088421,2024-03-21T19:39:47.106Z,lsm6dso acceleration sensor,3.3973722,0.10534488,1.5969325,3
712759873088154,2024-03-21T19:39:47.116Z,lsm6dso acceleration sensor,3.8235402,-0.021547815,1.7142484,3
712759883088154,2024-03-21T19:39:47.127Z,lsm6dso acceleration sensor,4.8123455,-0.19871874,2.1260512,3
712759893088154,2024-03-21T19:39:47.137Z,lsm6dso acceleration sensor,5.2052937,-0.25857377,2.315193,3
712759903088154,2024-03-21T19:39:47.146Z,lsm6dso acceleration sensor,5.834969,-0.34476504,2.5498247,3
712759913088154,2024-03-21T19:39:47.156Z,lsm6dso acceleration sensor,6.060024,-0.39025488,2.657564,3
712759923088154,2024-03-21T19:39:47.166Z,lsm6dso acceleration sensor,6.2515597,-0.34715924,2.705448,3
712759933088154,2024-03-21T19:39:47.176Z,lsm6dso acceleration sensor,6.37127,-0.29448682,2.6551697,3
712759943088154,2024-03-21T19:39:47.187Z,lsm6dso acceleration sensor,6.680122,-0.18435353,2.516306,3
712759953087920,2024-03-21T19:39:47.197Z,lsm6dso acceleration sensor,6.9075713,-0.15801731,2.3798366,3
712759963087920,2024-03-21T19:39:47.207Z,lsm6dso acceleration sensor,7.261913,-0.18195933,2.1547816,3
712759973087920,2024-03-21T19:39:47.217Z,lsm6dso acceleration sensor,7.4893622,-0.23702596,2.0925324,3
712759983087920,2024-03-21T19:39:47.226Z,lsm6dso acceleration sensor,7.8101854,-0.49320555,2.1619642,3
712759993087920,2024-03-21T19:39:47.237Z,lsm6dso acceleration sensor,7.975385,-0.7158663,2.3558946,3
712760003087920,2024-03-21T19:39:47.246Z,lsm6dso acceleration sensor,8.619426,-0.9935937,2.906561,3
712760013087920,2024-03-21T19:39:47.256Z,lsm6dso acceleration sensor,9.270648,-1.0247183,3.1603463,3
712760023087920,2024-03-21T19:39:47.267Z,lsm6dso acceleration sensor,10.549152,-1.0606314,3.323152,3
712760033087920,2024-03-21T19:39:47.277Z,lsm6dso acceleration sensor,11.054329,-1.151611,3.4141316,3
712760043088153,2024-03-21T19:39:47.286Z,lsm6dso acceleration sensor,11.456554,-1.5227122,3.8498764,3
712760053088153,2024-03-21T19:39:47.296Z,lsm6dso acceleration sensor,11.667244,-1.7717092,4.187459,3
712760063088153,2024-03-21T19:39:47.306Z,lsm6dso acceleration sensor,12.414235,-2.4372973,4.994604,3
712760073088386,2024-03-21T19:39:47.317Z,lsm6dso acceleration sensor,12.826037,-2.741361,5.135862,3
712760083088386,2024-03-21T19:39:47.326Z,lsm6dso acceleration sensor,13.173197,-2.8083985,4.7381253,3
712760093088386,2024-03-21T19:39:47.336Z,lsm6dso acceleration sensor,13.096582,-2.4492683,4.355053,3
712760103088386,2024-03-21T19:39:47.347Z,lsm6dso acceleration sensor,12.725481,-0.94331545,4.309563,3
712760113088619,2024-03-21T19:39:47.357Z,lsm6dso acceleration sensor,12.512398,0.11731588,4.414908,3
712760123088352,2024-03-21T19:39:47.367Z,lsm6dso acceleration sensor,12.253823,1.4173675,4.9275665,3
712760133088352,2024-03-21T19:39:47.377Z,lsm6dso acceleration sensor,12.711116,1.7310078,5.8636994,3
712760143088352,2024-03-21T19:39:47.387Z,lsm6dso acceleration sensor,12.318467,1.1611878,7.1613564,3
712760153088352,2024-03-21T19:39:47.396Z,lsm6dso acceleration sensor,10.417471,0.7134721,7.1948752,3
712760163088352,2024-03-21T19:39:47.406Z,lsm6dso acceleration sensor,7.266701,0.6799533,7.7192054,3
712760173088352,2024-03-21T19:39:47.417Z,lsm6dso acceleration sensor,6.4239426,1.13964,7.7215996,3
712760183088352,2024-03-21T19:39:47.426Z,lsm6dso acceleration sensor,6.182128,1.8339585,8.056788,3
712760193088352,2024-03-21T19:39:47.437Z,lsm6dso acceleration sensor,6.368876,1.9680338,7.9801736,3
712760203088352,2024-03-21T19:39:47.446Z,lsm6dso acceleration sensor,8.363246,2.0231004,7.51091,3
712760213088352,2024-03-21T19:39:47.456Z,lsm6dso acceleration sensor,10.338462,2.2146366,7.501333,3
712760223088352,2024-03-21T19:39:47.466Z,lsm6dso acceleration sensor,14.181156,2.4732103,8.047212,3
712760233088352,2024-03-21T19:39:47.476Z,lsm6dso acceleration sensor,14.197915,2.2768857,8.099884,3
712760243088352,2024-03-21T19:39:47.487Z,lsm6dso acceleration sensor,12.955325,1.292869,7.58513,3
712760253088352,2024-03-21T19:39:47.497Z,lsm6dso acceleration sensor,12.30889,0.79248077,7.142203,3
712760263088352,2024-03-21T19:39:47.506Z,lsm6dso acceleration sensor,10.613795,-0.38067806,6.9075713,3
712760273088352,2024-03-21T19:39:47.516Z,lsm6dso acceleration sensor,9.598654,-1.0390835,6.4742208,3
712760283088352,2024-03-21T19:39:47.526Z,lsm6dso acceleration sensor,8.3991585,-1.7262194,5.4758387,3
712760293088352,2024-03-21T19:39:47.536Z,lsm6dso acceleration sensor,7.8868,-1.8028339,4.6519337,3
712760303088352,2024-03-21T19:39:47.547Z,lsm6dso acceleration sensor,7.0919247,-1.6424223,3.0142999,3
712760313088352,2024-03-21T19:39:47.556Z,lsm6dso acceleration sensor,6.8764467,-1.3192052,2.2625206,3
712760323088618,2024-03-21T19:39:47.567Z,lsm6dso acceleration sensor,6.5652003,-0.51475334,1.958457,3
712760333088618,2024-03-21T19:39:47.576Z,lsm6dso acceleration sensor,6.1629744,-0.076614454,0.6679823,3
712760343088384,2024-03-21T19:39:47.587Z,lsm6dso acceleration sensor,5.4495025,0.36152446,-0.2705448,3
712760353088384,2024-03-21T19:39:47.596Z,lsm6dso acceleration sensor,5.0712185,0.48362875,0.02873042,3
712760363088384,2024-03-21T19:39:47.607Z,lsm6dso acceleration sensor,4.2904096,0.5434838,0.9864111,3
712760373088150,2024-03-21T19:39:47.617Z,lsm6dso acceleration sensor,3.9935284,0.51235914,1.2569559,3
712760383088150,2024-03-21T19:39:47.627Z,lsm6dso acceleration sensor,3.7205894,0.22266077,1.6639702,3
712760393088150,2024-03-21T19:39:47.637Z,lsm6dso acceleration sensor,3.845088,0.038307227,1.697489,3
712760403088150,2024-03-21T19:39:47.646Z,lsm6dso acceleration sensor,4.55856,-0.25857377,2.018312,3
712760413087916,2024-03-21T19:39:47.656Z,lsm6dso acceleration sensor,5.054459,-0.30645782,2.468422,3
712760423087916,2024-03-21T19:39:47.666Z,lsm6dso acceleration sensor,5.8996124,0.047884032,2.4157495,3
712760433087916,2024-03-21T19:39:47.676Z,lsm6dso acceleration sensor,6.220435,0.36391866,2.243367,3
712760443087916,2024-03-21T19:39:47.687Z,lsm6dso acceleration sensor,6.6178727,0.8379706,2.3056161,3
712760453088182,2024-03-21T19:39:47.697Z,lsm6dso acceleration sensor,6.7447653,1.0319009,2.219425,3
712760463088182,2024-03-21T19:39:47.706Z,lsm6dso acceleration sensor,6.8860235,1.1228806,1.8267759,3
712760473088182,2024-03-21T19:39:47.717Z,lsm6dso acceleration sensor,7.1469913,1.1085154,1.6591818,3
712760483088182,2024-03-21T19:39:47.726Z,lsm6dso acceleration sensor,7.474997,0.9792285,1.5921441,3
712760493088182,2024-03-21T19:39:47.736Z,lsm6dso acceleration sensor,7.570765,0.8858546,1.6304513,3
712760503088182,2024-03-21T19:39:47.747Z,lsm6dso acceleration sensor,7.747936,0.7206547,1.8555063,3
712760513088182,2024-03-21T19:39:47.756Z,lsm6dso acceleration sensor,7.9538374,0.59376204,2.1284454,3
712760523088182,2024-03-21T19:39:47.767Z,lsm6dso acceleration sensor,8.540417,0.56982,2.5761611,3
712760533088182,2024-03-21T19:39:47.776Z,lsm6dso acceleration sensor,8.796597,0.60812724,2.7820623,3
712760543088182,2024-03-21T19:39:47.786Z,lsm6dso acceleration sensor,9.036016,0.8882488,3.323152,3
712760553088182,2024-03-21T19:39:47.796Z,lsm6dso acceleration sensor,8.9163065,1.1611878,3.5122938,3
712760563088182,2024-03-21T19:39:47.807Z,lsm6dso acceleration sensor,8.739136,1.7908629,4.096479,3
712760573088415,2024-03-21T19:39:47.816Z,lsm6dso acceleration sensor,8.746318,2.1787236,4.429273,3
712760583088415,2024-03-21T19:39:47.826Z,lsm6dso acceleration sensor,9.2107935,2.7940333,4.489128,3
712760593088415,2024-03-21T19:39:47.837Z,lsm6dso acceleration sensor,9.969755,2.779668,4.5274353,3
712760603088415,2024-03-21T19:39:47.847Z,lsm6dso acceleration sensor,12.227488,2.1428106,4.297592,3
712760613088415,2024-03-21T19:39:47.856Z,lsm6dso acceleration sensor,13.362339,1.4939818,4.3167458,3
712760623088148,2024-03-21T19:39:47.866Z,lsm6dso acceleration sensor,15.953164,-0.47644615,5.6410384,3
712760633088148,2024-03-21T19:39:47.876Z,lsm6dso acceleration sensor,17.248428,-1.6376339,6.7112465,3
712760643088148,2024-03-21T19:39:47.886Z,lsm6dso acceleration sensor,15.100829,-2.8395233,6.728006,3
712760653088148,2024-03-21T19:39:47.897Z,lsm6dso acceleration sensor,12.9242,-2.779668,7.4295073,3
712760663088148,2024-03-21T19:39:47.906Z,lsm6dso acceleration sensor,9.45979,-4.0821137,11.0495405,3
712760673088148,2024-03-21T19:39:47.916Z,lsm6dso acceleration sensor,7.3241625,-4.6040497,11.691186,3
712760683088148,2024-03-21T19:39:47.926Z,lsm6dso acceleration sensor,5.0209403,-4.721366,10.886734,3
712760693088148,2024-03-21T19:39:47.936Z,lsm6dso acceleration sensor,5.952285,-4.721366,10.848427,3
712760703088148,2024-03-21T19:39:47.947Z,lsm6dso acceleration sensor,11.293749,-5.006575,11.221923,3
712760713088148,2024-03-21T19:39:47.956Z,lsm6dso acceleration sensor,13.723864,-5.028123,10.999262,3
712760723088148,2024-03-21T19:39:47.966Z,lsm6dso acceleration sensor,15.323489,-5.207688,11.573871,3
712760733088148,2024-03-21T19:39:47.977Z,lsm6dso acceleration sensor,14.966753,-5.0353055,11.399094,3
712760743088148,2024-03-21T19:39:47.986Z,lsm6dso acceleration sensor,12.225093,-4.146757,9.828497,3
712760753087881,2024-03-21T19:39:47.996Z,lsm6dso acceleration sensor,10.494085,-3.643975,9.478944,3
712760763087881,2024-03-21T19:39:48.006Z,lsm6dso acceleration sensor,7.9682026,-2.5354595,9.062353,3
712760773087881,2024-03-21T19:39:48.016Z,lsm6dso acceleration sensor,7.202058,-1.8171991,8.806173,3
712760783087881,2024-03-21T19:39:48.026Z,lsm6dso acceleration sensor,6.9243307,-0.6560113,7.9801736,3
712760793087881,2024-03-21T19:39:48.036Z,lsm6dso acceleration sensor,7.532458,0.17717093,7.1613564,3
712760803087881,2024-03-21T19:39:48.047Z,lsm6dso acceleration sensor,7.8963766,0.6607997,6.9793973,3
712760813087881,2024-03-21T19:39:48.057Z,lsm6dso acceleration sensor,7.735965,0.81642276,6.050447,3
712760823088147,2024-03-21T19:39:48.067Z,lsm6dso acceleration sensor,7.178116,0.2657564,4.6399627,3
712760833088147,2024-03-21T19:39:48.076Z,lsm6dso acceleration sensor,6.7734957,-0.12689269,3.6583402,3
712760843088147,2024-03-21T19:39:48.087Z,lsm6dso acceleration sensor,5.822998,-0.6751649,2.5881321,3
712760853088147,2024-03-21T19:39:48.096Z,lsm6dso acceleration sensor,5.348946,-0.79008657,2.1308396,3
712760863088147,2024-03-21T19:39:48.106Z,lsm6dso acceleration sensor,4.283227,-0.60573304,1.5658079,3
712760873087913,2024-03-21T19:39:48.116Z,lsm6dso acceleration sensor,3.7349546,-0.39025488,1.5801731,3
712760883087913,2024-03-21T19:39:48.127Z,lsm6dso acceleration sensor,2.777274,0.01436521,1.4173675,3
712760893087913,2024-03-21T19:39:48.137Z,lsm6dso acceleration sensor,2.2840683,0.25378537,1.2234371,3
712760903087913,2024-03-21T19:39:48.146Z,lsm6dso acceleration sensor,1.7980455,0.6655881,1.2114661,3
712760913087913,2024-03-21T19:39:48.157Z,lsm6dso acceleration sensor,1.6998832,0.81402856,1.2018893,3
712760923087913,2024-03-21T19:39:48.166Z,lsm6dso acceleration sensor,1.8818425,0.9504981,1.067814,3
712760933088179,2024-03-21T19:39:48.176Z,lsm6dso acceleration sensor,2.195483,0.9648633,0.9672575,3
712760943088179,2024-03-21T19:39:48.186Z,lsm6dso acceleration sensor,3.0190883,0.91458505,1.067814,3
712760953088179,2024-03-21T19:39:48.196Z,lsm6dso acceleration sensor,3.454833,0.81642276,1.1803415,3
712760963088179,2024-03-21T19:39:48.209Z,lsm6dso acceleration sensor,4.534618,0.521936,1.541866,3
712760973088179,2024-03-21T19:39:48.217Z,lsm6dso acceleration sensor,5.2292356,0.2705448,1.7597382,3
712760983088179,2024-03-21T19:39:48.226Z,lsm6dso acceleration sensor,6.5819597,-0.22266077,2.0039468,3
712760993088179,2024-03-21T19:39:48.236Z,lsm6dso acceleration sensor,7.4414783,-0.5267244,2.1284454,3
712761003088179,2024-03-21T19:39:48.247Z,lsm6dso acceleration sensor,9.007286,-0.9720459,2.6072857,3
712761013088179,2024-03-21T19:39:48.257Z,lsm6dso acceleration sensor,9.668086,-1.1707647,2.9999347,3
712761023088179,2024-03-21T19:39:48.267Z,lsm6dso acceleration sensor,10.74787,-1.532289,3.7804444,3
712761033088179,2024-03-21T19:39:48.276Z,lsm6dso acceleration sensor,11.135732,-1.6831238,4.333505,3
712761043088179,2024-03-21T19:39:48.286Z,lsm6dso acceleration sensor,12.02398,-1.958457,5.612308,3
712761053088179,2024-03-21T19:39:48.297Z,lsm6dso acceleration sensor,12.4669075,-2.1859062,6.0097456,3
712761063088179,2024-03-21T19:39:48.307Z,lsm6dso acceleration sensor,13.005603,-2.4396915,5.5476646,3
712761073088412,2024-03-21T19:39:48.316Z,lsm6dso acceleration sensor,13.43656,-2.5761611,5.4351373,3
712761083088412,2024-03-21T19:39:48.326Z,lsm6dso acceleration sensor,13.7885065,-2.7748797,5.746383,3
712761093088412,2024-03-21T19:39:48.336Z,lsm6dso acceleration sensor,13.642461,-2.7581203,5.990592,3
712761103088412,2024-03-21T19:39:48.347Z,lsm6dso acceleration sensor,13.338397,-2.5210943,6.170157,3
712761113088412,2024-03-21T19:39:48.356Z,lsm6dso acceleration sensor,13.37431,-2.27928,6.002563,3
712761123088145,2024-03-21T19:39:48.366Z,lsm6dso acceleration sensor,13.716681,-1.4197617,5.5596356,3
712761133088145,2024-03-21T19:39:48.376Z,lsm6dso acceleration sensor,13.637672,-0.81642276,5.648221,3
712761143088145,2024-03-21T19:39:48.387Z,lsm6dso acceleration sensor,12.562675,0.37110126,4.7740383,3
712761153088145,2024-03-21T19:39:48.396Z,lsm6dso acceleration sensor,12.634501,0.7733272,4.402937,3
712761163088145,2024-03-21T19:39:48.406Z,lsm6dso acceleration sensor,12.8092785,0.62488663,5.1454387,3
712761173088378,2024-03-21T19:39:48.416Z,lsm6dso acceleration sensor,12.751818,0.29688102,6.1510034,3
712761183088378,2024-03-21T19:39:48.427Z,lsm6dso acceleration sensor,10.752659,-0.031124622,7.2092404,3
712761193088378,2024-03-21T19:39:48.437Z,lsm6dso acceleration sensor,8.444649,-0.045489833,7.1278377,3
712761203088378,2024-03-21T19:39:48.446Z,lsm6dso acceleration sensor,5.526117,0.7398083,7.0081277,3
712761213088378,2024-03-21T19:39:48.457Z,lsm6dso acceleration sensor,4.5274353,1.3335704,7.288249,3
712761223088378,2024-03-21T19:39:48.466Z,lsm6dso acceleration sensor,3.466804,2.0470424,8.3273325,3
712761233088344,2024-03-21T19:39:48.476Z,lsm6dso acceleration sensor,4.1371803,2.7581203,8.846874,3
712761243088344,2024-03-21T19:39:48.487Z,lsm6dso acceleration sensor,6.2228293,3.8857894,9.246706,3
712761253088344,2024-03-21T19:39:48.496Z,lsm6dso acceleration sensor,7.6473794,4.546589,9.440637,3
712761263088344,2024-03-21T19:39:48.507Z,lsm6dso acceleration sensor,10.175656,5.882853,10.278607,3
712761273088344,2024-03-21T19:39:48.516Z,lsm6dso acceleration sensor,10.8747635,6.1533976,10.846033,3
712761283088344,2024-03-21T19:39:48.526Z,lsm6dso acceleration sensor,10.00088,4.922778,11.360786,3
712761293088344,2024-03-21T19:39:48.537Z,lsm6dso acceleration sensor,9.007286,3.916914,10.790966,3
712761303088344,2024-03-21T19:39:48.546Z,lsm6dso acceleration sensor,8.454226,2.0949266,9.792584,3
712761313088344,2024-03-21T19:39:48.557Z,lsm6dso acceleration sensor,8.494926,0.9840169,8.617031,3
712761323088577,2024-03-21T19:39:48.567Z,lsm6dso acceleration sensor,8.758289,-0.90021986,6.4000006,3
712761333088810,2024-03-21T19:39:48.576Z,lsm6dso acceleration sensor,8.712799,-1.6112977,5.2986674,3
712761343088810,2024-03-21T19:39:48.586Z,lsm6dso acceleration sensor,8.2555065,-2.1428106,3.7253778,3
712761353088810,2024-03-21T19:39:48.596Z,lsm6dso acceleration sensor,7.8724346,-2.0709844,3.004723,3
712761363088810,2024-03-21T19:39:48.606Z,lsm6dso acceleration sensor,7.2595186,-1.6017209,2.1499932,3
712761373088576,2024-03-21T19:39:48.616Z,lsm6dso acceleration sensor,6.7687073,-1.115698,1.508347,3
712761383088576,2024-03-21T19:39:48.626Z,lsm6dso acceleration sensor,5.5596356,-0.016759412,1.6184803,3
712761393088576,2024-03-21T19:39:48.636Z,lsm6dso acceleration sensor,4.8099513,0.7661445,1.4053963,3
712761403088576,2024-03-21T19:39:48.647Z,lsm6dso acceleration sensor,3.3997664,1.4413095,0.58897364,3
712761413088576,2024-03-21T19:39:48.657Z,lsm6dso acceleration sensor,2.920926,1.496376,0.79966336,3
712761423088576,2024-03-21T19:39:48.666Z,lsm6dso acceleration sensor,2.7222073,1.2210429,1.271321,3
712761433088576,2024-03-21T19:39:48.676Z,lsm6dso acceleration sensor,2.825158,1.0079589,1.13964,3
712761443088576,2024-03-21T19:39:48.686Z,lsm6dso acceleration sensor,3.3566709,0.61530983,0.878672,3
712761453088576,2024-03-21T19:39:48.697Z,lsm6dso acceleration sensor,3.8187518,0.51954174,1.0606314,3
712761463088576,2024-03-21T19:39:48.706Z,lsm6dso acceleration sensor,4.6232033,0.62728083,1.4532804,3
712761473088342,2024-03-21T19:39:48.717Z,lsm6dso acceleration sensor,4.980239,0.6919243,1.7022774,3
712761483088342,2024-03-21T19:39:48.727Z,lsm6dso acceleration sensor,5.600337,0.80924016,2.0685902,3
712761493088342,2024-03-21T19:39:48.737Z,lsm6dso acceleration sensor,6.048053,0.7757214,2.0733786,3
712761503088342,2024-03-21T19:39:48.746Z,lsm6dso acceleration sensor,6.9578495,0.60573304,2.0901382,3
712761513088342,2024-03-21T19:39:48.757Z,lsm6dso acceleration sensor,7.668927,0.45968673,2.2146366,3
712761523088342,2024-03-21T19:39:48.767Z,lsm6dso acceleration sensor,8.751106,0.093373865,2.4420857,3
712761533088108,2024-03-21T19:39:48.776Z,lsm6dso acceleration sensor,9.167698,-0.1388637,2.6408045,3
712761543088108,2024-03-21T19:39:48.787Z,lsm6dso acceleration sensor,9.270648,-0.39025488,3.0669725,3
712761553088108,2024-03-21T19:39:48.796Z,lsm6dso acceleration sensor,9.222764,-0.38067806,3.3806129,3
712761563088108,2024-03-21T19:39:48.807Z,lsm6dso acceleration sensor,9.244312,-0.055066638,3.715801,3
712761573088341,2024-03-21T19:39:48.817Z,lsm6dso acceleration sensor,9.404723,0.20111294,3.964798,3
712761583088341,2024-03-21T19:39:48.827Z,lsm6dso acceleration sensor,10.055946,0.82121116,4.4939165,3
712761593088341,2024-03-21T19:39:48.836Z,lsm6dso acceleration sensor,9.986514,1.0941502,4.673482,3
712761603088341,2024-03-21T19:39:48.846Z,lsm6dso acceleration sensor,8.748713,1.6591818,4.759673,3
712761613088341,2024-03-21T19:39:48.856Z,lsm6dso acceleration sensor,8.506898,1.8818425,4.6040497,3
712761623088107,2024-03-21T19:39:48.867Z,lsm6dso acceleration sensor,9.646538,1.8531121,4.225766,3
712761633087873,2024-03-21T19:39:48.876Z,lsm6dso acceleration sensor,10.544364,1.532289,3.8379054,3
712761643087873,2024-03-21T19:39:48.887Z,lsm6dso acceleration sensor,12.478879,0.22505496,3.083732,3
712761653087873,2024-03-21T19:39:48.896Z,lsm6dso acceleration sensor,13.233052,-0.82599956,2.8993783,3
712761663087873,2024-03-21T19:39:48.907Z,lsm6dso acceleration sensor,12.890681,-2.6312277,4.0940847,3
712761673087873,2024-03-21T19:39:48.917Z,lsm6dso acceleration sensor,11.593024,-3.655946,5.5572414,3
712761683087873,2024-03-21T19:39:48.927Z,lsm6dso acceleration sensor,10.474932,-4.721366,7.972991,3
712761693087873,2024-03-21T19:39:48.937Z,lsm6dso acceleration sensor,10.503662,-4.9155955,8.724771,3
712761703087873,2024-03-21T19:39:48.946Z,lsm6dso acceleration sensor,10.087071,-3.2393548,9.464579,3
712761713087873,2024-03-21T19:39:48.957Z,lsm6dso acceleration sensor,9.091084,-2.552219,10.683228,3
712761723087873,2024-03-21T19:39:48.967Z,lsm6dso acceleration sensor,7.4438725,-2.2026656,12.289737,3
712761733088106,2024-03-21T19:39:48.977Z,lsm6dso acceleration sensor,6.763919,-1.922544,12.526763,3
712761743088106,2024-03-21T19:39:48.987Z,lsm6dso acceleration sensor,6.854899,-1.2090719,14.217069,3
712761753088106,2024-03-21T19:39:48.996Z,lsm6dso acceleration sensor,8.29142,-0.4429273,14.358327,3
712761763088106,2024-03-21T19:39:49.006Z,lsm6dso acceleration sensor,12.167632,0.260968,14.463672,3
712761773088106,2024-03-21T19:39:49.017Z,lsm6dso acceleration sensor,13.810055,0.17956513,14.636054,3
712761783088106,2024-03-21T19:39:49.026Z,lsm6dso acceleration sensor,14.4493065,-0.33997664,14.537892,3
712761793088106,2024-03-21T19:39:49.036Z,lsm6dso acceleration sensor,13.647249,-0.63206923,13.40304,3
712761803088106,2024-03-21T19:39:49.047Z,lsm6dso acceleration sensor,11.092636,-0.9935937,11.782166,3
712761813088106,2024-03-21T19:39:49.057Z,lsm6dso acceleration sensor,10.063129,-0.91219085,11.300931,3
712761823088372,2024-03-21T19:39:49.067Z,lsm6dso acceleration sensor,8.384793,-1.1133038,10.340857,3
712761833088638,2024-03-21T19:39:49.077Z,lsm6dso acceleration sensor,7.6258316,-0.91937345,9.02644,3
712761843088638,2024-03-21T19:39:49.087Z,lsm6dso acceleration sensor,6.7495537,-0.830788,7.427113,3
712761853088638,2024-03-21T19:39:49.097Z,lsm6dso acceleration sensor,6.7854667,-0.5243302,6.289867,3
712761863088638,2024-03-21T19:39:49.106Z,lsm6dso acceleration sensor,7.1637506,-0.39504328,3.2225955,3
712761873088404,2024-03-21T19:39:49.117Z,lsm6dso acceleration sensor,7.242759,-0.37828386,1.3000516,3
712761883088404,2024-03-21T19:39:49.127Z,lsm6dso acceleration sensor,6.380847,0.0023942017,0.82121116,3
712761893088404,2024-03-21T19:39:49.136Z,lsm6dso acceleration sensor,5.540482,0.38067806,0.17717093,3
712761903088404,2024-03-21T19:39:49.147Z,lsm6dso acceleration sensor,3.7972038,1.1683705,-1.1659763,3
712761913088404,2024-03-21T19:39:49.156Z,lsm6dso acceleration sensor,3.098097,1.4532804,-1.2234371,3
712761923088404,2024-03-21T19:39:49.167Z,lsm6dso acceleration sensor,1.9608512,1.7310078,-0.8379706,3
712761933088404,2024-03-21T19:39:49.176Z,lsm6dso acceleration sensor,1.7717092,1.8698715,-0.34237084,3
712761943088404,2024-03-21T19:39:49.187Z,lsm6dso acceleration sensor,1.7645266,1.7645266,0.29209262,3
712761953088404,2024-03-21T19:39:49.196Z,lsm6dso acceleration sensor,1.982399,1.5921441,0.7613561,3
712761963088404,2024-03-21T19:39:49.207Z,lsm6dso acceleration sensor,2.504335,1.0534488,1.8483237,3
712761973088404,2024-03-21T19:39:49.217Z,lsm6dso acceleration sensor,2.8299465,0.6679823,2.2744915,3
712761983088404,2024-03-21T19:39:49.226Z,lsm6dso acceleration sensor,3.7062242,0.093373865,2.6647465,3
712761993088404,2024-03-21T19:39:49.236Z,lsm6dso acceleration sensor,4.3382936,-0.20350714,2.681506,3
712762003088404,2024-03-21T19:39:49.246Z,lsm6dso acceleration sensor,5.334581,-0.7134721,2.456451,3
712762013088404,2024-03-21T19:39:49.256Z,lsm6dso acceleration sensor,5.964256,-0.9935937,2.2744915,3
712762023088404,2024-03-21T19:39:49.266Z,lsm6dso acceleration sensor,6.977003,-1.3934253,1.9009962,3
712762033088170,2024-03-21T19:39:49.276Z,lsm6dso acceleration sensor,7.412748,-1.5298948,1.7669208,3
712762043088170,2024-03-21T19:39:49.287Z,lsm6dso acceleration sensor,8.12622,-1.5562311,1.9249382,3
712762053088170,2024-03-21T19:39:49.296Z,lsm6dso acceleration sensor,8.353669,-1.508347,2.2960393,3
712762063088170,2024-03-21T19:39:49.307Z,lsm6dso acceleration sensor,8.190864,-1.3359646,3.2752678,3
712762073088170,2024-03-21T19:39:49.317Z,lsm6dso acceleration sensor,8.380005,-1.2425907,3.5913026,3
712762083088170,2024-03-21T19:39:49.326Z,lsm6dso acceleration sensor,9.780613,-1.1994951,3.6966474,3
712762093088170,2024-03-21T19:39:49.336Z,lsm6dso acceleration sensor,10.178051,-1.3431472,3.6990416,3
712762103088170,2024-03-21T19:39:49.346Z,lsm6dso acceleration sensor,10.297761,-1.7956513,4.036624,3
712762113088170,2024-03-21T19:39:49.356Z,lsm6dso acceleration sensor,10.49648,-2.1739352,4.6255975,3
712762123087903,2024-03-21T19:39:49.366Z,lsm6dso acceleration sensor,11.870751,-2.6982653,5.770325,3
712762133087636,2024-03-21T19:39:49.377Z,lsm6dso acceleration sensor,12.739846,-2.731784,5.4231663,3
712762143087636,2024-03-21T19:39:49.386Z,lsm6dso acceleration sensor,13.848362,-2.2888567,4.7261543,3
712762153087636,2024-03-21T19:39:49.397Z,lsm6dso acceleration sensor,13.97286,-1.7166426,4.891354,3
712762163087636,2024-03-21T19:39:49.406Z,lsm6dso acceleration sensor,13.453319,-0.0023942017,5.195717,3
712762173087636,2024-03-21T19:39:49.417Z,lsm6dso acceleration sensor,13.034333,1.1827357,5.514146,3
712762183087636,2024-03-21T19:39:49.427Z,lsm6dso acceleration sensor,12.1005945,2.552219,6.014534,3
712762193087636,2024-03-21T19:39:49.437Z,lsm6dso acceleration sensor,12.162844,2.755726,6.6035075,3
712762203087636,2024-03-21T19:39:49.447Z,lsm6dso acceleration sensor,12.306496,1.9919758,8.300997,3
712762213087636,2024-03-21T19:39:49.456Z,lsm6dso acceleration sensor,10.886734,1.079785,8.396765,3
712762223087636,2024-03-21T19:39:49.466Z,lsm6dso acceleration sensor,7.51091,0.5793968,6.6394205,3
712762233087636,2024-03-21T19:39:49.476Z,lsm6dso acceleration sensor,6.845322,1.1133038,6.584354,3
712762243087636,2024-03-21T19:39:49.487Z,lsm6dso acceleration sensor,7.082348,1.8267759,8.909123,3
712762253087869,2024-03-21T19:39:49.497Z,lsm6dso acceleration sensor,6.426337,1.7956513,9.088689,3
712762263087869,2024-03-21T19:39:49.506Z,lsm6dso acceleration sensor,6.344934,1.8004397,8.590695,3
712762273087869,2024-03-21T19:39:49.517Z,lsm6dso acceleration sensor,7.5755534,2.1978772,8.57633,3
712762283087869,2024-03-21T19:39:49.527Z,lsm6dso acceleration sensor,12.083836,3.5984852,9.577106,3
712762293087869,2024-03-21T19:39:49.536Z,lsm6dso acceleration sensor,13.987226,4.086902,10.180445,3
712762303087869,2024-03-21T19:39:49.546Z,lsm6dso acceleration sensor,14.135666,4.10845,10.709563,3
712762313087869,2024-03-21T19:39:49.556Z,lsm6dso acceleration sensor,12.778153,3.8283286,10.695198,3
712762323088135,2024-03-21T19:39:49.566Z,lsm6dso acceleration sensor,10.371981,3.2632968,9.797373,3
712762333088401,2024-03-21T19:39:49.577Z,lsm6dso acceleration sensor,9.124602,2.7341783,8.777443,3
712762343088401,2024-03-21T19:39:49.587Z,lsm6dso acceleration sensor,8.068759,1.6879122,6.8596873,3
712762353088401,2024-03-21T19:39:49.596Z,lsm6dso acceleration sensor,7.8844056,1.1252748,6.060024,3
712762363088401,2024-03-21T19:39:49.607Z,lsm6dso acceleration sensor,7.714417,0.272939,4.9251723,3
712762373088401,2024-03-21T19:39:49.616Z,lsm6dso acceleration sensor,7.6473794,-0.07182605,3.8642416,3
712762383088401,2024-03-21T19:39:49.627Z,lsm6dso acceleration sensor,7.6354084,-0.33758244,2.030283,3
712762393088401,2024-03-21T19:39:49.637Z,lsm6dso acceleration sensor,7.534852,-0.35673606,1.4437037,3
712762403088401,2024-03-21T19:39:49.646Z,lsm6dso acceleration sensor,6.438308,-0.37588966,0.6751649,3
712762413088401,2024-03-21T19:39:49.657Z,lsm6dso acceleration sensor,5.698499,-0.18674773,0.45010993,3
712762423088401,2024-03-21T19:39:49.666Z,lsm6dso acceleration sensor,4.110844,0.033518825,-1.151611,3
712762433088401,2024-03-21T19:39:49.677Z,lsm6dso acceleration sensor,3.2992098,-0.019153614,-1.1348516,3
712762443088401,2024-03-21T19:39:49.686Z,lsm6dso acceleration sensor,2.231396,-0.2633622,-0.019153614,3
712762453088401,2024-03-21T19:39:49.696Z,lsm6dso acceleration sensor,1.9057846,-0.3878607,0.4141969,3
712762463088401,2024-03-21T19:39:49.707Z,lsm6dso acceleration sensor,2.0949266,-0.50517654,0.8762778,3
712762473088401,2024-03-21T19:39:49.716Z,lsm6dso acceleration sensor,2.633622,-0.5626374,1.1228806,3
712762483088401,2024-03-21T19:39:49.727Z,lsm6dso acceleration sensor,3.7852328,-0.3854665,1.271321,3
712762493088401,2024-03-21T19:39:49.736Z,lsm6dso acceleration sensor,4.525041,-0.1436521,1.3359646,3
712762503088401,2024-03-21T19:39:49.746Z,lsm6dso acceleration sensor,5.5548472,0.32800564,1.7381904,3
712762513088401,2024-03-21T19:39:49.756Z,lsm6dso acceleration sensor,5.930737,0.58418524,1.9369092,3
712762523088401,2024-03-21T19:39:49.767Z,lsm6dso acceleration sensor,6.34254,0.91219085,2.0159178,3
712762533088401,2024-03-21T19:39:49.776Z,lsm6dso acceleration sensor,6.5460467,1.0271125,1.8195933,3
712762543088401,2024-03-21T19:39:49.786Z,lsm6dso acceleration sensor,7.678504,1.1013328,1.6352397,3
712762553088167,2024-03-21T19:39:49.797Z,lsm6dso acceleration sensor,8.324939,1.0749966,1.8291701,3
712762563088167,2024-03-21T19:39:49.806Z,lsm6dso acceleration sensor,8.51408,1.103727,2.2649148,3
712762573088200,2024-03-21T19:39:49.817Z,lsm6dso acceleration sensor,8.600272,1.2234371,2.753332,3
712762583088200,2024-03-21T19:39:49.826Z,lsm6dso acceleration sensor,9.172486,1.6950948,3.347094,3
712762593088200,2024-03-21T19:39:49.837Z,lsm6dso acceleration sensor,9.495703,1.9656396,3.5529952,3
712762603088200,2024-03-21T19:39:49.846Z,lsm6dso acceleration sensor,9.732729,2.4947581,4.0677485,3
712762613088200,2024-03-21T19:39:49.856Z,lsm6dso acceleration sensor,9.534011,2.7629087,4.3239284,3
712762623087933,2024-03-21T19:39:49.866Z,lsm6dso acceleration sensor,9.273043,3.086126,4.9754505,3
712762633087666,2024-03-21T19:39:49.876Z,lsm6dso acceleration sensor,9.364022,3.083732,5.2244473,3
712762643087666,2024-03-21T19:39:49.887Z,lsm6dso acceleration sensor,10.3336735,2.5785553,4.932355,3
712762653087666,2024-03-21T19:39:49.897Z,lsm6dso acceleration sensor,11.087848,2.087744,4.450821,3
712762663087666,2024-03-21T19:39:49.906Z,lsm6dso acceleration sensor,13.424588,0.38067806,3.8043866,3
712762673087666,2024-03-21T19:39:49.916Z,lsm6dso acceleration sensor,14.710574,-0.79487497,3.9719806,3
712762683087666,2024-03-21T19:39:49.927Z,lsm6dso acceleration sensor,15.175049,-2.8083985,5.4375315,3
712762693087666,2024-03-21T19:39:49.936Z,lsm6dso acceleration sensor,14.375086,-3.7852328,6.5699887,3
712762703087666,2024-03-21T19:39:49.946Z,lsm6dso acceleration sensor,12.811672,-4.3287168,7.716811,3
712762713087666,2024-03-21T19:39:49.956Z,lsm6dso acceleration sensor,11.154885,-3.7493198,6.766313,3
712762723087666,2024-03-21T19:39:49.966Z,lsm6dso acceleration sensor,8.801385,-3.478775,8.380005,3
712762733087666,2024-03-21T19:39:49.977Z,lsm6dso acceleration sensor,7.7694836,-3.8714242,10.5802765,3
712762743087666,2024-03-21T19:39:49.986Z,lsm6dso acceleration sensor,6.28029,-3.7493198,11.842021,3
712762753087899,2024-03-21T19:39:49.996Z,lsm6dso acceleration sensor,6.232406,-3.098097,12.050317,3
712762763087899,2024-03-21T19:39:50.007Z,lsm6dso acceleration sensor,7.666533,-1.9273324,12.122143,3
712762773087899,2024-03-21T19:39:50.017Z,lsm6dso acceleration sensor,8.954614,-1.42455,12.256218,3
712762783087899,2024-03-21T19:39:50.026Z,lsm6dso acceleration sensor,12.754211,-0.51714754,12.361563,3
712762793087899,2024-03-21T19:39:50.036Z,lsm6dso acceleration sensor,14.744093,-0.1364695,12.794913,3
712762803087899,2024-03-21T19:39:50.047Z,lsm6dso acceleration sensor,15.301942,-0.260968,12.835614,3
712762813088132,2024-03-21T19:39:50.057Z,lsm6dso acceleration sensor,14.241011,-0.62249243,12.54831,3
712762823088398,2024-03-21T19:39:50.066Z,lsm6dso acceleration sensor,10.5707,-1.3072342,11.549929,3
712762833088398,2024-03-21T19:39:50.077Z,lsm6dso acceleration sensor,9.064747,-1.4939818,11.219528,3
712762843088398,2024-03-21T19:39:50.087Z,lsm6dso acceleration sensor,8.260295,-1.115698,9.783008,3
712762853088398,2024-03-21T19:39:50.097Z,lsm6dso acceleration sensor,7.9921446,-1.0893618,9.031228,3
712762863088398,2024-03-21T19:39:50.106Z,lsm6dso acceleration sensor,8.207623,-0.79726917,7.5994954,3
712762873088364,2024-03-21T19:39:50.116Z,lsm6dso acceleration sensor,8.150162,-0.79966336,6.2635307,3
712762883088364,2024-03-21T19:39:50.127Z,lsm6dso acceleration sensor,8.557177,-0.7589619,2.7269957,3
712762893088364,2024-03-21T19:39:50.136Z,lsm6dso acceleration sensor,8.516475,-0.7517793,1.2545617,3
712762903088364,2024-03-21T19:39:50.146Z,lsm6dso acceleration sensor,7.3624697,-0.30645782,1.3072342,3
712762913088364,2024-03-21T19:39:50.157Z,lsm6dso acceleration sensor,6.1653686,0.11731588,0.6488287,3
712762923088364,2024-03-21T19:39:50.167Z,lsm6dso acceleration sensor,4.084508,0.7326257,0.21547815,3
712762933088364,2024-03-21T19:39:50.176Z,lsm6dso acceleration sensor,3.1244333,0.9888053,0.34715924,3
712762943088364,2024-03-21T19:39:50.187Z,lsm6dso acceleration sensor,1.8746599,1.1875241,0.4261679,3
712762953088364,2024-03-21T19:39:50.196Z,lsm6dso acceleration sensor,1.6112977,1.1659763,0.40222588,3
712762963088364,2024-03-21T19:39:50.207Z,lsm6dso acceleration sensor,1.733402,0.94092125,0.5770026,3
712762973088364,2024-03-21T19:39:50.216Z,lsm6dso acceleration sensor,2.1811178,0.79487497,0.8403648,3
712762983088364,2024-03-21T19:39:50.227Z,lsm6dso acceleration sensor,3.2920272,0.34955344,1.5897499,3
712762993088364,2024-03-21T19:39:50.236Z,lsm6dso acceleration sensor,3.8379054,0.05746084,1.9057846,3
712763003088364,2024-03-21T19:39:50.247Z,lsm6dso acceleration sensor,4.7261543,-0.3878607,2.0614076,3
712763013088364,2024-03-21T19:39:50.257Z,lsm6dso acceleration sensor,5.3680997,-0.6655881,2.2816741,3
712763023088364,2024-03-21T19:39:50.267Z,lsm6dso acceleration sensor,6.3377514,-0.89064306,2.693477,3
712763033088364,2024-03-21T19:39:50.276Z,lsm6dso acceleration sensor,6.586748,-0.8810662,2.882619,3
712763043088364,2024-03-21T19:39:50.287Z,lsm6dso acceleration sensor,6.893206,-0.82360536,3.0573955,3
712763053088130,2024-03-21T19:39:50.296Z,lsm6dso acceleration sensor,7.0057335,-0.7206547,3.0669725,3
712763063088130,2024-03-21T19:39:50.307Z,lsm6dso acceleration sensor,6.8860235,-0.62967503,2.9712043,3
712763073088396,2024-03-21T19:39:50.316Z,lsm6dso acceleration sensor,6.802226,-0.6679823,2.9376855,3
712763083088396,2024-03-21T19:39:50.327Z,lsm6dso acceleration sensor,6.9363017,-0.7398083,2.9137435,3
712763093088396,2024-03-21T19:39:50.336Z,lsm6dso acceleration sensor,7.3217683,-0.7254431,2.9520507,3
712763103088396,2024-03-21T19:39:50.347Z,lsm6dso acceleration sensor,8.368034,-0.79008657,3.0502129,3
712763113088162,2024-03-21T19:39:50.356Z,lsm6dso acceleration sensor,9.222764,-0.89782566,3.13401,3
712763123087895,2024-03-21T19:39:50.367Z,lsm6dso acceleration sensor,10.76463,-1.400608,2.9712043,3
712763133087895,2024-03-21T19:39:50.376Z,lsm6dso acceleration sensor,11.372757,-1.7597382,2.882619,3
712763143087895,2024-03-21T19:39:50.387Z,lsm6dso acceleration sensor,12.457331,-2.825158,3.2609026,3
712763153087895,2024-03-21T19:39:50.396Z,lsm6dso acceleration sensor,12.955325,-3.3877954,3.9456444,3
712763163087895,2024-03-21T19:39:50.407Z,lsm6dso acceleration sensor,13.369521,-3.8881836,4.970662,3
712763173087895,2024-03-21T19:39:50.416Z,lsm6dso acceleration sensor,13.352762,-3.6750996,5.1574097,3
712763183087895,2024-03-21T19:39:50.426Z,lsm6dso acceleration sensor,12.703934,-2.4516625,5.454291,3
712763193087895,2024-03-21T19:39:50.436Z,lsm6dso acceleration sensor,12.41184,-1.2761095,5.7727194,3
712763203087895,2024-03-21T19:39:50.446Z,lsm6dso acceleration sensor,12.917017,1.0534488,6.1677628,3
712763213087895,2024-03-21T19:39:50.456Z,lsm6dso acceleration sensor,13.070247,1.8555063,6.088754,3
712763223087895,2024-03-21T19:39:50.467Z,lsm6dso acceleration sensor,14.391846,2.5474305,7.1829042,3
712763233087895,2024-03-21T19:39:50.477Z,lsm6dso acceleration sensor,14.914081,2.111686,8.205229,3
712763243087895,2024-03-21T19:39:50.486Z,lsm6dso acceleration sensor,10.642526,0.5530606,7.0081277,3
712763253087895,2024-03-21T19:39:50.497Z,lsm6dso acceleration sensor,8.202834,0.34476504,6.1893106,3
712763263088128,2024-03-21T19:39:50.507Z,lsm6dso acceleration sensor,6.6035075,0.92655605,6.799832,3
712763273088128,2024-03-21T19:39:50.516Z,lsm6dso acceleration sensor,6.7304,1.5107412,7.6593504,3
712763283088128,2024-03-21T19:39:50.527Z,lsm6dso acceleration sensor,5.6889224,1.7501614,8.190864,3
712763293088128,2024-03-21T19:39:50.536Z,lsm6dso acceleration sensor,5.210082,1.8674773,8.071154,3
712763303088128,2024-03-21T19:39:50.547Z,lsm6dso acceleration sensor,7.1015015,3.0142999,8.39437,3
712763313088128,2024-03-21T19:39:50.557Z,lsm6dso acceleration sensor,9.560347,4.0916905,8.784625,3
712763323088394,2024-03-21T19:39:50.566Z,lsm6dso acceleration sensor,12.780548,5.358523,8.983344,3
712763333088394,2024-03-21T19:39:50.576Z,lsm6dso acceleration sensor,13.075035,5.454291,8.9641905,3
712763343088394,2024-03-21T19:39:50.586Z,lsm6dso acceleration sensor,11.341633,4.2305546,9.409512,3
712763353088394,2024-03-21T19:39:50.596Z,lsm6dso acceleration sensor,10.324097,3.3901896,9.342474,3
712763363088394,2024-03-21T19:39:50.606Z,lsm6dso acceleration sensor,9.684845,1.9321208,9.399935,3
712763373088127,2024-03-21T19:39:50.616Z,lsm6dso acceleration sensor,9.541193,1.0510546,8.779837,3
712763383088127,2024-03-21T19:39:50.626Z,lsm6dso acceleration sensor,9.251494,-0.14604631,6.869264,3
712763393088127,2024-03-21T19:39:50.637Z,lsm6dso acceleration sensor,8.849269,-0.7278373,5.6194906,3
712763403088127,2024-03-21T19:39:50.646Z,lsm6dso acceleration sensor,8.12622,-1.1109096,4.357447,3
712763413088127,2024-03-21T19:39:50.657Z,lsm6dso acceleration sensor,7.621043,-1.0007763,3.5984852,3
712763423088127,2024-03-21T19:39:50.667Z,lsm6dso acceleration sensor,6.878841,-0.7182605,2.5689783,3
712763433088127,2024-03-21T19:39:50.677Z,lsm6dso acceleration sensor,6.514922,-0.4165911,2.1547816,3
712763443088127,2024-03-21T19:39:50.686Z,lsm6dso acceleration sensor,5.6075196,0.37828386,0.81642276,3
712763453088127,2024-03-21T19:39:50.697Z,lsm6dso acceleration sensor,4.980239,0.5554548,-0.19871874,3
712763463088127,2024-03-21T19:39:50.707Z,lsm6dso acceleration sensor,3.4284968,0.6512229,-0.11252748,3
712763473088127,2024-03-21T19:39:50.716Z,lsm6dso acceleration sensor,2.767697,0.61770403,0.06943185,3
712763483088360,2024-03-21T19:39:50.726Z,lsm6dso acceleration sensor,2.1021092,0.32561144,-0.047884032,3
712763493088360,2024-03-21T19:39:50.736Z,lsm6dso acceleration sensor,2.1045034,0.1412579,0.05267244,3
712763503088360,2024-03-21T19:39:50.747Z,lsm6dso acceleration sensor,2.4277205,-0.11492168,0.50278234,3
712763513088360,2024-03-21T19:39:50.757Z,lsm6dso acceleration sensor,2.9496565,-0.16280572,0.91937345,3
712763523088360,2024-03-21T19:39:50.766Z,lsm6dso acceleration sensor,4.1635165,-0.050278235,1.42455,3
712763533088360,2024-03-21T19:39:50.777Z,lsm6dso acceleration sensor,4.7620673,0.093373865,1.5514427,3
712763543088360,2024-03-21T19:39:50.787Z,lsm6dso acceleration sensor,5.638644,0.3184288,2.0757728,3
712763553088360,2024-03-21T19:39:50.796Z,lsm6dso acceleration sensor,6.0911484,0.521936,2.6048915,3
712763563088126,2024-03-21T19:39:50.806Z,lsm6dso acceleration sensor,6.7854667,0.93134445,3.5913026,3
712763573088359,2024-03-21T19:39:50.816Z,lsm6dso acceleration sensor,7.1230493,1.1468226,3.9312792,3
712763583088359,2024-03-21T19:39:50.827Z,lsm6dso acceleration sensor,7.6497736,1.4891934,4.000711,3
712763593088359,2024-03-21T19:39:50.837Z,lsm6dso acceleration sensor,8.032846,1.6017209,3.916914,3
712763603088359,2024-03-21T19:39:50.847Z,lsm6dso acceleration sensor,9.105449,1.6496049,3.7421372,3
712763613088359,2024-03-21T19:39:50.856Z,lsm6dso acceleration sensor,9.524434,1.6256629,3.6415808,3
712763623088092,2024-03-21T19:39:50.867Z,lsm6dso acceleration sensor,9.929053,1.6424223,3.4524388,3
712763633088092,2024-03-21T19:39:50.876Z,lsm6dso acceleration sensor,9.792584,1.721431,3.5122938,3
712763643088092,2024-03-21T19:39:50.887Z,lsm6dso acceleration sensor,9.316138,1.9847932,3.9217024,3
712763653088092,2024-03-21T19:39:50.896Z,lsm6dso acceleration sensor,9.028834,2.2146366,4.1946416,3
712763663088092,2024-03-21T19:39:50.907Z,lsm6dso acceleration sensor,8.79899,2.707842,4.733337,3
712763673088092,2024-03-21T19:39:50.917Z,lsm6dso acceleration sensor,8.605061,2.9903579,4.7740383,3
712763683088092,2024-03-21T19:39:50.927Z,lsm6dso acceleration sensor,8.997709,3.193865,4.709395,3
712763693088092,2024-03-21T19:39:50.936Z,lsm6dso acceleration sensor,9.7447,3.0095115,4.6160207,3
712763703087258,2024-03-21T19:39:50.947Z,lsm6dso acceleration sensor,11.549929,2.087744,4.2904096,3
712763713087258,2024-03-21T19:39:50.957Z,lsm6dso acceleration sensor,12.869133,1.2641385,3.7565024,3
712763723087258,2024-03-21T19:39:50.966Z,lsm6dso acceleration sensor,15.029002,-0.5746084,3.4284968,3
712763733087258,2024-03-21T19:39:50.977Z,lsm6dso acceleration sensor,15.297153,-1.6998832,4.1491513,3
712763743087258,2024-03-21T19:39:50.987Z,lsm6dso acceleration sensor,13.630489,-3.2489316,6.2012815,3
712763753087258,2024-03-21T19:39:50.997Z,lsm6dso acceleration sensor,12.773365,-3.7732618,7.4534492,3
712763763087258,2024-03-21T19:39:51.007Z,lsm6dso acceleration sensor,11.564294,-3.3758245,6.926725,3
712763773087258,2024-03-21T19:39:51.016Z,lsm6dso acceleration sensor,10.465355,-2.5378537,6.402395,3
712763783087024,2024-03-21T19:39:51.027Z,lsm6dso acceleration sensor,8.638579,-2.6503813,9.158121,3
712763793087024,2024-03-21T19:39:51.037Z,lsm6dso acceleration sensor,7.240365,-3.0119057,10.546758,3
712763803087024,2024-03-21T19:39:51.046Z,lsm6dso acceleration sensor,4.898836,-2.89459,11.468526,3
712763813087490,2024-03-21T19:39:51.057Z,lsm6dso acceleration sensor,4.8338933,-2.5785553,11.777377,3
712763823087756,2024-03-21T19:39:51.066Z,lsm6dso acceleration sensor,7.6138606,-1.8267759,11.870751,3
712763833087756,2024-03-21T19:39:51.077Z,lsm6dso acceleration sensor,10.115802,-1.5227122,11.597813,3
712763843087756,2024-03-21T19:39:51.086Z,lsm6dso acceleration sensor,14.4014225,-1.4580688,11.413459,3
712763853087756,2024-03-21T19:39:51.097Z,lsm6dso acceleration sensor,15.898098,-1.7070658,11.219528,3
712763863087756,2024-03-21T19:39:51.107Z,lsm6dso acceleration sensor,15.519814,-2.468422,10.21157,3
712763873087522,2024-03-21T19:39:51.116Z,lsm6dso acceleration sensor,13.70471,-2.815581,9.43106,3
712763883087522,2024-03-21T19:39:51.126Z,lsm6dso acceleration sensor,10.201993,-2.837129,9.067142,3
712763893087522,2024-03-21T19:39:51.137Z,lsm6dso acceleration sensor,9.021651,-2.3319526,9.098266,3
712763903087522,2024-03-21T19:39:51.146Z,lsm6dso acceleration sensor,7.7215996,-1.340753,8.866028,3
712763913087522,2024-03-21T19:39:51.157Z,lsm6dso acceleration sensor,7.2571244,-0.8499416,8.023269,3
712763923087522,2024-03-21T19:39:51.166Z,lsm6dso acceleration sensor,7.486968,-0.25617957,7.0512233,3
712763933087522,2024-03-21T19:39:51.176Z,lsm6dso acceleration sensor,7.6138606,0.2753332,5.4758387,3
712763943087522,2024-03-21T19:39:51.186Z,lsm6dso acceleration sensor,7.70484,0.6440403,2.908955,3
712763953087522,2024-03-21T19:39:51.197Z,lsm6dso acceleration sensor,8.195652,0.8523358,2.8419175,3
712763963087522,2024-03-21T19:39:51.206Z,lsm6dso acceleration sensor,7.2930374,1.1994951,1.9009962,3
712763973087522,2024-03-21T19:39:51.217Z,lsm6dso acceleration sensor,6.1629744,1.1803415,1.271321,3
712763983087522,2024-03-21T19:39:51.226Z,lsm6dso acceleration sensor,4.343082,1.0271125,0.89543146,3
712763993087522,2024-03-21T19:39:51.237Z,lsm6dso acceleration sensor,3.5649664,0.93134445,0.91219085,3
712764003088355,2024-03-21T19:39:51.246Z,lsm6dso acceleration sensor,2.5737667,0.78050977,0.7637503,3
712764013088588,2024-03-21T19:39:51.257Z,lsm6dso acceleration sensor,2.2601264,0.6943185,0.6967127,3
712764023088588,2024-03-21T19:39:51.267Z,lsm6dso acceleration sensor,2.2266076,0.60333884,0.7541735,3
712764033088588,2024-03-21T19:39:51.276Z,lsm6dso acceleration sensor,2.384625,0.5434838,0.8882488,3
712764043088821,2024-03-21T19:39:51.287Z,lsm6dso acceleration sensor,2.89459,0.23463176,1.292869,3
712764053088821,2024-03-21T19:39:51.296Z,lsm6dso acceleration sensor,3.3662477,0.062249243,1.3862427,3
712764063088821,2024-03-21T19:39:51.306Z,lsm6dso acceleration sensor,4.2521024,-0.33279404,1.5466543,3
712764073088887,2024-03-21T19:39:51.316Z,lsm6dso acceleration sensor,4.8338933,-0.5674258,1.6831238,3
712764083088887,2024-03-21T19:39:51.327Z,lsm6dso acceleration sensor,5.9834094,-0.9576807,1.9776106,3
712764093088887,2024-03-21T19:39:51.337Z,lsm6dso acceleration sensor,6.5771713,-1.0845734,2.0925324,3
712764103088887,2024-03-21T19:39:51.347Z,lsm6dso acceleration sensor,7.1757216,-1.1827357,2.3582888,3
712764113088420,2024-03-21T19:39:51.357Z,lsm6dso acceleration sensor,7.226,-1.1324574,2.597709,3
712764123088153,2024-03-21T19:39:51.367Z,lsm6dso acceleration sensor,7.0392523,-1.067814,2.9137435,3
712764133088153,2024-03-21T19:39:51.377Z,lsm6dso acceleration sensor,7.108684,-0.9720459,2.9879637,3
712764143088153,2024-03-21T19:39:51.386Z,lsm6dso acceleration sensor,7.67611,-0.6799533,2.8491,3
712764153088386,2024-03-21T19:39:51.397Z,lsm6dso acceleration sensor,8.195652,-0.5554548,2.858677,3
712764163088386,2024-03-21T19:39:51.407Z,lsm6dso acceleration sensor,9.067142,-0.533907,3.0382419,3
712764173088386,2024-03-21T19:39:51.416Z,lsm6dso acceleration sensor,9.512463,-0.6727707,3.2202013,3
712764183088386,2024-03-21T19:39:51.427Z,lsm6dso acceleration sensor,10.252271,-1.1851299,3.3638535,3
712764193088386,2024-03-21T19:39:51.436Z,lsm6dso acceleration sensor,10.788572,-1.553837,3.2944214,3
712764203088386,2024-03-21T19:39:51.447Z,lsm6dso acceleration sensor,11.770195,-2.1883004,3.41892,3
712764213088386,2024-03-21T19:39:51.456Z,lsm6dso acceleration sensor,12.225093,-2.542642,3.763685,3
712764223088386,2024-03-21T19:39:51.466Z,lsm6dso acceleration sensor,12.203546,-2.8275523,4.187459,3
712764233088386,2024-03-21T19:39:51.477Z,lsm6dso acceleration sensor,11.992856,-2.5737667,4.261679,3
712764243088386,2024-03-21T19:39:51.487Z,lsm6dso acceleration sensor,12.1724205,-1.3383588,4.7620673,3
712764253088386,2024-03-21T19:39:51.496Z,lsm6dso acceleration sensor,12.498033,-0.4429273,5.267543,3
712764263088619,2024-03-21T19:39:51.506Z,lsm6dso acceleration sensor,12.8092785,0.7469909,5.4949923,3
712764273088619,2024-03-21T19:39:51.517Z,lsm6dso acceleration sensor,13.441348,1.1252748,5.75596,3
712764283088619,2024-03-21T19:39:51.526Z,lsm6dso acceleration sensor,15.213356,0.94092125,7.0751653,3
712764293088619,2024-03-21T19:39:51.536Z,lsm6dso acceleration sensor,14.197915,0.36152446,7.6473794,3
712764303088619,2024-03-21T19:39:51.547Z,lsm6dso acceleration sensor,8.624214,0.01436521,7.5156984,3
712764313088619,2024-03-21T19:39:51.557Z,lsm6dso acceleration sensor,6.6370263,0.36391866,7.474997,3
712764323088885,2024-03-21T19:39:51.566Z,lsm6dso acceleration sensor,6.2587423,1.4341269,7.690475,3
712764333088885,2024-03-21T19:39:51.576Z,lsm6dso acceleration sensor,7.3983827,2.1068976,8.344092,3
712764343088651,2024-03-21T19:39:51.586Z,lsm6dso acceleration sensor,8.861239,2.4277205,8.408735,3
712764353088651,2024-03-21T19:39:51.596Z,lsm6dso acceleration sensor,8.921095,2.3127987,8.444649,3
712764363088651,2024-03-21T19:39:51.607Z,lsm6dso acceleration sensor,10.412683,2.4779987,9.380781,3
712764373088584,2024-03-21T19:39:51.617Z,lsm6dso acceleration sensor,11.679215,2.7964275,10.029611,3
712764383088584,2024-03-21T19:39:51.626Z,lsm6dso acceleration sensor,12.4669075,2.885013,10.795754,3
712764393088584,2024-03-21T19:39:51.637Z,lsm6dso acceleration sensor,11.892299,2.456451,10.834062,3
712764403088584,2024-03-21T19:39:51.647Z,lsm6dso acceleration sensor,10.048764,1.6879122,10.429441,3
712764413088584,2024-03-21T19:39:51.656Z,lsm6dso acceleration sensor,9.364022,1.2306197,10.151714,3
712764423088584,2024-03-21T19:39:51.666Z,lsm6dso acceleration sensor,9.878776,0.47884035,9.404723,3
712764433088850,2024-03-21T19:39:51.677Z,lsm6dso acceleration sensor,10.106225,-0.019153614,8.6218195,3
712764443088850,2024-03-21T19:39:51.687Z,lsm6dso acceleration sensor,9.692028,-0.5386954,7.0153103,3
712764453088616,2024-03-21T19:39:51.696Z,lsm6dso acceleration sensor,9.19164,-0.6919243,6.000169,3
712764463088616,2024-03-21T19:39:51.706Z,lsm6dso acceleration sensor,8.339304,-0.47644615,4.0318356,3
712764473088616,2024-03-21T19:39:51.717Z,lsm6dso acceleration sensor,7.879617,-0.18435353,3.4021606,3
712764483088616,2024-03-21T19:39:51.727Z,lsm6dso acceleration sensor,6.965032,0.50996494,2.7246015,3
712764493088616,2024-03-21T19:39:51.737Z,lsm6dso acceleration sensor,6.354511,0.7517793,1.4580688,3
712764503088616,2024-03-21T19:39:51.746Z,lsm6dso acceleration sensor,5.332186,0.8499416,0.61052144,3
712764513088616,2024-03-21T19:39:51.757Z,lsm6dso acceleration sensor,4.9036245,0.8331822,0.581791,3
712764523088616,2024-03-21T19:39:51.767Z,lsm6dso acceleration sensor,3.8307228,0.63206923,0.9888053,3
712764533088616,2024-03-21T19:39:51.776Z,lsm6dso acceleration sensor,3.2632968,0.50757074,1.1085154,3
712764543088616,2024-03-21T19:39:51.786Z,lsm6dso acceleration sensor,2.420538,0.06703765,1.1994951,3
712764553088616,2024-03-21T19:39:51.796Z,lsm6dso acceleration sensor,2.195483,-0.23463176,1.4987702,3
712764563088382,2024-03-21T19:39:51.807Z,lsm6dso acceleration sensor,2.5905263,-0.45968673,1.9297266,3
712764573088648,2024-03-21T19:39:51.817Z,lsm6dso acceleration sensor,3.2249897,-0.33758244,1.9919758,3
712764583088648,2024-03-21T19:39:51.827Z,lsm6dso acceleration sensor,4.3526587,0.093373865,1.9512744,3
712764593088648,2024-03-21T19:39:51.836Z,lsm6dso acceleration sensor,4.8027687,0.39983168,2.1547816,3
712764603088648,2024-03-21T19:39:51.846Z,lsm6dso acceleration sensor,5.284302,0.89064306,2.7748797,3
712764613088414,2024-03-21T19:39:51.856Z,lsm6dso acceleration sensor,5.4997807,1.1204864,3.0190883,3
712764623088147,2024-03-21T19:39:51.866Z,lsm6dso acceleration sensor,6.119879,1.4700398,3.2034419,3
712764633088147,2024-03-21T19:39:51.876Z,lsm6dso acceleration sensor,6.6274495,1.6017209,3.1771057,3
712764643088147,2024-03-21T19:39:51.887Z,lsm6dso acceleration sensor,7.640197,1.7405846,3.289633,3
712764653088147,2024-03-21T19:39:51.896Z,lsm6dso acceleration sensor,8.198046,1.7860745,3.3734303,3
712764663088147,2024-03-21T19:39:51.907Z,lsm6dso acceleration sensor,8.705617,1.7166426,3.5673606,3
712764673088147,2024-03-21T19:39:51.917Z,lsm6dso acceleration sensor,8.78702,1.685518,3.8019924,3
712764683088147,2024-03-21T19:39:51.926Z,lsm6dso acceleration sensor,8.880393,1.5921441,4.3119574,3
712764693088147,2024-03-21T19:39:51.937Z,lsm6dso acceleration sensor,8.966584,1.6065093,4.6399627,3
712764703088147,2024-03-21T19:39:51.947Z,lsm6dso acceleration sensor,9.059958,1.8004397,5.1214967,3
712764713088147,2024-03-21T19:39:51.956Z,lsm6dso acceleration sensor,9.050382,2.0829554,5.219659,3
712764723088147,2024-03-21T19:39:51.967Z,lsm6dso acceleration sensor,9.057565,2.693477,5.358523,3
712764733087880,2024-03-21T19:39:51.976Z,lsm6dso acceleration sensor,9.519646,2.9592333,5.4135895,3
712764743087880,2024-03-21T19:39:51.986Z,lsm6dso acceleration sensor,11.102213,2.9616275,5.4471083,3
712764753087880,2024-03-21T19:39:51.997Z,lsm6dso acceleration sensor,12.284948,2.5498247,5.3561287,3
712764763087880,2024-03-21T19:39:52.006Z,lsm6dso acceleration sensor,14.48522,1.283292,4.8602295,3
712764773087880,2024-03-21T19:39:52.017Z,lsm6dso acceleration sensor,15.467141,0.21547815,4.8626237,3
712764783087880,2024-03-21T19:39:52.027Z,lsm6dso acceleration sensor,14.870985,-1.9536686,5.8756704,3
712764793087880,2024-03-21T19:39:52.037Z,lsm6dso acceleration sensor,13.917794,-2.80361,6.7495537,3
712764803087880,2024-03-21T19:39:52.046Z,lsm6dso acceleration sensor,12.569859,-3.3135753,7.9897504,3
712764813087646,2024-03-21T19:39:52.057Z,lsm6dso acceleration sensor,11.415853,-2.9113493,7.7335706,3
712764823087879,2024-03-21T19:39:52.066Z,lsm6dso acceleration sensor,9.277831,-2.3199813,8.169315,3
712764833087879,2024-03-21T19:39:52.076Z,lsm6dso acceleration sensor,8.9187,-1.9512744,8.722376,3
712764843087879,2024-03-21T19:39:52.086Z,lsm6dso acceleration sensor,7.3217683,-1.8698715,9.455002,3
712764853087879,2024-03-21T19:39:52.097Z,lsm6dso acceleration sensor,6.5436525,-1.9057846,9.627384,3
712764863087879,2024-03-21T19:39:52.106Z,lsm6dso acceleration sensor,6.8716583,-2.0231004,9.974544,3
712764873087612,2024-03-21T19:39:52.117Z,lsm6dso acceleration sensor,7.747936,-2.0973208,10.2403,3
712764883087612,2024-03-21T19:39:52.126Z,lsm6dso acceleration sensor,10.582671,-2.336741,9.799767,3
712764893087612,2024-03-21T19:39:52.136Z,lsm6dso acceleration sensor,12.730269,-2.585738,9.517251,3
712764903087612,2024-03-21T19:39:52.146Z,lsm6dso acceleration sensor,14.461278,-2.9113493,8.911518,3
712764913087612,2024-03-21T19:39:52.157Z,lsm6dso acceleration sensor,14.071023,-3.0071173,8.487744,3
712764923087678,2024-03-21T19:39:52.166Z,lsm6dso acceleration sensor,11.624148,-2.8299465,7.9059534,3
712764933087678,2024-03-21T19:39:52.176Z,lsm6dso acceleration sensor,10.175656,-2.5953147,7.9777794,3
712764943087678,2024-03-21T19:39:52.187Z,lsm6dso acceleration sensor,7.63062,-1.5586253,7.939472,3
712764953087978,2024-03-21T19:39:52.197Z,lsm6dso acceleration sensor,7.096713,-0.830788,7.8341274,3
712764963087978,2024-03-21T19:39:52.207Z,lsm6dso acceleration sensor,6.953061,-0.02873042,7.4773912,3
712764973087978,2024-03-21T19:39:52.217Z,lsm6dso acceleration sensor,7.0536175,0.40222588,6.330569,3
712764983087978,2024-03-21T19:39:52.226Z,lsm6dso acceleration sensor,7.4414783,0.79966336,4.5896845,3
712764993087978,2024-03-21T19:39:52.237Z,lsm6dso acceleration sensor,7.415142,0.9744401,3.892972,3
712765003087978,2024-03-21T19:39:52.247Z,lsm6dso acceleration sensor,7.1278377,1.2018893,3.6894648,3
712765013087978,2024-03-21T19:39:52.256Z,lsm6dso acceleration sensor,6.5340757,1.3431472,2.6862943,3
712765023087978,2024-03-21T19:39:52.266Z,lsm6dso acceleration sensor,5.303456,1.1228806,1.7429788,3
712765033087944,2024-03-21T19:39:52.277Z,lsm6dso acceleration sensor,4.6160207,0.9504981,1.5682021,3
712765043087944,2024-03-21T19:39:52.286Z,lsm6dso acceleration sensor,3.6846764,0.62249243,1.3814543,3
712765053087944,2024-03-21T19:39:52.296Z,lsm6dso acceleration sensor,3.2632968,0.48841715,1.3383588,3
712765063087944,2024-03-21T19:39:52.306Z,lsm6dso acceleration sensor,2.755726,0.35673606,1.2952632,3
712765073088210,2024-03-21T19:39:52.316Z,lsm6dso acceleration sensor,2.693477,0.29927522,1.3335704,3
712765083088210,2024-03-21T19:39:52.327Z,lsm6dso acceleration sensor,2.992752,0.22266077,1.4437037,3
712765093088210,2024-03-21T19:39:52.336Z,lsm6dso acceleration sensor,3.3183637,0.16759412,1.5993267,3
712765103088210,2024-03-21T19:39:52.347Z,lsm6dso acceleration sensor,4.1946416,0.12210429,1.757344,3
712765113088443,2024-03-21T19:39:52.357Z,lsm6dso acceleration sensor,4.663905,0.07182605,1.8555063,3
712765123088509,2024-03-21T19:39:52.367Z,lsm6dso acceleration sensor,5.3393693,0.035913024,2.135628,3
712765133088509,2024-03-21T19:39:52.376Z,lsm6dso acceleration sensor,5.705682,0.007182605,2.327164,3
712765143088509,2024-03-21T19:39:52.387Z,lsm6dso acceleration sensor,6.368876,-0.076614454,2.5881321,3
712765153088775,2024-03-21T19:39:52.397Z,lsm6dso acceleration sensor,6.7327943,-0.12928689,2.5881321,3
712765163088775,2024-03-21T19:39:52.407Z,lsm6dso acceleration sensor,7.3002205,-0.2705448,2.5019407,3
712765173088775,2024-03-21T19:39:52.416Z,lsm6dso acceleration sensor,7.6114664,-0.35673606,2.4660277,3
712765183088775,2024-03-21T19:39:52.426Z,lsm6dso acceleration sensor,8.147768,-0.5554548,2.6288335,3
712765193088775,2024-03-21T19:39:52.436Z,lsm6dso acceleration sensor,8.459014,-0.6536171,2.8083985,3
712765203088775,2024-03-21T19:39:52.446Z,lsm6dso acceleration sensor,8.9641905,-0.81642276,3.2728736,3
712765213088775,2024-03-21T19:39:52.456Z,lsm6dso acceleration sensor,9.19164,-0.90261406,3.4859576,3
712765223088708,2024-03-21T19:39:52.467Z,lsm6dso acceleration sensor,9.900323,-1.1923125,3.8187518,3
712765233088708,2024-03-21T19:39:52.476Z,lsm6dso acceleration sensor,10.398317,-1.4197617,3.9983168,3
712765243088708,2024-03-21T19:39:52.487Z,lsm6dso acceleration sensor,10.85561,-1.8124107,3.7541082,3
712765253088408,2024-03-21T19:39:52.496Z,lsm6dso acceleration sensor,11.025599,-1.9656396,3.5769374,3
712765263088408,2024-03-21T19:39:52.507Z,lsm6dso acceleration sensor,11.679215,-2.2361844,4.1515455,3
712765273088408,2024-03-21T19:39:52.517Z,lsm6dso acceleration sensor,11.933001,-2.3511062,4.644751,3
712765283088408,2024-03-21T19:39:52.526Z,lsm6dso acceleration sensor,11.719916,-1.9009962,5.0233345,3
712765293088674,2024-03-21T19:39:52.536Z,lsm6dso acceleration sensor,11.607389,-1.352724,5.030517,3
712765303088674,2024-03-21T19:39:52.546Z,lsm6dso acceleration sensor,12.091018,0.33758244,5.4016185,3
712765313088674,2024-03-21T19:39:52.557Z,lsm6dso acceleration sensor,12.4669075,1.1611878,5.332186,3
712765323088940,2024-03-21T19:39:52.566Z,lsm6dso acceleration sensor,14.370297,1.8842367,6.0911484,3
712765333088973,2024-03-21T19:39:52.576Z,lsm6dso acceleration sensor,15.871761,1.7980455,7.2978263,3
712765343088973,2024-03-21T19:39:52.587Z,lsm6dso acceleration sensor,13.8603325,0.94570965,7.759907,3
712765353088973,2024-03-21T19:39:52.597Z,lsm6dso acceleration sensor,10.64492,0.50038815,7.8939824,3
712765363088973,2024-03-21T19:39:52.607Z,lsm6dso acceleration sensor,6.9363017,0.78290397,8.593089,3
712765373088706,2024-03-21T19:39:52.617Z,lsm6dso acceleration sensor,5.897218,1.2378023,8.930672,3
712765383088706,2024-03-21T19:39:52.627Z,lsm6dso acceleration sensor,5.5572414,1.70946,9.668086,3
712765393088706,2024-03-21T19:39:52.636Z,lsm6dso acceleration sensor,6.0672064,1.9129672,9.641749,3
712765403088706,2024-03-21T19:39:52.647Z,lsm6dso acceleration sensor,8.830115,2.6288335,9.601048,3
712765413088706,2024-03-21T19:39:52.656Z,lsm6dso acceleration sensor,11.367969,3.1244333,10.024822,3
712765423088406,2024-03-21T19:39:52.667Z,lsm6dso acceleration sensor,14.415788,4.225766,10.513239,3
712765433088406,2024-03-21T19:39:52.677Z,lsm6dso acceleration sensor,14.140454,4.1706996,10.43423,3
712765443088406,2024-03-21T19:39:52.686Z,lsm6dso acceleration sensor,11.221923,2.9712043,9.778219,3
712765453088139,2024-03-21T19:39:52.697Z,lsm6dso acceleration sensor,9.83568,2.2816741,9.261071,3
712765463088139,2024-03-21T19:39:52.707Z,lsm6dso acceleration sensor,9.033623,0.92416185,8.50211,3
712765473087739,2024-03-21T19:39:52.717Z,lsm6dso acceleration sensor,8.760683,0.16759412,7.2714896,3
712765483087739,2024-03-21T19:39:52.727Z,lsm6dso acceleration sensor,8.636185,-0.8451532,4.642357,3
712765493087739,2024-03-21T19:39:52.737Z,lsm6dso acceleration sensor,8.691252,-1.3024458,3.7612908,3
712765503087739,2024-03-21T19:39:52.746Z,lsm6dso acceleration sensor,8.3033905,-1.9273324,2.719813,3
712765513087739,2024-03-21T19:39:52.756Z,lsm6dso acceleration sensor,8.00651,-2.0159178,2.1164744,3
712765523087739,2024-03-21T19:39:52.767Z,lsm6dso acceleration sensor,6.929119,-1.7812861,1.8866309,3
712765533087739,2024-03-21T19:39:52.777Z,lsm6dso acceleration sensor,6.2012815,-1.2114661,0.9744401,3
712765543087739,2024-03-21T19:39:52.786Z,lsm6dso acceleration sensor,4.759673,-0.7445967,-0.6703765,3
712765553087739,2024-03-21T19:39:52.797Z,lsm6dso acceleration sensor,3.9217024,-0.58897364,-0.6344634,3
712765563087739,2024-03-21T19:39:52.806Z,lsm6dso acceleration sensor,2.755726,-0.2896984,0.24660277,3
712765573088005,2024-03-21T19:39:52.817Z,lsm6dso acceleration sensor,2.3678656,-0.1316811,0.6368576,3
712765583088005,2024-03-21T19:39:52.827Z,lsm6dso acceleration sensor,2.0374656,0.023942016,1.364695,3
712765593087738,2024-03-21T19:39:52.836Z,lsm6dso acceleration sensor,2.3798366,0.059855044,1.5394717,3
712765603087738,2024-03-21T19:39:52.847Z,lsm6dso acceleration sensor,3.70383,0.14844051,2.0350714,3
712765613087738,2024-03-21T19:39:52.857Z,lsm6dso acceleration sensor,4.572925,0.24899697,2.1164744,3
712765623087471,2024-03-21T19:39:52.866Z,lsm6dso acceleration sensor,5.722441,0.47884035,2.2577322,3
712765633087471,2024-03-21T19:39:52.876Z,lsm6dso acceleration sensor,6.0815716,0.51954174,2.504335,3
712765643087471,2024-03-21T19:39:52.887Z,lsm6dso acceleration sensor,6.3090205,0.5554548,2.8443117,3
712765653087504,2024-03-21T19:39:52.896Z,lsm6dso acceleration sensor,6.392818,0.5434838,2.8634653,3
712765663087504,2024-03-21T19:39:52.907Z,lsm6dso acceleration sensor,6.694487,0.56982,2.801216,3
712765673087504,2024-03-21T19:39:52.916Z,lsm6dso acceleration sensor,7.000945,0.60094464,2.7102363,3
712765683087504,2024-03-21T19:39:52.926Z,lsm6dso acceleration sensor,7.6737156,0.6943185,2.5306711,3
712765693087504,2024-03-21T19:39:52.936Z,lsm6dso acceleration sensor,8.042423,0.7398083,2.585738,3
712765703087504,2024-03-21T19:39:52.946Z,lsm6dso acceleration sensor,8.401553,0.8643068,2.8323407,3
712765713087504,2024-03-21T19:39:52.957Z,lsm6dso acceleration sensor,8.490138,0.9768343,3.0190883,3
712765723087504,2024-03-21T19:39:52.967Z,lsm6dso acceleration sensor,8.588301,1.2401965,3.394978,3
712765733087504,2024-03-21T19:39:52.977Z,lsm6dso acceleration sensor,8.662521,1.4460979,3.4715924,3
712765743087504,2024-03-21T19:39:52.987Z,lsm6dso acceleration sensor,8.866028,1.7286136,3.6104562,3
712765753087504,2024-03-21T19:39:52.997Z,lsm6dso acceleration sensor,9.033623,1.9393034,3.7924154,3
712765763087504,2024-03-21T19:39:53.007Z,lsm6dso acceleration sensor,9.261071,2.3678656,4.197036,3
712765773087904,2024-03-21T19:39:53.017Z,lsm6dso acceleration sensor,9.392753,2.5833437,4.489128,3
712765783087904,2024-03-21T19:39:53.026Z,lsm6dso acceleration sensor,10.036793,2.6623523,4.8722005,3
712765793087904,2024-03-21T19:39:53.037Z,lsm6dso acceleration sensor,10.805331,2.5306711,4.8506527,3
712765803087904,2024-03-21T19:39:53.047Z,lsm6dso acceleration sensor,13.01518,1.7884687,4.9299607,3
712765813087904,2024-03-21T19:39:53.057Z,lsm6dso acceleration sensor,14.164396,1.0007763,5.327398,3
712765823088170,2024-03-21T19:39:53.066Z,lsm6dso acceleration sensor,14.911687,-1.0773908,6.8357453,3
712765833088170,2024-03-21T19:39:53.076Z,lsm6dso acceleration sensor,15.347431,-2.0374656,8.016087,3
712765843088170,2024-03-21T19:39:53.087Z,lsm6dso acceleration sensor,13.381493,-2.585738,7.439084,3
712765853088170,2024-03-21T19:39:53.096Z,lsm6dso acceleration sensor,10.819696,-2.3247697,7.4438725,3
712765863088170,2024-03-21T19:39:53.107Z,lsm6dso acceleration sensor,7.8484926,-2.9520507,10.513239,3
712765873087903,2024-03-21T19:39:53.117Z,lsm6dso acceleration sensor,6.6011133,-3.2632968,11.724705,3
712765883087903,2024-03-21T19:39:53.127Z,lsm6dso acceleration sensor,5.5093575,-2.80361,11.257835,3
712765893087903,2024-03-21T19:39:53.137Z,lsm6dso acceleration sensor,6.4861917,-2.3798366,11.107001,3
712765903087903,2024-03-21T19:39:53.146Z,lsm6dso acceleration sensor,10.486903,-1.9680338,10.793361,3
712765913087903,2024-03-21T19:39:53.156Z,lsm6dso acceleration sensor,12.54831,-1.9033904,10.805331,3
712765923087936,2024-03-21T19:39:53.166Z,lsm6dso acceleration sensor,14.969148,-2.0638018,10.920253,3
712765933087936,2024-03-21T19:39:53.176Z,lsm6dso acceleration sensor,15.371373,-2.2361844,10.800543,3
712765943087936,2024-03-21T19:39:53.187Z,lsm6dso acceleration sensor,13.295301,-2.5067291,9.251494,3
712765953087902,2024-03-21T19:39:53.197Z,lsm6dso acceleration sensor,11.607389,-2.5809495,8.911518,3
712765963087902,2024-03-21T19:39:53.207Z,lsm6dso acceleration sensor,9.682451,-2.348712,9.067142,3
712765973087902,2024-03-21T19:39:53.216Z,lsm6dso acceleration sensor,9.091084,-2.0949266,8.832509,3
712765983087902,2024-03-21T19:39:53.227Z,lsm6dso acceleration sensor,9.036016,-1.1851299,7.70484,3
712765993087902,2024-03-21T19:39:53.236Z,lsm6dso acceleration sensor,9.237129,-0.533907,6.8716583,3
712766003087902,2024-03-21T19:39:53.246Z,lsm6dso acceleration sensor,8.739136,-0.023942016,6.1510034,3
712766013088168,2024-03-21T19:39:53.257Z,lsm6dso acceleration sensor,8.447042,0.3878607,4.9299607,3
712766023088168,2024-03-21T19:39:53.267Z,lsm6dso acceleration sensor,7.594707,0.78050977,3.8307228,3
712766033088168,2024-03-21T19:39:53.277Z,lsm6dso acceleration sensor,7.094319,1.0223241,3.4476504,3
712766043088168,2024-03-21T19:39:53.286Z,lsm6dso acceleration sensor,5.8517284,1.3479356,2.4971523,3
712766053088168,2024-03-21T19:39:53.297Z,lsm6dso acceleration sensor,5.3680997,1.472434,2.183512,3
712766063088168,2024-03-21T19:39:53.306Z,lsm6dso acceleration sensor,4.2161894,1.4317327,1.6041151,3
712766073088201,2024-03-21T19:39:53.317Z,lsm6dso acceleration sensor,3.6966474,1.328782,1.4053963,3
712766083088201,2024-03-21T19:39:53.327Z,lsm6dso acceleration sensor,3.1507695,1.0630256,1.1947067,3
712766093088201,2024-03-21T19:39:53.337Z,lsm6dso acceleration sensor,2.8682537,0.80924016,1.1587936,3
712766103088201,2024-03-21T19:39:53.347Z,lsm6dso acceleration sensor,2.743755,0.34955344,1.2330139,3
712766113088201,2024-03-21T19:39:53.357Z,lsm6dso acceleration sensor,2.8898015,0.10055647,1.412579,3
712766123087934,2024-03-21T19:39:53.366Z,lsm6dso acceleration sensor,3.4524388,-0.22744916,1.5825673,3
712766133087934,2024-03-21T19:39:53.377Z,lsm6dso acceleration sensor,3.9719806,-0.36631286,1.6280571,3
712766143087934,2024-03-21T19:39:53.387Z,lsm6dso acceleration sensor,4.94672,-0.50278234,1.721431,3
712766153087934,2024-03-21T19:39:53.396Z,lsm6dso acceleration sensor,5.332186,-0.545878,1.7717092,3
712766163087934,2024-03-21T19:39:53.406Z,lsm6dso acceleration sensor,6.01214,-0.5722142,1.982399,3
712766173087934,2024-03-21T19:39:53.417Z,lsm6dso acceleration sensor,6.2228293,-0.62728083,2.2002714,3
712766183087934,2024-03-21T19:39:53.427Z,lsm6dso acceleration sensor,6.304232,-0.61291564,2.6240451,3
712766193087934,2024-03-21T19:39:53.437Z,lsm6dso acceleration sensor,6.1988873,-0.59376204,2.7700913,3
712766203087934,2024-03-21T19:39:53.446Z,lsm6dso acceleration sensor,6.028899,-0.50517654,2.906561,3
712766213087934,2024-03-21T19:39:53.456Z,lsm6dso acceleration sensor,6.2036757,-0.49559975,2.9496565,3
712766223087900,2024-03-21T19:39:53.466Z,lsm6dso acceleration sensor,6.962638,-0.4141969,2.9400797,3
712766233087900,2024-03-21T19:39:53.477Z,lsm6dso acceleration sensor,7.652168,-0.3878607,2.8083985,3
712766243087900,2024-03-21T19:39:53.486Z,lsm6dso acceleration sensor,8.985738,-0.36152446,2.4516625,3
712766253087533,2024-03-21T19:39:53.496Z,lsm6dso acceleration sensor,9.696816,-0.4333505,2.3056161,3
712766263087533,2024-03-21T19:39:53.507Z,lsm6dso acceleration sensor,10.403106,-0.80205756,1.9800048,3
712766273087533,2024-03-21T19:39:53.517Z,lsm6dso acceleration sensor,10.635344,-1.067814,2.1404164,3
712766283087533,2024-03-21T19:39:53.527Z,lsm6dso acceleration sensor,10.458172,-1.6136919,3.5218706,3
712766293087533,2024-03-21T19:39:53.537Z,lsm6dso acceleration sensor,10.419865,-1.9057846,4.2425256,3
712766303087533,2024-03-21T19:39:53.546Z,lsm6dso acceleration sensor,11.514015,-2.2577322,4.771644,3
712766313087533,2024-03-21T19:39:53.556Z,lsm6dso acceleration sensor,12.368745,-2.135628,5.1645923,3
712766323087799,2024-03-21T19:39:53.566Z,lsm6dso acceleration sensor,14.09257,-1.2018893,5.9738326,3
712766333087799,2024-03-21T19:39:53.577Z,lsm6dso acceleration sensor,15.373768,-0.39504328,6.2276177,3
712766343087799,2024-03-21T19:39:53.587Z,lsm6dso acceleration sensor,18.1678,0.7206547,8.164527,3
712766353087799,2024-03-21T19:39:53.597Z,lsm6dso acceleration sensor,18.409615,0.89782566,8.753501,3
712766363087799,2024-03-21T19:39:53.606Z,lsm6dso acceleration sensor,13.067852,0.31364042,8.248324,3
712766373087765,2024-03-21T19:39:53.616Z,lsm6dso acceleration sensor,10.4605665,0.45729253,8.952219,3
712766383087765,2024-03-21T19:39:53.627Z,lsm6dso acceleration sensor,7.877223,1.3623008,10.137349,3
712766393087765,2024-03-21T19:39:53.637Z,lsm6dso acceleration sensor,6.754342,1.8818425,10.367192,3
712766403088031,2024-03-21T19:39:53.646Z,lsm6dso acceleration sensor,5.777508,2.3391352,9.842862,3
712766413088031,2024-03-21T19:39:53.657Z,lsm6dso acceleration sensor,6.08636,2.4349031,9.706393,3
712766423088031,2024-03-21T19:39:53.666Z,lsm6dso acceleration sensor,9.644144,3.1028855,9.976937,3
712766433088031,2024-03-21T19:39:53.677Z,lsm6dso acceleration sensor,12.1963625,3.7421372,9.823709,3
712766443088031,2024-03-21T19:39:53.687Z,lsm6dso acceleration sensor,14.252982,4.498705,8.368034,3
712766453088031,2024-03-21T19:39:53.696Z,lsm6dso acceleration sensor,13.532328,4.4005427,7.5061216,3
712766463088031,2024-03-21T19:39:53.707Z,lsm6dso acceleration sensor,10.716746,3.371036,7.8484926,3
712766473088031,2024-03-21T19:39:53.716Z,lsm6dso acceleration sensor,9.31135,2.7581203,7.843704,3
712766483088031,2024-03-21T19:39:53.726Z,lsm6dso acceleration sensor,7.206846,1.448492,7.1589622,3
712766493088031,2024-03-21T19:39:53.736Z,lsm6dso acceleration sensor,6.9913683,0.830788,6.6370263,3
712766503088031,2024-03-21T19:39:53.747Z,lsm6dso acceleration sensor,7.3600755,0.035913024,5.638644,3
712766513088031,2024-03-21T19:39:53.756Z,lsm6dso acceleration sensor,7.6258316,-0.34715924,5.0855837,3
712766523088031,2024-03-21T19:39:53.767Z,lsm6dso acceleration sensor,8.334516,-0.7134721,3.9576154,3
712766533088031,2024-03-21T19:39:53.776Z,lsm6dso acceleration sensor,8.674492,-0.6991069,3.2872388,3
712766543088031,2024-03-21T19:39:53.787Z,lsm6dso acceleration sensor,8.633791,-0.4381389,2.2936451,3
712766553088397,2024-03-21T19:39:53.797Z,lsm6dso acceleration sensor,8.293814,-0.22026655,1.982399,3
712766563088397,2024-03-21T19:39:53.807Z,lsm6dso acceleration sensor,7.1278377,0.31124622,1.6208745,3
712766573088663,2024-03-21T19:39:53.816Z,lsm6dso acceleration sensor,5.9738326,0.6607997,2.0638018,3
712766583088663,2024-03-21T19:39:53.827Z,lsm6dso acceleration sensor,4.0533834,1.1994951,1.9201498,3
712766593088663,2024-03-21T19:39:53.836Z,lsm6dso acceleration sensor,3.4452562,1.30484,2.1092918,3
712766603088663,2024-03-21T19:39:53.847Z,lsm6dso acceleration sensor,3.1675289,1.2234371,2.4349031,3
712766613088396,2024-03-21T19:39:53.857Z,lsm6dso acceleration sensor,3.2321723,1.091756,2.2697031,3
712766623088129,2024-03-21T19:39:53.866Z,lsm6dso acceleration sensor,3.6750996,0.79248077,1.541866,3
712766633088129,2024-03-21T19:39:53.876Z,lsm6dso acceleration sensor,3.9719806,0.6871359,1.30484,3
712766643088129,2024-03-21T19:39:53.887Z,lsm6dso acceleration sensor,4.5753193,0.5674258,1.0151415,3
712766653088129,2024-03-21T19:39:53.897Z,lsm6dso acceleration sensor,4.8745947,0.521936,0.91697925,3
712766663088129,2024-03-21T19:39:53.907Z,lsm6dso acceleration sensor,5.040094,0.5650316,1.0127473,3
712766673088395,2024-03-21T19:39:53.917Z,lsm6dso acceleration sensor,4.8841715,0.61291564,1.2689269,3
712766683088395,2024-03-21T19:39:53.927Z,lsm6dso acceleration sensor,4.7070007,0.6536171,1.7477672,3
712766693088395,2024-03-21T19:39:53.936Z,lsm6dso acceleration sensor,4.8865657,0.61291564,1.910573,3
712766703088128,2024-03-21T19:39:53.946Z,lsm6dso acceleration sensor,5.722441,0.50038815,2.0614076,3
712766713088128,2024-03-21T19:39:53.957Z,lsm6dso acceleration sensor,6.4837976,0.37828386,2.0685902,3
712766723088128,2024-03-21T19:39:53.967Z,lsm6dso acceleration sensor,8.198046,0.19393034,2.0446482,3
712766733088394,2024-03-21T19:39:53.976Z,lsm6dso acceleration sensor,8.923489,0.16280572,2.1691468,3
712766743088394,2024-03-21T19:39:53.986Z,lsm6dso acceleration sensor,9.890746,0.24899697,2.741361,3
712766753088394,2024-03-21T19:39:53.997Z,lsm6dso acceleration sensor,9.79019,0.4261679,3.1771057,3
712766763088394,2024-03-21T19:39:54.006Z,lsm6dso acceleration sensor,9.057565,0.92176765,3.6056678,3
712766773088394,2024-03-21T19:39:54.017Z,lsm6dso acceleration sensor,8.873211,1.2856863,3.8307228,3
712766783088394,2024-03-21T19:39:54.026Z,lsm6dso acceleration sensor,9.268254,2.0925324,4.158728,3
712766793088394,2024-03-21T19:39:54.036Z,lsm6dso acceleration sensor,9.421483,2.3989902,4.2760444,3
712766803087960,2024-03-21T19:39:54.047Z,lsm6dso acceleration sensor,9.988909,2.7820623,4.259285,3
712766813087960,2024-03-21T19:39:54.056Z,lsm6dso acceleration sensor,10.711958,2.8107927,4.271256,3
712766823088226,2024-03-21T19:39:54.066Z,lsm6dso acceleration sensor,12.493244,2.3894134,4.1683054,3
712766833088226,2024-03-21T19:39:54.077Z,lsm6dso acceleration sensor,13.596971,1.8028339,3.9504328,3
712766843088226,2024-03-21T19:39:54.086Z,lsm6dso acceleration sensor,14.971541,0.059855044,3.9097314,3
712766853088226,2024-03-21T19:39:54.097Z,lsm6dso acceleration sensor,14.947599,-1.0582372,4.355053,3
712766863088226,2024-03-21T19:39:54.107Z,lsm6dso acceleration sensor,13.628096,-2.789245,6.1510034,3
712766873087959,2024-03-21T19:39:54.116Z,lsm6dso acceleration sensor,13.16362,-3.3183637,7.0991073,3
712766883087959,2024-03-21T19:39:54.126Z,lsm6dso acceleration sensor,12.512398,-3.2345665,7.838916,3
712766893087959,2024-03-21T19:39:54.136Z,lsm6dso acceleration sensor,11.248259,-2.492364,6.670545,3
712766903087959,2024-03-21T19:39:54.146Z,lsm6dso acceleration sensor,9.17488,-1.7836803,8.238748,3
712766913087959,2024-03-21T19:39:54.156Z,lsm6dso acceleration sensor,7.898771,-1.7405846,9.277831,3
712766923087959,2024-03-21T19:39:54.166Z,lsm6dso acceleration sensor,5.6290674,-1.7262194,10.04637,3
712766933088225,2024-03-21T19:39:54.177Z,lsm6dso acceleration sensor,5.210082,-1.5705963,10.618584,3
712766943088225,2024-03-21T19:39:54.186Z,lsm6dso acceleration sensor,7.2355766,-1.0271125,11.698369,3
712766953088225,2024-03-21T19:39:54.197Z,lsm6dso acceleration sensor,9.270648,-0.60094464,11.430218,3
712766963088225,2024-03-21T19:39:54.206Z,lsm6dso acceleration sensor,14.33199,-0.11252748,10.611402,3
712766973087958,2024-03-21T19:39:54.216Z,lsm6dso acceleration sensor,15.735292,-0.33997664,10.245089,3
712766983087958,2024-03-21T19:39:54.227Z,lsm6dso acceleration sensor,14.942811,-1.2521675,9.450213,3
712766993087958,2024-03-21T19:39:54.236Z,lsm6dso acceleration sensor,13.245023,-1.7788919,9.471761,3
712767003087958,2024-03-21T19:39:54.246Z,lsm6dso acceleration sensor,10.319308,-2.1547816,9.98412,3
712767013087958,2024-03-21T19:39:54.257Z,lsm6dso acceleration sensor,9.31135,-1.934515,9.524434,3
712767023087958,2024-03-21T19:39:54.267Z,lsm6dso acceleration sensor,8.55957,-1.2689269,8.5499935,3
712767033087691,2024-03-21T19:39:54.276Z,lsm6dso acceleration sensor,8.317756,-0.7541735,7.621043,3
712767043087691,2024-03-21T19:39:54.287Z,lsm6dso acceleration sensor,8.451831,-0.11971009,6.905177,3
712767053087691,2024-03-21T19:39:54.296Z,lsm6dso acceleration sensor,8.698434,0.48841715,5.320215,3
712767063087691,2024-03-21T19:39:54.306Z,lsm6dso acceleration sensor,8.655338,1.472434,3.3806129,3
712767073087957,2024-03-21T19:39:54.316Z,lsm6dso acceleration sensor,8.372823,1.9991584,2.1045034,3
712767083087957,2024-03-21T19:39:54.326Z,lsm6dso acceleration sensor,6.917148,2.2936451,1.1109096,3
712767093087523,2024-03-21T19:39:54.336Z,lsm6dso acceleration sensor,6.112696,2.2337902,1.0534488,3
712767103087956,2024-03-21T19:39:54.346Z,lsm6dso acceleration sensor,4.4795513,2.0446482,1.0869676,3
712767113087956,2024-03-21T19:39:54.357Z,lsm6dso acceleration sensor,3.9025488,1.8914193,1.2210429,3
712767123087689,2024-03-21T19:39:54.366Z,lsm6dso acceleration sensor,3.145981,1.5873557,1.7022774,3
712767133087255,2024-03-21T19:39:54.377Z,lsm6dso acceleration sensor,2.918532,1.3623008,2.006341,3
712767143087255,2024-03-21T19:39:54.386Z,lsm6dso acceleration sensor,2.906561,0.9959879,2.3511062,3
712767153087255,2024-03-21T19:39:54.396Z,lsm6dso acceleration sensor,3.193865,0.80924016,2.6288335,3
712767163087255,2024-03-21T19:39:54.407Z,lsm6dso acceleration sensor,3.9025488,0.25378537,2.9233203,3
712767173087255,2024-03-21T19:39:54.416Z,lsm6dso acceleration sensor,4.4603977,-0.074220255,2.7940333,3
712767183087255,2024-03-21T19:39:54.427Z,lsm6dso acceleration sensor,5.4231663,-0.5506664,2.4181437,3
712767193087255,2024-03-21T19:39:54.436Z,lsm6dso acceleration sensor,5.933131,-0.80445176,2.2625206,3
712767203087255,2024-03-21T19:39:54.446Z,lsm6dso acceleration sensor,6.6035075,-0.9816227,2.15957,3
712767213087621,2024-03-21T19:39:54.457Z,lsm6dso acceleration sensor,6.8716583,-0.9648633,2.1188686,3
712767223087621,2024-03-21T19:39:54.467Z,lsm6dso acceleration sensor,6.6035075,-0.7637503,2.1643584,3
712767233087354,2024-03-21T19:39:54.477Z,lsm6dso acceleration sensor,6.1533976,-0.60812724,2.0853498,3
712767243087354,2024-03-21T19:39:54.486Z,lsm6dso acceleration sensor,6.0312934,-0.39264908,1.9608512,3
712767253087354,2024-03-21T19:39:54.497Z,lsm6dso acceleration sensor,6.2228293,-0.30645782,1.9057846,3
712767263087354,2024-03-21T19:39:54.507Z,lsm6dso acceleration sensor,6.4502788,-0.30645782,2.1859062,3
712767273087354,2024-03-21T19:39:54.517Z,lsm6dso acceleration sensor,6.6873045,-0.4189853,2.4468741,3
712767283087354,2024-03-21T19:39:54.527Z,lsm6dso acceleration sensor,7.8101854,-0.545878,2.8658595,3
712767293087354,2024-03-21T19:39:54.537Z,lsm6dso acceleration sensor,8.542811,-0.60812724,2.9951463,3
712767303087354,2024-03-21T19:39:54.546Z,lsm6dso acceleration sensor,9.519646,-0.8523358,2.9783869,3
712767313087354,2024-03-21T19:39:54.557Z,lsm6dso acceleration sensor,9.986514,-1.103727,3.0597897,3
712767323087587,2024-03-21T19:39:54.566Z,lsm6dso acceleration sensor,11.164462,-1.6017209,3.9504328,3
712767333087820,2024-03-21T19:39:54.576Z,lsm6dso acceleration sensor,11.846809,-1.8698715,4.7141833,3
712767343087820,2024-03-21T19:39:54.586Z,lsm6dso acceleration sensor,12.579435,-2.1284454,5.3561287,3
712767353087820,2024-03-21T19:39:54.597Z,lsm6dso acceleration sensor,12.90744,-1.9321208,5.2866964,3
712767363087820,2024-03-21T19:39:54.606Z,lsm6dso acceleration sensor,13.367127,-1.055843,6.0073514,3
712767373087553,2024-03-21T19:39:54.617Z,lsm6dso acceleration sensor,13.510779,-0.4285621,6.232406,3
712767383087553,2024-03-21T19:39:54.626Z,lsm6dso acceleration sensor,14.334385,1.1899183,7.5755534,3
712767393087986,2024-03-21T19:39:54.636Z,lsm6dso acceleration sensor,14.988301,1.7669208,8.57633,3
712767403087986,2024-03-21T19:39:54.647Z,lsm6dso acceleration sensor,12.768577,1.8028339,8.459014,3
712767413087986,2024-03-21T19:39:54.657Z,lsm6dso acceleration sensor,10.453383,2.006341,7.7215996,3
712767423087986,2024-03-21T19:39:54.667Z,lsm6dso acceleration sensor,9.354445,3.0334535,8.03524,3
712767433088419,2024-03-21T19:39:54.677Z,lsm6dso acceleration sensor,9.560347,3.5529952,8.854057,3
712767443088419,2024-03-21T19:39:54.687Z,lsm6dso acceleration sensor,7.67611,3.1962593,9.261071,3
712767453088419,2024-03-21T19:39:54.697Z,lsm6dso acceleration sensor,6.526893,2.705448,9.007286,3
712767463088419,2024-03-21T19:39:54.707Z,lsm6dso acceleration sensor,7.3744407,2.5258827,8.79899,3
712767473088419,2024-03-21T19:39:54.717Z,lsm6dso acceleration sensor,9.364022,2.8634653,8.2555065,3
712767483088419,2024-03-21T19:39:54.726Z,lsm6dso acceleration sensor,13.28333,3.4620156,8.032846,3
712767493088419,2024-03-21T19:39:54.737Z,lsm6dso acceleration sensor,14.047081,3.526659,8.289025,3
712767503088419,2024-03-21T19:39:54.746Z,lsm6dso acceleration sensor,12.584224,3.3135753,8.442254,3
712767513088285,2024-03-21T19:39:54.756Z,lsm6dso acceleration sensor,11.257835,3.071761,8.487744,3
712767523088285,2024-03-21T19:39:54.767Z,lsm6dso acceleration sensor,9.565135,2.6599581,8.447042,3
712767533088285,2024-03-21T19:39:54.776Z,lsm6dso acceleration sensor,9.024046,2.2744915,8.277055,3
712767543088285,2024-03-21T19:39:54.787Z,lsm6dso acceleration sensor,8.612243,1.4676456,7.501333,3
712767553088285,2024-03-21T19:39:54.797Z,lsm6dso acceleration sensor,8.305785,1.0582372,6.9315133,3
712767563088285,2024-03-21T19:39:54.806Z,lsm6dso acceleration sensor,7.714417,0.5626374,5.873276,3
712767573087918,2024-03-21T19:39:54.816Z,lsm6dso acceleration sensor,7.3864117,0.4405331,5.1071315,3
712767583087918,2024-03-21T19:39:54.826Z,lsm6dso acceleration sensor,7.0416465,0.2873042,3.821146,3
712767593087918,2024-03-21T19:39:54.836Z,lsm6dso acceleration sensor,6.845322,0.19393034,3.1483753,3
712767603087918,2024-03-21T19:39:54.847Z,lsm6dso acceleration sensor,6.2348003,0.016759412,2.360683,3
712767613087918,2024-03-21T19:39:54.857Z,lsm6dso acceleration sensor,5.75596,0.011971008,0.9888053,3
712767623087684,2024-03-21T19:39:54.867Z,lsm6dso acceleration sensor,4.6830587,-0.23942018,-0.5482722,3
712767633087450,2024-03-21T19:39:54.877Z,lsm6dso acceleration sensor,4.122815,-0.31364042,-0.5267244,3
712767643087450,2024-03-21T19:39:54.887Z,lsm6dso acceleration sensor,2.6671407,-0.3878607,-0.19393034,3
712767653087450,2024-03-21T19:39:54.896Z,lsm6dso acceleration sensor,2.1428106,-0.33279404,0.04309563,3
712767663087450,2024-03-21T19:39:54.907Z,lsm6dso acceleration sensor,2.2601264,-0.15322891,0.6584055,3
712767673087450,2024-03-21T19:39:54.917Z,lsm6dso acceleration sensor,2.906561,0.02633622,0.92655605,3
712767683087450,2024-03-21T19:39:54.926Z,lsm6dso acceleration sensor,4.584896,0.51235914,1.4149733,3
712767693087450,2024-03-21T19:39:54.936Z,lsm6dso acceleration sensor,5.11192,0.7110779,1.8195933,3
712767703087450,2024-03-21T19:39:54.946Z,lsm6dso acceleration sensor,5.3776765,1.055843,2.7748797,3
712767713087450,2024-03-21T19:39:54.957Z,lsm6dso acceleration sensor,5.686528,1.0726024,3.0765493,3
712767723087450,2024-03-21T19:39:54.967Z,lsm6dso acceleration sensor,6.6896987,0.93134445,3.3063924,3
712767733087450,2024-03-21T19:39:54.976Z,lsm6dso acceleration sensor,7.1876926,0.7685388,3.4021606,3
712767743087450,2024-03-21T19:39:54.986Z,lsm6dso acceleration sensor,7.8604636,0.48602295,3.301604,3
712767753087450,2024-03-21T19:39:54.997Z,lsm6dso acceleration sensor,8.26269,0.4285621,3.1052797,3
712767763087450,2024-03-21T19:39:55.007Z,lsm6dso acceleration sensor,8.633791,0.46208093,2.767697,3
712767773087450,2024-03-21T19:39:55.016Z,lsm6dso acceleration sensor,8.626608,0.49559975,2.6431987,3
712767783087450,2024-03-21T19:39:55.027Z,lsm6dso acceleration sensor,8.880393,0.5410896,2.4779987,3
712767793087450,2024-03-21T19:39:55.037Z,lsm6dso acceleration sensor,9.29459,0.58897364,2.44448,3
712767803087450,2024-03-21T19:39:55.046Z,lsm6dso acceleration sensor,10.079888,0.6799533,2.8323407,3
712767813087450,2024-03-21T19:39:55.056Z,lsm6dso acceleration sensor,10.254665,0.82360536,3.2944214,3
712767823087683,2024-03-21T19:39:55.066Z,lsm6dso acceleration sensor,10.032004,1.283292,4.120421,3
712767833087683,2024-03-21T19:39:55.076Z,lsm6dso acceleration sensor,9.79019,1.5921441,4.7189717,3
712767843087683,2024-03-21T19:39:55.086Z,lsm6dso acceleration sensor,9.828497,2.1068976,5.588366,3
712767853087683,2024-03-21T19:39:55.096Z,lsm6dso acceleration sensor,10.312126,2.2864625,5.7272296,3
712767863087683,2024-03-21T19:39:55.107Z,lsm6dso acceleration sensor,12.052711,2.372654,5.6889224,3
712767873088049,2024-03-21T19:39:55.116Z,lsm6dso acceleration sensor,13.266571,2.1859062,5.6530094,3
712767883088049,2024-03-21T19:39:55.127Z,lsm6dso acceleration sensor,15.040974,1.3335704,5.5332994,3
712767893088049,2024-03-21T19:39:55.137Z,lsm6dso acceleration sensor,15.39771,0.59136784,5.6649804,3
712767903088049,2024-03-21T19:39:55.146Z,lsm6dso acceleration sensor,14.780005,-1.0414777,6.926725,3
712767913088049,2024-03-21T19:39:55.157Z,lsm6dso acceleration sensor,14.205098,-1.7070658,7.925107,3
712767923088049,2024-03-21T19:39:55.167Z,lsm6dso acceleration sensor,12.577041,-2.0039468,8.420707,3
712767933088049,2024-03-21T19:39:55.177Z,lsm6dso acceleration sensor,10.829273,-1.5825673,7.982568,3
712767943088049,2024-03-21T19:39:55.187Z,lsm6dso acceleration sensor,8.131008,-1.2138603,9.20361,3
712767953088049,2024-03-21T19:39:55.197Z,lsm6dso acceleration sensor,6.4598556,-1.1204864,9.361628,3
712767963088049,2024-03-21T19:39:55.206Z,lsm6dso acceleration sensor,4.237737,-1.364695,8.648156,3
712767973088049,2024-03-21T19:39:55.216Z,lsm6dso acceleration sensor,4.537012,-1.6472107,8.248324,3
712767983088049,2024-03-21T19:39:55.226Z,lsm6dso acceleration sensor,7.817368,-2.3295584,8.356063,3
712767993088049,2024-03-21T19:39:55.236Z,lsm6dso acceleration sensor,9.711182,-2.80361,8.473379,3
712768003088049,2024-03-21T19:39:55.247Z,lsm6dso acceleration sensor,13.04391,-3.940856,8.425495,3
712768013087615,2024-03-21T19:39:55.257Z,lsm6dso acceleration sensor,14.387057,-4.173094,7.9801736,3
712768023087615,2024-03-21T19:39:55.266Z,lsm6dso acceleration sensor,14.521132,-3.9695864,6.572383,3
712768033087615,2024-03-21T19:39:55.277Z,lsm6dso acceleration sensor,13.529933,-3.751714,6.7136407,3
712768043087615,2024-03-21T19:39:55.286Z,lsm6dso acceleration sensor,11.406276,-3.052607,7.927501,3
712768053087615,2024-03-21T19:39:55.297Z,lsm6dso acceleration sensor,9.859622,-2.4468741,8.391976,3
712768063087615,2024-03-21T19:39:55.307Z,lsm6dso acceleration sensor,7.7335706,-0.9672575,8.370428,3
712768073087848,2024-03-21T19:39:55.317Z,lsm6dso acceleration sensor,7.1158667,-0.2681506,8.523658,3
712768083087848,2024-03-21T19:39:55.327Z,lsm6dso acceleration sensor,6.584354,0.6512229,8.140585,3
712768093087848,2024-03-21T19:39:55.337Z,lsm6dso acceleration sensor,6.7854667,0.9552865,7.6737156,3
712768103087848,2024-03-21T19:39:55.347Z,lsm6dso acceleration sensor,7.2810664,1.4221559,5.832575,3
712768113087614,2024-03-21T19:39:55.356Z,lsm6dso acceleration sensor,7.3935943,1.4389153,5.0376997,3
712768123087414,2024-03-21T19:39:55.367Z,lsm6dso acceleration sensor,7.082348,1.3718776,3.9336734,3
712768133087414,2024-03-21T19:39:55.377Z,lsm6dso acceleration sensor,6.680122,1.1947067,2.8538885,3
712768143087414,2024-03-21T19:39:55.386Z,lsm6dso acceleration sensor,6.0073514,0.63206923,2.0039468,3
712768153087414,2024-03-21T19:39:55.397Z,lsm6dso acceleration sensor,5.7008934,0.2777274,1.9153614,3
712768163087414,2024-03-21T19:39:55.406Z,lsm6dso acceleration sensor,4.898836,-0.23702596,1.7022774,3
712768173087647,2024-03-21T19:39:55.416Z,lsm6dso acceleration sensor,4.3837833,-0.35913026,1.5107412,3
712768183087647,2024-03-21T19:39:55.427Z,lsm6dso acceleration sensor,3.7301662,-0.521936,1.3838485,3
712768193087647,2024-03-21T19:39:55.437Z,lsm6dso acceleration sensor,3.7325604,-0.5650316,1.4508862,3
712768203087647,2024-03-21T19:39:55.446Z,lsm6dso acceleration sensor,3.9504328,-0.4381389,1.6376339,3
712768213087647,2024-03-21T19:39:55.456Z,lsm6dso acceleration sensor,4.0198646,-0.34715924,1.7956513,3
712768223087647,2024-03-21T19:39:55.466Z,lsm6dso acceleration sensor,4.261679,-0.088585466,2.0590134,3
712768233087647,2024-03-21T19:39:55.477Z,lsm6dso acceleration sensor,4.4436383,0.06464344,2.1619642,3
712768243087647,2024-03-21T19:39:55.486Z,lsm6dso acceleration sensor,4.819528,0.22026655,2.2720973,3
712768253087647,2024-03-21T19:39:55.497Z,lsm6dso acceleration sensor,5.0616417,0.2753332,2.2577322,3
712768263087647,2024-03-21T19:39:55.507Z,lsm6dso acceleration sensor,5.5692124,0.18435353,2.3175871,3
712768273087647,2024-03-21T19:39:55.517Z,lsm6dso acceleration sensor,5.945102,0.076614454,2.3942018,3
712768283087647,2024-03-21T19:39:55.527Z,lsm6dso acceleration sensor,6.7591305,-0.20829555,2.3415294,3
712768293087647,2024-03-21T19:39:55.536Z,lsm6dso acceleration sensor,7.0895305,-0.38067806,2.3295584,3
712768303087647,2024-03-21T19:39:55.547Z,lsm6dso acceleration sensor,7.424719,-0.5602432,2.4061728,3
712768313088080,2024-03-21T19:39:55.556Z,lsm6dso acceleration sensor,7.5635824,-0.6392518,2.5115175,3
712768323088313,2024-03-21T19:39:55.566Z,lsm6dso acceleration sensor,8.042423,-0.7206547,2.896984,3
712768333088313,2024-03-21T19:39:55.577Z,lsm6dso acceleration sensor,8.298602,-0.7015011,3.0765493,3
712768343088313,2024-03-21T19:39:55.587Z,lsm6dso acceleration sensor,9.021651,-0.6679823,3.5410242,3
712768353383499,2024-03-21T19:39:55.596Z,lsm6dso acceleration sensor,9.392753,-0.7565677,3.739743,3
712768363383499,2024-03-21T19:39:55.606Z,lsm6dso acceleration sensor,10.008062,-1.0702082,3.8379054,3
712768373383265,2024-03-21T19:39:55.617Z,lsm6dso acceleration sensor,10.49648,-1.3383588,3.86903,3
712768383383265,2024-03-21T19:39:55.626Z,lsm6dso acceleration sensor,11.851598,-1.8195933,4.525041,3
712768393383498,2024-03-21T19:39:55.636Z,lsm6dso acceleration sensor,12.562675,-2.0470424,4.9993925,3
712768403383498,2024-03-21T19:39:55.646Z,lsm6dso acceleration sensor,13.256994,-2.0087352,5.087978,3
712768413383498,2024-03-21T19:39:55.657Z,lsm6dso acceleration sensor,13.359944,-1.5275006,4.8123455,3
712768423383464,2024-03-21T19:39:55.666Z,lsm6dso acceleration sensor,12.90744,-0.23463176,4.829105,3
712768433383464,2024-03-21T19:39:55.677Z,lsm6dso acceleration sensor,12.77576,0.8379706,4.7405195,3
712768443383464,2024-03-21T19:39:55.686Z,lsm6dso acceleration sensor,12.337621,2.15957,4.5681367,3
712768453383464,2024-03-21T19:39:55.697Z,lsm6dso acceleration sensor,12.057499,2.3822308,4.661511,3
712768463383464,2024-03-21T19:39:55.707Z,lsm6dso acceleration sensor,12.277765,2.3008277,5.5069633,3
712768473383230,2024-03-21T19:39:55.716Z,lsm6dso acceleration sensor,12.617743,1.9895816,6.3138094,3
712768483383230,2024-03-21T19:39:55.727Z,lsm6dso acceleration sensor,10.5084505,0.7517793,6.8644757,3
712768493383230,2024-03-21T19:39:55.737Z,lsm6dso acceleration sensor,8.842086,0.4405331,6.5436525,3
712768503383230,2024-03-21T19:39:55.746Z,lsm6dso acceleration sensor,7.096713,0.6703765,6.608296,3
712768513383230,2024-03-21T19:39:55.757Z,lsm6dso acceleration sensor,7.010522,0.92416185,7.046435,3
712768523383230,2024-03-21T19:39:55.766Z,lsm6dso acceleration sensor,6.2012815,1.0127473,7.204452,3
712768533383463,2024-03-21T19:39:55.776Z,lsm6dso acceleration sensor,5.918766,1.1013328,6.9003887,3
712768543383463,2024-03-21T19:39:55.787Z,lsm6dso acceleration sensor,7.3481045,1.8124107,7.226,3
712768553383463,2024-03-21T19:39:55.797Z,lsm6dso acceleration sensor,9.330503,2.5234885,7.8365216,3
712768563383463,2024-03-21T19:39:55.807Z,lsm6dso acceleration sensor,12.1963625,3.5817258,8.8684225,3
712768573383496,2024-03-21T19:39:55.817Z,lsm6dso acceleration sensor,12.672809,3.8905778,9.285013,3
712768583383496,2024-03-21T19:39:55.827Z,lsm6dso acceleration sensor,12.095806,3.4093432,9.936236,3
712768593383496,2024-03-21T19:39:55.836Z,lsm6dso acceleration sensor,11.537957,2.89459,9.636961,3
712768603383496,2024-03-21T19:39:55.847Z,lsm6dso acceleration sensor,11.099818,1.8195933,9.344869,3
712768613383496,2024-03-21T19:39:55.856Z,lsm6dso acceleration sensor,11.114183,1.0007763,8.961796,3
712768623383262,2024-03-21T19:39:55.866Z,lsm6dso acceleration sensor,10.965743,-0.23942018,7.1852984,3
712768633383262,2024-03-21T19:39:55.877Z,lsm6dso acceleration sensor,10.731112,-0.80205756,6.110302,3
712768643383262,2024-03-21T19:39:55.886Z,lsm6dso acceleration sensor,9.658509,-1.1875241,4.896442,3
712768653383262,2024-03-21T19:39:55.896Z,lsm6dso acceleration sensor,8.992921,-1.2114661,4.462792,3
712768663383262,2024-03-21T19:39:55.906Z,lsm6dso acceleration sensor,8.372823,-1.0414777,3.5673606,3
712768673383262,2024-03-21T19:39:55.917Z,lsm6dso acceleration sensor,8.229171,-0.78050977,3.1842883,3
712768683383262,2024-03-21T19:39:55.927Z,lsm6dso acceleration sensor,7.25473,-0.11971009,1.8890251,3
712768693383028,2024-03-21T19:39:55.936Z,lsm6dso acceleration sensor,6.5221047,0.033518825,0.7637503,3
712768703383028,2024-03-21T19:39:55.946Z,lsm6dso acceleration sensor,5.3537345,-0.009576807,0.40940848,3
712768713383028,2024-03-21T19:39:55.957Z,lsm6dso acceleration sensor,4.819528,-0.050278235,0.6368576,3
712768723383028,2024-03-21T19:39:55.966Z,lsm6dso acceleration sensor,4.024653,-0.016759412,0.5746084,3
712768733383028,2024-03-21T19:39:55.977Z,lsm6dso acceleration sensor,3.7229836,-0.08379706,0.7015011,3
712768743383028,2024-03-21T19:39:55.987Z,lsm6dso acceleration sensor,3.7541082,-0.22744916,1.3838485,3
712768753383261,2024-03-21T19:39:55.996Z,lsm6dso acceleration sensor,4.0438066,-0.22984336,1.520318,3
712768763383261,2024-03-21T19:39:56.007Z,lsm6dso acceleration sensor,4.829105,-0.22026655,1.7310078,3
712768773383261,2024-03-21T19:39:56.017Z,lsm6dso acceleration sensor,5.267543,-0.15083471,1.8171991,3
712768783383261,2024-03-21T19:39:56.026Z,lsm6dso acceleration sensor,5.758354,0.035913024,2.1930888,3
712768793383261,2024-03-21T19:39:56.036Z,lsm6dso acceleration sensor,5.9139776,0.1364695,2.5306711,3
712768803383261,2024-03-21T19:39:56.047Z,lsm6dso acceleration sensor,6.292261,0.36631286,2.8802247,3
712768813383261,2024-03-21T19:39:56.057Z,lsm6dso acceleration sensor,6.6777277,0.51714754,2.896984,3
712768823383494,2024-03-21T19:39:56.067Z,lsm6dso acceleration sensor,7.1852984,0.8451532,2.7988217,3
712768833383260,2024-03-21T19:39:56.077Z,lsm6dso acceleration sensor,7.3026147,1.043872,2.789245,3
712768843383260,2024-03-21T19:39:56.087Z,lsm6dso acceleration sensor,7.1852984,1.3000516,2.6982653,3
712768853383260,2024-03-21T19:39:56.097Z,lsm6dso acceleration sensor,6.998551,1.3670892,2.5306711,3
712768863383260,2024-03-21T19:39:56.107Z,lsm6dso acceleration sensor,6.938696,1.496376,2.4396915,3
712768873383226,2024-03-21T19:39:56.116Z,lsm6dso acceleration sensor,7.1110783,1.4748282,2.5258827,3
712768883383226,2024-03-21T19:39:56.126Z,lsm6dso acceleration sensor,8.030452,1.4269443,2.621651,3
712768893383226,2024-03-21T19:39:56.137Z,lsm6dso acceleration sensor,8.561965,1.436521,2.6982653,3
712768903383226,2024-03-21T19:39:56.146Z,lsm6dso acceleration sensor,9.201217,1.5490485,3.0909145,3
712768913383226,2024-03-21T19:39:56.157Z,lsm6dso acceleration sensor,9.02644,1.7142484,3.4165258,3
712768923383226,2024-03-21T19:39:56.167Z,lsm6dso acceleration sensor,8.056788,2.0925324,3.940856,3
712768933383492,2024-03-21T19:39:56.177Z,lsm6dso acceleration sensor,7.901165,2.1691468,4.2305546,3
712768943383492,2024-03-21T19:39:56.187Z,lsm6dso acceleration sensor,8.873211,2.0207062,4.5322237,3
712768953383492,2024-03-21T19:39:56.197Z,lsm6dso acceleration sensor,10.288184,1.6567876,4.6255975,3
712768963383492,2024-03-21T19:39:56.206Z,lsm6dso acceleration sensor,13.7885065,0.45010993,4.5394063,3
712768973383492,2024-03-21T19:39:56.217Z,lsm6dso acceleration sensor,15.124771,-0.5363012,4.426879,3
712768983383492,2024-03-21T19:39:56.227Z,lsm6dso acceleration sensor,14.926052,-2.3678656,5.028123,3
712768993383492,2024-03-21T19:39:56.236Z,lsm6dso acceleration sensor,13.805266,-3.289633,6.1174846,3
712769003383492,2024-03-21T19:39:56.246Z,lsm6dso acceleration sensor,12.351986,-4.177882,7.8341274,3
712769013383492,2024-03-21T19:39:56.256Z,lsm6dso acceleration sensor,11.868357,-3.9911342,7.759907,3
712769023383492,2024-03-21T19:39:56.266Z,lsm6dso acceleration sensor,10.374375,-2.3511062,6.6154785,3
712769033383492,2024-03-21T19:39:56.277Z,lsm6dso acceleration sensor,9.852439,-1.9057846,7.9538374,3
712769043383492,2024-03-21T19:39:56.286Z,lsm6dso acceleration sensor,7.9083476,-1.5346833,9.768642,3
712769053383258,2024-03-21T19:39:56.297Z,lsm6dso acceleration sensor,6.4694324,-1.1947067,9.890746,3
712769063383258,2024-03-21T19:39:56.306Z,lsm6dso acceleration sensor,5.4399257,-0.45250413,8.698434,3
712769073383491,2024-03-21T19:39:56.316Z,lsm6dso acceleration sensor,5.988198,-0.31364042,8.406342,3
712769083383491,2024-03-21T19:39:56.326Z,lsm6dso acceleration sensor,9.091084,-0.3854665,8.061577,3
712769093383491,2024-03-21T19:39:56.337Z,lsm6dso acceleration sensor,11.1931925,-0.878672,7.594707,3
712769103383491,2024-03-21T19:39:56.347Z,lsm6dso acceleration sensor,14.238617,-2.1045034,6.7327943,3
712769113383491,2024-03-21T19:39:56.357Z,lsm6dso acceleration sensor,14.832678,-2.717419,6.2348003,3
712769123383257,2024-03-21T19:39:56.367Z,lsm6dso acceleration sensor,12.483667,-3.2680852,6.7375827,3
712769133383257,2024-03-21T19:39:56.376Z,lsm6dso acceleration sensor,11.628937,-3.2728736,7.1996636,3
712769143383257,2024-03-21T19:39:56.386Z,lsm6dso acceleration sensor,11.47092,-2.8203697,7.7575126,3
712769153383257,2024-03-21T19:39:56.397Z,lsm6dso acceleration sensor,11.293749,-2.3511062,8.095096,3
712769163383257,2024-03-21T19:39:56.407Z,lsm6dso acceleration sensor,10.76463,-1.5131354,8.468591,3
712769173383257,2024-03-21T19:39:56.416Z,lsm6dso acceleration sensor,10.534787,-1.0247183,8.504503,3
712769183383257,2024-03-21T19:39:56.427Z,lsm6dso acceleration sensor,9.92666,-0.31364042,7.4678144,3
712769193383257,2024-03-21T19:39:56.436Z,lsm6dso acceleration sensor,9.557953,0.093373865,6.6729393,3
712769203383257,2024-03-21T19:39:56.446Z,lsm6dso acceleration sensor,9.02644,0.6895301,5.940314,3
712769213383257,2024-03-21T19:39:56.457Z,lsm6dso acceleration sensor,8.413524,0.9983821,5.269937,3
712769223383257,2024-03-21T19:39:56.466Z,lsm6dso acceleration sensor,6.938696,1.30484,3.7421372,3
712769233382990,2024-03-21T19:39:56.477Z,lsm6dso acceleration sensor,6.404789,1.4149733,3.4452562,3
712769243382990,2024-03-21T19:39:56.487Z,lsm6dso acceleration sensor,5.222053,1.4580688,3.0909145,3
712769253382990,2024-03-21T19:39:56.497Z,lsm6dso acceleration sensor,4.7764325,1.3431472,2.7485435,3
712769263382990,2024-03-21T19:39:56.507Z,lsm6dso acceleration sensor,4.4556093,0.94092125,2.0925324,3
712769273382990,2024-03-21T19:39:56.517Z,lsm6dso acceleration sensor,4.5034933,0.62488663,1.8052281,3
712769283382990,2024-03-21T19:39:56.526Z,lsm6dso acceleration sensor,4.8817773,-0.095768064,1.5753847,3
712769293382990,2024-03-21T19:39:56.537Z,lsm6dso acceleration sensor,5.1550155,-0.49559975,1.5705963,3
712769303382990,2024-03-21T19:39:56.546Z,lsm6dso acceleration sensor,5.5931544,-1.1180922,1.6376339,3
712769313382990,2024-03-21T19:39:56.557Z,lsm6dso acceleration sensor,5.8421516,-1.388637,1.7549498,3
712769323383223,2024-03-21T19:39:56.567Z,lsm6dso acceleration sensor,6.036082,-1.5634137,2.1188686,3
712769333383223,2024-03-21T19:39:56.577Z,lsm6dso acceleration sensor,5.964256,-1.5873557,2.3678656,3
712769343383223,2024-03-21T19:39:56.586Z,lsm6dso acceleration sensor,5.822998,-1.2378023,2.5929205,3
712769353383223,2024-03-21T19:39:56.596Z,lsm6dso acceleration sensor,5.705682,-0.91697925,2.705448,3
712769363383223,2024-03-21T19:39:56.606Z,lsm6dso acceleration sensor,5.44232,-0.4213795,2.7269957,3
712769373382989,2024-03-21T19:39:56.616Z,lsm6dso acceleration sensor,5.320215,-0.1412579,2.6264393,3
712769383382989,2024-03-21T19:39:56.627Z,lsm6dso acceleration sensor,5.1454387,0.11731588,2.3391352,3
712769393382989,2024-03-21T19:39:56.636Z,lsm6dso acceleration sensor,5.06643,0.110133275,2.1452048,3
712769403382989,2024-03-21T19:39:56.647Z,lsm6dso acceleration sensor,5.2747254,-0.09816227,1.6807296,3
712769413382989,2024-03-21T19:39:56.656Z,lsm6dso acceleration sensor,5.7008934,-0.34955344,1.5801731,3
712769423382989,2024-03-21T19:39:56.667Z,lsm6dso acceleration sensor,7.0871363,-0.90740246,1.6112977,3
712769433382989,2024-03-21T19:39:56.676Z,lsm6dso acceleration sensor,7.826945,-1.115698,1.6232687,3
712769443382989,2024-03-21T19:39:56.687Z,lsm6dso acceleration sensor,9.19164,-1.5346833,1.7118542,3
712769453382989,2024-03-21T19:39:56.696Z,lsm6dso acceleration sensor,9.557953,-1.7549498,1.9800048,3
712769463382989,2024-03-21T19:39:56.706Z,lsm6dso acceleration sensor,9.447819,-2.1164744,2.554613,3
712769473382989,2024-03-21T19:39:56.717Z,lsm6dso acceleration sensor,9.124602,-2.3702598,2.8491,3
712769483382989,2024-03-21T19:39:56.727Z,lsm6dso acceleration sensor,8.952219,-2.5809495,3.289633,3
712769493382989,2024-03-21T19:39:56.736Z,lsm6dso acceleration sensor,9.244312,-2.5617957,3.6152446,3
712769503382989,2024-03-21T19:39:56.747Z,lsm6dso acceleration sensor,9.945813,-2.1643584,3.8762126,3
712769513382989,2024-03-21T19:39:56.757Z,lsm6dso acceleration sensor,10.400711,-1.6879122,3.845088,3
712769523382989,2024-03-21T19:39:56.767Z,lsm6dso acceleration sensor,11.224317,-0.49559975,4.1491513,3
712769533382989,2024-03-21T19:39:56.777Z,lsm6dso acceleration sensor,11.672032,0.35434186,4.4196963,3
712769543382989,2024-03-21T19:39:56.787Z,lsm6dso acceleration sensor,12.905046,1.6208745,4.922778,3
712769553382989,2024-03-21T19:39:56.796Z,lsm6dso acceleration sensor,13.877092,1.9033904,5.468656,3
712769563382989,2024-03-21T19:39:56.806Z,lsm6dso acceleration sensor,15.65389,1.316811,6.8141975,3
712769573383222,2024-03-21T19:39:56.817Z,lsm6dso acceleration sensor,15.222933,0.4189853,6.7711015,3
712769583383222,2024-03-21T19:39:56.827Z,lsm6dso acceleration sensor,13.479655,-0.50996494,7.31698,3
712769593383222,2024-03-21T19:39:56.837Z,lsm6dso acceleration sensor,11.808502,-0.6464345,8.090307,3
712769603383222,2024-03-21T19:39:56.847Z,lsm6dso acceleration sensor,8.257901,-0.22026655,8.978556,3
712769613383222,2024-03-21T19:39:56.857Z,lsm6dso acceleration sensor,7.240365,0.20111294,8.8684225,3
712769623382988,2024-03-21T19:39:56.867Z,lsm6dso acceleration sensor,7.3265567,0.9744401,7.688081,3
712769633382988,2024-03-21T19:39:56.876Z,lsm6dso acceleration sensor,8.138191,1.5562311,6.7854667,3
712769643382988,2024-03-21T19:39:56.887Z,lsm6dso acceleration sensor,10.2857895,2.6024973,6.4478846,3
712769653382988,2024-03-21T19:39:56.897Z,lsm6dso acceleration sensor,11.341633,2.9735985,6.6418147,3
712769663382988,2024-03-21T19:39:56.907Z,lsm6dso acceleration sensor,11.870751,4.0701427,6.098331,3
712769673382988,2024-03-21T19:39:56.916Z,lsm6dso acceleration sensor,11.346421,4.2999864,4.5777135,3
712769683382988,2024-03-21T19:39:56.927Z,lsm6dso acceleration sensor,10.817303,3.3662477,4.9132013,3
712769693382988,2024-03-21T19:39:56.937Z,lsm6dso acceleration sensor,11.087848,2.4181437,5.717653,3
712769703382988,2024-03-21T19:39:56.947Z,lsm6dso acceleration sensor,11.28896,0.7086837,6.1917048,3
712769713382988,2024-03-21T19:39:56.957Z,lsm6dso acceleration sensor,11.154885,0.0023942017,6.318598,3
712769723382988,2024-03-21T19:39:56.966Z,lsm6dso acceleration sensor,10.568306,-0.7637503,6.8501105,3
712769733382988,2024-03-21T19:39:56.976Z,lsm6dso acceleration sensor,10.132561,-1.079785,6.6753335,3
712769743382988,2024-03-21T19:39:56.987Z,lsm6dso acceleration sensor,9.545981,-1.4269443,5.791873,3
712769753382988,2024-03-21T19:39:56.996Z,lsm6dso acceleration sensor,9.347262,-1.4987702,5.0855837,3
712769763382988,2024-03-21T19:39:57.007Z,lsm6dso acceleration sensor,9.103054,-1.3239936,3.8714242,3
712769773382988,2024-03-21T19:39:57.017Z,lsm6dso acceleration sensor,8.949825,-1.1659763,3.691859,3
712769783382988,2024-03-21T19:39:57.026Z,lsm6dso acceleration sensor,7.9179244,-0.7038953,2.2840683,3
712769793382988,2024-03-21T19:39:57.036Z,lsm6dso acceleration sensor,7.3097973,-0.62249243,1.400608,3
712769803382988,2024-03-21T19:39:57.047Z,lsm6dso acceleration sensor,6.1893106,-0.58657944,0.5506664,3
712769813382988,2024-03-21T19:39:57.056Z,lsm6dso acceleration sensor,5.56203,-0.59855044,0.39743748,3
712769823383221,2024-03-21T19:39:57.066Z,lsm6dso acceleration sensor,4.620809,-0.5267244,0.12689269,3
712769833383221,2024-03-21T19:39:57.076Z,lsm6dso acceleration sensor,4.378995,-0.45250413,0.08379706,3
712769843383221,2024-03-21T19:39:57.087Z,lsm6dso acceleration sensor,4.582502,-0.2873042,0.15562311,3
712769853383221,2024-03-21T19:39:57.097Z,lsm6dso acceleration sensor,4.9993925,-0.1388637,0.34476504,3
712769863383221,2024-03-21T19:39:57.107Z,lsm6dso acceleration sensor,5.9738326,0.079008654,1.0462662,3
712769873382987,2024-03-21T19:39:57.117Z,lsm6dso acceleration sensor,6.3736644,0.11731588,1.4891934,3
712769883382987,2024-03-21T19:39:57.126Z,lsm6dso acceleration sensor,7.0081277,0.07182605,2.0278888,3
712769893382987,2024-03-21T19:39:57.136Z,lsm6dso acceleration sensor,7.3217683,-0.06464344,2.2625206,3
712769903382987,2024-03-21T19:39:57.147Z,lsm6dso acceleration sensor,7.807791,-0.2681506,2.5594015,3
712769913382987,2024-03-21T19:39:57.157Z,lsm6dso acceleration sensor,7.939472,-0.36631286,2.6288335,3
712769923382987,2024-03-21T19:39:57.166Z,lsm6dso acceleration sensor,7.838916,-0.3854665,2.4540567,3
712769933382987,2024-03-21T19:39:57.177Z,lsm6dso acceleration sensor,7.702446,-0.2801216,2.15957,3
712769943382987,2024-03-21T19:39:57.187Z,lsm6dso acceleration sensor,7.486968,-0.0047884034,1.7046716,3
712769953383253,2024-03-21T19:39:57.197Z,lsm6dso acceleration sensor,7.3265567,0.19632454,1.4532804,3
712769963383253,2024-03-21T19:39:57.206Z,lsm6dso acceleration sensor,7.0272813,0.61530983,1.0319009,3
712769973383253,2024-03-21T19:39:57.217Z,lsm6dso acceleration sensor,7.0655885,0.770933,0.9792285,3
712769983383253,2024-03-21T19:39:57.226Z,lsm6dso acceleration sensor,7.2571244,0.9911995,1.3072342,3
712769993383253,2024-03-21T19:39:57.237Z,lsm6dso acceleration sensor,7.3696523,1.0654198,1.5729905,3
712770003383253,2024-03-21T19:39:57.247Z,lsm6dso acceleration sensor,7.276278,1.2258313,2.135628,3
712770013383253,2024-03-21T19:39:57.256Z,lsm6dso acceleration sensor,7.0392523,1.3934253,2.4947581,3
712770023383253,2024-03-21T19:39:57.267Z,lsm6dso acceleration sensor,6.6130843,1.7310078,3.0262709,3
712770033383253,2024-03-21T19:39:57.276Z,lsm6dso acceleration sensor,6.5580177,1.7118542,3.2273839,3
712770043383253,2024-03-21T19:39:57.287Z,lsm6dso acceleration sensor,7.2595186,1.1971009,3.4811692,3
712770053383253,2024-03-21T19:39:57.297Z,lsm6dso acceleration sensor,8.655338,0.80684596,3.4284968,3
712770063383253,2024-03-21T19:39:57.306Z,lsm6dso acceleration sensor,12.165238,-0.11492168,3.4165258,3
712770073383519,2024-03-21T19:39:57.317Z,lsm6dso acceleration sensor,13.893851,-0.8451532,3.6176388,3
712770083383519,2024-03-21T19:39:57.326Z,lsm6dso acceleration sensor,15.869368,-2.6551697,5.0137577,3
712770093383519,2024-03-21T19:39:57.336Z,lsm6dso acceleration sensor,16.530167,-3.608062,5.7727194,3
712770103383519,2024-03-21T19:39:57.347Z,lsm6dso acceleration sensor,15.986683,-3.9911342,5.7008934,3
712770113383519,2024-03-21T19:39:57.356Z,lsm6dso acceleration sensor,14.643237,-3.359065,5.717653,3
712770123383285,2024-03-21T19:39:57.366Z,lsm6dso acceleration sensor,12.390293,-1.9680338,7.9801736,3
712770133383285,2024-03-21T19:39:57.376Z,lsm6dso acceleration sensor,10.88434,-1.3096284,7.9562316,3
712770143383285,2024-03-21T19:39:57.386Z,lsm6dso acceleration sensor,7.654562,0.09816227,7.946655,3
712770153383285,2024-03-21T19:39:57.396Z,lsm6dso acceleration sensor,6.8620815,0.56982,8.581119,3
712770163383285,2024-03-21T19:39:57.406Z,lsm6dso acceleration sensor,7.5875244,0.78050977,8.380005,3
712770173383285,2024-03-21T19:39:57.417Z,lsm6dso acceleration sensor,9.189245,0.48602295,7.4055653,3
712770183383285,2024-03-21T19:39:57.426Z,lsm6dso acceleration sensor,13.355156,-0.7589619,5.5548472,3
712770193383285,2024-03-21T19:39:57.437Z,lsm6dso acceleration sensor,14.799159,-1.7621324,5.028123,3
712770203383285,2024-03-21T19:39:57.446Z,lsm6dso acceleration sensor,14.63366,-2.954445,3.3662477,3
712770213383285,2024-03-21T19:39:57.456Z,lsm6dso acceleration sensor,13.683162,-3.13401,2.779668,3
712770223383285,2024-03-21T19:39:57.466Z,lsm6dso acceleration sensor,12.531551,-2.8993783,3.9791632,3
712770233383285,2024-03-21T19:39:57.477Z,lsm6dso acceleration sensor,11.964126,-2.542642,4.855441,3
712770243383285,2024-03-21T19:39:57.487Z,lsm6dso acceleration sensor,11.092636,-1.6280571,5.9139776,3
712770253383018,2024-03-21T19:39:57.496Z,lsm6dso acceleration sensor,10.702381,-1.1611878,6.5652003,3
712770263383018,2024-03-21T19:39:57.506Z,lsm6dso acceleration sensor,10.283396,-0.60573304,7.206846,3
712770273383018,2024-03-21T19:39:57.516Z,lsm6dso acceleration sensor,10.187628,-0.36631286,7.18051,3
712770283383018,2024-03-21T19:39:57.527Z,lsm6dso acceleration sensor,9.816526,-0.076614454,6.095937,3
712770293383018,2024-03-21T19:39:57.537Z,lsm6dso acceleration sensor,9.514857,0.035913024,5.4231663,3
712770303383018,2024-03-21T19:39:57.546Z,lsm6dso acceleration sensor,8.65055,0.25378537,4.5322237,3
712770313383018,2024-03-21T19:39:57.557Z,lsm6dso acceleration sensor,8.095096,0.4165911,4.1132383,3
712770323383251,2024-03-21T19:39:57.566Z,lsm6dso acceleration sensor,7.1972694,0.62249243,3.2848446,3
712770333383251,2024-03-21T19:39:57.576Z,lsm6dso acceleration sensor,6.854899,0.7038953,2.8802247,3
712770343383251,2024-03-21T19:39:57.586Z,lsm6dso acceleration sensor,6.3066263,0.7733272,2.0111294,3
712770353383251,2024-03-21T19:39:57.597Z,lsm6dso acceleration sensor,6.134244,0.7278373,1.6376339,3
712770363383251,2024-03-21T19:39:57.606Z,lsm6dso acceleration sensor,5.9259486,0.44771573,1.3623008,3
712770373382984,2024-03-21T19:39:57.616Z,lsm6dso acceleration sensor,5.8253922,0.25617957,1.3455414,3
712770383382984,2024-03-21T19:39:57.627Z,lsm6dso acceleration sensor,5.600337,-0.17956513,1.460463,3
712770393382984,2024-03-21T19:39:57.637Z,lsm6dso acceleration sensor,5.504569,-0.45250413,1.6017209,3
712770403382984,2024-03-21T19:39:57.646Z,lsm6dso acceleration sensor,5.56203,-0.81163436,1.8267759,3
712770413382984,2024-03-21T19:39:57.657Z,lsm6dso acceleration sensor,5.6314616,-0.9528923,2.018312,3
712770423382984,2024-03-21T19:39:57.667Z,lsm6dso acceleration sensor,5.8253922,-1.1204864,2.1404164,3
712770433382984,2024-03-21T19:39:57.677Z,lsm6dso acceleration sensor,5.9355254,-1.1109096,2.1787236,3
712770443382984,2024-03-21T19:39:57.687Z,lsm6dso acceleration sensor,6.0312934,-0.9504981,2.1499932,3
712770453382984,2024-03-21T19:39:57.697Z,lsm6dso acceleration sensor,6.002563,-0.81402856,2.1188686,3
712770463382984,2024-03-21T19:39:57.706Z,lsm6dso acceleration sensor,5.6194906,-0.545878,1.9871874,3
712770473382984,2024-03-21T19:39:57.717Z,lsm6dso acceleration sensor,5.281908,-0.41180268,1.910573,3
712770483382984,2024-03-21T19:39:57.727Z,lsm6dso acceleration sensor,4.7070007,-0.21068975,1.934515,3
712770493382984,2024-03-21T19:39:57.737Z,lsm6dso acceleration sensor,4.43885,-0.1388637,2.0805612,3
712770503382984,2024-03-21T19:39:57.746Z,lsm6dso acceleration sensor,4.5896845,-0.093373865,2.456451,3
712770513382984,2024-03-21T19:39:57.756Z,lsm6dso acceleration sensor,5.2364182,-0.04070143,2.7006595,3
712770523382984,2024-03-21T19:39:57.767Z,lsm6dso acceleration sensor,7.1469913,0.055066638,3.1435869,3
712770533382984,2024-03-21T19:39:57.776Z,lsm6dso acceleration sensor,8.629003,0.12449849,3.466804,3
712770543382984,2024-03-21T19:39:57.787Z,lsm6dso acceleration sensor,10.561123,0.033518825,4.201824,3
712770553382984,2024-03-21T19:39:57.797Z,lsm6dso acceleration sensor,10.738294,-0.19393034,4.6806645,3
712770563382984,2024-03-21T19:39:57.807Z,lsm6dso acceleration sensor,9.816526,-0.7733272,5.5955486,3
712770573383217,2024-03-21T19:39:57.817Z,lsm6dso acceleration sensor,9.328109,-1.0247183,5.9235544,3
712770583383217,2024-03-21T19:39:57.827Z,lsm6dso acceleration sensor,8.624214,-1.3623008,6.136638,3
712770593383217,2024-03-21T19:39:57.837Z,lsm6dso acceleration sensor,8.688857,-1.460463,5.9714384,3
712770603383217,2024-03-21T19:39:57.847Z,lsm6dso acceleration sensor,10.055946,-1.6711528,5.315427,3
712770613383217,2024-03-21T19:39:57.856Z,lsm6dso acceleration sensor,10.946589,-1.7046716,4.980239,3
712770623382983,2024-03-21T19:39:57.867Z,lsm6dso acceleration sensor,13.0558815,-1.3144168,4.8841715,3
712770633382983,2024-03-21T19:39:57.877Z,lsm6dso acceleration sensor,14.133272,-0.8451532,4.8602295,3
712770643382983,2024-03-21T19:39:57.886Z,lsm6dso acceleration sensor,14.899715,-0.011971008,4.9371433,3
712770653382983,2024-03-21T19:39:57.896Z,lsm6dso acceleration sensor,14.657602,0.4357447,4.735731,3
712770663382983,2024-03-21T19:39:57.906Z,lsm6dso acceleration sensor,14.504374,1.4652514,5.8421516,3
712770673382983,2024-03-21T19:39:57.916Z,lsm6dso acceleration sensor,14.45649,2.2625206,7.6617446,3
712770683382983,2024-03-21T19:39:57.927Z,lsm6dso acceleration sensor,11.71034,3.3183637,9.227552,3
712770693382983,2024-03-21T19:39:57.937Z,lsm6dso acceleration sensor,9.304167,3.53863,9.208399,3
712770703382983,2024-03-21T19:39:57.947Z,lsm6dso acceleration sensor,6.7615247,3.9336734,8.875605,3
712770713382983,2024-03-21T19:39:57.957Z,lsm6dso acceleration sensor,6.49098,4.2401314,8.803779,3
712770723382983,2024-03-21T19:39:57.966Z,lsm6dso acceleration sensor,7.6138606,4.4340615,8.466196,3
712770733382983,2024-03-21T19:39:57.977Z,lsm6dso acceleration sensor,8.480561,4.249708,7.987356,3
712770743382983,2024-03-21T19:39:57.987Z,lsm6dso acceleration sensor,9.81892,3.596091,6.668151,3
712770753382983,2024-03-21T19:39:57.996Z,lsm6dso acceleration sensor,10.431836,3.0071173,5.9618616,3
712770763382983,2024-03-21T19:39:58.007Z,lsm6dso acceleration sensor,11.293749,1.6280571,5.657798,3
712770773382983,2024-03-21T19:39:58.016Z,lsm6dso acceleration sensor,11.456554,0.9792285,5.56203,3
712770783382983,2024-03-21T19:39:58.027Z,lsm6dso acceleration sensor,11.030387,-0.23223756,5.5213284,3
712770793383016,2024-03-21T19:39:58.037Z,lsm6dso acceleration sensor,10.69041,-0.6727707,5.8086324,3
712770803383016,2024-03-21T19:39:58.047Z,lsm6dso acceleration sensor,9.972149,-1.0055647,6.194099,3
712770813383016,2024-03-21T19:39:58.057Z,lsm6dso acceleration sensor,9.263466,-1.1061212,6.1677628,3
712770823383249,2024-03-21T19:39:58.067Z,lsm6dso acceleration sensor,8.090307,-1.0510546,5.722441,3
712770833383249,2024-03-21T19:39:58.076Z,lsm6dso acceleration sensor,7.656956,-0.90021986,5.332186,3
712770843383249,2024-03-21T19:39:58.087Z,lsm6dso acceleration sensor,6.9937625,-0.7493851,4.594473,3
712770853383249,2024-03-21T19:39:58.097Z,lsm6dso acceleration sensor,6.8381395,-0.59855044,4.1060557,3
712770863383249,2024-03-21T19:39:58.107Z,lsm6dso acceleration sensor,6.6873045,-0.4237737,3.1627405,3
712770873383015,2024-03-21T19:39:58.116Z,lsm6dso acceleration sensor,6.5795655,-0.35194764,2.731784,3
712770883383015,2024-03-21T19:39:58.126Z,lsm6dso acceleration sensor,6.2132525,-0.12689269,1.8674773,3
712770893383015,2024-03-21T19:39:58.137Z,lsm6dso acceleration sensor,6.016928,0.019153614,1.4532804,3
712770903383015,2024-03-21T19:39:58.146Z,lsm6dso acceleration sensor,5.813421,0.32561144,1.2210429,3
712770913383015,2024-03-21T19:39:58.157Z,lsm6dso acceleration sensor,5.717653,0.46208093,1.400608,3
712770923383015,2024-03-21T19:39:58.166Z,lsm6dso acceleration sensor,5.609914,0.5410896,1.6472107,3
712770933383015,2024-03-21T19:39:58.176Z,lsm6dso acceleration sensor,5.7152586,0.48123455,1.9680338,3
712770943383015,2024-03-21T19:39:58.186Z,lsm6dso acceleration sensor,6.268319,0.34715924,2.8060043,3
712770953383015,2024-03-21T19:39:58.196Z,lsm6dso acceleration sensor,6.5795655,0.22026655,2.9879637,3
712770963383015,2024-03-21T19:39:58.207Z,lsm6dso acceleration sensor,7.082348,0.093373865,3.1292217,3
712770973383015,2024-03-21T19:39:58.217Z,lsm6dso acceleration sensor,7.328951,-0.031124622,3.2465374,3
712770983383015,2024-03-21T19:39:58.227Z,lsm6dso acceleration sensor,7.680898,-0.28491,3.3925838,3
712770993383015,2024-03-21T19:39:58.236Z,lsm6dso acceleration sensor,7.8580694,-0.39264908,3.2848446,3
712771003383015,2024-03-21T19:39:58.247Z,lsm6dso acceleration sensor,8.238748,-0.56982,2.8083985,3
712771013383015,2024-03-21T19:39:58.257Z,lsm6dso acceleration sensor,8.490138,-0.62249243,2.621651,3
712771023383015,2024-03-21T19:39:58.266Z,lsm6dso acceleration sensor,8.521263,-0.60573304,2.516306,3
712771033383015,2024-03-21T19:39:58.277Z,lsm6dso acceleration sensor,8.12622,-0.45968673,2.4851813,3
712771043383015,2024-03-21T19:39:58.287Z,lsm6dso acceleration sensor,7.412748,-0.4141969,2.0566192,3
712771053383015,2024-03-21T19:39:58.297Z,lsm6dso acceleration sensor,7.6378026,-0.30166942,1.8674773,3
712771063383015,2024-03-21T19:39:58.307Z,lsm6dso acceleration sensor,8.336909,-0.07182605,1.6304513,3
712771073383248,2024-03-21T19:39:58.316Z,lsm6dso acceleration sensor,8.758289,-0.05746084,1.5801731,3
712771083383248,2024-03-21T19:39:58.326Z,lsm6dso acceleration sensor,9.332897,-0.19153613,1.7262194,3
712771093383214,2024-03-21T19:39:58.336Z,lsm6dso acceleration sensor,9.660903,-0.15083471,1.9680338,3
712771103383214,2024-03-21T19:39:58.346Z,lsm6dso acceleration sensor,10.242694,-0.14604631,2.432509,3
712771113383214,2024-03-21T19:39:58.357Z,lsm6dso acceleration sensor,10.376769,-0.24420857,2.7269957,3
712771123382980,2024-03-21T19:39:58.366Z,lsm6dso acceleration sensor,10.52521,-0.39264908,3.3566709,3
712771133382980,2024-03-21T19:39:58.377Z,lsm6dso acceleration sensor,10.381557,-0.50517654,3.643975,3
712771143382980,2024-03-21T19:39:58.386Z,lsm6dso acceleration sensor,10.379164,-0.7517793,3.7349546,3
712771153383213,2024-03-21T19:39:58.397Z,lsm6dso acceleration sensor,10.656891,-0.89543146,3.7110126,3
712771163383213,2024-03-21T19:39:58.407Z,lsm6dso acceleration sensor,11.324873,-1.2449849,3.6391866,3
712771173383213,2024-03-21T19:39:58.417Z,lsm6dso acceleration sensor,11.631331,-1.4628572,3.490746,3
712771183383213,2024-03-21T19:39:58.427Z,lsm6dso acceleration sensor,12.301707,-1.673547,3.2321723,3
712771193383213,2024-03-21T19:39:58.436Z,lsm6dso acceleration sensor,12.782942,-1.7142484,3.4213142,3
712771203383213,2024-03-21T19:39:58.447Z,lsm6dso acceleration sensor,14.293683,-1.7621324,4.709395,3
712771213383213,2024-03-21T19:39:58.457Z,lsm6dso acceleration sensor,15.28997,-1.4772224,5.087978,3
712771223383213,2024-03-21T19:39:58.466Z,lsm6dso acceleration sensor,15.629948,0.08619126,5.564424,3
712771233383213,2024-03-21T19:39:58.476Z,lsm6dso acceleration sensor,14.952388,0.82121116,6.2156467,3
712771243383213,2024-03-21T19:39:58.487Z,lsm6dso acceleration sensor,11.722311,1.7669208,7.9083476,3
712771253383213,2024-03-21T19:39:58.497Z,lsm6dso acceleration sensor,9.577106,1.9440918,8.403947,3
712771263383213,2024-03-21T19:39:58.506Z,lsm6dso acceleration sensor,7.070377,1.9249382,8.652945,3
712771273383213,2024-03-21T19:39:58.516Z,lsm6dso acceleration sensor,6.0696006,1.6591818,8.370428,3
712771283383213,2024-03-21T19:39:58.526Z,lsm6dso acceleration sensor,5.8086324,0.9816227,7.4223247,3
712771293383213,2024-03-21T19:39:58.537Z,lsm6dso acceleration sensor,6.682516,0.45250413,6.598719,3
712771303383213,2024-03-21T19:39:58.546Z,lsm6dso acceleration sensor,9.352051,-0.7661445,4.7860093,3
712771313383213,2024-03-21T19:39:58.557Z,lsm6dso acceleration sensor,10.869975,-1.5298948,3.8019924,3
712771323383446,2024-03-21T19:39:58.567Z,lsm6dso acceleration sensor,11.865963,-2.8419175,2.542642,3
712771333383446,2024-03-21T19:39:58.576Z,lsm6dso acceleration sensor,11.090241,-3.5003228,2.2146366,3
712771343383446,2024-03-21T19:39:58.586Z,lsm6dso acceleration sensor,9.253889,-3.799598,2.3582888,3
712771353383446,2024-03-21T19:39:58.596Z,lsm6dso acceleration sensor,8.640973,-3.3901896,2.719813,3
712771363383446,2024-03-21T19:39:58.606Z,lsm6dso acceleration sensor,8.470984,-1.8363527,3.6367924,3
712771373383212,2024-03-21T19:39:58.616Z,lsm6dso acceleration sensor,8.552388,-0.79008657,4.486734,3
712771383383212,2024-03-21T19:39:58.626Z,lsm6dso acceleration sensor,8.997709,0.92655605,5.9618616,3
712771393383212,2024-03-21T19:39:58.636Z,lsm6dso acceleration sensor,9.136573,1.8291701,6.572383,3
712771403383212,2024-03-21T19:39:58.646Z,lsm6dso acceleration sensor,8.583512,2.8203697,7.10629,3
712771413383212,2024-03-21T19:39:58.656Z,lsm6dso acceleration sensor,8.023269,3.0023289,7.202058,3
712771423383212,2024-03-21T19:39:58.666Z,lsm6dso acceleration sensor,7.340922,2.920926,7.18051,3
712771433383212,2024-03-21T19:39:58.677Z,lsm6dso acceleration sensor,7.2212114,2.6791117,6.9793973,3
712771443383212,2024-03-21T19:39:58.687Z,lsm6dso acceleration sensor,7.5899186,2.054225,6.232406,3
712771453382978,2024-03-21T19:39:58.697Z,lsm6dso acceleration sensor,7.728782,1.5514427,5.633856,3
712771463382978,2024-03-21T19:39:58.706Z,lsm6dso acceleration sensor,7.7192054,0.51235914,4.2425256,3
712771473382978,2024-03-21T19:39:58.717Z,lsm6dso acceleration sensor,7.668927,0.047884032,3.5458126,3
712771483382978,2024-03-21T19:39:58.726Z,lsm6dso acceleration sensor,7.6258316,-0.58657944,2.4732103,3
712771493382978,2024-03-21T19:39:58.737Z,lsm6dso acceleration sensor,7.568371,-0.830788,1.9800048,3
712771503382978,2024-03-21T19:39:58.746Z,lsm6dso acceleration sensor,6.809409,-0.9696517,1.6759412,3
712771513382978,2024-03-21T19:39:58.756Z,lsm6dso acceleration sensor,6.3257804,-0.8858546,1.5969325,3
712771523382978,2024-03-21T19:39:58.766Z,lsm6dso acceleration sensor,6.143821,-0.56982,1.7381904,3
712771533382978,2024-03-21T19:39:58.777Z,lsm6dso acceleration sensor,6.3521166,-0.37349546,1.946486,3
712771543382978,2024-03-21T19:39:58.787Z,lsm6dso acceleration sensor,6.6489973,-0.09816227,2.4756045,3
712771553382978,2024-03-21T19:39:58.797Z,lsm6dso acceleration sensor,6.802226,0.045489833,2.858677,3
712771563382978,2024-03-21T19:39:58.806Z,lsm6dso acceleration sensor,7.0512233,0.17477672,3.442862,3
712771573383211,2024-03-21T19:39:58.817Z,lsm6dso acceleration sensor,7.1589622,0.15562311,3.6104562,3
712771583383211,2024-03-21T19:39:58.827Z,lsm6dso acceleration sensor,7.4079595,-0.0023942017,3.7469256,3
712771593383211,2024-03-21T19:39:58.837Z,lsm6dso acceleration sensor,7.5779476,-0.107739076,3.739743,3
712771603383211,2024-03-21T19:39:58.847Z,lsm6dso acceleration sensor,7.9538374,-0.41180268,3.6463692,3
712771613383211,2024-03-21T19:39:58.857Z,lsm6dso acceleration sensor,8.166922,-0.6392518,3.58412,3
712771623382977,2024-03-21T19:39:58.867Z,lsm6dso acceleration sensor,8.408735,-1.0630256,3.454833,3
712771633383077,2024-03-21T19:39:58.876Z,lsm6dso acceleration sensor,8.51408,-1.2330139,3.3255463,3
712771643383077,2024-03-21T19:39:58.887Z,lsm6dso acceleration sensor,8.746318,-1.3455414,3.157952,3
712771653383310,2024-03-21T19:39:58.896Z,lsm6dso acceleration sensor,8.858846,-1.3503298,3.0909145,3
712771663383310,2024-03-21T19:39:58.906Z,lsm6dso acceleration sensor,8.997709,-1.2018893,3.095703,3
712771673383310,2024-03-21T19:39:58.917Z,lsm6dso acceleration sensor,9.136573,-1.0654198,3.1196449,3
712771683383310,2024-03-21T19:39:58.926Z,lsm6dso acceleration sensor,9.275436,-0.5722142,3.3063924,3
712771693383310,2024-03-21T19:39:58.937Z,lsm6dso acceleration sensor,9.373599,-0.29448682,3.526659,3
712771703383310,2024-03-21T19:39:58.947Z,lsm6dso acceleration sensor,9.775825,0.08619126,3.9384618,3
712771713383310,2024-03-21T19:39:58.956Z,lsm6dso acceleration sensor,10.113407,0.17956513,4.0797195,3
712771723383310,2024-03-21T19:39:58.966Z,lsm6dso acceleration sensor,10.568306,0.02633622,4.285621,3
712771733383310,2024-03-21T19:39:58.977Z,lsm6dso acceleration sensor,10.841245,-0.16519992,4.3143516,3
712771743383310,2024-03-21T19:39:58.987Z,lsm6dso acceleration sensor,11.320085,-0.47644615,4.158728,3
712771753383543,2024-03-21T19:39:58.997Z,lsm6dso acceleration sensor,11.652879,-0.5386954,3.9695864,3
712771763383543,2024-03-21T19:39:59.006Z,lsm6dso acceleration sensor,11.942577,-0.47644615,3.8115692,3
712771773383543,2024-03-21T19:39:59.016Z,lsm6dso acceleration sensor,11.820473,-0.4261679,3.9312792,3
712771783383543,2024-03-21T19:39:59.027Z,lsm6dso acceleration sensor,11.533169,-0.19632454,4.187459,3
712771793383543,2024-03-21T19:39:59.037Z,lsm6dso acceleration sensor,11.391911,-0.090979666,4.271256,3
712771803383543,2024-03-21T19:39:59.046Z,lsm6dso acceleration sensor,11.09503,-0.11731588,4.3119574,3
712771813383543,2024-03-21T19:39:59.056Z,lsm6dso acceleration sensor,10.836456,-0.2681506,4.211401,3
712771823383776,2024-03-21T19:39:59.066Z,lsm6dso acceleration sensor,10.321703,-0.6536171,3.8594532,3
712771833383776,2024-03-21T19:39:59.076Z,lsm6dso acceleration sensor,10.09186,-0.90021986,3.6607344,3
712771843383776,2024-03-21T19:39:59.086Z,lsm6dso acceleration sensor,9.708787,-1.2473791,3.1794999,3
712771853383776,2024-03-21T19:39:59.097Z,lsm6dso acceleration sensor,9.723152,-1.2258313,2.9735985,3
712771863383776,2024-03-21T19:39:59.107Z,lsm6dso acceleration sensor,10.834062,-0.6464345,3.0454245,3
712771873383542,2024-03-21T19:39:59.116Z,lsm6dso acceleration sensor,12.301707,0.21308395,3.5098996,3
712771883383542,2024-03-21T19:39:59.127Z,lsm6dso acceleration sensor,14.279318,1.6017209,5.2388124,3
712771893383542,2024-03-21T19:39:59.136Z,lsm6dso acceleration sensor,15.579669,2.621651,6.110302,3
712771903383542,2024-03-21T19:39:59.146Z,lsm6dso acceleration sensor,12.986449,3.5913026,6.241983,3
712771913383542,2024-03-21T19:39:59.157Z,lsm6dso acceleration sensor,9.569923,3.8618474,6.620267,3
712771923383542,2024-03-21T19:39:59.166Z,lsm6dso acceleration sensor,4.285621,3.7660792,7.889194,3
712771933383708,2024-03-21T19:39:59.177Z,lsm6dso acceleration sensor,2.645593,3.6607344,8.662521,3
712771943383708,2024-03-21T19:39:59.187Z,lsm6dso acceleration sensor,0.81402856,3.4715924,9.081507,3
712771953383474,2024-03-21T19:39:59.197Z,lsm6dso acceleration sensor,1.5753847,3.608062,9.270648,3
712771963383474,2024-03-21T19:39:59.206Z,lsm6dso acceleration sensor,5.2268414,4.074931,9.383176,3
712771973383474,2024-03-21T19:39:59.217Z,lsm6dso acceleration sensor,8.190864,4.4675803,8.8205385,3
712771983383474,2024-03-21T19:39:59.227Z,lsm6dso acceleration sensor,13.608942,4.4675803,6.574777,3
712771993383474,2024-03-21T19:39:59.236Z,lsm6dso acceleration sensor,14.667179,3.8163576,5.9379196,3
712772003383474,2024-03-21T19:39:59.247Z,lsm6dso acceleration sensor,12.770971,1.8626889,4.8386817,3
712772013383474,2024-03-21T19:39:59.257Z,lsm6dso acceleration sensor,11.174039,1.0845734,5.269937,3
712772023383474,2024-03-21T19:39:59.266Z,lsm6dso acceleration sensor,8.432677,0.17477672,5.602731,3
712772033383474,2024-03-21T19:39:59.277Z,lsm6dso acceleration sensor,6.9003887,-0.023942016,5.1334677,3
712772043383474,2024-03-21T19:39:59.287Z,lsm6dso acceleration sensor,5.444714,0.11492168,4.6279917,3
712772053383240,2024-03-21T19:39:59.296Z,lsm6dso acceleration sensor,5.4111953,0.45729253,4.661511,3
712772063383240,2024-03-21T19:39:59.306Z,lsm6dso acceleration sensor,5.7248354,0.9935937,4.4580035,3
712772073383473,2024-03-21T19:39:59.317Z,lsm6dso acceleration sensor,5.585972,1.0630256,3.5482068,3
712772083383473,2024-03-21T19:39:59.327Z,lsm6dso acceleration sensor,5.222053,1.1444284,1.8626889,3
712772093383473,2024-03-21T19:39:59.336Z,lsm6dso acceleration sensor,5.243601,1.2282255,1.4077905,3
712772103383473,2024-03-21T19:39:59.347Z,lsm6dso acceleration sensor,5.317821,1.1683705,1.2808979,3
712772113383706,2024-03-21T19:39:59.356Z,lsm6dso acceleration sensor,5.2651486,1.0654198,1.412579,3
712772123383472,2024-03-21T19:39:59.366Z,lsm6dso acceleration sensor,5.2507834,0.90979666,1.6663644,3
712772133383472,2024-03-21T19:39:59.377Z,lsm6dso acceleration sensor,5.384859,0.80445176,1.9560628,3
712772143383472,2024-03-21T19:39:59.387Z,lsm6dso acceleration sensor,6.0552354,0.6440403,2.765303,3
712772153383472,2024-03-21T19:39:59.396Z,lsm6dso acceleration sensor,6.488586,0.5434838,3.1531637,3
712772163383472,2024-03-21T19:39:59.406Z,lsm6dso acceleration sensor,7.364864,0.2681506,3.9815574,3
712772173383472,2024-03-21T19:39:59.416Z,lsm6dso acceleration sensor,7.747936,0.17717093,4.369418,3
712772183383472,2024-03-21T19:39:59.427Z,lsm6dso acceleration sensor,8.063971,0.05267244,4.6686935,3
712772193383472,2024-03-21T19:39:59.437Z,lsm6dso acceleration sensor,8.0089035,0.07182605,4.6662993,3
712772203383472,2024-03-21T19:39:59.447Z,lsm6dso acceleration sensor,7.903559,0.24420857,4.510676,3
712772213383472,2024-03-21T19:39:59.457Z,lsm6dso acceleration sensor,7.891588,0.34476504,4.3957543,3
712772223383472,2024-03-21T19:39:59.467Z,lsm6dso acceleration sensor,8.109461,0.6991069,4.0653543,3
712772233383205,2024-03-21T19:39:59.477Z,lsm6dso acceleration sensor,8.353669,0.94810385,3.8953662,3
712772243383205,2024-03-21T19:39:59.486Z,lsm6dso acceleration sensor,8.988132,1.484405,3.8307228,3
712772253383205,2024-03-21T19:39:59.497Z,lsm6dso acceleration sensor,9.711182,1.8195933,3.9312792,3
712772263383205,2024-03-21T19:39:59.507Z,lsm6dso acceleration sensor,11.044752,2.743755,3.9624038,3
712772273383205,2024-03-21T19:39:59.517Z,lsm6dso acceleration sensor,11.011233,3.2632968,4.0414124,3
712772283383205,2024-03-21T19:39:59.526Z,lsm6dso acceleration sensor,10.671256,4.0557775,4.7285485,3
712772293383438,2024-03-21T19:39:59.537Z,lsm6dso acceleration sensor,11.11179,4.3718123,5.2866964,3
712772303383438,2024-03-21T19:39:59.547Z,lsm6dso acceleration sensor,12.77576,4.1826706,6.158186,3
712772313383438,2024-03-21T19:39:59.557Z,lsm6dso acceleration sensor,13.754988,3.7134068,6.7016697,3
712772323383671,2024-03-21T19:39:59.567Z,lsm6dso acceleration sensor,15.388133,2.2026656,7.5564,3
712772333383671,2024-03-21T19:39:59.577Z,lsm6dso acceleration sensor,16.106394,0.91937345,8.186075,3
712772343383671,2024-03-21T19:39:59.587Z,lsm6dso acceleration sensor,16.084846,-1.2952632,9.342474,3
712772353383671,2024-03-21T19:39:59.597Z,lsm6dso acceleration sensor,15.191809,-2.3439236,10.85561,3
712772363383671,2024-03-21T19:39:59.606Z,lsm6dso acceleration sensor,11.715128,-3.1531637,11.839626,3
712772373383437,2024-03-21T19:39:59.617Z,lsm6dso acceleration sensor,9.229947,-3.371036,11.238682,3
712772383383437,2024-03-21T19:39:59.626Z,lsm6dso acceleration sensor,6.6537857,-3.1747115,10.204387,3
712772393383437,2024-03-21T19:39:59.637Z,lsm6dso acceleration sensor,6.502951,-2.753332,9.833285,3
712772403383437,2024-03-21T19:39:59.647Z,lsm6dso acceleration sensor,6.5101337,-2.0087352,8.561965,3
712772413383203,2024-03-21T19:39:59.657Z,lsm6dso acceleration sensor,6.562806,-1.733402,8.415918,3
712772423383203,2024-03-21T19:39:59.667Z,lsm6dso acceleration sensor,6.778284,-1.4413095,8.221988,3
712772433383203,2024-03-21T19:39:59.677Z,lsm6dso acceleration sensor,6.6513915,-1.2545617,7.498939,3
712772443383203,2024-03-21T19:39:59.686Z,lsm6dso acceleration sensor,7.1015015,-0.8643068,6.3497224,3
712772453383203,2024-03-21T19:39:59.697Z,lsm6dso acceleration sensor,7.5540056,-0.35194764,6.136638,3
712772463383203,2024-03-21T19:39:59.707Z,lsm6dso acceleration sensor,6.9458785,0.6488287,5.123891,3
712772473383469,2024-03-21T19:39:59.716Z,lsm6dso acceleration sensor,6.390424,0.878672,4.6902413,3
712772483383469,2024-03-21T19:39:59.727Z,lsm6dso acceleration sensor,7.2930374,0.8523358,5.1765633,3
712772493383469,2024-03-21T19:39:59.737Z,lsm6dso acceleration sensor,7.606678,0.7469909,5.5692124,3
712772503383469,2024-03-21T19:39:59.746Z,lsm6dso acceleration sensor,7.3217683,0.5674258,6.0312934,3
712772513383469,2024-03-21T19:39:59.757Z,lsm6dso acceleration sensor,6.988974,0.49081135,6.2850785,3
712772523383469,2024-03-21T19:39:59.766Z,lsm6dso acceleration sensor,6.2946553,0.40701428,6.6154785,3
712772533383469,2024-03-21T19:39:59.777Z,lsm6dso acceleration sensor,5.940314,0.37828386,6.443096,3
712772543383469,2024-03-21T19:39:59.786Z,lsm6dso acceleration sensor,5.6194906,0.31364042,5.8756704,3
712772553383469,2024-03-21T19:39:59.796Z,lsm6dso acceleration sensor,5.5931544,0.2753332,5.4471083,3
712772563383469,2024-03-21T19:39:59.807Z,lsm6dso acceleration sensor,5.4351373,0.18674773,4.63278,3
712772573383702,2024-03-21T19:39:59.817Z,lsm6dso acceleration sensor,5.2412066,0.14604631,4.4460325,3
712772583383702,2024-03-21T19:39:59.826Z,lsm6dso acceleration sensor,4.426879,0.1412579,3.9121256,3
712772593383468,2024-03-21T19:39:59.837Z,lsm6dso acceleration sensor,4.0916905,0.2825158,3.383007,3
712772603383468,2024-03-21T19:39:59.847Z,lsm6dso acceleration sensor,3.8307228,0.32321724,2.8203697,3
712772613383468,2024-03-21T19:39:59.856Z,lsm6dso acceleration sensor,3.8977604,0.30406362,2.504335,3
712772623383501,2024-03-21T19:39:59.866Z,lsm6dso acceleration sensor,4.211401,0.16280572,1.9081788,3
712772633383501,2024-03-21T19:39:59.877Z,lsm6dso acceleration sensor,4.4580035,0.01436521,1.7046716,3
712772643383501,2024-03-21T19:39:59.887Z,lsm6dso acceleration sensor,5.138256,-0.11492168,1.6208745,3
712772653383734,2024-03-21T19:39:59.896Z,lsm6dso acceleration sensor,5.5931544,-0.15801731,1.769315,3
712772663383734,2024-03-21T19:39:59.907Z,lsm6dso acceleration sensor,6.172551,-0.21308395,2.2266076,3
712772673383734,2024-03-21T19:39:59.917Z,lsm6dso acceleration sensor,6.3257804,-0.22744916,2.5091233,3
712772683383734,2024-03-21T19:39:59.927Z,lsm6dso acceleration sensor,6.65618,-0.16759412,2.9951463,3
712772693383734,2024-03-21T19:39:59.937Z,lsm6dso acceleration sensor,6.8740525,-0.1316811,3.217807,3
712772703383734,2024-03-21T19:39:59.947Z,lsm6dso acceleration sensor,7.427113,-0.11252748,3.6583402,3
712772713383734,2024-03-21T19:39:59.956Z,lsm6dso acceleration sensor,7.913136,-0.095768064,3.8977604,3
712772723383734,2024-03-21T19:39:59.966Z,lsm6dso acceleration sensor,8.877999,-0.09816227,4.132392,3
712772733383734,2024-03-21T19:39:59.977Z,lsm6dso acceleration sensor,9.306561,-0.1316811,4.280833,3
712772743383734,2024-03-21T19:39:59.986Z,lsm6dso acceleration sensor,10.2139635,-0.32321724,5.0448823,3
712772753383734,2024-03-21T19:39:59.996Z,lsm6dso acceleration sensor,10.592248,-0.46926352,5.384859,3
712772763383734,2024-03-21T19:40:00.006Z,lsm6dso acceleration sensor,11.087848,-0.7374141,5.4758387,3
712772773383467,2024-03-21T19:40:00.017Z,lsm6dso acceleration sensor,11.446978,-0.94331545,5.4135895,3
712772783383467,2024-03-21T19:40:00.026Z,lsm6dso acceleration sensor,12.261006,-1.4269443,5.75596,3
712772793383467,2024-03-21T19:40:00.037Z,lsm6dso acceleration sensor,12.672809,-1.6519991,6.088754,3
712772803383467,2024-03-21T19:40:00.047Z,lsm6dso acceleration sensor,13.228264,-1.9393034,6.277896,3
712772813383467,2024-03-21T19:40:00.056Z,lsm6dso acceleration sensor,13.867516,-1.9560628,6.184522,3
712772823383700,2024-03-21T19:40:00.066Z,lsm6dso acceleration sensor,14.947599,-1.9847932,6.1510034,3
712772833383700,2024-03-21T19:40:00.076Z,lsm6dso acceleration sensor,15.084069,-2.0326772,6.076783,3
712772843383700,2024-03-21T19:40:00.086Z,lsm6dso acceleration sensor,14.540286,-1.8650831,6.751948,3
712772853383700,2024-03-21T19:40:00.096Z,lsm6dso acceleration sensor,13.628096,-1.6567876,6.9219365,3
712772863383700,2024-03-21T19:40:00.106Z,lsm6dso acceleration sensor,12.047922,-1.2234371,7.036858,3
712772873383466,2024-03-21T19:40:00.117Z,lsm6dso acceleration sensor,11.427824,-0.78769237,7.2978263,3
712772883383466,2024-03-21T19:40:00.127Z,lsm6dso acceleration sensor,9.92666,0.5434838,8.042423,3
712772893383466,2024-03-21T19:40:00.137Z,lsm6dso acceleration sensor,8.36564,1.1061212,8.265083,3
712772903383466,2024-03-21T19:40:00.146Z,lsm6dso acceleration sensor,5.0257287,1.8435353,8.5476,3
712772913383466,2024-03-21T19:40:00.156Z,lsm6dso acceleration sensor,3.881001,2.2744915,8.490138,3
712772923383199,2024-03-21T19:40:00.166Z,lsm6dso acceleration sensor,3.7684734,3.4332852,9.004891,3
712772933383199,2024-03-21T19:40:00.177Z,lsm6dso acceleration sensor,4.357447,4.297592,8.899547,3
712772943383199,2024-03-21T19:40:00.187Z,lsm6dso acceleration sensor,5.332186,5.0855837,8.954614,3
712772953382965,2024-03-21T19:40:00.196Z,lsm6dso acceleration sensor,6.2012815,5.4231663,7.9322896,3
712772963382965,2024-03-21T19:40:00.206Z,lsm6dso acceleration sensor,7.261913,4.9419317,6.136638,3
712772973382965,2024-03-21T19:40:00.216Z,lsm6dso acceleration sensor,7.867646,3.964798,5.897218,3
712772983382965,2024-03-21T19:40:00.227Z,lsm6dso acceleration sensor,7.9658084,1.9393034,5.3537345,3
712772993382965,2024-03-21T19:40:00.236Z,lsm6dso acceleration sensor,7.747936,0.7326257,5.30585,3
712773003382965,2024-03-21T19:40:00.246Z,lsm6dso acceleration sensor,7.288249,-0.7661445,5.1430445,3
712773013382965,2024-03-21T19:40:00.257Z,lsm6dso acceleration sensor,6.974609,-1.2569559,4.8578353,3
712773023382965,2024-03-21T19:40:00.266Z,lsm6dso acceleration sensor,6.431125,-1.6496049,3.9671922,3
712773033382965,2024-03-21T19:40:00.276Z,lsm6dso acceleration sensor,6.366482,-1.6160861,3.7541082,3
712773043382965,2024-03-21T19:40:00.286Z,lsm6dso acceleration sensor,6.5412583,-1.0319009,3.5649664,3
712773053382965,2024-03-21T19:40:00.297Z,lsm6dso acceleration sensor,6.6777277,-0.46208093,3.478775,3
712773063382965,2024-03-21T19:40:00.306Z,lsm6dso acceleration sensor,5.844546,0.6751649,3.8953662,3
712773073383031,2024-03-21T19:40:00.317Z,lsm6dso acceleration sensor,5.234024,1.1563994,3.4045548,3
712773083383031,2024-03-21T19:40:00.326Z,lsm6dso acceleration sensor,4.6279917,1.5586253,3.1771057,3
712773093383031,2024-03-21T19:40:00.337Z,lsm6dso acceleration sensor,4.4939165,1.6112977,3.1028855,3
712773103383031,2024-03-21T19:40:00.347Z,lsm6dso acceleration sensor,4.2999864,1.4652514,2.777274,3
712773113383031,2024-03-21T19:40:00.357Z,lsm6dso acceleration sensor,4.1946416,1.3239936,2.5929205,3
712773123382797,2024-03-21T19:40:00.367Z,lsm6dso acceleration sensor,4.2784386,0.9528923,2.2768857,3
712773133382797,2024-03-21T19:40:00.376Z,lsm6dso acceleration sensor,4.501099,0.7086837,2.0685902,3
712773143382797,2024-03-21T19:40:00.387Z,lsm6dso acceleration sensor,5.234024,0.35913026,1.8171991,3
712773153382797,2024-03-21T19:40:00.396Z,lsm6dso acceleration sensor,5.7846904,0.17717093,1.8650831,3
712773163382797,2024-03-21T19:40:00.407Z,lsm6dso acceleration sensor,6.7375827,-0.016759412,2.2218192,3
712773173382797,2024-03-21T19:40:00.416Z,lsm6dso acceleration sensor,7.216423,-0.107739076,2.396596,3
712773183382797,2024-03-21T19:40:00.427Z,lsm6dso acceleration sensor,8.15495,-0.15562311,3.0430303,3
712773193382797,2024-03-21T19:40:00.436Z,lsm6dso acceleration sensor,8.743924,-0.1412579,3.4117374,3
712773203382797,2024-03-21T19:40:00.446Z,lsm6dso acceleration sensor,9.59626,-0.007182605,3.8881836,3
712773213382797,2024-03-21T19:40:00.457Z,lsm6dso acceleration sensor,9.92666,0.062249243,4.1012673,3
712773223382797,2024-03-21T19:40:00.466Z,lsm6dso acceleration sensor,10.527604,0.21308395,4.7405195,3
712773233382797,2024-03-21T19:40:00.477Z,lsm6dso acceleration sensor,10.757447,0.2873042,5.1310735,3
712773243382797,2024-03-21T19:40:00.487Z,lsm6dso acceleration sensor,11.135732,0.49320555,5.7607484,3
712773253382797,2024-03-21T19:40:00.497Z,lsm6dso acceleration sensor,11.150097,0.7350199,5.945102,3
712773263382797,2024-03-21T19:40:00.506Z,lsm6dso acceleration sensor,10.95856,1.460463,6.265925,3
712773273382797,2024-03-21T19:40:00.517Z,lsm6dso acceleration sensor,10.798149,1.8794483,6.4095774,3
712773283382797,2024-03-21T19:40:00.527Z,lsm6dso acceleration sensor,10.721535,2.4756045,6.6059017,3
712773293382797,2024-03-21T19:40:00.537Z,lsm6dso acceleration sensor,10.83885,2.8419175,6.6298437,3
712773303382797,2024-03-21T19:40:00.547Z,lsm6dso acceleration sensor,11.616966,3.1507695,6.560412,3
712773313383730,2024-03-21T19:40:00.556Z,lsm6dso acceleration sensor,12.311284,3.1411927,6.41676,3
712773323383963,2024-03-21T19:40:00.566Z,lsm6dso acceleration sensor,13.154043,2.6240451,6.0432644,3
712773333383963,2024-03-21T19:40:00.576Z,lsm6dso acceleration sensor,13.434165,2.1068976,6.1533976,3
712773343383963,2024-03-21T19:40:00.587Z,lsm6dso acceleration sensor,13.268965,1.0295067,6.4502788,3
712773353383963,2024-03-21T19:40:00.597Z,lsm6dso acceleration sensor,12.7135105,0.31603462,6.790255,3
712773363383963,2024-03-21T19:40:00.607Z,lsm6dso acceleration sensor,11.276989,-0.7278373,7.525275,3
712773373383896,2024-03-21T19:40:00.617Z,lsm6dso acceleration sensor,10.520422,-1.1300632,7.7192054,3
712773383383896,2024-03-21T19:40:00.627Z,lsm6dso acceleration sensor,8.69604,-1.7741034,7.63062,3
712773393383896,2024-03-21T19:40:00.636Z,lsm6dso acceleration sensor,7.747936,-2.0231004,7.570765,3
712773403383896,2024-03-21T19:40:00.646Z,lsm6dso acceleration sensor,5.7846904,-2.2744915,8.372823,3
712773413383896,2024-03-21T19:40:00.656Z,lsm6dso acceleration sensor,4.673482,-2.540248,8.415918,3
712773423383896,2024-03-21T19:40:00.667Z,lsm6dso acceleration sensor,4.9754505,-3.2872388,7.5180926,3
712773433383896,2024-03-21T19:40:00.676Z,lsm6dso acceleration sensor,6.335357,-3.5984852,6.9722147,3
712773443383896,2024-03-21T19:40:00.687Z,lsm6dso acceleration sensor,9.189245,-3.9001546,6.61069,3
712773453383896,2024-03-21T19:40:00.696Z,lsm6dso acceleration sensor,10.664074,-3.928885,6.692093,3
712773463383896,2024-03-21T19:40:00.706Z,lsm6dso acceleration sensor,11.75583,-3.490746,7.0751653,3
712773473383896,2024-03-21T19:40:00.716Z,lsm6dso acceleration sensor,11.595418,-3.1148565,7.376835,3
712773483383896,2024-03-21T19:40:00.726Z,lsm6dso acceleration sensor,10.563518,-1.9536686,7.5276694,3
712773493383896,2024-03-21T19:40:00.736Z,lsm6dso acceleration sensor,9.766248,-1.3862427,7.700052,3
712773503383896,2024-03-21T19:40:00.747Z,lsm6dso acceleration sensor,8.78702,-0.62967503,8.152556,3
712773513383896,2024-03-21T19:40:00.756Z,lsm6dso acceleration sensor,8.490138,-0.25857377,8.236353,3
712773523383896,2024-03-21T19:40:00.767Z,lsm6dso acceleration sensor,8.08073,-0.016759412,7.604284,3
712773533383896,2024-03-21T19:40:00.777Z,lsm6dso acceleration sensor,7.879617,-0.12928689,6.8501105,3
712773543383896,2024-03-21T19:40:00.786Z,lsm6dso acceleration sensor,7.3121915,-0.35673606,4.980239,3
712773553383896,2024-03-21T19:40:00.797Z,lsm6dso acceleration sensor,7.1469913,-0.49559975,4.173094,3
712773563383896,2024-03-21T19:40:00.806Z,lsm6dso acceleration sensor,6.8381395,-0.5291186,3.347094,3
712773573384129,2024-03-21T19:40:00.816Z,lsm6dso acceleration sensor,6.6609683,-0.49559975,3.074155,3
712773583384129,2024-03-21T19:40:00.827Z,lsm6dso acceleration sensor,5.686528,-0.37349546,2.2601264,3
712773593384362,2024-03-21T19:40:00.837Z,lsm6dso acceleration sensor,5.23163,-0.19632454,1.982399,3
712773603384362,2024-03-21T19:40:00.846Z,lsm6dso acceleration sensor,4.642357,0.011971008,1.9991584,3
712773613383428,2024-03-21T19:40:00.856Z,lsm6dso acceleration sensor,4.3239284,0.088585466,1.9273324,3
712773623383194,2024-03-21T19:40:00.867Z,lsm6dso acceleration sensor,3.8642416,-0.04309563,1.733402,3
712773633383194,2024-03-21T19:40:00.876Z,lsm6dso acceleration sensor,3.7301662,-0.16998832,1.6879122,3
712773643383194,2024-03-21T19:40:00.887Z,lsm6dso acceleration sensor,3.8474822,-0.40940848,1.6160861,3
712773653383194,2024-03-21T19:40:00.897Z,lsm6dso acceleration sensor,3.9815574,-0.5315128,1.541866,3
712773663383194,2024-03-21T19:40:00.907Z,lsm6dso acceleration sensor,4.2904096,-0.61291564,1.4508862,3
712773673383194,2024-03-21T19:40:00.916Z,lsm6dso acceleration sensor,4.453215,-0.6512229,1.5035586,3
712773683383194,2024-03-21T19:40:00.927Z,lsm6dso acceleration sensor,4.8099513,-0.59855044,1.6112977,3
712773693383194,2024-03-21T19:40:00.937Z,lsm6dso acceleration sensor,5.0089693,-0.545878,1.5873557,3
712773703383194,2024-03-21T19:40:00.947Z,lsm6dso acceleration sensor,5.638644,-0.3854665,1.8698715,3
712773713383194,2024-03-21T19:40:00.957Z,lsm6dso acceleration sensor,6.052841,-0.25857377,2.0685902,3
712773723383194,2024-03-21T19:40:00.967Z,lsm6dso acceleration sensor,6.754342,-0.06703765,2.396596,3
712773733383194,2024-03-21T19:40:00.976Z,lsm6dso acceleration sensor,7.1876926,0.01436521,2.6527755,3
712773743383194,2024-03-21T19:40:00.986Z,lsm6dso acceleration sensor,7.958626,0.05746084,3.3494883,3
712773753383194,2024-03-21T19:40:00.996Z,lsm6dso acceleration sensor,8.432677,0.04070143,3.8426938,3
712773763383194,2024-03-21T19:40:01.007Z,lsm6dso acceleration sensor,9.352051,0.016759412,4.781221,3
712773773383194,2024-03-21T19:40:01.017Z,lsm6dso acceleration sensor,9.991303,-0.035913024,5.334581,3
712773783383194,2024-03-21T19:40:01.027Z,lsm6dso acceleration sensor,11.176433,-0.25378537,6.170157,3
712773793383194,2024-03-21T19:40:01.037Z,lsm6dso acceleration sensor,11.583447,-0.545878,6.440702,3
712773803383194,2024-03-21T19:40:01.046Z,lsm6dso acceleration sensor,11.763012,-1.3694834,6.4239426,3
712773813383194,2024-03-21T19:40:01.057Z,lsm6dso acceleration sensor,12.009615,-1.8914193,6.2874727,3
712773823383427,2024-03-21T19:40:01.067Z,lsm6dso acceleration sensor,12.464514,-2.8898015,5.84694,3
712773833383427,2024-03-21T19:40:01.077Z,lsm6dso acceleration sensor,12.749423,-3.3877954,5.5093575,3
712773843383427,2024-03-21T19:40:01.086Z,lsm6dso acceleration sensor,13.647249,-3.8953662,5.0448823,3
712773853383427,2024-03-21T19:40:01.096Z,lsm6dso acceleration sensor,13.963284,-3.8522706,4.9060187,3
712773863383427,2024-03-21T19:40:01.106Z,lsm6dso acceleration sensor,14.238617,-3.3518825,4.8506527,3
712773873383193,2024-03-21T19:40:01.116Z,lsm6dso acceleration sensor,14.46846,-2.8203697,5.1693807,3
712773883383193,2024-03-21T19:40:01.126Z,lsm6dso acceleration sensor,14.430153,-1.8124107,6.3640876,3
712773893382959,2024-03-21T19:40:01.137Z,lsm6dso acceleration sensor,14.22904,-1.2785037,7.1254435,3
712773903382959,2024-03-21T19:40:01.147Z,lsm6dso acceleration sensor,13.393463,-0.49081135,7.1278377,3
712773913382959,2024-03-21T19:40:01.157Z,lsm6dso acceleration sensor,12.404658,-0.09816227,7.460632,3
712773923382959,2024-03-21T19:40:01.167Z,lsm6dso acceleration sensor,11.14052,1.079785,8.6697035,3
712773933382959,2024-03-21T19:40:01.176Z,lsm6dso acceleration sensor,10.386346,1.6543933,8.882788,3
712773943382959,2024-03-21T19:40:01.186Z,lsm6dso acceleration sensor,8.133403,2.5953147,8.818144,3
712773953382959,2024-03-21T19:40:01.196Z,lsm6dso acceleration sensor,6.512528,3.0597897,8.578724,3
712773963382959,2024-03-21T19:40:01.206Z,lsm6dso acceleration sensor,4.7261543,4.156334,8.569147,3
712773973382959,2024-03-21T19:40:01.217Z,lsm6dso acceleration sensor,4.51307,4.747702,8.791808,3
712773983382959,2024-03-21T19:40:01.227Z,lsm6dso acceleration sensor,4.7141833,5.382465,8.825327,3
712773993382959,2024-03-21T19:40:01.236Z,lsm6dso acceleration sensor,4.747702,5.466262,8.494926,3
712774003382959,2024-03-21T19:40:01.247Z,lsm6dso acceleration sensor,5.4016185,5.3776765,6.0911484,3
712774013382959,2024-03-21T19:40:01.256Z,lsm6dso acceleration sensor,5.92116,4.876989,5.123891,3
712774023382959,2024-03-21T19:40:01.266Z,lsm6dso acceleration sensor,7.206846,3.4380736,4.891354,3
712774033382959,2024-03-21T19:40:01.277Z,lsm6dso acceleration sensor,7.4797854,2.420538,4.3526587,3
712774043382959,2024-03-21T19:40:01.287Z,lsm6dso acceleration sensor,7.4199305,0.7182605,3.655946,3
712774053382959,2024-03-21T19:40:01.297Z,lsm6dso acceleration sensor,7.3504987,-0.110133275,3.928885,3
712774063382959,2024-03-21T19:40:01.307Z,lsm6dso acceleration sensor,7.082348,-1.0007763,4.596867,3
712774073383192,2024-03-21T19:40:01.316Z,lsm6dso acceleration sensor,6.917148,-1.1875241,4.63278,3
712774083383192,2024-03-21T19:40:01.327Z,lsm6dso acceleration sensor,6.878841,-1.0175357,4.510676,3
712774093383192,2024-03-21T19:40:01.336Z,lsm6dso acceleration sensor,6.7926493,-0.6895301,4.5298295,3
712774103383192,2024-03-21T19:40:01.347Z,lsm6dso acceleration sensor,6.3377514,0.17477672,4.84347,3
712774113383192,2024-03-21T19:40:01.356Z,lsm6dso acceleration sensor,5.952285,0.641646,4.817134,3
712774123382958,2024-03-21T19:40:01.366Z,lsm6dso acceleration sensor,5.195717,1.4221559,3.8187518,3
712774133382958,2024-03-21T19:40:01.376Z,lsm6dso acceleration sensor,4.934749,1.6567876,3.311181,3
712774143382958,2024-03-21T19:40:01.386Z,lsm6dso acceleration sensor,4.6806645,1.7884687,2.6886885,3
712774153382958,2024-03-21T19:40:01.396Z,lsm6dso acceleration sensor,4.584896,1.70946,2.4349031,3
712774163382958,2024-03-21T19:40:01.407Z,lsm6dso acceleration sensor,4.4125137,1.4748282,1.9847932,3
712774173382958,2024-03-21T19:40:01.416Z,lsm6dso acceleration sensor,4.3382936,1.292869,1.8124107,3
712774183382958,2024-03-21T19:40:01.426Z,lsm6dso acceleration sensor,4.3742065,0.9624691,1.7142484,3
712774193382958,2024-03-21T19:40:01.437Z,lsm6dso acceleration sensor,4.5418005,0.81642276,1.7046716,3
712774203382958,2024-03-21T19:40:01.446Z,lsm6dso acceleration sensor,5.0209403,0.6775591,1.721431,3
712774213382958,2024-03-21T19:40:01.457Z,lsm6dso acceleration sensor,5.4518967,0.6368576,1.8219875,3
712774223382958,2024-03-21T19:40:01.467Z,lsm6dso acceleration sensor,6.3497224,0.5722142,2.3391352,3
712774233382958,2024-03-21T19:40:01.476Z,lsm6dso acceleration sensor,6.9003887,0.5243302,2.7006595,3
712774243382958,2024-03-21T19:40:01.486Z,lsm6dso acceleration sensor,7.791032,0.4381389,3.1866825,3
712774253382958,2024-03-21T19:40:01.496Z,lsm6dso acceleration sensor,8.26269,0.37828386,3.4476504,3
712774263382958,2024-03-21T19:40:01.506Z,lsm6dso acceleration sensor,8.813355,0.2801216,3.916914,3
712774273382958,2024-03-21T19:40:01.517Z,lsm6dso acceleration sensor,8.968979,0.25617957,4.1036615,3
712774283382958,2024-03-21T19:40:01.526Z,lsm6dso acceleration sensor,9.26586,0.16998832,4.4580035,3
712774293382958,2024-03-21T19:40:01.536Z,lsm6dso acceleration sensor,9.531616,0.1604115,4.55856,3
712774303382958,2024-03-21T19:40:01.547Z,lsm6dso acceleration sensor,10.12059,0.23463176,4.5992613,3
712774313382958,2024-03-21T19:40:01.556Z,lsm6dso acceleration sensor,10.443807,0.39025488,4.759673,3
712774323383191,2024-03-21T19:40:01.566Z,lsm6dso acceleration sensor,10.805331,0.8714894,5.054459,3
712774333383191,2024-03-21T19:40:01.577Z,lsm6dso acceleration sensor,10.886734,1.2449849,5.3106384,3
712774343383191,2024-03-21T19:40:01.586Z,lsm6dso acceleration sensor,10.822091,1.9033904,6.004957,3
712774353383191,2024-03-21T19:40:01.597Z,lsm6dso acceleration sensor,10.541969,2.3056161,6.5340757,3
712774363383191,2024-03-21T19:40:01.606Z,lsm6dso acceleration sensor,10.376769,2.908955,7.0608,3
712774373382957,2024-03-21T19:40:01.617Z,lsm6dso acceleration sensor,10.812514,3.040636,7.118261,3
712774383382957,2024-03-21T19:40:01.626Z,lsm6dso acceleration sensor,12.241853,2.9520507,6.7447653,3
712774393382957,2024-03-21T19:40:01.637Z,lsm6dso acceleration sensor,12.962507,2.6431987,6.4454904,3
712774403382957,2024-03-21T19:40:01.647Z,lsm6dso acceleration sensor,13.781324,1.9512744,5.928343,3
712774413382957,2024-03-21T19:40:01.657Z,lsm6dso acceleration sensor,13.929765,1.4987702,5.746383,3
712774423382957,2024-03-21T19:40:01.666Z,lsm6dso acceleration sensor,13.520356,0.7445967,5.803844,3
712774433382957,2024-03-21T19:40:01.677Z,lsm6dso acceleration sensor,13.012786,0.4429273,6.064812,3
712774443382957,2024-03-21T19:40:01.686Z,lsm6dso acceleration sensor,12.277765,-0.074220255,6.98658,3
712774453382957,2024-03-21T19:40:01.696Z,lsm6dso acceleration sensor,11.813291,-0.16759412,7.340922,3
712774463382957,2024-03-21T19:40:01.706Z,lsm6dso acceleration sensor,10.5323925,-0.31124622,7.838916,3
712774473382957,2024-03-21T19:40:01.717Z,lsm6dso acceleration sensor,9.931448,-0.37110126,7.8484926,3
712774483382957,2024-03-21T19:40:01.726Z,lsm6dso acceleration sensor,8.521263,-0.6775591,8.6218195,3
712774493382957,2024-03-21T19:40:01.736Z,lsm6dso acceleration sensor,7.472603,-0.92655605,8.674492,3
712774503382957,2024-03-21T19:40:01.747Z,lsm6dso acceleration sensor,5.9355254,-1.5394717,8.107066,3
712774513383190,2024-03-21T19:40:01.756Z,lsm6dso acceleration sensor,5.662586,-2.0949266,7.6114664,3
712774523383190,2024-03-21T19:40:01.767Z,lsm6dso acceleration sensor,6.8836293,-3.1028855,7.5875244,3
712774533383190,2024-03-21T19:40:01.776Z,lsm6dso acceleration sensor,7.867646,-3.751714,7.4103537,3
712774543383190,2024-03-21T19:40:01.787Z,lsm6dso acceleration sensor,9.545981,-4.2904096,7.130232,3
712774553383190,2024-03-21T19:40:01.797Z,lsm6dso acceleration sensor,10.055946,-4.175488,7.070377,3
712774563383190,2024-03-21T19:40:01.807Z,lsm6dso acceleration sensor,10.144532,-3.3542767,7.1709332,3
712774573383423,2024-03-21T19:40:01.817Z,lsm6dso acceleration sensor,9.921871,-2.566584,7.2475476,3
712774583383423,2024-03-21T19:40:01.826Z,lsm6dso acceleration sensor,9.404723,-1.0702082,7.546823,3
712774593383423,2024-03-21T19:40:01.837Z,lsm6dso acceleration sensor,9.062353,-0.34476504,7.5635824,3
712774603383423,2024-03-21T19:40:01.847Z,lsm6dso acceleration sensor,8.107066,0.49799395,7.118261,3
712774613383423,2024-03-21T19:40:01.857Z,lsm6dso acceleration sensor,7.5420346,0.89303726,6.6035075,3
712774623383189,2024-03-21T19:40:01.866Z,lsm6dso acceleration sensor,6.596325,1.1707647,5.8086324,3
712774633383189,2024-03-21T19:40:01.876Z,lsm6dso acceleration sensor,6.2467713,1.2425907,5.3896475,3
712774643383189,2024-03-21T19:40:01.887Z,lsm6dso acceleration sensor,5.753566,1.0606314,4.39336,3
712774653383189,2024-03-21T19:40:01.896Z,lsm6dso acceleration sensor,5.5428762,1.0726024,3.727772,3
712774663383189,2024-03-21T19:40:01.906Z,lsm6dso acceleration sensor,5.2771196,0.9672575,2.8491,3
712774673383189,2024-03-21T19:40:01.917Z,lsm6dso acceleration sensor,5.1813517,0.85473,2.4277205,3
712774683383189,2024-03-21T19:40:01.926Z,lsm6dso acceleration sensor,4.831499,0.61530983,1.910573,3
712774693383322,2024-03-21T19:40:01.936Z,lsm6dso acceleration sensor,4.656722,0.4381389,1.8195933,3
712774703383322,2024-03-21T19:40:01.947Z,lsm6dso acceleration sensor,4.271256,0.074220255,1.7980455,3
712774713383322,2024-03-21T19:40:01.957Z,lsm6dso acceleration sensor,4.096479,-0.15801731,1.8626889,3
712774723383322,2024-03-21T19:40:01.966Z,lsm6dso acceleration sensor,3.9959226,-0.5291186,2.1930888,3
712774733383322,2024-03-21T19:40:01.976Z,lsm6dso acceleration sensor,4.072537,-0.7254431,2.3080103,3
712774743383322,2024-03-21T19:40:01.986Z,lsm6dso acceleration sensor,4.283227,-0.89064306,2.303222,3
712774753383322,2024-03-21T19:40:01.997Z,lsm6dso acceleration sensor,4.462792,-0.8738836,2.2697031,3
712774763383322,2024-03-21T19:40:02.006Z,lsm6dso acceleration sensor,5.0568533,-0.6631939,2.2290018,3
712774773383322,2024-03-21T19:40:02.017Z,lsm6dso acceleration sensor,5.39683,-0.46926352,2.2864625,3
712774783383322,2024-03-21T19:40:02.027Z,lsm6dso acceleration sensor,5.988198,-0.1436521,2.432509,3
712774793383322,2024-03-21T19:40:02.036Z,lsm6dso acceleration sensor,6.380847,0.01436521,2.5210943,3
712774803383322,2024-03-21T19:40:02.046Z,lsm6dso acceleration sensor,7.288249,0.20111294,2.7820623,3
712774813383088,2024-03-21T19:40:02.056Z,lsm6dso acceleration sensor,7.814974,0.272939,3.0573955,3
712774823383321,2024-03-21T19:40:02.067Z,lsm6dso acceleration sensor,8.652945,0.2896984,3.6152446,3
712774833383321,2024-03-21T19:40:02.077Z,lsm6dso acceleration sensor,8.803779,0.24899697,3.86903,3
712774843383321,2024-03-21T19:40:02.087Z,lsm6dso acceleration sensor,8.973767,0.12689269,4.55856,3
712774853383321,2024-03-21T19:40:02.097Z,lsm6dso acceleration sensor,9.43106,0.031124622,4.970662,3
712774863383321,2024-03-21T19:40:02.106Z,lsm6dso acceleration sensor,10.242694,-0.12928689,5.56203,3
712774873383087,2024-03-21T19:40:02.116Z,lsm6dso acceleration sensor,10.544364,-0.34237084,5.6649804,3
712774883383087,2024-03-21T19:40:02.126Z,lsm6dso acceleration sensor,11.346421,-0.8643068,5.770325,3
712774893383087,2024-03-21T19:40:02.137Z,lsm6dso acceleration sensor,11.801319,-1.2785037,5.782296,3
712774903383087,2024-03-21T19:40:02.147Z,lsm6dso acceleration sensor,12.526763,-2.195483,5.7248354,3
712774913383087,2024-03-21T19:40:02.157Z,lsm6dso acceleration sensor,13.003209,-2.669535,5.624279,3
712774923383087,2024-03-21T19:40:02.166Z,lsm6dso acceleration sensor,14.396634,-3.2345665,5.5237226,3
712774933383087,2024-03-21T19:40:02.177Z,lsm6dso acceleration sensor,15.026608,-3.2968156,5.5309052,3
712774943383087,2024-03-21T19:40:02.187Z,lsm6dso acceleration sensor,15.333066,-2.7485435,5.6170964,3
712774953383087,2024-03-21T19:40:02.197Z,lsm6dso acceleration sensor,15.1535015,-2.0398598,5.8110266,3
712774963383087,2024-03-21T19:40:02.206Z,lsm6dso acceleration sensor,14.609718,-0.36391866,6.6609683,3
712774973383087,2024-03-21T19:40:02.216Z,lsm6dso acceleration sensor,14.281713,0.4165911,7.261913,3
712774983383087,2024-03-21T19:40:02.226Z,lsm6dso acceleration sensor,13.115736,1.1324574,7.843704,3
712774993382953,2024-03-21T19:40:02.236Z,lsm6dso acceleration sensor,11.842021,1.2521675,7.7575126,3
712775003382953,2024-03-21T19:40:02.247Z,lsm6dso acceleration sensor,9.306561,1.5107412,7.807791,3
712775013383186,2024-03-21T19:40:02.256Z,lsm6dso acceleration sensor,8.229171,1.7310078,7.752724,3
712775023383186,2024-03-21T19:40:02.266Z,lsm6dso acceleration sensor,5.940314,2.3295584,7.355287,3
712775033383186,2024-03-21T19:40:02.277Z,lsm6dso acceleration sensor,4.8817773,2.597709,7.3504987,3
712775043383186,2024-03-21T19:40:02.286Z,lsm6dso acceleration sensor,4.048595,3.1986535,7.388806,3
712775053383186,2024-03-21T19:40:02.297Z,lsm6dso acceleration sensor,4.27365,3.7086184,7.4821796,3
712775063383186,2024-03-21T19:40:02.307Z,lsm6dso acceleration sensor,5.454291,4.675876,6.8477163,3
712775073383252,2024-03-21T19:40:02.316Z,lsm6dso acceleration sensor,6.143821,4.99221,6.608296,3
712775083383252,2024-03-21T19:40:02.326Z,lsm6dso acceleration sensor,6.902783,4.9179897,6.1557918,3
712775093383252,2024-03-21T19:40:02.337Z,lsm6dso acceleration sensor,7.415142,4.501099,5.945102,3
712775103383252,2024-03-21T19:40:02.346Z,lsm6dso acceleration sensor,8.660127,3.289633,5.5117517,3
712775113383252,2024-03-21T19:40:02.356Z,lsm6dso acceleration sensor,9.1629095,2.255338,5.0376997,3
712775123383018,2024-03-21T19:40:02.367Z,lsm6dso acceleration sensor,9.299378,0.25857377,5.2388124,3
712775133383018,2024-03-21T19:40:02.377Z,lsm6dso acceleration sensor,8.629003,-0.7278373,5.4495025,3
712775143383018,2024-03-21T19:40:02.387Z,lsm6dso acceleration sensor,7.5420346,-1.6089035,5.114314,3
712775153383018,2024-03-21T19:40:02.396Z,lsm6dso acceleration sensor,7.1637506,-1.8291701,4.759673,3
712775163383018,2024-03-21T19:40:02.406Z,lsm6dso acceleration sensor,6.9195423,-1.6424223,4.0653543,3
712775173383018,2024-03-21T19:40:02.416Z,lsm6dso acceleration sensor,6.7854667,-1.352724,3.8666358,3
712775183383018,2024-03-21T19:40:02.427Z,lsm6dso acceleration sensor,6.402395,-0.46926352,3.655946,3
712775193383018,2024-03-21T19:40:02.437Z,lsm6dso acceleration sensor,6.148609,-0.035913024,3.6463692,3
712775203383018,2024-03-21T19:40:02.447Z,lsm6dso acceleration sensor,5.576395,0.59615624,3.4261026,3
712775213383018,2024-03-21T19:40:02.457Z,lsm6dso acceleration sensor,5.1669865,1.0366893,2.954445,3
712775223383018,2024-03-21T19:40:02.466Z,lsm6dso acceleration sensor,4.582502,1.448492,1.3838485,3
712775233383018,2024-03-21T19:40:02.477Z,lsm6dso acceleration sensor,4.525041,1.3455414,1.2569559,3
712775243383018,2024-03-21T19:40:02.486Z,lsm6dso acceleration sensor,4.429273,0.9648633,1.364695,3
712775253383018,2024-03-21T19:40:02.497Z,lsm6dso acceleration sensor,4.417302,0.7086837,1.3359646,3
712775263383018,2024-03-21T19:40:02.506Z,lsm6dso acceleration sensor,4.5657425,0.24181437,1.3958195,3
712775273383018,2024-03-21T19:40:02.516Z,lsm6dso acceleration sensor,4.8338933,0.11252748,1.508347,3
712775283383018,2024-03-21T19:40:02.527Z,lsm6dso acceleration sensor,5.648221,0.007182605,1.7717092,3
712775293383018,2024-03-21T19:40:02.537Z,lsm6dso acceleration sensor,6.182128,0.05267244,2.0015526,3
712775303383018,2024-03-21T19:40:02.547Z,lsm6dso acceleration sensor,7.0560117,0.23223756,2.542642,3
712775313382784,2024-03-21T19:40:02.556Z,lsm6dso acceleration sensor,7.367258,0.38307226,2.8874073,3
712775323383017,2024-03-21T19:40:02.566Z,lsm6dso acceleration sensor,7.568371,0.6607997,3.4596214,3
712775333383017,2024-03-21T19:40:02.576Z,lsm6dso acceleration sensor,7.728782,0.7398083,3.655946,3
712775343383017,2024-03-21T19:40:02.586Z,lsm6dso acceleration sensor,8.260295,0.80205756,3.9240966,3
712775353383017,2024-03-21T19:40:02.597Z,lsm6dso acceleration sensor,8.490138,0.80684596,4.0821137,3
712775363383017,2024-03-21T19:40:02.607Z,lsm6dso acceleration sensor,9.031228,0.62488663,4.285621,3
712775373382950,2024-03-21T19:40:02.617Z,lsm6dso acceleration sensor,9.512463,0.62249243,4.283227,3
712775383382950,2024-03-21T19:40:02.626Z,lsm6dso acceleration sensor,10.573094,0.79966336,4.1946416,3
712775393382950,2024-03-21T19:40:02.637Z,lsm6dso acceleration sensor,10.968137,0.9935937,4.1611223,3
712775403382950,2024-03-21T19:40:02.646Z,lsm6dso acceleration sensor,11.305719,1.4173675,4.3981485,3
712775413382950,2024-03-21T19:40:02.656Z,lsm6dso acceleration sensor,11.236288,1.7357962,4.817134,3
712775423382950,2024-03-21T19:40:02.666Z,lsm6dso acceleration sensor,10.963348,2.2146366,5.662586,3
712775433382950,2024-03-21T19:40:02.676Z,lsm6dso acceleration sensor,10.987291,2.4277205,6.1414266,3
712775443382950,2024-03-21T19:40:02.687Z,lsm6dso acceleration sensor,11.59063,2.8107927,6.5580177,3
712775453382950,2024-03-21T19:40:02.696Z,lsm6dso acceleration sensor,12.064682,2.930503,6.646603,3
712775463382950,2024-03-21T19:40:02.707Z,lsm6dso acceleration sensor,12.905046,2.89459,6.6130843,3
712775473382950,2024-03-21T19:40:02.716Z,lsm6dso acceleration sensor,13.199533,2.6479871,6.5532293,3
712775483382950,2024-03-21T19:40:02.727Z,lsm6dso acceleration sensor,13.805266,1.8315643,6.2611365,3
712775493382950,2024-03-21T19:40:02.737Z,lsm6dso acceleration sensor,14.020744,1.3335704,6.004957,3
712775503382950,2024-03-21T19:40:02.747Z,lsm6dso acceleration sensor,13.628096,-0.04309563,6.407183,3
712775513382950,2024-03-21T19:40:02.757Z,lsm6dso acceleration sensor,13.000814,-0.7110779,6.680122,3
712775523382950,2024-03-21T19:40:02.766Z,lsm6dso acceleration sensor,11.983279,-1.0390835,6.728006,3
712775533382950,2024-03-21T19:40:02.777Z,lsm6dso acceleration sensor,11.174039,-0.9768343,6.8118033,3
712775543382950,2024-03-21T19:40:02.787Z,lsm6dso acceleration sensor,9.1150255,-0.91458505,7.4342957,3
712775553382950,2024-03-21T19:40:02.797Z,lsm6dso acceleration sensor,7.688081,-0.8762778,7.6713214,3
712775563382950,2024-03-21T19:40:02.806Z,lsm6dso acceleration sensor,5.3226094,-0.9744401,7.8221564,3
712775573383183,2024-03-21T19:40:02.816Z,lsm6dso acceleration sensor,4.3766007,-1.2617443,7.573159,3
712775583383183,2024-03-21T19:40:02.826Z,lsm6dso acceleration sensor,4.8578353,-2.111686,7.058406,3
712775593383183,2024-03-21T19:40:02.837Z,lsm6dso acceleration sensor,6.1533976,-2.755726,6.742371,3
712775603383183,2024-03-21T19:40:02.847Z,lsm6dso acceleration sensor,9.689633,-3.7445314,6.3281746,3
712775613383183,2024-03-21T19:40:02.857Z,lsm6dso acceleration sensor,11.224317,-4.084508,6.2850785,3
712775623382949,2024-03-21T19:40:02.867Z,lsm6dso acceleration sensor,12.13172,-4.010288,6.5340757,3
712775633382949,2024-03-21T19:40:02.877Z,lsm6dso acceleration sensor,11.753435,-3.5793316,6.7112465,3
712775643382949,2024-03-21T19:40:02.887Z,lsm6dso acceleration sensor,10.769419,-2.267309,7.0560117,3
712775653382949,2024-03-21T19:40:02.897Z,lsm6dso acceleration sensor,10.154109,-1.6089035,7.168539,3
712775663382949,2024-03-21T19:40:02.906Z,lsm6dso acceleration sensor,9.153333,-0.30406362,7.3504987,3
712775673382949,2024-03-21T19:40:02.916Z,lsm6dso acceleration sensor,8.633791,0.20590134,7.2571244,3
712775683382949,2024-03-21T19:40:02.926Z,lsm6dso acceleration sensor,7.4342957,0.62728083,6.632238,3
712775693382949,2024-03-21T19:40:02.937Z,lsm6dso acceleration sensor,6.86687,0.6727707,6.1055136,3
712775703382949,2024-03-21T19:40:02.946Z,lsm6dso acceleration sensor,6.301838,0.4189853,5.004181,3
712775713382949,2024-03-21T19:40:02.957Z,lsm6dso acceleration sensor,6.13185,0.22744916,4.225766,3
712775723382949,2024-03-21T19:40:02.966Z,lsm6dso acceleration sensor,5.8660936,-0.10534488,2.8634653,3
712775733382949,2024-03-21T19:40:02.976Z,lsm6dso acceleration sensor,5.858911,-0.18674773,2.4540567,3
712775743382949,2024-03-21T19:40:02.987Z,lsm6dso acceleration sensor,5.753566,-0.19871874,1.8315643,3
712775753382949,2024-03-21T19:40:02.996Z,lsm6dso acceleration sensor,5.566818,-0.20111294,1.2282255,3
712775763382949,2024-03-21T19:40:03.006Z,lsm6dso acceleration sensor,5.2172647,-0.2896984,0.81163436,3
712775773382949,2024-03-21T19:40:03.017Z,lsm6dso acceleration sensor,5.052065,-0.28491,0.92655605,3
712775783382949,2024-03-21T19:40:03.027Z,lsm6dso acceleration sensor,4.6902413,-0.1388637,1.5155296,3
712775793382949,2024-03-21T19:40:03.036Z,lsm6dso acceleration sensor,4.225766,-0.038307227,1.8531121,3
712775803382949,2024-03-21T19:40:03.047Z,lsm6dso acceleration sensor,3.6894648,0.21787235,2.2146366,3
712775813382949,2024-03-21T19:40:03.057Z,lsm6dso acceleration sensor,3.8402996,0.30885202,2.2984335,3
712775823383182,2024-03-21T19:40:03.067Z,lsm6dso acceleration sensor,4.4244847,0.41180268,2.2768857,3
712775833383182,2024-03-21T19:40:03.076Z,lsm6dso acceleration sensor,4.6375685,0.4285621,2.2122424,3
712775843383182,2024-03-21T19:40:03.087Z,lsm6dso acceleration sensor,5.0089693,0.39504328,2.2385786,3
712775853383182,2024-03-21T19:40:03.096Z,lsm6dso acceleration sensor,5.317821,0.37349546,2.3056161,3
712775863383182,2024-03-21T19:40:03.106Z,lsm6dso acceleration sensor,6.1797338,0.35434186,2.1883004,3
712775873382948,2024-03-21T19:40:03.116Z,lsm6dso acceleration sensor,6.7256117,0.24899697,2.1643584,3
712775883382948,2024-03-21T19:40:03.127Z,lsm6dso acceleration sensor,7.7886376,0.06703765,2.2481554,3
712775893382948,2024-03-21T19:40:03.137Z,lsm6dso acceleration sensor,8.353669,-0.09816227,2.4995465,3
712775903382948,2024-03-21T19:40:03.146Z,lsm6dso acceleration sensor,9.148544,-0.38307226,3.1723173,3
712775913382948,2024-03-21T19:40:03.156Z,lsm6dso acceleration sensor,9.4143,-0.48123455,3.5218706,3
712775923382948,2024-03-21T19:40:03.167Z,lsm6dso acceleration sensor,9.862016,-0.62009823,4.4101195,3
712775933382948,2024-03-21T19:40:03.176Z,lsm6dso acceleration sensor,10.151714,-0.6991069,4.865018,3
712775943382948,2024-03-21T19:40:03.187Z,lsm6dso acceleration sensor,10.762236,-0.90740246,5.1693807,3
712775953382948,2024-03-21T19:40:03.197Z,lsm6dso acceleration sensor,11.176433,-1.0941502,5.0807953,3
712775963382948,2024-03-21T19:40:03.206Z,lsm6dso acceleration sensor,11.75583,-1.5825673,4.7764325,3
712775973382948,2024-03-21T19:40:03.217Z,lsm6dso acceleration sensor,12.038345,-1.8866309,4.781221,3
712775983382948,2024-03-21T19:40:03.226Z,lsm6dso acceleration sensor,12.768577,-2.2146366,4.8362875,3
712775993382948,2024-03-21T19:40:03.237Z,lsm6dso acceleration sensor,13.28333,-2.2601264,4.7381253,3
712776003382948,2024-03-21T19:40:03.246Z,lsm6dso acceleration sensor,13.956101,-1.99437,4.584896,3
712776013382948,2024-03-21T19:40:03.257Z,lsm6dso acceleration sensor,14.142849,-1.5658079,4.6806645,3
712776023382948,2024-03-21T19:40:03.267Z,lsm6dso acceleration sensor,14.190733,-0.37349546,5.1095257,3
712776033382948,2024-03-21T19:40:03.277Z,lsm6dso acceleration sensor,14.071023,0.4189853,5.303456,3
712776043382948,2024-03-21T19:40:03.286Z,lsm6dso acceleration sensor,14.121301,1.6950948,5.940314,3
712776053382948,2024-03-21T19:40:03.297Z,lsm6dso acceleration sensor,14.037504,2.099715,6.4000006,3
712776063382948,2024-03-21T19:40:03.306Z,lsm6dso acceleration sensor,12.636896,2.042254,6.7471595,3
712776073383181,2024-03-21T19:40:03.316Z,lsm6dso acceleration sensor,11.466131,2.0087352,6.833351,3
712776083383181,2024-03-21T19:40:03.326Z,lsm6dso acceleration sensor,9.325715,2.3942018,7.0416465,3
712776093383181,2024-03-21T19:40:03.336Z,lsm6dso acceleration sensor,7.752724,2.5617957,6.94109,3
712776103383181,2024-03-21T19:40:03.347Z,lsm6dso acceleration sensor,5.2412066,2.7006595,6.926725,3
712776113383414,2024-03-21T19:40:03.357Z,lsm6dso acceleration sensor,4.2999864,2.717419,7.034464,3
712776123383180,2024-03-21T19:40:03.367Z,lsm6dso acceleration sensor,4.211401,3.0693667,7.7072344,3
712776133383180,2024-03-21T19:40:03.377Z,lsm6dso acceleration sensor,5.123891,3.5625722,7.8101854,3
712776143383180,2024-03-21T19:40:03.387Z,lsm6dso acceleration sensor,7.7862434,4.390966,7.178116,3
712776153383413,2024-03-21T19:40:03.396Z,lsm6dso acceleration sensor,8.772655,4.7141833,6.5939307,3
712776163383413,2024-03-21T19:40:03.406Z,lsm6dso acceleration sensor,9.404723,4.51307,6.1917048,3
712776173383413,2024-03-21T19:40:03.416Z,lsm6dso acceleration sensor,9.601048,3.9001546,6.6513915,3
712776183383413,2024-03-21T19:40:03.427Z,lsm6dso acceleration sensor,9.435848,2.384625,6.5532293,3
712776193383413,2024-03-21T19:40:03.437Z,lsm6dso acceleration sensor,9.112631,1.4341269,6.4359136,3
712776203383413,2024-03-21T19:40:03.447Z,lsm6dso acceleration sensor,8.590695,0.21308395,5.8493342,3
712776213383413,2024-03-21T19:40:03.456Z,lsm6dso acceleration sensor,8.26269,-0.3184288,5.4638677,3
712776223383413,2024-03-21T19:40:03.466Z,lsm6dso acceleration sensor,7.6114664,-0.8714894,4.546589,3
712776233383413,2024-03-21T19:40:03.476Z,lsm6dso acceleration sensor,7.252336,-0.91219085,3.9480386,3
712776243383413,2024-03-21T19:40:03.486Z,lsm6dso acceleration sensor,6.807015,-0.5554548,3.1411927,3
712776253383413,2024-03-21T19:40:03.497Z,lsm6dso acceleration sensor,6.596325,-0.28491,3.0358477,3
712776263383413,2024-03-21T19:40:03.507Z,lsm6dso acceleration sensor,6.038476,0.22505496,2.7126305,3
712776273383413,2024-03-21T19:40:03.516Z,lsm6dso acceleration sensor,5.576395,0.49320555,2.5115175,3
712776283383413,2024-03-21T19:40:03.526Z,lsm6dso acceleration sensor,4.3287168,1.2761095,1.496376,3
712776293383413,2024-03-21T19:40:03.536Z,lsm6dso acceleration sensor,4.024653,1.4460979,1.1659763,3
712776303383413,2024-03-21T19:40:03.546Z,lsm6dso acceleration sensor,3.8881836,1.3479356,1.2186487,3
712776313383413,2024-03-21T19:40:03.556Z,lsm6dso acceleration sensor,3.8833952,1.2186487,1.3072342,3
712776323383646,2024-03-21T19:40:03.567Z,lsm6dso acceleration sensor,3.9217024,0.94331545,1.4867992,3
712776333383646,2024-03-21T19:40:03.577Z,lsm6dso acceleration sensor,4.1826706,0.80205756,1.7501614,3
712776343383646,2024-03-21T19:40:03.587Z,lsm6dso acceleration sensor,5.0257287,0.80445176,2.2481554,3
712776353383646,2024-03-21T19:40:03.597Z,lsm6dso acceleration sensor,5.5452704,0.89543146,2.5378537,3
712776363383646,2024-03-21T19:40:03.606Z,lsm6dso acceleration sensor,6.3616934,1.1204864,3.0214825,3
712776373383412,2024-03-21T19:40:03.616Z,lsm6dso acceleration sensor,6.790255,1.2880806,3.3542767,3
712776383383412,2024-03-21T19:40:03.627Z,lsm6dso acceleration sensor,7.4773912,1.4939818,3.8786068,3
712776393383412,2024-03-21T19:40:03.636Z,lsm6dso acceleration sensor,7.8700404,1.5610195,4.0533834,3
712776403383412,2024-03-21T19:40:03.647Z,lsm6dso acceleration sensor,8.461408,1.472434,4.158728,3
712776413383178,2024-03-21T19:40:03.656Z,lsm6dso acceleration sensor,8.719982,1.3192052,4.2185836,3
712776423383178,2024-03-21T19:40:03.667Z,lsm6dso acceleration sensor,9.189245,0.9792285,4.256891,3
712776433383444,2024-03-21T19:40:03.677Z,lsm6dso acceleration sensor,9.507674,0.770933,4.144363,3
712776443383444,2024-03-21T19:40:03.687Z,lsm6dso acceleration sensor,10.230723,0.51235914,3.9695864,3
712776453383210,2024-03-21T19:40:03.697Z,lsm6dso acceleration sensor,10.577883,0.51475334,4.0222588,3
712776463383210,2024-03-21T19:40:03.706Z,lsm6dso acceleration sensor,10.680833,0.90261406,4.3239284,3
712776473383210,2024-03-21T19:40:03.717Z,lsm6dso acceleration sensor,10.597036,1.3000516,4.4819455,3
712776483383210,2024-03-21T19:40:03.726Z,lsm6dso acceleration sensor,10.865187,2.0135236,4.891354,3
712776493383210,2024-03-21T19:40:03.736Z,lsm6dso acceleration sensor,11.166856,2.5115175,5.126285,3
712776503383210,2024-03-21T19:40:03.746Z,lsm6dso acceleration sensor,11.355998,3.1986535,5.7631426,3
712776513383210,2024-03-21T19:40:03.757Z,lsm6dso acceleration sensor,11.176433,3.406949,6.196493,3
712776523383210,2024-03-21T19:40:03.767Z,lsm6dso acceleration sensor,11.142914,3.3973722,6.6059017,3
712776533383210,2024-03-21T19:40:03.777Z,lsm6dso acceleration sensor,11.59063,3.2273839,6.560412,3
712776543383210,2024-03-21T19:40:03.786Z,lsm6dso acceleration sensor,12.524368,2.3511062,6.407183,3
712776553383210,2024-03-21T19:40:03.796Z,lsm6dso acceleration sensor,13.2546,1.7429788,6.2132525,3
712776563383210,2024-03-21T19:40:03.807Z,lsm6dso acceleration sensor,13.94413,0.095768064,5.7990556,3
712776573383276,2024-03-21T19:40:03.816Z,lsm6dso acceleration sensor,13.599365,-0.80205756,5.9115834,3
712776583383276,2024-03-21T19:40:03.826Z,lsm6dso acceleration sensor,12.062287,-1.910573,6.790255,3
712776593383276,2024-03-21T19:40:03.837Z,lsm6dso acceleration sensor,10.922647,-2.2098482,7.2930374,3
712776603383276,2024-03-21T19:40:03.846Z,lsm6dso acceleration sensor,8.782231,-2.0350714,7.352893,3
712776613383276,2024-03-21T19:40:03.856Z,lsm6dso acceleration sensor,8.004115,-1.8004397,7.7862434,3
712776623383042,2024-03-21T19:40:03.866Z,lsm6dso acceleration sensor,6.7854667,-1.7860745,8.861239,3
712776633383042,2024-03-21T19:40:03.876Z,lsm6dso acceleration sensor,6.265925,-1.9560628,9.012074,3
712776643383042,2024-03-21T19:40:03.887Z,lsm6dso acceleration sensor,6.0336876,-2.3080103,8.743924,3
712776653383042,2024-03-21T19:40:03.897Z,lsm6dso acceleration sensor,6.8141975,-2.6384103,8.396765,3
712776663383042,2024-03-21T19:40:03.907Z,lsm6dso acceleration sensor,9.826103,-2.9281087,7.9801736,3
712776673383042,2024-03-21T19:40:03.917Z,lsm6dso acceleration sensor,11.26023,-2.9041667,7.819762,3
712776683383042,2024-03-21T19:40:03.927Z,lsm6dso acceleration sensor,11.992856,-2.5234885,7.9179244,3
712776693383042,2024-03-21T19:40:03.937Z,lsm6dso acceleration sensor,11.466131,-2.0901382,7.9682026,3
712776703383042,2024-03-21T19:40:03.947Z,lsm6dso acceleration sensor,10.388741,-1.2354081,8.114249,3
712776713383042,2024-03-21T19:40:03.957Z,lsm6dso acceleration sensor,9.986514,-0.8523358,8.114249,3
712776723383042,2024-03-21T19:40:03.967Z,lsm6dso acceleration sensor,9.208399,-0.19393034,7.7790604,3
712776733382775,2024-03-21T19:40:03.976Z,lsm6dso acceleration sensor,8.806173,-0.06943185,7.364864,3
712776743382775,2024-03-21T19:40:03.986Z,lsm6dso acceleration sensor,8.564359,0.21308395,6.6298437,3
712776753382775,2024-03-21T19:40:03.996Z,lsm6dso acceleration sensor,8.3824,0.22266077,6.6059017,3
712776763382775,2024-03-21T19:40:04.006Z,lsm6dso acceleration sensor,6.98658,0.15562311,5.5117517,3
712776773382775,2024-03-21T19:40:04.016Z,lsm6dso acceleration sensor,6.3281746,0.15083471,4.4484267,3
712776783382775,2024-03-21T19:40:04.027Z,lsm6dso acceleration sensor,6.277896,0.21068975,3.323152,3
712776793382775,2024-03-21T19:40:04.036Z,lsm6dso acceleration sensor,6.1294556,0.25617957,3.107674,3
712776803382775,2024-03-21T19:40:04.046Z,lsm6dso acceleration sensor,5.4471083,0.23463176,2.669535,3
712776813382775,2024-03-21T19:40:04.057Z,lsm6dso acceleration sensor,5.1693807,0.2753332,2.3104045,3
712776823383008,2024-03-21T19:40:04.066Z,lsm6dso acceleration sensor,4.7189717,0.30406362,1.922544,3
712776833383008,2024-03-21T19:40:04.077Z,lsm6dso acceleration sensor,4.5202527,0.29688102,1.8938135,3
712776843383008,2024-03-21T19:40:04.087Z,lsm6dso acceleration sensor,4.187459,0.17238252,1.9081788,3
712776853383008,2024-03-21T19:40:04.097Z,lsm6dso acceleration sensor,4.0438066,0.076614454,1.946486,3
712776863383008,2024-03-21T19:40:04.107Z,lsm6dso acceleration sensor,3.9863458,-0.15322891,2.0853498,3
712776873382941,2024-03-21T19:40:04.116Z,lsm6dso acceleration sensor,4.0533834,-0.24899697,2.1380222,3
712776883382941,2024-03-21T19:40:04.126Z,lsm6dso acceleration sensor,4.3598413,-0.36152446,2.2697031,3
712776893382941,2024-03-21T19:40:04.136Z,lsm6dso acceleration sensor,4.5298295,-0.40940848,2.3558946,3
712776903382941,2024-03-21T19:40:04.146Z,lsm6dso acceleration sensor,4.733337,-0.4285621,2.3127987,3
712776913382941,2024-03-21T19:40:04.157Z,lsm6dso acceleration sensor,4.88896,-0.4429273,2.2768857,3
712776923382941,2024-03-21T19:40:04.167Z,lsm6dso acceleration sensor,5.408801,-0.40462008,2.303222,3
712776933382941,2024-03-21T19:40:04.177Z,lsm6dso acceleration sensor,5.8373632,-0.37588966,2.3080103,3
712776943382941,2024-03-21T19:40:04.186Z,lsm6dso acceleration sensor,6.6729393,-0.37349546,2.2960393,3
712776953382941,2024-03-21T19:40:04.197Z,lsm6dso acceleration sensor,7.266701,-0.37828386,2.315193,3
712776963382941,2024-03-21T19:40:04.206Z,lsm6dso acceleration sensor,8.147768,-0.44532153,2.4277205,3
712776973382941,2024-03-21T19:40:04.217Z,lsm6dso acceleration sensor,8.578724,-0.5243302,2.5713725,3
712776983382941,2024-03-21T19:40:04.227Z,lsm6dso acceleration sensor,9.313744,-0.78529817,3.1316159,3
712776993382941,2024-03-21T19:40:04.236Z,lsm6dso acceleration sensor,9.847651,-1.0007763,3.5529952,3
712777003382941,2024-03-21T19:40:04.246Z,lsm6dso acceleration sensor,10.980108,-1.4413095,4.2999864,3
712777013382941,2024-03-21T19:40:04.257Z,lsm6dso acceleration sensor,11.700763,-1.7310078,4.7022123,3
712777023382941,2024-03-21T19:40:04.266Z,lsm6dso acceleration sensor,12.3950815,-2.4133554,5.3393693,3
712777033382941,2024-03-21T19:40:04.277Z,lsm6dso acceleration sensor,12.37114,-2.717419,5.468656,3
712777043382941,2024-03-21T19:40:04.286Z,lsm6dso acceleration sensor,12.385505,-3.071761,5.578789,3
712777053382941,2024-03-21T19:40:04.297Z,lsm6dso acceleration sensor,12.636896,-3.1148565,5.7152586,3
712777063382941,2024-03-21T19:40:04.307Z,lsm6dso acceleration sensor,13.331214,-2.7461493,5.942708,3
712777073383174,2024-03-21T19:40:04.316Z,lsm6dso acceleration sensor,13.73344,-2.207454,5.789479,3
712777083383174,2024-03-21T19:40:04.326Z,lsm6dso acceleration sensor,14.226645,-0.60573304,5.293879,3
712777093383174,2024-03-21T19:40:04.336Z,lsm6dso acceleration sensor,14.267347,0.36631286,5.0951605,3
712777103383174,2024-03-21T19:40:04.347Z,lsm6dso acceleration sensor,13.61373,1.7812861,5.042488,3
712777113383174,2024-03-21T19:40:04.356Z,lsm6dso acceleration sensor,13.233052,2.5306711,5.6554036,3
712777123382940,2024-03-21T19:40:04.367Z,lsm6dso acceleration sensor,12.174815,3.0573955,6.7136407,3
712777133382940,2024-03-21T19:40:04.377Z,lsm6dso acceleration sensor,11.583447,2.7988217,6.4837976,3
712777143382940,2024-03-21T19:40:04.386Z,lsm6dso acceleration sensor,11.241076,1.2138603,7.0272813,3
712777153382940,2024-03-21T19:40:04.396Z,lsm6dso acceleration sensor,11.360786,0.6847417,7.1110783,3
712777163382940,2024-03-21T19:40:04.406Z,lsm6dso acceleration sensor,9.797373,0.5243302,7.829339,3
712777173382940,2024-03-21T19:40:04.416Z,lsm6dso acceleration sensor,8.403947,0.7541735,7.891588,3
712777183382940,2024-03-21T19:40:04.426Z,lsm6dso acceleration sensor,5.2507834,1.5035586,8.044817,3
712777193382940,2024-03-21T19:40:04.436Z,lsm6dso acceleration sensor,4.297592,1.9081788,8.145373,3
712777203382940,2024-03-21T19:40:04.446Z,lsm6dso acceleration sensor,3.9001546,2.566584,8.241141,3
712777213382940,2024-03-21T19:40:04.457Z,lsm6dso acceleration sensor,4.735731,2.96881,7.9298954,3
712777223382940,2024-03-21T19:40:04.467Z,lsm6dso acceleration sensor,7.166145,3.596091,7.2595186,3
712777233382940,2024-03-21T19:40:04.476Z,lsm6dso acceleration sensor,8.41113,3.7349546,7.010522,3
712777243382940,2024-03-21T19:40:04.486Z,lsm6dso acceleration sensor,9.364022,3.5098996,5.7751136,3
712777253382940,2024-03-21T19:40:04.496Z,lsm6dso acceleration sensor,9.696816,2.825158,5.174169,3
712777263382940,2024-03-21T19:40:04.507Z,lsm6dso acceleration sensor,9.725547,1.2330139,4.922778,3
712777273382940,2024-03-21T19:40:04.516Z,lsm6dso acceleration sensor,9.26586,0.32800564,5.159804,3
712777283382940,2024-03-21T19:40:04.526Z,lsm6dso acceleration sensor,8.188469,-0.80924016,5.4471083,3
712777293383173,2024-03-21T19:40:04.536Z,lsm6dso acceleration sensor,7.6114664,-1.1994951,5.2986674,3
712777303383173,2024-03-21T19:40:04.547Z,lsm6dso acceleration sensor,6.8860235,-1.3120226,4.534618,3
712777313383406,2024-03-21T19:40:04.557Z,lsm6dso acceleration sensor,6.7447653,-1.0965444,4.2521024,3
712777323383639,2024-03-21T19:40:04.567Z,lsm6dso acceleration sensor,6.53647,-0.50038815,3.9719806,3
712777333383639,2024-03-21T19:40:04.576Z,lsm6dso acceleration sensor,6.2826843,-0.019153614,3.5170822,3
712777343383639,2024-03-21T19:40:04.586Z,lsm6dso acceleration sensor,5.8493342,0.7254431,2.4779987,3
712777353383639,2024-03-21T19:40:04.597Z,lsm6dso acceleration sensor,5.6530094,0.93852705,1.9249382,3
712777363383639,2024-03-21T19:40:04.606Z,lsm6dso acceleration sensor,5.1286793,0.9648633,1.3575124,3
712777373383405,2024-03-21T19:40:04.617Z,lsm6dso acceleration sensor,4.855441,0.9720459,1.436521,3
712777383383405,2024-03-21T19:40:04.626Z,lsm6dso acceleration sensor,4.3646297,0.9864111,1.5586253,3
712777393383405,2024-03-21T19:40:04.636Z,lsm6dso acceleration sensor,4.086902,0.93613285,1.5969325,3
712777403383405,2024-03-21T19:40:04.646Z,lsm6dso acceleration sensor,4.0892963,0.78769237,1.733402,3
712777413383405,2024-03-21T19:40:04.656Z,lsm6dso acceleration sensor,4.3263226,0.6368576,1.8387469,3
712777423383405,2024-03-21T19:40:04.666Z,lsm6dso acceleration sensor,4.853047,0.37828386,1.9249382,3
712777433383405,2024-03-21T19:40:04.677Z,lsm6dso acceleration sensor,5.3513403,0.29688102,1.922544,3
712777443383405,2024-03-21T19:40:04.687Z,lsm6dso acceleration sensor,6.488586,0.30645782,1.9033904,3
712777453383405,2024-03-21T19:40:04.697Z,lsm6dso acceleration sensor,7.154174,0.41180268,1.9776106,3
712777463383405,2024-03-21T19:40:04.706Z,lsm6dso acceleration sensor,7.9059534,0.6607997,2.3678656,3
712777473383405,2024-03-21T19:40:04.717Z,lsm6dso acceleration sensor,8.020875,0.79008657,2.6048915,3
712777483383405,2024-03-21T19:40:04.726Z,lsm6dso acceleration sensor,8.037635,0.6967127,2.707842,3
712777493383405,2024-03-21T19:40:04.736Z,lsm6dso acceleration sensor,8.353669,0.45250413,2.717419,3
712777503383405,2024-03-21T19:40:04.746Z,lsm6dso acceleration sensor,9.656115,-0.20350714,2.5761611,3
712777513383405,2024-03-21T19:40:04.757Z,lsm6dso acceleration sensor,10.666468,-0.61052144,2.432509,3
712777523383405,2024-03-21T19:40:04.767Z,lsm6dso acceleration sensor,12.110171,-0.94331545,2.3750482,3
712777533383405,2024-03-21T19:40:04.777Z,lsm6dso acceleration sensor,12.043134,-0.830788,2.5785553,3
712777543383405,2024-03-21T19:40:04.787Z,lsm6dso acceleration sensor,10.822091,-0.033518825,3.5218706,3
712777553383405,2024-03-21T19:40:04.797Z,lsm6dso acceleration sensor,9.933842,0.6919243,4.050989,3
712777563383405,2024-03-21T19:40:04.807Z,lsm6dso acceleration sensor,9.217976,2.1859062,4.8602295,3
712777573383638,2024-03-21T19:40:04.816Z,lsm6dso acceleration sensor,9.462184,2.8419175,5.2148705,3
712777583383638,2024-03-21T19:40:04.826Z,lsm6dso acceleration sensor,10.649709,3.5697548,5.4590793,3
712777593383638,2024-03-21T19:40:04.837Z,lsm6dso acceleration sensor,11.159674,3.7684734,5.5548472,3
712777603383638,2024-03-21T19:40:04.847Z,lsm6dso acceleration sensor,11.71034,3.5003228,5.4159837,3
712777613383638,2024-03-21T19:40:04.856Z,lsm6dso acceleration sensor,12.095806,2.9903579,5.138256,3
712777623383504,2024-03-21T19:40:04.866Z,lsm6dso acceleration sensor,13.197139,1.3623008,4.685453,3
712777633383504,2024-03-21T19:40:04.876Z,lsm6dso acceleration sensor,13.833997,0.22505496,4.1659107,3
712777643383504,2024-03-21T19:40:04.886Z,lsm6dso acceleration sensor,14.037504,-1.3575124,3.8043866,3
712777653383504,2024-03-21T19:40:04.897Z,lsm6dso acceleration sensor,13.278542,-2.1332338,4.1515455,3
712777663383504,2024-03-21T19:40:04.907Z,lsm6dso acceleration sensor,11.384728,-2.9376855,5.834969,3
712777673383504,2024-03-21T19:40:04.916Z,lsm6dso acceleration sensor,10.510845,-2.7629087,6.2491655,3
712777683383504,2024-03-21T19:40:04.927Z,lsm6dso acceleration sensor,10.233117,-1.7884687,6.502951,3
712777693383504,2024-03-21T19:40:04.937Z,lsm6dso acceleration sensor,10.060735,-1.6280571,7.1733274,3
712777703383504,2024-03-21T19:40:04.946Z,lsm6dso acceleration sensor,8.430284,-2.0207062,8.016087,3
712777713383504,2024-03-21T19:40:04.957Z,lsm6dso acceleration sensor,7.2355766,-2.2266076,8.078336,3
712777723383504,2024-03-21T19:40:04.967Z,lsm6dso acceleration sensor,5.746383,-2.516306,8.243536,3
712777733383504,2024-03-21T19:40:04.977Z,lsm6dso acceleration sensor,6.8644757,-2.5761611,8.020875,3
712777743383504,2024-03-21T19:40:04.986Z,lsm6dso acceleration sensor,9.883564,-2.4660277,6.8956003,3
712777753383504,2024-03-21T19:40:04.997Z,lsm6dso acceleration sensor,11.389517,-2.3750482,6.002563,3
712777763383504,2024-03-21T19:40:05.006Z,lsm6dso acceleration sensor,11.894693,-2.3415294,5.957073,3
712777773383504,2024-03-21T19:40:05.017Z,lsm6dso acceleration sensor,11.47092,-2.2577322,6.256348,3
712777783383504,2024-03-21T19:40:05.026Z,lsm6dso acceleration sensor,10.34325,-1.697489,6.49098,3
712777793383504,2024-03-21T19:40:05.037Z,lsm6dso acceleration sensor,9.778219,-1.2952632,6.5795655,3
712777803383504,2024-03-21T19:40:05.046Z,lsm6dso acceleration sensor,8.708011,-0.6847417,6.682516,3
712777813383504,2024-03-21T19:40:05.057Z,lsm6dso acceleration sensor,8.164527,-0.45489833,6.53647,3
712777823383770,2024-03-21T19:40:05.067Z,lsm6dso acceleration sensor,7.7431474,-0.28491,6.1414266,3
712777833383770,2024-03-21T19:40:05.077Z,lsm6dso acceleration sensor,7.6832924,-0.25139117,5.897218,3
712777843383770,2024-03-21T19:40:05.086Z,lsm6dso acceleration sensor,7.4175363,-0.31124622,5.3752823,3
712777853383770,2024-03-21T19:40:05.096Z,lsm6dso acceleration sensor,7.1493855,-0.3854665,4.898836,3
712777863383770,2024-03-21T19:40:05.107Z,lsm6dso acceleration sensor,6.7950435,-0.45968673,4.0438066,3
712777873383536,2024-03-21T19:40:05.116Z,lsm6dso acceleration sensor,6.7375827,-0.4309563,3.7804444,3
712777883383536,2024-03-21T19:40:05.126Z,lsm6dso acceleration sensor,6.644209,-0.30406362,3.3638535,3
712777893383302,2024-03-21T19:40:05.137Z,lsm6dso acceleration sensor,6.514922,-0.20111294,3.0502129,3
712777903383302,2024-03-21T19:40:05.146Z,lsm6dso acceleration sensor,6.232406,-0.06943185,2.8107927,3
712777913383068,2024-03-21T19:40:05.156Z,lsm6dso acceleration sensor,6.016928,-0.02633622,2.7126305,3
712777923382968,2024-03-21T19:40:05.167Z,lsm6dso acceleration sensor,5.5213284,-0.01436521,2.5019407,3
712777933382968,2024-03-21T19:40:05.177Z,lsm6dso acceleration sensor,5.159804,-0.06943185,2.4157495,3
712777943382968,2024-03-21T19:40:05.186Z,lsm6dso acceleration sensor,4.6255975,-0.20590134,2.3439236,3
712777953383234,2024-03-21T19:40:05.197Z,lsm6dso acceleration sensor,4.570531,-0.2753332,2.2481554,3
712777963383234,2024-03-21T19:40:05.207Z,lsm6dso acceleration sensor,4.8362875,-0.30406362,2.0566192,3
712777973383234,2024-03-21T19:40:05.216Z,lsm6dso acceleration sensor,4.9299607,-0.46686932,2.0733786,3
712777983383234,2024-03-21T19:40:05.226Z,lsm6dso acceleration sensor,5.514146,-0.5363012,1.8866309,3
712777993383234,2024-03-21T19:40:05.237Z,lsm6dso acceleration sensor,5.8900356,-0.5315128,1.8866309,3
712778003383234,2024-03-21T19:40:05.246Z,lsm6dso acceleration sensor,6.455067,-0.545878,2.1547816,3
712778013383234,2024-03-21T19:40:05.256Z,lsm6dso acceleration sensor,6.742371,-0.5291186,2.3223755,3
712778023383234,2024-03-21T19:40:05.266Z,lsm6dso acceleration sensor,7.0200987,-0.6991069,2.6719291,3
712778033383234,2024-03-21T19:40:05.277Z,lsm6dso acceleration sensor,7.1469913,-0.8499416,2.885013,3
712778043383234,2024-03-21T19:40:05.287Z,lsm6dso acceleration sensor,7.5396404,-1.13964,3.229778,3
712778053383234,2024-03-21T19:40:05.297Z,lsm6dso acceleration sensor,7.879617,-1.2569559,3.4452562,3
712778063383234,2024-03-21T19:40:05.307Z,lsm6dso acceleration sensor,8.5499935,-1.3263878,3.8067808,3
712778073383300,2024-03-21T19:40:05.316Z,lsm6dso acceleration sensor,8.942642,-1.292869,3.9336734,3
712778083383300,2024-03-21T19:40:05.327Z,lsm6dso acceleration sensor,9.991303,-1.1372458,4.0174704,3
712778093383300,2024-03-21T19:40:05.337Z,lsm6dso acceleration sensor,10.348039,-1.0749966,4.039018,3
712778103383300,2024-03-21T19:40:05.347Z,lsm6dso acceleration sensor,10.987291,-0.8810662,4.0533834,3
712778113383300,2024-03-21T19:40:05.356Z,lsm6dso acceleration sensor,10.977715,-0.90021986,3.9600096,3
712778123383033,2024-03-21T19:40:05.367Z,lsm6dso acceleration sensor,10.738294,-1.2306197,3.6655228,3
712778133383033,2024-03-21T19:40:05.376Z,lsm6dso acceleration sensor,10.786178,-1.4772224,3.7134068,3
712778143383033,2024-03-21T19:40:05.387Z,lsm6dso acceleration sensor,11.327268,-1.9656396,4.086902,3
712778153383033,2024-03-21T19:40:05.397Z,lsm6dso acceleration sensor,11.753435,-2.1404164,4.201824,3
712778163383033,2024-03-21T19:40:05.406Z,lsm6dso acceleration sensor,12.184392,-2.0326772,4.173094,3
712778173383033,2024-03-21T19:40:05.416Z,lsm6dso acceleration sensor,12.091018,-1.6352397,4.027047,3
712778183383033,2024-03-21T19:40:05.426Z,lsm6dso acceleration sensor,11.700763,-0.641646,4.1826706,3
712778193383033,2024-03-21T19:40:05.437Z,lsm6dso acceleration sensor,11.444583,0.1316811,4.378995,3
712778203383033,2024-03-21T19:40:05.446Z,lsm6dso acceleration sensor,11.37994,0.9935937,4.4101195,3
712778213383033,2024-03-21T19:40:05.457Z,lsm6dso acceleration sensor,11.971308,1.1659763,4.63278,3
712778223383033,2024-03-21T19:40:05.467Z,lsm6dso acceleration sensor,12.232276,0.94092125,5.5955486,3
712778233383033,2024-03-21T19:40:05.476Z,lsm6dso acceleration sensor,11.614572,0.47405192,6.0073514,3
712778243383033,2024-03-21T19:40:05.486Z,lsm6dso acceleration sensor,9.476549,0.21787235,6.1653686,3
712778253382299,2024-03-21T19:40:05.497Z,lsm6dso acceleration sensor,8.135797,0.3854665,5.981015,3
712778263381599,2024-03-21T19:40:05.507Z,lsm6dso acceleration sensor,5.80145,1.1061212,5.638644,3
712778273381632,2024-03-21T19:40:05.517Z,lsm6dso acceleration sensor,5.5596356,1.6017209,5.964256,3
712778283381298,2024-03-21T19:40:05.527Z,lsm6dso acceleration sensor,6.277896,2.3894134,6.881235,3
712778293380898,2024-03-21T19:40:05.537Z,lsm6dso acceleration sensor,6.965032,2.8419175,7.3002205,3
712778303380498,2024-03-21T19:40:05.546Z,lsm6dso acceleration sensor,9.158121,3.8379054,7.7072344,3
712778313380031,2024-03-21T19:40:05.556Z,lsm6dso acceleration sensor,10.379164,4.31914,7.8939824,3
712778323379497,2024-03-21T19:40:05.567Z,lsm6dso acceleration sensor,11.159674,4.2544966,8.36564,3
712778333379463,2024-03-21T19:40:05.577Z,lsm6dso acceleration sensor,11.0495405,3.6511576,8.736741,3
712778343379396,2024-03-21T19:40:05.587Z,lsm6dso acceleration sensor,10.807726,2.1763294,9.103054,3
712778353379329,2024-03-21T19:40:05.597Z,lsm6dso acceleration sensor,10.881946,1.2473791,9.119814,3
712778363379229,2024-03-21T19:40:05.606Z,lsm6dso acceleration sensor,11.224317,-0.2633622,8.3273325,3
712778373379029,2024-03-21T19:40:05.616Z,lsm6dso acceleration sensor,11.1692505,-0.8882488,7.319374,3
712778383378895,2024-03-21T19:40:05.626Z,lsm6dso acceleration sensor,10.618584,-1.5442601,5.746383,3
712778393378728,2024-03-21T19:40:05.636Z,lsm6dso acceleration sensor,10.015245,-1.6208745,5.0353055,3
712778403378561,2024-03-21T19:40:05.646Z,lsm6dso acceleration sensor,8.482956,-1.1755531,3.8019924,3
712778413378394,2024-03-21T19:40:05.657Z,lsm6dso acceleration sensor,7.7862434,-0.7302315,3.3662477,3
712778423378160,2024-03-21T19:40:05.666Z,lsm6dso acceleration sensor,6.668151,0.062249243,3.383007,3
712778433377860,2024-03-21T19:40:05.676Z,lsm6dso acceleration sensor,6.08636,0.7493851,2.528277,3
712778443377560,2024-03-21T19:40:05.686Z,lsm6dso acceleration sensor,5.150227,1.2473791,-0.10295067,3
712778453377193,2024-03-21T19:40:05.697Z,lsm6dso acceleration sensor,4.9132013,1.1851299,-0.260968,3
712778463376826,2024-03-21T19:40:05.706Z,lsm6dso acceleration sensor,4.525041,0.7206547,0.50038815,3
712778473376392,2024-03-21T19:40:05.716Z,lsm6dso acceleration sensor,4.2042184,0.4261679,0.7015011,3
712778483375892,2024-03-21T19:40:05.726Z,lsm6dso acceleration sensor,3.7924154,-0.076614454,0.7278373,3
712778493375392,2024-03-21T19:40:05.737Z,lsm6dso acceleration sensor,3.9217024,-0.3184288,0.58418524,3
712778503374825,2024-03-21T19:40:05.746Z,lsm6dso acceleration sensor,4.7141833,-0.49559975,1.6950948,3
712778513374191,2024-03-21T19:40:05.756Z,lsm6dso acceleration sensor,5.1095257,-0.35434186,2.1404164,3
712778523373557,2024-03-21T19:40:05.766Z,lsm6dso acceleration sensor,5.4495025,0.17238252,2.528277,3
712778533372857,2024-03-21T19:40:05.776Z,lsm6dso acceleration sensor,5.5428762,0.51475334,2.731784,3
712778543372090,2024-03-21T19:40:05.786Z,lsm6dso acceleration sensor,5.638644,1.0726024,2.8443117,3
712778553371790,2024-03-21T19:40:05.797Z,lsm6dso acceleration sensor,5.624279,1.3359646,2.7365725,3
712778563371990,2024-03-21T19:40:05.806Z,lsm6dso acceleration sensor,5.4997807,1.6711528,2.6024973,3
712778573371056,2024-03-21T19:40:05.816Z,lsm6dso acceleration sensor,5.4830213,1.6879122,2.5330653,3
712778583369789,2024-03-21T19:40:05.826Z,lsm6dso acceleration sensor,5.765537,1.5753847,2.0374656,3
712778593368522,2024-03-21T19:40:05.837Z,lsm6dso acceleration sensor,6.301838,1.436521,1.685518,3
712778603367255,2024-03-21T19:40:05.846Z,lsm6dso acceleration sensor,7.582736,1.0606314,1.2401965,3
712778613365988,2024-03-21T19:40:05.856Z,lsm6dso acceleration sensor,8.260295,0.91458505,1.1659763,3
712778623365421,2024-03-21T19:40:05.867Z,lsm6dso acceleration sensor,9.725547,0.7326257,1.1228806,3
712778633363621,2024-03-21T19:40:05.877Z,lsm6dso acceleration sensor,10.431836,0.7445967,1.2090719,3
712778643362521,2024-03-21T19:40:05.887Z,lsm6dso acceleration sensor,11.174039,1.0031705,1.745373,3
712778653361354,2024-03-21T19:40:05.897Z,lsm6dso acceleration sensor,11.226711,1.2042835,2.4109612,3
712778663360187,2024-03-21T19:40:05.906Z,lsm6dso acceleration sensor,10.247482,1.7812861,3.7373488,3
712778673358320,2024-03-21T19:40:05.916Z,lsm6dso acceleration sensor,9.548376,2.1523874,4.2401314,3
712778683357086,2024-03-21T19:40:05.927Z,lsm6dso acceleration sensor,9.119814,3.0502129,4.618415,3
712778693355886,2024-03-21T19:40:05.936Z,lsm6dso acceleration sensor,9.478944,3.4955344,4.6279917,3
712778703354619,2024-03-21T19:40:05.946Z,lsm6dso acceleration sensor,10.982503,3.9121256,4.606444,3
712778713353352,2024-03-21T19:40:05.957Z,lsm6dso acceleration sensor,12.086229,3.6703112,4.2904096,3
712778723352085,2024-03-21T19:40:05.966Z,lsm6dso acceleration sensor,14.375086,2.1452048,3.7493198,3
712778733350818,2024-03-21T19:40:05.977Z,lsm6dso acceleration sensor,15.677832,0.89543146,3.7565024,3
712778743348851,2024-03-21T19:40:05.987Z,lsm6dso acceleration sensor,16.352997,-1.2856863,4.271256,3
712778753346951,2024-03-21T19:40:05.996Z,lsm6dso acceleration sensor,15.78557,-2.2960393,4.7644615,3
712778763345651,2024-03-21T19:40:06.006Z,lsm6dso acceleration sensor,14.626477,-2.980781,6.036082,3
712778773344417,2024-03-21T19:40:06.017Z,lsm6dso acceleration sensor,13.98962,-2.9735985,6.608296,3
712778783343183,2024-03-21T19:40:06.026Z,lsm6dso acceleration sensor,12.572252,-1.6519991,7.2475476,3
712778793341883,2024-03-21T19:40:06.036Z,lsm6dso acceleration sensor,11.691186,-1.13964,8.289025,3
712778803340649,2024-03-21T19:40:06.046Z,lsm6dso acceleration sensor,9.285013,-0.7278373,9.296985,3
712778813339415,2024-03-21T19:40:06.056Z,lsm6dso acceleration sensor,7.656956,-0.61770403,9.433454,3
712778823338115,2024-03-21T19:40:06.066Z,lsm6dso acceleration sensor,5.3393693,-1.0007763,9.7447,3
712778833336881,2024-03-21T19:40:06.077Z,lsm6dso acceleration sensor,5.3106384,-1.3814543,9.696816,3
712778843335647,2024-03-21T19:40:06.087Z,lsm6dso acceleration sensor,8.794202,-1.8650831,8.217199,3
712778853334913,2024-03-21T19:40:06.097Z,lsm6dso acceleration sensor,11.537957,-2.0829554,6.98658,3
712778863332613,2024-03-21T19:40:06.106Z,lsm6dso acceleration sensor,14.434941,-2.7150247,5.662586,3
712778873330446,2024-03-21T19:40:06.117Z,lsm6dso acceleration sensor,14.875773,-3.004723,5.600337,3
712778883329912,2024-03-21T19:40:06.126Z,lsm6dso acceleration sensor,13.798083,-2.9496565,5.4351373,3
712778893329378,2024-03-21T19:40:06.136Z,lsm6dso acceleration sensor,12.474091,-2.5905263,5.600337,3
712778903328778,2024-03-21T19:40:06.147Z,lsm6dso acceleration sensor,10.577883,-1.2162545,6.3377514,3
712778913328244,2024-03-21T19:40:06.157Z,lsm6dso acceleration sensor,10.151714,-0.30885202,6.9123597,3
712778923327010,2024-03-21T19:40:06.167Z,lsm6dso acceleration sensor,9.177275,0.8331822,6.893206,3
712778933326443,2024-03-21T19:40:06.177Z,lsm6dso acceleration sensor,8.152556,1.1492168,6.4215484,3
712778943325209,2024-03-21T19:40:06.187Z,lsm6dso acceleration sensor,6.914754,1.5777789,5.466262,3
712778953323909,2024-03-21T19:40:06.196Z,lsm6dso acceleration sensor,6.584354,1.6927006,5.040094,3
712778963322009,2024-03-21T19:40:06.207Z,lsm6dso acceleration sensor,6.0456586,1.6927006,3.5793316,3
712778973321475,2024-03-21T19:40:06.217Z,lsm6dso acceleration sensor,5.7032876,1.5777789,2.8443117,3
712778983319541,2024-03-21T19:40:06.227Z,lsm6dso acceleration sensor,5.0233345,1.151611,1.9273324,3
712778993318941,2024-03-21T19:40:06.237Z,lsm6dso acceleration sensor,4.685453,0.92416185,1.5107412,3
712779003317707,2024-03-21T19:40:06.247Z,lsm6dso acceleration sensor,4.122815,0.59855044,0.89782566,3
712779013316407,2024-03-21T19:40:06.257Z,lsm6dso acceleration sensor,3.7086184,0.38067806,0.6679823,3
712779023315173,2024-03-21T19:40:06.267Z,lsm6dso acceleration sensor,3.3039982,0.08619126,0.22984336,3
712779033313239,2024-03-21T19:40:06.277Z,lsm6dso acceleration sensor,3.2393548,-0.090979666,-0.007182605,3
712779043312639,2024-03-21T19:40:06.286Z,lsm6dso acceleration sensor,3.5625722,-0.49081135,-0.011971008,3
712779053312039,2024-03-21T19:40:06.296Z,lsm6dso acceleration sensor,3.8905778,-0.6655881,0.033518825,3
712779063310772,2024-03-21T19:40:06.307Z,lsm6dso acceleration sensor,4.9778447,-0.89064306,-0.021547815,3
712779073309438,2024-03-21T19:40:06.316Z,lsm6dso acceleration sensor,5.645827,-0.85473,-0.007182605,3
712779083308171,2024-03-21T19:40:06.327Z,lsm6dso acceleration sensor,6.6753335,-0.6464345,0.4285621,3
712779093306904,2024-03-21T19:40:06.336Z,lsm6dso acceleration sensor,7.1493855,-0.4381389,0.7781156,3
712779103305637,2024-03-21T19:40:06.346Z,lsm6dso acceleration sensor,7.922713,-0.031124622,1.3670892,3
712779113304370,2024-03-21T19:40:06.357Z,lsm6dso acceleration sensor,8.310574,0.093373865,1.7669208,3
712779123303103,2024-03-21T19:40:06.367Z,lsm6dso acceleration sensor,9.024046,0.023942016,2.5091233,3
712779133301836,2024-03-21T19:40:06.377Z,lsm6dso acceleration sensor,9.639356,-0.17956513,3.110068,3
712779143300569,2024-03-21T19:40:06.387Z,lsm6dso acceleration sensor,10.683228,-0.7637503,5.016152,3
712779153298735,2024-03-21T19:40:06.396Z,lsm6dso acceleration sensor,11.0974245,-1.091756,5.909189,3
712779163298201,2024-03-21T19:40:06.406Z,lsm6dso acceleration sensor,12.435782,-1.7429788,6.4215484,3
712779173297901,2024-03-21T19:40:06.417Z,lsm6dso acceleration sensor,12.8092785,-1.8698715,5.858911,3
712779183296601,2024-03-21T19:40:06.426Z,lsm6dso acceleration sensor,12.955325,-1.9153614,5.4878097,3
712779193295367,2024-03-21T19:40:06.437Z,lsm6dso acceleration sensor,13.18038,-1.982399,5.602731,3
712779203294133,2024-03-21T19:40:06.446Z,lsm6dso acceleration sensor,14.020744,-2.030283,5.657798,3
712779213292533,2024-03-21T19:40:06.456Z,lsm6dso acceleration sensor,14.636054,-2.0254946,5.657798,3
712779223290599,2024-03-21T19:40:06.467Z,lsm6dso acceleration sensor,15.373768,-1.8962077,5.2890906,3
712779233289365,2024-03-21T19:40:06.477Z,lsm6dso acceleration sensor,15.541362,-1.6759412,4.994604,3
712779243288131,2024-03-21T19:40:06.487Z,lsm6dso acceleration sensor,15.127165,-1.067814,4.908413,3
712779253286964,2024-03-21T19:40:06.497Z,lsm6dso acceleration sensor,14.475643,-0.59136784,4.956297,3
712779263286364,2024-03-21T19:40:06.506Z,lsm6dso acceleration sensor,12.9242,0.37588966,5.1191025,3
712779273284430,2024-03-21T19:40:06.516Z,lsm6dso acceleration sensor,11.935394,0.78769237,5.23163,3
712779283283896,2024-03-21T19:40:06.526Z,lsm6dso acceleration sensor,10.106225,1.1803415,4.8458643,3
712779293281962,2024-03-21T19:40:06.537Z,lsm6dso acceleration sensor,9.569923,1.2689269,4.6950297,3
712779303280728,2024-03-21T19:40:06.546Z,lsm6dso acceleration sensor,8.851663,1.127669,4.6399627,3
712779313279494,2024-03-21T19:40:06.556Z,lsm6dso acceleration sensor,8.119038,1.1133038,4.247314,3
712779323278194,2024-03-21T19:40:06.566Z,lsm6dso acceleration sensor,6.9219365,1.6017209,3.8905778,3
712779333277660,2024-03-21T19:40:06.576Z,lsm6dso acceleration sensor,6.232406,2.195483,4.4364557,3
712779343276426,2024-03-21T19:40:06.586Z,lsm6dso acceleration sensor,4.474763,3.028665,5.552453,3
712779353275192,2024-03-21T19:40:06.596Z,lsm6dso acceleration sensor,3.6535518,3.4021606,6.2467713,3
712779363273958,2024-03-21T19:40:06.607Z,lsm6dso acceleration sensor,3.5075054,4.0222588,8.08073,3
712779373272724,2024-03-21T19:40:06.616Z,lsm6dso acceleration sensor,4.4220905,4.4220905,8.075942,3
712779383271490,2024-03-21T19:40:06.626Z,lsm6dso acceleration sensor,7.898771,4.5058875,8.011298,3
712779393270256,2024-03-21T19:40:06.637Z,lsm6dso acceleration sensor,10.192416,3.8666358,8.449437,3
712779403268989,2024-03-21T19:40:06.646Z,lsm6dso acceleration sensor,13.886669,2.1619642,6.5436525,3
712779413267789,2024-03-21T19:40:06.656Z,lsm6dso acceleration sensor,14.928446,0.92176765,6.1773396,3
712779423266689,2024-03-21T19:40:06.666Z,lsm6dso acceleration sensor,13.082217,-1.0319009,7.142203,3
712779433265589,2024-03-21T19:40:06.677Z,lsm6dso acceleration sensor,11.092636,-1.7549498,7.168539,3
712779443264555,2024-03-21T19:40:06.686Z,lsm6dso acceleration sensor,8.037635,-2.2816741,5.8206034,3
712779453263555,2024-03-21T19:40:06.697Z,lsm6dso acceleration sensor,7.0512233,-2.0638018,5.2172647,3
712779463262555,2024-03-21T19:40:06.707Z,lsm6dso acceleration sensor,6.428731,-0.93134445,4.048595,3
712779473261555,2024-03-21T19:40:06.716Z,lsm6dso acceleration sensor,6.37127,-0.39983168,3.9336734,3
712779483260621,2024-03-21T19:40:06.727Z,lsm6dso acceleration sensor,6.052841,0.92416185,4.4675803,3
712779493259687,2024-03-21T19:40:06.737Z,lsm6dso acceleration sensor,5.4638677,1.6903064,2.231396,3
712779503258753,2024-03-21T19:40:06.747Z,lsm6dso acceleration sensor,4.3478703,1.9752164,-0.055066638,3
712779513258119,2024-03-21T19:40:06.757Z,lsm6dso acceleration sensor,4.1156325,1.7956513,0.14604631,3
712779523257885,2024-03-21T19:40:06.767Z,lsm6dso acceleration sensor,4.213795,1.2425907,1.115698,3
712779533257085,2024-03-21T19:40:06.777Z,lsm6dso acceleration sensor,4.187459,0.89303726,1.0845734,3
712779543256085,2024-03-21T19:40:06.786Z,lsm6dso acceleration sensor,4.185065,0.32561144,1.1540052,3
712779553255151,2024-03-21T19:40:06.796Z,lsm6dso acceleration sensor,4.7070007,0.05746084,1.2306197,3
712779563254217,2024-03-21T19:40:06.806Z,lsm6dso acceleration sensor,6.026505,-0.4429273,2.731784,3
712779573253917,2024-03-21T19:40:06.817Z,lsm6dso acceleration sensor,6.440702,-0.5291186,3.0382419,3
712779583252983,2024-03-21T19:40:06.827Z,lsm6dso acceleration sensor,7.0679827,-0.5602432,3.2800562,3
712779593252049,2024-03-21T19:40:06.837Z,lsm6dso acceleration sensor,7.412748,-0.50517654,3.4093432,3
712779603251115,2024-03-21T19:40:06.847Z,lsm6dso acceleration sensor,7.8700404,-0.22505496,3.5649664,3
712779613250181,2024-03-21T19:40:06.857Z,lsm6dso acceleration sensor,7.96102,0.10295067,3.6032736,3
712779623249247,2024-03-21T19:40:06.866Z,lsm6dso acceleration sensor,7.7551184,0.6536171,3.6487634,3
712779633248313,2024-03-21T19:40:06.877Z,lsm6dso acceleration sensor,8.00651,0.8714894,3.632004,3
712779643246679,2024-03-21T19:40:06.886Z,lsm6dso acceleration sensor,9.500492,1.1540052,3.7205894,3
712779653245679,2024-03-21T19:40:06.896Z,lsm6dso acceleration sensor,10.304943,1.2689269,3.8905778,3
712779663244745,2024-03-21T19:40:06.907Z,lsm6dso acceleration sensor,10.836456,1.520318,4.2904096,3
712779673243811,2024-03-21T19:40:06.916Z,lsm6dso acceleration sensor,10.721535,1.7190368,4.534618,3
712779683242811,2024-03-21T19:40:06.926Z,lsm6dso acceleration sensor,10.446201,2.3870192,5.609914,3
712779693241877,2024-03-21T19:40:06.937Z,lsm6dso acceleration sensor,10.553941,2.765303,6.112696,3
712779703240910,2024-03-21T19:40:06.946Z,lsm6dso acceleration sensor,11.276989,3.2992098,6.622661,3
712779713239943,2024-03-21T19:40:06.956Z,lsm6dso acceleration sensor,11.588236,3.4500446,6.914754,3
712779723238409,2024-03-21T19:40:06.967Z,lsm6dso acceleration sensor,11.952154,3.5242648,7.328951,3
712779733237275,2024-03-21T19:40:06.977Z,lsm6dso acceleration sensor,12.16045,3.4284968,7.3241625,3
712779743236141,2024-03-21T19:40:06.986Z,lsm6dso acceleration sensor,12.488456,2.777274,6.974609,3
712779753234974,2024-03-21T19:40:06.996Z,lsm6dso acceleration sensor,12.440571,2.2816741,6.742371,3
712779763233740,2024-03-21T19:40:07.006Z,lsm6dso acceleration sensor,11.990461,1.4149733,6.2970495,3
712779773232540,2024-03-21T19:40:07.017Z,lsm6dso acceleration sensor,11.73907,0.8499416,6.1174846,3
712779783231273,2024-03-21T19:40:07.027Z,lsm6dso acceleration sensor,11.312902,-0.15083471,5.791873,3
712779793229939,2024-03-21T19:40:07.036Z,lsm6dso acceleration sensor,10.953772,-0.7613561,5.770325,3
712779803228672,2024-03-21T19:40:07.047Z,lsm6dso acceleration sensor,9.972149,-1.7357962,6.0672064,3
712779813227405,2024-03-21T19:40:07.056Z,lsm6dso acceleration sensor,9.356839,-2.0326772,6.289867,3
712779823226071,2024-03-21T19:40:07.067Z,lsm6dso acceleration sensor,8.566753,-2.1499932,6.9099655,3
712779833224671,2024-03-21T19:40:07.076Z,lsm6dso acceleration sensor,8.241141,-2.0231004,7.340922,3
712779843223404,2024-03-21T19:40:07.086Z,lsm6dso acceleration sensor,7.5276694,-1.7357962,7.865252,3
712779853222137,2024-03-21T19:40:07.096Z,lsm6dso acceleration sensor,7.072771,-1.6280571,8.389582,3
712779863220537,2024-03-21T19:40:07.106Z,lsm6dso acceleration sensor,6.253954,-1.7836803,9.330503,3
712779873219303,2024-03-21T19:40:07.117Z,lsm6dso acceleration sensor,6.330569,-1.8722657,9.289802,3
712739878946582,2024-03-21T19:39:27.122Z,lsm6dso gyroscope sensor,-0.16012305,-0.32834008,-0.52144986,3
712739898946548,2024-03-21T19:39:27.142Z,lsm6dso gyroscope sensor,-0.12652546,-0.3930918,-0.4182136,3
712739918946581,2024-03-21T19:39:27.161Z,lsm6dso gyroscope sensor,-0.11919508,-0.024740042,-0.566043,3
712739938946547,2024-03-21T19:39:27.181Z,lsm6dso gyroscope sensor,-0.031230485,-0.4999932,-0.48418707,3
712739958946547,2024-03-21T19:39:27.202Z,lsm6dso gyroscope sensor,-0.13385585,-0.40775254,-0.4695263,3
712739978946547,2024-03-21T19:39:27.221Z,lsm6dso gyroscope sensor,-0.23098342,0.009468411,-0.4463134,3
712739998946547,2024-03-21T19:39:27.242Z,lsm6dso gyroscope sensor,0.101938136,0.14019357,-0.48235446,3
712740018946547,2024-03-21T19:39:27.262Z,lsm6dso gyroscope sensor,0.6694319,0.33078352,0.10957395,3
712740038946580,2024-03-21T19:39:27.281Z,lsm6dso gyroscope sensor,0.8826239,0.70280045,0.96173096,3
712740058946546,2024-03-21T19:39:27.301Z,lsm6dso gyroscope sensor,0.8899543,0.54153204,0.99960464,3
712740078946579,2024-03-21T19:39:27.322Z,lsm6dso gyroscope sensor,0.5771913,0.16768251,0.6508006,3
712740098946545,2024-03-21T19:39:27.341Z,lsm6dso gyroscope sensor,-0.014737124,-0.24404067,0.14256068,3
712740118946578,2024-03-21T19:39:27.361Z,lsm6dso gyroscope sensor,-0.32505667,-0.59956425,-0.2007456,3
712740138946578,2024-03-21T19:39:27.382Z,lsm6dso gyroscope sensor,0.008475755,-0.6533204,-0.13660474,3
712740158946544,2024-03-21T19:39:27.402Z,lsm6dso gyroscope sensor,-0.06910413,-0.33383787,0.16638441,3
712740178946544,2024-03-21T19:39:27.421Z,lsm6dso gyroscope sensor,-0.035506543,-0.021685716,0.24518603,3
712740198946544,2024-03-21T19:39:27.442Z,lsm6dso gyroscope sensor,-0.1295798,0.3203988,0.1895973,3
712740218946544,2024-03-21T19:39:27.461Z,lsm6dso gyroscope sensor,-0.18089247,0.52748215,0.13278683,3
712740238946577,2024-03-21T19:39:27.482Z,lsm6dso gyroscope sensor,-0.18455766,0.6062838,-0.005879578,3
712740258946543,2024-03-21T19:39:27.502Z,lsm6dso gyroscope sensor,-0.1295798,0.43585235,-0.10667235,3
712740278946576,2024-03-21T19:39:27.521Z,lsm6dso gyroscope sensor,-0.07154759,0.15118915,-0.1408808,3
712740298946576,2024-03-21T19:39:27.542Z,lsm6dso gyroscope sensor,-0.09720393,-0.14508049,-0.06391177,3
712740318946542,2024-03-21T19:39:27.561Z,lsm6dso gyroscope sensor,-0.14485142,-0.3381139,0.008781188,3
712740338947275,2024-03-21T19:39:27.581Z,lsm6dso gyroscope sensor,-0.063606344,-0.35216382,0.10102184,3
712740358947375,2024-03-21T19:39:27.601Z,lsm6dso gyroscope sensor,0.010919216,-0.2501493,0.19509509,3
712740378947375,2024-03-21T19:39:27.622Z,lsm6dso gyroscope sensor,0.13003793,-0.17745635,0.34720054,3
712740398947408,2024-03-21T19:39:27.641Z,lsm6dso gyroscope sensor,0.24365887,-0.17745635,0.5109124,3
712740418947374,2024-03-21T19:39:27.662Z,lsm6dso gyroscope sensor,0.28214338,-0.37965274,0.54878604,3
712740438947407,2024-03-21T19:39:27.681Z,lsm6dso gyroscope sensor,0.26015225,-0.33505958,0.4253913,3
712740458947407,2024-03-21T19:39:27.702Z,lsm6dso gyroscope sensor,0.1465313,0.1255328,0.35025486,3
712740478947373,2024-03-21T19:39:27.722Z,lsm6dso gyroscope sensor,-0.26397014,0.13897185,0.22197317,3
712740498947406,2024-03-21T19:39:27.741Z,lsm6dso gyroscope sensor,-0.17600554,0.042455133,0.1633301,3
712740518947372,2024-03-21T19:39:27.761Z,lsm6dso gyroscope sensor,-0.16378824,0.0027488936,0.22075143,3
712740538947372,2024-03-21T19:39:27.782Z,lsm6dso gyroscope sensor,-0.35498905,-0.12370021,-0.17386752,3
712740558947372,2024-03-21T19:39:27.802Z,lsm6dso gyroscope sensor,-0.6934084,-0.07360926,-0.6491207,3
712740578947372,2024-03-21T19:39:27.822Z,lsm6dso gyroscope sensor,-0.8161923,-0.054061573,-0.7920632,3
712740598947405,2024-03-21T19:39:27.841Z,lsm6dso gyroscope sensor,-0.6298784,-0.19761491,-0.58742326,3
712740618947405,2024-03-21T19:39:27.861Z,lsm6dso gyroscope sensor,-0.41668645,-0.3100141,-0.27832547,3
712740638947371,2024-03-21T19:39:27.882Z,lsm6dso gyroscope sensor,-0.32139146,-0.4615087,-0.1390482,3
712740658947404,2024-03-21T19:39:27.902Z,lsm6dso gyroscope sensor,-0.36415204,-0.41141775,-0.19646953,3
712740678947370,2024-03-21T19:39:27.922Z,lsm6dso gyroscope sensor,-0.17478381,-0.23915374,-0.285045,3
712740698947403,2024-03-21T19:39:27.941Z,lsm6dso gyroscope sensor,0.16485725,-0.12064589,-0.18608482,3
712740718947369,2024-03-21T19:39:27.961Z,lsm6dso gyroscope sensor,0.33773214,0.019242255,-0.123165704,3
712740738947369,2024-03-21T19:39:27.981Z,lsm6dso gyroscope sensor,0.38599047,0.3051272,-0.13355042,3
712740758946669,2024-03-21T19:39:28.001Z,lsm6dso gyroscope sensor,0.42264238,0.6435465,0.0020616702,3
712740778946669,2024-03-21T19:39:28.022Z,lsm6dso gyroscope sensor,0.43424883,0.8359691,0.20486893,3
712740798946235,2024-03-21T19:39:28.042Z,lsm6dso gyroscope sensor,0.4977788,0.732122,0.29649872,3
712740818945568,2024-03-21T19:39:28.061Z,lsm6dso gyroscope sensor,0.48372892,0.43096542,0.29405525,3
712740838944834,2024-03-21T19:39:28.082Z,lsm6dso gyroscope sensor,0.4544074,0.09560041,0.26229027,3
712740858944867,2024-03-21T19:39:28.101Z,lsm6dso gyroscope sensor,0.45623997,-0.10720685,0.17493653,3
712740878944833,2024-03-21T19:39:28.121Z,lsm6dso gyroscope sensor,0.4030947,-0.14019357,0.04298964,3
712740898944833,2024-03-21T19:39:28.142Z,lsm6dso gyroscope sensor,0.16607898,-0.22204952,-0.115835324,3
712740918944833,2024-03-21T19:39:28.162Z,lsm6dso gyroscope sensor,-0.15767959,-0.22327125,-0.4395939,3
712740938944799,2024-03-21T19:39:28.182Z,lsm6dso gyroscope sensor,-0.22304218,-0.2929099,-0.57092994,3
712740958944799,2024-03-21T19:39:28.201Z,lsm6dso gyroscope sensor,-0.11369729,-0.40653083,-0.44997862,3
712740978944799,2024-03-21T19:39:28.222Z,lsm6dso gyroscope sensor,-0.0055741454,-0.17440203,-0.35834882,3
712740998944765,2024-03-21T19:39:28.242Z,lsm6dso gyroscope sensor,0.1202641,-0.19517145,-0.35773796,3
712741018944798,2024-03-21T19:39:28.261Z,lsm6dso gyroscope sensor,0.053679783,-0.410196,-0.25938866,3
712741038944764,2024-03-21T19:39:28.281Z,lsm6dso gyroscope sensor,-0.24381159,-0.1518,-0.35224018,3
712741058944797,2024-03-21T19:39:28.301Z,lsm6dso gyroscope sensor,-0.1680643,0.12492194,-0.5959754,3
712741078944797,2024-03-21T19:39:28.321Z,lsm6dso gyroscope sensor,0.22411118,0.160963,-0.24839307,3
712741098944763,2024-03-21T19:39:28.341Z,lsm6dso gyroscope sensor,0.6559929,0.32589662,0.5567273,3
712741118944796,2024-03-21T19:39:28.361Z,lsm6dso gyroscope sensor,0.9498191,0.44868052,0.87804246,3
712741138944796,2024-03-21T19:39:28.381Z,lsm6dso gyroscope sensor,0.73479456,0.21655174,0.6538549,3
712741158944796,2024-03-21T19:39:28.401Z,lsm6dso gyroscope sensor,0.23327416,-0.15057829,0.25862506,3
712741178944829,2024-03-21T19:39:28.422Z,lsm6dso gyroscope sensor,-0.032452215,-0.40530908,0.011835515,3
712741198944795,2024-03-21T19:39:28.441Z,lsm6dso gyroscope sensor,0.02985604,-0.57451874,-0.02115121,3
712741218944828,2024-03-21T19:39:28.462Z,lsm6dso gyroscope sensor,0.2485458,-0.41386122,0.18898644,3
712741238944828,2024-03-21T19:39:28.482Z,lsm6dso gyroscope sensor,0.1905136,-0.005192355,0.34292448,3
712741258944794,2024-03-21T19:39:28.502Z,lsm6dso gyroscope sensor,0.15447254,0.3631594,0.29894218,3
712741278944827,2024-03-21T19:39:28.522Z,lsm6dso gyroscope sensor,0.00786489,0.54519725,0.19814941,3
712741298944793,2024-03-21T19:39:28.541Z,lsm6dso gyroscope sensor,-0.09231701,0.57818395,0.052763484,3
712741318944793,2024-03-21T19:39:28.561Z,lsm6dso gyroscope sensor,-0.10086913,0.56291234,-0.055970527,3
712741338944793,2024-03-21T19:39:28.582Z,lsm6dso gyroscope sensor,-0.0055741454,0.34300083,-0.07612908,3
712741358945493,2024-03-21T19:39:28.602Z,lsm6dso gyroscope sensor,0.036575556,0.11881329,-0.03214678,3
712741378945526,2024-03-21T19:39:28.621Z,lsm6dso gyroscope sensor,0.031077769,-0.033292156,0.011835515,3
712741398945959,2024-03-21T19:39:28.642Z,lsm6dso gyroscope sensor,-0.0019089539,-0.13408493,0.051541757,3
712741418946625,2024-03-21T19:39:28.661Z,lsm6dso gyroscope sensor,0.03718642,-0.15241088,0.107741356,3
712741438947358,2024-03-21T19:39:28.682Z,lsm6dso gyroscope sensor,0.1202641,-0.09437868,0.16821702,3
712741458947324,2024-03-21T19:39:28.702Z,lsm6dso gyroscope sensor,0.2149482,-0.04184427,0.30016392,3
712741478947357,2024-03-21T19:39:28.721Z,lsm6dso gyroscope sensor,0.26259568,-0.21777347,0.46082148,3
712741498947357,2024-03-21T19:39:28.742Z,lsm6dso gyroscope sensor,0.22350033,-0.6404922,0.5249623,3
712741518947357,2024-03-21T19:39:28.761Z,lsm6dso gyroscope sensor,0.15080735,-0.8151997,0.46509752,3
712741538947390,2024-03-21T19:39:28.781Z,lsm6dso gyroscope sensor,0.17096591,-0.37232238,0.3728569,3
712741558947390,2024-03-21T19:39:28.802Z,lsm6dso gyroscope sensor,-0.2786309,-0.04795292,0.15294538,3
712741578947390,2024-03-21T19:39:28.821Z,lsm6dso gyroscope sensor,-0.26274842,0.21960606,0.077198096,3
712741598947423,2024-03-21T19:39:28.841Z,lsm6dso gyroscope sensor,-0.114308156,0.4083634,0.2738967,3
712741618947389,2024-03-21T19:39:28.862Z,lsm6dso gyroscope sensor,-0.15890132,0.3417791,0.006337727,3
712741638947422,2024-03-21T19:39:28.881Z,lsm6dso gyroscope sensor,-0.5125923,0.26053402,-0.55688006,3
712741658947388,2024-03-21T19:39:28.902Z,lsm6dso gyroscope sensor,-0.48143816,0.013133603,-0.6100253,3
712741678947388,2024-03-21T19:39:28.922Z,lsm6dso gyroscope sensor,-0.29878947,-0.42852196,-0.34735325,3
712741698947388,2024-03-21T19:39:28.941Z,lsm6dso gyroscope sensor,-0.17172949,-0.7486154,-0.13843733,3
712741718947354,2024-03-21T19:39:28.961Z,lsm6dso gyroscope sensor,-0.22853996,-0.7901542,-0.08895725,3
712741738946654,2024-03-21T19:39:28.981Z,lsm6dso gyroscope sensor,-0.17050776,-0.7131852,-0.16226108,3
712741758946654,2024-03-21T19:39:29.002Z,lsm6dso gyroscope sensor,0.12820534,-0.3998113,-0.09078985,3
712741778946620,2024-03-21T19:39:29.021Z,lsm6dso gyroscope sensor,0.30413455,-0.13958271,-0.048640147,3
712741798946220,2024-03-21T19:39:29.042Z,lsm6dso gyroscope sensor,0.37621662,0.09743301,-0.060246583,3
712741818946186,2024-03-21T19:39:29.062Z,lsm6dso gyroscope sensor,0.39148825,0.33567044,0.010002919,3
712741838946219,2024-03-21T19:39:29.082Z,lsm6dso gyroscope sensor,0.48861584,0.44135013,0.12789991,3
712741858946219,2024-03-21T19:39:29.102Z,lsm6dso gyroscope sensor,0.5778022,0.4156938,0.20731239,3
712741878945485,2024-03-21T19:39:29.122Z,lsm6dso gyroscope sensor,0.6364452,0.2660318,0.22380576,3
712741898945485,2024-03-21T19:39:29.142Z,lsm6dso gyroscope sensor,0.67492974,0.11759156,0.26412287,3
712741918945485,2024-03-21T19:39:29.161Z,lsm6dso gyroscope sensor,0.7604509,0.025350908,0.40706533,3
712741938944751,2024-03-21T19:39:29.182Z,lsm6dso gyroscope sensor,0.83619815,0.0888809,0.54451,3
712741958944784,2024-03-21T19:39:29.201Z,lsm6dso gyroscope sensor,0.9033933,0.20677789,0.562836,3
712741978944750,2024-03-21T19:39:29.221Z,lsm6dso gyroscope sensor,0.8691849,0.15851954,0.49380818,3
712741998944750,2024-03-21T19:39:29.241Z,lsm6dso gyroscope sensor,0.6120106,0.042455133,0.19020817,3
712742018944750,2024-03-21T19:39:29.262Z,lsm6dso gyroscope sensor,0.30413455,-0.29168814,-0.17203492,3
712742038944716,2024-03-21T19:39:29.282Z,lsm6dso gyroscope sensor,0.1642464,-0.81581056,-0.17997618,3
712742058944716,2024-03-21T19:39:29.302Z,lsm6dso gyroscope sensor,0.32490396,-0.8005389,0.022220224,3
712742078944682,2024-03-21T19:39:29.321Z,lsm6dso gyroscope sensor,0.36155587,-0.32345316,0.057039544,3
712742098944682,2024-03-21T19:39:29.341Z,lsm6dso gyroscope sensor,0.51610476,-0.29229903,0.07231117,3
712742118944982,2024-03-21T19:39:29.362Z,lsm6dso gyroscope sensor,0.30596712,-0.15057829,0.023441954,3
712742138944948,2024-03-21T19:39:29.382Z,lsm6dso gyroscope sensor,0.11171198,0.33017266,-0.2551126,3
712742158944948,2024-03-21T19:39:29.402Z,lsm6dso gyroscope sensor,0.2925281,0.52687126,-0.3094796,3
712742178944948,2024-03-21T19:39:29.422Z,lsm6dso gyroscope sensor,0.60101503,0.5342017,0.18043432,3
712742198944914,2024-03-21T19:39:29.441Z,lsm6dso gyroscope sensor,0.8087092,0.44135013,0.6764569,3
712742218944914,2024-03-21T19:39:29.461Z,lsm6dso gyroscope sensor,0.53443074,-0.04062254,0.4339434,3
712742238944880,2024-03-21T19:39:29.482Z,lsm6dso gyroscope sensor,-0.08926269,-0.5006041,-0.06574437,3
712742258945180,2024-03-21T19:39:29.501Z,lsm6dso gyroscope sensor,-0.38308886,-0.7834347,-0.29176453,3
712742278945180,2024-03-21T19:39:29.521Z,lsm6dso gyroscope sensor,-0.17661642,-0.88239485,-0.24411702,3
712742298945180,2024-03-21T19:39:29.542Z,lsm6dso gyroscope sensor,-0.15645786,-0.4266894,0.0032834008,3
712742318945180,2024-03-21T19:39:29.561Z,lsm6dso gyroscope sensor,-0.36048687,0.21227567,0.030772336,3
712742338945880,2024-03-21T19:39:29.581Z,lsm6dso gyroscope sensor,-0.44967318,0.68691796,-0.04008803,3
712742358945880,2024-03-21T19:39:29.601Z,lsm6dso gyroscope sensor,-0.38125628,0.8200866,-0.077961676,3
712742378945880,2024-03-21T19:39:29.621Z,lsm6dso gyroscope sensor,-0.3140611,0.70402217,-0.16042848,3
712742398946280,2024-03-21T19:39:29.641Z,lsm6dso gyroscope sensor,-0.3000112,0.36560285,-0.3009275,3
712742418946280,2024-03-21T19:39:29.661Z,lsm6dso gyroscope sensor,-0.2590832,0.12186762,-0.34307718,3
712742438946246,2024-03-21T19:39:29.682Z,lsm6dso gyroscope sensor,-0.264581,-0.0143553335,-0.30153835,3
712742458946246,2024-03-21T19:39:29.702Z,lsm6dso gyroscope sensor,-0.28718302,0.03268129,-0.22151501,3
712742478946946,2024-03-21T19:39:29.722Z,lsm6dso gyroscope sensor,-0.2841287,0.18417588,-0.14454599,3
712742498946946,2024-03-21T19:39:29.742Z,lsm6dso gyroscope sensor,-0.24503332,0.41325033,-0.08040514,3
712742518946946,2024-03-21T19:39:29.762Z,lsm6dso gyroscope sensor,-0.16256651,0.4999932,0.013057245,3
712742538947679,2024-03-21T19:39:29.781Z,lsm6dso gyroscope sensor,-0.08498663,0.4120286,0.14805846,3
712742558947645,2024-03-21T19:39:29.802Z,lsm6dso gyroscope sensor,-0.019013181,0.06688975,0.3930154,3
712742578947645,2024-03-21T19:39:29.822Z,lsm6dso gyroscope sensor,-0.07765625,-0.4120286,0.43883032,3
712742598947645,2024-03-21T19:39:29.842Z,lsm6dso gyroscope sensor,-0.11308643,-0.57818395,0.39118284,3
712742618947911,2024-03-21T19:39:29.862Z,lsm6dso gyroscope sensor,-0.24381159,0.17379116,0.5054146,3
712742638947911,2024-03-21T19:39:29.881Z,lsm6dso gyroscope sensor,-0.52053356,0.310625,0.34292448,3
712742658947911,2024-03-21T19:39:29.902Z,lsm6dso gyroscope sensor,-0.34949127,0.45051312,0.19876029,3
712742678947911,2024-03-21T19:39:29.922Z,lsm6dso gyroscope sensor,-0.5742897,0.655153,0.24396431,3
712742698947911,2024-03-21T19:39:29.942Z,lsm6dso gyroscope sensor,-0.65797824,0.3387248,-0.0071013086,3
712742718947611,2024-03-21T19:39:29.962Z,lsm6dso gyroscope sensor,-0.6549239,0.24587326,-0.49457178,3
712742738947611,2024-03-21T19:39:29.982Z,lsm6dso gyroscope sensor,-0.8302422,0.32528573,-0.7083746,3
712742758947877,2024-03-21T19:39:30.001Z,lsm6dso gyroscope sensor,-0.75449497,0.25686884,-0.60758185,3
712742778947877,2024-03-21T19:39:30.021Z,lsm6dso gyroscope sensor,-0.5938374,-0.06078109,-0.43226352,3
712742798947877,2024-03-21T19:39:30.041Z,lsm6dso gyroscope sensor,-0.65614563,-0.44623706,-0.3198643,3
712742818947877,2024-03-21T19:39:30.062Z,lsm6dso gyroscope sensor,-0.5614615,-0.9111055,-0.3534619,3
712742838947877,2024-03-21T19:39:30.082Z,lsm6dso gyroscope sensor,-0.3928627,-0.9636399,-0.39866593,3
712742858947577,2024-03-21T19:39:30.101Z,lsm6dso gyroscope sensor,-0.28901562,-0.691194,-0.47380236,3
712742878947577,2024-03-21T19:39:30.121Z,lsm6dso gyroscope sensor,-0.25663975,-0.29535335,-0.5275585,3
712742898947577,2024-03-21T19:39:30.141Z,lsm6dso gyroscope sensor,-0.29756773,0.038789943,-0.47868928,3
712742918947577,2024-03-21T19:39:30.162Z,lsm6dso gyroscope sensor,-0.33788484,0.30757064,-0.25938866,3
712742938947577,2024-03-21T19:39:30.181Z,lsm6dso gyroscope sensor,-0.30123293,0.59956425,-0.09445504,3
712742958947577,2024-03-21T19:39:30.202Z,lsm6dso gyroscope sensor,-0.26885706,0.75777835,-0.08345947,3
712742978947577,2024-03-21T19:39:30.222Z,lsm6dso gyroscope sensor,-0.22059871,0.5329799,-0.11766792,3
712742998947577,2024-03-21T19:39:30.242Z,lsm6dso gyroscope sensor,-0.08743009,0.50488013,-0.059024855,3
712743018947577,2024-03-21T19:39:30.261Z,lsm6dso gyroscope sensor,0.0463494,0.38698313,0.04848743,3
712743038947577,2024-03-21T19:39:30.281Z,lsm6dso gyroscope sensor,0.2607631,0.4016439,-0.055970527,3
712743058947577,2024-03-21T19:39:30.301Z,lsm6dso gyroscope sensor,0.24121541,0.010079277,-0.14698945,3
712743078947577,2024-03-21T19:39:30.322Z,lsm6dso gyroscope sensor,-0.07948884,-0.48349985,-0.41760275,3
712743098947577,2024-03-21T19:39:30.341Z,lsm6dso gyroscope sensor,-0.23281601,-0.70096785,-0.6472881,3
712743118947843,2024-03-21T19:39:30.361Z,lsm6dso gyroscope sensor,-0.15096007,-0.8402451,-0.6100253,3
712743138947843,2024-03-21T19:39:30.381Z,lsm6dso gyroscope sensor,-0.024510968,-0.48288897,-0.371177,3
712743158947843,2024-03-21T19:39:30.402Z,lsm6dso gyroscope sensor,0.038408153,0.31856623,-0.4292092,3
712743178947843,2024-03-21T19:39:30.421Z,lsm6dso gyroscope sensor,-0.15890132,0.12736541,-0.33574682,3
712743198947843,2024-03-21T19:39:30.441Z,lsm6dso gyroscope sensor,-0.29573515,0.1872302,-0.47746754,3
712743218947576,2024-03-21T19:39:30.461Z,lsm6dso gyroscope sensor,-0.33055446,0.35155296,-0.5971971,3
712743238947576,2024-03-21T19:39:30.481Z,lsm6dso gyroscope sensor,-0.015347989,0.20861048,-0.47685668,3
712743258947809,2024-03-21T19:39:30.501Z,lsm6dso gyroscope sensor,0.13125966,-0.013133603,-0.02603813,3
712743278947809,2024-03-21T19:39:30.522Z,lsm6dso gyroscope sensor,0.134314,-0.1957823,0.14256068,3
712743298947809,2024-03-21T19:39:30.542Z,lsm6dso gyroscope sensor,-0.06971499,-0.52381694,0.16210836,3
712743318947809,2024-03-21T19:39:30.562Z,lsm6dso gyroscope sensor,-0.1924989,-0.73456544,0.001450805,3
712743338947809,2024-03-21T19:39:30.581Z,lsm6dso gyroscope sensor,-0.2083814,-0.7498371,-0.13293955,3
712743358947542,2024-03-21T19:39:30.601Z,lsm6dso gyroscope sensor,-0.072158456,-0.5152648,-0.1249983,3
712743378947542,2024-03-21T19:39:30.622Z,lsm6dso gyroscope sensor,-0.06727154,-0.14508049,0.035659257,3
712743398947542,2024-03-21T19:39:30.642Z,lsm6dso gyroscope sensor,-0.048945576,0.016187929,0.14011721,3
712743418947542,2024-03-21T19:39:30.661Z,lsm6dso gyroscope sensor,-0.1662317,0.06383542,0.13217597,3
712743438947542,2024-03-21T19:39:30.682Z,lsm6dso gyroscope sensor,-0.27496573,0.087659165,-0.003436117,3
712743458947542,2024-03-21T19:39:30.702Z,lsm6dso gyroscope sensor,-0.42218423,0.27458394,-0.19097175,3
712743478947542,2024-03-21T19:39:30.722Z,lsm6dso gyroscope sensor,-0.34338263,0.39064834,-0.23067799,3
712743498947542,2024-03-21T19:39:30.741Z,lsm6dso gyroscope sensor,-0.16012305,0.5403103,-0.20807597,3
712743518947542,2024-03-21T19:39:30.762Z,lsm6dso gyroscope sensor,-0.10942124,0.4908302,-0.19463694,3
712743538947542,2024-03-21T19:39:30.782Z,lsm6dso gyroscope sensor,-0.14240795,0.32467487,-0.18791743,3
712743558947542,2024-03-21T19:39:30.801Z,lsm6dso gyroscope sensor,-0.19372064,0.22449298,-0.13416128,3
712743578947542,2024-03-21T19:39:30.822Z,lsm6dso gyroscope sensor,-0.2541963,0.30818152,-0.05047274,3
712743598947542,2024-03-21T19:39:30.841Z,lsm6dso gyroscope sensor,-0.24503332,0.3381139,0.083306745,3
712743618947808,2024-03-21T19:39:30.862Z,lsm6dso gyroscope sensor,-0.036728274,0.22571471,0.2653446,3
712743638947808,2024-03-21T19:39:30.881Z,lsm6dso gyroscope sensor,0.057344973,0.024129177,0.45837802,3
712743658947808,2024-03-21T19:39:30.901Z,lsm6dso gyroscope sensor,0.027412578,-0.38759398,0.444939,3
712743678947808,2024-03-21T19:39:30.922Z,lsm6dso gyroscope sensor,0.06528623,-0.12675454,0.43149993,3
712743698947808,2024-03-21T19:39:30.941Z,lsm6dso gyroscope sensor,-0.12102768,0.24037547,0.45226935,3
712743718947541,2024-03-21T19:39:30.961Z,lsm6dso gyroscope sensor,-0.014126259,0.42119157,0.2738967,3
712743738947541,2024-03-21T19:39:30.982Z,lsm6dso gyroscope sensor,-0.05138904,0.732122,0.40706533,3
712743758947807,2024-03-21T19:39:31.002Z,lsm6dso gyroscope sensor,0.037797287,0.23609942,0.4113414,3
712743778947807,2024-03-21T19:39:31.022Z,lsm6dso gyroscope sensor,-0.07399105,-0.19150625,-0.010155635,3
712743798947807,2024-03-21T19:39:31.042Z,lsm6dso gyroscope sensor,-0.42157337,-0.28313604,-0.46525025,3
712743818947807,2024-03-21T19:39:31.061Z,lsm6dso gyroscope sensor,-0.39591703,-0.24281894,-0.5538257,3
712743838947807,2024-03-21T19:39:31.082Z,lsm6dso gyroscope sensor,-0.2786309,-0.30940324,-0.39011383,3
712743858947573,2024-03-21T19:39:31.101Z,lsm6dso gyroscope sensor,-0.102701716,-0.35827246,-0.20624338,3
712743878947573,2024-03-21T19:39:31.122Z,lsm6dso gyroscope sensor,0.043295074,-0.30818152,0.006337727,3
712743898947573,2024-03-21T19:39:31.142Z,lsm6dso gyroscope sensor,0.1764637,-0.124311075,0.055206947,3
712743918947573,2024-03-21T19:39:31.162Z,lsm6dso gyroscope sensor,0.2906955,-0.09865474,-0.0046578473,3
712743938947573,2024-03-21T19:39:31.182Z,lsm6dso gyroscope sensor,0.4085925,-0.020463986,-0.05719226,3
712743958947573,2024-03-21T19:39:31.202Z,lsm6dso gyroscope sensor,0.42569673,0.18845193,-0.016875152,3
712743978947573,2024-03-21T19:39:31.222Z,lsm6dso gyroscope sensor,0.38171443,0.40225476,0.08636107,3
712743998947573,2024-03-21T19:39:31.242Z,lsm6dso gyroscope sensor,0.3908774,0.5109888,0.20731239,3
712744018947573,2024-03-21T19:39:31.261Z,lsm6dso gyroscope sensor,0.46540296,0.47800204,0.29283354,3
712744038947573,2024-03-21T19:39:31.282Z,lsm6dso gyroscope sensor,0.49228102,0.3436117,0.34109187,3
712744058947573,2024-03-21T19:39:31.301Z,lsm6dso gyroscope sensor,0.5057201,0.2049453,0.36613736,3
712744078947573,2024-03-21T19:39:31.322Z,lsm6dso gyroscope sensor,0.53015465,0.13469578,0.3319289,3
712744098947573,2024-03-21T19:39:31.342Z,lsm6dso gyroscope sensor,0.6168975,0.34972036,0.26962066,3
712744118947606,2024-03-21T19:39:31.362Z,lsm6dso gyroscope sensor,0.6126215,0.54336464,0.2842814,3
712744138947606,2024-03-21T19:39:31.382Z,lsm6dso gyroscope sensor,0.45318565,0.38698313,0.09063713,3
712744158947606,2024-03-21T19:39:31.401Z,lsm6dso gyroscope sensor,0.28580856,0.10415252,-0.2954297,3
712744178947606,2024-03-21T19:39:31.421Z,lsm6dso gyroscope sensor,0.32307136,-0.5152648,-0.32230777,3
712744198947606,2024-03-21T19:39:31.442Z,lsm6dso gyroscope sensor,0.43547055,-0.97585726,-0.081016004,3
712744218947339,2024-03-21T19:39:31.461Z,lsm6dso gyroscope sensor,0.4049273,-0.73884153,-0.11339186,3
712744238947339,2024-03-21T19:39:31.481Z,lsm6dso gyroscope sensor,0.49411362,-0.32711834,-0.19646953,3
712744258947605,2024-03-21T19:39:31.501Z,lsm6dso gyroscope sensor,0.3169627,-0.122478485,-0.2514474,3
712744278947605,2024-03-21T19:39:31.522Z,lsm6dso gyroscope sensor,0.12209669,0.52564955,-0.46158504,3
712744298947605,2024-03-21T19:39:31.542Z,lsm6dso gyroscope sensor,0.3908774,0.66859204,-0.3375794,3
712744318947605,2024-03-21T19:39:31.561Z,lsm6dso gyroscope sensor,0.77816594,0.39064834,0.66179615,3
712744338947605,2024-03-21T19:39:31.581Z,lsm6dso gyroscope sensor,1.0976485,0.42180246,1.3233632,3
712744358947338,2024-03-21T19:39:31.601Z,lsm6dso gyroscope sensor,0.9913579,0.30024028,1.2500594,3
712744378947338,2024-03-21T19:39:31.622Z,lsm6dso gyroscope sensor,0.5857434,-0.19394971,0.6898959,3
712744398947338,2024-03-21T19:39:31.642Z,lsm6dso gyroscope sensor,0.03901902,-0.6178902,0.18898644,3
712744418947338,2024-03-21T19:39:31.662Z,lsm6dso gyroscope sensor,0.08055785,-1.0021244,-0.10483975,3
712744438947338,2024-03-21T19:39:31.681Z,lsm6dso gyroscope sensor,0.2485458,-0.8585711,0.015500706,3
712744458947338,2024-03-21T19:39:31.701Z,lsm6dso gyroscope sensor,0.17096591,-0.43585235,0.18898644,3
712744478947338,2024-03-21T19:39:31.722Z,lsm6dso gyroscope sensor,0.24365887,-0.04917465,0.2775619,3
712744498947338,2024-03-21T19:39:31.741Z,lsm6dso gyroscope sensor,0.12148582,0.2996294,0.34720054,3
712744518947338,2024-03-21T19:39:31.762Z,lsm6dso gyroscope sensor,-0.040393464,0.7473936,0.24824037,3
712744538947338,2024-03-21T19:39:31.781Z,lsm6dso gyroscope sensor,-0.07338019,0.9306532,0.05642868,3
712744558947338,2024-03-21T19:39:31.801Z,lsm6dso gyroscope sensor,-0.040393464,0.79198676,-0.07918341,3
712744578947338,2024-03-21T19:39:31.821Z,lsm6dso gyroscope sensor,-0.0397826,0.42546764,-0.14698945,3
712744598947338,2024-03-21T19:39:31.841Z,lsm6dso gyroscope sensor,-0.1118647,-0.07666359,-0.14943291,3
712744618947571,2024-03-21T19:39:31.861Z,lsm6dso gyroscope sensor,-0.1521818,-0.5207626,-0.08162687,3
712744638947571,2024-03-21T19:39:31.882Z,lsm6dso gyroscope sensor,-0.24564418,-0.61117065,-0.011377365,3
712744658947571,2024-03-21T19:39:31.901Z,lsm6dso gyroscope sensor,-0.17111863,-0.37720928,0.02893974,3
712744678947571,2024-03-21T19:39:31.921Z,lsm6dso gyroscope sensor,0.02313652,-0.13775012,0.15538885,3
712744698947571,2024-03-21T19:39:31.941Z,lsm6dso gyroscope sensor,0.2149482,-0.0125227375,0.5115233,3
712744718947537,2024-03-21T19:39:31.962Z,lsm6dso gyroscope sensor,0.37071884,-0.1731803,0.8126798,3
712744738947537,2024-03-21T19:39:31.981Z,lsm6dso gyroscope sensor,0.30841058,0.17440203,0.69539374,3
712744758947803,2024-03-21T19:39:32.001Z,lsm6dso gyroscope sensor,-0.083764896,0.5934556,0.40156755,3
712744778947803,2024-03-21T19:39:32.022Z,lsm6dso gyroscope sensor,-0.2120466,0.64476824,0.08819367,3
712744798947803,2024-03-21T19:39:32.041Z,lsm6dso gyroscope sensor,-0.19921842,0.88117313,0.13645202,3
712744818947803,2024-03-21T19:39:32.062Z,lsm6dso gyroscope sensor,-0.45761442,0.6123924,0.06925685,3
712744838947803,2024-03-21T19:39:32.081Z,lsm6dso gyroscope sensor,-0.5272531,0.0571159,-0.35651624,3
712744858947536,2024-03-21T19:39:32.101Z,lsm6dso gyroscope sensor,-0.6347653,-0.3820962,-0.6869943,3
712744878947536,2024-03-21T19:39:32.122Z,lsm6dso gyroscope sensor,-0.85101163,-0.59406644,-0.80794567,3
712744898947536,2024-03-21T19:39:32.141Z,lsm6dso gyroscope sensor,-0.7990881,-0.6038403,-0.75357866,3
712744918947536,2024-03-21T19:39:32.162Z,lsm6dso gyroscope sensor,-0.5755114,-0.54825157,-0.53427804,3
712744938947536,2024-03-21T19:39:32.182Z,lsm6dso gyroscope sensor,-0.5492442,-0.48655418,-0.32414037,3
712744958947536,2024-03-21T19:39:32.201Z,lsm6dso gyroscope sensor,-0.53763777,-0.3912592,-0.3638466,3
712744978947536,2024-03-21T19:39:32.222Z,lsm6dso gyroscope sensor,-0.391641,-0.35827246,-0.35590535,3
712744998947536,2024-03-21T19:39:32.242Z,lsm6dso gyroscope sensor,-0.15890132,-0.31245756,-0.2795472,3
712745018947802,2024-03-21T19:39:32.261Z,lsm6dso gyroscope sensor,-0.03611741,-0.18478674,-0.24839307,3
712745038947802,2024-03-21T19:39:32.281Z,lsm6dso gyroscope sensor,0.014584408,0.04428773,-0.23251058,3
712745058947802,2024-03-21T19:39:32.301Z,lsm6dso gyroscope sensor,0.034132097,0.38881573,-0.17753272,3
712745078947802,2024-03-21T19:39:32.322Z,lsm6dso gyroscope sensor,0.029245174,0.7443393,-0.04558582,3
712745098947802,2024-03-21T19:39:32.341Z,lsm6dso gyroscope sensor,0.106214195,0.84635377,0.04665483,3
712745118948068,2024-03-21T19:39:32.362Z,lsm6dso gyroscope sensor,0.18501581,0.65209866,0.1333977,3
712745138948068,2024-03-21T19:39:32.382Z,lsm6dso gyroscope sensor,0.26320657,0.27580565,0.17004961,3
712745158948068,2024-03-21T19:39:32.402Z,lsm6dso gyroscope sensor,0.3560581,-0.035124753,0.11018482,3
712745178948068,2024-03-21T19:39:32.422Z,lsm6dso gyroscope sensor,0.34445164,-0.26725355,-0.012599096,3
712745198948068,2024-03-21T19:39:32.442Z,lsm6dso gyroscope sensor,-0.028787024,-0.50488013,-0.2972623,3
712745218947834,2024-03-21T19:39:32.462Z,lsm6dso gyroscope sensor,-0.27740917,-0.50793445,-0.67966396,3
712745238947834,2024-03-21T19:39:32.482Z,lsm6dso gyroscope sensor,-0.25847235,-0.2452624,-0.74808085,3
712745258948100,2024-03-21T19:39:32.502Z,lsm6dso gyroscope sensor,-0.16500998,0.5109888,-0.6362925,3
712745278948100,2024-03-21T19:39:32.522Z,lsm6dso gyroscope sensor,-0.05933029,0.84329945,-0.46891543,3
712745298948100,2024-03-21T19:39:32.542Z,lsm6dso gyroscope sensor,-0.025121834,0.75655663,-0.4432591,3
712745318948100,2024-03-21T19:39:32.562Z,lsm6dso gyroscope sensor,-0.20166188,0.9166033,-0.72731143,3
712745338948100,2024-03-21T19:39:32.581Z,lsm6dso gyroscope sensor,-0.18516853,0.3417791,-0.51534116,3
712745358947833,2024-03-21T19:39:32.601Z,lsm6dso gyroscope sensor,0.5631414,-0.47494772,-0.00038179077,3
712745378947833,2024-03-21T19:39:32.621Z,lsm6dso gyroscope sensor,0.7897724,-1.0906999,0.9397398,3
712745398947833,2024-03-21T19:39:32.642Z,lsm6dso gyroscope sensor,0.75373137,-1.0192287,1.1223885,3
712745418947833,2024-03-21T19:39:32.662Z,lsm6dso gyroscope sensor,0.48678324,-0.59589905,0.78641266,3
712745438947833,2024-03-21T19:39:32.682Z,lsm6dso gyroscope sensor,0.1202641,-0.16340645,0.22686008,3
712745458947833,2024-03-21T19:39:32.701Z,lsm6dso gyroscope sensor,-0.124692865,0.04795292,-0.21174116,3
712745478947833,2024-03-21T19:39:32.722Z,lsm6dso gyroscope sensor,0.101938136,-0.04734206,-0.2813798,3
712745498947833,2024-03-21T19:39:32.742Z,lsm6dso gyroscope sensor,-0.058719423,-0.1695151,-0.085292056,3
712745518947833,2024-03-21T19:39:32.762Z,lsm6dso gyroscope sensor,-0.19738583,-0.28130344,0.047265697,3
712745538947833,2024-03-21T19:39:32.782Z,lsm6dso gyroscope sensor,-0.24503332,-0.22021692,0.083306745,3
712745558947833,2024-03-21T19:39:32.801Z,lsm6dso gyroscope sensor,-0.20960313,0.09560041,0.05337435,3
712745578947833,2024-03-21T19:39:32.821Z,lsm6dso gyroscope sensor,-0.22182044,0.49571714,-0.10789407,3
712745598947833,2024-03-21T19:39:32.842Z,lsm6dso gyroscope sensor,-0.1698969,0.59956425,-0.21418463,3
712745618947833,2024-03-21T19:39:32.862Z,lsm6dso gyroscope sensor,-0.110032104,0.5152648,-0.17692184,3
712745638947833,2024-03-21T19:39:32.882Z,lsm6dso gyroscope sensor,-0.082543164,0.39370266,-0.092622444,3
712745658947833,2024-03-21T19:39:32.901Z,lsm6dso gyroscope sensor,-0.14118622,0.42424592,-0.07612908,3
712745678947833,2024-03-21T19:39:32.922Z,lsm6dso gyroscope sensor,-0.18639025,0.40653083,-0.092622444,3
712745698947833,2024-03-21T19:39:32.942Z,lsm6dso gyroscope sensor,-0.1735621,0.124311075,0.044211373,3
712745718947566,2024-03-21T19:39:32.962Z,lsm6dso gyroscope sensor,0.03596469,-0.2171626,0.26595545,3
712745738947566,2024-03-21T19:39:32.982Z,lsm6dso gyroscope sensor,0.26015225,-0.89766645,0.562836,3
712745758947832,2024-03-21T19:39:33.002Z,lsm6dso gyroscope sensor,0.14103352,-1.6557503,0.75281507,3
712745778947832,2024-03-21T19:39:33.022Z,lsm6dso gyroscope sensor,-0.19799669,-1.7754798,0.4095088,3
712745798947832,2024-03-21T19:39:33.041Z,lsm6dso gyroscope sensor,-0.57001364,-0.75533485,0.14500414,3
712745818947832,2024-03-21T19:39:33.061Z,lsm6dso gyroscope sensor,-0.8271879,0.45845437,0.33315063,3
712745838947832,2024-03-21T19:39:33.082Z,lsm6dso gyroscope sensor,-0.9744064,0.8542951,-0.052916203,3
712745858947565,2024-03-21T19:39:33.102Z,lsm6dso gyroscope sensor,-1.025719,1.185384,-0.26794076,3
712745878947565,2024-03-21T19:39:33.121Z,lsm6dso gyroscope sensor,-0.6836346,1.0424415,-0.08651379,3
712745898947565,2024-03-21T19:39:33.142Z,lsm6dso gyroscope sensor,-0.5260313,0.732122,-0.17325665,3
712745918947565,2024-03-21T19:39:33.162Z,lsm6dso gyroscope sensor,-0.5449681,0.12308934,-0.38950294,3
712745938947565,2024-03-21T19:39:33.181Z,lsm6dso gyroscope sensor,-0.5058728,-0.78893244,-0.29848403,3
712745958947565,2024-03-21T19:39:33.202Z,lsm6dso gyroscope sensor,-0.28779387,-1.3057245,-0.25083655,3
712745978947565,2024-03-21T19:39:33.222Z,lsm6dso gyroscope sensor,-0.3843106,-1.4908166,-0.18364136,3
712745998947565,2024-03-21T19:39:33.241Z,lsm6dso gyroscope sensor,-0.41729733,-1.1737776,-0.12072224,3
712746018947565,2024-03-21T19:39:33.261Z,lsm6dso gyroscope sensor,-0.13141239,-0.3210097,-0.13171782,3
712746038947565,2024-03-21T19:39:33.282Z,lsm6dso gyroscope sensor,0.1605812,0.2501493,-0.09140071,3
712746058947565,2024-03-21T19:39:33.302Z,lsm6dso gyroscope sensor,0.3664428,0.49205196,-0.003436117,3
712746078947565,2024-03-21T19:39:33.322Z,lsm6dso gyroscope sensor,0.5271003,0.48655418,0.15538885,3
712746098947565,2024-03-21T19:39:33.342Z,lsm6dso gyroscope sensor,0.62911487,0.4615087,0.31604642,3
712746118947831,2024-03-21T19:39:33.361Z,lsm6dso gyroscope sensor,0.60834545,0.4297437,0.33315063,3
712746138947831,2024-03-21T19:39:33.381Z,lsm6dso gyroscope sensor,0.57230437,0.3051272,0.26229027,3
712746158947831,2024-03-21T19:39:33.401Z,lsm6dso gyroscope sensor,0.57291526,0.1872302,0.24274258,3
712746178947831,2024-03-21T19:39:33.422Z,lsm6dso gyroscope sensor,0.5582545,0.26908615,0.2598468,3
712746198947831,2024-03-21T19:39:33.442Z,lsm6dso gyroscope sensor,0.53443074,0.4279111,0.28367054,3
712746218947564,2024-03-21T19:39:33.462Z,lsm6dso gyroscope sensor,0.4647921,0.54153204,0.3197116,3
712746238947564,2024-03-21T19:39:33.482Z,lsm6dso gyroscope sensor,0.29924762,0.41386122,-0.047418416,3
712746258947830,2024-03-21T19:39:33.502Z,lsm6dso gyroscope sensor,-0.0012980887,-0.2666427,-0.58742326,3
712746278947830,2024-03-21T19:39:33.521Z,lsm6dso gyroscope sensor,-0.07704538,-1.135293,-0.64301205,3
712746298947830,2024-03-21T19:39:33.541Z,lsm6dso gyroscope sensor,0.1288162,-1.5036448,-0.36323574,3
712746318947830,2024-03-21T19:39:33.561Z,lsm6dso gyroscope sensor,0.46540296,-1.1432343,-0.13965906,3
712746338947830,2024-03-21T19:39:33.582Z,lsm6dso gyroscope sensor,0.7158577,-0.31856623,-0.330249,3
712746358947563,2024-03-21T19:39:33.601Z,lsm6dso gyroscope sensor,0.80321145,-0.28680122,-0.25450173,3
712746378947563,2024-03-21T19:39:33.622Z,lsm6dso gyroscope sensor,0.4715116,0.20922135,-0.2569452,3
712746398947563,2024-03-21T19:39:33.642Z,lsm6dso gyroscope sensor,0.24426974,0.75228053,-0.32780555,3
712746418947563,2024-03-21T19:39:33.661Z,lsm6dso gyroscope sensor,0.40920335,0.9251554,-0.11217013,3
712746438947563,2024-03-21T19:39:33.681Z,lsm6dso gyroscope sensor,0.6657668,0.7315111,0.36735907,3
712746458947563,2024-03-21T19:39:33.701Z,lsm6dso gyroscope sensor,0.45135304,0.13347405,0.46998444,3
712746478947563,2024-03-21T19:39:33.721Z,lsm6dso gyroscope sensor,0.21983513,-0.4908302,0.40340012,3
712746498947563,2024-03-21T19:39:33.741Z,lsm6dso gyroscope sensor,0.012140946,-0.79381937,0.18654297,3
712746518947563,2024-03-21T19:39:33.761Z,lsm6dso gyroscope sensor,-0.08071057,-0.95447695,0.060704734,3
712746538947563,2024-03-21T19:39:33.782Z,lsm6dso gyroscope sensor,0.20700696,-0.75716746,0.099189244,3
712746558947563,2024-03-21T19:39:33.801Z,lsm6dso gyroscope sensor,0.04512767,-0.18478674,0.2213623,3
712746578947563,2024-03-21T19:39:33.821Z,lsm6dso gyroscope sensor,-0.041615196,0.24037547,0.2476295,3
712746598947563,2024-03-21T19:39:33.841Z,lsm6dso gyroscope sensor,-0.16928603,0.52687126,0.23663393,3
712746618947829,2024-03-21T19:39:33.862Z,lsm6dso gyroscope sensor,-0.1857794,0.6215554,0.16271923,3
712746638947829,2024-03-21T19:39:33.882Z,lsm6dso gyroscope sensor,-0.178449,0.5317582,0.024663685,3
712746658947829,2024-03-21T19:39:33.901Z,lsm6dso gyroscope sensor,-0.10942124,0.4279111,-0.07246389,3
712746678947829,2024-03-21T19:39:33.921Z,lsm6dso gyroscope sensor,-0.039171733,0.2489276,-0.18608482,3
712746698947829,2024-03-21T19:39:33.941Z,lsm6dso gyroscope sensor,-0.122860275,0.055283304,-0.24228443,3
712746718947562,2024-03-21T19:39:33.961Z,lsm6dso gyroscope sensor,-0.16562083,0.015577064,-0.19036089,3
712746738947562,2024-03-21T19:39:33.981Z,lsm6dso gyroscope sensor,-0.13507758,0.030848695,-0.0052687125,3
712746758947795,2024-03-21T19:39:34.001Z,lsm6dso gyroscope sensor,0.010308351,0.06627888,0.22686008,3
712746778947795,2024-03-21T19:39:34.021Z,lsm6dso gyroscope sensor,0.21800253,0.11759156,0.46082148,3
712746798947795,2024-03-21T19:39:34.041Z,lsm6dso gyroscope sensor,0.30657798,0.10476339,0.60559654,3
712746818947795,2024-03-21T19:39:34.062Z,lsm6dso gyroscope sensor,0.11110111,-0.32406402,0.5280166,3
712746838947795,2024-03-21T19:39:34.082Z,lsm6dso gyroscope sensor,0.0011453723,-0.3643811,0.30321825,3
712746858947528,2024-03-21T19:39:34.101Z,lsm6dso gyroscope sensor,-0.17783815,0.5488624,0.5231297,3
712746878947528,2024-03-21T19:39:34.121Z,lsm6dso gyroscope sensor,-0.44845146,0.58184916,0.4828126,3
712746898947528,2024-03-21T19:39:34.141Z,lsm6dso gyroscope sensor,-0.21876612,0.8744536,0.3093269,3
712746918947528,2024-03-21T19:39:34.161Z,lsm6dso gyroscope sensor,-0.41485387,0.7626653,0.18898644,3
712746938947528,2024-03-21T19:39:34.182Z,lsm6dso gyroscope sensor,-0.5022076,0.18600847,-0.1866957,3
712746958947528,2024-03-21T19:39:34.202Z,lsm6dso gyroscope sensor,-0.4967098,-0.17256944,-0.5593235,3
712746978947528,2024-03-21T19:39:34.221Z,lsm6dso gyroscope sensor,-0.5791766,-0.37293324,-0.6851617,3
712746998947528,2024-03-21T19:39:34.242Z,lsm6dso gyroscope sensor,-0.5565746,-0.5317582,-0.47563496,3
712747018947528,2024-03-21T19:39:34.262Z,lsm6dso gyroscope sensor,-0.4282929,-0.64843345,-0.33574682,3
712747038947528,2024-03-21T19:39:34.282Z,lsm6dso gyroscope sensor,-0.58345264,-0.7125743,-0.17508925,3
712747058947528,2024-03-21T19:39:34.302Z,lsm6dso gyroscope sensor,-0.44967318,-0.62888575,-0.2111303,3
712747078947528,2024-03-21T19:39:34.321Z,lsm6dso gyroscope sensor,-0.24197899,-0.23793201,-0.33147076,3
712747098947528,2024-03-21T19:39:34.341Z,lsm6dso gyroscope sensor,-0.07765625,0.08032878,-0.4096615,3
712747118947794,2024-03-21T19:39:34.362Z,lsm6dso gyroscope sensor,-0.028176159,0.32345316,-0.37362045,3
712747138947794,2024-03-21T19:39:34.381Z,lsm6dso gyroscope sensor,-0.028176159,0.49693888,-0.22273675,3
712747158947794,2024-03-21T19:39:34.402Z,lsm6dso gyroscope sensor,-0.02023491,0.54153204,-0.044974953,3
712747178947794,2024-03-21T19:39:34.422Z,lsm6dso gyroscope sensor,0.038408153,0.5030475,0.06498079,3
712747198947794,2024-03-21T19:39:34.441Z,lsm6dso gyroscope sensor,0.11293371,0.36926803,0.11323915,3
712747218947527,2024-03-21T19:39:34.461Z,lsm6dso gyroscope sensor,0.13492486,0.22388211,0.12301299,3
712747238947527,2024-03-21T19:39:34.481Z,lsm6dso gyroscope sensor,0.13981178,0.20861048,0.08391761,3
712747258947793,2024-03-21T19:39:34.501Z,lsm6dso gyroscope sensor,0.16302466,0.3295618,0.030772336,3
712747278947793,2024-03-21T19:39:34.521Z,lsm6dso gyroscope sensor,0.25282186,0.50793445,-0.0077121737,3
712747298947793,2024-03-21T19:39:34.541Z,lsm6dso gyroscope sensor,0.16913332,0.3368922,-0.07185303,3
712747318947793,2024-03-21T19:39:34.561Z,lsm6dso gyroscope sensor,-0.12713633,0.083383106,-0.36018142,3
712747338947793,2024-03-21T19:39:34.581Z,lsm6dso gyroscope sensor,-0.14057536,-0.31245756,-0.57092994,3
712747358947559,2024-03-21T19:39:34.602Z,lsm6dso gyroscope sensor,-0.011682798,-0.82863873,-0.4084398,3
712747378947559,2024-03-21T19:39:34.622Z,lsm6dso gyroscope sensor,-0.02939789,-0.5946773,-0.32414037,3
712747398947559,2024-03-21T19:39:34.641Z,lsm6dso gyroscope sensor,0.067118816,0.20311269,-0.62041,3
712747418947559,2024-03-21T19:39:34.661Z,lsm6dso gyroscope sensor,0.13309227,0.10476339,-0.39011383,3
712747438947559,2024-03-21T19:39:34.682Z,lsm6dso gyroscope sensor,-0.0061850105,0.18173242,-0.3748422,3
712747458947559,2024-03-21T19:39:34.701Z,lsm6dso gyroscope sensor,-0.24136813,0.6612616,-0.5953645,3
712747478947559,2024-03-21T19:39:34.722Z,lsm6dso gyroscope sensor,-0.023289237,0.51159966,-0.4432591,3
712747498947559,2024-03-21T19:39:34.741Z,lsm6dso gyroscope sensor,0.29680416,0.4120286,0.1559997,3
712747518947559,2024-03-21T19:39:34.762Z,lsm6dso gyroscope sensor,0.22777638,0.410196,0.45410195,3
712747538947559,2024-03-21T19:39:34.781Z,lsm6dso gyroscope sensor,0.14225525,-0.05222898,0.45226935,3
712747558947559,2024-03-21T19:39:34.802Z,lsm6dso gyroscope sensor,0.024358252,-0.5317582,0.2561816,3
712747578947559,2024-03-21T19:39:34.822Z,lsm6dso gyroscope sensor,-0.15462527,-0.7266242,0.04604397,3
712747598947559,2024-03-21T19:39:34.841Z,lsm6dso gyroscope sensor,-0.046502117,-0.6398814,0.013057245,3
712747618947825,2024-03-21T19:39:34.861Z,lsm6dso gyroscope sensor,-0.14362969,-0.27152961,0.110795684,3
712747638947825,2024-03-21T19:39:34.882Z,lsm6dso gyroscope sensor,-0.08315403,-0.014966198,0.18593211,3
712747658947825,2024-03-21T19:39:34.902Z,lsm6dso gyroscope sensor,-0.06604981,0.16707164,0.25923595,3
712747678947825,2024-03-21T19:39:34.921Z,lsm6dso gyroscope sensor,-0.14912748,0.38087448,0.2738967,3
712747698947825,2024-03-21T19:39:34.942Z,lsm6dso gyroscope sensor,-0.31528282,0.6398814,0.084528476,3
712747718947558,2024-03-21T19:39:34.962Z,lsm6dso gyroscope sensor,-0.3898084,0.74189585,-0.10300715,3
712747738947558,2024-03-21T19:39:34.981Z,lsm6dso gyroscope sensor,-0.29573515,0.69974613,-0.26610819,3
712747758947824,2024-03-21T19:39:35.001Z,lsm6dso gyroscope sensor,-0.16562083,0.46883908,-0.28932106,3
712747778947824,2024-03-21T19:39:35.021Z,lsm6dso gyroscope sensor,-0.063606344,0.06505715,-0.14576772,3
712747798947824,2024-03-21T19:39:35.042Z,lsm6dso gyroscope sensor,-0.04955644,-0.35521814,0.043600507,3
712747818947824,2024-03-21T19:39:35.061Z,lsm6dso gyroscope sensor,-0.1521818,-0.54641896,0.14256068,3
712747838947824,2024-03-21T19:39:35.081Z,lsm6dso gyroscope sensor,-0.12347114,-0.5684101,0.15050192,3
712747858947557,2024-03-21T19:39:35.102Z,lsm6dso gyroscope sensor,0.007254025,-0.42546764,0.2738967,3
712747878947557,2024-03-21T19:39:35.121Z,lsm6dso gyroscope sensor,0.13370313,-0.28130344,0.51213413,3
712747898947557,2024-03-21T19:39:35.141Z,lsm6dso gyroscope sensor,0.1605812,-0.3381139,0.5952118,3
712747918947557,2024-03-21T19:39:35.162Z,lsm6dso gyroscope sensor,0.11904237,-0.116980694,0.5023603,3
712747938947557,2024-03-21T19:39:35.181Z,lsm6dso gyroscope sensor,0.010308351,0.43585235,0.39057195,3
712747958947557,2024-03-21T19:39:35.202Z,lsm6dso gyroscope sensor,-0.3574325,0.21410827,0.23907739,3
712747978947557,2024-03-21T19:39:35.222Z,lsm6dso gyroscope sensor,-0.17783815,-0.23976462,0.31543553,3
712747998947557,2024-03-21T19:39:35.242Z,lsm6dso gyroscope sensor,0.10315987,-0.38331795,0.43455425,3
712748018947557,2024-03-21T19:39:35.261Z,lsm6dso gyroscope sensor,-0.063606344,-0.38026363,0.19204076,3
712748038947190,2024-03-21T19:39:35.281Z,lsm6dso gyroscope sensor,-0.4423428,-0.18478674,-0.32597297,3
712748058947190,2024-03-21T19:39:35.302Z,lsm6dso gyroscope sensor,-0.67752594,-0.036957346,-0.8421541,3
712748078947190,2024-03-21T19:39:35.321Z,lsm6dso gyroscope sensor,-0.67569333,-0.003970624,-0.82016295,3
712748098947190,2024-03-21T19:39:35.342Z,lsm6dso gyroscope sensor,-0.53519434,-0.15241088,-0.6320165,3
712748118947256,2024-03-21T19:39:35.362Z,lsm6dso gyroscope sensor,-0.40569088,-0.4578435,-0.47502407,3
712748138947256,2024-03-21T19:39:35.382Z,lsm6dso gyroscope sensor,-0.22670737,-0.9025534,-0.4658611,3
712748158947256,2024-03-21T19:39:35.402Z,lsm6dso gyroscope sensor,-0.1118647,-1.039998,-0.49884784,3
712748178947256,2024-03-21T19:39:35.422Z,lsm6dso gyroscope sensor,0.02069306,-0.9025534,-0.39988765,3
712748198947256,2024-03-21T19:39:35.441Z,lsm6dso gyroscope sensor,0.12637275,-0.52442783,-0.17508925,3
712748218946989,2024-03-21T19:39:35.462Z,lsm6dso gyroscope sensor,0.2570979,-0.09865474,-0.06818783,3
712748238946989,2024-03-21T19:39:35.482Z,lsm6dso gyroscope sensor,0.30230194,0.3387248,-0.037033707,3
712748258947255,2024-03-21T19:39:35.502Z,lsm6dso gyroscope sensor,0.32673654,0.6924158,-0.00038179077,3
712748278947255,2024-03-21T19:39:35.521Z,lsm6dso gyroscope sensor,0.36338845,0.7901542,0.058872137,3
712748298947255,2024-03-21T19:39:35.541Z,lsm6dso gyroscope sensor,0.39698604,0.5934556,0.13645202,3
712748318947255,2024-03-21T19:39:35.562Z,lsm6dso gyroscope sensor,0.40553817,0.1853976,0.19937114,3
712748338947255,2024-03-21T19:39:35.581Z,lsm6dso gyroscope sensor,0.42264238,-0.1957823,0.23113614,3
712748358946988,2024-03-21T19:39:35.601Z,lsm6dso gyroscope sensor,0.36705366,-0.24404067,0.12179126,3
712748378946988,2024-03-21T19:39:35.621Z,lsm6dso gyroscope sensor,0.2870303,-0.0015271631,0.02405282,3
712748398946988,2024-03-21T19:39:35.641Z,lsm6dso gyroscope sensor,0.16546813,0.13530666,-0.049861874,3
712748418946988,2024-03-21T19:39:35.662Z,lsm6dso gyroscope sensor,-0.04344779,0.17440203,-0.4023311,3
712748438946988,2024-03-21T19:39:35.681Z,lsm6dso gyroscope sensor,-0.15829046,-0.1328632,-0.5996406,3
712748458946988,2024-03-21T19:39:35.701Z,lsm6dso gyroscope sensor,-0.14851661,-0.36865717,-0.51473033,3
712748478946988,2024-03-21T19:39:35.722Z,lsm6dso gyroscope sensor,0.04268421,-0.30695978,-0.49701524,3
712748498946988,2024-03-21T19:39:35.741Z,lsm6dso gyroscope sensor,0.15813774,-0.41630468,-0.44203737,3
712748518946988,2024-03-21T19:39:35.762Z,lsm6dso gyroscope sensor,0.15141822,-0.73884153,-0.39805508,3
712748538946988,2024-03-21T19:39:35.781Z,lsm6dso gyroscope sensor,0.05245805,-0.6227771,-0.40599632,3
712748558946988,2024-03-21T19:39:35.802Z,lsm6dso gyroscope sensor,0.3487277,0.061391957,-0.29298624,3
712748578946988,2024-03-21T19:39:35.822Z,lsm6dso gyroscope sensor,0.8093201,0.70707655,0.36980253,3
712748598946988,2024-03-21T19:39:35.842Z,lsm6dso gyroscope sensor,0.92843884,0.9440922,0.78519094,3
712748618947221,2024-03-21T19:39:35.862Z,lsm6dso gyroscope sensor,0.85024804,0.6747007,0.67218083,3
712748638947587,2024-03-21T19:39:35.881Z,lsm6dso gyroscope sensor,0.50083315,0.16340645,0.35758525,3
712748658947587,2024-03-21T19:39:35.901Z,lsm6dso gyroscope sensor,0.09644035,-0.3747658,0.12667818,3
712748678947587,2024-03-21T19:39:35.921Z,lsm6dso gyroscope sensor,0.17402023,-0.8060367,0.17188221,3
712748698947587,2024-03-21T19:39:35.941Z,lsm6dso gyroscope sensor,0.32001704,-0.68019843,0.41439572,3
712748718947520,2024-03-21T19:39:35.961Z,lsm6dso gyroscope sensor,0.20028745,-0.19028452,0.4828126,3
712748738947520,2024-03-21T19:39:35.981Z,lsm6dso gyroscope sensor,0.19784398,0.3210097,0.41928264,3
712748758947786,2024-03-21T19:39:36.002Z,lsm6dso gyroscope sensor,0.075670935,0.76144356,0.29222265,3
712748778947786,2024-03-21T19:39:36.021Z,lsm6dso gyroscope sensor,0.0041996986,0.958753,0.11568261,3
712748798947786,2024-03-21T19:39:36.041Z,lsm6dso gyroscope sensor,-0.07948884,0.95325524,-0.0064904434,3
712748818947786,2024-03-21T19:39:36.062Z,lsm6dso gyroscope sensor,0.028634308,0.6728681,-0.06818783,3
712748838948019,2024-03-21T19:39:36.081Z,lsm6dso gyroscope sensor,0.15080735,0.29840767,-0.07002043,3
712748858947752,2024-03-21T19:39:36.101Z,lsm6dso gyroscope sensor,0.2167808,-0.10598512,0.04298964,3
712748878947752,2024-03-21T19:39:36.122Z,lsm6dso gyroscope sensor,0.19540052,-0.37598756,0.15661058,3
712748898947752,2024-03-21T19:39:36.142Z,lsm6dso gyroscope sensor,0.22594379,-0.38515055,0.22380576,3
712748918947752,2024-03-21T19:39:36.161Z,lsm6dso gyroscope sensor,0.2680935,-0.26297748,0.29894218,3
712748938947752,2024-03-21T19:39:36.182Z,lsm6dso gyroscope sensor,0.2662609,-0.076052725,0.3282637,3
712748958947752,2024-03-21T19:39:36.201Z,lsm6dso gyroscope sensor,0.2485458,0.034513887,0.44005206,3
712748978947752,2024-03-21T19:39:36.221Z,lsm6dso gyroscope sensor,0.21311562,-0.310625,0.46082148,3
712748998947752,2024-03-21T19:39:36.241Z,lsm6dso gyroscope sensor,0.18135062,-0.5311473,0.4058436,3
712749018947752,2024-03-21T19:39:36.262Z,lsm6dso gyroscope sensor,-0.018402316,-0.16829337,0.36796996,3
712749038947752,2024-03-21T19:39:36.281Z,lsm6dso gyroscope sensor,-0.19555324,-0.030848695,0.29039007,3
712749058947752,2024-03-21T19:39:36.301Z,lsm6dso gyroscope sensor,-0.19494237,-0.055283304,0.14866933,3
712749078947752,2024-03-21T19:39:36.322Z,lsm6dso gyroscope sensor,-0.3702607,-0.10170906,0.11018482,3
712749098947752,2024-03-21T19:39:36.342Z,lsm6dso gyroscope sensor,-0.39347357,-0.025350908,-0.14637859,3
712749118948018,2024-03-21T19:39:36.362Z,lsm6dso gyroscope sensor,-0.391641,0.14508049,-0.44570255,3
712749138948018,2024-03-21T19:39:36.381Z,lsm6dso gyroscope sensor,-0.6133851,0.28863382,-0.5770386,3
712749158948018,2024-03-21T19:39:36.402Z,lsm6dso gyroscope sensor,-0.6286567,0.12675454,-0.59169936,3
712749178948018,2024-03-21T19:39:36.421Z,lsm6dso gyroscope sensor,-0.5645158,-0.112704635,-0.51534116,3
712749198948018,2024-03-21T19:39:36.441Z,lsm6dso gyroscope sensor,-0.53458345,-0.40042216,-0.330249,3
712749218947784,2024-03-21T19:39:36.462Z,lsm6dso gyroscope sensor,-0.53519434,-0.5140431,-0.4096615,3
712749238947784,2024-03-21T19:39:36.481Z,lsm6dso gyroscope sensor,-0.5052619,-0.3136793,-0.47563496,3
712749258948050,2024-03-21T19:39:36.501Z,lsm6dso gyroscope sensor,-0.4423428,-0.16035213,-0.5086217,3
712749278947616,2024-03-21T19:39:36.522Z,lsm6dso gyroscope sensor,-0.32016975,0.018020526,-0.44570255,3
712749298947616,2024-03-21T19:39:36.542Z,lsm6dso gyroscope sensor,-0.17722727,0.20005837,-0.29420796,3
712749318947616,2024-03-21T19:39:36.562Z,lsm6dso gyroscope sensor,-0.06971499,0.3484986,-0.17875445,3
712749338947616,2024-03-21T19:39:36.582Z,lsm6dso gyroscope sensor,-0.034895677,0.44073927,-0.092622444,3
712749358947349,2024-03-21T19:39:36.602Z,lsm6dso gyroscope sensor,-0.061773747,0.44684792,-0.06330091,3
712749378947349,2024-03-21T19:39:36.622Z,lsm6dso gyroscope sensor,-0.07765625,0.31306845,-0.021762075,3
712749398947349,2024-03-21T19:39:36.642Z,lsm6dso gyroscope sensor,-0.03611741,0.064446285,0.0045051314,3
712749418947349,2024-03-21T19:39:36.662Z,lsm6dso gyroscope sensor,0.093386024,0.03023783,0.021609358,3
712749438947115,2024-03-21T19:39:36.681Z,lsm6dso gyroscope sensor,0.18745928,-0.026572637,0.07841983,3
712749458947115,2024-03-21T19:39:36.701Z,lsm6dso gyroscope sensor,0.031688634,-0.13408493,-0.038255434,3
712749478947115,2024-03-21T19:39:36.721Z,lsm6dso gyroscope sensor,-0.15034921,-0.0852157,-0.371177,3
712749498947115,2024-03-21T19:39:36.742Z,lsm6dso gyroscope sensor,-0.20777054,-0.28008172,-0.48785225,3
712749518947115,2024-03-21T19:39:36.762Z,lsm6dso gyroscope sensor,-0.15462527,-0.48533243,-0.41638103,3
712749538947115,2024-03-21T19:39:36.782Z,lsm6dso gyroscope sensor,0.13736832,-0.310625,-0.3638466,3
712749558947115,2024-03-21T19:39:36.801Z,lsm6dso gyroscope sensor,0.030466905,0.027183503,-0.46769372,3
712749578947115,2024-03-21T19:39:36.822Z,lsm6dso gyroscope sensor,-0.04222606,-0.82986045,-0.5104543,3
712749598947115,2024-03-21T19:39:36.842Z,lsm6dso gyroscope sensor,0.1184315,-0.8323039,-0.1830305,3
712749618947348,2024-03-21T19:39:36.861Z,lsm6dso gyroscope sensor,0.29619327,-0.16279559,0.2494621,3
712749638947348,2024-03-21T19:39:36.882Z,lsm6dso gyroscope sensor,0.6486625,0.16340645,0.38751763,3
712749658947348,2024-03-21T19:39:36.901Z,lsm6dso gyroscope sensor,0.6700428,0.3277292,0.67401344,3
712749678947348,2024-03-21T19:39:36.922Z,lsm6dso gyroscope sensor,0.62239534,0.23487769,0.5286275,3
712749698947348,2024-03-21T19:39:36.942Z,lsm6dso gyroscope sensor,0.5429828,-0.07238753,0.42111522,3
712749718947081,2024-03-21T19:39:36.961Z,lsm6dso gyroscope sensor,0.23938282,-0.37965274,0.25312728,3
712749738947081,2024-03-21T19:39:36.981Z,lsm6dso gyroscope sensor,0.2467132,-0.6704246,0.11568261,3
712749758947347,2024-03-21T19:39:37.001Z,lsm6dso gyroscope sensor,0.46662468,-0.49266282,0.09980011,3
712749778948047,2024-03-21T19:39:37.022Z,lsm6dso gyroscope sensor,0.43363798,-0.16890424,0.14989106,3
712749798947313,2024-03-21T19:39:37.042Z,lsm6dso gyroscope sensor,0.25831965,0.15363261,0.096134916,3
712749818947013,2024-03-21T19:39:37.062Z,lsm6dso gyroscope sensor,0.037797287,0.46883908,0.037491854,3
712749838946579,2024-03-21T19:39:37.081Z,lsm6dso gyroscope sensor,0.05673411,0.8005389,-0.0046578473,3
712749858946312,2024-03-21T19:39:37.101Z,lsm6dso gyroscope sensor,-0.0538325,0.7351763,-0.19830213,3
712749878946712,2024-03-21T19:39:37.122Z,lsm6dso gyroscope sensor,-0.1698969,0.505491,-0.36690095,3
712749898946678,2024-03-21T19:39:37.141Z,lsm6dso gyroscope sensor,-0.21143574,0.22693644,-0.30581442,3
712749918946611,2024-03-21T19:39:37.162Z,lsm6dso gyroscope sensor,-0.22548564,-0.006414085,-0.18852828,3
712749938946477,2024-03-21T19:39:37.182Z,lsm6dso gyroscope sensor,-0.17050776,-0.041233405,-0.019318614,3
712749958946277,2024-03-21T19:39:37.202Z,lsm6dso gyroscope sensor,-0.061773747,0.22327125,0.1437824,3
712749978945943,2024-03-21T19:39:37.221Z,lsm6dso gyroscope sensor,0.0011453723,0.4560109,0.24335344,3
712749998945543,2024-03-21T19:39:37.242Z,lsm6dso gyroscope sensor,0.06467536,0.46578476,0.3600287,3
712750018945076,2024-03-21T19:39:37.262Z,lsm6dso gyroscope sensor,-0.023289237,0.13469578,0.47364965,3
712750038944542,2024-03-21T19:39:37.281Z,lsm6dso gyroscope sensor,-0.12896892,-0.68386364,0.3459788,3
712750058943875,2024-03-21T19:39:37.302Z,lsm6dso gyroscope sensor,-0.04466952,-0.3155119,0.33070716,3
712750078943141,2024-03-21T19:39:37.321Z,lsm6dso gyroscope sensor,-0.2926808,0.22937989,0.13889548,3
712750098942341,2024-03-21T19:39:37.341Z,lsm6dso gyroscope sensor,-0.16012305,0.22021692,-0.081016004,3
712750118941674,2024-03-21T19:39:37.361Z,lsm6dso gyroscope sensor,-0.048945576,0.31245756,0.2916118,3
712750138940674,2024-03-21T19:39:37.382Z,lsm6dso gyroscope sensor,-0.21998784,-0.030848695,0.044211373,3
712750158938907,2024-03-21T19:39:37.401Z,lsm6dso gyroscope sensor,-0.5724571,-0.22937989,-0.6381251,3
712750178937073,2024-03-21T19:39:37.422Z,lsm6dso gyroscope sensor,-0.7954229,-0.0021380284,-1.1017718,3
712750198935806,2024-03-21T19:39:37.442Z,lsm6dso gyroscope sensor,-0.6133851,0.10354166,-0.9722684,3
712750218933539,2024-03-21T19:39:37.462Z,lsm6dso gyroscope sensor,-0.4967098,0.0021380284,-0.51656294,3
712750238932139,2024-03-21T19:39:37.481Z,lsm6dso gyroscope sensor,-0.38919753,-0.25320363,-0.22640193,3
712750258930705,2024-03-21T19:39:37.501Z,lsm6dso gyroscope sensor,-0.47166434,-0.4999932,-0.18791743,3
712750278929138,2024-03-21T19:39:37.522Z,lsm6dso gyroscope sensor,-0.5620724,-0.6105598,-0.3290273,3
712750298927504,2024-03-21T19:39:37.541Z,lsm6dso gyroscope sensor,-0.4796056,-0.6411031,-0.38767037,3
712750318925804,2024-03-21T19:39:37.561Z,lsm6dso gyroscope sensor,-0.29206994,-0.55741453,-0.34185547,3
712750338923970,2024-03-21T19:39:37.581Z,lsm6dso gyroscope sensor,-0.11064297,-0.3399465,-0.20013472,3
712750358921803,2024-03-21T19:39:37.601Z,lsm6dso gyroscope sensor,-0.0006872234,0.027183503,0.011835515,3
712750378919136,2024-03-21T19:39:37.621Z,lsm6dso gyroscope sensor,0.07994699,0.4175264,0.045433104,3
712750398917836,2024-03-21T19:39:37.641Z,lsm6dso gyroscope sensor,0.11720977,0.6637051,0.06498079,3
712750418915536,2024-03-21T19:39:37.661Z,lsm6dso gyroscope sensor,0.18379408,0.6032294,0.10590876,3
712750438913736,2024-03-21T19:39:37.682Z,lsm6dso gyroscope sensor,0.23388503,0.33078352,0.21464278,3
712750458911436,2024-03-21T19:39:37.701Z,lsm6dso gyroscope sensor,0.3114649,0.1133155,0.31360295,3
712750478909036,2024-03-21T19:39:37.722Z,lsm6dso gyroscope sensor,0.38660133,0.112704635,0.34353533,3
712750498906136,2024-03-21T19:39:37.742Z,lsm6dso gyroscope sensor,0.44280094,0.14996742,0.28672487,3
712750518903636,2024-03-21T19:39:37.762Z,lsm6dso gyroscope sensor,0.2149482,-0.024129177,0.112017415,3
712750538900702,2024-03-21T19:39:37.782Z,lsm6dso gyroscope sensor,0.07200574,-0.21777347,-0.21540636,3
712750558897435,2024-03-21T19:39:37.801Z,lsm6dso gyroscope sensor,-0.048945576,-0.47128254,-0.40905064,3
712750578894235,2024-03-21T19:39:37.822Z,lsm6dso gyroscope sensor,-0.042836927,-0.5384777,-0.35773796,3
712750598891735,2024-03-21T19:39:37.842Z,lsm6dso gyroscope sensor,0.12698361,0.029626964,-0.27527115,3
712750618889168,2024-03-21T19:39:37.861Z,lsm6dso gyroscope sensor,0.3047454,0.24953845,-0.16409367,3
712750638886601,2024-03-21T19:39:37.881Z,lsm6dso gyroscope sensor,0.1642464,0.005192355,-0.10239629,3
712750658884134,2024-03-21T19:39:37.902Z,lsm6dso gyroscope sensor,-0.07032586,0.20861048,-0.21846068,3
712750678881667,2024-03-21T19:39:37.921Z,lsm6dso gyroscope sensor,0.188681,0.32345316,-0.02115121,3
712750698879133,2024-03-21T19:39:37.942Z,lsm6dso gyroscope sensor,0.4825072,0.25381452,0.40095666,3
712750718876399,2024-03-21T19:39:37.962Z,lsm6dso gyroscope sensor,0.57291526,0.33505958,0.63919413,3
712750738873932,2024-03-21T19:39:37.982Z,lsm6dso gyroscope sensor,0.5472589,0.42058071,0.75098246,3
712750758872165,2024-03-21T19:39:38.001Z,lsm6dso gyroscope sensor,0.36522105,0.3368922,0.6465245,3
712750778869631,2024-03-21T19:39:38.022Z,lsm6dso gyroscope sensor,0.0023671028,0.035124753,0.32704198,3
712750798867164,2024-03-21T19:39:38.041Z,lsm6dso gyroscope sensor,-0.18455766,-0.2415972,0.043600507,3
712750818865397,2024-03-21T19:39:38.062Z,lsm6dso gyroscope sensor,0.08972083,-0.35216382,0.030161472,3
712750838862863,2024-03-21T19:39:38.082Z,lsm6dso gyroscope sensor,0.16546813,-0.10048734,0.23907739,3
712750858859596,2024-03-21T19:39:38.102Z,lsm6dso gyroscope sensor,0.08788824,0.2751948,0.26045766,3
712750878857096,2024-03-21T19:39:38.121Z,lsm6dso gyroscope sensor,-0.10942124,0.6753115,0.22014056,3
712750898854596,2024-03-21T19:39:38.142Z,lsm6dso gyroscope sensor,-0.19494237,0.95386606,0.115071744,3
712750918852029,2024-03-21T19:39:38.161Z,lsm6dso gyroscope sensor,-0.22120957,0.86284715,0.0020616702,3
712750938849562,2024-03-21T19:39:38.181Z,lsm6dso gyroscope sensor,-0.23403774,0.58246,-0.07612908,3
712750958847195,2024-03-21T19:39:38.201Z,lsm6dso gyroscope sensor,-0.24442245,0.21960606,-0.10972667,3
712750978844861,2024-03-21T19:39:38.221Z,lsm6dso gyroscope sensor,-0.26397014,0.01740966,-0.11033753,3
712750998842561,2024-03-21T19:39:38.242Z,lsm6dso gyroscope sensor,-0.25297457,-0.034513887,-0.07735081,3
712751018840827,2024-03-21T19:39:38.261Z,lsm6dso gyroscope sensor,-0.18028161,-0.13591751,-0.0052687125,3
712751038838660,2024-03-21T19:39:38.281Z,lsm6dso gyroscope sensor,-0.0538325,-0.2996294,0.13461943,3
712751058836426,2024-03-21T19:39:38.301Z,lsm6dso gyroscope sensor,0.14897476,-0.25625798,0.3991241,3
712751078834259,2024-03-21T19:39:38.322Z,lsm6dso gyroscope sensor,0.23327416,-0.40591997,0.6514114,3
712751098832525,2024-03-21T19:39:38.342Z,lsm6dso gyroscope sensor,0.078725256,-0.5299256,0.5377905,3
712751118830291,2024-03-21T19:39:38.362Z,lsm6dso gyroscope sensor,-0.08743009,0.099265605,0.2738967,3
712751138828491,2024-03-21T19:39:38.381Z,lsm6dso gyroscope sensor,-0.4649448,0.4437936,0.12301299,3
712751158827024,2024-03-21T19:39:38.401Z,lsm6dso gyroscope sensor,-0.48143816,0.3191771,0.058872137,3
712751178825557,2024-03-21T19:39:38.421Z,lsm6dso gyroscope sensor,-0.26091582,0.3979787,0.16882788,3
712751198822623,2024-03-21T19:39:38.441Z,lsm6dso gyroscope sensor,-0.21998784,0.2434298,0.18471038,3
712751218819756,2024-03-21T19:39:38.462Z,lsm6dso gyroscope sensor,-0.12041681,0.027183503,0.068645984,3
712751238817589,2024-03-21T19:39:38.482Z,lsm6dso gyroscope sensor,-0.2700788,0.0009162979,-0.20563251,3
712751258815389,2024-03-21T19:39:38.502Z,lsm6dso gyroscope sensor,-0.56818104,-0.0870483,-0.4273766,3
712751278812422,2024-03-21T19:39:38.522Z,lsm6dso gyroscope sensor,-0.5651267,-0.34483343,-0.402942,3
712751298810222,2024-03-21T19:39:38.541Z,lsm6dso gyroscope sensor,-0.3843106,-0.66798115,-0.2746603,3
712751318808022,2024-03-21T19:39:38.561Z,lsm6dso gyroscope sensor,-0.33360878,-0.9239337,-0.3186426,3
712751338805755,2024-03-21T19:39:38.582Z,lsm6dso gyroscope sensor,-0.2242639,-0.8744536,-0.3919464,3
712751358802788,2024-03-21T19:39:38.602Z,lsm6dso gyroscope sensor,-0.1662317,-0.6264423,-0.3748422,3
712751378801321,2024-03-21T19:39:38.622Z,lsm6dso gyroscope sensor,0.0048105638,-0.34422258,-0.28382325,3
712751398799154,2024-03-21T19:39:38.642Z,lsm6dso gyroscope sensor,0.11965323,-0.086437434,-0.15187638,3
712751418796220,2024-03-21T19:39:38.662Z,lsm6dso gyroscope sensor,0.19784398,0.16584991,-0.05047274,3
712751438794053,2024-03-21T19:39:38.681Z,lsm6dso gyroscope sensor,0.19356793,0.42119157,-0.008933905,3
712751458791886,2024-03-21T19:39:38.702Z,lsm6dso gyroscope sensor,0.101938136,0.5910121,-0.015653422,3
712751478789652,2024-03-21T19:39:38.721Z,lsm6dso gyroscope sensor,-0.009850202,0.5861252,-0.044974953,3
712751498787418,2024-03-21T19:39:38.741Z,lsm6dso gyroscope sensor,-0.04222606,0.38453966,-0.03153592,3
712751518785251,2024-03-21T19:39:38.762Z,lsm6dso gyroscope sensor,-0.0006872234,0.13469578,0.028328875,3
712751538783051,2024-03-21T19:39:38.782Z,lsm6dso gyroscope sensor,0.09155343,0.064446285,-0.014431692,3
712751558780684,2024-03-21T19:39:38.801Z,lsm6dso gyroscope sensor,0.16791159,0.09743301,0.041157044,3
712751578778284,2024-03-21T19:39:38.822Z,lsm6dso gyroscope sensor,0.09582949,0.0106901415,0.02405282,3
712751598775150,2024-03-21T19:39:38.842Z,lsm6dso gyroscope sensor,-0.08620836,0.005192355,-0.35834882,3
712751618771883,2024-03-21T19:39:38.861Z,lsm6dso gyroscope sensor,-0.26763535,-0.32345316,-0.6906595,3
712751638769316,2024-03-21T19:39:38.881Z,lsm6dso gyroscope sensor,-0.19310978,-0.559858,-0.69554645,3
712751658766816,2024-03-21T19:39:38.901Z,lsm6dso gyroscope sensor,0.028023442,-0.22449298,-0.57031906,3
712751678764316,2024-03-21T19:39:38.921Z,lsm6dso gyroscope sensor,0.27359128,0.27214047,-0.49396092,3
712751698761749,2024-03-21T19:39:38.942Z,lsm6dso gyroscope sensor,0.36827537,-0.1469131,-0.23984097,3
712751718759249,2024-03-21T19:39:38.962Z,lsm6dso gyroscope sensor,0.27725646,-0.0143553335,-0.23861924,3
712751738756749,2024-03-21T19:39:38.981Z,lsm6dso gyroscope sensor,0.26259568,0.24709499,-0.30153835,3
712751758754249,2024-03-21T19:39:39.001Z,lsm6dso gyroscope sensor,0.5350416,0.11881329,0.028328875,3
712751778751682,2024-03-21T19:39:39.021Z,lsm6dso gyroscope sensor,0.6480517,0.20861048,0.33315063,3
712751798749915,2024-03-21T19:39:39.042Z,lsm6dso gyroscope sensor,0.5600871,0.099265605,0.5096907,3
712751818748148,2024-03-21T19:39:39.061Z,lsm6dso gyroscope sensor,0.44646615,-0.19639318,0.5023603,3
712751838745614,2024-03-21T19:39:39.081Z,lsm6dso gyroscope sensor,0.18379408,-0.4382958,0.2598468,3
712751858743080,2024-03-21T19:39:39.102Z,lsm6dso gyroscope sensor,-0.07887798,-0.55680364,0.024663685,3
712751878741313,2024-03-21T19:39:39.121Z,lsm6dso gyroscope sensor,-0.07276932,-0.573297,-0.060246583,3
712751898738846,2024-03-21T19:39:39.142Z,lsm6dso gyroscope sensor,-0.03306308,-0.269697,0.1175152,3
712751918736312,2024-03-21T19:39:39.161Z,lsm6dso gyroscope sensor,-0.10514518,0.055283304,0.2054798,3
712751938733845,2024-03-21T19:39:39.182Z,lsm6dso gyroscope sensor,-0.19066632,0.2782491,0.17982346,3
712751958732078,2024-03-21T19:39:39.201Z,lsm6dso gyroscope sensor,-0.25480717,0.37720928,0.087582804,3
712751978729511,2024-03-21T19:39:39.222Z,lsm6dso gyroscope sensor,-0.29512426,0.3576616,-0.027870728,3
712751998726944,2024-03-21T19:39:39.241Z,lsm6dso gyroscope sensor,-0.28962648,0.30085114,-0.123165704,3
712752018725144,2024-03-21T19:39:39.261Z,lsm6dso gyroscope sensor,-0.23220515,0.24037547,-0.124387436,3
712752038722677,2024-03-21T19:39:39.281Z,lsm6dso gyroscope sensor,-0.1924989,-0.00030543262,-0.047418416,3
712752058720943,2024-03-21T19:39:39.302Z,lsm6dso gyroscope sensor,-0.22182044,-0.064446285,-0.06452264,3
712752078718576,2024-03-21T19:39:39.322Z,lsm6dso gyroscope sensor,-0.17905988,0.0143553335,-0.03642284,3
712752098716209,2024-03-21T19:39:39.341Z,lsm6dso gyroscope sensor,-0.114308156,0.07544186,0.06742425,3
712752118713775,2024-03-21T19:39:39.361Z,lsm6dso gyroscope sensor,0.061010167,0.0711658,0.19020817,3
712752138711341,2024-03-21T19:39:39.381Z,lsm6dso gyroscope sensor,0.19967657,-0.022296581,0.53840137,3
712752158708974,2024-03-21T19:39:39.401Z,lsm6dso gyroscope sensor,0.28153253,-0.49938235,0.74976075,3
712752178706607,2024-03-21T19:39:39.422Z,lsm6dso gyroscope sensor,0.08055785,-0.93554014,0.4657084,3
712752198704873,2024-03-21T19:39:39.442Z,lsm6dso gyroscope sensor,-0.1643991,-0.36926803,0.231747,3
712752218703206,2024-03-21T19:39:39.461Z,lsm6dso gyroscope sensor,-0.49548808,0.27275133,0.23846652,3
712752238700839,2024-03-21T19:39:39.482Z,lsm6dso gyroscope sensor,-0.45028403,0.4089743,-0.00038179077,3
712752258731739,2024-03-21T19:39:39.501Z,lsm6dso gyroscope sensor,0.010308351,0.4877759,0.39240456,3
712752278762639,2024-03-21T19:39:39.522Z,lsm6dso gyroscope sensor,0.34139732,0.40286562,0.59154665,3
712752298793605,2024-03-21T19:39:39.541Z,lsm6dso gyroscope sensor,0.34017557,0.2843578,0.295277,3
712752318824571,2024-03-21T19:39:39.561Z,lsm6dso gyroscope sensor,-0.01779145,0.01985312,-0.198913,3
712752338855471,2024-03-21T19:39:39.581Z,lsm6dso gyroscope sensor,-0.08865182,-0.4352415,-0.39011383,3
712752358886371,2024-03-21T19:39:39.601Z,lsm6dso gyroscope sensor,0.08239045,-0.6569856,-0.25938866,3
712752378917337,2024-03-21T19:39:39.621Z,lsm6dso gyroscope sensor,0.19173533,-0.84879726,-0.0687987,3
712752398948203,2024-03-21T19:39:39.642Z,lsm6dso gyroscope sensor,0.3114649,-0.98807454,-0.09078985,3
712752418978403,2024-03-21T19:39:39.662Z,lsm6dso gyroscope sensor,0.5075527,-0.7620544,-0.027870728,3
712752439009369,2024-03-21T19:39:39.682Z,lsm6dso gyroscope sensor,0.6052911,-0.32406402,0.07414377,3
712752459040335,2024-03-21T19:39:39.702Z,lsm6dso gyroscope sensor,0.82398087,0.06566802,0.17738,3
712752479071235,2024-03-21T19:39:39.723Z,lsm6dso gyroscope sensor,0.9711994,0.37048978,0.34109187,3
712752499101701,2024-03-21T19:39:39.742Z,lsm6dso gyroscope sensor,1.0151817,0.5928447,0.4705953,3
712752519131967,2024-03-21T19:39:39.763Z,lsm6dso gyroscope sensor,0.9528734,0.68386364,0.48220176,3
712752539162933,2024-03-21T19:39:39.782Z,lsm6dso gyroscope sensor,0.877737,0.60994893,0.41928264,3
712752559193833,2024-03-21T19:39:39.802Z,lsm6dso gyroscope sensor,0.8105418,0.40225476,0.38568506,3
712752579224366,2024-03-21T19:39:39.823Z,lsm6dso gyroscope sensor,0.83436555,0.24098633,0.36796996,3
712752599255332,2024-03-21T19:39:39.843Z,lsm6dso gyroscope sensor,0.8508589,0.16157386,0.3862959,3
712752619286232,2024-03-21T19:39:39.863Z,lsm6dso gyroscope sensor,0.88934344,0.25625798,0.4553237,3
712752639317098,2024-03-21T19:39:39.883Z,lsm6dso gyroscope sensor,0.88934344,0.29352075,0.5475643,3
712752659347931,2024-03-21T19:39:39.903Z,lsm6dso gyroscope sensor,0.7378489,0.2012801,0.44554985,3
712752679378764,2024-03-21T19:39:39.922Z,lsm6dso gyroscope sensor,0.3768275,0.02107485,0.052763484,3
712752699409530,2024-03-21T19:39:39.943Z,lsm6dso gyroscope sensor,-0.09903653,-0.40591997,-0.2990949,3
712752719440363,2024-03-21T19:39:39.963Z,lsm6dso gyroscope sensor,-0.210214,-0.81092364,-0.32230777,3
712752739471196,2024-03-21T19:39:39.983Z,lsm6dso gyroscope sensor,0.024969118,-0.6795876,-0.08712465,3
712752759501962,2024-03-21T19:39:40.002Z,lsm6dso gyroscope sensor,0.1465313,-0.13103059,0.025885414,3
712752779532728,2024-03-21T19:39:40.023Z,lsm6dso gyroscope sensor,0.17402023,-0.49693888,-0.077961676,3
712752799563561,2024-03-21T19:39:40.042Z,lsm6dso gyroscope sensor,-0.0978148,0.089491755,-0.34063372,3
712752819594394,2024-03-21T19:39:40.062Z,lsm6dso gyroscope sensor,-0.08987355,0.6178902,-0.5409975,3
712752839625194,2024-03-21T19:39:40.082Z,lsm6dso gyroscope sensor,0.3646102,0.50793445,-0.3760639,3
712752859622727,2024-03-21T19:39:40.103Z,lsm6dso gyroscope sensor,0.67431885,0.49693888,0.2946661,3
712752879620260,2024-03-21T19:39:40.122Z,lsm6dso gyroscope sensor,0.98402756,0.5030475,0.76869756,3
712752899617726,2024-03-21T19:39:40.142Z,lsm6dso gyroscope sensor,0.95043,0.15424347,0.83955795,3
712752919615192,2024-03-21T19:39:40.162Z,lsm6dso gyroscope sensor,0.62361705,-0.21777347,0.5280166,3
712752939612725,2024-03-21T19:39:40.183Z,lsm6dso gyroscope sensor,0.2326633,-0.47678033,0.0894154,3
712752959609558,2024-03-21T19:39:40.202Z,lsm6dso gyroscope sensor,0.04024075,-0.5946773,-0.15431984,3
712752979607024,2024-03-21T19:39:40.222Z,lsm6dso gyroscope sensor,0.17340937,-0.4156938,-0.104228884,3
712752999604557,2024-03-21T19:39:40.242Z,lsm6dso gyroscope sensor,0.32429308,0.27580565,0.15783231,3
712753019602257,2024-03-21T19:39:40.262Z,lsm6dso gyroscope sensor,0.51305044,0.7883216,0.26290113,3
712753039599757,2024-03-21T19:39:40.282Z,lsm6dso gyroscope sensor,0.47639853,0.9202685,0.19265163,3
712753059597190,2024-03-21T19:39:40.302Z,lsm6dso gyroscope sensor,0.41225767,0.73884153,0.049098294,3
712753079594723,2024-03-21T19:39:40.322Z,lsm6dso gyroscope sensor,0.35361463,0.4083634,-0.022983804,3
712753099592789,2024-03-21T19:39:40.342Z,lsm6dso gyroscope sensor,0.25465444,0.09865474,-0.025427265,3
712753119591155,2024-03-21T19:39:40.362Z,lsm6dso gyroscope sensor,0.156916,-0.049785517,-0.008323039,3
712753139588855,2024-03-21T19:39:40.382Z,lsm6dso gyroscope sensor,0.044516806,-0.17745635,0.027718011,3
712753159586688,2024-03-21T19:39:40.403Z,lsm6dso gyroscope sensor,-0.0055741454,-0.17195857,0.07964156,3
712753179584954,2024-03-21T19:39:40.422Z,lsm6dso gyroscope sensor,-0.061773747,0.013744468,0.051541757,3
712753199582720,2024-03-21T19:39:40.442Z,lsm6dso gyroscope sensor,-0.06727154,0.14080444,0.10407617,3
712753219580553,2024-03-21T19:39:40.463Z,lsm6dso gyroscope sensor,-0.072158456,0.07788532,0.41439572,3
712753239578386,2024-03-21T19:39:40.482Z,lsm6dso gyroscope sensor,-0.11308643,-0.39553526,0.58543795,3
712753259576152,2024-03-21T19:39:40.502Z,lsm6dso gyroscope sensor,-0.30550897,-0.7870999,0.47364965,3
712753279573918,2024-03-21T19:39:40.522Z,lsm6dso gyroscope sensor,-0.55046594,-0.27885997,0.26473373,3
712753299571751,2024-03-21T19:39:40.542Z,lsm6dso gyroscope sensor,-0.9689086,0.550695,0.11385001,3
712753319569584,2024-03-21T19:39:40.562Z,lsm6dso gyroscope sensor,-0.7208974,0.74067414,-0.2007456,3
712753339567350,2024-03-21T19:39:40.583Z,lsm6dso gyroscope sensor,-0.43745586,0.89949906,-0.03520111,3
712753359565183,2024-03-21T19:39:40.602Z,lsm6dso gyroscope sensor,-0.58711785,0.73456544,-0.044364087,3
712753379563016,2024-03-21T19:39:40.622Z,lsm6dso gyroscope sensor,-0.5816201,0.2574797,-0.35285103,3
712753399560849,2024-03-21T19:39:40.642Z,lsm6dso gyroscope sensor,-0.6830237,-0.27580565,-0.5226716,3
712753419558015,2024-03-21T19:39:40.662Z,lsm6dso gyroscope sensor,-0.7337255,-0.68936145,-0.5623778,3
712753439555815,2024-03-21T19:39:40.682Z,lsm6dso gyroscope sensor,-0.5394704,-1.054048,-0.5910885,3
712753459553615,2024-03-21T19:39:40.702Z,lsm6dso gyroscope sensor,-0.32688928,-1.2837334,-0.58742326,3
712753479551148,2024-03-21T19:39:40.722Z,lsm6dso gyroscope sensor,-0.38369974,-1.4419475,-0.4835762,3
712753499548948,2024-03-21T19:39:40.743Z,lsm6dso gyroscope sensor,-0.26335928,-1.1963795,-0.36812267,3
712753519546748,2024-03-21T19:39:40.762Z,lsm6dso gyroscope sensor,-0.04222606,-0.6649268,-0.2923754,3
712753539544548,2024-03-21T19:39:40.783Z,lsm6dso gyroscope sensor,0.13920091,-0.03145956,-0.2007456,3
712753559542314,2024-03-21T19:39:40.802Z,lsm6dso gyroscope sensor,0.1782963,0.38698313,-0.15615243,3
712753579540147,2024-03-21T19:39:40.823Z,lsm6dso gyroscope sensor,0.09949467,0.56230146,-0.17264579,3
712753599537980,2024-03-21T19:39:40.842Z,lsm6dso gyroscope sensor,-0.028787024,0.5714644,-0.20318905,3
712753619536246,2024-03-21T19:39:40.862Z,lsm6dso gyroscope sensor,-0.061773747,0.3747658,-0.17814358,3
712753639534012,2024-03-21T19:39:40.882Z,lsm6dso gyroscope sensor,-0.00496328,0.17562376,-0.11522446,3
712753659531845,2024-03-21T19:39:40.903Z,lsm6dso gyroscope sensor,0.024358252,0.079107046,-0.04925101,3
712753679529645,2024-03-21T19:39:40.922Z,lsm6dso gyroscope sensor,0.056123246,0.16768251,-0.03214678,3
712753699527278,2024-03-21T19:39:40.942Z,lsm6dso gyroscope sensor,0.026801713,0.2134974,-0.1408808,3
712753719524878,2024-03-21T19:39:40.963Z,lsm6dso gyroscope sensor,-0.17417295,0.013133603,-0.29420796,3
712753739522444,2024-03-21T19:39:40.983Z,lsm6dso gyroscope sensor,-0.41546473,-0.0852157,-0.59353197,3
712753759519877,2024-03-21T19:39:41.002Z,lsm6dso gyroscope sensor,-0.5981134,-0.31306845,-0.80794567,3
712753779517310,2024-03-21T19:39:41.023Z,lsm6dso gyroscope sensor,-0.5425247,-0.66859204,-0.7120398,3
712753799514810,2024-03-21T19:39:41.042Z,lsm6dso gyroscope sensor,-0.35376734,-0.4089743,-0.60574925,3
712753819512310,2024-03-21T19:39:41.063Z,lsm6dso gyroscope sensor,-0.32200235,0.00580322,-0.75174606,3
712753839509743,2024-03-21T19:39:41.082Z,lsm6dso gyroscope sensor,-0.19372064,-0.22876903,-0.38095084,3
712753859507243,2024-03-21T19:39:41.103Z,lsm6dso gyroscope sensor,-0.105756044,0.011301007,-0.20013472,3
712753879504743,2024-03-21T19:39:41.123Z,lsm6dso gyroscope sensor,-0.01656972,0.38087448,-0.47013718,3
712753899502243,2024-03-21T19:39:41.143Z,lsm6dso gyroscope sensor,0.18135062,0.28496864,-0.26122126,3
712753919499676,2024-03-21T19:39:41.162Z,lsm6dso gyroscope sensor,0.30596712,0.30757064,0.12484559,3
712753939497209,2024-03-21T19:39:41.182Z,lsm6dso gyroscope sensor,0.34567338,0.17012598,0.2616794,3
712753959494742,2024-03-21T19:39:41.203Z,lsm6dso gyroscope sensor,0.23571762,-0.2501493,0.25862506,3
712753979492208,2024-03-21T19:39:41.222Z,lsm6dso gyroscope sensor,-0.032452215,-0.59773165,0.1511128,3
712753999489674,2024-03-21T19:39:41.242Z,lsm6dso gyroscope sensor,-0.22487476,-0.6924158,0.011835515,3
712754019487807,2024-03-21T19:39:41.262Z,lsm6dso gyroscope sensor,-0.07948884,-0.5513059,-0.03642284,3
712754039485340,2024-03-21T19:39:41.283Z,lsm6dso gyroscope sensor,-0.18639025,-0.18112154,0.030772336,3
712754059482806,2024-03-21T19:39:41.303Z,lsm6dso gyroscope sensor,-0.2401464,0.19456059,0.06375906,3
712754079480539,2024-03-21T19:39:41.322Z,lsm6dso gyroscope sensor,-0.26519188,0.27458394,0.06498079,3
712754099478072,2024-03-21T19:39:41.342Z,lsm6dso gyroscope sensor,-0.24320072,0.29718593,0.010613783,3
712754119508872,2024-03-21T19:39:41.362Z,lsm6dso gyroscope sensor,-0.19433151,0.3118467,-0.081016004,3
712754139539672,2024-03-21T19:39:41.382Z,lsm6dso gyroscope sensor,-0.1643991,0.36926803,-0.1793653,3
712754159604538,2024-03-21T19:39:41.403Z,lsm6dso gyroscope sensor,-0.098425664,0.36254853,-0.1793653,3
712754179668704,2024-03-21T19:39:41.423Z,lsm6dso gyroscope sensor,-0.08498663,0.15118915,-0.07612908,3
712754199732937,2024-03-21T19:39:41.443Z,lsm6dso gyroscope sensor,-0.13080151,-0.015577064,-0.028481591,3
712754219797237,2024-03-21T19:39:41.462Z,lsm6dso gyroscope sensor,-0.1259146,-0.029626964,0.014278975,3
712754239861537,2024-03-21T19:39:41.483Z,lsm6dso gyroscope sensor,-0.031841353,0.04062254,0.10102184,3
712754259925770,2024-03-21T19:39:41.503Z,lsm6dso gyroscope sensor,0.1379792,0.087659165,0.23724478,3
712754279990003,2024-03-21T19:39:41.523Z,lsm6dso gyroscope sensor,0.30902144,0.04184427,0.4712062,3
712754300054303,2024-03-21T19:39:41.544Z,lsm6dso gyroscope sensor,0.3029128,-0.40530908,0.6312529,3
712754320118536,2024-03-21T19:39:41.563Z,lsm6dso gyroscope sensor,0.006032294,-0.8695667,0.4883104,3
712754340182769,2024-03-21T19:39:41.583Z,lsm6dso gyroscope sensor,-0.22304218,-0.7706065,0.35880697,3
712754360247069,2024-03-21T19:39:41.603Z,lsm6dso gyroscope sensor,-0.39530617,-0.04734206,0.26473373,3
712754380311369,2024-03-21T19:39:41.623Z,lsm6dso gyroscope sensor,-0.7068474,0.16523905,-0.111559264,3
712754400375602,2024-03-21T19:39:41.644Z,lsm6dso gyroscope sensor,-0.500375,0.6478226,-0.060246583,3
712754420439835,2024-03-21T19:39:41.663Z,lsm6dso gyroscope sensor,-0.3048981,0.86101454,0.0026725354,3
712754440504135,2024-03-21T19:39:41.683Z,lsm6dso gyroscope sensor,-0.39713877,0.7877107,-0.10972667,3
712754460568435,2024-03-21T19:39:41.703Z,lsm6dso gyroscope sensor,-0.5394704,0.6044512,-0.28382325,3
712754480632668,2024-03-21T19:39:41.724Z,lsm6dso gyroscope sensor,-0.62621325,-0.08155051,-0.28015807,3
712754500696901,2024-03-21T19:39:41.744Z,lsm6dso gyroscope sensor,-0.68058026,-0.68508536,-0.34185547,3
712754520760567,2024-03-21T19:39:41.763Z,lsm6dso gyroscope sensor,-0.71723217,-1.0161743,-0.46830457,3
712754540824767,2024-03-21T19:39:41.783Z,lsm6dso gyroscope sensor,-0.808862,-1.1236867,-0.52144986,3
712754560888967,2024-03-21T19:39:41.803Z,lsm6dso gyroscope sensor,-0.57306796,-0.818254,-0.41638103,3
712754580953267,2024-03-21T19:39:41.823Z,lsm6dso gyroscope sensor,-0.3702607,-0.21777347,-0.25938866,3
712754601017567,2024-03-21T19:39:41.845Z,lsm6dso gyroscope sensor,-0.10025826,0.3894266,-0.101174556,3
712754621081800,2024-03-21T19:39:41.865Z,lsm6dso gyroscope sensor,0.023747386,0.5751296,-0.09567677,3
712754641146033,2024-03-21T19:39:41.885Z,lsm6dso gyroscope sensor,0.10987939,0.58246,-0.04314236,3
712754661210333,2024-03-21T19:39:41.904Z,lsm6dso gyroscope sensor,0.17157678,0.5458081,0.09246973,3
712754681274566,2024-03-21T19:39:41.925Z,lsm6dso gyroscope sensor,0.22411118,0.4382958,0.1895973,3
712754701338799,2024-03-21T19:39:41.944Z,lsm6dso gyroscope sensor,0.22350033,0.31612277,0.21891883,3
712754721369765,2024-03-21T19:39:41.965Z,lsm6dso gyroscope sensor,0.22288945,0.22937989,0.199982,3
712754741400731,2024-03-21T19:39:41.984Z,lsm6dso gyroscope sensor,0.27359128,0.29840767,0.16577356,3
712754761398297,2024-03-21T19:39:42.004Z,lsm6dso gyroscope sensor,0.3224605,0.4792238,0.15172365,3
712754781395563,2024-03-21T19:39:42.025Z,lsm6dso gyroscope sensor,0.3310126,0.3643811,0.065591656,3
712754801393063,2024-03-21T19:39:42.044Z,lsm6dso gyroscope sensor,0.08116872,0.082161374,-0.26061037,3
712754821390563,2024-03-21T19:39:42.065Z,lsm6dso gyroscope sensor,-0.15767959,-0.59956425,-0.4621959,3
712754841387996,2024-03-21T19:39:42.084Z,lsm6dso gyroscope sensor,0.035353824,-0.9960158,-0.24411702,3
712754861385496,2024-03-21T19:39:42.105Z,lsm6dso gyroscope sensor,0.08422305,-0.47128254,-0.26977336,3
712754881382996,2024-03-21T19:39:42.125Z,lsm6dso gyroscope sensor,0.19417879,0.122478485,-0.402942,3
712754901380429,2024-03-21T19:39:42.145Z,lsm6dso gyroscope sensor,0.22044599,-0.3857614,-0.15737416,3
712754921377929,2024-03-21T19:39:42.165Z,lsm6dso gyroscope sensor,-0.13385585,0.018020526,-0.35162932,3
712754941375429,2024-03-21T19:39:42.185Z,lsm6dso gyroscope sensor,-0.33055446,0.30818152,-0.6167448,3
712754961372929,2024-03-21T19:39:42.204Z,lsm6dso gyroscope sensor,0.07383834,0.08460484,-0.51778466,3
712754981370395,2024-03-21T19:39:42.225Z,lsm6dso gyroscope sensor,0.5399285,0.16218472,0.3038291,3
712755001367928,2024-03-21T19:39:42.245Z,lsm6dso gyroscope sensor,0.6669885,0.3313944,0.78152573,3
712755021365461,2024-03-21T19:39:42.265Z,lsm6dso gyroscope sensor,0.63583434,0.06872234,0.7039458,3
712755041362927,2024-03-21T19:39:42.284Z,lsm6dso gyroscope sensor,0.06956228,-0.21960606,0.26106852,3
712755061360393,2024-03-21T19:39:42.304Z,lsm6dso gyroscope sensor,-0.32688928,-0.39187005,-0.16103935,3
712755081357926,2024-03-21T19:39:42.325Z,lsm6dso gyroscope sensor,-0.20654881,-0.5177083,-0.29787317,3
712755101355459,2024-03-21T19:39:42.345Z,lsm6dso gyroscope sensor,-0.15767959,-0.35521814,-0.10239629,3
712755121353559,2024-03-21T19:39:42.364Z,lsm6dso gyroscope sensor,-0.09720393,-0.11942416,0.038713586,3
712755141351092,2024-03-21T19:39:42.384Z,lsm6dso gyroscope sensor,-0.1381319,0.12980886,-0.005879578,3
712755161348625,2024-03-21T19:39:42.405Z,lsm6dso gyroscope sensor,-0.23281601,0.364992,-0.09812023,3
712755181346058,2024-03-21T19:39:42.424Z,lsm6dso gyroscope sensor,-0.20593795,0.43096542,-0.13477215,3
712755201343491,2024-03-21T19:39:42.445Z,lsm6dso gyroscope sensor,-0.111253835,0.42485678,-0.17386752,3
712755221374357,2024-03-21T19:39:42.464Z,lsm6dso gyroscope sensor,-0.06116288,0.2489276,-0.21662809,3
712755241405323,2024-03-21T19:39:42.485Z,lsm6dso gyroscope sensor,-0.12102768,0.008857546,-0.28260154,3
712755261436323,2024-03-21T19:39:42.505Z,lsm6dso gyroscope sensor,-0.1735621,-0.21960606,-0.30214924,3
712755281467423,2024-03-21T19:39:42.524Z,lsm6dso gyroscope sensor,-0.18516853,-0.20372356,-0.20868684,3
712755301498589,2024-03-21T19:39:42.545Z,lsm6dso gyroscope sensor,-0.10331258,-0.10842858,-0.0071013086,3
712755321529689,2024-03-21T19:39:42.564Z,lsm6dso gyroscope sensor,0.0603993,0.018020526,0.20425807,3
712755341560789,2024-03-21T19:39:42.585Z,lsm6dso gyroscope sensor,0.23816109,0.044898596,0.47670397,3
712755361591955,2024-03-21T19:39:42.604Z,lsm6dso gyroscope sensor,0.34200817,-0.23182335,0.73204565,3
712755381623421,2024-03-21T19:39:42.625Z,lsm6dso gyroscope sensor,0.2784782,-0.5879578,0.7051676,3
712755401654521,2024-03-21T19:39:42.645Z,lsm6dso gyroscope sensor,0.22411118,-0.3735441,0.5359579,3
712755421684921,2024-03-21T19:39:42.664Z,lsm6dso gyroscope sensor,-0.17050776,0.33383787,0.35025486,3
712755441715387,2024-03-21T19:39:42.684Z,lsm6dso gyroscope sensor,-0.36231944,0.59956425,0.12789991,3
712755461746487,2024-03-21T19:39:42.705Z,lsm6dso gyroscope sensor,-0.12835807,0.8231409,0.42600214,3
712755481777587,2024-03-21T19:39:42.725Z,lsm6dso gyroscope sensor,0.07383834,0.410196,0.36247218,3
712755501808753,2024-03-21T19:39:42.745Z,lsm6dso gyroscope sensor,-0.07826711,-0.008246681,-0.037644573,3
712755521839219,2024-03-21T19:39:42.764Z,lsm6dso gyroscope sensor,-0.26030496,-0.29046643,-0.28076893,3
712755541870319,2024-03-21T19:39:42.784Z,lsm6dso gyroscope sensor,-0.23831381,-0.4792238,-0.22640193,3
712755561901419,2024-03-21T19:39:42.804Z,lsm6dso gyroscope sensor,-0.1259146,-0.6606508,-0.19219348,3
712755581932552,2024-03-21T19:39:42.824Z,lsm6dso gyroscope sensor,-0.18944459,-0.6227771,-0.20441078,3
712755601963685,2024-03-21T19:39:42.844Z,lsm6dso gyroscope sensor,-0.18822286,-0.43768495,-0.23617578,3
712755621994751,2024-03-21T19:39:42.865Z,lsm6dso gyroscope sensor,-0.015958855,-0.043066,-0.21418463,3
712755642025884,2024-03-21T19:39:42.885Z,lsm6dso gyroscope sensor,0.18135062,0.20799962,-0.15615243,3
712755662057017,2024-03-21T19:39:42.905Z,lsm6dso gyroscope sensor,0.26259568,0.31612277,-0.12133311,3
712755682088083,2024-03-21T19:39:42.925Z,lsm6dso gyroscope sensor,0.20945042,0.37048978,-0.07307476,3
712755702119183,2024-03-21T19:39:42.945Z,lsm6dso gyroscope sensor,0.13614659,0.43768495,-0.02603813,3
712755722150349,2024-03-21T19:39:42.965Z,lsm6dso gyroscope sensor,0.123929285,0.47616947,0.049098294,3
712755742181515,2024-03-21T19:39:42.985Z,lsm6dso gyroscope sensor,0.19417879,0.4981606,0.15661058,3
712755762704430,2024-03-21T19:39:43.006Z,lsm6dso gyroscope sensor,0.25404358,0.38759398,0.23296873,3
712755782735596,2024-03-21T19:39:43.025Z,lsm6dso gyroscope sensor,0.2784782,0.34238997,0.25190556,3
712755802766762,2024-03-21T19:39:43.046Z,lsm6dso gyroscope sensor,0.34078646,0.3491095,0.26900977,3
712755822764495,2024-03-21T19:39:43.066Z,lsm6dso gyroscope sensor,0.32490396,0.364992,0.17921259,3
712755842762128,2024-03-21T19:39:43.085Z,lsm6dso gyroscope sensor,0.09277516,0.05955936,-0.12560916,3
712755862759728,2024-03-21T19:39:43.106Z,lsm6dso gyroscope sensor,-0.20593795,-0.13897185,-0.44753516,3
712755882757294,2024-03-21T19:39:43.125Z,lsm6dso gyroscope sensor,-0.25358543,-0.44135013,-0.60697097,3
712755902754727,2024-03-21T19:39:43.145Z,lsm6dso gyroscope sensor,-0.07276932,-0.86162543,-0.40538543,3
712755922752227,2024-03-21T19:39:43.165Z,lsm6dso gyroscope sensor,0.07078401,-0.8542951,-0.16165021,3
712755942749727,2024-03-21T19:39:43.185Z,lsm6dso gyroscope sensor,0.20028745,-0.3747658,-0.2832124,3
712755962747160,2024-03-21T19:39:43.205Z,lsm6dso gyroscope sensor,0.3768275,-0.13225232,-0.3039818,3
712755982744593,2024-03-21T19:39:43.225Z,lsm6dso gyroscope sensor,0.4293619,-0.6881397,-0.1549307,3
712756002742093,2024-03-21T19:39:43.246Z,lsm6dso gyroscope sensor,0.15508342,-0.3210097,-0.22640193,3
712756022740293,2024-03-21T19:39:43.265Z,lsm6dso gyroscope sensor,0.03596469,0.30573806,-0.43837216,3
712756042738426,2024-03-21T19:39:43.285Z,lsm6dso gyroscope sensor,0.16241379,0.754724,-0.41943535,3
712756062735926,2024-03-21T19:39:43.305Z,lsm6dso gyroscope sensor,0.45623997,1.0247264,0.1297325,3
712756082733426,2024-03-21T19:39:43.326Z,lsm6dso gyroscope sensor,0.47823113,0.7180721,0.2916118,3
712756102730926,2024-03-21T19:39:43.346Z,lsm6dso gyroscope sensor,0.40737075,-0.008857546,0.22441661,3
712756122729092,2024-03-21T19:39:43.365Z,lsm6dso gyroscope sensor,0.05245805,-0.623388,0.005726862,3
712756142726625,2024-03-21T19:39:43.385Z,lsm6dso gyroscope sensor,-0.09903653,-1.0253373,-0.07429648,3
712756162724158,2024-03-21T19:39:43.406Z,lsm6dso gyroscope sensor,0.08788824,-0.97219205,0.05642868,3
712756182721624,2024-03-21T19:39:43.426Z,lsm6dso gyroscope sensor,0.014584408,-0.44257188,0.24885122,3
712756202719090,2024-03-21T19:39:43.446Z,lsm6dso gyroscope sensor,-0.05261077,0.13347405,0.24701864,3
712756222716623,2024-03-21T19:39:43.466Z,lsm6dso gyroscope sensor,-0.21449006,0.4071417,0.13217597,3
712756242714156,2024-03-21T19:39:43.485Z,lsm6dso gyroscope sensor,-0.33910656,0.6246097,-0.03642284,3
712756262711622,2024-03-21T19:39:43.506Z,lsm6dso gyroscope sensor,-0.29817858,0.7504479,-0.18730655,3
712756282709155,2024-03-21T19:39:43.525Z,lsm6dso gyroscope sensor,-0.22915083,0.66737026,-0.198913,3
712756302706655,2024-03-21T19:39:43.545Z,lsm6dso gyroscope sensor,-0.16317739,0.39675698,-0.19341521,3
712756322704155,2024-03-21T19:39:43.565Z,lsm6dso gyroscope sensor,-0.20532708,0.09254608,-0.1830305,3
712756342701721,2024-03-21T19:39:43.585Z,lsm6dso gyroscope sensor,-0.27191138,-0.1328632,-0.09506591,3
712756362699354,2024-03-21T19:39:43.605Z,lsm6dso gyroscope sensor,-0.23098342,-0.09560041,0.0332158,3
712756382696987,2024-03-21T19:39:43.625Z,lsm6dso gyroscope sensor,-0.09720393,0.018020526,0.23052527,3
712756402694553,2024-03-21T19:39:43.646Z,lsm6dso gyroscope sensor,0.07994699,0.057726767,0.5066364,3
712756422691486,2024-03-21T19:39:43.666Z,lsm6dso gyroscope sensor,0.22777638,-0.07727446,0.71371967,3
712756442689119,2024-03-21T19:39:43.685Z,lsm6dso gyroscope sensor,0.15508342,-0.5158757,0.6978372,3
712756462686685,2024-03-21T19:39:43.706Z,lsm6dso gyroscope sensor,-0.008628472,-0.5720753,0.5836054,3
712756482684251,2024-03-21T19:39:43.726Z,lsm6dso gyroscope sensor,-0.114308156,0.30268374,0.48342347,3
712756502681184,2024-03-21T19:39:43.746Z,lsm6dso gyroscope sensor,-0.3684281,0.39736784,0.15050192,3
712756522678817,2024-03-21T19:39:43.765Z,lsm6dso gyroscope sensor,-0.2083814,0.7498371,0.29283354,3
712756542676383,2024-03-21T19:39:43.785Z,lsm6dso gyroscope sensor,-0.053221636,0.786489,0.4198935,3
712756562674016,2024-03-21T19:39:43.805Z,lsm6dso gyroscope sensor,-0.076434515,0.47800204,0.16943875,3
712756582671649,2024-03-21T19:39:43.825Z,lsm6dso gyroscope sensor,-0.35559994,0.20005837,-0.23006712,3
712756602669282,2024-03-21T19:39:43.845Z,lsm6dso gyroscope sensor,-0.57001364,-0.2501493,-0.41638103,3
712756622666848,2024-03-21T19:39:43.866Z,lsm6dso gyroscope sensor,-0.6494261,-0.6588182,-0.4182136,3
712756642664481,2024-03-21T19:39:43.886Z,lsm6dso gyroscope sensor,-0.46616653,-0.84635377,-0.35407278,3
712756662662114,2024-03-21T19:39:43.905Z,lsm6dso gyroscope sensor,-0.47838384,-0.9801333,-0.28748846,3
712756682659680,2024-03-21T19:39:43.926Z,lsm6dso gyroscope sensor,-0.2841287,-0.75533485,-0.21968241,3
712756702657246,2024-03-21T19:39:43.945Z,lsm6dso gyroscope sensor,-0.05138904,-0.10842858,-0.10667235,3
712756722654846,2024-03-21T19:39:43.966Z,lsm6dso gyroscope sensor,0.13553573,0.26419923,-0.04375322,3
712756742652479,2024-03-21T19:39:43.985Z,lsm6dso gyroscope sensor,0.2308307,0.4474588,0.04970916,3
712756762650045,2024-03-21T19:39:44.006Z,lsm6dso gyroscope sensor,0.32673654,0.50793445,0.13584116,3
712756782647678,2024-03-21T19:39:44.025Z,lsm6dso gyroscope sensor,0.33162346,0.5305365,0.1596649,3
712756802645311,2024-03-21T19:39:44.045Z,lsm6dso gyroscope sensor,0.2943607,0.42180246,0.1596649,3
712756822642877,2024-03-21T19:39:44.065Z,lsm6dso gyroscope sensor,0.3016911,0.18173242,0.17493653,3
712756842640443,2024-03-21T19:39:44.085Z,lsm6dso gyroscope sensor,0.38293615,-0.03573562,0.25373816,3
712756862638076,2024-03-21T19:39:44.105Z,lsm6dso gyroscope sensor,0.4263076,-0.011911872,0.30810517,3
712756882635709,2024-03-21T19:39:44.125Z,lsm6dso gyroscope sensor,0.41286856,0.129198,0.29588786,3
712756902633275,2024-03-21T19:39:44.145Z,lsm6dso gyroscope sensor,0.31574097,0.013744468,0.1633301,3
712756922630841,2024-03-21T19:39:44.166Z,lsm6dso gyroscope sensor,0.15202908,-0.10048734,-0.14515686,3
712756942628341,2024-03-21T19:39:44.185Z,lsm6dso gyroscope sensor,-0.070936725,-0.4364632,-0.44081563,3
712756962625774,2024-03-21T19:39:44.205Z,lsm6dso gyroscope sensor,-0.017180584,-0.9379836,-0.3497967,3
712756982623207,2024-03-21T19:39:44.226Z,lsm6dso gyroscope sensor,0.20945042,-0.7492262,-0.09140071,3
712757002620707,2024-03-21T19:39:44.245Z,lsm6dso gyroscope sensor,0.3346778,0.18906279,-0.21968241,3
712757022618907,2024-03-21T19:39:44.266Z,lsm6dso gyroscope sensor,0.6052911,0.061391957,-0.024816401,3
712757042616340,2024-03-21T19:39:44.286Z,lsm6dso gyroscope sensor,0.3310126,0.42913285,-0.11217013,3
712757062613840,2024-03-21T19:39:44.305Z,lsm6dso gyroscope sensor,-0.04955644,0.7877107,-0.6301839,3
712757082611340,2024-03-21T19:39:44.326Z,lsm6dso gyroscope sensor,0.08116872,0.2837469,-0.51656294,3
712757102609540,2024-03-21T19:39:44.345Z,lsm6dso gyroscope sensor,0.3120758,0.22693644,-0.04008803,3
712757122606973,2024-03-21T19:39:44.365Z,lsm6dso gyroscope sensor,0.57230437,-0.16890424,0.51030153,3
712757142604506,2024-03-21T19:39:44.385Z,lsm6dso gyroscope sensor,0.4012621,-0.52320606,0.43516514,3
712757162602039,2024-03-21T19:39:44.406Z,lsm6dso gyroscope sensor,-0.0006872234,-0.7101309,0.12484559,3
712757182599505,2024-03-21T19:39:44.426Z,lsm6dso gyroscope sensor,-0.21998784,-0.7498371,-0.05169447,3
712757202596971,2024-03-21T19:39:44.445Z,lsm6dso gyroscope sensor,-0.09170614,-0.6973027,-0.09750936,3
712757222594504,2024-03-21T19:39:44.466Z,lsm6dso gyroscope sensor,0.05551238,-0.2959642,0.10835222,3
712757242592037,2024-03-21T19:39:44.485Z,lsm6dso gyroscope sensor,-0.0397826,0.06872234,0.21097758,3
712757262589503,2024-03-21T19:39:44.506Z,lsm6dso gyroscope sensor,-0.23525947,0.23182335,0.15844317,3
712757282587036,2024-03-21T19:39:44.526Z,lsm6dso gyroscope sensor,-0.337274,0.3472769,0.080252424,3
712757302584569,2024-03-21T19:39:44.546Z,lsm6dso gyroscope sensor,-0.36048687,0.46822822,-0.07002043,3
712757322582035,2024-03-21T19:39:44.565Z,lsm6dso gyroscope sensor,-0.32200235,0.58368176,-0.18547396,3
712757342579468,2024-03-21T19:39:44.586Z,lsm6dso gyroscope sensor,-0.17600554,0.52198434,-0.21235204,3
712757362577001,2024-03-21T19:39:44.606Z,lsm6dso gyroscope sensor,-0.15034921,0.3631594,-0.20685424,3
712757382574634,2024-03-21T19:39:44.625Z,lsm6dso gyroscope sensor,-0.1643991,0.26847526,-0.18486309,3
712757402572300,2024-03-21T19:39:44.645Z,lsm6dso gyroscope sensor,-0.21082486,0.26053402,-0.12072224,3
712757422569366,2024-03-21T19:39:44.665Z,lsm6dso gyroscope sensor,-0.12896892,0.16829337,-0.029092457,3
712757442566232,2024-03-21T19:39:44.686Z,lsm6dso gyroscope sensor,-0.0129045285,0.0106901415,0.122402124,3
712757462564032,2024-03-21T19:39:44.705Z,lsm6dso gyroscope sensor,0.09705122,-0.112704635,0.39973494,3
712757482561832,2024-03-21T19:39:44.725Z,lsm6dso gyroscope sensor,0.19906572,-0.38026363,0.567112,3
712757502559698,2024-03-21T19:39:44.745Z,lsm6dso gyroscope sensor,0.10377073,0.032070424,0.48403436,3
712757522557898,2024-03-21T19:39:44.765Z,lsm6dso gyroscope sensor,-0.13874277,0.90194255,0.3600287,3
712757542555698,2024-03-21T19:39:44.785Z,lsm6dso gyroscope sensor,-0.25358543,0.90010995,0.04298964,3
712757562553564,2024-03-21T19:39:44.805Z,lsm6dso gyroscope sensor,-0.2541963,0.7370089,0.22014056,3
712757582551430,2024-03-21T19:39:44.825Z,lsm6dso gyroscope sensor,-0.3910301,-0.18967366,-0.042531494,3
712757602549296,2024-03-21T19:39:44.846Z,lsm6dso gyroscope sensor,-0.4246277,-0.72295904,-0.5428301,3
712757622547096,2024-03-21T19:39:44.866Z,lsm6dso gyroscope sensor,-0.51381403,-0.65576386,-0.7120398,3
712757642544962,2024-03-21T19:39:44.886Z,lsm6dso gyroscope sensor,-0.68913233,-0.33078352,-0.67660964,3
712757662542828,2024-03-21T19:39:44.905Z,lsm6dso gyroscope sensor,-0.7532732,-0.15118915,-0.5446627,3
712757682540628,2024-03-21T19:39:44.926Z,lsm6dso gyroscope sensor,-0.8119163,-0.07544186,-0.4658611,3
712757702538428,2024-03-21T19:39:44.945Z,lsm6dso gyroscope sensor,-0.78625995,-0.2171626,-0.40599632,3
712757722536294,2024-03-21T19:39:44.966Z,lsm6dso gyroscope sensor,-0.586507,-0.45906523,-0.31436652,3
712757742534127,2024-03-21T19:39:44.985Z,lsm6dso gyroscope sensor,-0.3665955,-0.6056729,-0.24594963,3
712757762531893,2024-03-21T19:39:45.005Z,lsm6dso gyroscope sensor,-0.19799669,-0.50671273,-0.33696854,3
712757782529726,2024-03-21T19:39:45.025Z,lsm6dso gyroscope sensor,-0.10942124,-0.23426682,-0.34735325,3
712757802527092,2024-03-21T19:39:45.046Z,lsm6dso gyroscope sensor,-0.02023491,0.12675454,-0.20807597,3
712757822524392,2024-03-21T19:39:45.065Z,lsm6dso gyroscope sensor,0.043295074,0.47678033,-0.00038179077,3
712757842520458,2024-03-21T19:39:45.086Z,lsm6dso gyroscope sensor,0.093386024,0.6392705,0.096134916,3
712757862516658,2024-03-21T19:39:45.105Z,lsm6dso gyroscope sensor,0.08055785,0.573297,0.12179126,3
712757882512924,2024-03-21T19:39:45.125Z,lsm6dso gyroscope sensor,0.097662084,0.3539964,0.16760615,3
712757902509257,2024-03-21T19:39:45.145Z,lsm6dso gyroscope sensor,0.14408784,0.17684549,0.17860173,3
712757922505723,2024-03-21T19:39:45.166Z,lsm6dso gyroscope sensor,0.19356793,0.18600847,0.12423472,3
712757942502256,2024-03-21T19:39:45.186Z,lsm6dso gyroscope sensor,0.2674826,0.20555615,0.106519625,3
712757962498822,2024-03-21T19:39:45.205Z,lsm6dso gyroscope sensor,0.16974418,0.118202426,-0.0077121737,3
712757982495355,2024-03-21T19:39:45.226Z,lsm6dso gyroscope sensor,0.026190847,-0.09743301,-0.4182136,3
712758002491921,2024-03-21T19:39:45.246Z,lsm6dso gyroscope sensor,0.077503525,-0.7431176,-0.37239873,3
712758022489221,2024-03-21T19:39:45.266Z,lsm6dso gyroscope sensor,0.2607631,-0.8347474,-0.17203492,3
712758042486787,2024-03-21T19:39:45.286Z,lsm6dso gyroscope sensor,0.3468951,0.21288654,-0.40049854,3
712758062483487,2024-03-21T19:39:45.305Z,lsm6dso gyroscope sensor,0.5191591,0.39736784,-0.23678663,3
712758082480253,2024-03-21T19:39:45.325Z,lsm6dso gyroscope sensor,0.45685086,0.600786,-0.04008803,3
712758102477086,2024-03-21T19:39:45.346Z,lsm6dso gyroscope sensor,0.21372648,1.1578951,-0.3992768,3
712758122473652,2024-03-21T19:39:45.366Z,lsm6dso gyroscope sensor,0.24732406,0.5757405,-0.23861924,3
712758142470685,2024-03-21T19:39:45.385Z,lsm6dso gyroscope sensor,0.48678324,0.31673363,0.17493653,3
712758162467785,2024-03-21T19:39:45.405Z,lsm6dso gyroscope sensor,0.5912412,0.2171626,0.6025422,3
712758182465218,2024-03-21T19:39:45.426Z,lsm6dso gyroscope sensor,0.55520016,-0.32895094,0.5848271,3
712758202462451,2024-03-21T19:39:45.446Z,lsm6dso gyroscope sensor,0.25526533,-0.5647449,0.32948545,3
712758222459817,2024-03-21T19:39:45.465Z,lsm6dso gyroscope sensor,0.032910366,-0.6478226,0.0332158,3
712758242457250,2024-03-21T19:39:45.486Z,lsm6dso gyroscope sensor,0.16913332,-0.6178902,-0.06207918,3
712758262454750,2024-03-21T19:39:45.505Z,lsm6dso gyroscope sensor,0.11537717,-0.28130344,0.07780896,3
712758282452383,2024-03-21T19:39:45.525Z,lsm6dso gyroscope sensor,0.07506007,-0.014966198,0.13767375,3
712758302450083,2024-03-21T19:39:45.546Z,lsm6dso gyroscope sensor,-0.050778173,0.07666359,0.106519625,3
712758322448116,2024-03-21T19:39:45.565Z,lsm6dso gyroscope sensor,-0.15706873,0.083383106,0.088804536,3
712758342445949,2024-03-21T19:39:45.586Z,lsm6dso gyroscope sensor,-0.24503332,0.17256944,0.039935317,3
712758362443915,2024-03-21T19:39:45.605Z,lsm6dso gyroscope sensor,-0.29206994,0.2910773,-0.055970527,3
712758382441948,2024-03-21T19:39:45.625Z,lsm6dso gyroscope sensor,-0.29512426,0.32345316,-0.11766792,3
712758402440514,2024-03-21T19:39:45.645Z,lsm6dso gyroscope sensor,-0.23709208,0.1994475,-0.09323331,3
712758422439214,2024-03-21T19:39:45.665Z,lsm6dso gyroscope sensor,-0.24136813,0.05100725,-0.04925101,3
712758442439214,2024-03-21T19:39:45.685Z,lsm6dso gyroscope sensor,-0.24808764,-0.01863139,-0.01198823,3
712758462439214,2024-03-21T19:39:45.706Z,lsm6dso gyroscope sensor,-0.20532708,-0.05100725,0.039935317,3
712758482439214,2024-03-21T19:39:45.726Z,lsm6dso gyroscope sensor,-0.09476047,-0.10598512,0.12301299,3
712758502439214,2024-03-21T19:39:45.746Z,lsm6dso gyroscope sensor,0.03718642,-0.17012598,0.27939448,3
712758522439214,2024-03-21T19:39:45.766Z,lsm6dso gyroscope sensor,0.1324814,-0.5128214,0.44310638,3
712758542439214,2024-03-21T19:39:45.786Z,lsm6dso gyroscope sensor,0.070173144,-0.46700647,0.33437237,3
712758562439214,2024-03-21T19:39:45.805Z,lsm6dso gyroscope sensor,-0.09659307,0.473726,0.19387336,3
712758582439214,2024-03-21T19:39:45.825Z,lsm6dso gyroscope sensor,-0.4826599,0.24709499,0.039935317,3
712758602439214,2024-03-21T19:39:45.846Z,lsm6dso gyroscope sensor,-0.15096007,0.2733622,0.019776762,3
712758622439214,2024-03-21T19:39:45.866Z,lsm6dso gyroscope sensor,-0.20777054,0.31306845,0.14866933,3
712758642439214,2024-03-21T19:39:45.885Z,lsm6dso gyroscope sensor,-0.15767959,-0.04428773,0.03688099,3
712758662439214,2024-03-21T19:39:45.906Z,lsm6dso gyroscope sensor,-0.40935606,-0.23548855,-0.285045,3
712758682439214,2024-03-21T19:39:45.926Z,lsm6dso gyroscope sensor,-0.78198385,-0.47678033,-0.58620155,3
712758702439214,2024-03-21T19:39:45.945Z,lsm6dso gyroscope sensor,-0.8143597,-0.6979135,-0.6332382,3
712758722439214,2024-03-21T19:39:45.965Z,lsm6dso gyroscope sensor,-0.72761685,-0.8335256,-0.42615485,3
712758742439214,2024-03-21T19:39:45.986Z,lsm6dso gyroscope sensor,-0.53641605,-0.91354895,-0.23067799,3
712758762439214,2024-03-21T19:39:46.005Z,lsm6dso gyroscope sensor,-0.31589368,-0.7351763,-0.19463694,3
712758782438947,2024-03-21T19:39:46.025Z,lsm6dso gyroscope sensor,-0.14424056,-0.4370741,-0.24167356,3
712758802438947,2024-03-21T19:39:46.046Z,lsm6dso gyroscope sensor,0.016417004,-0.16584991,-0.26488644,3
712758822439213,2024-03-21T19:39:46.065Z,lsm6dso gyroscope sensor,0.08483391,0.17012598,-0.092622444,3
712758842439213,2024-03-21T19:39:46.086Z,lsm6dso gyroscope sensor,0.13003793,0.42363504,0.08697194,3
712758862439213,2024-03-21T19:39:46.106Z,lsm6dso gyroscope sensor,0.1465313,0.54458636,0.15538885,3
712758882439213,2024-03-21T19:39:46.126Z,lsm6dso gyroscope sensor,0.12270755,0.46273044,0.1297325,3
712758902439213,2024-03-21T19:39:46.145Z,lsm6dso gyroscope sensor,0.10743593,0.31429017,0.11323915,3
712758922438946,2024-03-21T19:39:46.165Z,lsm6dso gyroscope sensor,0.098883815,0.03940081,0.1651627,3
712758942438946,2024-03-21T19:39:46.186Z,lsm6dso gyroscope sensor,0.14897476,0.036957346,0.11873693,3
712758962438946,2024-03-21T19:39:46.206Z,lsm6dso gyroscope sensor,0.2186134,0.20555615,0.058872137,3
712758982438946,2024-03-21T19:39:46.225Z,lsm6dso gyroscope sensor,0.23877195,0.41263947,0.041157044,3
712759002438946,2024-03-21T19:39:46.245Z,lsm6dso gyroscope sensor,0.14958562,0.46028697,-0.03642284,3
712759022438946,2024-03-21T19:39:46.266Z,lsm6dso gyroscope sensor,0.042073343,0.28496864,-0.3449098,3
712759042438946,2024-03-21T19:39:46.286Z,lsm6dso gyroscope sensor,-0.067882404,-0.40042216,-0.47746754,3
712759062438946,2024-03-21T19:39:46.305Z,lsm6dso gyroscope sensor,0.051847186,-0.35460728,-0.43348524,3
712759082438946,2024-03-21T19:39:46.325Z,lsm6dso gyroscope sensor,0.21433735,0.32467487,-0.5409975,3
712759102438946,2024-03-21T19:39:46.346Z,lsm6dso gyroscope sensor,0.25404358,-0.09315695,-0.25938866,3
712759122438946,2024-03-21T19:39:46.365Z,lsm6dso gyroscope sensor,0.13370313,0.43218717,-0.3497967,3
712759142438946,2024-03-21T19:39:46.386Z,lsm6dso gyroscope sensor,0.04390594,0.8078693,-0.47013718,3
712759162438946,2024-03-21T19:39:46.405Z,lsm6dso gyroscope sensor,0.5063309,0.2733622,-0.14760031,3
712759182438946,2024-03-21T19:39:46.425Z,lsm6dso gyroscope sensor,0.64499736,0.20799962,0.3019965,3
712759202438946,2024-03-21T19:39:46.445Z,lsm6dso gyroscope sensor,0.5796348,0.15607607,0.5982661,3
712759222438946,2024-03-21T19:39:46.465Z,lsm6dso gyroscope sensor,0.5582545,-0.050396383,0.58543795,3
712759242438946,2024-03-21T19:39:46.486Z,lsm6dso gyroscope sensor,0.34750596,-0.28680122,0.32704198,3
712759262438946,2024-03-21T19:39:46.505Z,lsm6dso gyroscope sensor,-0.12041681,-0.4596761,-0.07857254,3
712759282438946,2024-03-21T19:39:46.526Z,lsm6dso gyroscope sensor,-0.19433151,-0.50671273,-0.28382325,3
712759302438946,2024-03-21T19:39:46.545Z,lsm6dso gyroscope sensor,-0.031230485,-0.3295618,-0.13538301,3
712759322439246,2024-03-21T19:39:46.565Z,lsm6dso gyroscope sensor,-0.040393464,-0.013744468,0.10529789,3
712759342439246,2024-03-21T19:39:46.585Z,lsm6dso gyroscope sensor,0.006032294,0.21838433,0.15172365,3
712759362439246,2024-03-21T19:39:46.605Z,lsm6dso gyroscope sensor,-0.08132143,0.2666427,0.12118039,3
712759382439246,2024-03-21T19:39:46.625Z,lsm6dso gyroscope sensor,-0.19738583,0.33505958,0.010002919,3
712759402439246,2024-03-21T19:39:46.645Z,lsm6dso gyroscope sensor,-0.17600554,0.42485678,-0.066355236,3
712759422438979,2024-03-21T19:39:46.665Z,lsm6dso gyroscope sensor,-0.086819224,0.44990227,-0.04192063,3
712759442438979,2024-03-21T19:39:46.685Z,lsm6dso gyroscope sensor,-0.048945576,0.33017266,0.0032834008,3
712759462438979,2024-03-21T19:39:46.706Z,lsm6dso gyroscope sensor,-0.118584216,0.04795292,-0.060246583,3
712759482438979,2024-03-21T19:39:46.726Z,lsm6dso gyroscope sensor,-0.25847235,-0.09010262,-0.117057055,3
712759502438979,2024-03-21T19:39:46.745Z,lsm6dso gyroscope sensor,-0.28718302,-0.2049453,-0.096898496,3
712759522438979,2024-03-21T19:39:46.765Z,lsm6dso gyroscope sensor,-0.08926269,-0.18967366,0.083306745,3
712759542438979,2024-03-21T19:39:46.785Z,lsm6dso gyroscope sensor,0.06895141,-0.022907447,0.42294782,3
712759562438979,2024-03-21T19:39:46.806Z,lsm6dso gyroscope sensor,0.07322747,-0.40958515,0.57383156,3
712759582438979,2024-03-21T19:39:46.825Z,lsm6dso gyroscope sensor,-0.13568844,-0.6081163,0.32948545,3
712759602438979,2024-03-21T19:39:46.845Z,lsm6dso gyroscope sensor,-0.16684256,-0.20555615,0.23907739,3
712759622438979,2024-03-21T19:39:46.866Z,lsm6dso gyroscope sensor,-0.4649448,0.29901853,0.40828705,3
712759642438979,2024-03-21T19:39:46.886Z,lsm6dso gyroscope sensor,-0.5144249,0.26419923,0.11995866,3
712759662438979,2024-03-21T19:39:46.906Z,lsm6dso gyroscope sensor,-0.44478625,0.600786,0.12179126,3
712759682438979,2024-03-21T19:39:46.926Z,lsm6dso gyroscope sensor,-0.27985263,0.46822822,0.077198096,3
712759702438979,2024-03-21T19:39:46.946Z,lsm6dso gyroscope sensor,-0.23037256,0.12675454,-0.120111376,3
712759722438979,2024-03-21T19:39:46.965Z,lsm6dso gyroscope sensor,-0.5419138,-0.14752395,-0.28382325,3
712759742438979,2024-03-21T19:39:46.986Z,lsm6dso gyroscope sensor,-0.62315893,-0.49571714,-0.3290273,3
712759762438979,2024-03-21T19:39:47.006Z,lsm6dso gyroscope sensor,-0.60849816,-0.86651236,-0.4218788,3
712759782438979,2024-03-21T19:39:47.025Z,lsm6dso gyroscope sensor,-0.55168766,-1.0729848,-0.35773796,3
712759802438979,2024-03-21T19:39:47.045Z,lsm6dso gyroscope sensor,-0.31283936,-0.95264435,-0.26488644,3
712759822439245,2024-03-21T19:39:47.066Z,lsm6dso gyroscope sensor,-0.08865182,-0.50610185,-0.23434319,3
712759842439245,2024-03-21T19:39:47.085Z,lsm6dso gyroscope sensor,0.19540052,-0.02107485,-0.12072224,3
712759862439245,2024-03-21T19:39:47.105Z,lsm6dso gyroscope sensor,0.30963233,0.25870144,-0.021762075,3
712759882439245,2024-03-21T19:39:47.125Z,lsm6dso gyroscope sensor,0.25098926,0.3839288,0.12912165,3
712759902439245,2024-03-21T19:39:47.146Z,lsm6dso gyroscope sensor,0.23144157,0.35521814,0.20425807,3
712759922438945,2024-03-21T19:39:47.166Z,lsm6dso gyroscope sensor,0.25648704,0.20799962,0.2036472,3
712759942438945,2024-03-21T19:39:47.185Z,lsm6dso gyroscope sensor,0.3047454,-0.006414085,0.16699529,3
712759962438945,2024-03-21T19:39:47.206Z,lsm6dso gyroscope sensor,0.38415787,-0.14813483,0.17676914,3
712759982438945,2024-03-21T19:39:47.225Z,lsm6dso gyroscope sensor,0.46540296,-0.16890424,0.2176971,3
712760002438945,2024-03-21T19:39:47.245Z,lsm6dso gyroscope sensor,0.51732653,-0.0693332,0.19753855,3
712760022438945,2024-03-21T19:39:47.265Z,lsm6dso gyroscope sensor,0.55214584,0.14446963,0.14500414,3
712760042439178,2024-03-21T19:39:47.285Z,lsm6dso gyroscope sensor,0.5057201,0.24404067,0.14866933,3
712760062439178,2024-03-21T19:39:47.305Z,lsm6dso gyroscope sensor,0.3890448,0.12003502,0.09735665,3
712760082439178,2024-03-21T19:39:47.326Z,lsm6dso gyroscope sensor,0.3151301,-0.109650314,-0.18852828,3
712760102439178,2024-03-21T19:39:47.346Z,lsm6dso gyroscope sensor,0.23571762,-0.8231409,-0.35162932,3
712760122439178,2024-03-21T19:39:47.366Z,lsm6dso gyroscope sensor,0.28580856,-0.9807441,-0.285045,3
712760142439178,2024-03-21T19:39:47.385Z,lsm6dso gyroscope sensor,0.28031078,-0.19333886,-0.44203737,3
712760162439178,2024-03-21T19:39:47.405Z,lsm6dso gyroscope sensor,0.4012621,0.08277224,-0.27404943,3
712760182439178,2024-03-21T19:39:47.425Z,lsm6dso gyroscope sensor,0.2344959,0.23243423,-0.05352707,3
712760202439178,2024-03-21T19:39:47.445Z,lsm6dso gyroscope sensor,0.002977968,0.7834347,-0.35651624,3
712760222439178,2024-03-21T19:39:47.466Z,lsm6dso gyroscope sensor,0.0182496,0.6795876,-0.37056613,3
712760242439178,2024-03-21T19:39:47.486Z,lsm6dso gyroscope sensor,0.3310126,0.40469822,-0.06757697,3
712760262439178,2024-03-21T19:39:47.506Z,lsm6dso gyroscope sensor,0.26992607,0.08460484,0.27206412,3
712760282439178,2024-03-21T19:39:47.525Z,lsm6dso gyroscope sensor,0.05673411,-0.52503866,0.28183794,3
712760302439178,2024-03-21T19:39:47.546Z,lsm6dso gyroscope sensor,-0.16317739,-0.91599244,0.106519625,3
712760322439444,2024-03-21T19:39:47.566Z,lsm6dso gyroscope sensor,-0.4191299,-0.84513205,-0.16226108,3
712760342439444,2024-03-21T19:39:47.585Z,lsm6dso gyroscope sensor,-0.29206994,-0.49632803,-0.24411702,3
712760362439444,2024-03-21T19:39:47.605Z,lsm6dso gyroscope sensor,-0.4618905,-0.04062254,-0.18852828,3
712760382439444,2024-03-21T19:39:47.625Z,lsm6dso gyroscope sensor,-0.38736492,0.20005837,-0.1109484,3
712760402439444,2024-03-21T19:39:47.645Z,lsm6dso gyroscope sensor,-0.44112107,0.29535335,-0.07185303,3
712760422439177,2024-03-21T19:39:47.666Z,lsm6dso gyroscope sensor,-0.54863334,0.20433442,-0.20441078,3
712760442439177,2024-03-21T19:39:47.686Z,lsm6dso gyroscope sensor,-0.5797875,0.05100725,-0.2764929,3
712760462439177,2024-03-21T19:39:47.706Z,lsm6dso gyroscope sensor,-0.5626832,-0.058948494,-0.2868776,3
712760482439177,2024-03-21T19:39:47.725Z,lsm6dso gyroscope sensor,-0.5437464,-0.14385876,-0.25022566,3
712760502439177,2024-03-21T19:39:47.746Z,lsm6dso gyroscope sensor,-0.5211444,-0.124311075,-0.21723895,3
712760522439177,2024-03-21T19:39:47.766Z,lsm6dso gyroscope sensor,-0.48510337,0.0693332,-0.16103935,3
712760542439177,2024-03-21T19:39:47.785Z,lsm6dso gyroscope sensor,-0.4282929,0.24098633,-0.14882204,3
712760562439177,2024-03-21T19:39:47.806Z,lsm6dso gyroscope sensor,-0.38492146,0.36254853,-0.12988523,3
712760582439177,2024-03-21T19:39:47.826Z,lsm6dso gyroscope sensor,-0.25114197,0.3436117,-0.054137934,3
712760602439177,2024-03-21T19:39:47.845Z,lsm6dso gyroscope sensor,-0.13629931,0.22143865,0.12423472,3
712760622439177,2024-03-21T19:39:47.865Z,lsm6dso gyroscope sensor,-0.067882404,0.016187929,0.25434902,3
712760642438943,2024-03-21T19:39:47.886Z,lsm6dso gyroscope sensor,-0.12408201,0.8170323,0.33681583,3
712760662438943,2024-03-21T19:39:47.905Z,lsm6dso gyroscope sensor,-0.60483295,1.2635747,0.31360295,3
712760682438943,2024-03-21T19:39:47.926Z,lsm6dso gyroscope sensor,-0.41118866,1.5396858,0.19509509,3
712760702438943,2024-03-21T19:39:47.945Z,lsm6dso gyroscope sensor,-0.69218665,1.6007724,0.2616794,3
712760722438943,2024-03-21T19:39:47.965Z,lsm6dso gyroscope sensor,-0.94080883,0.6966918,-0.32780555,3
712760742438943,2024-03-21T19:39:47.986Z,lsm6dso gyroscope sensor,-1.0080041,-0.10842858,-0.9020189,3
712760762438943,2024-03-21T19:39:48.005Z,lsm6dso gyroscope sensor,-1.3054954,-0.269697,-0.9936487,3
712760782438943,2024-03-21T19:39:48.026Z,lsm6dso gyroscope sensor,-1.411786,-0.23976462,-0.91179276,3
712760802438943,2024-03-21T19:39:48.045Z,lsm6dso gyroscope sensor,-1.316491,-0.45662177,-0.6845509,3
712760822439209,2024-03-21T19:39:48.066Z,lsm6dso gyroscope sensor,-1.0086149,-0.6600399,-0.48113275,3
712760842439209,2024-03-21T19:39:48.085Z,lsm6dso gyroscope sensor,-0.8650615,-0.82863873,-0.33513594,3
712760862439209,2024-03-21T19:39:48.106Z,lsm6dso gyroscope sensor,-0.85101163,-0.61178154,-0.5245042,3
712760882439209,2024-03-21T19:39:48.126Z,lsm6dso gyroscope sensor,-0.78564906,-0.31123585,-0.73586357,3
712760902439209,2024-03-21T19:39:48.145Z,lsm6dso gyroscope sensor,-0.62560236,-0.0729984,-0.724868,3
712760922438942,2024-03-21T19:39:48.166Z,lsm6dso gyroscope sensor,-0.4863251,0.11453723,-0.5556583,3
712760942438942,2024-03-21T19:39:48.186Z,lsm6dso gyroscope sensor,-0.37759107,0.35216382,-0.34368807,3
712760962438942,2024-03-21T19:39:48.206Z,lsm6dso gyroscope sensor,-0.30978504,0.46578476,-0.1653154,3
712760982438942,2024-03-21T19:39:48.226Z,lsm6dso gyroscope sensor,-0.19494237,0.4260785,0.016111571,3
712761002438942,2024-03-21T19:39:48.246Z,lsm6dso gyroscope sensor,-0.16317739,0.33505958,0.09002627,3
712761022438942,2024-03-21T19:39:48.265Z,lsm6dso gyroscope sensor,-0.1277472,0.2611449,0.03932445,3
712761042438942,2024-03-21T19:39:48.286Z,lsm6dso gyroscope sensor,0.013362677,0.42058071,-0.06452264,3
712761062438942,2024-03-21T19:39:48.305Z,lsm6dso gyroscope sensor,0.40920335,0.5549711,-0.2007456,3
712761082438942,2024-03-21T19:39:48.326Z,lsm6dso gyroscope sensor,0.3591124,0.25442538,-0.33391422,3
712761102438942,2024-03-21T19:39:48.346Z,lsm6dso gyroscope sensor,0.11049025,-0.20738874,-0.49396092,3
712761122438942,2024-03-21T19:39:48.366Z,lsm6dso gyroscope sensor,-0.01656972,-0.67103547,-0.5012913,3
712761142438942,2024-03-21T19:39:48.385Z,lsm6dso gyroscope sensor,0.10865766,-1.2916746,-0.45303294,3
712761162438942,2024-03-21T19:39:48.406Z,lsm6dso gyroscope sensor,0.1905136,-1.0320568,-0.22029328,3
712761182438942,2024-03-21T19:39:48.426Z,lsm6dso gyroscope sensor,0.29680416,-0.10781772,-0.33635768,3
712761202438942,2024-03-21T19:39:48.446Z,lsm6dso gyroscope sensor,0.447077,0.22510384,-0.2599995,3
712761222438942,2024-03-21T19:39:48.466Z,lsm6dso gyroscope sensor,0.050014593,0.7840455,-0.32230777,3
712761242438942,2024-03-21T19:39:48.486Z,lsm6dso gyroscope sensor,-0.21693352,1.5793921,-0.629573,3
712761262438942,2024-03-21T19:39:48.506Z,lsm6dso gyroscope sensor,0.07994699,1.0595458,-0.57581687,3
712761282438942,2024-03-21T19:39:48.525Z,lsm6dso gyroscope sensor,0.43608144,0.79320854,0.16577356,3
712761302438942,2024-03-21T19:39:48.545Z,lsm6dso gyroscope sensor,0.8087092,0.36682457,0.95989835,3
712761322439175,2024-03-21T19:39:48.565Z,lsm6dso gyroscope sensor,0.8423068,-0.5635232,1.192638,3
712761342439175,2024-03-21T19:39:48.585Z,lsm6dso gyroscope sensor,0.3908774,-1.1200215,0.89331406,3
712761362439175,2024-03-21T19:39:48.605Z,lsm6dso gyroscope sensor,-0.08437576,-1.103528,0.3917937,3
712761382439175,2024-03-21T19:39:48.625Z,lsm6dso gyroscope sensor,-0.2083814,-0.8689558,-0.104228884,3
712761402439175,2024-03-21T19:39:48.646Z,lsm6dso gyroscope sensor,0.10987939,-0.44440445,-0.07735081,3
712761422438908,2024-03-21T19:39:48.666Z,lsm6dso gyroscope sensor,0.18196149,0.05100725,0.22075143,3
712761442438908,2024-03-21T19:39:48.686Z,lsm6dso gyroscope sensor,0.2344959,0.301462,0.33437237,3
712761462438908,2024-03-21T19:39:48.705Z,lsm6dso gyroscope sensor,0.08422305,0.30757064,0.32337677,3
712761482438908,2024-03-21T19:39:48.726Z,lsm6dso gyroscope sensor,0.059788436,0.2098322,0.30443996,3
712761502438908,2024-03-21T19:39:48.746Z,lsm6dso gyroscope sensor,0.075670935,0.14813483,0.31054863,3
712761522438908,2024-03-21T19:39:48.765Z,lsm6dso gyroscope sensor,0.04085161,0.113926366,0.26412287,3
712761542438908,2024-03-21T19:39:48.786Z,lsm6dso gyroscope sensor,0.043295074,0.07422013,0.1614975,3
712761562438908,2024-03-21T19:39:48.805Z,lsm6dso gyroscope sensor,-0.067882404,0.008246681,0.077198096,3
712761582438908,2024-03-21T19:39:48.825Z,lsm6dso gyroscope sensor,-0.31589368,0.016798794,0.05337435,3
712761602438908,2024-03-21T19:39:48.846Z,lsm6dso gyroscope sensor,-0.34460434,0.004581489,0.1559997,3
712761622438908,2024-03-21T19:39:48.865Z,lsm6dso gyroscope sensor,-0.35926512,-0.0870483,0.4162283,3
712761642438908,2024-03-21T19:39:48.885Z,lsm6dso gyroscope sensor,-0.37636936,-0.31673363,0.7326565,3
712761662438908,2024-03-21T19:39:48.906Z,lsm6dso gyroscope sensor,-0.6133851,-0.66981375,0.6184247,3
712761682438908,2024-03-21T19:39:48.926Z,lsm6dso gyroscope sensor,-0.83757263,-0.20066923,0.29100093,3
712761702438908,2024-03-21T19:39:48.946Z,lsm6dso gyroscope sensor,-0.96218914,1.3154984,0.29772046,3
712761722438908,2024-03-21T19:39:48.965Z,lsm6dso gyroscope sensor,-1.0416017,2.1022928,-0.19219348,3
712761742438908,2024-03-21T19:39:48.985Z,lsm6dso gyroscope sensor,-0.640874,2.0552561,-0.17203492,3
712761762438908,2024-03-21T19:39:49.005Z,lsm6dso gyroscope sensor,-0.3311653,1.5219707,0.26106852,3
712761782438908,2024-03-21T19:39:49.025Z,lsm6dso gyroscope sensor,-0.10819951,0.63071835,0.039935317,3
712761802438908,2024-03-21T19:39:49.046Z,lsm6dso gyroscope sensor,-0.06421721,-0.4279111,-0.2599995,3
712761822439174,2024-03-21T19:39:49.066Z,lsm6dso gyroscope sensor,-0.15157095,-1.4010195,-0.27038422,3
712761842439174,2024-03-21T19:39:49.086Z,lsm6dso gyroscope sensor,-0.024510968,-1.8506162,-0.23556492,3
712761862439174,2024-03-21T19:39:49.106Z,lsm6dso gyroscope sensor,0.086055644,-2.1090124,-0.12744176,3
712761882439174,2024-03-21T19:39:49.126Z,lsm6dso gyroscope sensor,-0.08437576,-2.2782218,-0.21235204,3
712761902439174,2024-03-21T19:39:49.145Z,lsm6dso gyroscope sensor,0.18623754,-1.5580118,-0.34613153,3
712761922438940,2024-03-21T19:39:49.165Z,lsm6dso gyroscope sensor,0.37866008,-0.38637227,-0.3742313,3
712761942438940,2024-03-21T19:39:49.185Z,lsm6dso gyroscope sensor,0.55031323,0.4804455,-0.17814358,3
712761962438940,2024-03-21T19:39:49.206Z,lsm6dso gyroscope sensor,0.63278,0.7113526,-0.0107665,3
712761982438940,2024-03-21T19:39:49.226Z,lsm6dso gyroscope sensor,0.71158165,0.6105598,0.13156511,3
712762002438940,2024-03-21T19:39:49.245Z,lsm6dso gyroscope sensor,0.74456835,0.32162055,0.29588786,3
712762022438940,2024-03-21T19:39:49.265Z,lsm6dso gyroscope sensor,0.65904725,0.03145956,0.33803755,3
712762042438940,2024-03-21T19:39:49.285Z,lsm6dso gyroscope sensor,0.5216026,-0.17012598,0.27878362,3
712762062438940,2024-03-21T19:39:49.306Z,lsm6dso gyroscope sensor,0.43974662,-0.18661933,0.19448422,3
712762082438940,2024-03-21T19:39:49.326Z,lsm6dso gyroscope sensor,0.46601382,0.056505036,0.18226692,3
712762102438940,2024-03-21T19:39:49.345Z,lsm6dso gyroscope sensor,0.5264895,0.08277224,0.2506838,3
712762122438940,2024-03-21T19:39:49.365Z,lsm6dso gyroscope sensor,0.48128545,0.30451632,0.07231117,3
712762142438940,2024-03-21T19:39:49.386Z,lsm6dso gyroscope sensor,0.5765804,0.2501493,-0.3656792,3
712762162438940,2024-03-21T19:39:49.405Z,lsm6dso gyroscope sensor,0.4641812,-0.5195409,-0.39866593,3
712762182438940,2024-03-21T19:39:49.426Z,lsm6dso gyroscope sensor,0.5631414,-1.1530081,-0.14026994,3
712762202438940,2024-03-21T19:39:49.445Z,lsm6dso gyroscope sensor,0.64194304,-0.6728681,-0.2654973,3
712762222438940,2024-03-21T19:39:49.466Z,lsm6dso gyroscope sensor,1.0603857,0.038789943,-0.1512655,3
712762242438940,2024-03-21T19:39:49.486Z,lsm6dso gyroscope sensor,0.6315583,0.2098322,0.050320026,3
712762262438940,2024-03-21T19:39:49.505Z,lsm6dso gyroscope sensor,0.21739167,1.5494597,-0.543441,3
712762282438940,2024-03-21T19:39:49.526Z,lsm6dso gyroscope sensor,0.042073343,1.058324,-0.47868928,3
712762302438940,2024-03-21T19:39:49.545Z,lsm6dso gyroscope sensor,0.18196149,0.67103547,-0.3308599,3
712762322439206,2024-03-21T19:39:49.565Z,lsm6dso gyroscope sensor,0.5277112,0.22510384,0.1737148,3
712762342439206,2024-03-21T19:39:49.585Z,lsm6dso gyroscope sensor,0.64255387,-0.68386364,0.6697374,3
712762362439206,2024-03-21T19:39:49.605Z,lsm6dso gyroscope sensor,0.29191723,-1.1151345,0.617203,3
712762382439206,2024-03-21T19:39:49.625Z,lsm6dso gyroscope sensor,0.100716405,-1.2061534,0.35269833,3
712762402439206,2024-03-21T19:39:49.646Z,lsm6dso gyroscope sensor,-0.015347989,-1.1505647,0.10285444,3
712762422438939,2024-03-21T19:39:49.666Z,lsm6dso gyroscope sensor,0.089109965,-0.6612616,-0.07124216,3
712762442438939,2024-03-21T19:39:49.686Z,lsm6dso gyroscope sensor,-0.12041681,0.15424347,0.038713586,3
712762462438939,2024-03-21T19:39:49.706Z,lsm6dso gyroscope sensor,-0.14424056,0.4896085,0.19204076,3
712762482438939,2024-03-21T19:39:49.725Z,lsm6dso gyroscope sensor,-0.22853996,0.46089783,0.22502749,3
712762502438939,2024-03-21T19:39:49.746Z,lsm6dso gyroscope sensor,-0.34949127,0.25992316,0.104687035,3
712762522438939,2024-03-21T19:39:49.765Z,lsm6dso gyroscope sensor,-0.32139146,0.046731193,0.013057245,3
712762542438939,2024-03-21T19:39:49.786Z,lsm6dso gyroscope sensor,-0.2700788,-0.08032878,0.027718011,3
712762562438939,2024-03-21T19:39:49.806Z,lsm6dso gyroscope sensor,-0.22365303,-0.16707164,0.060704734,3
712762582438939,2024-03-21T19:39:49.826Z,lsm6dso gyroscope sensor,-0.19372064,0.18906279,0.068645984,3
712762602438939,2024-03-21T19:39:49.846Z,lsm6dso gyroscope sensor,-0.13507758,0.41691554,0.033826664,3
712762622438939,2024-03-21T19:39:49.865Z,lsm6dso gyroscope sensor,-0.106977776,0.3203988,0.10407617,3
712762642438939,2024-03-21T19:39:49.885Z,lsm6dso gyroscope sensor,0.015806139,0.10598512,0.39057195,3
712762662438939,2024-03-21T19:39:49.906Z,lsm6dso gyroscope sensor,-0.0092393365,-0.38026363,0.6110943,3
712762682438939,2024-03-21T19:39:49.925Z,lsm6dso gyroscope sensor,-0.17967074,-0.8078693,0.51518846,3
712762702438939,2024-03-21T19:39:49.945Z,lsm6dso gyroscope sensor,-0.30062205,-0.013133603,0.35208747,3
712762722438939,2024-03-21T19:39:49.966Z,lsm6dso gyroscope sensor,-0.73311466,0.92271197,0.39606977,3
712762742438939,2024-03-21T19:39:49.985Z,lsm6dso gyroscope sensor,-0.75449497,0.93859446,0.036270123,3
712762762438939,2024-03-21T19:39:50.005Z,lsm6dso gyroscope sensor,-0.4967098,1.647809,0.15172365,3
712762782438939,2024-03-21T19:39:50.025Z,lsm6dso gyroscope sensor,-0.3574325,1.4504995,0.042378776,3
712762802438939,2024-03-21T19:39:50.045Z,lsm6dso gyroscope sensor,-0.16500998,0.6618725,0.01488984,3
712762822439205,2024-03-21T19:39:50.066Z,lsm6dso gyroscope sensor,-0.11247557,0.23243423,-0.27221683,3
712762842439205,2024-03-21T19:39:50.085Z,lsm6dso gyroscope sensor,-0.21143574,-0.6429357,-0.23678663,3
712762862439205,2024-03-21T19:39:50.106Z,lsm6dso gyroscope sensor,-0.25847235,-1.2800682,-0.14026994,3
712762882439205,2024-03-21T19:39:50.125Z,lsm6dso gyroscope sensor,-0.13446671,-1.7174476,-0.20624338,3
712762902439205,2024-03-21T19:39:50.146Z,lsm6dso gyroscope sensor,-0.4191299,-1.7699821,-0.26427558,3
712762922438938,2024-03-21T19:39:50.165Z,lsm6dso gyroscope sensor,-0.15951219,-1.1560625,-0.33147076,3
712762942438938,2024-03-21T19:39:50.185Z,lsm6dso gyroscope sensor,0.12637275,-0.31429017,-0.34307718,3
712762962438938,2024-03-21T19:39:50.206Z,lsm6dso gyroscope sensor,0.32123876,0.36926803,-0.26427558,3
712762982438938,2024-03-21T19:39:50.226Z,lsm6dso gyroscope sensor,0.35850155,0.6942484,-0.09140071,3
712763002438938,2024-03-21T19:39:50.245Z,lsm6dso gyroscope sensor,0.4116468,0.7724391,0.088804536,3
712763022438938,2024-03-21T19:39:50.266Z,lsm6dso gyroscope sensor,0.30902144,0.6612616,0.13156511,3
712763042438938,2024-03-21T19:39:50.285Z,lsm6dso gyroscope sensor,0.25098926,0.29657507,0.11018482,3
712763062438938,2024-03-21T19:39:50.305Z,lsm6dso gyroscope sensor,0.33223432,-0.17928895,0.15538885,3
712763082438938,2024-03-21T19:39:50.326Z,lsm6dso gyroscope sensor,0.36888626,-0.28496864,0.19387336,3
712763102438938,2024-03-21T19:39:50.345Z,lsm6dso gyroscope sensor,0.4348597,-0.13103059,0.2036472,3
712763122438938,2024-03-21T19:39:50.365Z,lsm6dso gyroscope sensor,0.53198725,0.1695151,0.23357959,3
712763142438938,2024-03-21T19:39:50.385Z,lsm6dso gyroscope sensor,0.4977788,0.3894266,0.23663393,3
712763162438938,2024-03-21T19:39:50.405Z,lsm6dso gyroscope sensor,0.24060455,0.46883908,-0.14821118,3
712763182438938,2024-03-21T19:39:50.425Z,lsm6dso gyroscope sensor,0.071394876,-0.020463986,-0.6320165,3
712763202438938,2024-03-21T19:39:50.445Z,lsm6dso gyroscope sensor,0.0182496,-0.8445212,-0.44264823,3
712763222438938,2024-03-21T19:39:50.466Z,lsm6dso gyroscope sensor,0.15141822,-0.97585726,-0.20563251,3
712763242438938,2024-03-21T19:39:50.485Z,lsm6dso gyroscope sensor,0.41286856,-0.09865474,-0.36873353,3
712763262439171,2024-03-21T19:39:50.505Z,lsm6dso gyroscope sensor,0.51427215,-0.537256,-0.07979427,3
712763282439171,2024-03-21T19:39:50.526Z,lsm6dso gyroscope sensor,0.045738537,0.3118467,-0.47196975,3
712763302439171,2024-03-21T19:39:50.545Z,lsm6dso gyroscope sensor,-0.13263412,1.0937542,-0.8329911,3
712763322439437,2024-03-21T19:39:50.566Z,lsm6dso gyroscope sensor,0.24304801,0.72112644,-0.49151745,3
712763342439437,2024-03-21T19:39:50.585Z,lsm6dso gyroscope sensor,0.56375223,0.74372846,0.04604397,3
712763362439437,2024-03-21T19:39:50.606Z,lsm6dso gyroscope sensor,0.69386655,0.5195409,0.54878604,3
712763382439437,2024-03-21T19:39:50.626Z,lsm6dso gyroscope sensor,0.7549531,-0.054061573,0.5903249,3
712763402439437,2024-03-21T19:39:50.645Z,lsm6dso gyroscope sensor,0.37132972,-0.56046885,0.34475708,3
712763422439170,2024-03-21T19:39:50.666Z,lsm6dso gyroscope sensor,-0.008017606,-0.8854492,0.08697194,3
712763442439170,2024-03-21T19:39:50.686Z,lsm6dso gyroscope sensor,-0.009850202,-0.9990701,-0.022372939,3
712763462439170,2024-03-21T19:39:50.705Z,lsm6dso gyroscope sensor,0.11415544,-0.6637051,0.08208502,3
712763482439403,2024-03-21T19:39:50.726Z,lsm6dso gyroscope sensor,0.0017562376,-0.11148291,0.16455182,3
712763502439403,2024-03-21T19:39:50.746Z,lsm6dso gyroscope sensor,-0.10453431,0.28680122,0.22869268,3
712763522439403,2024-03-21T19:39:50.765Z,lsm6dso gyroscope sensor,-0.16073392,0.57696223,0.23907739,3
712763542439403,2024-03-21T19:39:50.785Z,lsm6dso gyroscope sensor,-0.20166188,0.68691796,0.12118039,3
712763562439403,2024-03-21T19:39:50.806Z,lsm6dso gyroscope sensor,-0.22731823,0.5879578,0.005726862,3
712763582439403,2024-03-21T19:39:50.825Z,lsm6dso gyroscope sensor,-0.10453431,0.36377025,-0.07185303,3
712763602439403,2024-03-21T19:39:50.845Z,lsm6dso gyroscope sensor,-0.047112983,0.06078109,-0.07612908,3
712763622439403,2024-03-21T19:39:50.866Z,lsm6dso gyroscope sensor,-0.045280386,-0.15607607,-0.06207918,3
712763642439403,2024-03-21T19:39:50.885Z,lsm6dso gyroscope sensor,-0.10514518,-0.09437868,-0.04802928,3
712763662439403,2024-03-21T19:39:50.906Z,lsm6dso gyroscope sensor,-0.050778173,0.06383542,0.0753655,3
712763682439403,2024-03-21T19:39:50.926Z,lsm6dso gyroscope sensor,0.19540052,0.10781772,0.33437237,3
712763702438569,2024-03-21T19:39:50.946Z,lsm6dso gyroscope sensor,0.32307136,0.13408493,0.6355289,3
712763722438569,2024-03-21T19:39:50.965Z,lsm6dso gyroscope sensor,0.2680935,-0.50976706,0.73204565,3
712763742438569,2024-03-21T19:39:50.985Z,lsm6dso gyroscope sensor,0.021914791,-0.7498371,0.4712062,3
712763762438569,2024-03-21T19:39:51.006Z,lsm6dso gyroscope sensor,-0.058719423,0.2660318,0.4602106,3
712763782438569,2024-03-21T19:39:51.025Z,lsm6dso gyroscope sensor,-0.6292676,0.79076505,0.31482467,3
712763802438569,2024-03-21T19:39:51.046Z,lsm6dso gyroscope sensor,-0.577344,0.88606006,-0.038255434,3
712763822438835,2024-03-21T19:39:51.066Z,lsm6dso gyroscope sensor,-0.36903897,1.2837334,0.24518603,3
712763842438835,2024-03-21T19:39:51.085Z,lsm6dso gyroscope sensor,-0.086819224,0.73273283,0.28916833,3
712763862438601,2024-03-21T19:39:51.105Z,lsm6dso gyroscope sensor,0.017027868,0.10598512,0.064369924,3
712763882438601,2024-03-21T19:39:51.125Z,lsm6dso gyroscope sensor,-0.36048687,-0.2770274,-0.31742084,3
712763902438601,2024-03-21T19:39:51.145Z,lsm6dso gyroscope sensor,-0.75266236,-0.7761043,-0.43226352,3
712763922438334,2024-03-21T19:39:51.166Z,lsm6dso gyroscope sensor,-0.6463718,-1.0558805,-0.479911,3
712763942438334,2024-03-21T19:39:51.186Z,lsm6dso gyroscope sensor,-0.4844925,-1.2996159,-0.3497967,3
712763962438334,2024-03-21T19:39:51.206Z,lsm6dso gyroscope sensor,-0.42157337,-1.4242324,-0.19219348,3
712763982438334,2024-03-21T19:39:51.225Z,lsm6dso gyroscope sensor,-0.13935363,-0.9447031,-0.16959146,3
712764002438334,2024-03-21T19:39:51.246Z,lsm6dso gyroscope sensor,0.09949467,-0.31856623,-0.20135646,3
712764022438334,2024-03-21T19:39:51.266Z,lsm6dso gyroscope sensor,0.22960897,0.102319926,-0.18180877,3
712764042438567,2024-03-21T19:39:51.285Z,lsm6dso gyroscope sensor,0.25587618,0.35338554,-0.104228884,3
712764062438567,2024-03-21T19:39:51.306Z,lsm6dso gyroscope sensor,0.29191723,0.5317582,0.05459608,3
712764082438333,2024-03-21T19:39:51.326Z,lsm6dso gyroscope sensor,0.2674826,0.56596667,0.15538885,3
712764102438333,2024-03-21T19:39:51.346Z,lsm6dso gyroscope sensor,0.22899811,0.3387248,0.15416712,3
712764122438333,2024-03-21T19:39:51.366Z,lsm6dso gyroscope sensor,0.17096591,0.024740042,0.13950635,3
712764142438333,2024-03-21T19:39:51.385Z,lsm6dso gyroscope sensor,0.24976753,-0.22327125,0.18654297,3
712764162438333,2024-03-21T19:39:51.405Z,lsm6dso gyroscope sensor,0.32307136,-0.17562376,0.199982,3
712764182438333,2024-03-21T19:39:51.425Z,lsm6dso gyroscope sensor,0.38171443,0.15363261,0.1755474,3
712764202438333,2024-03-21T19:39:51.445Z,lsm6dso gyroscope sensor,0.46540296,0.38087448,0.1474476,3
712764222438333,2024-03-21T19:39:51.466Z,lsm6dso gyroscope sensor,0.36522105,0.42730024,-0.117057055,3
712764242438333,2024-03-21T19:39:51.485Z,lsm6dso gyroscope sensor,0.24426974,0.03756821,-0.3094796,3
712764262438566,2024-03-21T19:39:51.506Z,lsm6dso gyroscope sensor,0.37988183,-0.50243664,-0.1091158,3
712764282438566,2024-03-21T19:39:51.526Z,lsm6dso gyroscope sensor,0.44035748,-0.26053402,-0.030925052,3
712764302439399,2024-03-21T19:39:51.546Z,lsm6dso gyroscope sensor,0.50449836,0.5323691,-0.25022566,3
712764322439665,2024-03-21T19:39:51.566Z,lsm6dso gyroscope sensor,0.5081635,0.26053402,0.04848743,3
712764342439665,2024-03-21T19:39:51.586Z,lsm6dso gyroscope sensor,0.22411118,0.96974856,-0.39805508,3
712764362439665,2024-03-21T19:39:51.605Z,lsm6dso gyroscope sensor,-0.0012980887,1.3716979,-0.5263368,3
712764382439665,2024-03-21T19:39:51.625Z,lsm6dso gyroscope sensor,0.1868484,0.9850202,-0.24900395,3
712764402439665,2024-03-21T19:39:51.646Z,lsm6dso gyroscope sensor,0.30046934,0.86467975,-0.07490735,3
712764422439398,2024-03-21T19:39:51.666Z,lsm6dso gyroscope sensor,0.16119206,0.2764165,0.21342105,3
712764442439398,2024-03-21T19:39:51.685Z,lsm6dso gyroscope sensor,0.11415544,-0.64904433,0.2580142,3
712764462439398,2024-03-21T19:39:51.706Z,lsm6dso gyroscope sensor,-0.05627596,-1.0882565,0.12728904,3
712764482439398,2024-03-21T19:39:51.726Z,lsm6dso gyroscope sensor,-0.21632266,-1.207986,-0.0046578473,3
712764502439398,2024-03-21T19:39:51.746Z,lsm6dso gyroscope sensor,-0.05933029,-0.95203346,0.0051159966,3
712764522439398,2024-03-21T19:39:51.766Z,lsm6dso gyroscope sensor,-0.15157095,-0.40958515,0.038713586,3
712764542439398,2024-03-21T19:39:51.786Z,lsm6dso gyroscope sensor,-0.10942124,0.030848695,-0.0022143866,3
712764562439398,2024-03-21T19:39:51.805Z,lsm6dso gyroscope sensor,-0.21265747,0.3643811,-0.0052687125,3
712764582439398,2024-03-21T19:39:51.826Z,lsm6dso gyroscope sensor,-0.24442245,0.44990227,-0.014431692,3
712764602439398,2024-03-21T19:39:51.846Z,lsm6dso gyroscope sensor,-0.31467196,0.48716503,-0.07185303,3
712764622439398,2024-03-21T19:39:51.865Z,lsm6dso gyroscope sensor,-0.2279291,0.44684792,-0.06330091,3
712764642439164,2024-03-21T19:39:51.886Z,lsm6dso gyroscope sensor,-0.15034921,0.24953845,-0.037033707,3
712764662439164,2024-03-21T19:39:51.905Z,lsm6dso gyroscope sensor,-0.075212784,-0.027794369,-0.048640147,3
712764682439164,2024-03-21T19:39:51.926Z,lsm6dso gyroscope sensor,-0.05627596,-0.106595986,-0.0388663,3
712764702439164,2024-03-21T19:39:51.946Z,lsm6dso gyroscope sensor,-0.010461068,0.004581489,-0.011377365,3
712764722439164,2024-03-21T19:39:51.966Z,lsm6dso gyroscope sensor,0.13125966,0.13041973,0.01488984,3
712764742439164,2024-03-21T19:39:51.985Z,lsm6dso gyroscope sensor,0.27969992,0.21594086,0.17066048,3
712764762439164,2024-03-21T19:39:52.005Z,lsm6dso gyroscope sensor,0.41225767,-0.022296581,0.5933792,3
712764782439164,2024-03-21T19:39:52.026Z,lsm6dso gyroscope sensor,0.2589305,-0.514654,0.6837873,3
712764802439164,2024-03-21T19:39:52.046Z,lsm6dso gyroscope sensor,0.04390594,-0.38148534,0.576275,3
712764822439397,2024-03-21T19:39:52.066Z,lsm6dso gyroscope sensor,-0.21265747,0.21166481,0.4107305,3
712764842439397,2024-03-21T19:39:52.086Z,lsm6dso gyroscope sensor,-0.41363212,0.36560285,0.06498079,3
712764862439163,2024-03-21T19:39:52.106Z,lsm6dso gyroscope sensor,-0.42218423,0.56230146,0.030772336,3
712764882439163,2024-03-21T19:39:52.126Z,lsm6dso gyroscope sensor,-0.27618745,0.40103304,0.06681339,3
712764902439163,2024-03-21T19:39:52.145Z,lsm6dso gyroscope sensor,-0.07032586,-0.12736541,-0.07918341,3
712764922438963,2024-03-21T19:39:52.165Z,lsm6dso gyroscope sensor,-0.24869852,-0.35521814,-0.4084398,3
712764942438963,2024-03-21T19:39:52.186Z,lsm6dso gyroscope sensor,-0.672639,-0.47128254,-0.61796653,3
712764962438963,2024-03-21T19:39:52.206Z,lsm6dso gyroscope sensor,-0.80214244,-0.57818395,-0.5715408,3
712764982438963,2024-03-21T19:39:52.225Z,lsm6dso gyroscope sensor,-0.6549239,-0.7699956,-0.457309,3
712765002438963,2024-03-21T19:39:52.246Z,lsm6dso gyroscope sensor,-0.6152177,-0.87995136,-0.31497738,3
712765022438963,2024-03-21T19:39:52.266Z,lsm6dso gyroscope sensor,-0.25725064,-0.7357872,-0.23678663,3
712765042438963,2024-03-21T19:39:52.285Z,lsm6dso gyroscope sensor,-0.08926269,-0.41141775,-0.21968241,3
712765062438963,2024-03-21T19:39:52.306Z,lsm6dso gyroscope sensor,0.03901902,-0.070554934,-0.23189972,3
712765082438963,2024-03-21T19:39:52.326Z,lsm6dso gyroscope sensor,0.07689266,0.17989981,-0.15798502,3
712765102438963,2024-03-21T19:39:52.346Z,lsm6dso gyroscope sensor,0.10132727,0.31429017,-0.016875152,3
712765122439263,2024-03-21T19:39:52.366Z,lsm6dso gyroscope sensor,0.13492486,0.3735441,0.096134916,3
712765142439263,2024-03-21T19:39:52.385Z,lsm6dso gyroscope sensor,0.19540052,0.32284227,0.16760615,3
712765162439263,2024-03-21T19:39:52.405Z,lsm6dso gyroscope sensor,0.3120758,0.16340645,0.22502749,3
712765182439263,2024-03-21T19:39:52.426Z,lsm6dso gyroscope sensor,0.3749949,-0.029626964,0.27084237,3
712765202439263,2024-03-21T19:39:52.446Z,lsm6dso gyroscope sensor,0.44096833,-0.06261369,0.2653446,3
712765222439263,2024-03-21T19:39:52.465Z,lsm6dso gyroscope sensor,0.542372,0.116980694,0.2476295,3
712765242439263,2024-03-21T19:39:52.485Z,lsm6dso gyroscope sensor,0.6120106,0.23060162,0.18104519,3
712765262439263,2024-03-21T19:39:52.505Z,lsm6dso gyroscope sensor,0.40614903,0.11209377,-0.060246583,3
712765282439263,2024-03-21T19:39:52.525Z,lsm6dso gyroscope sensor,0.21800253,-0.07422013,-0.47013718,3
712765302439263,2024-03-21T19:39:52.546Z,lsm6dso gyroscope sensor,0.38110355,-0.55863625,-0.45058948,3
712765322439529,2024-03-21T19:39:52.566Z,lsm6dso gyroscope sensor,0.6529386,-0.569021,-0.04802928,3
712765342439529,2024-03-21T19:39:52.586Z,lsm6dso gyroscope sensor,0.66271245,0.37720928,-0.20502165,3
712765362439529,2024-03-21T19:39:52.606Z,lsm6dso gyroscope sensor,0.6682102,0.41508293,-0.1530981,3
712765382439529,2024-03-21T19:39:52.625Z,lsm6dso gyroscope sensor,0.3310126,0.4999932,-0.060246583,3
712765402439529,2024-03-21T19:39:52.645Z,lsm6dso gyroscope sensor,0.00908662,0.93859446,-0.5971971,3
712765422439295,2024-03-21T19:39:52.665Z,lsm6dso gyroscope sensor,0.24060455,0.15485434,-0.28993192,3
712765442439295,2024-03-21T19:39:52.686Z,lsm6dso gyroscope sensor,0.5509241,-0.12614368,0.19387336,3
712765462439295,2024-03-21T19:39:52.705Z,lsm6dso gyroscope sensor,0.5961281,-0.5122105,0.71310884,3
712765482439295,2024-03-21T19:39:52.726Z,lsm6dso gyroscope sensor,0.5222134,-0.9117164,0.6123161,3
712765502439295,2024-03-21T19:39:52.746Z,lsm6dso gyroscope sensor,0.012751812,-1.07665,0.25312728,3
712765522439228,2024-03-21T19:39:52.765Z,lsm6dso gyroscope sensor,-0.24625506,-0.98746365,-0.11217013,3
712765542439228,2024-03-21T19:39:52.785Z,lsm6dso gyroscope sensor,-0.04955644,-0.6563747,-0.18058704,3
712765562439228,2024-03-21T19:39:52.806Z,lsm6dso gyroscope sensor,-0.27130052,-0.07360926,-0.06757697,3
712765582439228,2024-03-21T19:39:52.826Z,lsm6dso gyroscope sensor,-0.35254562,0.364992,0.006948592,3
712765602439228,2024-03-21T19:39:52.845Z,lsm6dso gyroscope sensor,-0.36415204,0.5885687,0.05215262,3
712765622439228,2024-03-21T19:39:52.865Z,lsm6dso gyroscope sensor,-0.41363212,0.60994893,-0.0687987,3
712765642439228,2024-03-21T19:39:52.885Z,lsm6dso gyroscope sensor,-0.43317983,0.45112398,-0.1567633,3
712765662439228,2024-03-21T19:39:52.906Z,lsm6dso gyroscope sensor,-0.39408445,0.2782491,-0.18791743,3
712765682439228,2024-03-21T19:39:52.926Z,lsm6dso gyroscope sensor,-0.36964983,0.04795292,-0.15370896,3
712765702439228,2024-03-21T19:39:52.945Z,lsm6dso gyroscope sensor,-0.35193473,-0.15668693,-0.11339186,3
712765722438928,2024-03-21T19:39:52.966Z,lsm6dso gyroscope sensor,-0.31833714,-0.13103059,-0.1390482,3
712765742438928,2024-03-21T19:39:52.985Z,lsm6dso gyroscope sensor,-0.21571179,0.005192355,-0.12255484,3
712765762438928,2024-03-21T19:39:53.006Z,lsm6dso gyroscope sensor,-0.13935363,0.07422013,-0.02603813,3
712765782438928,2024-03-21T19:39:53.026Z,lsm6dso gyroscope sensor,-0.07276932,0.055283304,0.05215262,3
712765802438928,2024-03-21T19:39:53.046Z,lsm6dso gyroscope sensor,0.0005345071,-0.08399397,0.18593211,3
712765822439194,2024-03-21T19:39:53.066Z,lsm6dso gyroscope sensor,0.01947133,-0.3381139,0.33498323,3
712765842439194,2024-03-21T19:39:53.085Z,lsm6dso gyroscope sensor,-0.048945576,0.7528914,0.44554985,3
712765862439194,2024-03-21T19:39:53.105Z,lsm6dso gyroscope sensor,-0.54680073,0.8897252,0.23907739,3
712765882439194,2024-03-21T19:39:53.126Z,lsm6dso gyroscope sensor,-0.23098342,1.0033462,0.047265697,3
712765902439194,2024-03-21T19:39:53.145Z,lsm6dso gyroscope sensor,-0.1381319,0.9086621,0.31543553,3
712765922438960,2024-03-21T19:39:53.165Z,lsm6dso gyroscope sensor,-0.16562083,0.28680122,0.100410976,3
712765942438960,2024-03-21T19:39:53.185Z,lsm6dso gyroscope sensor,-0.15645786,-0.06078109,-0.26305383,3
712765962438960,2024-03-21T19:39:53.206Z,lsm6dso gyroscope sensor,-0.4967098,-0.42180246,-0.457309,3
712765982438960,2024-03-21T19:39:53.225Z,lsm6dso gyroscope sensor,-0.64392835,-0.6435465,-0.5049565,3
712766002438960,2024-03-21T19:39:53.246Z,lsm6dso gyroscope sensor,-0.7092909,-0.86162543,-0.48968485,3
712766022438960,2024-03-21T19:39:53.265Z,lsm6dso gyroscope sensor,-0.66164345,-1.1218541,-0.46769372,3
712766042438960,2024-03-21T19:39:53.285Z,lsm6dso gyroscope sensor,-0.48327076,-1.0968086,-0.26610819,3
712766062438960,2024-03-21T19:39:53.305Z,lsm6dso gyroscope sensor,-0.1662317,-0.69974613,-0.15065464,3
712766082438960,2024-03-21T19:39:53.326Z,lsm6dso gyroscope sensor,0.07994699,-0.28863382,-0.105450615,3
712766102438960,2024-03-21T19:39:53.346Z,lsm6dso gyroscope sensor,0.15752688,0.028405234,-0.1091158,3
712766122438960,2024-03-21T19:39:53.365Z,lsm6dso gyroscope sensor,0.15569428,0.22571471,-0.047418416,3
712766142438960,2024-03-21T19:39:53.385Z,lsm6dso gyroscope sensor,0.16363552,0.33200526,0.041157044,3
712766162438960,2024-03-21T19:39:53.406Z,lsm6dso gyroscope sensor,0.1324814,0.33505958,0.09002627,3
712766182438960,2024-03-21T19:39:53.426Z,lsm6dso gyroscope sensor,0.09277516,0.20433442,0.08636107,3
712766202438960,2024-03-21T19:39:53.445Z,lsm6dso gyroscope sensor,0.12820534,-0.018020526,0.11323915,3
712766222438960,2024-03-21T19:39:53.466Z,lsm6dso gyroscope sensor,0.20395264,-0.22693644,0.21219932,3
712766242438960,2024-03-21T19:39:53.485Z,lsm6dso gyroscope sensor,0.31390837,-0.29657507,0.26106852,3
712766262438960,2024-03-21T19:39:53.506Z,lsm6dso gyroscope sensor,0.38965568,-0.16401732,0.21158844,3
712766282438960,2024-03-21T19:39:53.525Z,lsm6dso gyroscope sensor,0.30352366,0.15302174,0.064369924,3
712766302438960,2024-03-21T19:39:53.545Z,lsm6dso gyroscope sensor,0.28031078,0.5103779,-0.21540636,3
712766322439226,2024-03-21T19:39:53.566Z,lsm6dso gyroscope sensor,0.39515346,0.1853976,-0.28993192,3
712766342439226,2024-03-21T19:39:53.586Z,lsm6dso gyroscope sensor,0.48983756,0.21899518,-0.07368562,3
712766362439226,2024-03-21T19:39:53.605Z,lsm6dso gyroscope sensor,0.5093852,1.0320568,-0.16959146,3
712766382439226,2024-03-21T19:39:53.625Z,lsm6dso gyroscope sensor,0.2577088,0.30451632,0.0026725354,3
712766402439492,2024-03-21T19:39:53.645Z,lsm6dso gyroscope sensor,0.112322845,0.25259277,-0.19769126,3
712766422439225,2024-03-21T19:39:53.665Z,lsm6dso gyroscope sensor,-0.05261077,0.2782491,-0.45058948,3
712766442439225,2024-03-21T19:39:53.686Z,lsm6dso gyroscope sensor,0.35850155,-0.44257188,-0.24350616,3
712766462439225,2024-03-21T19:39:53.705Z,lsm6dso gyroscope sensor,0.47090074,-0.5549711,0.14683673,3
712766482439225,2024-03-21T19:39:53.726Z,lsm6dso gyroscope sensor,0.60468024,-0.46944994,0.49380818,3
712766502439225,2024-03-21T19:39:53.746Z,lsm6dso gyroscope sensor,0.6382778,-0.35216382,0.6483571,3
712766522439191,2024-03-21T19:39:53.765Z,lsm6dso gyroscope sensor,0.5411503,-0.3051272,0.49808425,3
712766542439191,2024-03-21T19:39:53.786Z,lsm6dso gyroscope sensor,0.38965568,-0.3381139,0.21158844,3
712766562439191,2024-03-21T19:39:53.806Z,lsm6dso gyroscope sensor,0.18135062,-0.3399465,-0.057803124,3
712766582439191,2024-03-21T19:39:53.825Z,lsm6dso gyroscope sensor,0.10010554,-0.2910773,-0.08895725,3
712766602439191,2024-03-21T19:39:53.846Z,lsm6dso gyroscope sensor,0.11476631,-0.13225232,0.12789991,3
712766622439191,2024-03-21T19:39:53.866Z,lsm6dso gyroscope sensor,0.2607631,0.025961773,0.2476295,3
712766642439191,2024-03-21T19:39:53.885Z,lsm6dso gyroscope sensor,0.21189389,0.110872045,0.22624922,3
712766662439191,2024-03-21T19:39:53.905Z,lsm6dso gyroscope sensor,0.10865766,0.13775012,0.12484559,3
712766682439191,2024-03-21T19:39:53.925Z,lsm6dso gyroscope sensor,0.045738537,0.22449298,0.06314819,3
712766702439191,2024-03-21T19:39:53.946Z,lsm6dso gyroscope sensor,0.03352123,0.28313604,0.12606731,3
712766722439191,2024-03-21T19:39:53.965Z,lsm6dso gyroscope sensor,-0.039171733,0.1908954,0.13400856,3
712766742439191,2024-03-21T19:39:53.986Z,lsm6dso gyroscope sensor,-0.15890132,0.050396383,0.001450805,3
712766762439191,2024-03-21T19:39:54.006Z,lsm6dso gyroscope sensor,-0.19921842,0.06688975,-0.10239629,3
712766782439191,2024-03-21T19:39:54.025Z,lsm6dso gyroscope sensor,-0.20044015,0.183565,-0.048640147,3
712766802438757,2024-03-21T19:39:54.045Z,lsm6dso gyroscope sensor,-0.070936725,0.20066923,0.07231117,3
712766822439023,2024-03-21T19:39:54.066Z,lsm6dso gyroscope sensor,-0.04222606,0.21227567,0.34231362,3
712766842439023,2024-03-21T19:39:54.086Z,lsm6dso gyroscope sensor,-0.0959822,-0.21105394,0.512745,3
712766862439023,2024-03-21T19:39:54.106Z,lsm6dso gyroscope sensor,-0.30062205,-0.605062,0.39790234,3
712766882439023,2024-03-21T19:39:54.126Z,lsm6dso gyroscope sensor,-0.35682166,0.020463986,0.4076762,3
712766902439023,2024-03-21T19:39:54.145Z,lsm6dso gyroscope sensor,-0.736169,0.28252518,0.23846652,3
712766922438756,2024-03-21T19:39:54.166Z,lsm6dso gyroscope sensor,-0.8271879,0.46700647,-0.32841644,3
712766942438756,2024-03-21T19:39:54.186Z,lsm6dso gyroscope sensor,-0.6201046,0.97524637,-0.06330091,3
712766962438756,2024-03-21T19:39:54.205Z,lsm6dso gyroscope sensor,-0.048334714,0.8231409,0.3930154,3
712766982438756,2024-03-21T19:39:54.225Z,lsm6dso gyroscope sensor,0.03718642,0.46273044,0.29710957,3
712767002438489,2024-03-21T19:39:54.245Z,lsm6dso gyroscope sensor,-0.32505667,-0.0009162979,0.020998493,3
712767022438489,2024-03-21T19:39:54.265Z,lsm6dso gyroscope sensor,-0.42340598,-0.5183192,-0.19097175,3
712767042438489,2024-03-21T19:39:54.286Z,lsm6dso gyroscope sensor,-0.46983173,-0.8597928,-0.3656792,3
712767062438489,2024-03-21T19:39:54.305Z,lsm6dso gyroscope sensor,-0.2700788,-1.2586879,-0.42493314,3
712767082438489,2024-03-21T19:39:54.326Z,lsm6dso gyroscope sensor,-0.025121834,-1.2476922,-0.19769126,3
712767102438489,2024-03-21T19:39:54.345Z,lsm6dso gyroscope sensor,0.25526533,-0.46028697,-0.020540344,3
712767122438489,2024-03-21T19:39:54.366Z,lsm6dso gyroscope sensor,0.49716794,0.14019357,0.047876563,3
712767142438489,2024-03-21T19:39:54.386Z,lsm6dso gyroscope sensor,0.65538204,0.3839288,0.13828462,3
712767162438489,2024-03-21T19:39:54.405Z,lsm6dso gyroscope sensor,0.73479456,0.41813725,0.26106852,3
712767182438489,2024-03-21T19:39:54.425Z,lsm6dso gyroscope sensor,0.8123744,0.33750305,0.37346774,3
712767202438489,2024-03-21T19:39:54.445Z,lsm6dso gyroscope sensor,0.7476227,0.14752395,0.35392004,3
712767222438489,2024-03-21T19:39:54.465Z,lsm6dso gyroscope sensor,0.6859253,-0.074830994,0.23357959,3
712767242438489,2024-03-21T19:39:54.486Z,lsm6dso gyroscope sensor,0.67798406,-0.20433442,0.24213171,3
712767262438489,2024-03-21T19:39:54.506Z,lsm6dso gyroscope sensor,0.7494553,-0.25381452,0.33437237,3
712767282438489,2024-03-21T19:39:54.525Z,lsm6dso gyroscope sensor,0.8252026,-0.0021380284,0.37041342,3
712767302438489,2024-03-21T19:39:54.546Z,lsm6dso gyroscope sensor,0.8978956,0.2782491,0.37041342,3
712767322438722,2024-03-21T19:39:54.565Z,lsm6dso gyroscope sensor,0.7201338,0.44868052,0.33681583,3
712767342438722,2024-03-21T19:39:54.586Z,lsm6dso gyroscope sensor,0.57474786,0.56169057,0.044211373,3
712767362438722,2024-03-21T19:39:54.605Z,lsm6dso gyroscope sensor,0.5979607,-0.064446285,-0.12805262,3
712767382438722,2024-03-21T19:39:54.626Z,lsm6dso gyroscope sensor,0.58696514,-0.50488013,-0.0071013086,3
712767402439155,2024-03-21T19:39:54.645Z,lsm6dso gyroscope sensor,0.68164927,0.094989546,-0.12133311,3
712767422438888,2024-03-21T19:39:54.666Z,lsm6dso gyroscope sensor,0.741514,-0.076052725,0.1437824,3
712767442438888,2024-03-21T19:39:54.686Z,lsm6dso gyroscope sensor,0.6132324,-0.06994407,0.07903069,3
712767462438888,2024-03-21T19:39:54.706Z,lsm6dso gyroscope sensor,0.5264895,0.6123924,-0.17875445,3
712767482438888,2024-03-21T19:39:54.726Z,lsm6dso gyroscope sensor,0.65538204,0.41630468,0.010613783,3
712767502438888,2024-03-21T19:39:54.746Z,lsm6dso gyroscope sensor,0.78916156,0.23671028,0.14317155,3
712767522438888,2024-03-21T19:39:54.766Z,lsm6dso gyroscope sensor,0.9180541,0.26358834,0.56466854,3
712767542438888,2024-03-21T19:39:54.785Z,lsm6dso gyroscope sensor,0.9528734,0.0070249503,0.7607563,3
712767562438888,2024-03-21T19:39:54.806Z,lsm6dso gyroscope sensor,0.9168324,-0.38331795,0.7186066,3
712767582438888,2024-03-21T19:39:54.826Z,lsm6dso gyroscope sensor,0.8423068,-0.7370089,0.6672939,3
712767602438888,2024-03-21T19:39:54.845Z,lsm6dso gyroscope sensor,0.82214826,-0.91354895,0.58849233,3
712767622438888,2024-03-21T19:39:54.865Z,lsm6dso gyroscope sensor,0.8606328,-0.7620544,0.5377905,3
712767642438888,2024-03-21T19:39:54.885Z,lsm6dso gyroscope sensor,0.555811,-0.23548855,0.3991241,3
712767662438888,2024-03-21T19:39:54.906Z,lsm6dso gyroscope sensor,0.41286856,0.30695978,0.29955304,3
712767682438888,2024-03-21T19:39:54.925Z,lsm6dso gyroscope sensor,0.3542255,0.6533204,0.24885122,3
712767702438888,2024-03-21T19:39:54.945Z,lsm6dso gyroscope sensor,0.28764117,0.7535023,0.15538885,3
712767722438888,2024-03-21T19:39:54.965Z,lsm6dso gyroscope sensor,0.25526533,0.7119634,0.12056953,3
712767742438888,2024-03-21T19:39:54.986Z,lsm6dso gyroscope sensor,0.2570979,0.29168814,0.13645202,3
712767762438888,2024-03-21T19:39:55.006Z,lsm6dso gyroscope sensor,0.22411118,-0.03634648,0.1297325,3
712767782438888,2024-03-21T19:39:55.025Z,lsm6dso gyroscope sensor,0.11965323,-0.13164146,0.11629347,3
712767802438888,2024-03-21T19:39:55.046Z,lsm6dso gyroscope sensor,-0.0110719325,0.082161374,0.09369145,3
712767822439121,2024-03-21T19:39:55.066Z,lsm6dso gyroscope sensor,-0.08071057,0.41691554,0.03932445,3
712767842439121,2024-03-21T19:39:55.085Z,lsm6dso gyroscope sensor,-0.059941154,0.5739079,0.04482224,3
712767862439121,2024-03-21T19:39:55.105Z,lsm6dso gyroscope sensor,-0.010461068,0.4529566,0.13706289,3
712767882439121,2024-03-21T19:39:55.125Z,lsm6dso gyroscope sensor,-0.022067508,0.005192355,0.2054798,3
712767902439121,2024-03-21T19:39:55.145Z,lsm6dso gyroscope sensor,-0.058719423,-0.47433686,0.13584116,3
712767922438887,2024-03-21T19:39:55.165Z,lsm6dso gyroscope sensor,-0.08498663,-0.35338554,0.17432567,3
712767942438887,2024-03-21T19:39:55.186Z,lsm6dso gyroscope sensor,-0.2560289,-0.25992316,0.23235787,3
712767962438887,2024-03-21T19:39:55.206Z,lsm6dso gyroscope sensor,-0.20044015,-0.08155051,0.06314819,3
712767982438887,2024-03-21T19:39:55.226Z,lsm6dso gyroscope sensor,-0.36598465,0.29779682,0.15722144,3
712768002438887,2024-03-21T19:39:55.245Z,lsm6dso gyroscope sensor,-0.23098342,0.09743301,-0.037644573,3
712768022438887,2024-03-21T19:39:55.266Z,lsm6dso gyroscope sensor,-0.07460192,-0.03756821,-0.31925344,3
712768042438887,2024-03-21T19:39:55.286Z,lsm6dso gyroscope sensor,-0.59261566,0.0143553335,-0.6851617,3
712768062438887,2024-03-21T19:39:55.305Z,lsm6dso gyroscope sensor,-0.89316136,-0.027794369,-0.8287151,3
712768082438887,2024-03-21T19:39:55.325Z,lsm6dso gyroscope sensor,-1.0141127,-0.20616703,-0.7841219,3
712768102438887,2024-03-21T19:39:55.345Z,lsm6dso gyroscope sensor,-0.8076402,-0.49449542,-0.55688006,3
712768122438920,2024-03-21T19:39:55.365Z,lsm6dso gyroscope sensor,-0.6549239,-0.7858781,-0.3375794,3
712768142438920,2024-03-21T19:39:55.386Z,lsm6dso gyroscope sensor,-0.40080395,-0.7968737,-0.18791743,3
712768162438920,2024-03-21T19:39:55.405Z,lsm6dso gyroscope sensor,-0.23587035,-0.43768495,-0.17753272,3
712768182438920,2024-03-21T19:39:55.426Z,lsm6dso gyroscope sensor,-0.17783815,-0.0711658,-0.2551126,3
712768202438920,2024-03-21T19:39:55.445Z,lsm6dso gyroscope sensor,-0.18822286,0.13775012,-0.25755605,3
712768222438920,2024-03-21T19:39:55.466Z,lsm6dso gyroscope sensor,-0.16256651,0.3032946,-0.24289529,3
712768242438920,2024-03-21T19:39:55.485Z,lsm6dso gyroscope sensor,-0.09170614,0.36377025,-0.17875445,3
712768262438920,2024-03-21T19:39:55.505Z,lsm6dso gyroscope sensor,-0.018402316,0.29779682,-0.03520111,3
712768282438920,2024-03-21T19:39:55.526Z,lsm6dso gyroscope sensor,0.04390594,0.13775012,0.11629347,3
712768302438920,2024-03-21T19:39:55.545Z,lsm6dso gyroscope sensor,0.10315987,-0.033292156,0.17432567,3
712768322439153,2024-03-21T19:39:55.565Z,lsm6dso gyroscope sensor,0.12148582,-0.09560041,0.14805846,3
712768342439153,2024-03-21T19:39:55.586Z,lsm6dso gyroscope sensor,0.18807013,-0.05955936,0.10529789,3
712768362683499,2024-03-21T19:39:55.606Z,lsm6dso gyroscope sensor,0.28092167,0.106595986,0.12789991,3
712768382683499,2024-03-21T19:39:55.626Z,lsm6dso gyroscope sensor,0.24732406,0.22999077,0.13278683,3
712768402683499,2024-03-21T19:39:55.646Z,lsm6dso gyroscope sensor,0.17951803,0.19150625,-0.22090414,3
712768422683265,2024-03-21T19:39:55.666Z,lsm6dso gyroscope sensor,0.19967657,-0.44318274,-0.37667477,3
712768442683265,2024-03-21T19:39:55.685Z,lsm6dso gyroscope sensor,0.36094502,-1.0430524,-0.111559264,3
712768462683265,2024-03-21T19:39:55.706Z,lsm6dso gyroscope sensor,0.45623997,-0.97585726,-0.1567633,3
712768482683265,2024-03-21T19:39:55.726Z,lsm6dso gyroscope sensor,0.62178445,-0.22388211,-0.34918585,3
712768502683265,2024-03-21T19:39:55.745Z,lsm6dso gyroscope sensor,0.89423037,-0.35033122,-0.004046982,3
712768522683265,2024-03-21T19:39:55.765Z,lsm6dso gyroscope sensor,0.73235106,-0.022296581,0.091858864,3
712768542683265,2024-03-21T19:39:55.785Z,lsm6dso gyroscope sensor,0.3542255,0.8579602,-0.23006712,3
712768562683265,2024-03-21T19:39:55.805Z,lsm6dso gyroscope sensor,0.21800253,0.8402451,-0.34613153,3
712768582683265,2024-03-21T19:39:55.826Z,lsm6dso gyroscope sensor,0.6523277,0.7180721,0.09246973,3
712768602683265,2024-03-21T19:39:55.845Z,lsm6dso gyroscope sensor,0.83680904,0.48288897,0.6294203,3
712768622683265,2024-03-21T19:39:55.866Z,lsm6dso gyroscope sensor,0.76778126,-0.13103059,0.5952118,3
712768642683265,2024-03-21T19:39:55.886Z,lsm6dso gyroscope sensor,0.28458685,-0.56107974,0.30077478,3
712768662683265,2024-03-21T19:39:55.905Z,lsm6dso gyroscope sensor,-0.10086913,-0.8176431,0.087582804,3
712768682683265,2024-03-21T19:39:55.926Z,lsm6dso gyroscope sensor,0.012751812,-0.977079,0.084528476,3
712768702683265,2024-03-21T19:39:55.945Z,lsm6dso gyroscope sensor,0.04757113,-0.58001655,0.16760615,3
712768722683231,2024-03-21T19:39:55.965Z,lsm6dso gyroscope sensor,-0.08926269,-0.12186762,0.14439327,3
712768742683231,2024-03-21T19:39:55.985Z,lsm6dso gyroscope sensor,-0.22548564,0.18173242,0.09980011,3
712768762683231,2024-03-21T19:39:56.005Z,lsm6dso gyroscope sensor,-0.2926808,0.35521814,0.1333977,3
712768782683231,2024-03-21T19:39:56.026Z,lsm6dso gyroscope sensor,-0.3684281,0.40958515,0.107741356,3
712768802683231,2024-03-21T19:39:56.045Z,lsm6dso gyroscope sensor,-0.42768204,0.3472769,-0.0046578473,3
712768822683464,2024-03-21T19:39:56.066Z,lsm6dso gyroscope sensor,-0.37759107,0.17928895,-0.08773552,3
712768842683464,2024-03-21T19:39:56.085Z,lsm6dso gyroscope sensor,-0.3244458,-0.034513887,-0.12255484,3
712768862683464,2024-03-21T19:39:56.105Z,lsm6dso gyroscope sensor,-0.26213756,-0.16462818,-0.046196684,3
712768882683464,2024-03-21T19:39:56.126Z,lsm6dso gyroscope sensor,-0.2120466,-0.14202617,0.069867715,3
712768902683464,2024-03-21T19:39:56.145Z,lsm6dso gyroscope sensor,-0.1118647,-0.08093964,0.09246973,3
712768922683230,2024-03-21T19:39:56.166Z,lsm6dso gyroscope sensor,0.054901514,0.036957346,0.07231117,3
712768942683230,2024-03-21T19:39:56.185Z,lsm6dso gyroscope sensor,0.11598804,0.31978795,0.15905404,3
712768962683230,2024-03-21T19:39:56.206Z,lsm6dso gyroscope sensor,0.12087496,0.26297748,0.4376086,3
712768982683230,2024-03-21T19:39:56.226Z,lsm6dso gyroscope sensor,0.026801713,-0.17440203,0.47181705,3
712769002683230,2024-03-21T19:39:56.246Z,lsm6dso gyroscope sensor,-0.20410535,-0.43035457,0.30321825,3
712769022683230,2024-03-21T19:39:56.266Z,lsm6dso gyroscope sensor,-0.5620724,0.18295415,0.27511844,3
712769042683230,2024-03-21T19:39:56.285Z,lsm6dso gyroscope sensor,-0.9359219,-0.19333886,-0.2111303,3
712769062683230,2024-03-21T19:39:56.306Z,lsm6dso gyroscope sensor,-0.41118866,-0.12064589,-0.09078985,3
712769082683230,2024-03-21T19:39:56.326Z,lsm6dso gyroscope sensor,-0.23770294,0.1872302,0.35392004,3
712769102683230,2024-03-21T19:39:56.345Z,lsm6dso gyroscope sensor,-0.0006872234,0.21838433,0.42111522,3
712769122683230,2024-03-21T19:39:56.365Z,lsm6dso gyroscope sensor,-0.21937698,0.3827071,0.07231117,3
712769142683230,2024-03-21T19:39:56.386Z,lsm6dso gyroscope sensor,-0.58895046,0.3643811,-0.26610819,3
712769162683230,2024-03-21T19:39:56.405Z,lsm6dso gyroscope sensor,-0.8296314,0.098043874,-0.5245042,3
712769182683230,2024-03-21T19:39:56.425Z,lsm6dso gyroscope sensor,-0.7569384,-0.2501493,-0.62468606,3
712769202683230,2024-03-21T19:39:56.446Z,lsm6dso gyroscope sensor,-0.5846744,-0.64476824,-0.46158504,3
712769222683230,2024-03-21T19:39:56.466Z,lsm6dso gyroscope sensor,-0.29756773,-1.0009027,-0.2410627,3
712769242683230,2024-03-21T19:39:56.485Z,lsm6dso gyroscope sensor,-0.16073392,-0.8970556,-0.0388663,3
712769262683230,2024-03-21T19:39:56.505Z,lsm6dso gyroscope sensor,0.12087496,-0.49877146,0.09002627,3
712769282683230,2024-03-21T19:39:56.525Z,lsm6dso gyroscope sensor,0.3016911,-0.08582657,0.16760615,3
712769302683230,2024-03-21T19:39:56.546Z,lsm6dso gyroscope sensor,0.36766452,0.21960606,0.15294538,3
712769322683463,2024-03-21T19:39:56.566Z,lsm6dso gyroscope sensor,0.30779973,0.33383787,0.080252424,3
712769342683463,2024-03-21T19:39:56.585Z,lsm6dso gyroscope sensor,0.23938282,0.1994475,0.0051159966,3
712769362683463,2024-03-21T19:39:56.605Z,lsm6dso gyroscope sensor,0.18929186,-0.05222898,-0.017486017,3
712769382683463,2024-03-21T19:39:56.625Z,lsm6dso gyroscope sensor,0.2644283,-0.24770586,0.04298964,3
712769402683463,2024-03-21T19:39:56.645Z,lsm6dso gyroscope sensor,0.4085925,-0.23548855,0.16638441,3
712769422683229,2024-03-21T19:39:56.665Z,lsm6dso gyroscope sensor,0.46173778,-0.052839845,0.3019965,3
712769442683229,2024-03-21T19:39:56.685Z,lsm6dso gyroscope sensor,0.46662468,0.1255328,0.4113414,3
712769462683229,2024-03-21T19:39:56.706Z,lsm6dso gyroscope sensor,0.34994942,0.13408493,0.42783475,3
712769482683229,2024-03-21T19:39:56.725Z,lsm6dso gyroscope sensor,0.20883955,0.102319926,0.3111595,3
712769502683229,2024-03-21T19:39:56.746Z,lsm6dso gyroscope sensor,0.07933612,0.044898596,-0.0107665,3
712769522683229,2024-03-21T19:39:56.765Z,lsm6dso gyroscope sensor,0.106214195,-0.2049453,-0.20685424,3
712769542683229,2024-03-21T19:39:56.785Z,lsm6dso gyroscope sensor,0.32979086,-0.24770586,0.02405282,3
712769562683229,2024-03-21T19:39:56.805Z,lsm6dso gyroscope sensor,0.48006374,0.40286562,0.23907739,3
712769582683229,2024-03-21T19:39:56.826Z,lsm6dso gyroscope sensor,0.5252678,0.73761976,0.2457969,3
712769602683229,2024-03-21T19:39:56.845Z,lsm6dso gyroscope sensor,0.36522105,-0.10598512,0.24152085,3
712769622683229,2024-03-21T19:39:56.865Z,lsm6dso gyroscope sensor,0.25465444,-0.2012801,0.072922036,3
712769642683229,2024-03-21T19:39:56.886Z,lsm6dso gyroscope sensor,0.081779584,-0.41263947,-0.26977336,3
712769662683229,2024-03-21T19:39:56.905Z,lsm6dso gyroscope sensor,0.52038085,-0.68386364,-0.22151501,3
712769682683229,2024-03-21T19:39:56.925Z,lsm6dso gyroscope sensor,0.8588002,-0.30757064,0.38201985,3
712769702683229,2024-03-21T19:39:56.945Z,lsm6dso gyroscope sensor,0.98219496,0.079107046,0.66179615,3
712769722683229,2024-03-21T19:39:56.965Z,lsm6dso gyroscope sensor,1.0188469,0.1572978,0.6605744,3
712769742683229,2024-03-21T19:39:56.985Z,lsm6dso gyroscope sensor,0.9534843,-0.13408493,0.5292384,3
712769762683229,2024-03-21T19:39:57.006Z,lsm6dso gyroscope sensor,0.6633233,-0.62949663,0.36613736,3
712769782683229,2024-03-21T19:39:57.025Z,lsm6dso gyroscope sensor,0.478842,-1.0827587,0.2506838,3
712769802683229,2024-03-21T19:39:57.045Z,lsm6dso gyroscope sensor,0.44157922,-1.0858129,0.19509509,3
712769822683462,2024-03-21T19:39:57.065Z,lsm6dso gyroscope sensor,0.30963233,-0.63194007,0.1633301,3
712769842683462,2024-03-21T19:39:57.085Z,lsm6dso gyroscope sensor,0.26381743,-0.06872234,0.12484559,3
712769862683462,2024-03-21T19:39:57.106Z,lsm6dso gyroscope sensor,0.18623754,0.41996986,0.0613156,3
712769882683462,2024-03-21T19:39:57.126Z,lsm6dso gyroscope sensor,0.17707457,0.48288897,-0.00038179077,3
712769902683462,2024-03-21T19:39:57.145Z,lsm6dso gyroscope sensor,0.15080735,0.28191432,-0.042531494,3
712769922683228,2024-03-21T19:39:57.165Z,lsm6dso gyroscope sensor,0.087277375,-0.035124753,-0.10728321,3
712769942683228,2024-03-21T19:39:57.185Z,lsm6dso gyroscope sensor,-0.0025198192,-0.28130344,-0.14393513,3
712769962683228,2024-03-21T19:39:57.206Z,lsm6dso gyroscope sensor,-0.08743009,-0.36865717,-0.17020233,3
712769982683228,2024-03-21T19:39:57.226Z,lsm6dso gyroscope sensor,-0.16378824,-0.2519819,-0.1811979,3
712770002683228,2024-03-21T19:39:57.246Z,lsm6dso gyroscope sensor,-0.12041681,-0.0290161,-0.16653714,3
712770022683228,2024-03-21T19:39:57.265Z,lsm6dso gyroscope sensor,0.0041996986,0.14935656,-0.070631295,3
712770042683228,2024-03-21T19:39:57.285Z,lsm6dso gyroscope sensor,0.09644035,0.31856623,0.049098294,3
712770062683228,2024-03-21T19:39:57.305Z,lsm6dso gyroscope sensor,0.013362677,0.37048978,0.18287778,3
712770082683228,2024-03-21T19:39:57.325Z,lsm6dso gyroscope sensor,-0.11308643,-0.118202426,0.06620252,3
712770102683228,2024-03-21T19:39:57.346Z,lsm6dso gyroscope sensor,-0.034895677,0.058337633,0.021609358,3
712770122683228,2024-03-21T19:39:57.366Z,lsm6dso gyroscope sensor,-0.49609894,0.16829337,0.064369924,3
712770142683228,2024-03-21T19:39:57.386Z,lsm6dso gyroscope sensor,-0.48510337,-0.19517145,-0.20502165,3
712770162683228,2024-03-21T19:39:57.405Z,lsm6dso gyroscope sensor,-0.24992025,-0.35338554,0.030772336,3
712770182683228,2024-03-21T19:39:57.425Z,lsm6dso gyroscope sensor,0.22533292,-0.42302418,0.43944117,3
712770202683228,2024-03-21T19:39:57.445Z,lsm6dso gyroscope sensor,0.38843393,-0.26542094,0.46693012,3
712770222683228,2024-03-21T19:39:57.465Z,lsm6dso gyroscope sensor,0.039629884,0.17134771,0.1737148,3
712770242683228,2024-03-21T19:39:57.486Z,lsm6dso gyroscope sensor,-0.26763535,0.45906523,-0.16287194,3
712770262683228,2024-03-21T19:39:57.506Z,lsm6dso gyroscope sensor,-0.33421963,0.3930918,-0.22640193,3
712770282683228,2024-03-21T19:39:57.526Z,lsm6dso gyroscope sensor,-0.07582365,-0.00030543262,-0.17508925,3
712770302683228,2024-03-21T19:39:57.546Z,lsm6dso gyroscope sensor,0.015195273,-0.31245756,-0.11950051,3
712770322683461,2024-03-21T19:39:57.566Z,lsm6dso gyroscope sensor,0.15508342,-0.46578476,-0.09017898,3
712770342683461,2024-03-21T19:39:57.586Z,lsm6dso gyroscope sensor,0.3664428,-0.3827071,0.001450805,3
712770362683461,2024-03-21T19:39:57.606Z,lsm6dso gyroscope sensor,0.524046,-0.11942416,0.16455182,3
712770382683461,2024-03-21T19:39:57.625Z,lsm6dso gyroscope sensor,0.6346126,0.17745635,0.24824037,3
712770402683461,2024-03-21T19:39:57.646Z,lsm6dso gyroscope sensor,0.7066947,0.3680463,0.24029912,3
712770422683227,2024-03-21T19:39:57.665Z,lsm6dso gyroscope sensor,0.72929674,0.37843102,0.199982,3
712770442683227,2024-03-21T19:39:57.685Z,lsm6dso gyroscope sensor,0.73235106,0.24587326,0.17432567,3
712770462683227,2024-03-21T19:39:57.705Z,lsm6dso gyroscope sensor,0.7732791,0.106595986,0.17004961,3
712770482683227,2024-03-21T19:39:57.726Z,lsm6dso gyroscope sensor,0.9058368,0.09621128,0.21036673,3
712770502683227,2024-03-21T19:39:57.745Z,lsm6dso gyroscope sensor,1.0328968,0.39675698,0.30443996,3
712770522683227,2024-03-21T19:39:57.765Z,lsm6dso gyroscope sensor,1.0738248,0.81092364,0.4003458,3
712770542683227,2024-03-21T19:39:57.785Z,lsm6dso gyroscope sensor,1.1868348,0.96974856,0.5377905,3
712770562683227,2024-03-21T19:39:57.805Z,lsm6dso gyroscope sensor,1.2014955,0.8426886,0.64224845,3
712770582683227,2024-03-21T19:39:57.826Z,lsm6dso gyroscope sensor,1.1477394,0.35277468,0.67401344,3
712770602683227,2024-03-21T19:39:57.846Z,lsm6dso gyroscope sensor,1.1049789,-0.15302174,0.66301787,3
712770622683227,2024-03-21T19:39:57.865Z,lsm6dso gyroscope sensor,1.0481684,-0.42424592,0.6043748,3
712770642683227,2024-03-21T19:39:57.886Z,lsm6dso gyroscope sensor,1.1153636,-0.1731803,0.6446919,3
712770662683227,2024-03-21T19:39:57.906Z,lsm6dso gyroscope sensor,1.036562,0.21899518,0.75098246,3
712770682683227,2024-03-21T19:39:57.926Z,lsm6dso gyroscope sensor,0.9339366,0.22693644,0.60742915,3
712770702683227,2024-03-21T19:39:57.946Z,lsm6dso gyroscope sensor,1.3572662,0.35033122,0.4198935,3
712770722683227,2024-03-21T19:39:57.966Z,lsm6dso gyroscope sensor,1.6339881,0.22082779,0.71066535,3
712770742683227,2024-03-21T19:39:57.985Z,lsm6dso gyroscope sensor,2.0591505,0.19517145,0.99838287,3
712770762683227,2024-03-21T19:39:58.006Z,lsm6dso gyroscope sensor,2.1959841,0.2678644,1.2323443,3
712770782683227,2024-03-21T19:39:58.025Z,lsm6dso gyroscope sensor,2.1660519,0.3894266,1.1682035,3
712770802683227,2024-03-21T19:39:58.045Z,lsm6dso gyroscope sensor,2.0316615,0.33078352,1.0875692,3
712770822683460,2024-03-21T19:39:58.065Z,lsm6dso gyroscope sensor,1.9449186,-0.06566802,0.99349594,3
712770842683460,2024-03-21T19:39:58.085Z,lsm6dso gyroscope sensor,1.7243962,-0.42730024,0.8810968,3
712770862683460,2024-03-21T19:39:58.106Z,lsm6dso gyroscope sensor,1.516702,-0.65576386,0.7540368,3
712770882683460,2024-03-21T19:39:58.125Z,lsm6dso gyroscope sensor,1.4165201,-0.72295904,0.6343072,3
712770902683460,2024-03-21T19:39:58.146Z,lsm6dso gyroscope sensor,1.3389403,-0.49021935,0.55611646,3
712770922683226,2024-03-21T19:39:58.166Z,lsm6dso gyroscope sensor,1.2576952,-0.005192355,0.5096907,3
712770942683226,2024-03-21T19:39:58.186Z,lsm6dso gyroscope sensor,1.2137129,0.3032946,0.5231297,3
712770962683226,2024-03-21T19:39:58.205Z,lsm6dso gyroscope sensor,1.1941652,0.36071593,0.48036915,3
712770982683226,2024-03-21T19:39:58.225Z,lsm6dso gyroscope sensor,1.0530553,0.16218472,0.40706533,3
712771002683226,2024-03-21T19:39:58.245Z,lsm6dso gyroscope sensor,0.9027825,-0.13408493,0.3123812,3
712771022683226,2024-03-21T19:39:58.265Z,lsm6dso gyroscope sensor,0.7494553,-0.36865717,0.21647537,3
712771042683226,2024-03-21T19:39:58.285Z,lsm6dso gyroscope sensor,0.6523277,-0.32284227,0.107741356,3
712771062683226,2024-03-21T19:39:58.305Z,lsm6dso gyroscope sensor,0.5668066,-0.20738874,0.13828462,3
712771082683226,2024-03-21T19:39:58.326Z,lsm6dso gyroscope sensor,0.47639853,-0.003970624,0.15477799,3
712771102683226,2024-03-21T19:39:58.346Z,lsm6dso gyroscope sensor,0.41958806,0.16218472,0.19020817,3
712771122683226,2024-03-21T19:39:58.366Z,lsm6dso gyroscope sensor,0.32123876,0.22693644,0.2512947,3
712771142683226,2024-03-21T19:39:58.386Z,lsm6dso gyroscope sensor,0.15997034,0.0693332,0.31543553,3
712771162683226,2024-03-21T19:39:58.406Z,lsm6dso gyroscope sensor,-0.024510968,-0.1872302,0.3930154,3
712771182683226,2024-03-21T19:39:58.425Z,lsm6dso gyroscope sensor,-0.21326832,-0.43585235,0.37652206,3
712771202683226,2024-03-21T19:39:58.446Z,lsm6dso gyroscope sensor,-0.37881282,-0.40530908,0.31604642,3
712771222683226,2024-03-21T19:39:58.465Z,lsm6dso gyroscope sensor,-0.3806454,0.31856623,0.28183794,3
712771242683226,2024-03-21T19:39:58.485Z,lsm6dso gyroscope sensor,-0.4301255,0.61483586,0.025885414,3
712771262683226,2024-03-21T19:39:58.506Z,lsm6dso gyroscope sensor,-0.20105103,0.39614612,0.012446379,3
712771282683226,2024-03-21T19:39:58.526Z,lsm6dso gyroscope sensor,0.08239045,0.09743301,0.18104519,3
712771302683226,2024-03-21T19:39:58.546Z,lsm6dso gyroscope sensor,0.19478965,-0.16279559,0.3123812,3
712771322683459,2024-03-21T19:39:58.565Z,lsm6dso gyroscope sensor,0.14958562,-0.6282749,0.24457517,3
712771342683459,2024-03-21T19:39:58.586Z,lsm6dso gyroscope sensor,-0.17539468,-0.56107974,-0.09750936,3
712771362683459,2024-03-21T19:39:58.605Z,lsm6dso gyroscope sensor,-0.47777298,0.12492194,-0.46341765,3
712771382683459,2024-03-21T19:39:58.626Z,lsm6dso gyroscope sensor,-0.58711785,0.8268061,-0.67477703,3
712771402683459,2024-03-21T19:39:58.646Z,lsm6dso gyroscope sensor,-0.23037256,0.9923506,-0.60636014,3
712771422683225,2024-03-21T19:39:58.665Z,lsm6dso gyroscope sensor,0.16180293,0.63438356,-0.28932106,3
712771442683225,2024-03-21T19:39:58.685Z,lsm6dso gyroscope sensor,0.4507422,0.044898596,0.051541757,3
712771462683225,2024-03-21T19:39:58.706Z,lsm6dso gyroscope sensor,0.60101503,-0.4279111,0.15050192,3
712771482683225,2024-03-21T19:39:58.726Z,lsm6dso gyroscope sensor,0.56375223,-0.5384777,0.05337435,3
712771502683225,2024-03-21T19:39:58.745Z,lsm6dso gyroscope sensor,0.48128545,-0.35338554,-0.13293955,3
712771522683225,2024-03-21T19:39:58.766Z,lsm6dso gyroscope sensor,0.42569673,0.04917465,-0.22884539,3
712771542683225,2024-03-21T19:39:58.785Z,lsm6dso gyroscope sensor,0.4116468,0.31306845,-0.18547396,3
712771562683225,2024-03-21T19:39:58.805Z,lsm6dso gyroscope sensor,0.478842,0.44257188,-0.05841399,3
712771582683225,2024-03-21T19:39:58.825Z,lsm6dso gyroscope sensor,0.5765804,0.39858958,0.036270123,3
712771602683225,2024-03-21T19:39:58.845Z,lsm6dso gyroscope sensor,0.63949955,0.2489276,0.13034338,3
712771622683225,2024-03-21T19:39:58.865Z,lsm6dso gyroscope sensor,0.6370561,0.1414153,0.13584116,3
712771642683225,2024-03-21T19:39:58.886Z,lsm6dso gyroscope sensor,0.58696514,0.10354166,0.08208502,3
712771662683225,2024-03-21T19:39:58.905Z,lsm6dso gyroscope sensor,0.49900055,0.12614368,0.006948592,3
712771682683225,2024-03-21T19:39:58.926Z,lsm6dso gyroscope sensor,0.4116468,0.22204952,-0.06391177,3
712771702683225,2024-03-21T19:39:58.946Z,lsm6dso gyroscope sensor,0.35117117,0.32284227,-0.093844175,3
712771722683225,2024-03-21T19:39:58.966Z,lsm6dso gyroscope sensor,0.39148825,0.32528573,-0.05719226,3
712771742683225,2024-03-21T19:39:58.986Z,lsm6dso gyroscope sensor,0.41592288,0.2489276,-0.018096883,3
712771762683225,2024-03-21T19:39:59.005Z,lsm6dso gyroscope sensor,0.31451926,0.0076358155,-0.05535966,3
712771782683225,2024-03-21T19:39:59.026Z,lsm6dso gyroscope sensor,0.20700696,-0.21288654,-0.112780996,3
712771802683225,2024-03-21T19:39:59.046Z,lsm6dso gyroscope sensor,0.2607631,-0.38148534,-0.057803124,3
712771822683458,2024-03-21T19:39:59.065Z,lsm6dso gyroscope sensor,0.3572798,-0.50732356,0.087582804,3
712771842683458,2024-03-21T19:39:59.086Z,lsm6dso gyroscope sensor,0.3658319,-0.66920286,0.20731239,3
712771862683458,2024-03-21T19:39:59.105Z,lsm6dso gyroscope sensor,0.3768275,-0.89949906,0.23785566,3
712771882683458,2024-03-21T19:39:59.126Z,lsm6dso gyroscope sensor,0.32123876,-0.4474588,-0.0052687125,3
712771902683458,2024-03-21T19:39:59.145Z,lsm6dso gyroscope sensor,0.42325327,0.28191432,-0.2868776,3
712771922683224,2024-03-21T19:39:59.165Z,lsm6dso gyroscope sensor,0.29680416,0.0870483,-0.2447279,3
712771942683224,2024-03-21T19:39:59.186Z,lsm6dso gyroscope sensor,-0.18455766,0.6569856,-0.4273766,3
712771962683224,2024-03-21T19:39:59.205Z,lsm6dso gyroscope sensor,-0.04772385,0.8793405,-0.5086217,3
712771982683224,2024-03-21T19:39:59.225Z,lsm6dso gyroscope sensor,0.71524686,0.48288897,0.1633301,3
712772002683224,2024-03-21T19:39:59.246Z,lsm6dso gyroscope sensor,0.60773456,0.32467487,0.67767864,3
712772022683224,2024-03-21T19:39:59.265Z,lsm6dso gyroscope sensor,0.3365104,-0.1255328,0.6892851,3
712772042683224,2024-03-21T19:39:59.286Z,lsm6dso gyroscope sensor,0.06834055,-0.052839845,0.27023152,3
712772062683224,2024-03-21T19:39:59.305Z,lsm6dso gyroscope sensor,0.038408153,-0.07788532,0.17310394,3
712772082683224,2024-03-21T19:39:59.326Z,lsm6dso gyroscope sensor,0.39332086,-0.30573806,0.03504839,3
712772102683224,2024-03-21T19:39:59.345Z,lsm6dso gyroscope sensor,0.2955824,-0.13836098,0.006948592,3
712772122683224,2024-03-21T19:39:59.366Z,lsm6dso gyroscope sensor,0.18990274,0.35155296,-0.09628764,3
712772142683224,2024-03-21T19:39:59.386Z,lsm6dso gyroscope sensor,0.07322747,0.75655663,-0.0846812,3
712772162683224,2024-03-21T19:39:59.406Z,lsm6dso gyroscope sensor,-0.0110719325,0.7492262,0.02893974,3
712772182683224,2024-03-21T19:39:59.425Z,lsm6dso gyroscope sensor,-0.11797335,0.54702985,0.041157044,3
712772202683224,2024-03-21T19:39:59.446Z,lsm6dso gyroscope sensor,-0.2926808,0.17501289,-0.09017898,3
712772222683224,2024-03-21T19:39:59.465Z,lsm6dso gyroscope sensor,-0.40263656,-0.03268129,-0.17447838,3
712772242683224,2024-03-21T19:39:59.485Z,lsm6dso gyroscope sensor,-0.48204905,0.016187929,-0.20196733,3
712772262683224,2024-03-21T19:39:59.505Z,lsm6dso gyroscope sensor,-0.45333838,0.23732115,-0.24594963,3
712772282683224,2024-03-21T19:39:59.525Z,lsm6dso gyroscope sensor,-0.28901562,0.37598756,-0.13049608,3
712772302683224,2024-03-21T19:39:59.546Z,lsm6dso gyroscope sensor,-0.19005544,0.6081163,0.13523029,3
712772322683457,2024-03-21T19:39:59.565Z,lsm6dso gyroscope sensor,-0.105756044,0.6569856,0.34231362,3
712772342683457,2024-03-21T19:39:59.586Z,lsm6dso gyroscope sensor,-0.31894803,0.75228053,0.50174946,3
712772362683457,2024-03-21T19:39:59.605Z,lsm6dso gyroscope sensor,-0.53091824,0.7651087,0.56650114,3
712772382683457,2024-03-21T19:39:59.626Z,lsm6dso gyroscope sensor,-0.55352026,0.34788775,0.32765284,3
712772402683457,2024-03-21T19:39:59.646Z,lsm6dso gyroscope sensor,-1.2822825,-0.40653083,-0.14454599,3
712772422683223,2024-03-21T19:39:59.666Z,lsm6dso gyroscope sensor,-1.5510632,-0.92149025,-0.6283513,3
712772442683223,2024-03-21T19:39:59.686Z,lsm6dso gyroscope sensor,-1.3464234,-0.89766645,-0.9050732,3
712772462683223,2024-03-21T19:39:59.706Z,lsm6dso gyroscope sensor,-1.0061715,-0.45662177,-0.7413613,3
712772482683223,2024-03-21T19:39:59.725Z,lsm6dso gyroscope sensor,-0.83696175,0.24953845,-0.3039818,3
712772502683223,2024-03-21T19:39:59.745Z,lsm6dso gyroscope sensor,-0.7575493,0.5543602,-0.21357377,3
712772522683223,2024-03-21T19:39:59.766Z,lsm6dso gyroscope sensor,-0.6811911,0.43035457,-0.25755605,3
712772542683223,2024-03-21T19:39:59.786Z,lsm6dso gyroscope sensor,-0.5632941,0.020463986,-0.19280434,3
712772562683223,2024-03-21T19:39:59.806Z,lsm6dso gyroscope sensor,-0.5199227,-0.4120286,-0.21846068,3
712772582683223,2024-03-21T19:39:59.825Z,lsm6dso gyroscope sensor,-0.45944703,-0.6569856,-0.33391422,3
712772602683223,2024-03-21T19:39:59.846Z,lsm6dso gyroscope sensor,-0.24747679,-0.6087272,-0.2551126,3
712772622683489,2024-03-21T19:39:59.865Z,lsm6dso gyroscope sensor,-0.0397826,-0.31673363,-0.12560916,3
712772642683489,2024-03-21T19:39:59.886Z,lsm6dso gyroscope sensor,-0.015958855,-0.0070249503,-0.11217013,3
712772662683489,2024-03-21T19:39:59.906Z,lsm6dso gyroscope sensor,-0.061773747,0.19394971,-0.13110696,3
712772682683489,2024-03-21T19:39:59.926Z,lsm6dso gyroscope sensor,-0.06543894,0.21777347,-0.1512655,3
712772702683489,2024-03-21T19:39:59.945Z,lsm6dso gyroscope sensor,-0.0092393365,0.15118915,-0.08040514,3
712772722683489,2024-03-21T19:39:59.965Z,lsm6dso gyroscope sensor,0.10315987,0.10048734,0.001450805,3
712772742683489,2024-03-21T19:39:59.986Z,lsm6dso gyroscope sensor,0.12270755,0.109650314,0.0020616702,3
712772762683489,2024-03-21T19:40:00.006Z,lsm6dso gyroscope sensor,0.20822869,0.1255328,-0.000992656,3
712772782683489,2024-03-21T19:40:00.025Z,lsm6dso gyroscope sensor,0.274813,0.042455133,-0.017486017,3
712772802683489,2024-03-21T19:40:00.046Z,lsm6dso gyroscope sensor,0.32979086,-0.03145956,-0.19646953,3
712772822683722,2024-03-21T19:40:00.066Z,lsm6dso gyroscope sensor,0.41958806,-0.08582657,-0.3186426,3
712772842683722,2024-03-21T19:40:00.085Z,lsm6dso gyroscope sensor,0.34567338,-0.16523905,-0.39011383,3
712772862683722,2024-03-21T19:40:00.105Z,lsm6dso gyroscope sensor,0.1501965,-0.082161374,-0.5098434,3
712772882683722,2024-03-21T19:40:00.125Z,lsm6dso gyroscope sensor,-0.1277472,-0.34666604,-0.62285346,3
712772902683722,2024-03-21T19:40:00.145Z,lsm6dso gyroscope sensor,-0.28290698,-0.3857614,-0.8311585,3
712772922683488,2024-03-21T19:40:00.166Z,lsm6dso gyroscope sensor,-0.33299792,-0.19211712,-0.7389179,3
712772942683488,2024-03-21T19:40:00.186Z,lsm6dso gyroscope sensor,0.015195273,-0.24770586,-0.479911,3
712772962683488,2024-03-21T19:40:00.205Z,lsm6dso gyroscope sensor,0.5936847,-0.25320363,0.22319488,3
712772982683488,2024-03-21T19:40:00.225Z,lsm6dso gyroscope sensor,0.6859253,-0.048563786,0.86032736,3
712773002683488,2024-03-21T19:40:00.246Z,lsm6dso gyroscope sensor,0.6547712,0.09621128,0.9592875,3
712773022683488,2024-03-21T19:40:00.265Z,lsm6dso gyroscope sensor,0.53076553,0.07727446,0.757702,3
712773042683488,2024-03-21T19:40:00.286Z,lsm6dso gyroscope sensor,-0.0055741454,0.06505715,0.31848988,3
712773062683488,2024-03-21T19:40:00.306Z,lsm6dso gyroscope sensor,-0.1540144,-0.1328632,0.020998493,3
712773082683488,2024-03-21T19:40:00.326Z,lsm6dso gyroscope sensor,-0.010461068,-0.25686884,0.077198096,3
712773102683488,2024-03-21T19:40:00.345Z,lsm6dso gyroscope sensor,0.061621033,-0.2489276,0.24640776,3
712773122683488,2024-03-21T19:40:00.365Z,lsm6dso gyroscope sensor,0.13309227,-0.1853976,0.3600287,3
712773142683488,2024-03-21T19:40:00.385Z,lsm6dso gyroscope sensor,0.1428661,-0.015577064,0.44249552,3
712773162683488,2024-03-21T19:40:00.406Z,lsm6dso gyroscope sensor,0.08116872,0.2574797,0.41500658,3
712773182683488,2024-03-21T19:40:00.425Z,lsm6dso gyroscope sensor,0.018860465,0.49754974,0.2567925,3
712773202683488,2024-03-21T19:40:00.446Z,lsm6dso gyroscope sensor,-0.028176159,0.5879578,0.07841983,3
712773222683221,2024-03-21T19:40:00.466Z,lsm6dso gyroscope sensor,-0.10881037,0.4334089,-0.024205536,3
712773242683221,2024-03-21T19:40:00.485Z,lsm6dso gyroscope sensor,-0.20593795,0.106595986,-0.030925052,3
712773262683221,2024-03-21T19:40:00.506Z,lsm6dso gyroscope sensor,-0.26885706,-0.17562376,0.077198096,3
712773282683221,2024-03-21T19:40:00.526Z,lsm6dso gyroscope sensor,-0.24869852,-0.3032946,0.13523029,3
712773302683221,2024-03-21T19:40:00.545Z,lsm6dso gyroscope sensor,-0.076434515,-0.39064834,0.2757293,3
712773322683454,2024-03-21T19:40:00.565Z,lsm6dso gyroscope sensor,0.10865766,-0.48838675,0.42600214,3
712773342683454,2024-03-21T19:40:00.585Z,lsm6dso gyroscope sensor,0.18073976,-0.72601336,0.55306214,3
712773362683454,2024-03-21T19:40:00.606Z,lsm6dso gyroscope sensor,0.21128301,-0.850019,0.51946455,3
712773382683454,2024-03-21T19:40:00.626Z,lsm6dso gyroscope sensor,0.25221097,-0.72173727,0.4534911,3
712773402683454,2024-03-21T19:40:00.646Z,lsm6dso gyroscope sensor,0.17402023,-0.57879484,0.39851323,3
712773422683220,2024-03-21T19:40:00.666Z,lsm6dso gyroscope sensor,0.2729804,-0.14080444,0.35208747,3
712773442683220,2024-03-21T19:40:00.685Z,lsm6dso gyroscope sensor,0.23999368,0.23060162,0.4369977,3
712773462683220,2024-03-21T19:40:00.706Z,lsm6dso gyroscope sensor,-0.011682798,0.28191432,0.032604933,3
712773482683220,2024-03-21T19:40:00.725Z,lsm6dso gyroscope sensor,-0.13202325,0.3747658,-0.35957056,3
712773502683220,2024-03-21T19:40:00.746Z,lsm6dso gyroscope sensor,-0.26335928,0.23243423,-0.41454843,3
712773522683220,2024-03-21T19:40:00.766Z,lsm6dso gyroscope sensor,-0.15462527,-0.21105394,-0.24839307,3
712773542683220,2024-03-21T19:40:00.786Z,lsm6dso gyroscope sensor,-0.027565295,-0.5910121,-0.21418463,3
712773562683220,2024-03-21T19:40:00.805Z,lsm6dso gyroscope sensor,-0.19188805,-0.75411314,-0.24900395,3
712773582683220,2024-03-21T19:40:00.825Z,lsm6dso gyroscope sensor,-0.22915083,-0.7125743,-0.35773796,3
712773602683220,2024-03-21T19:40:00.846Z,lsm6dso gyroscope sensor,-0.18333593,-0.47861293,-0.31436652,3
712773622683220,2024-03-21T19:40:00.866Z,lsm6dso gyroscope sensor,-0.0092393365,-0.21227567,-0.19036089,3
712773642683220,2024-03-21T19:40:00.885Z,lsm6dso gyroscope sensor,0.09399689,0.008857546,-0.14332426,3
712773662683220,2024-03-21T19:40:00.905Z,lsm6dso gyroscope sensor,0.1324814,0.09865474,-0.21723895,3
712773682683220,2024-03-21T19:40:00.925Z,lsm6dso gyroscope sensor,0.13553573,0.13713925,-0.26977336,3
712773702683220,2024-03-21T19:40:00.945Z,lsm6dso gyroscope sensor,0.12637275,0.25320363,-0.21418463,3
712773722683220,2024-03-21T19:40:00.966Z,lsm6dso gyroscope sensor,0.18135062,0.4120286,-0.10789407,3
712773742683220,2024-03-21T19:40:00.986Z,lsm6dso gyroscope sensor,0.25098926,0.5726862,-0.027870728,3
712773762683220,2024-03-21T19:40:01.005Z,lsm6dso gyroscope sensor,0.30230194,0.69974613,-0.01198823,3
712773782683220,2024-03-21T19:40:01.025Z,lsm6dso gyroscope sensor,0.42142066,0.73273283,0.050320026,3
712773802683220,2024-03-21T19:40:01.046Z,lsm6dso gyroscope sensor,0.59063035,0.6020077,0.13095424,3
712773822683453,2024-03-21T19:40:01.065Z,lsm6dso gyroscope sensor,0.5417611,0.27458394,0.07780896,3
712773842683453,2024-03-21T19:40:01.086Z,lsm6dso gyroscope sensor,0.27969992,0.0021380284,-0.22151501,3
712773862683453,2024-03-21T19:40:01.105Z,lsm6dso gyroscope sensor,-0.02023491,-0.09743301,-0.5648213,3
712773882683453,2024-03-21T19:40:01.125Z,lsm6dso gyroscope sensor,-0.20044015,-0.07666359,-0.7590764,3
712773902683453,2024-03-21T19:40:01.145Z,lsm6dso gyroscope sensor,-0.26335928,0.48533243,-0.7554112,3
712773922683219,2024-03-21T19:40:01.166Z,lsm6dso gyroscope sensor,-0.44356453,0.12492194,-0.6485098,3
712773942683219,2024-03-21T19:40:01.186Z,lsm6dso gyroscope sensor,-0.4087452,-0.34238997,-0.71631587,3
712773962683219,2024-03-21T19:40:01.205Z,lsm6dso gyroscope sensor,-0.42951462,-0.47494772,-0.7413613,3
712773982683219,2024-03-21T19:40:01.225Z,lsm6dso gyroscope sensor,-0.1924989,-0.61850107,-0.4169919,3
712774002683219,2024-03-21T19:40:01.245Z,lsm6dso gyroscope sensor,0.43363798,-0.6722572,0.064369924,3
712774022683219,2024-03-21T19:40:01.266Z,lsm6dso gyroscope sensor,0.60651284,-0.410196,0.6501897,3
712774042683219,2024-03-21T19:40:01.285Z,lsm6dso gyroscope sensor,0.65965813,0.0571159,0.8132907,3
712774062683219,2024-03-21T19:40:01.305Z,lsm6dso gyroscope sensor,0.45318565,0.37110063,0.7186066,3
712774082683219,2024-03-21T19:40:01.325Z,lsm6dso gyroscope sensor,0.3395647,0.45112398,0.46876273,3
712774102683219,2024-03-21T19:40:01.346Z,lsm6dso gyroscope sensor,0.11171198,0.14630222,0.19204076,3
712774122683219,2024-03-21T19:40:01.365Z,lsm6dso gyroscope sensor,0.25831965,-0.15974127,0.18165605,3
712774142683219,2024-03-21T19:40:01.386Z,lsm6dso gyroscope sensor,0.32001704,-0.27885997,0.28122708,3
712774162683219,2024-03-21T19:40:01.405Z,lsm6dso gyroscope sensor,0.3365104,-0.24831672,0.32459852,3
712774182683219,2024-03-21T19:40:01.425Z,lsm6dso gyroscope sensor,0.3132975,-0.04062254,0.32398766,3
712774202683219,2024-03-21T19:40:01.445Z,lsm6dso gyroscope sensor,0.27114782,0.30818152,0.2897792,3
712774222683219,2024-03-21T19:40:01.466Z,lsm6dso gyroscope sensor,0.20273091,0.63438356,0.22441661,3
712774242683219,2024-03-21T19:40:01.486Z,lsm6dso gyroscope sensor,0.17402023,0.79320854,0.13461943,3
712774262683219,2024-03-21T19:40:01.505Z,lsm6dso gyroscope sensor,0.17218764,0.71685034,0.0173333,3
712774282683219,2024-03-21T19:40:01.526Z,lsm6dso gyroscope sensor,0.14714217,0.50426924,-0.04802928,3
712774302683219,2024-03-21T19:40:01.546Z,lsm6dso gyroscope sensor,0.08666651,0.2678644,-0.028481591,3
712774322683452,2024-03-21T19:40:01.565Z,lsm6dso gyroscope sensor,-0.05627596,0.06078109,-0.009544769,3
712774342683452,2024-03-21T19:40:01.585Z,lsm6dso gyroscope sensor,-0.15951219,0.03390302,0.023441954,3
712774362683452,2024-03-21T19:40:01.605Z,lsm6dso gyroscope sensor,-0.10209085,0.06688975,0.16027577,3
712774382683452,2024-03-21T19:40:01.625Z,lsm6dso gyroscope sensor,0.083001316,0.10170906,0.4003458,3
712774402683452,2024-03-21T19:40:01.645Z,lsm6dso gyroscope sensor,0.23144157,-0.022296581,0.62636596,3
712774422683218,2024-03-21T19:40:01.666Z,lsm6dso gyroscope sensor,0.25221097,-0.30451632,0.7253261,3
712774442683218,2024-03-21T19:40:01.685Z,lsm6dso gyroscope sensor,0.19112447,-0.4981606,0.74914986,3
712774462683218,2024-03-21T19:40:01.706Z,lsm6dso gyroscope sensor,0.17951803,-0.33628133,0.7173849,3
712774482683218,2024-03-21T19:40:01.726Z,lsm6dso gyroscope sensor,0.15447254,-0.30573806,0.5781076,3
712774502683218,2024-03-21T19:40:01.745Z,lsm6dso gyroscope sensor,0.25587618,-0.31429017,0.51885366,3
712774522683218,2024-03-21T19:40:01.765Z,lsm6dso gyroscope sensor,0.0011453723,0.03023783,0.40889794,3
712774542683218,2024-03-21T19:40:01.786Z,lsm6dso gyroscope sensor,-0.21876612,0.087659165,-0.000992656,3
712774562683218,2024-03-21T19:40:01.806Z,lsm6dso gyroscope sensor,-0.42890376,0.024129177,-0.3760639,3
712774582683218,2024-03-21T19:40:01.825Z,lsm6dso gyroscope sensor,-0.5755114,-0.076052725,-0.53611064,3
712774602683218,2024-03-21T19:40:01.846Z,lsm6dso gyroscope sensor,-0.5406921,-0.34666604,-0.5807038,3
712774622683218,2024-03-21T19:40:01.866Z,lsm6dso gyroscope sensor,-0.46616653,-0.6582073,-0.50251305,3
712774642683218,2024-03-21T19:40:01.886Z,lsm6dso gyroscope sensor,-0.42279512,-0.7119634,-0.4218788,3
712774662683218,2024-03-21T19:40:01.905Z,lsm6dso gyroscope sensor,-0.28901562,-0.569021,-0.37178785,3
712774682683218,2024-03-21T19:40:01.925Z,lsm6dso gyroscope sensor,-0.14424056,-0.34666604,-0.28015807,3
712774702683218,2024-03-21T19:40:01.946Z,lsm6dso gyroscope sensor,-0.04344779,-0.09682214,-0.16775887,3
712774722683218,2024-03-21T19:40:01.965Z,lsm6dso gyroscope sensor,-0.0092393365,0.079107046,-0.11766792,3
712774742683218,2024-03-21T19:40:01.986Z,lsm6dso gyroscope sensor,0.021914791,0.110872045,-0.16103935,3
712774762683218,2024-03-21T19:40:02.006Z,lsm6dso gyroscope sensor,0.01947133,0.113926366,-0.18852828,3
712774782683218,2024-03-21T19:40:02.026Z,lsm6dso gyroscope sensor,0.022525655,0.16157386,-0.16775887,3
712774802683218,2024-03-21T19:40:02.046Z,lsm6dso gyroscope sensor,0.08239045,0.25809056,-0.06818783,3
712774822683451,2024-03-21T19:40:02.065Z,lsm6dso gyroscope sensor,0.19662225,0.35521814,0.019776762,3
712774842683451,2024-03-21T19:40:02.085Z,lsm6dso gyroscope sensor,0.3206279,0.42180246,0.039935317,3
712774862683451,2024-03-21T19:40:02.106Z,lsm6dso gyroscope sensor,0.43058363,0.5109888,0.08208502,3
712774882683451,2024-03-21T19:40:02.125Z,lsm6dso gyroscope sensor,0.55520016,0.52626044,0.20853412,3
712774902683451,2024-03-21T19:40:02.145Z,lsm6dso gyroscope sensor,0.5643631,0.3894266,0.24029912,3
712774922683217,2024-03-21T19:40:02.166Z,lsm6dso gyroscope sensor,0.42019892,0.16768251,0.04054618,3
712774942683217,2024-03-21T19:40:02.185Z,lsm6dso gyroscope sensor,0.1782963,-0.116980694,-0.29420796,3
712774962683217,2024-03-21T19:40:02.206Z,lsm6dso gyroscope sensor,-0.033673946,-0.5109888,-0.54771703,3
712774982683217,2024-03-21T19:40:02.225Z,lsm6dso gyroscope sensor,0.0048105638,-0.464563,-0.53305626,3
712775002683217,2024-03-21T19:40:02.246Z,lsm6dso gyroscope sensor,0.13125966,-0.50976706,-0.3852269,3
712775022683217,2024-03-21T19:40:02.266Z,lsm6dso gyroscope sensor,0.15141822,-0.6252206,-0.3186426,3
712775042683217,2024-03-21T19:40:02.285Z,lsm6dso gyroscope sensor,-0.0129045285,-0.26847526,-0.43898302,3
712775062683217,2024-03-21T19:40:02.306Z,lsm6dso gyroscope sensor,0.106214195,-0.1133155,-0.38278344,3
712775082683217,2024-03-21T19:40:02.325Z,lsm6dso gyroscope sensor,0.3823253,-0.14935656,-0.04375322,3
712775102683217,2024-03-21T19:40:02.346Z,lsm6dso gyroscope sensor,0.6388887,-0.08277224,0.56650114,3
712775122683217,2024-03-21T19:40:02.365Z,lsm6dso gyroscope sensor,0.6773732,0.10293079,0.84811,3
712775142683217,2024-03-21T19:40:02.386Z,lsm6dso gyroscope sensor,0.5490915,0.15363261,0.74731725,3
712775162683217,2024-03-21T19:40:02.405Z,lsm6dso gyroscope sensor,0.23205243,0.024740042,0.4021784,3
712775182683217,2024-03-21T19:40:02.425Z,lsm6dso gyroscope sensor,-0.088040955,-0.1328632,0.07658723,3
712775202683217,2024-03-21T19:40:02.446Z,lsm6dso gyroscope sensor,-0.08620836,-0.32650748,-0.09140071,3
712775222683217,2024-03-21T19:40:02.466Z,lsm6dso gyroscope sensor,0.16485725,-0.37843102,0.018555032,3
712775242683217,2024-03-21T19:40:02.486Z,lsm6dso gyroscope sensor,0.09705122,-0.22815818,0.231747,3
712775262683217,2024-03-21T19:40:02.506Z,lsm6dso gyroscope sensor,0.05917757,0.03145956,0.2757293,3
712775282683217,2024-03-21T19:40:02.526Z,lsm6dso gyroscope sensor,-0.04222606,0.33322698,0.20975585,3
712775302683217,2024-03-21T19:40:02.545Z,lsm6dso gyroscope sensor,-0.08926269,0.59650993,0.12056953,3
712775322683450,2024-03-21T19:40:02.566Z,lsm6dso gyroscope sensor,-0.076434515,0.7162395,0.03932445,3
712775342683450,2024-03-21T19:40:02.586Z,lsm6dso gyroscope sensor,-0.102701716,0.65270954,-0.048640147,3
712775362683450,2024-03-21T19:40:02.605Z,lsm6dso gyroscope sensor,-0.11247557,0.3539964,-0.04925101,3
712775382683450,2024-03-21T19:40:02.626Z,lsm6dso gyroscope sensor,-0.031841353,0.0711658,0.115071744,3
712775402683450,2024-03-21T19:40:02.646Z,lsm6dso gyroscope sensor,-0.06116288,0.018020526,0.20975585,3
712775422683216,2024-03-21T19:40:02.666Z,lsm6dso gyroscope sensor,-0.0978148,0.0729984,0.23846652,3
712775442683216,2024-03-21T19:40:02.685Z,lsm6dso gyroscope sensor,0.0463494,0.12492194,0.28000537,3
712775462683216,2024-03-21T19:40:02.706Z,lsm6dso gyroscope sensor,0.2662609,0.06994407,0.4003458,3
712775482683216,2024-03-21T19:40:02.726Z,lsm6dso gyroscope sensor,0.48006374,-0.20433442,0.594601,3
712775502683216,2024-03-21T19:40:02.745Z,lsm6dso gyroscope sensor,0.51121783,-0.5647449,0.6898959,3
712775522683216,2024-03-21T19:40:02.766Z,lsm6dso gyroscope sensor,0.4556291,-0.6270532,0.5768859,3
712775542683216,2024-03-21T19:40:02.786Z,lsm6dso gyroscope sensor,0.3187953,-0.5519168,0.3936263,3
712775562683216,2024-03-21T19:40:02.805Z,lsm6dso gyroscope sensor,0.32856914,-0.5329799,0.24640776,3
712775582683216,2024-03-21T19:40:02.826Z,lsm6dso gyroscope sensor,0.34994942,-0.011301007,0.2916118,3
712775602683216,2024-03-21T19:40:02.846Z,lsm6dso gyroscope sensor,0.19417879,0.32834008,0.2494621,3
712775622683216,2024-03-21T19:40:02.865Z,lsm6dso gyroscope sensor,-0.023900103,0.2751948,-0.085292056,3
712775642683216,2024-03-21T19:40:02.885Z,lsm6dso gyroscope sensor,-0.28290698,0.20311269,-0.44020477,3
712775662683216,2024-03-21T19:40:02.906Z,lsm6dso gyroscope sensor,-0.50281847,-0.026572637,-0.5770386,3
712775682683216,2024-03-21T19:40:02.926Z,lsm6dso gyroscope sensor,-0.48754683,-0.46028697,-0.59047765,3
712775702683216,2024-03-21T19:40:02.946Z,lsm6dso gyroscope sensor,-0.4301255,-0.6960809,-0.53488886,3
712775722683216,2024-03-21T19:40:02.965Z,lsm6dso gyroscope sensor,-0.35132387,-0.72601336,-0.50006956,3
712775742683216,2024-03-21T19:40:02.986Z,lsm6dso gyroscope sensor,-0.30795243,-0.5861252,-0.41760275,3
712775762683216,2024-03-21T19:40:03.005Z,lsm6dso gyroscope sensor,-0.1924989,-0.35216382,-0.33880115,3
712775782683216,2024-03-21T19:40:03.025Z,lsm6dso gyroscope sensor,-0.26946792,-0.099265605,-0.34368807,3
712775802683216,2024-03-21T19:40:03.046Z,lsm6dso gyroscope sensor,-0.28535044,0.06811147,-0.44203737,3
712775822683449,2024-03-21T19:40:03.066Z,lsm6dso gyroscope sensor,-0.22120957,0.055283304,-0.41393757,3
712775842683449,2024-03-21T19:40:03.085Z,lsm6dso gyroscope sensor,-0.13385585,0.074830994,-0.28748846,3
712775862683449,2024-03-21T19:40:03.106Z,lsm6dso gyroscope sensor,-0.015347989,0.21899518,-0.14698945,3
712775882683449,2024-03-21T19:40:03.125Z,lsm6dso gyroscope sensor,0.07506007,0.35338554,-0.028481591,3
712775902683449,2024-03-21T19:40:03.146Z,lsm6dso gyroscope sensor,0.08483391,0.39003745,0.041157044,3
712775922683215,2024-03-21T19:40:03.165Z,lsm6dso gyroscope sensor,0.071394876,0.40469822,0.035659257,3
712775942683215,2024-03-21T19:40:03.186Z,lsm6dso gyroscope sensor,0.12270755,0.44135013,0.055206947,3
712775962683215,2024-03-21T19:40:03.206Z,lsm6dso gyroscope sensor,0.21006128,0.28863382,0.091248,3
712775982683215,2024-03-21T19:40:03.226Z,lsm6dso gyroscope sensor,0.087277375,0.083383106,-0.044364087,3
712776002683215,2024-03-21T19:40:03.245Z,lsm6dso gyroscope sensor,-0.10758864,-0.036957346,-0.38583776,3
712776022683215,2024-03-21T19:40:03.265Z,lsm6dso gyroscope sensor,-0.2945134,-0.44440445,-0.5990297,3
712776042683215,2024-03-21T19:40:03.286Z,lsm6dso gyroscope sensor,-0.20105103,-0.5910121,-0.4463134,3
712776062683215,2024-03-21T19:40:03.305Z,lsm6dso gyroscope sensor,-0.046502117,-0.28313604,-0.38461602,3
712776082683215,2024-03-21T19:40:03.326Z,lsm6dso gyroscope sensor,0.13370313,-0.41325033,-0.18975002,3
712776102683215,2024-03-21T19:40:03.346Z,lsm6dso gyroscope sensor,0.05551238,-0.20250183,-0.24167356,3
712776122683215,2024-03-21T19:40:03.365Z,lsm6dso gyroscope sensor,-0.17539468,0.3118467,-0.47196975,3
712776142683215,2024-03-21T19:40:03.385Z,lsm6dso gyroscope sensor,0.06467536,0.48899764,-0.38767037,3
712776162683215,2024-03-21T19:40:03.406Z,lsm6dso gyroscope sensor,0.36522105,0.35827246,0.030772336,3
712776182683215,2024-03-21T19:40:03.425Z,lsm6dso gyroscope sensor,0.4348597,0.3436117,0.55306214,3
712776202683215,2024-03-21T19:40:03.445Z,lsm6dso gyroscope sensor,0.46173778,0.36682457,0.6880633,3
712776222683215,2024-03-21T19:40:03.466Z,lsm6dso gyroscope sensor,0.24243714,0.060170226,0.43333253,3
712776242683215,2024-03-21T19:40:03.485Z,lsm6dso gyroscope sensor,-0.08559749,-0.14019357,0.14439327,3
712776262683215,2024-03-21T19:40:03.506Z,lsm6dso gyroscope sensor,-0.19188805,-0.30757064,-0.06207918,3
712776282683215,2024-03-21T19:40:03.526Z,lsm6dso gyroscope sensor,-0.035506543,-0.34422258,-0.08345947,3
712776302683215,2024-03-21T19:40:03.546Z,lsm6dso gyroscope sensor,-0.072158456,-0.0729984,0.10896309,3
712776322683448,2024-03-21T19:40:03.565Z,lsm6dso gyroscope sensor,-0.060552016,0.25442538,0.21219932,3
712776342683448,2024-03-21T19:40:03.585Z,lsm6dso gyroscope sensor,-0.06910413,0.5830709,0.18348865,3
712776362683448,2024-03-21T19:40:03.606Z,lsm6dso gyroscope sensor,-0.070936725,0.75594574,0.11018482,3
712776382683448,2024-03-21T19:40:03.626Z,lsm6dso gyroscope sensor,-0.036728274,0.7699956,0.03810272,3
712776402683448,2024-03-21T19:40:03.646Z,lsm6dso gyroscope sensor,0.042073343,0.6795876,-0.013209961,3
712776422683214,2024-03-21T19:40:03.665Z,lsm6dso gyroscope sensor,0.050014593,0.42913285,0.0081703225,3
712776442683214,2024-03-21T19:40:03.685Z,lsm6dso gyroscope sensor,-0.025121834,0.03145956,0.075976364,3
712776462683214,2024-03-21T19:40:03.705Z,lsm6dso gyroscope sensor,-0.11919508,-0.0888809,0.05215262,3
712776482683214,2024-03-21T19:40:03.726Z,lsm6dso gyroscope sensor,-0.14973834,0.043676864,0.081474155,3
712776502683214,2024-03-21T19:40:03.745Z,lsm6dso gyroscope sensor,-0.09659307,0.19761491,0.18471038,3
712776522683214,2024-03-21T19:40:03.765Z,lsm6dso gyroscope sensor,0.0182496,0.16035213,0.33498323,3
712776542683214,2024-03-21T19:40:03.785Z,lsm6dso gyroscope sensor,0.10987939,-0.06872234,0.53473616,3
712776562683214,2024-03-21T19:40:03.806Z,lsm6dso gyroscope sensor,0.12209669,-0.58368176,0.6978372,3
712776582683214,2024-03-21T19:40:03.825Z,lsm6dso gyroscope sensor,-0.019013181,-0.9972375,0.62636596,3
712776602683214,2024-03-21T19:40:03.846Z,lsm6dso gyroscope sensor,-0.17417295,-0.6429357,0.526184,3
712776622683214,2024-03-21T19:40:03.865Z,lsm6dso gyroscope sensor,-0.35254562,-0.24831672,0.48403436,3
712776642683214,2024-03-21T19:40:03.885Z,lsm6dso gyroscope sensor,-0.2682462,0.09193522,0.32459852,3
712776662683214,2024-03-21T19:40:03.905Z,lsm6dso gyroscope sensor,-0.3403283,0.3839288,0.23968825,3
712776682683214,2024-03-21T19:40:03.925Z,lsm6dso gyroscope sensor,-0.4893794,0.07849618,-0.07918341,3
712776702683214,2024-03-21T19:40:03.946Z,lsm6dso gyroscope sensor,-0.586507,-0.03756821,-0.34185547,3
712776722683214,2024-03-21T19:40:03.965Z,lsm6dso gyroscope sensor,-0.5779549,-0.10781772,-0.4285983,3
712776742683214,2024-03-21T19:40:03.986Z,lsm6dso gyroscope sensor,-0.53519434,-0.35827246,-0.4432591,3
712776762683214,2024-03-21T19:40:04.006Z,lsm6dso gyroscope sensor,-0.49609894,-0.5170974,-0.4377613,3
712776782683214,2024-03-21T19:40:04.025Z,lsm6dso gyroscope sensor,-0.4649448,-0.45234573,-0.39438987,3
712776802683214,2024-03-21T19:40:04.046Z,lsm6dso gyroscope sensor,-0.45394924,-0.39370266,-0.38278344,3
712776822683447,2024-03-21T19:40:04.065Z,lsm6dso gyroscope sensor,-0.26091582,-0.17073683,-0.33147076,3
712776842683447,2024-03-21T19:40:04.085Z,lsm6dso gyroscope sensor,-0.14851661,-0.014966198,-0.22945626,3
712776862683447,2024-03-21T19:40:04.106Z,lsm6dso gyroscope sensor,-0.094149604,0.08582657,-0.19280434,3
712776882683447,2024-03-21T19:40:04.126Z,lsm6dso gyroscope sensor,-0.06910413,0.12614368,-0.20379992,3
712776902683447,2024-03-21T19:40:04.146Z,lsm6dso gyroscope sensor,-0.014737124,0.15851954,-0.20013472,3
712776922683213,2024-03-21T19:40:04.166Z,lsm6dso gyroscope sensor,0.0041996986,0.1957823,-0.19036089,3
712776942683213,2024-03-21T19:40:04.186Z,lsm6dso gyroscope sensor,0.042073343,0.22571471,-0.14149167,3
712776962683213,2024-03-21T19:40:04.206Z,lsm6dso gyroscope sensor,0.08361218,0.23365596,-0.07918341,3
712776982683213,2024-03-21T19:40:04.226Z,lsm6dso gyroscope sensor,0.074449204,0.25259277,-0.055970527,3
712777002683213,2024-03-21T19:40:04.246Z,lsm6dso gyroscope sensor,0.071394876,0.31856623,-0.0016035213,3
712777022683213,2024-03-21T19:40:04.266Z,lsm6dso gyroscope sensor,0.10560333,0.40469822,0.014278975,3
712777042683213,2024-03-21T19:40:04.286Z,lsm6dso gyroscope sensor,0.04390594,0.31673363,-0.11766792,3
712777062683213,2024-03-21T19:40:04.305Z,lsm6dso gyroscope sensor,-0.20105103,-0.011911872,-0.44570255,3
712777082683213,2024-03-21T19:40:04.326Z,lsm6dso gyroscope sensor,-0.32872185,-0.3368922,-0.933173,3
712777102683213,2024-03-21T19:40:04.346Z,lsm6dso gyroscope sensor,-0.22487476,-0.5696318,-0.87269735,3
712777122683213,2024-03-21T19:40:04.365Z,lsm6dso gyroscope sensor,-0.0055741454,-0.4981606,-0.6356816,3
712777142683213,2024-03-21T19:40:04.386Z,lsm6dso gyroscope sensor,0.21128301,0.008246681,-0.55688006,3
712777162683213,2024-03-21T19:40:04.405Z,lsm6dso gyroscope sensor,0.27908906,-0.17562376,-0.46708283,3
712777182683213,2024-03-21T19:40:04.425Z,lsm6dso gyroscope sensor,0.21372648,-0.35643986,-0.47746754,3
712777202683213,2024-03-21T19:40:04.446Z,lsm6dso gyroscope sensor,0.015195273,-0.15302174,-0.4414265,3
712777222683213,2024-03-21T19:40:04.465Z,lsm6dso gyroscope sensor,0.16791159,-0.14874569,-0.275882,3
712777242683213,2024-03-21T19:40:04.486Z,lsm6dso gyroscope sensor,0.47090074,-0.18417588,0.068645984,3
712777262683213,2024-03-21T19:40:04.506Z,lsm6dso gyroscope sensor,0.5839108,-0.05222898,0.5414557,3
712777282683213,2024-03-21T19:40:04.526Z,lsm6dso gyroscope sensor,0.36766452,0.0033597588,0.60376394,3
712777302683213,2024-03-21T19:40:04.545Z,lsm6dso gyroscope sensor,0.25221097,-0.12858713,0.4553237,3
712777322683446,2024-03-21T19:40:04.565Z,lsm6dso gyroscope sensor,0.008475755,-0.36377025,0.27878362,3
712777342683446,2024-03-21T19:40:04.585Z,lsm6dso gyroscope sensor,0.0005345071,-0.58184916,0.15661058,3
712777362683446,2024-03-21T19:40:04.606Z,lsm6dso gyroscope sensor,-0.050778173,-0.5152648,0.1333977,3
712777382683446,2024-03-21T19:40:04.626Z,lsm6dso gyroscope sensor,-0.1277472,-0.31673363,0.15416712,3
712777402683446,2024-03-21T19:40:04.645Z,lsm6dso gyroscope sensor,-0.014737124,-0.083383106,0.2653446,3
712777422683212,2024-03-21T19:40:04.666Z,lsm6dso gyroscope sensor,0.089109965,0.2098322,0.349644,3
712777442683212,2024-03-21T19:40:04.685Z,lsm6dso gyroscope sensor,0.10987939,0.39064834,0.3019965,3
712777462683212,2024-03-21T19:40:04.706Z,lsm6dso gyroscope sensor,0.0603993,0.35338554,0.17738,3
712777482683212,2024-03-21T19:40:04.726Z,lsm6dso gyroscope sensor,0.09094256,0.26358834,0.031994067,3
712777502683212,2024-03-21T19:40:04.746Z,lsm6dso gyroscope sensor,0.12515102,0.15607607,-0.013820826,3
712777522683212,2024-03-21T19:40:04.765Z,lsm6dso gyroscope sensor,0.05673411,-0.00580322,-0.09628764,3
712777542683212,2024-03-21T19:40:04.785Z,lsm6dso gyroscope sensor,-0.12896892,-0.06811147,-0.26794076,3
712777562683212,2024-03-21T19:40:04.805Z,lsm6dso gyroscope sensor,-0.24992025,0.027183503,-0.28565586,3
712777582683212,2024-03-21T19:40:04.825Z,lsm6dso gyroscope sensor,-0.19738583,0.08460484,-0.03397938,3
712777602683212,2024-03-21T19:40:04.845Z,lsm6dso gyroscope sensor,-0.007406741,-0.025961773,0.2830597,3
712777622683312,2024-03-21T19:40:04.866Z,lsm6dso gyroscope sensor,0.14469871,-0.22143865,0.62086815,3
712777642683312,2024-03-21T19:40:04.886Z,lsm6dso gyroscope sensor,0.1764637,-0.49266282,0.71616316,3
712777662683312,2024-03-21T19:40:04.905Z,lsm6dso gyroscope sensor,-0.11369729,-0.3222314,0.5182428,3
712777682683312,2024-03-21T19:40:04.926Z,lsm6dso gyroscope sensor,-0.3898084,0.27030787,0.39851323,3
712777702683312,2024-03-21T19:40:04.946Z,lsm6dso gyroscope sensor,-0.6146068,0.27275133,0.14011721,3
712777722683312,2024-03-21T19:40:04.965Z,lsm6dso gyroscope sensor,-0.5266422,0.29229903,0.14133894,3
712777742683312,2024-03-21T19:40:04.986Z,lsm6dso gyroscope sensor,-0.36109772,0.29229903,0.16027577,3
712777762683312,2024-03-21T19:40:05.006Z,lsm6dso gyroscope sensor,-0.51137054,0.013744468,-0.07490735,3
712777782683312,2024-03-21T19:40:05.026Z,lsm6dso gyroscope sensor,-0.7166213,-0.14019357,-0.42371142,3
712777802683312,2024-03-21T19:40:05.046Z,lsm6dso gyroscope sensor,-0.72639513,-0.11759156,-0.5440519,3
712777822683578,2024-03-21T19:40:05.065Z,lsm6dso gyroscope sensor,-0.6176611,-0.13530666,-0.47196975,3
712777842683578,2024-03-21T19:40:05.086Z,lsm6dso gyroscope sensor,-0.55168766,-0.1255328,-0.34613153,3
712777862683578,2024-03-21T19:40:05.105Z,lsm6dso gyroscope sensor,-0.491212,-0.11881329,-0.2673299,3
712777882683578,2024-03-21T19:40:05.125Z,lsm6dso gyroscope sensor,-0.48388162,-0.13225232,-0.20746511,3
712777902683578,2024-03-21T19:40:05.146Z,lsm6dso gyroscope sensor,-0.40324742,-0.13530666,-0.20135646,3
712777922683344,2024-03-21T19:40:05.165Z,lsm6dso gyroscope sensor,-0.27435485,-0.15851954,-0.2111303,3
712777942683344,2024-03-21T19:40:05.186Z,lsm6dso gyroscope sensor,-0.2083814,-0.13652839,-0.21418463,3
712777962683344,2024-03-21T19:40:05.206Z,lsm6dso gyroscope sensor,-0.14973834,-0.03390302,-0.22640193,3
712777982683344,2024-03-21T19:40:05.225Z,lsm6dso gyroscope sensor,-0.07032586,0.102319926,-0.24167356,3
712778002683344,2024-03-21T19:40:05.245Z,lsm6dso gyroscope sensor,-0.04222606,0.26908615,-0.198913,3
712778022683344,2024-03-21T19:40:05.265Z,lsm6dso gyroscope sensor,-0.008628472,0.3594942,-0.12255484,3
712778042683344,2024-03-21T19:40:05.285Z,lsm6dso gyroscope sensor,0.0005345071,0.30390546,-0.07735081,3
712778062683344,2024-03-21T19:40:05.305Z,lsm6dso gyroscope sensor,-7.6358156e-05,0.13041973,-0.08040514,3
712778082683344,2024-03-21T19:40:05.326Z,lsm6dso gyroscope sensor,0.051847186,0.025961773,-0.11400273,3
712778102683344,2024-03-21T19:40:05.346Z,lsm6dso gyroscope sensor,0.12637275,0.022907447,-0.124387436,3
712778122683344,2024-03-21T19:40:05.365Z,lsm6dso gyroscope sensor,0.16485725,0.0027488936,-0.104228884,3
712778142683344,2024-03-21T19:40:05.386Z,lsm6dso gyroscope sensor,-0.015958855,-0.129198,-0.23067799,3
712778162683344,2024-03-21T19:40:05.406Z,lsm6dso gyroscope sensor,-0.055665094,-0.1853976,-0.47196975,3
712778182683344,2024-03-21T19:40:05.425Z,lsm6dso gyroscope sensor,0.06345363,-0.49632803,-0.39622247,3
712778202683344,2024-03-21T19:40:05.445Z,lsm6dso gyroscope sensor,0.21372648,-0.61911196,-0.07857254,3
712778222683244,2024-03-21T19:40:05.466Z,lsm6dso gyroscope sensor,0.22044599,-0.42424592,-0.09628764,3
712778242683244,2024-03-21T19:40:05.486Z,lsm6dso gyroscope sensor,0.31757358,-0.06994407,-0.21540636,3
712778262682544,2024-03-21T19:40:05.505Z,lsm6dso gyroscope sensor,0.3114649,-0.18845193,-0.16103935,3
712778282682210,2024-03-21T19:40:05.525Z,lsm6dso gyroscope sensor,-0.12347114,0.269697,-0.4078289,3
712778302681810,2024-03-21T19:40:05.545Z,lsm6dso gyroscope sensor,-0.25725064,0.9074403,-0.64117944,3
712778322681276,2024-03-21T19:40:05.565Z,lsm6dso gyroscope sensor,-0.02023491,0.7791586,-0.28199068,3
712778342681209,2024-03-21T19:40:05.585Z,lsm6dso gyroscope sensor,0.2167808,0.7076874,0.4565454,3
712778362681109,2024-03-21T19:40:05.606Z,lsm6dso gyroscope sensor,0.3658319,0.2611449,0.67706776,3
712778382680975,2024-03-21T19:40:05.625Z,lsm6dso gyroscope sensor,0.18379408,-0.4633413,0.41317397,3
712778402680808,2024-03-21T19:40:05.646Z,lsm6dso gyroscope sensor,-0.29756773,-0.9282097,-0.049861874,3
712778422680308,2024-03-21T19:40:05.665Z,lsm6dso gyroscope sensor,-0.5260313,-1.0173961,-0.33269247,3
712778442680008,2024-03-21T19:40:05.685Z,lsm6dso gyroscope sensor,-0.06666067,-0.8940013,-0.24289529,3
712778462679641,2024-03-21T19:40:05.706Z,lsm6dso gyroscope sensor,-0.20166188,-0.2574797,0.04054618,3
712778482679141,2024-03-21T19:40:05.726Z,lsm6dso gyroscope sensor,-0.11064297,0.26908615,0.053985216,3
712778502678574,2024-03-21T19:40:05.746Z,lsm6dso gyroscope sensor,-0.28351784,0.52503866,0.010613783,3
712778522677940,2024-03-21T19:40:05.766Z,lsm6dso gyroscope sensor,-0.3898084,0.41691554,-0.1109484,3
712778542677173,2024-03-21T19:40:05.785Z,lsm6dso gyroscope sensor,-0.41485387,0.2171626,-0.19830213,3
712778562676673,2024-03-21T19:40:05.805Z,lsm6dso gyroscope sensor,-0.34643695,-0.011301007,-0.21418463,3
712778582675073,2024-03-21T19:40:05.825Z,lsm6dso gyroscope sensor,-0.23587035,-0.15424347,-0.11827879,3
712778602673406,2024-03-21T19:40:05.845Z,lsm6dso gyroscope sensor,-0.16745344,-0.23915374,-0.020540344,3
712778622672306,2024-03-21T19:40:05.865Z,lsm6dso gyroscope sensor,-0.1417971,-0.15302174,-0.022983804,3
712778642671139,2024-03-21T19:40:05.886Z,lsm6dso gyroscope sensor,-0.17417295,0.041233405,-0.09445504,3
712778662669872,2024-03-21T19:40:05.905Z,lsm6dso gyroscope sensor,-0.22059871,0.109650314,-0.20135646,3
712778682668505,2024-03-21T19:40:05.926Z,lsm6dso gyroscope sensor,-0.15951219,0.113926366,-0.10361802,3
712778702667071,2024-03-21T19:40:05.946Z,lsm6dso gyroscope sensor,-0.030619621,-0.048563786,0.21525364,3
712778722665571,2024-03-21T19:40:05.966Z,lsm6dso gyroscope sensor,0.11537717,-0.17256944,0.53168184,3
712778742663304,2024-03-21T19:40:05.985Z,lsm6dso gyroscope sensor,0.1782963,-0.36743546,0.66301787,3
712778762661637,2024-03-21T19:40:06.005Z,lsm6dso gyroscope sensor,0.12942708,-0.19517145,0.55611646,3
712778782659903,2024-03-21T19:40:06.026Z,lsm6dso gyroscope sensor,-0.22853996,0.5122105,0.36308303,3
712778802658103,2024-03-21T19:40:06.046Z,lsm6dso gyroscope sensor,-0.5211444,0.4083634,-0.029092457,3
712778822656169,2024-03-21T19:40:06.065Z,lsm6dso gyroscope sensor,-0.3635412,0.06811147,-0.032757647,3
712778842654169,2024-03-21T19:40:06.086Z,lsm6dso gyroscope sensor,0.10377073,-0.027794369,0.4443281,3
712778862652069,2024-03-21T19:40:06.106Z,lsm6dso gyroscope sensor,0.24793494,-0.0852157,0.5500078,3
712778882650269,2024-03-21T19:40:06.126Z,lsm6dso gyroscope sensor,-0.09170614,-0.027794369,0.10896309,3
712778902648402,2024-03-21T19:40:06.145Z,lsm6dso gyroscope sensor,-0.4631122,0.10598512,-0.32414037,3
712778922646602,2024-03-21T19:40:06.166Z,lsm6dso gyroscope sensor,-0.45883617,-0.16523905,-0.37362045,3
712778942644268,2024-03-21T19:40:06.186Z,lsm6dso gyroscope sensor,-0.2541963,-0.4437936,-0.23617578,3
712778962641201,2024-03-21T19:40:06.205Z,lsm6dso gyroscope sensor,-0.070936725,-0.65148777,0.0026725354,3
712778982638034,2024-03-21T19:40:06.226Z,lsm6dso gyroscope sensor,0.20028745,-0.70829827,0.032604933,3
712779002635534,2024-03-21T19:40:06.245Z,lsm6dso gyroscope sensor,0.3468951,-0.61178154,-0.018096883,3
712779022633034,2024-03-21T19:40:06.265Z,lsm6dso gyroscope sensor,0.45929432,-0.41325033,-0.049861874,3
712779042630467,2024-03-21T19:40:06.285Z,lsm6dso gyroscope sensor,0.45990518,-0.07849618,0.03504839,3
712779062627900,2024-03-21T19:40:06.305Z,lsm6dso gyroscope sensor,0.44646615,0.2947425,0.11629347,3
712779082625400,2024-03-21T19:40:06.326Z,lsm6dso gyroscope sensor,0.37194058,0.59895337,0.08269588,3
712779102622900,2024-03-21T19:40:06.346Z,lsm6dso gyroscope sensor,0.3120758,0.7693848,0.0045051314,3
712779122620333,2024-03-21T19:40:06.366Z,lsm6dso gyroscope sensor,0.35789067,0.7779369,0.12301299,3
712779142617833,2024-03-21T19:40:06.385Z,lsm6dso gyroscope sensor,0.40737075,0.6979135,0.3197116,3
712779162614999,2024-03-21T19:40:06.405Z,lsm6dso gyroscope sensor,0.59063035,0.81153446,0.30749428,3
712779182613165,2024-03-21T19:40:06.425Z,lsm6dso gyroscope sensor,0.7592291,0.6123924,0.119347796,3
712779202611331,2024-03-21T19:40:06.446Z,lsm6dso gyroscope sensor,0.4330271,0.052839845,-0.14576772,3
712779222608164,2024-03-21T19:40:06.465Z,lsm6dso gyroscope sensor,0.38476875,-0.22876903,-0.23251058,3
712779242605697,2024-03-21T19:40:06.485Z,lsm6dso gyroscope sensor,0.33528867,-0.47983465,-0.17692184,3
712779262603197,2024-03-21T19:40:06.506Z,lsm6dso gyroscope sensor,0.2729804,-1.0485502,-0.085292056,3
712779282600730,2024-03-21T19:40:06.525Z,lsm6dso gyroscope sensor,0.43363798,-1.393689,0.02893974,3
712779302598263,2024-03-21T19:40:06.546Z,lsm6dso gyroscope sensor,0.628504,-1.0864239,-0.02115121,3
712779322595729,2024-03-21T19:40:06.565Z,lsm6dso gyroscope sensor,0.60590196,-0.45662177,-0.3027601,3
712779342593895,2024-03-21T19:40:06.586Z,lsm6dso gyroscope sensor,0.24549147,-0.03573562,-0.46036333,3
712779362591395,2024-03-21T19:40:06.605Z,lsm6dso gyroscope sensor,0.034132097,0.8958339,-0.6857726,3
712779382588895,2024-03-21T19:40:06.625Z,lsm6dso gyroscope sensor,0.53076553,1.2599095,-0.25266913,3
712779402586361,2024-03-21T19:40:06.645Z,lsm6dso gyroscope sensor,0.87529355,1.5775595,0.5451209,3
712779422583994,2024-03-21T19:40:06.666Z,lsm6dso gyroscope sensor,0.5973498,0.75228053,0.9159161,3
712779442581694,2024-03-21T19:40:06.685Z,lsm6dso gyroscope sensor,0.2693152,-0.13103059,0.3740786,3
712779462580160,2024-03-21T19:40:06.705Z,lsm6dso gyroscope sensor,-0.36720636,-0.5354234,-0.11950051,3
712779482577926,2024-03-21T19:40:06.725Z,lsm6dso gyroscope sensor,-0.6005569,-0.6771441,-0.3742313,3
712779502575759,2024-03-21T19:40:06.746Z,lsm6dso gyroscope sensor,0.0035888334,-0.56291234,-0.2514474,3
712779522573592,2024-03-21T19:40:06.766Z,lsm6dso gyroscope sensor,-0.12408201,0.16401732,0.07964156,3
712779542571358,2024-03-21T19:40:06.785Z,lsm6dso gyroscope sensor,0.05795584,0.7583892,0.13706289,3
712779562569824,2024-03-21T19:40:06.806Z,lsm6dso gyroscope sensor,-0.15706873,1.035722,0.20792326,3
712779582568357,2024-03-21T19:40:06.825Z,lsm6dso gyroscope sensor,-0.27435485,0.8872818,0.093080595,3
712779602566190,2024-03-21T19:40:06.845Z,lsm6dso gyroscope sensor,-0.4423428,0.70463306,-0.06452264,3
712779622563956,2024-03-21T19:40:06.866Z,lsm6dso gyroscope sensor,-0.54863334,0.48533243,-0.20135646,3
712779642561089,2024-03-21T19:40:06.886Z,lsm6dso gyroscope sensor,-0.5584072,0.38453966,-0.17386752,3
712779662558922,2024-03-21T19:40:06.906Z,lsm6dso gyroscope sensor,-0.491212,0.39370266,-0.123165704,3
712779682556688,2024-03-21T19:40:06.925Z,lsm6dso gyroscope sensor,-0.47655123,0.43951756,-0.085292056,3
712779702554454,2024-03-21T19:40:06.946Z,lsm6dso gyroscope sensor,-0.34521523,0.3368922,0.11629347,3
712779722551820,2024-03-21T19:40:06.965Z,lsm6dso gyroscope sensor,-0.23464862,0.18784106,0.40340012,3
712779742549653,2024-03-21T19:40:06.985Z,lsm6dso gyroscope sensor,-0.11308643,-0.038179077,0.5817728,3
712779762547419,2024-03-21T19:40:07.005Z,lsm6dso gyroscope sensor,-0.048334714,-0.47983465,0.62331164,3
712779782545219,2024-03-21T19:40:07.026Z,lsm6dso gyroscope sensor,0.005421429,-0.81336707,0.7045567,3
712779802543019,2024-03-21T19:40:07.045Z,lsm6dso gyroscope sensor,-0.024510968,-0.59773165,0.7204392,3
712779822541452,2024-03-21T19:40:07.065Z,lsm6dso gyroscope sensor,-0.098425664,-0.1432479,0.64041585,3
712779842539185,2024-03-21T19:40:07.085Z,lsm6dso gyroscope sensor,-0.15706873,0.24220806,0.5848271,3
712779862536651,2024-03-21T19:40:07.106Z,lsm6dso gyroscope sensor,-0.1399645,0.32406402,0.53351444,3
712740070947368,2024-03-21T19:39:27.313Z,linear acceleration sensor,0.067643166,-6.149356,0.5441866,3
712740250947368,2024-03-21T19:39:27.494Z,linear acceleration sensor,-0.09652233,-2.3744748,-0.61840415,3
712740430947368,2024-03-21T19:39:27.673Z,linear acceleration sensor,4.3966894,-5.2107277,2.421263,3
712740610947368,2024-03-21T19:39:27.853Z,linear acceleration sensor,-2.5005407,-1.7443205,2.9083562,3
712740790946901,2024-03-21T19:39:28.034Z,linear acceleration sensor,0.2668152,-3.9227314,-0.205791,3
712740970946901,2024-03-21T19:39:28.213Z,linear acceleration sensor,4.939419,-2.2687178,3.0472538,3
712741150946901,2024-03-21T19:39:28.394Z,linear acceleration sensor,-1.0020185,-4.7766557,0.531939,3
712741330946901,2024-03-21T19:39:28.574Z,linear acceleration sensor,-0.2027235,-1.9222561,-0.11320782,3
712741510946867,2024-03-21T19:39:28.754Z,linear acceleration sensor,3.491561,-5.0305996,3.2794268,3
712741690946867,2024-03-21T19:39:28.933Z,linear acceleration sensor,-1.097014,-1.758035,3.114475,3
712741870946133,2024-03-21T19:39:29.113Z,linear acceleration sensor,-1.3156357,-3.220721,-0.4277773,3
712742050946133,2024-03-21T19:39:29.293Z,linear acceleration sensor,3.847127,-1.8808831,2.1914334,3
712742230946099,2024-03-21T19:39:29.474Z,linear acceleration sensor,0.551033,-5.660364,1.9266906,3
712742410946099,2024-03-21T19:39:29.653Z,linear acceleration sensor,-0.73521805,-2.0781398,0.22768497,3
712742590946099,2024-03-21T19:39:29.834Z,linear acceleration sensor,4.5908833,-4.474858,3.0580544,3
712742770946065,2024-03-21T19:39:30.013Z,linear acceleration sensor,-0.23114014,-2.5086172,2.093596,3
712742950946065,2024-03-21T19:39:30.194Z,linear acceleration sensor,-3.2902694,-3.9602714,-0.9895947,3
712743130946731,2024-03-21T19:39:30.374Z,linear acceleration sensor,5.2149754,-3.0893507,2.4065702,3
712743310946731,2024-03-21T19:39:30.554Z,linear acceleration sensor,-0.50554943,-3.9860353,0.04187894,3
712743490946697,2024-03-21T19:39:30.733Z,linear acceleration sensor,-1.8178577,-2.3164387,-1.4881005,3
712743670946697,2024-03-21T19:39:30.914Z,linear acceleration sensor,6.067856,-4.3191595,2.9872293,3
712743850946697,2024-03-21T19:39:31.094Z,linear acceleration sensor,-0.8686967,-0.8644531,-0.6247802,3
712744030946697,2024-03-21T19:39:31.273Z,linear acceleration sensor,-0.27612972,-3.8876858,-0.8537333,3
712744210946697,2024-03-21T19:39:31.453Z,linear acceleration sensor,3.8437204,-2.0228975,2.7501595,3
712744390946697,2024-03-21T19:39:31.633Z,linear acceleration sensor,-1.0534482,-5.253002,0.053944588,3
712744570946697,2024-03-21T19:39:31.813Z,linear acceleration sensor,0.75857925,-2.6019654,0.19105911,3
712744750946963,2024-03-21T19:39:31.993Z,linear acceleration sensor,1.9804573,-5.4539967,4.4062977,3
712744930946963,2024-03-21T19:39:32.174Z,linear acceleration sensor,-1.7112136,-2.5221875,-1.0346999,3
712745110947196,2024-03-21T19:39:32.353Z,linear acceleration sensor,1.3735781,-4.0287194,0.72270584,3
712745290947196,2024-03-21T19:39:32.534Z,linear acceleration sensor,-2.107729,0.094617605,6.4608445,3
712745470947162,2024-03-21T19:39:32.714Z,linear acceleration sensor,-3.701076,-3.0786605,-2.1871324,3
712745650947162,2024-03-21T19:39:32.893Z,linear acceleration sensor,2.3655205,-2.0699744,0.8208456,3
712745830947128,2024-03-21T19:39:33.073Z,linear acceleration sensor,1.6317205,-5.407674,4.6977363,3
712746010947128,2024-03-21T19:39:33.254Z,linear acceleration sensor,-5.1300383,-1.7266088,-2.8175333,3
712746190947561,2024-03-21T19:39:33.433Z,linear acceleration sensor,4.214863,-5.1610317,0.0002834797,3
712746370947561,2024-03-21T19:39:33.614Z,linear acceleration sensor,-3.6307702,-1.5991671,4.6360683,3
712746550947561,2024-03-21T19:39:33.794Z,linear acceleration sensor,-5.5537367,-3.4041586,-3.0436103,3
712746730947561,2024-03-21T19:39:33.974Z,linear acceleration sensor,1.1170607,-0.89577484,0.71877766,3
712746910947561,2024-03-21T19:39:34.154Z,linear acceleration sensor,-1.8074346,-6.3206463,6.040091,3
712747090947561,2024-03-21T19:39:34.333Z,linear acceleration sensor,-5.3817377,-2.7966373,-2.1852083,3
712747270948261,2024-03-21T19:39:34.514Z,linear acceleration sensor,3.4592743,-5.145511,0.7774074,3
712747450948261,2024-03-21T19:39:34.694Z,linear acceleration sensor,-1.0825701,-0.9184675,4.383896,3
712747630948261,2024-03-21T19:39:34.874Z,linear acceleration sensor,-4.1381373,-2.8248992,-2.3295393,3
712747810948261,2024-03-21T19:39:35.053Z,linear acceleration sensor,1.6354723,-1.7332269,1.0774603,3
712747990948261,2024-03-21T19:39:35.233Z,linear acceleration sensor,-1.4958901,-5.812861,5.205876,3
712748170948261,2024-03-21T19:39:35.414Z,linear acceleration sensor,-5.0067143,-2.567649,-2.314095,3
712748350948261,2024-03-21T19:39:35.593Z,linear acceleration sensor,1.1989536,-5.132688,0.5066736,3
712748530948261,2024-03-21T19:39:35.774Z,linear acceleration sensor,-3.4870415,0.1793797,4.3494506,3
712748710948261,2024-03-21T19:39:35.954Z,linear acceleration sensor,-4.46159,-3.1936312,-2.6968641,3
712748890948261,2024-03-21T19:39:36.133Z,linear acceleration sensor,1.3478508,-1.9418935,1.0019028,3
712749070948261,2024-03-21T19:39:36.313Z,linear acceleration sensor,0.06699276,-5.8645988,4.3640165,3
712749250948527,2024-03-21T19:39:36.494Z,linear acceleration sensor,-4.8364086,-2.8301108,-1.721595,3
712749430948527,2024-03-21T19:39:36.674Z,linear acceleration sensor,3.3150234,-5.003455,-0.19701433,3
712749610948760,2024-03-21T19:39:36.853Z,linear acceleration sensor,-1.5563769,0.34455276,3.5409663,3
712749790948026,2024-03-21T19:39:37.034Z,linear acceleration sensor,-4.130187,-4.3458643,-3.860338,3
712749970947692,2024-03-21T19:39:37.213Z,linear acceleration sensor,1.779602,-1.730464,1.4357796,3
712750150945658,2024-03-21T19:39:37.394Z,linear acceleration sensor,3.4287853,-5.848014,3.5663736,3
712750330943824,2024-03-21T19:39:37.574Z,linear acceleration sensor,-4.958154,-2.5435483,-1.9214579,3
712750510940990,2024-03-21T19:39:37.753Z,linear acceleration sensor,3.987958,-5.845956,0.59167767,3
712750690937656,2024-03-21T19:39:37.934Z,linear acceleration sensor,3.969823,-0.2719257,1.7895713,3
712750870933589,2024-03-21T19:39:38.114Z,linear acceleration sensor,-2.6742625,-3.689856,-1.5893918,3
712751050929055,2024-03-21T19:39:38.294Z,linear acceleration sensor,0.1459713,-0.7587619,1.5485053,3
712751230923788,2024-03-21T19:39:38.474Z,linear acceleration sensor,3.294983,-4.5582476,3.5849123,3
712751410917054,2024-03-21T19:39:38.654Z,linear acceleration sensor,-4.4051642,-3.567524,-2.6232924,3
712751590909587,2024-03-21T19:39:38.833Z,linear acceleration sensor,4.623102,-6.3045063,-0.11847615,3
712751770902020,2024-03-21T19:39:39.013Z,linear acceleration sensor,2.3794584,-2.5920868,2.5644407,3
712751950893753,2024-03-21T19:39:39.194Z,linear acceleration sensor,-2.1668158,-3.5847247,-1.3697524,3
712752130884819,2024-03-21T19:39:39.374Z,linear acceleration sensor,2.8102713,-1.7072972,0.8727374,3
712752310908485,2024-03-21T19:39:39.554Z,linear acceleration sensor,4.186654,-4.37527,4.39711,3
712752490930951,2024-03-21T19:39:39.734Z,linear acceleration sensor,-4.671405,-3.4155333,-1.4473792,3
712752670953117,2024-03-21T19:39:39.913Z,linear acceleration sensor,4.1544294,-7.5200005,0.6929176,3
712752850974517,2024-03-21T19:39:40.094Z,linear acceleration sensor,1.9261827,0.264683,4.5920267,3
712753030995183,2024-03-21T19:39:40.274Z,linear acceleration sensor,-2.6279092,-2.9189754,-0.16333532,3
712753211015383,2024-03-21T19:39:40.454Z,linear acceleration sensor,1.6517925,-1.567594,1.6245537,3
712753391034849,2024-03-21T19:39:40.635Z,linear acceleration sensor,0.7155552,-3.3208368,5.677297,3
712753571053549,2024-03-21T19:39:40.814Z,linear acceleration sensor,-4.345666,-3.8886201,-2.2043839,3
712753751071449,2024-03-21T19:39:40.995Z,linear acceleration sensor,4.494416,-4.7077527,0.7651923,3
712753931088649,2024-03-21T19:39:41.174Z,linear acceleration sensor,0.1377573,-3.5474494,3.5222473,3
712754111138382,2024-03-21T19:39:41.354Z,linear acceleration sensor,-1.138988,-2.5411048,-0.6219933,3
712754291220848,2024-03-21T19:39:41.534Z,linear acceleration sensor,6.603403,-3.59894,-0.3805809,3
712754471302514,2024-03-21T19:39:41.715Z,linear acceleration sensor,1.2287083,-3.616598,5.1606884,3
712754651383214,2024-03-21T19:39:41.894Z,linear acceleration sensor,-3.0531073,-3.3470364,-1.1652443,3
712754831463380,2024-03-21T19:39:42.075Z,linear acceleration sensor,6.0035744,-2.6911235,1.3725941,3
712755011542613,2024-03-21T19:39:42.254Z,linear acceleration sensor,0.09937,-6.147829,0.7611971,3
712755191622013,2024-03-21T19:39:42.435Z,linear acceleration sensor,-1.0035806,-2.7135248,-0.4046507,3
712755371733946,2024-03-21T19:39:42.614Z,linear acceleration sensor,6.238676,-3.4119382,0.48933363,3
712755551846512,2024-03-21T19:39:42.795Z,linear acceleration sensor,-0.8616767,-2.990256,1.0984991,3
712755731958445,2024-03-21T19:39:42.974Z,linear acceleration sensor,-2.543158,-3.6379967,-0.5282974,3
712755914684430,2024-03-21T19:39:43.157Z,linear acceleration sensor,3.7048407,-1.89659,1.7834406,3
712756094796330,2024-03-21T19:39:43.337Z,linear acceleration sensor,0.7079754,-4.1347723,2.7104738,3
712756274908196,2024-03-21T19:39:43.517Z,linear acceleration sensor,-0.54064465,-2.7278144,-0.17804193,3
712756455019862,2024-03-21T19:39:43.699Z,linear acceleration sensor,4.1399117,-5.8289323,3.731039,3
712756635131528,2024-03-21T19:39:43.878Z,linear acceleration sensor,-1.5146527,-2.662509,0.9077141,3
712756815243894,2024-03-21T19:39:44.058Z,linear acceleration sensor,-1.2612753,-3.9812014,-0.543787,3
712756995356260,2024-03-21T19:39:44.239Z,linear acceleration sensor,2.9091272,-1.9717224,4.389022,3
712757175467960,2024-03-21T19:39:44.418Z,linear acceleration sensor,-1.6502113,-3.5549512,-1.1011516,3
712757355579660,2024-03-21T19:39:44.599Z,linear acceleration sensor,1.0694685,-2.091151,-0.2457788,3
712757535691560,2024-03-21T19:39:44.779Z,linear acceleration sensor,-1.094459,-5.1221967,6.8909035,3
712757715770126,2024-03-21T19:39:44.958Z,linear acceleration sensor,-2.2197561,-2.333808,-0.35287237,3
712757895847659,2024-03-21T19:39:45.139Z,linear acceleration sensor,0.61675644,-4.3311357,0.064037085,3
712758075925492,2024-03-21T19:39:45.318Z,linear acceleration sensor,-2.7840214,-1.7325189,5.1338673,3
712758256004092,2024-03-21T19:39:45.499Z,linear acceleration sensor,-2.7330065,-3.1571753,-2.6787531,3
712758436083425,2024-03-21T19:39:45.679Z,linear acceleration sensor,0.7239895,-2.014179,1.0193338,3
712758616163225,2024-03-21T19:39:45.859Z,linear acceleration sensor,-1.3193383,-5.1330404,6.5241947,3
712758796243758,2024-03-21T19:39:46.039Z,linear acceleration sensor,-5.627223,-2.520315,-2.0715022,3
712758976325058,2024-03-21T19:39:46.219Z,linear acceleration sensor,2.39884,-4.7565346,0.12701464,3
712759156407158,2024-03-21T19:39:46.400Z,linear acceleration sensor,5.4560194,0.05837822,3.3352134,3
712759336489958,2024-03-21T19:39:46.579Z,linear acceleration sensor,-4.5714855,-3.16747,-1.6386094,3
712759516540224,2024-03-21T19:39:46.760Z,linear acceleration sensor,-0.40326118,-0.7739308,1.5216327,3
712759696557757,2024-03-21T19:39:46.939Z,linear acceleration sensor,5.0189753,-5.508196,4.8817143,3
712759876576090,2024-03-21T19:39:47.120Z,linear acceleration sensor,-3.5733786,-3.6983893,-1.562048,3
712760056595123,2024-03-21T19:39:47.299Z,linear acceleration sensor,3.9765444,-5.910819,1.4015219,3
712760236614956,2024-03-21T19:39:47.479Z,linear acceleration sensor,4.6717224,-2.7017593,4.1799765,3
712760416635489,2024-03-21T19:39:47.660Z,linear acceleration sensor,-2.492876,-3.86013,-0.81900907,3
712760596656822,2024-03-21T19:39:47.840Z,linear acceleration sensor,1.7704458,-1.1075635,0.8084371,3
712760776645222,2024-03-21T19:39:48.019Z,linear acceleration sensor,-0.4555378,-5.320519,3.7804236,3
712760956634422,2024-03-21T19:39:48.200Z,linear acceleration sensor,-4.107821,-2.7091305,-3.9720366,3
712761136624322,2024-03-21T19:39:48.380Z,linear acceleration sensor,5.264259,-3.4047127,-0.57821083,3
712761316615255,2024-03-21T19:39:48.559Z,linear acceleration sensor,1.8281221,-5.116327,0.88933516,3
712761496606688,2024-03-21T19:39:48.739Z,linear acceleration sensor,-0.5673723,-3.2728324,-2.8594058,3
712761676598888,2024-03-21T19:39:48.919Z,linear acceleration sensor,2.643983,-7.9333944,3.0202866,3
712761856591754,2024-03-21T19:39:49.099Z,linear acceleration sensor,-0.2956996,-3.2308948,-2.476948,3
712762036585354,2024-03-21T19:39:49.279Z,linear acceleration sensor,0.27891684,-4.8352594,-2.9574823,3
712762216579720,2024-03-21T19:39:49.460Z,linear acceleration sensor,-0.49225712,-3.1755998,2.394485,3
712762396574820,2024-03-21T19:39:49.639Z,linear acceleration sensor,-0.466774,-4.3378725,-2.59296,3
712762576570686,2024-03-21T19:39:49.819Z,linear acceleration sensor,1.094161,-2.0367079,-0.7741294,3
712762756567252,2024-03-21T19:39:50.000Z,linear acceleration sensor,-0.41190672,-5.0255156,7.505845,3
712762936564285,2024-03-21T19:39:50.179Z,linear acceleration sensor,-6.4063077,-1.9090602,-3.8172936,3
712763116562051,2024-03-21T19:39:50.359Z,linear acceleration sensor,-0.8020778,-4.03796,-1.4297843,3
712763296562051,2024-03-21T19:39:50.540Z,linear acceleration sensor,-2.852913,-1.9639047,4.011737,3
712763476562284,2024-03-21T19:39:50.719Z,linear acceleration sensor,-6.0390415,-3.626804,-3.8254795,3
712763656562284,2024-03-21T19:39:50.900Z,linear acceleration sensor,0.79980564,-1.0771232,0.50756073,3
712763836562284,2024-03-21T19:39:51.080Z,linear acceleration sensor,6.3849506,-4.617051,6.730806,3
712764016562284,2024-03-21T19:39:51.260Z,linear acceleration sensor,-6.152405,-2.6114893,-3.1989548,3
712764196562284,2024-03-21T19:39:51.440Z,linear acceleration sensor,3.4722748,-5.4538317,-0.6616521,3
712764376562284,2024-03-21T19:39:51.619Z,linear acceleration sensor,3.7601357,-0.957845,5.6291747,3
712764556562284,2024-03-21T19:39:51.800Z,linear acceleration sensor,-5.9457617,-3.9329474,-2.5277324,3
712764736562284,2024-03-21T19:39:51.979Z,linear acceleration sensor,3.1407905,-0.67994475,1.0284076,3
712764916562350,2024-03-21T19:39:52.159Z,linear acceleration sensor,5.9936466,-6.213313,3.9439054,3
712765096562350,2024-03-21T19:39:52.339Z,linear acceleration sensor,-4.0201344,-3.3052087,-2.3586261,3
712765276562350,2024-03-21T19:39:52.520Z,linear acceleration sensor,3.5291767,-5.3579464,0.8843241,3
712765456562350,2024-03-21T19:39:52.699Z,linear acceleration sensor,1.0480037,-3.1185575,4.4950476,3
712765636562350,2024-03-21T19:39:52.879Z,linear acceleration sensor,-1.9416003,-3.2631154,-0.8321042,3
712765816562616,2024-03-21T19:39:53.059Z,linear acceleration sensor,6.7195215,-4.8031716,2.9399493,3
712765996562616,2024-03-21T19:39:53.240Z,linear acceleration sensor,0.7252674,-3.507522,1.6998501,3
712766176562616,2024-03-21T19:39:53.419Z,linear acceleration sensor,-1.8663983,-4.202565,-1.4411075,3
712766356562616,2024-03-21T19:39:53.599Z,linear acceleration sensor,4.922287,-3.4185977,4.2620463,3
712766536562616,2024-03-21T19:39:53.780Z,linear acceleration sensor,0.37878132,-4.2998757,-1.3273876,3
712766716562382,2024-03-21T19:39:53.959Z,linear acceleration sensor,-0.14665508,-3.588467,-1.452451,3
712766896562382,2024-03-21T19:39:54.139Z,linear acceleration sensor,2.7784824,-5.849603,3.0426126,3
712767076562382,2024-03-21T19:39:54.320Z,linear acceleration sensor,-0.07072353,-1.1808631,-1.7379117,3
712767256562382,2024-03-21T19:39:54.499Z,linear acceleration sensor,-2.3512053,-3.5860064,-1.5439515,3
712767436562382,2024-03-21T19:39:54.680Z,linear acceleration sensor,-0.9581218,-0.2573042,6.147706,3
712767616562382,2024-03-21T19:39:54.859Z,linear acceleration sensor,-4.213645,-3.522308,-3.0465546,3
712767796562382,2024-03-21T19:39:55.040Z,linear acceleration sensor,1.1404257,-2.388104,0.21638584,3
712767976562382,2024-03-21T19:39:55.219Z,linear acceleration sensor,-1.1670556,-5.1339607,5.6018605,3
712768156562382,2024-03-21T19:39:55.399Z,linear acceleration sensor,-3.9893742,-3.3856473,-0.9914217,3
712768336562382,2024-03-21T19:39:55.580Z,linear acceleration sensor,0.21419239,-3.9046068,0.69088864,3
712768514683499,2024-03-21T19:39:55.757Z,linear acceleration sensor,-2.6861858,-2.5291808,5.0508833,3
712768694683499,2024-03-21T19:39:55.937Z,linear acceleration sensor,-2.4364543,-3.4402153,-1.1977743,3
712768874683265,2024-03-21T19:39:56.117Z,linear acceleration sensor,-1.8441582,-1.8261442,0.27255177,3
712769054683265,2024-03-21T19:39:56.297Z,linear acceleration sensor,-2.5990224,-4.1128426,7.5631065,3
712769234683265,2024-03-21T19:39:56.478Z,linear acceleration sensor,-3.819447,-1.4975421,0.7064049,3
712769414683265,2024-03-21T19:39:56.658Z,linear acceleration sensor,-2.0448246,-3.8175106,-0.4644469,3
712769594683265,2024-03-21T19:39:56.837Z,linear acceleration sensor,2.616436,-3.3304238,5.975536,3
712769774683265,2024-03-21T19:39:57.018Z,linear acceleration sensor,-0.45553112,-3.5877116,2.3337207,3
712769954683265,2024-03-21T19:39:57.197Z,linear acceleration sensor,-2.4409165,-1.7604378,0.09433699,3
712770134683265,2024-03-21T19:39:57.377Z,linear acceleration sensor,-1.7974224,-2.2943435,6.895014,3
712770314683431,2024-03-21T19:39:57.558Z,linear acceleration sensor,-2.2783709,-1.7072266,2.307665,3
712770494683431,2024-03-21T19:39:57.737Z,linear acceleration sensor,-4.941392,-2.2388906,1.6047637,3
712770674683431,2024-03-21T19:39:57.917Z,linear acceleration sensor,2.0508327,1.9942431,8.173636,3
712770854683431,2024-03-21T19:39:58.097Z,linear acceleration sensor,-2.9085455,-0.7140862,3.0294428,3
712771034683431,2024-03-21T19:39:58.278Z,linear acceleration sensor,-2.342836,0.11515194,1.2090645,3
712771214683164,2024-03-21T19:39:58.458Z,linear acceleration sensor,5.8933344,1.0289403,4.8718896,3
712771394683164,2024-03-21T19:39:58.638Z,linear acceleration sensor,-1.1381884,3.7116194,6.176582,3
712771574683164,2024-03-21T19:39:58.817Z,linear acceleration sensor,-2.3041043,0.5820745,2.5204182,3
712771754683164,2024-03-21T19:39:58.997Z,linear acceleration sensor,2.2976818,0.009802997,2.1057725,3
712771934683164,2024-03-21T19:39:59.178Z,linear acceleration sensor,-8.908817,3.820848,7.850894,3
712772114683164,2024-03-21T19:39:59.358Z,linear acceleration sensor,-4.412066,1.374042,0.05888343,3
712772294683164,2024-03-21T19:39:59.537Z,linear acceleration sensor,3.2333307,4.539125,3.925431,3
712772474683164,2024-03-21T19:39:59.717Z,linear acceleration sensor,-2.242463,1.4426664,2.9639044,3
712772654683164,2024-03-21T19:39:59.897Z,linear acceleration sensor,-3.4031467,0.1858505,0.14886189,3
712772834683164,2024-03-21T19:40:00.077Z,linear acceleration sensor,4.994089,-1.7136761,4.512023,3
712773014683164,2024-03-21T19:40:00.257Z,linear acceleration sensor,-3.1731925,-1.81603,1.9924521,3
712773194683164,2024-03-21T19:40:00.438Z,linear acceleration sensor,-0.8442869,0.19172846,1.3806057,3
712773374683164,2024-03-21T19:40:00.618Z,linear acceleration sensor,0.87938976,-0.3788783,6.0893974,3
712773554683164,2024-03-21T19:40:00.798Z,linear acceleration sensor,-2.8295069,0.27320987,1.9107991,3
712773734683164,2024-03-21T19:40:00.977Z,linear acceleration sensor,-2.5271397,0.42472997,1.3784944,3
712773914683164,2024-03-21T19:40:01.157Z,linear acceleration sensor,1.523139,1.004173,6.7538843,3
712774094683164,2024-03-21T19:40:01.337Z,linear acceleration sensor,-3.326085,0.13620266,3.1764622,3
712774274683164,2024-03-21T19:40:01.517Z,linear acceleration sensor,-0.31939507,0.42461193,2.4017656,3
712774454683164,2024-03-21T19:40:01.698Z,linear acceleration sensor,2.2578278,0.5852654,5.268113,3
712774634683164,2024-03-21T19:40:01.878Z,linear acceleration sensor,-3.876565,1.8648584,2.7248802,3
712774814683397,2024-03-21T19:40:02.057Z,linear acceleration sensor,-1.0216951,0.75558925,2.0808494,3
712774994683397,2024-03-21T19:40:02.237Z,linear acceleration sensor,-0.33503532,1.7119553,6.0275598,3
712775174683397,2024-03-21T19:40:02.417Z,linear acceleration sensor,-3.2710319,-0.15803105,2.0754309,3
712775354683397,2024-03-21T19:40:02.597Z,linear acceleration sensor,-0.5868883,1.0939775,2.430377,3
712775534683397,2024-03-21T19:40:02.777Z,linear acceleration sensor,-0.4869709,0.096432984,5.7168446,3
712775714683163,2024-03-21T19:40:02.958Z,linear acceleration sensor,-3.802929,0.6803969,1.4272281,3
712775894683163,2024-03-21T19:40:03.138Z,linear acceleration sensor,-0.5682945,-0.09933686,1.8790795,3
712776074683163,2024-03-21T19:40:03.318Z,linear acceleration sensor,-0.39179993,2.3478982,5.7234163,3
712776254683163,2024-03-21T19:40:03.497Z,linear acceleration sensor,-3.6365852,0.23905076,1.1116078,3
712776434683163,2024-03-21T19:40:03.677Z,linear acceleration sensor,0.66355705,0.63754153,1.8192897,3
712776614683163,2024-03-21T19:40:03.858Z,linear acceleration sensor,-2.830771,-1.0350252,7.0908885,3
712776794683163,2024-03-21T19:40:04.038Z,linear acceleration sensor,-4.2245817,0.8766709,1.180849,3
712776974683163,2024-03-21T19:40:04.218Z,linear acceleration sensor,-1.0909119,-0.2239137,0.96573615,3
712777154683163,2024-03-21T19:40:04.398Z,linear acceleration sensor,0.12623978,0.118495464,6.256234,3
712777334683163,2024-03-21T19:40:04.577Z,linear acceleration sensor,-3.864924,0.33075085,1.1944851,3
712777514683163,2024-03-21T19:40:04.758Z,linear acceleration sensor,2.3896046,-1.0535551,1.0833199,3
712777694683163,2024-03-21T19:40:04.938Z,linear acceleration sensor,-1.3021812,-1.7400889,6.8454113,3
712777874683163,2024-03-21T19:40:05.118Z,linear acceleration sensor,-2.9960914,-0.3675304,2.588078,3
712778054683163,2024-03-21T19:40:05.297Z,linear acceleration sensor,-1.1666088,-1.5504353,2.4999678,3
712778234683163,2024-03-21T19:40:05.478Z,linear acceleration sensor,-0.2648487,-0.34900108,5.188577,3
712778414682929,2024-03-21T19:40:05.657Z,linear acceleration sensor,-3.0443478,-0.57336104,2.1857653,3
712778594681262,2024-03-21T19:40:05.837Z,linear acceleration sensor,-2.1294584,0.2754358,0.13257849,3
712778774679528,2024-03-21T19:40:06.017Z,linear acceleration sensor,4.244149,-3.439845,5.6190004,3
712778954676361,2024-03-21T19:40:06.198Z,linear acceleration sensor,-3.7014766,1.3430098,2.5589733,3
712779134673094,2024-03-21T19:40:06.377Z,linear acceleration sensor,0.9407854,-1.0778048,3.9408755,3
712779314669060,2024-03-21T19:40:06.558Z,linear acceleration sensor,-2.857346,1.187043,3.287359,3
712779494664626,2024-03-21T19:40:06.737Z,linear acceleration sensor,-5.3787684,1.4494144,-1.1891031,3
712779674659392,2024-03-21T19:40:06.917Z,linear acceleration sensor,1.1427555,1.2424618,2.487635,3
712779854653092,2024-03-21T19:40:07.098Z,linear acceleration sensor,-2.5413084,-1.1922727,6.5055118,3
712740070947368,2024-03-21T19:39:27.314Z,gravity sensor,8.365034,3.362505,3.8587503,3
712740250947368,2024-03-21T19:39:27.493Z,gravity sensor,8.445403,3.1358309,3.8745184,3
712740430947368,2024-03-21T19:39:27.673Z,gravity sensor,8.652009,2.8715928,3.6148188,3
712740610947368,2024-03-21T19:39:27.854Z,gravity sensor,8.629996,2.8384707,3.6927571,3
712740790946901,2024-03-21T19:39:28.033Z,gravity sensor,8.536963,3.0416653,3.7468152,3
712740970946901,2024-03-21T19:39:28.214Z,gravity sensor,8.528265,3.269494,3.5706189,3
712741150946901,2024-03-21T19:39:28.394Z,gravity sensor,8.505746,3.4215374,3.480743,3
712741330946901,2024-03-21T19:39:28.573Z,gravity sensor,8.542027,3.2414613,3.5632524,3
712741510946867,2024-03-21T19:39:28.753Z,gravity sensor,8.731138,3.0051048,3.302533,3
712741690946867,2024-03-21T19:39:28.934Z,gravity sensor,8.739605,2.9240112,3.3525631,3
712741870946133,2024-03-21T19:39:29.113Z,gravity sensor,8.816969,3.0459442,3.0254862,3
712742050946133,2024-03-21T19:39:29.294Z,gravity sensor,8.981305,2.9558797,2.6017585,3
712742230946099,2024-03-21T19:39:29.473Z,gravity sensor,9.023679,2.9644928,2.4403334,3
712742410946099,2024-03-21T19:39:29.654Z,gravity sensor,8.928475,3.0477915,2.6764817,3
712742590946099,2024-03-21T19:39:29.833Z,gravity sensor,8.874407,2.923415,2.9780273,3
712742770946065,2024-03-21T19:39:30.014Z,gravity sensor,8.706913,2.6522694,3.650393,3
712742950946065,2024-03-21T19:39:30.194Z,gravity sensor,8.682311,2.9547067,3.4723818,3
712743130946731,2024-03-21T19:39:30.374Z,gravity sensor,8.540012,3.2737043,3.538532,3
712743310946731,2024-03-21T19:39:30.554Z,gravity sensor,8.387561,3.6077514,3.578154,3
712743490946697,2024-03-21T19:39:30.733Z,gravity sensor,8.428548,3.5446641,3.5447197,3
712743670946697,2024-03-21T19:39:30.913Z,gravity sensor,8.338355,3.351902,3.9251304,3
712743850946697,2024-03-21T19:39:31.094Z,gravity sensor,8.329329,3.179646,4.0844016,3
712744030946697,2024-03-21T19:39:31.273Z,gravity sensor,8.297005,3.2939236,4.0595694,3
712744210946697,2024-03-21T19:39:31.454Z,gravity sensor,8.338277,3.4689953,3.8222234,3
712744390946697,2024-03-21T19:39:31.634Z,gravity sensor,8.456619,3.3974957,3.621155,3
712744570946697,2024-03-21T19:39:31.813Z,gravity sensor,8.526434,3.2484,3.5941737,3
712744750946963,2024-03-21T19:39:31.994Z,gravity sensor,8.743471,2.8945951,3.3679743,3
712744930946963,2024-03-21T19:39:32.174Z,gravity sensor,8.570901,3.0010278,3.7018406,3
712745110947196,2024-03-21T19:39:32.354Z,gravity sensor,8.40943,3.2170851,3.8861322,3
712745290947196,2024-03-21T19:39:32.534Z,gravity sensor,8.179724,3.6499138,3.992539,3
712745470947162,2024-03-21T19:39:32.713Z,gravity sensor,8.386529,3.6029906,3.5853462,3
712745650947162,2024-03-21T19:39:32.894Z,gravity sensor,8.224333,3.6285996,3.919674,3
712745830947128,2024-03-21T19:39:33.074Z,gravity sensor,8.663646,3.082904,3.4069362,3
712746010947128,2024-03-21T19:39:33.253Z,gravity sensor,8.642332,2.9907472,3.5405822,3
712746190947561,2024-03-21T19:39:33.434Z,gravity sensor,8.527378,3.042163,3.76819,3
712746370947561,2024-03-21T19:39:33.614Z,gravity sensor,8.637345,3.569595,2.97061,3
712746550947561,2024-03-21T19:39:33.793Z,gravity sensor,8.726054,3.5310514,2.7491236,3
712746730947561,2024-03-21T19:39:33.974Z,gravity sensor,8.586938,3.4312344,3.265174,3
712746910947561,2024-03-21T19:39:34.154Z,gravity sensor,8.681487,2.7796223,3.6160235,3
712747090947561,2024-03-21T19:39:34.333Z,gravity sensor,8.697707,2.9642315,3.4254048,3
712747270948261,2024-03-21T19:39:34.513Z,gravity sensor,8.433024,3.0912862,3.936776,3
712747450948261,2024-03-21T19:39:34.693Z,gravity sensor,8.241532,3.6334922,3.8787935,3
712747630948261,2024-03-21T19:39:34.873Z,gravity sensor,8.323202,3.5192177,3.809156,3
712747810948261,2024-03-21T19:39:35.054Z,gravity sensor,8.11641,3.3684666,4.3528886,3
712747990948261,2024-03-21T19:39:35.233Z,gravity sensor,8.475287,2.7889843,4.0695605,3
712748170948261,2024-03-21T19:39:35.414Z,gravity sensor,8.550133,3.1518342,3.6237233,3
712748350948261,2024-03-21T19:39:35.594Z,gravity sensor,8.483498,3.3274598,3.6233242,3
712748530948261,2024-03-21T19:39:35.773Z,gravity sensor,8.424185,3.8404849,3.2332854,3
712748710948261,2024-03-21T19:39:35.954Z,gravity sensor,8.593982,3.67726,2.9650147,3
712748890948261,2024-03-21T19:39:36.133Z,gravity sensor,8.480646,3.5100956,3.4537065,3
712749070948261,2024-03-21T19:39:36.314Z,gravity sensor,8.789458,3.0466235,3.1037982,3
712749250948527,2024-03-21T19:39:36.493Z,gravity sensor,8.628824,3.3448641,3.2443073,3
712749430948527,2024-03-21T19:39:36.673Z,gravity sensor,8.412076,3.516656,3.611146,3
712749610948760,2024-03-21T19:39:36.854Z,gravity sensor,8.420853,3.9458568,3.1128194,3
712749790948026,2024-03-21T19:39:37.033Z,gravity sensor,8.700718,3.689853,2.6177473,3
712749970947692,2024-03-21T19:39:37.214Z,gravity sensor,8.463092,3.772718,3.2113657,3
712750150945658,2024-03-21T19:39:37.393Z,gravity sensor,8.564071,3.3652265,3.391476,3
712750330943824,2024-03-21T19:39:37.574Z,gravity sensor,8.42017,3.8124752,3.276576,3
712750510940990,2024-03-21T19:39:37.754Z,gravity sensor,8.3759985,3.7007513,3.5095897,3
712750690937656,2024-03-21T19:39:37.933Z,gravity sensor,8.276818,4.026034,3.3845978,3
712750870933589,2024-03-21T19:39:38.113Z,gravity sensor,8.463741,3.5845113,3.418562,3
712751050929055,2024-03-21T19:39:38.293Z,gravity sensor,8.286706,3.4091432,3.9847941,3
712751230923788,2024-03-21T19:39:38.474Z,gravity sensor,8.40578,2.9086425,4.1295047,3
712751410917054,2024-03-21T19:39:38.654Z,gravity sensor,8.544739,3.1796632,3.6120977,3
712751590909587,2024-03-21T19:39:38.834Z,gravity sensor,8.363347,3.227957,3.9755352,3
712751770902020,2024-03-21T19:39:39.014Z,gravity sensor,8.172088,3.8945324,3.7709165,3
712751950893753,2024-03-21T19:39:39.193Z,gravity sensor,8.425558,3.6230319,3.4718616,3
712752130884819,2024-03-21T19:39:39.373Z,gravity sensor,8.339826,3.4861891,3.8031387,3
712752310908485,2024-03-21T19:39:39.554Z,gravity sensor,8.553192,2.926778,3.8009355,3
712752490930951,2024-03-21T19:39:39.734Z,gravity sensor,8.779855,3.18569,2.9892452,3
712752670953117,2024-03-21T19:39:39.913Z,gravity sensor,8.822443,2.9542582,3.0994978,3
712752850974517,2024-03-21T19:39:40.093Z,gravity sensor,8.769015,3.3338022,2.8566341,3
712753030995183,2024-03-21T19:39:40.273Z,gravity sensor,8.908199,3.091358,2.6940064,3
712753211015383,2024-03-21T19:39:40.455Z,gravity sensor,8.844687,3.0687585,2.919641,3
712753391034849,2024-03-21T19:39:40.634Z,gravity sensor,8.792119,2.6145473,3.4688525,3
712753571053549,2024-03-21T19:39:40.815Z,gravity sensor,8.954504,3.0961394,2.5299952,3
712753751071449,2024-03-21T19:39:40.994Z,gravity sensor,8.736241,3.369394,2.9146957,3
712753931088649,2024-03-21T19:39:41.174Z,gravity sensor,8.486457,3.9520695,2.9208488,3
712754111138382,2024-03-21T19:39:41.355Z,gravity sensor,8.618773,3.766936,2.7743807,3
712754291220848,2024-03-21T19:39:41.534Z,gravity sensor,8.590799,3.6564007,2.9998376,3
712754471302514,2024-03-21T19:39:41.715Z,gravity sensor,8.585423,3.3101401,3.3917,3
712754651383214,2024-03-21T19:39:41.894Z,gravity sensor,8.5720415,3.4930828,3.238623,3
712754831463380,2024-03-21T19:39:42.074Z,gravity sensor,8.479251,3.5410652,3.4253862,3
712755011542613,2024-03-21T19:39:42.255Z,gravity sensor,8.429076,3.8446069,3.2155719,3
712755191622013,2024-03-21T19:39:42.434Z,gravity sensor,8.464212,3.7789445,3.2010782,3
712755371733946,2024-03-21T19:39:42.615Z,gravity sensor,8.522176,3.682483,3.1594298,3
712755551846512,2024-03-21T19:39:42.794Z,gravity sensor,8.614401,3.3302326,3.2972553,3
712755731958445,2024-03-21T19:39:42.974Z,gravity sensor,8.521779,3.532652,3.327119,3
712755914684430,2024-03-21T19:39:43.157Z,gravity sensor,8.477157,3.6611166,3.302143,3
712756094796330,2024-03-21T19:39:43.337Z,gravity sensor,8.325647,4.048581,3.2346284,3
712756274908196,2024-03-21T19:39:43.517Z,gravity sensor,8.432233,3.9153385,3.1205158,3
712756455019862,2024-03-21T19:39:43.698Z,gravity sensor,8.561627,3.5640175,3.1885033,3
712756635131528,2024-03-21T19:39:43.879Z,gravity sensor,8.532357,3.2443,3.5838082,3
712756815243894,2024-03-21T19:39:44.059Z,gravity sensor,8.525582,3.313219,3.536539,3
712756995356260,2024-03-21T19:39:44.238Z,gravity sensor,8.671926,3.415426,3.050062,3
712757175467960,2024-03-21T19:39:44.418Z,gravity sensor,8.612849,3.6435366,2.9518695,3
712757355579660,2024-03-21T19:39:44.598Z,gravity sensor,8.557916,3.551614,3.2121947,3
712757535691560,2024-03-21T19:39:44.778Z,gravity sensor,8.555091,3.252325,3.5217793,3
712757715770126,2024-03-21T19:39:44.958Z,gravity sensor,8.416249,3.4231696,3.6903896,3
712757895847659,2024-03-21T19:39:45.138Z,gravity sensor,8.313915,3.5171072,3.831329,3
712758075925492,2024-03-21T19:39:45.319Z,gravity sensor,8.255072,3.856176,3.626816,3
712758256004092,2024-03-21T19:39:45.500Z,gravity sensor,8.290248,3.9041662,3.4927816,3
712758436083425,2024-03-21T19:39:45.679Z,gravity sensor,8.2282295,3.7787056,3.7666755,3
712758616163225,2024-03-21T19:39:45.860Z,gravity sensor,8.360985,3.430763,3.807085,3
712758796243758,2024-03-21T19:39:46.040Z,gravity sensor,8.495477,3.5378506,3.388313,3
712758976325058,2024-03-21T19:39:46.219Z,gravity sensor,8.382549,3.5235205,3.6725833,3
712759156407158,2024-03-21T19:39:46.399Z,gravity sensor,8.028424,4.066831,3.8955748,3
712759336489958,2024-03-21T19:39:46.580Z,gravity sensor,8.220249,3.995864,3.5539708,3
712759516540224,2024-03-21T19:39:46.759Z,gravity sensor,8.091342,3.9031525,3.9326582,3
712759696557757,2024-03-21T19:39:46.940Z,gravity sensor,8.240413,3.353414,4.1255717,3
712759876576090,2024-03-21T19:39:47.119Z,gravity sensor,8.385724,3.4996705,3.6880991,3
712760056595123,2024-03-21T19:39:47.300Z,gravity sensor,8.437691,3.4735217,3.5930822,3
712760236614956,2024-03-21T19:39:47.480Z,gravity sensor,8.283603,3.9946282,3.4051538,3
712760416635489,2024-03-21T19:39:47.659Z,gravity sensor,8.3924885,3.908014,3.2347586,3
712760596656822,2024-03-21T19:39:47.839Z,gravity sensor,8.199309,3.8872316,3.7189982,3
712760776645222,2024-03-21T19:39:48.020Z,gravity sensor,7.6575956,3.5033197,5.0257497,3
712760956634422,2024-03-21T19:39:48.199Z,gravity sensor,7.562654,3.5255532,5.152378,3
712761136624322,2024-03-21T19:39:48.379Z,gravity sensor,7.2984166,3.7758138,5.352249,3
712761316615255,2024-03-21T19:39:48.560Z,gravity sensor,6.930167,4.216107,5.5106654,3
712761496606688,2024-03-21T19:39:48.740Z,gravity sensor,7.525222,3.8785655,4.949544,3
712761676598888,2024-03-21T19:39:48.920Z,gravity sensor,7.830949,3.2120285,4.9527044,3
712761856591754,2024-03-21T19:39:49.099Z,gravity sensor,7.4594502,2.8358514,5.6995435,3
712762036585354,2024-03-21T19:39:49.280Z,gravity sensor,7.847303,3.2790282,4.8824205,3
712762216579720,2024-03-21T19:39:49.459Z,gravity sensor,8.003167,3.7549965,4.2449355,3
712762396574820,2024-03-21T19:39:49.640Z,gravity sensor,8.001626,3.9811366,4.0366635,3
712762576570686,2024-03-21T19:39:49.820Z,gravity sensor,8.078325,3.7318027,4.1212234,3
712762756567252,2024-03-21T19:39:49.999Z,gravity sensor,8.07844,3.098183,4.6162977,3
712762936564285,2024-03-21T19:39:50.179Z,gravity sensor,8.280968,3.0965843,4.2434616,3
712763116562051,2024-03-21T19:39:50.360Z,gravity sensor,8.123846,3.312517,4.381835,3
712763296562051,2024-03-21T19:39:50.539Z,gravity sensor,8.062995,3.831382,4.059417,3
712763476562284,2024-03-21T19:39:50.720Z,gravity sensor,8.14115,3.9524155,3.7775955,3
712763656562284,2024-03-21T19:39:50.899Z,gravity sensor,7.9991846,3.7849653,4.225776,3
712763836562284,2024-03-21T19:39:51.080Z,gravity sensor,8.016472,3.158982,4.682653,3
712764016562284,2024-03-21T19:39:51.259Z,gravity sensor,8.379012,3.2148283,3.9531283,3
712764196562284,2024-03-21T19:39:51.439Z,gravity sensor,8.29792,3.2655315,4.080572,3
712764376562284,2024-03-21T19:39:51.619Z,gravity sensor,7.91908,3.7542725,4.400436,3
712764556562284,2024-03-21T19:39:51.799Z,gravity sensor,8.141245,3.6983156,4.0265026,3
712764736562284,2024-03-21T19:39:51.980Z,gravity sensor,7.9614224,3.6415722,4.4187007,3
712764916562350,2024-03-21T19:39:52.160Z,gravity sensor,8.077376,3.2061958,4.543839,3
712765096562350,2024-03-21T19:39:52.340Z,gravity sensor,8.214776,3.4273129,4.11597,3
712765276562350,2024-03-21T19:39:52.519Z,gravity sensor,8.19074,3.4569504,4.1390104,3
712765456562350,2024-03-21T19:39:52.700Z,gravity sensor,7.985619,4.0427194,4.007062,3
712765636562350,2024-03-21T19:39:52.880Z,gravity sensor,8.250621,3.8185701,3.676416,3
712765816562616,2024-03-21T19:39:53.060Z,gravity sensor,8.192165,3.725781,3.895796,3
712765996562616,2024-03-21T19:39:53.239Z,gravity sensor,8.013868,3.48358,4.4511533,3
712766176562616,2024-03-21T19:39:53.420Z,gravity sensor,8.17063,3.5896494,4.0651526,3
712766356562616,2024-03-21T19:39:53.600Z,gravity sensor,8.145565,3.732238,3.986278,3
712766536562616,2024-03-21T19:39:53.779Z,gravity sensor,8.25501,3.8617368,3.6210327,3
712766716562382,2024-03-21T19:39:53.960Z,gravity sensor,8.344701,3.7823973,3.4970992,3
712766896562382,2024-03-21T19:39:54.140Z,gravity sensor,8.469776,3.3572392,3.6279325,3
712767076562382,2024-03-21T19:39:54.319Z,gravity sensor,8.443546,3.1800215,3.842415,3
712767256562382,2024-03-21T19:39:54.500Z,gravity sensor,8.574035,3.2795486,3.449736,3
712767436562382,2024-03-21T19:39:54.679Z,gravity sensor,8.634232,3.4535635,3.1133654,3
712767616562382,2024-03-21T19:39:54.860Z,gravity sensor,8.896704,3.282888,2.4982824,3
712767796562382,2024-03-21T19:39:55.039Z,gravity sensor,8.939463,3.0680573,2.6159549,3
712767976562382,2024-03-21T19:39:55.220Z,gravity sensor,8.984424,2.804402,2.7542024,3
712768156562382,2024-03-21T19:39:55.400Z,gravity sensor,8.88821,3.1486213,2.6936991,3
712768336562382,2024-03-21T19:39:55.579Z,gravity sensor,8.807459,3.2366245,2.8501356,3
712768514683499,2024-03-21T19:39:55.757Z,gravity sensor,8.887467,3.541928,2.1535687,3
712768694683499,2024-03-21T19:39:55.938Z,gravity sensor,8.958559,3.4737341,1.9615246,3
712768874683265,2024-03-21T19:39:56.118Z,gravity sensor,8.955236,3.3009725,2.253331,3
712769054683265,2024-03-21T19:39:56.298Z,gravity sensor,9.068455,2.918136,2.3276396,3
712769234683265,2024-03-21T19:39:56.478Z,gravity sensor,9.0415,2.955611,2.3845096,3
712769414683265,2024-03-21T19:39:56.657Z,gravity sensor,9.131961,2.910108,2.0757446,3
712769594683265,2024-03-21T19:39:56.837Z,gravity sensor,9.192066,2.6839893,2.1147714,3
712769774683265,2024-03-21T19:39:57.017Z,gravity sensor,9.405356,2.4217353,1.3581384,3
712769954683265,2024-03-21T19:39:57.198Z,gravity sensor,9.468198,2.3757477,0.9375639,3
712770134683265,2024-03-21T19:39:57.378Z,gravity sensor,9.451984,2.3925056,1.051641,3
712770314683431,2024-03-21T19:39:57.557Z,gravity sensor,9.47564,2.329719,0.9771796,3
712770494683431,2024-03-21T19:39:57.738Z,gravity sensor,9.531076,2.1455169,0.85168725,3
712770674683431,2024-03-21T19:39:57.918Z,gravity sensor,9.659507,1.3241205,1.0539163,3
712770854683431,2024-03-21T19:39:58.097Z,gravity sensor,9.746685,0.11553572,1.076613,3
712771034683431,2024-03-21T19:39:58.278Z,gravity sensor,9.755584,-0.52934885,0.8475547,3
712771214683164,2024-03-21T19:39:58.457Z,gravity sensor,9.736613,-0.9427491,0.69253427,3
712771394683164,2024-03-21T19:39:58.637Z,gravity sensor,9.721701,-0.8912498,0.9297078,3
712771574683164,2024-03-21T19:39:58.818Z,gravity sensor,9.712064,-0.5844687,1.2265074,3
712771754683164,2024-03-21T19:39:58.997Z,gravity sensor,9.644896,-0.48624915,1.7057968,3
712771934683164,2024-03-21T19:39:59.178Z,gravity sensor,9.722846,-0.34925562,1.2306128,3
712772114683164,2024-03-21T19:39:59.357Z,gravity sensor,9.662849,-0.4642454,1.607481,3
712772294683164,2024-03-21T19:39:59.538Z,gravity sensor,9.542429,-0.3564543,2.232755,3
712772474683164,2024-03-21T19:39:59.718Z,gravity sensor,9.535501,-0.5903306,2.212659,3
712772654683164,2024-03-21T19:39:59.898Z,gravity sensor,9.575698,-0.39893445,2.0777457,3
712772834683164,2024-03-21T19:40:00.078Z,gravity sensor,9.546197,-0.15140696,2.2399251,3
712773014683164,2024-03-21T19:40:00.257Z,gravity sensor,9.604318,0.16642508,1.97474,3
712773194683164,2024-03-21T19:40:00.438Z,gravity sensor,9.588211,-0.33298635,2.0311317,3
712773374683164,2024-03-21T19:40:00.617Z,gravity sensor,9.641032,-0.7511849,1.6298081,3
712773554683164,2024-03-21T19:40:00.797Z,gravity sensor,9.667646,-0.80232847,1.4362949,3
712773734683164,2024-03-21T19:40:00.978Z,gravity sensor,9.714832,-0.41036478,1.2742811,3
712773914683164,2024-03-21T19:40:01.158Z,gravity sensor,9.617381,0.075612,1.9158189,3
712774094683164,2024-03-21T19:40:01.337Z,gravity sensor,9.6638365,0.038574062,1.667008,3
712774274683164,2024-03-21T19:40:01.518Z,gravity sensor,9.585255,-0.2546236,2.056238,3
712774454683164,2024-03-21T19:40:01.697Z,gravity sensor,9.555463,-0.75285953,2.0728085,3
712774634683164,2024-03-21T19:40:01.878Z,gravity sensor,9.630131,-0.804227,1.6684798,3
712774814683397,2024-03-21T19:40:02.057Z,gravity sensor,9.67464,-0.46589085,1.5343952,3
712774994683397,2024-03-21T19:40:02.238Z,gravity sensor,9.641597,-0.20121406,1.7802315,3
712775174683397,2024-03-21T19:40:02.418Z,gravity sensor,9.673427,-0.31123248,1.580515,3
712775354683397,2024-03-21T19:40:02.598Z,gravity sensor,9.618116,-0.46909082,1.8552442,3
712775534683397,2024-03-21T19:40:02.778Z,gravity sensor,9.601996,-1.011018,1.7174513,3
712775714683163,2024-03-21T19:40:02.957Z,gravity sensor,9.669023,-0.7857418,1.4362372,3
712775894683163,2024-03-21T19:40:03.137Z,gravity sensor,9.716839,-0.2837354,1.2932378,3
712776074683163,2024-03-21T19:40:03.317Z,gravity sensor,9.717515,0.04630349,1.3182299,3
712776254683163,2024-03-21T19:40:03.498Z,gravity sensor,9.675061,-0.013995793,1.6010227,3
712776434683163,2024-03-21T19:40:03.677Z,gravity sensor,9.567166,-0.12518238,2.1502967,3
712776614683163,2024-03-21T19:40:03.857Z,gravity sensor,9.616238,-0.7510493,1.7703508,3
712776794683163,2024-03-21T19:40:04.037Z,gravity sensor,9.67169,-0.6420391,1.488686,3
712776974683163,2024-03-21T19:40:04.218Z,gravity sensor,9.669636,-0.3004165,1.6056364,3
712777154683163,2024-03-21T19:40:04.397Z,gravity sensor,9.671133,0.40583473,1.5731051,3
712777334683163,2024-03-21T19:40:04.578Z,gravity sensor,9.714258,0.39469227,1.2835137,3
712777514683163,2024-03-21T19:40:04.757Z,gravity sensor,9.720567,0.11023966,1.2917283,3
712777694683163,2024-03-21T19:40:04.937Z,gravity sensor,9.732465,-0.28061727,1.1706754,3
712777874683163,2024-03-21T19:40:05.117Z,gravity sensor,9.733674,-0.06342588,1.1923665,3
712778054683163,2024-03-21T19:40:05.297Z,gravity sensor,9.716602,0.22404754,1.306813,3
712778234683163,2024-03-21T19:40:05.477Z,gravity sensor,9.741398,0.56687343,0.9767915,3
712778414682929,2024-03-21T19:40:05.658Z,gravity sensor,9.712499,0.6356103,1.1972417,3
712778594681262,2024-03-21T19:40:05.838Z,gravity sensor,9.712194,0.7851956,1.107618,3
712778774679528,2024-03-21T19:40:06.018Z,gravity sensor,9.745471,0.46624652,0.9892953,3
712778954676361,2024-03-21T19:40:06.197Z,gravity sensor,9.747135,0.34969082,1.0203582,3
712779134673094,2024-03-21T19:40:06.377Z,gravity sensor,9.742442,0.31405455,1.0752764,3
712779314669060,2024-03-21T19:40:06.558Z,gravity sensor,9.779283,0.41467795,0.60321873,3
712779494664626,2024-03-21T19:40:06.738Z,gravity sensor,9.726639,0.525802,1.1340365,3
712779674659392,2024-03-21T19:40:06.918Z,gravity sensor,9.578779,0.47657502,2.046983,3
712779854653092,2024-03-21T19:40:07.097Z,gravity sensor,9.614079,-0.43578446,1.88407,3
712739978946547,2024-03-21T19:39:27.222Z,ak09918c magnetic field sensor,15.179999,-7.7999997,-2.3999999,3
712739998946547,2024-03-21T19:39:27.241Z,ak09918c magnetic field sensor,15.36,-7.3199997,-2.8799999,3
712740018946547,2024-03-21T19:39:27.262Z,ak09918c magnetic field sensor,15.0,-6.72,-2.28,3
712740038946580,2024-03-21T19:39:27.281Z,ak09918c magnetic field sensor,15.299999,-7.08,-1.4399999,3
712740058946546,2024-03-21T19:39:27.302Z,ak09918c magnetic field sensor,15.24,-7.3199997,-1.14,3
712740078946579,2024-03-21T19:39:27.321Z,ak09918c magnetic field sensor,15.299999,-7.62,-0.9,3
712740098946545,2024-03-21T19:39:27.341Z,ak09918c magnetic field sensor,15.54,-7.8599997,-1.92,3
712740118946578,2024-03-21T19:39:27.362Z,ak09918c magnetic field sensor,14.88,-8.22,-1.92,3
712740138946578,2024-03-21T19:39:27.381Z,ak09918c magnetic field sensor,14.46,-8.46,-1.1999999,3
712740158946544,2024-03-21T19:39:27.401Z,ak09918c magnetic field sensor,15.179999,-8.28,-1.5,3
712740178946544,2024-03-21T19:39:27.422Z,ak09918c magnetic field sensor,14.88,-7.98,-1.26,3
712740198946544,2024-03-21T19:39:27.442Z,ak09918c magnetic field sensor,14.5199995,-8.88,-1.38,3
712740218946544,2024-03-21T19:39:27.462Z,ak09918c magnetic field sensor,14.58,-9.24,-1.4399999,3
712740238946577,2024-03-21T19:39:27.481Z,ak09918c magnetic field sensor,15.059999,-8.099999,-0.59999996,3
712740258946543,2024-03-21T19:39:27.501Z,ak09918c magnetic field sensor,15.179999,-8.46,-1.02,3
712740278946576,2024-03-21T19:39:27.522Z,ak09918c magnetic field sensor,14.34,-9.0,-1.74,3
712740298946576,2024-03-21T19:39:27.541Z,ak09918c magnetic field sensor,14.82,-9.54,-1.62,3
712740318946542,2024-03-21T19:39:27.561Z,ak09918c magnetic field sensor,15.36,-9.059999,-1.02,3
712740338947275,2024-03-21T19:39:27.581Z,ak09918c magnetic field sensor,15.66,-7.68,-0.12,3
712740358947375,2024-03-21T19:39:27.602Z,ak09918c magnetic field sensor,15.12,-7.9199996,-0.06,3
712740378947375,2024-03-21T19:39:27.621Z,ak09918c magnetic field sensor,14.82,-8.7,-1.0799999,3
712740398947408,2024-03-21T19:39:27.641Z,ak09918c magnetic field sensor,14.94,-9.179999,-2.1599998,3
712740418947374,2024-03-21T19:39:27.661Z,ak09918c magnetic field sensor,14.219999,-9.12,-1.74,3
712740438947407,2024-03-21T19:39:27.682Z,ak09918c magnetic field sensor,13.98,-9.66,-1.5,3
712740458947407,2024-03-21T19:39:27.701Z,ak09918c magnetic field sensor,14.4,-10.44,-2.04,3
712740478947373,2024-03-21T19:39:27.721Z,ak09918c magnetic field sensor,14.16,-10.2,-1.92,3
712740498947406,2024-03-21T19:39:27.742Z,ak09918c magnetic field sensor,14.099999,-9.179999,-1.26,3
712740518947372,2024-03-21T19:39:27.762Z,ak09918c magnetic field sensor,13.559999,-8.88,-1.38,3
712740538947372,2024-03-21T19:39:27.781Z,ak09918c magnetic field sensor,13.559999,-9.48,-2.1599998,3
712740558947372,2024-03-21T19:39:27.801Z,ak09918c magnetic field sensor,13.74,-9.66,-1.9799999,3
712740578947372,2024-03-21T19:39:27.821Z,ak09918c magnetic field sensor,13.259999,-9.78,-1.8,3
712740598947405,2024-03-21T19:39:27.842Z,ak09918c magnetic field sensor,13.559999,-9.719999,-2.9399998,3
712740618947405,2024-03-21T19:39:27.861Z,ak09918c magnetic field sensor,13.44,-9.48,-3.48,3
712740638947371,2024-03-21T19:39:27.881Z,ak09918c magnetic field sensor,13.679999,-9.12,-3.4199998,3
712740658947404,2024-03-21T19:39:27.901Z,ak09918c magnetic field sensor,14.4,-8.7,-3.4199998,3
712740678947370,2024-03-21T19:39:27.922Z,ak09918c magnetic field sensor,14.639999,-7.74,-3.0,3
712740698947403,2024-03-21T19:39:27.942Z,ak09918c magnetic field sensor,14.04,-7.62,-3.12,3
712740718947369,2024-03-21T19:39:27.962Z,ak09918c magnetic field sensor,14.219999,-8.7,-2.76,3
712740738947369,2024-03-21T19:39:27.982Z,ak09918c magnetic field sensor,15.179999,-8.58,-3.0,3
712740758946669,2024-03-21T19:39:28.002Z,ak09918c magnetic field sensor,15.179999,-8.46,-3.4199998,3
712740778946669,2024-03-21T19:39:28.021Z,ak09918c magnetic field sensor,15.0,-8.46,-2.82,3
712740798946235,2024-03-21T19:39:28.041Z,ak09918c magnetic field sensor,15.12,-9.0,-2.76,3
712740818945568,2024-03-21T19:39:28.062Z,ak09918c magnetic field sensor,14.88,-9.599999,-3.1799998,3
712740838944834,2024-03-21T19:39:28.081Z,ak09918c magnetic field sensor,14.4,-9.66,-3.48,3
712740858944867,2024-03-21T19:39:28.102Z,ak09918c magnetic field sensor,14.88,-9.66,-2.1,3
712740878944833,2024-03-21T19:39:28.122Z,ak09918c magnetic field sensor,15.42,-10.08,-1.8,3
712740898944833,2024-03-21T19:39:28.142Z,ak09918c magnetic field sensor,15.48,-10.08,-2.76,3
712740918944833,2024-03-21T19:39:28.161Z,ak09918c magnetic field sensor,15.299999,-10.0199995,-1.92,3
712740938944799,2024-03-21T19:39:28.182Z,ak09918c magnetic field sensor,15.059999,-10.0199995,-0.96,3
712740958944799,2024-03-21T19:39:28.202Z,ak09918c magnetic field sensor,14.82,-10.08,-1.68,3
712740978944799,2024-03-21T19:39:28.222Z,ak09918c magnetic field sensor,15.42,-10.26,-2.04,3
712740998944765,2024-03-21T19:39:28.241Z,ak09918c magnetic field sensor,15.719999,-9.9,-1.1999999,3
712741018944798,2024-03-21T19:39:28.262Z,ak09918c magnetic field sensor,15.24,-9.42,-2.1599998,3
712741038944764,2024-03-21T19:39:28.281Z,ak09918c magnetic field sensor,15.42,-9.0,-2.82,3
712741058944797,2024-03-21T19:39:28.302Z,ak09918c magnetic field sensor,15.719999,-8.639999,-2.82,3
712741078944797,2024-03-21T19:39:28.322Z,ak09918c magnetic field sensor,15.66,-9.24,-2.9399998,3
712741098944763,2024-03-21T19:39:28.341Z,ak09918c magnetic field sensor,15.839999,-8.88,-3.36,3
712741118944796,2024-03-21T19:39:28.361Z,ak09918c magnetic field sensor,16.92,-8.16,-3.4199998,3
712741138944796,2024-03-21T19:39:28.382Z,ak09918c magnetic field sensor,16.5,-9.059999,-2.7,3
712741158944796,2024-03-21T19:39:28.402Z,ak09918c magnetic field sensor,15.059999,-10.2,-3.0,3
712741178944829,2024-03-21T19:39:28.421Z,ak09918c magnetic field sensor,15.059999,-10.559999,-2.7,3
712741198944795,2024-03-21T19:39:28.441Z,ak09918c magnetic field sensor,14.58,-10.38,-2.58,3
712741218944828,2024-03-21T19:39:28.461Z,ak09918c magnetic field sensor,14.58,-10.38,-2.8799999,3
712741238944828,2024-03-21T19:39:28.482Z,ak09918c magnetic field sensor,14.82,-10.2,-3.06,3
712741258944794,2024-03-21T19:39:28.501Z,ak09918c magnetic field sensor,14.7,-9.78,-3.6,3
712741278944827,2024-03-21T19:39:28.521Z,ak09918c magnetic field sensor,15.48,-10.32,-3.1799998,3
712741298944793,2024-03-21T19:39:28.542Z,ak09918c magnetic field sensor,14.94,-11.099999,-2.28,3
712741318944793,2024-03-21T19:39:28.562Z,ak09918c magnetic field sensor,14.4,-11.219999,-2.04,3
712741338944793,2024-03-21T19:39:28.581Z,ak09918c magnetic field sensor,14.7,-11.28,-1.74,3
712741358945493,2024-03-21T19:39:28.601Z,ak09918c magnetic field sensor,15.059999,-10.86,-1.62,3
712741378945526,2024-03-21T19:39:28.622Z,ak09918c magnetic field sensor,15.299999,-10.32,-1.5,3
712741398945959,2024-03-21T19:39:28.641Z,ak09918c magnetic field sensor,15.36,-11.099999,-1.68,3
712741418946625,2024-03-21T19:39:28.661Z,ak09918c magnetic field sensor,15.36,-11.94,-1.8,3
712741438947358,2024-03-21T19:39:28.681Z,ak09918c magnetic field sensor,15.54,-11.58,-1.92,3
712741458947324,2024-03-21T19:39:28.701Z,ak09918c magnetic field sensor,15.599999,-11.28,-2.28,3
712741478947357,2024-03-21T19:39:28.721Z,ak09918c magnetic field sensor,15.12,-11.82,-2.7,3
712741498947357,2024-03-21T19:39:28.742Z,ak09918c magnetic field sensor,14.7,-12.78,-3.12,3
712741518947357,2024-03-21T19:39:28.762Z,ak09918c magnetic field sensor,14.88,-12.66,-3.6,3
712741538947390,2024-03-21T19:39:28.782Z,ak09918c magnetic field sensor,15.66,-12.66,-3.48,3
712741558947390,2024-03-21T19:39:28.802Z,ak09918c magnetic field sensor,15.24,-13.0199995,-3.6,3
712741578947390,2024-03-21T19:39:28.822Z,ak09918c magnetic field sensor,14.759999,-13.44,-3.84,3
712741598947423,2024-03-21T19:39:28.842Z,ak09918c magnetic field sensor,15.36,-13.44,-4.3199997,3
712741618947389,2024-03-21T19:39:28.861Z,ak09918c magnetic field sensor,15.0,-12.78,-4.02,3
712741638947422,2024-03-21T19:39:28.882Z,ak09918c magnetic field sensor,14.04,-13.08,-3.6,3
712741658947388,2024-03-21T19:39:28.901Z,ak09918c magnetic field sensor,14.219999,-13.559999,-4.08,3
712741678947388,2024-03-21T19:39:28.921Z,ak09918c magnetic field sensor,14.88,-13.38,-3.9599998,3
712741698947388,2024-03-21T19:39:28.942Z,ak09918c magnetic field sensor,15.719999,-13.5,-4.8599997,3
712741718947354,2024-03-21T19:39:28.962Z,ak09918c magnetic field sensor,15.599999,-13.44,-5.58,3
712741738946654,2024-03-21T19:39:28.982Z,ak09918c magnetic field sensor,14.5199995,-12.66,-5.3399997,3
712741758946654,2024-03-21T19:39:29.001Z,ak09918c magnetic field sensor,15.24,-12.48,-5.7599998,3
712741778946620,2024-03-21T19:39:29.022Z,ak09918c magnetic field sensor,15.059999,-13.139999,-6.06,3
712741798946220,2024-03-21T19:39:29.042Z,ak09918c magnetic field sensor,13.2,-13.259999,-6.7799997,3
712741818946186,2024-03-21T19:39:29.062Z,ak09918c magnetic field sensor,13.5,-13.38,-6.54,3
712741838946219,2024-03-21T19:39:29.081Z,ak09918c magnetic field sensor,14.16,-14.099999,-5.7599998,3
712741858946219,2024-03-21T19:39:29.102Z,ak09918c magnetic field sensor,14.04,-14.58,-5.94,3
712741878945485,2024-03-21T19:39:29.121Z,ak09918c magnetic field sensor,14.28,-14.759999,-5.3399997,3
712741898945485,2024-03-21T19:39:29.142Z,ak09918c magnetic field sensor,14.5199995,-14.94,-4.7999997,3
712741918945485,2024-03-21T19:39:29.162Z,ak09918c magnetic field sensor,13.799999,-15.599999,-4.68,3
712741938944751,2024-03-21T19:39:29.181Z,ak09918c magnetic field sensor,13.92,-16.68,-4.7999997,3
712741958944784,2024-03-21T19:39:29.202Z,ak09918c magnetic field sensor,15.179999,-17.4,-4.74,3
712741978944750,2024-03-21T19:39:29.221Z,ak09918c magnetic field sensor,15.36,-17.52,-4.2,3
712741998944750,2024-03-21T19:39:29.241Z,ak09918c magnetic field sensor,14.16,-18.72,-3.8999999,3
712742018944750,2024-03-21T19:39:29.262Z,ak09918c magnetic field sensor,13.32,-20.1,-2.8799999,3
712742038944716,2024-03-21T19:39:29.281Z,ak09918c magnetic field sensor,13.44,-19.92,-2.1,3
712742058944716,2024-03-21T19:39:29.302Z,ak09918c magnetic field sensor,13.559999,-19.38,-2.6399999,3
712742078944682,2024-03-21T19:39:29.322Z,ak09918c magnetic field sensor,13.2,-19.8,-2.6399999,3
712742098944682,2024-03-21T19:39:29.341Z,ak09918c magnetic field sensor,13.32,-20.4,-1.5,3
712742118944982,2024-03-21T19:39:29.361Z,ak09918c magnetic field sensor,13.139999,-20.76,-1.26,3
712742138944948,2024-03-21T19:39:29.381Z,ak09918c magnetic field sensor,13.0199995,-21.359999,-1.8,3
712742158944948,2024-03-21T19:39:29.401Z,ak09918c magnetic field sensor,12.54,-22.199999,-0.96,3
712742178944948,2024-03-21T19:39:29.421Z,ak09918c magnetic field sensor,11.94,-22.68,0.65999997,3
712742198944914,2024-03-21T19:39:29.441Z,ak09918c magnetic field sensor,12.24,-22.74,1.56,3
712742218944914,2024-03-21T19:39:29.461Z,ak09918c magnetic field sensor,11.46,-23.16,2.28,3
712742238944880,2024-03-21T19:39:29.482Z,ak09918c magnetic field sensor,10.8,-23.76,2.9399998,3
712742258945180,2024-03-21T19:39:29.502Z,ak09918c magnetic field sensor,10.92,-22.92,3.36,3
712742278945180,2024-03-21T19:39:29.522Z,ak09918c magnetic field sensor,10.26,-22.02,3.54,3
712742298945180,2024-03-21T19:39:29.541Z,ak09918c magnetic field sensor,10.26,-21.66,3.6,3
712742318945180,2024-03-21T19:39:29.562Z,ak09918c magnetic field sensor,10.0199995,-21.6,4.14,3
712742338945880,2024-03-21T19:39:29.582Z,ak09918c magnetic field sensor,9.24,-21.84,4.5,3
712742358945880,2024-03-21T19:39:29.602Z,ak09918c magnetic field sensor,9.24,-21.48,4.98,3
712742378945880,2024-03-21T19:39:29.622Z,ak09918c magnetic field sensor,8.88,-20.88,4.7999997,3
712742398946280,2024-03-21T19:39:29.642Z,ak09918c magnetic field sensor,8.76,-20.279999,5.22,3
712742418946280,2024-03-21T19:39:29.661Z,ak09918c magnetic field sensor,9.42,-19.38,6.3599997,3
712742438946246,2024-03-21T19:39:29.681Z,ak09918c magnetic field sensor,10.08,-18.84,5.58,3
712742458946246,2024-03-21T19:39:29.701Z,ak09918c magnetic field sensor,9.96,-18.66,4.8599997,3
712742478946946,2024-03-21T19:39:29.721Z,ak09918c magnetic field sensor,9.3,-18.24,5.7,3
712742498946946,2024-03-21T19:39:29.741Z,ak09918c magnetic field sensor,9.3,-17.34,6.66,3
712742518946946,2024-03-21T19:39:29.761Z,ak09918c magnetic field sensor,9.3,-16.98,5.94,3
712742538947679,2024-03-21T19:39:29.781Z,ak09918c magnetic field sensor,9.36,-16.68,5.94,3
712742558947645,2024-03-21T19:39:29.802Z,ak09918c magnetic field sensor,9.179999,-16.14,6.3599997,3
712742578947645,2024-03-21T19:39:29.821Z,ak09918c magnetic field sensor,9.24,-16.8,6.18,3
712742598947645,2024-03-21T19:39:29.841Z,ak09918c magnetic field sensor,10.139999,-16.859999,6.06,3
712742618947911,2024-03-21T19:39:29.861Z,ak09918c magnetic field sensor,9.599999,-15.78,6.18,3
712742638947911,2024-03-21T19:39:29.882Z,ak09918c magnetic field sensor,9.36,-14.82,5.64,3
712742658947911,2024-03-21T19:39:29.901Z,ak09918c magnetic field sensor,9.48,-15.0,5.1,3
712742678947911,2024-03-21T19:39:29.921Z,ak09918c magnetic field sensor,9.66,-15.299999,4.74,3
712742698947911,2024-03-21T19:39:29.941Z,ak09918c magnetic field sensor,10.0199995,-15.42,3.6599998,3
712742718947611,2024-03-21T19:39:29.961Z,ak09918c magnetic field sensor,9.96,-15.599999,3.54,3
712742738947611,2024-03-21T19:39:29.981Z,ak09918c magnetic field sensor,9.719999,-15.179999,3.8999999,3
712742758947877,2024-03-21T19:39:30.001Z,ak09918c magnetic field sensor,10.139999,-14.759999,3.84,3
712742778947877,2024-03-21T19:39:30.022Z,ak09918c magnetic field sensor,10.74,-14.28,4.38,3
712742798947877,2024-03-21T19:39:30.042Z,ak09918c magnetic field sensor,11.46,-13.74,3.6599998,3
712742818947877,2024-03-21T19:39:30.061Z,ak09918c magnetic field sensor,11.04,-13.62,3.0,3
712742838947877,2024-03-21T19:39:30.081Z,ak09918c magnetic field sensor,10.26,-13.32,2.8799999,3
712742858947577,2024-03-21T19:39:30.101Z,ak09918c magnetic field sensor,11.34,-12.719999,1.92,3
712742878947577,2024-03-21T19:39:30.122Z,ak09918c magnetic field sensor,11.58,-12.24,1.3199999,3
712742898947577,2024-03-21T19:39:30.141Z,ak09918c magnetic field sensor,11.759999,-12.12,1.5,3
712742918947577,2024-03-21T19:39:30.161Z,ak09918c magnetic field sensor,12.54,-11.88,1.74,3
712742938947577,2024-03-21T19:39:30.181Z,ak09918c magnetic field sensor,12.36,-11.28,1.4399999,3
712742958947577,2024-03-21T19:39:30.201Z,ak09918c magnetic field sensor,12.12,-10.0199995,0.84,3
712742978947577,2024-03-21T19:39:30.221Z,ak09918c magnetic field sensor,12.24,-10.26,0.42,3
712742998947577,2024-03-21T19:39:30.242Z,ak09918c magnetic field sensor,12.599999,-12.0,0.84,3
712743018947577,2024-03-21T19:39:30.262Z,ak09918c magnetic field sensor,12.3,-11.58,1.38,3
712743038947577,2024-03-21T19:39:30.282Z,ak09918c magnetic field sensor,11.5199995,-10.679999,1.1999999,3
712743058947577,2024-03-21T19:39:30.302Z,ak09918c magnetic field sensor,12.12,-11.16,0.9,3
712743078947577,2024-03-21T19:39:30.321Z,ak09918c magnetic field sensor,12.9,-11.759999,1.26,3
712743098947577,2024-03-21T19:39:30.342Z,ak09918c magnetic field sensor,12.54,-11.16,1.9799999,3
712743118947843,2024-03-21T19:39:30.362Z,ak09918c magnetic field sensor,12.24,-10.92,1.3199999,3
712743138947843,2024-03-21T19:39:30.382Z,ak09918c magnetic field sensor,13.08,-10.139999,0.17999999,3
712743158947843,2024-03-21T19:39:30.401Z,ak09918c magnetic field sensor,13.74,-9.48,0.65999997,3
712743178947843,2024-03-21T19:39:30.422Z,ak09918c magnetic field sensor,13.92,-9.599999,0.48,3
712743198947843,2024-03-21T19:39:30.442Z,ak09918c magnetic field sensor,13.74,-9.059999,-0.29999998,3
712743218947576,2024-03-21T19:39:30.462Z,ak09918c magnetic field sensor,13.32,-9.42,-0.71999997,3
712743238947576,2024-03-21T19:39:30.482Z,ak09918c magnetic field sensor,13.2,-9.66,-0.12,3
712743258947809,2024-03-21T19:39:30.501Z,ak09918c magnetic field sensor,14.28,-8.82,0.12,3
712743278947809,2024-03-21T19:39:30.521Z,ak09918c magnetic field sensor,14.94,-8.22,0.42,3
712743298947809,2024-03-21T19:39:30.541Z,ak09918c magnetic field sensor,14.94,-8.28,1.26,3
712743318947809,2024-03-21T19:39:30.561Z,ak09918c magnetic field sensor,14.5199995,-8.099999,0.35999998,3
712743338947809,2024-03-21T19:39:30.582Z,ak09918c magnetic field sensor,13.92,-7.9199996,-0.35999998,3
712743358947542,2024-03-21T19:39:30.601Z,ak09918c magnetic field sensor,14.5199995,-8.22,-0.42,3
712743378947542,2024-03-21T19:39:30.621Z,ak09918c magnetic field sensor,14.46,-8.34,-0.9,3
712743398947542,2024-03-21T19:39:30.641Z,ak09918c magnetic field sensor,14.58,-8.639999,-1.86,3
712743418947542,2024-03-21T19:39:30.661Z,ak09918c magnetic field sensor,14.219999,-8.16,-2.1599998,3
712743438947542,2024-03-21T19:39:30.681Z,ak09918c magnetic field sensor,13.86,-8.04,-0.59999996,3
712743458947542,2024-03-21T19:39:30.702Z,ak09918c magnetic field sensor,14.4,-8.099999,-0.12,3
712743478947542,2024-03-21T19:39:30.722Z,ak09918c magnetic field sensor,14.28,-8.22,-1.4399999,3
712743498947542,2024-03-21T19:39:30.741Z,ak09918c magnetic field sensor,14.16,-8.94,-1.56,3
712743518947542,2024-03-21T19:39:30.761Z,ak09918c magnetic field sensor,14.7,-8.04,-0.65999997,3
712743538947542,2024-03-21T19:39:30.781Z,ak09918c magnetic field sensor,15.0,-7.8599997,-1.1999999,3
712743558947542,2024-03-21T19:39:30.801Z,ak09918c magnetic field sensor,15.54,-8.4,-1.4399999,3
712743578947542,2024-03-21T19:39:30.822Z,ak09918c magnetic field sensor,15.36,-8.04,-0.78,3
712743598947542,2024-03-21T19:39:30.842Z,ak09918c magnetic field sensor,15.24,-7.3799996,-0.9,3
712743618947808,2024-03-21T19:39:30.861Z,ak09918c magnetic field sensor,15.36,-7.56,-0.78,3
712743638947808,2024-03-21T19:39:30.881Z,ak09918c magnetic field sensor,15.059999,-8.04,-0.65999997,3
712743658947808,2024-03-21T19:39:30.902Z,ak09918c magnetic field sensor,15.96,-8.099999,-1.26,3
712743678947808,2024-03-21T19:39:30.921Z,ak09918c magnetic field sensor,15.36,-8.34,-1.4399999,3
712743698947808,2024-03-21T19:39:30.942Z,ak09918c magnetic field sensor,14.639999,-8.099999,-1.38,3
712743718947541,2024-03-21T19:39:30.961Z,ak09918c magnetic field sensor,14.82,-8.099999,-1.56,3
712743738947541,2024-03-21T19:39:30.981Z,ak09918c magnetic field sensor,14.28,-8.16,-1.0799999,3
712743758947807,2024-03-21T19:39:31.002Z,ak09918c magnetic field sensor,14.34,-8.76,-0.84,3
712743778947807,2024-03-21T19:39:31.021Z,ak09918c magnetic field sensor,14.58,-9.059999,-1.02,3
712743798947807,2024-03-21T19:39:31.041Z,ak09918c magnetic field sensor,15.0,-8.58,-0.71999997,3
712743818947807,2024-03-21T19:39:31.062Z,ak09918c magnetic field sensor,14.58,-8.82,-1.02,3
712743838947807,2024-03-21T19:39:31.082Z,ak09918c magnetic field sensor,15.059999,-9.24,-1.86,3
712743858947573,2024-03-21T19:39:31.102Z,ak09918c magnetic field sensor,15.54,-8.82,-2.1599998,3
712743878947573,2024-03-21T19:39:31.121Z,ak09918c magnetic field sensor,15.36,-7.8599997,-1.3199999,3
712743898947573,2024-03-21T19:39:31.141Z,ak09918c magnetic field sensor,15.36,-7.62,-1.4399999,3
712743918947573,2024-03-21T19:39:31.161Z,ak09918c magnetic field sensor,15.059999,-8.76,-2.82,3
712743938947573,2024-03-21T19:39:31.182Z,ak09918c magnetic field sensor,15.42,-9.0,-1.9799999,3
712743958947573,2024-03-21T19:39:31.201Z,ak09918c magnetic field sensor,15.78,-8.28,-1.68,3
712743978947573,2024-03-21T19:39:31.221Z,ak09918c magnetic field sensor,15.54,-8.28,-2.3999999,3
712743998947573,2024-03-21T19:39:31.241Z,ak09918c magnetic field sensor,15.839999,-8.28,-2.1599998,3
712744018947573,2024-03-21T19:39:31.262Z,ak09918c magnetic field sensor,15.719999,-8.7,-1.56,3
712744038947573,2024-03-21T19:39:31.281Z,ak09918c magnetic field sensor,15.179999,-8.46,-0.48,3
712744058947573,2024-03-21T19:39:31.302Z,ak09918c magnetic field sensor,15.24,-8.16,-0.84,3
712744078947573,2024-03-21T19:39:31.321Z,ak09918c magnetic field sensor,15.9,-7.98,-0.96,3
712744098947573,2024-03-21T19:39:31.342Z,ak09918c magnetic field sensor,16.44,-8.28,-0.12,3
712744118947606,2024-03-21T19:39:31.361Z,ak09918c magnetic field sensor,16.14,-8.76,0.42,3
712744138947606,2024-03-21T19:39:31.382Z,ak09918c magnetic field sensor,15.0,-9.0,0.65999997,3
712744158947606,2024-03-21T19:39:31.402Z,ak09918c magnetic field sensor,15.36,-9.719999,0.78,3
712744178947606,2024-03-21T19:39:31.421Z,ak09918c magnetic field sensor,16.74,-9.599999,1.26,3
712744198947606,2024-03-21T19:39:31.442Z,ak09918c magnetic field sensor,16.5,-9.42,0.71999997,3
712744218947339,2024-03-21T19:39:31.462Z,ak09918c magnetic field sensor,15.24,-9.42,0.71999997,3
712744238947339,2024-03-21T19:39:31.481Z,ak09918c magnetic field sensor,14.88,-9.3,1.14,3
712744258947605,2024-03-21T19:39:31.501Z,ak09918c magnetic field sensor,15.54,-9.42,0.59999996,3
712744278947605,2024-03-21T19:39:31.521Z,ak09918c magnetic field sensor,15.48,-9.12,0.65999997,3
712744298947605,2024-03-21T19:39:31.541Z,ak09918c magnetic field sensor,15.9,-9.24,0.78,3
712744318947605,2024-03-21T19:39:31.562Z,ak09918c magnetic field sensor,16.5,-9.36,0.42,3
712744338947605,2024-03-21T19:39:31.581Z,ak09918c magnetic field sensor,16.14,-8.82,0.48,3
712744358947338,2024-03-21T19:39:31.601Z,ak09918c magnetic field sensor,16.08,-9.48,1.38,3
712744378947338,2024-03-21T19:39:31.621Z,ak09918c magnetic field sensor,16.02,-10.08,2.22,3
712744398947338,2024-03-21T19:39:31.641Z,ak09918c magnetic field sensor,15.179999,-10.62,2.22,3
712744418947338,2024-03-21T19:39:31.662Z,ak09918c magnetic field sensor,14.82,-10.559999,2.3999999,3
712744438947338,2024-03-21T19:39:31.682Z,ak09918c magnetic field sensor,14.5199995,-9.84,2.04,3
712744458947338,2024-03-21T19:39:31.702Z,ak09918c magnetic field sensor,15.599999,-9.54,1.14,3
712744478947338,2024-03-21T19:39:31.721Z,ak09918c magnetic field sensor,15.66,-9.78,1.02,3
712744498947338,2024-03-21T19:39:31.742Z,ak09918c magnetic field sensor,14.34,-10.38,0.9,3
712744518947338,2024-03-21T19:39:31.761Z,ak09918c magnetic field sensor,14.04,-10.62,0.96,3
712744538947338,2024-03-21T19:39:31.782Z,ak09918c magnetic field sensor,14.34,-10.5,1.38,3
712744558947338,2024-03-21T19:39:31.802Z,ak09918c magnetic field sensor,14.7,-10.139999,1.8,3
712744578947338,2024-03-21T19:39:31.821Z,ak09918c magnetic field sensor,15.179999,-10.98,1.92,3
712744598947338,2024-03-21T19:39:31.842Z,ak09918c magnetic field sensor,15.179999,-11.7,2.1,3
712744618947571,2024-03-21T19:39:31.862Z,ak09918c magnetic field sensor,14.94,-11.16,1.86,3
712744638947571,2024-03-21T19:39:31.881Z,ak09918c magnetic field sensor,14.94,-10.98,1.38,3
712744658947571,2024-03-21T19:39:31.902Z,ak09918c magnetic field sensor,13.74,-10.74,1.68,3
712744678947571,2024-03-21T19:39:31.922Z,ak09918c magnetic field sensor,13.86,-10.32,1.68,3
712744698947571,2024-03-21T19:39:31.942Z,ak09918c magnetic field sensor,14.58,-10.74,1.38,3
712744718947537,2024-03-21T19:39:31.961Z,ak09918c magnetic field sensor,14.46,-10.98,1.4399999,3
712744738947537,2024-03-21T19:39:31.982Z,ak09918c magnetic field sensor,13.799999,-10.86,1.62,3
712744758947803,2024-03-21T19:39:32.002Z,ak09918c magnetic field sensor,13.74,-11.4,1.62,3
712744778947803,2024-03-21T19:39:32.021Z,ak09918c magnetic field sensor,14.28,-12.42,2.1599998,3
712744798947803,2024-03-21T19:39:32.042Z,ak09918c magnetic field sensor,14.28,-12.0,2.34,3
712744818947803,2024-03-21T19:39:32.061Z,ak09918c magnetic field sensor,14.099999,-11.099999,2.04,3
712744838947803,2024-03-21T19:39:32.082Z,ak09918c magnetic field sensor,14.34,-11.16,1.8,3
712744858947536,2024-03-21T19:39:32.102Z,ak09918c magnetic field sensor,13.74,-11.639999,0.78,3
712744878947536,2024-03-21T19:39:32.121Z,ak09918c magnetic field sensor,13.2,-11.94,0.53999996,3
712744898947536,2024-03-21T19:39:32.142Z,ak09918c magnetic field sensor,13.44,-12.0,1.0799999,3
712744918947536,2024-03-21T19:39:32.161Z,ak09918c magnetic field sensor,13.32,-11.219999,0.9,3
712744938947536,2024-03-21T19:39:32.182Z,ak09918c magnetic field sensor,13.98,-10.38,0.29999998,3
712744958947536,2024-03-21T19:39:32.202Z,ak09918c magnetic field sensor,14.28,-10.08,0.59999996,3
712744978947536,2024-03-21T19:39:32.221Z,ak09918c magnetic field sensor,14.4,-9.719999,0.71999997,3
712744998947536,2024-03-21T19:39:32.241Z,ak09918c magnetic field sensor,13.799999,-9.66,0.42,3
712745018947802,2024-03-21T19:39:32.261Z,ak09918c magnetic field sensor,12.719999,-9.54,-0.12,3
712745038947802,2024-03-21T19:39:32.282Z,ak09918c magnetic field sensor,13.38,-9.42,-0.48,3
712745058947802,2024-03-21T19:39:32.302Z,ak09918c magnetic field sensor,14.28,-8.94,-0.53999996,3
712745078947802,2024-03-21T19:39:32.321Z,ak09918c magnetic field sensor,14.4,-8.7,-1.26,3
712745098947802,2024-03-21T19:39:32.342Z,ak09918c magnetic field sensor,14.759999,-8.88,-0.78,3
712745118948068,2024-03-21T19:39:32.361Z,ak09918c magnetic field sensor,14.639999,-9.3,0.71999997,3
712745138948068,2024-03-21T19:39:32.381Z,ak09918c magnetic field sensor,14.639999,-9.599999,0.53999996,3
712745158948068,2024-03-21T19:39:32.401Z,ak09918c magnetic field sensor,14.759999,-10.0199995,-0.35999998,3
712745178948068,2024-03-21T19:39:32.421Z,ak09918c magnetic field sensor,15.059999,-9.84,-0.12,3
712745198948068,2024-03-21T19:39:32.442Z,ak09918c magnetic field sensor,15.299999,-9.179999,-0.59999996,3
712745218947834,2024-03-21T19:39:32.461Z,ak09918c magnetic field sensor,15.179999,-9.059999,-0.42,3
712745238947834,2024-03-21T19:39:32.481Z,ak09918c magnetic field sensor,15.24,-9.66,-0.24,3
712745258948100,2024-03-21T19:39:32.501Z,ak09918c magnetic field sensor,15.24,-9.24,-0.96,3
712745278948100,2024-03-21T19:39:32.521Z,ak09918c magnetic field sensor,14.58,-8.28,-0.9,3
712745298948100,2024-03-21T19:39:32.541Z,ak09918c magnetic field sensor,14.46,-7.98,-0.17999999,3
712745318948100,2024-03-21T19:39:32.561Z,ak09918c magnetic field sensor,15.599999,-7.8599997,0.29999998,3
712745338948100,2024-03-21T19:39:32.582Z,ak09918c magnetic field sensor,15.48,-8.46,1.14,3
712745358947833,2024-03-21T19:39:32.602Z,ak09918c magnetic field sensor,15.78,-7.9199996,1.5,3
712745378947833,2024-03-21T19:39:32.621Z,ak09918c magnetic field sensor,16.56,-8.04,1.4399999,3
712745398947833,2024-03-21T19:39:32.642Z,ak09918c magnetic field sensor,16.32,-8.639999,1.02,3
712745418947833,2024-03-21T19:39:32.661Z,ak09918c magnetic field sensor,15.78,-8.5199995,0.24,3
712745438947833,2024-03-21T19:39:32.681Z,ak09918c magnetic field sensor,15.9,-8.76,0.53999996,3
712745458947833,2024-03-21T19:39:32.702Z,ak09918c magnetic field sensor,15.299999,-8.82,0.35999998,3
712745478947833,2024-03-21T19:39:32.721Z,ak09918c magnetic field sensor,15.059999,-9.179999,0.42,3
712745498947833,2024-03-21T19:39:32.741Z,ak09918c magnetic field sensor,15.9,-9.78,0.35999998,3
712745518947833,2024-03-21T19:39:32.761Z,ak09918c magnetic field sensor,15.0,-9.179999,-0.12,3
712745538947833,2024-03-21T19:39:32.781Z,ak09918c magnetic field sensor,14.7,-8.639999,-0.06,3
712745558947833,2024-03-21T19:39:32.802Z,ak09918c magnetic field sensor,14.88,-8.82,0.35999998,3
712745578947833,2024-03-21T19:39:32.822Z,ak09918c magnetic field sensor,14.639999,-9.24,-0.12,3
712745598947833,2024-03-21T19:39:32.841Z,ak09918c magnetic field sensor,14.88,-9.179999,-0.06,3
712745618947833,2024-03-21T19:39:32.861Z,ak09918c magnetic field sensor,15.059999,-8.46,0.78,3
712745638947833,2024-03-21T19:39:32.881Z,ak09918c magnetic field sensor,14.94,-8.46,1.1999999,3
712745658947833,2024-03-21T19:39:32.901Z,ak09918c magnetic field sensor,14.7,-8.58,1.62,3
712745678947833,2024-03-21T19:39:32.921Z,ak09918c magnetic field sensor,14.639999,-8.4,1.0799999,3
712745698947833,2024-03-21T19:39:32.941Z,ak09918c magnetic field sensor,14.7,-8.4,0.65999997,3
712745718947566,2024-03-21T19:39:32.961Z,ak09918c magnetic field sensor,14.759999,-8.34,1.02,3
712745738947566,2024-03-21T19:39:32.981Z,ak09918c magnetic field sensor,14.639999,-7.74,0.29999998,3
712745758947832,2024-03-21T19:39:33.001Z,ak09918c magnetic field sensor,14.5199995,-7.74,-0.12,3
712745778947832,2024-03-21T19:39:33.022Z,ak09918c magnetic field sensor,14.639999,-8.16,0.53999996,3
712745798947832,2024-03-21T19:39:33.041Z,ak09918c magnetic field sensor,14.759999,-8.58,-0.24,3
712745818947832,2024-03-21T19:39:33.062Z,ak09918c magnetic field sensor,14.099999,-8.88,-1.38,3
712745838947832,2024-03-21T19:39:33.081Z,ak09918c magnetic field sensor,14.04,-8.46,-1.02,3
712745858947565,2024-03-21T19:39:33.101Z,ak09918c magnetic field sensor,14.099999,-8.58,-1.02,3
712745878947565,2024-03-21T19:39:33.122Z,ak09918c magnetic field sensor,13.86,-9.0,-1.5,3
712745898947565,2024-03-21T19:39:33.141Z,ak09918c magnetic field sensor,13.98,-9.0,-0.96,3
712745918947565,2024-03-21T19:39:33.162Z,ak09918c magnetic field sensor,14.219999,-8.34,-0.78,3
712745938947565,2024-03-21T19:39:33.181Z,ak09918c magnetic field sensor,14.46,-8.16,-0.78,3
712745958947565,2024-03-21T19:39:33.201Z,ak09918c magnetic field sensor,14.219999,-8.82,-0.78,3
712745978947565,2024-03-21T19:39:33.221Z,ak09918c magnetic field sensor,13.799999,-7.98,-1.62,3
712745998947565,2024-03-21T19:39:33.242Z,ak09918c magnetic field sensor,14.219999,-7.62,-2.6399999,3
712746018947565,2024-03-21T19:39:33.262Z,ak09918c magnetic field sensor,14.46,-8.5199995,-2.9399998,3
712746038947565,2024-03-21T19:39:33.281Z,ak09918c magnetic field sensor,13.92,-7.7999997,-3.0,3
712746058947565,2024-03-21T19:39:33.301Z,ak09918c magnetic field sensor,14.04,-7.2599998,-3.1799998,3
712746078947565,2024-03-21T19:39:33.322Z,ak09918c magnetic field sensor,14.88,-7.02,-2.1599998,3
712746098947565,2024-03-21T19:39:33.341Z,ak09918c magnetic field sensor,15.299999,-7.3199997,-2.04,3
712746118947831,2024-03-21T19:39:33.361Z,ak09918c magnetic field sensor,14.7,-8.5199995,-2.28,3
712746138947831,2024-03-21T19:39:33.382Z,ak09918c magnetic field sensor,14.46,-8.22,-1.5,3
712746158947831,2024-03-21T19:39:33.401Z,ak09918c magnetic field sensor,14.7,-7.98,-0.71999997,3
712746178947831,2024-03-21T19:39:33.421Z,ak09918c magnetic field sensor,15.24,-8.58,-0.17999999,3
712746198947831,2024-03-21T19:39:33.442Z,ak09918c magnetic field sensor,15.0,-8.16,-1.0799999,3
712746218947564,2024-03-21T19:39:33.461Z,ak09918c magnetic field sensor,14.28,-8.58,-1.02,3
712746238947564,2024-03-21T19:39:33.482Z,ak09918c magnetic field sensor,14.34,-9.3,-0.24,3
712746258947830,2024-03-21T19:39:33.501Z,ak09918c magnetic field sensor,14.28,-9.12,-0.29999998,3
712746278947830,2024-03-21T19:39:33.522Z,ak09918c magnetic field sensor,14.28,-8.88,0.65999997,3
712746298947830,2024-03-21T19:39:33.542Z,ak09918c magnetic field sensor,14.88,-8.5199995,1.1999999,3
712746318947830,2024-03-21T19:39:33.562Z,ak09918c magnetic field sensor,15.54,-8.5199995,0.17999999,3
712746338947830,2024-03-21T19:39:33.581Z,ak09918c magnetic field sensor,15.48,-8.7,-0.42,3
712746358947563,2024-03-21T19:39:33.601Z,ak09918c magnetic field sensor,14.5199995,-8.46,-0.59999996,3
712746378947563,2024-03-21T19:39:33.621Z,ak09918c magnetic field sensor,14.639999,-7.62,-1.3199999,3
712746398947563,2024-03-21T19:39:33.641Z,ak09918c magnetic field sensor,15.179999,-7.56,-1.4399999,3
712746418947563,2024-03-21T19:39:33.661Z,ak09918c magnetic field sensor,14.16,-8.16,-0.48,3
712746438947563,2024-03-21T19:39:33.682Z,ak09918c magnetic field sensor,13.32,-8.94,-0.42,3
712746458947563,2024-03-21T19:39:33.702Z,ak09918c magnetic field sensor,14.58,-9.0,0.65999997,3
712746478947563,2024-03-21T19:39:33.721Z,ak09918c magnetic field sensor,15.54,-8.76,1.8,3
712746498947563,2024-03-21T19:39:33.742Z,ak09918c magnetic field sensor,14.4,-9.0,1.0799999,3
712746518947563,2024-03-21T19:39:33.762Z,ak09918c magnetic field sensor,13.559999,-8.639999,0.65999997,3
712746538947563,2024-03-21T19:39:33.781Z,ak09918c magnetic field sensor,13.559999,-8.82,0.0,3
712746558947563,2024-03-21T19:39:33.802Z,ak09918c magnetic field sensor,14.16,-8.82,-0.96,3
712746578947563,2024-03-21T19:39:33.822Z,ak09918c magnetic field sensor,14.82,-8.4,-0.53999996,3
712746598947563,2024-03-21T19:39:33.842Z,ak09918c magnetic field sensor,15.299999,-9.36,-0.12,3
712746618947829,2024-03-21T19:39:33.861Z,ak09918c magnetic field sensor,15.059999,-9.48,-0.35999998,3
712746638947829,2024-03-21T19:39:33.882Z,ak09918c magnetic field sensor,13.559999,-8.82,-0.06,3
712746658947829,2024-03-21T19:39:33.902Z,ak09918c magnetic field sensor,13.799999,-9.42,0.53999996,3
712746678947829,2024-03-21T19:39:33.922Z,ak09918c magnetic field sensor,13.98,-10.0199995,0.35999998,3
712746698947829,2024-03-21T19:39:33.942Z,ak09918c magnetic field sensor,14.28,-9.3,0.06,3
712746718947562,2024-03-21T19:39:33.962Z,ak09918c magnetic field sensor,14.58,-9.12,0.42,3
712746738947562,2024-03-21T19:39:33.982Z,ak09918c magnetic field sensor,14.4,-9.66,1.1999999,3
712746758947795,2024-03-21T19:39:34.001Z,ak09918c magnetic field sensor,15.12,-9.36,1.1999999,3
712746778947795,2024-03-21T19:39:34.022Z,ak09918c magnetic field sensor,15.24,-8.94,0.59999996,3
712746798947795,2024-03-21T19:39:34.042Z,ak09918c magnetic field sensor,15.059999,-9.42,0.48,3
712746818947795,2024-03-21T19:39:34.061Z,ak09918c magnetic field sensor,14.099999,-9.96,0.84,3
712746838947795,2024-03-21T19:39:34.082Z,ak09918c magnetic field sensor,13.5,-10.32,1.4399999,3
712746858947528,2024-03-21T19:39:34.102Z,ak09918c magnetic field sensor,14.04,-10.0199995,1.5,3
712746878947528,2024-03-21T19:39:34.122Z,ak09918c magnetic field sensor,13.799999,-10.2,1.5,3
712746898947528,2024-03-21T19:39:34.141Z,ak09918c magnetic field sensor,13.86,-10.5,0.65999997,3
712746918947528,2024-03-21T19:39:34.162Z,ak09918c magnetic field sensor,14.219999,-10.32,0.84,3
712746938947528,2024-03-21T19:39:34.182Z,ak09918c magnetic field sensor,14.16,-10.92,1.74,3
712746958947528,2024-03-21T19:39:34.202Z,ak09918c magnetic field sensor,14.46,-10.98,1.1999999,3
712746978947528,2024-03-21T19:39:34.221Z,ak09918c magnetic field sensor,14.099999,-10.74,0.9,3
712746998947528,2024-03-21T19:39:34.241Z,ak09918c magnetic field sensor,13.44,-10.0199995,0.84,3
712747018947528,2024-03-21T19:39:34.261Z,ak09918c magnetic field sensor,13.62,-9.179999,0.65999997,3
712747038947528,2024-03-21T19:39:34.281Z,ak09918c magnetic field sensor,14.28,-9.42,0.59999996,3
712747058947528,2024-03-21T19:39:34.301Z,ak09918c magnetic field sensor,14.639999,-9.599999,-0.71999997,3
712747078947528,2024-03-21T19:39:34.322Z,ak09918c magnetic field sensor,13.98,-9.12,-1.0799999,3
712747098947528,2024-03-21T19:39:34.342Z,ak09918c magnetic field sensor,13.679999,-9.48,-0.29999998,3
712747118947794,2024-03-21T19:39:34.362Z,ak09918c magnetic field sensor,14.04,-9.42,-0.42,3
712747138947794,2024-03-21T19:39:34.382Z,ak09918c magnetic field sensor,14.34,-9.36,-1.02,3
712747158947794,2024-03-21T19:39:34.401Z,ak09918c magnetic field sensor,14.04,-9.0,-0.12,3
712747178947794,2024-03-21T19:39:34.421Z,ak09918c magnetic field sensor,14.4,-8.34,-0.06,3
712747198947794,2024-03-21T19:39:34.442Z,ak09918c magnetic field sensor,14.5199995,-8.82,-0.71999997,3
712747218947527,2024-03-21T19:39:34.461Z,ak09918c magnetic field sensor,14.28,-8.7,0.35999998,3
712747238947527,2024-03-21T19:39:34.481Z,ak09918c magnetic field sensor,14.16,-8.76,0.48,3
712747258947793,2024-03-21T19:39:34.502Z,ak09918c magnetic field sensor,14.219999,-9.78,0.17999999,3
712747278947793,2024-03-21T19:39:34.522Z,ak09918c magnetic field sensor,14.46,-10.0199995,0.53999996,3
712747298947793,2024-03-21T19:39:34.542Z,ak09918c magnetic field sensor,14.219999,-9.719999,0.71999997,3
712747318947793,2024-03-21T19:39:34.562Z,ak09918c magnetic field sensor,15.0,-9.179999,1.26,3
712747338947793,2024-03-21T19:39:34.582Z,ak09918c magnetic field sensor,15.599999,-9.12,1.1999999,3
712747358947559,2024-03-21T19:39:34.601Z,ak09918c magnetic field sensor,14.94,-10.0199995,0.59999996,3
712747378947559,2024-03-21T19:39:34.621Z,ak09918c magnetic field sensor,15.24,-9.54,1.0799999,3
712747398947559,2024-03-21T19:39:34.641Z,ak09918c magnetic field sensor,16.08,-8.7,1.62,3
712747418947559,2024-03-21T19:39:34.661Z,ak09918c magnetic field sensor,16.02,-8.5199995,1.1999999,3
712747438947559,2024-03-21T19:39:34.682Z,ak09918c magnetic field sensor,15.599999,-8.46,0.96,3
712747458947559,2024-03-21T19:39:34.702Z,ak09918c magnetic field sensor,15.36,-8.639999,0.53999996,3
712747478947559,2024-03-21T19:39:34.721Z,ak09918c magnetic field sensor,15.96,-8.46,0.35999998,3
712747498947559,2024-03-21T19:39:34.741Z,ak09918c magnetic field sensor,16.08,-8.5199995,0.84,3
712747518947559,2024-03-21T19:39:34.761Z,ak09918c magnetic field sensor,15.839999,-8.58,1.1999999,3
712747538947559,2024-03-21T19:39:34.782Z,ak09918c magnetic field sensor,15.78,-8.28,1.3199999,3
712747558947559,2024-03-21T19:39:34.801Z,ak09918c magnetic field sensor,16.02,-8.34,0.84,3
712747578947559,2024-03-21T19:39:34.821Z,ak09918c magnetic field sensor,15.599999,-8.58,1.5,3
712747598947559,2024-03-21T19:39:34.841Z,ak09918c magnetic field sensor,15.179999,-8.7,1.86,3
712747618947825,2024-03-21T19:39:34.861Z,ak09918c magnetic field sensor,15.24,-8.46,0.9,3
712747638947825,2024-03-21T19:39:34.881Z,ak09918c magnetic field sensor,15.839999,-8.22,1.14,3
712747658947825,2024-03-21T19:39:34.901Z,ak09918c magnetic field sensor,16.08,-8.16,1.8,3
712747678947825,2024-03-21T19:39:34.921Z,ak09918c magnetic field sensor,15.24,-8.099999,0.96,3
712747698947825,2024-03-21T19:39:34.941Z,ak09918c magnetic field sensor,15.059999,-8.7,0.53999996,3
712747718947558,2024-03-21T19:39:34.962Z,ak09918c magnetic field sensor,15.48,-9.0,1.02,3
712747738947558,2024-03-21T19:39:34.981Z,ak09918c magnetic field sensor,15.719999,-9.48,0.65999997,3
712747758947824,2024-03-21T19:39:35.001Z,ak09918c magnetic field sensor,16.02,-9.24,1.02,3
712747778947824,2024-03-21T19:39:35.022Z,ak09918c magnetic field sensor,15.36,-9.059999,1.9799999,3
712747798947824,2024-03-21T19:39:35.041Z,ak09918c magnetic field sensor,15.12,-9.12,1.5,3
712747818947824,2024-03-21T19:39:35.062Z,ak09918c magnetic field sensor,15.299999,-8.5199995,1.02,3
712747838947824,2024-03-21T19:39:35.081Z,ak09918c magnetic field sensor,15.48,-8.5199995,0.96,3
712747858947557,2024-03-21T19:39:35.101Z,ak09918c magnetic field sensor,15.9,-8.88,1.14,3
712747878947557,2024-03-21T19:39:35.121Z,ak09918c magnetic field sensor,15.599999,-8.82,1.1999999,3
712747898947557,2024-03-21T19:39:35.142Z,ak09918c magnetic field sensor,15.66,-8.34,1.14,3
712747918947557,2024-03-21T19:39:35.161Z,ak09918c magnetic field sensor,15.599999,-8.04,0.24,3
712747938947557,2024-03-21T19:39:35.182Z,ak09918c magnetic field sensor,15.719999,-8.76,-0.59999996,3
712747958947557,2024-03-21T19:39:35.201Z,ak09918c magnetic field sensor,15.48,-9.599999,0.29999998,3
712747978947557,2024-03-21T19:39:35.221Z,ak09918c magnetic field sensor,14.7,-9.84,1.26,3
712747998947557,2024-03-21T19:39:35.242Z,ak09918c magnetic field sensor,14.5199995,-9.96,0.48,3
712748018947557,2024-03-21T19:39:35.262Z,ak09918c magnetic field sensor,14.46,-10.139999,0.0,3
712748038947190,2024-03-21T19:39:35.281Z,ak09918c magnetic field sensor,15.179999,-9.48,0.59999996,3
712748058947190,2024-03-21T19:39:35.302Z,ak09918c magnetic field sensor,15.48,-9.179999,0.12,3
712748078947190,2024-03-21T19:39:35.321Z,ak09918c magnetic field sensor,14.639999,-9.24,0.0,3
712748098947190,2024-03-21T19:39:35.341Z,ak09918c magnetic field sensor,14.639999,-9.48,0.0,3
712748118947256,2024-03-21T19:39:35.362Z,ak09918c magnetic field sensor,14.88,-9.96,0.06,3
712748138947256,2024-03-21T19:39:35.381Z,ak09918c magnetic field sensor,15.179999,-10.0199995,-0.35999998,3
712748158947256,2024-03-21T19:39:35.401Z,ak09918c magnetic field sensor,16.32,-10.38,-0.78,3
712748178947256,2024-03-21T19:39:35.421Z,ak09918c magnetic field sensor,16.859999,-9.599999,-0.53999996,3
712748198947256,2024-03-21T19:39:35.442Z,ak09918c magnetic field sensor,16.619999,-9.48,-1.74,3
712748218946989,2024-03-21T19:39:35.461Z,ak09918c magnetic field sensor,17.22,-10.0199995,-2.34,3
712748238946989,2024-03-21T19:39:35.482Z,ak09918c magnetic field sensor,17.279999,-9.54,-2.04,3
712748258947255,2024-03-21T19:39:35.502Z,ak09918c magnetic field sensor,17.46,-9.059999,-2.3999999,3
712748278947255,2024-03-21T19:39:35.521Z,ak09918c magnetic field sensor,17.64,-9.48,-2.04,3
712748298947255,2024-03-21T19:39:35.541Z,ak09918c magnetic field sensor,17.34,-9.599999,-2.28,3
712748318947255,2024-03-21T19:39:35.561Z,ak09918c magnetic field sensor,17.279999,-9.78,-1.9799999,3
712748338947255,2024-03-21T19:39:35.581Z,ak09918c magnetic field sensor,16.74,-10.32,-0.84,3
712748358946988,2024-03-21T19:39:35.601Z,ak09918c magnetic field sensor,15.78,-10.139999,-0.53999996,3
712748378946988,2024-03-21T19:39:35.622Z,ak09918c magnetic field sensor,16.26,-10.2,0.29999998,3
712748398946988,2024-03-21T19:39:35.642Z,ak09918c magnetic field sensor,17.52,-10.5,0.29999998,3
712748418946988,2024-03-21T19:39:35.661Z,ak09918c magnetic field sensor,17.64,-10.26,-0.78,3
712748438946988,2024-03-21T19:39:35.682Z,ak09918c magnetic field sensor,17.1,-10.38,-1.0799999,3
712748458946988,2024-03-21T19:39:35.702Z,ak09918c magnetic field sensor,16.74,-10.2,-1.62,3
712748478946988,2024-03-21T19:39:35.721Z,ak09918c magnetic field sensor,17.34,-9.42,-1.0799999,3
712748498946988,2024-03-21T19:39:35.742Z,ak09918c magnetic field sensor,17.82,-9.179999,-0.24,3
712748518946988,2024-03-21T19:39:35.761Z,ak09918c magnetic field sensor,17.1,-9.66,-0.84,3
712748538946988,2024-03-21T19:39:35.781Z,ak09918c magnetic field sensor,16.859999,-9.36,-1.68,3
712748558946988,2024-03-21T19:39:35.801Z,ak09918c magnetic field sensor,17.16,-8.76,-1.74,3
712748578946988,2024-03-21T19:39:35.822Z,ak09918c magnetic field sensor,17.46,-9.059999,-1.26,3
712748598946988,2024-03-21T19:39:35.841Z,ak09918c magnetic field sensor,18.119999,-9.78,-1.38,3
712748618947221,2024-03-21T19:39:35.861Z,ak09918c magnetic field sensor,17.88,-10.32,-0.9,3
712748638947587,2024-03-21T19:39:35.881Z,ak09918c magnetic field sensor,17.52,-10.38,-0.06,3
712748658947587,2024-03-21T19:39:35.902Z,ak09918c magnetic field sensor,17.52,-10.44,-0.24,3
712748678947587,2024-03-21T19:39:35.921Z,ak09918c magnetic field sensor,17.1,-9.78,-0.59999996,3
712748698947587,2024-03-21T19:39:35.941Z,ak09918c magnetic field sensor,16.5,-9.599999,-0.29999998,3
712748718947520,2024-03-21T19:39:35.962Z,ak09918c magnetic field sensor,16.199999,-10.26,0.29999998,3
712748738947520,2024-03-21T19:39:35.981Z,ak09918c magnetic field sensor,16.68,-10.26,-0.53999996,3
712748758947786,2024-03-21T19:39:36.001Z,ak09918c magnetic field sensor,17.1,-10.139999,-0.48,3
712748778947786,2024-03-21T19:39:36.021Z,ak09918c magnetic field sensor,16.92,-10.38,0.17999999,3
712748798947786,2024-03-21T19:39:36.042Z,ak09918c magnetic field sensor,16.74,-10.38,-0.17999999,3
712748818947786,2024-03-21T19:39:36.061Z,ak09918c magnetic field sensor,16.68,-10.8,1.02,3
712748838948019,2024-03-21T19:39:36.081Z,ak09918c magnetic field sensor,17.16,-11.4,1.68,3
712748858947752,2024-03-21T19:39:36.102Z,ak09918c magnetic field sensor,16.859999,-11.04,1.0799999,3
712748878947752,2024-03-21T19:39:36.121Z,ak09918c magnetic field sensor,16.98,-10.86,1.0799999,3
712748898947752,2024-03-21T19:39:36.142Z,ak09918c magnetic field sensor,17.279999,-10.38,1.38,3
712748918947752,2024-03-21T19:39:36.162Z,ak09918c magnetic field sensor,16.619999,-10.0199995,1.86,3
712748938947752,2024-03-21T19:39:36.181Z,ak09918c magnetic field sensor,16.5,-11.099999,2.46,3
712748958947752,2024-03-21T19:39:36.202Z,ak09918c magnetic field sensor,16.14,-11.639999,1.68,3
712748978947752,2024-03-21T19:39:36.222Z,ak09918c magnetic field sensor,15.9,-11.7,1.38,3
712748998947752,2024-03-21T19:39:36.242Z,ak09918c magnetic field sensor,15.9,-12.179999,1.26,3
712749018947752,2024-03-21T19:39:36.262Z,ak09918c magnetic field sensor,15.66,-11.82,0.96,3
712749038947752,2024-03-21T19:39:36.281Z,ak09918c magnetic field sensor,16.02,-11.099999,1.0799999,3
712749058947752,2024-03-21T19:39:36.301Z,ak09918c magnetic field sensor,16.5,-11.58,1.0799999,3
712749078947752,2024-03-21T19:39:36.322Z,ak09918c magnetic field sensor,15.96,-12.3,0.71999997,3
712749098947752,2024-03-21T19:39:36.341Z,ak09918c magnetic field sensor,15.719999,-12.599999,1.14,3
712749118948018,2024-03-21T19:39:36.361Z,ak09918c magnetic field sensor,16.08,-12.12,1.3199999,3
712749138948018,2024-03-21T19:39:36.382Z,ak09918c magnetic field sensor,15.719999,-11.88,0.42,3
712749158948018,2024-03-21T19:39:36.402Z,ak09918c magnetic field sensor,16.08,-11.58,0.65999997,3
712749178948018,2024-03-21T19:39:36.422Z,ak09918c magnetic field sensor,17.52,-10.5,0.84,3
712749198948018,2024-03-21T19:39:36.441Z,ak09918c magnetic field sensor,17.34,-10.74,0.59999996,3
712749218947784,2024-03-21T19:39:36.461Z,ak09918c magnetic field sensor,15.719999,-11.099999,0.48,3
712749238947784,2024-03-21T19:39:36.481Z,ak09918c magnetic field sensor,15.36,-10.92,-0.24,3
712749258948050,2024-03-21T19:39:36.502Z,ak09918c magnetic field sensor,16.68,-10.74,0.24,3
712749278947616,2024-03-21T19:39:36.522Z,ak09918c magnetic field sensor,17.52,-10.26,-0.12,3
712749298947616,2024-03-21T19:39:36.541Z,ak09918c magnetic field sensor,17.16,-9.54,-0.53999996,3
712749318947616,2024-03-21T19:39:36.562Z,ak09918c magnetic field sensor,16.619999,-9.24,0.24,3
712749338947616,2024-03-21T19:39:36.582Z,ak09918c magnetic field sensor,16.38,-10.2,-0.17999999,3
712749358947349,2024-03-21T19:39:36.601Z,ak09918c magnetic field sensor,16.38,-10.2,-1.38,3
712749378947349,2024-03-21T19:39:36.622Z,ak09918c magnetic field sensor,15.839999,-9.3,-1.02,3
712749398947349,2024-03-21T19:39:36.641Z,ak09918c magnetic field sensor,15.839999,-9.599999,-0.06,3
712749418947349,2024-03-21T19:39:36.662Z,ak09918c magnetic field sensor,15.9,-9.719999,-0.17999999,3
712749438947115,2024-03-21T19:39:36.682Z,ak09918c magnetic field sensor,15.78,-9.3,-0.17999999,3
712749458947115,2024-03-21T19:39:36.701Z,ak09918c magnetic field sensor,16.26,-9.0,0.24,3
712749478947115,2024-03-21T19:39:36.722Z,ak09918c magnetic field sensor,16.32,-9.12,0.59999996,3
712749498947115,2024-03-21T19:39:36.741Z,ak09918c magnetic field sensor,16.98,-9.42,-0.12,3
712749518947115,2024-03-21T19:39:36.761Z,ak09918c magnetic field sensor,17.34,-9.719999,-0.53999996,3
712749538947115,2024-03-21T19:39:36.781Z,ak09918c magnetic field sensor,16.619999,-9.66,-0.17999999,3
712749558947115,2024-03-21T19:39:36.802Z,ak09918c magnetic field sensor,16.5,-9.179999,0.0,3
712749578947115,2024-03-21T19:39:36.821Z,ak09918c magnetic field sensor,16.32,-8.4,0.24,3
712749598947115,2024-03-21T19:39:36.841Z,ak09918c magnetic field sensor,16.8,-8.639999,0.17999999,3
712749618947348,2024-03-21T19:39:36.862Z,ak09918c magnetic field sensor,16.98,-8.4,-0.29999998,3
712749638947348,2024-03-21T19:39:36.881Z,ak09918c magnetic field sensor,16.68,-8.5199995,-1.1999999,3
712749658947348,2024-03-21T19:39:36.901Z,ak09918c magnetic field sensor,16.859999,-9.54,-1.4399999,3
712749678947348,2024-03-21T19:39:36.921Z,ak09918c magnetic field sensor,17.46,-8.88,-1.38,3
712749698947348,2024-03-21T19:39:36.942Z,ak09918c magnetic field sensor,18.18,-8.94,-1.5,3
712749718947081,2024-03-21T19:39:36.962Z,ak09918c magnetic field sensor,17.94,-9.78,-0.29999998,3
712749738947081,2024-03-21T19:39:36.982Z,ak09918c magnetic field sensor,17.1,-9.24,0.29999998,3
712749758947347,2024-03-21T19:39:37.002Z,ak09918c magnetic field sensor,16.619999,-9.12,-0.06,3
712749778948047,2024-03-21T19:39:37.021Z,ak09918c magnetic field sensor,16.859999,-9.179999,-0.59999996,3
712749798947313,2024-03-21T19:39:37.041Z,ak09918c magnetic field sensor,16.859999,-9.059999,-0.9,3
712749818947013,2024-03-21T19:39:37.061Z,ak09918c magnetic field sensor,17.16,-9.36,-0.35999998,3
712749838946579,2024-03-21T19:39:37.082Z,ak09918c magnetic field sensor,16.02,-9.48,0.12,3
712749858946312,2024-03-21T19:39:37.101Z,ak09918c magnetic field sensor,15.48,-9.54,0.65999997,3
712749878946712,2024-03-21T19:39:37.121Z,ak09918c magnetic field sensor,16.98,-9.84,1.5,3
712749898946678,2024-03-21T19:39:37.142Z,ak09918c magnetic field sensor,17.22,-9.78,1.1999999,3
712749918946611,2024-03-21T19:39:37.161Z,ak09918c magnetic field sensor,16.8,-9.9,1.26,3
712749938946477,2024-03-21T19:39:37.182Z,ak09918c magnetic field sensor,16.8,-10.44,2.1599998,3
712749958946277,2024-03-21T19:39:37.201Z,ak09918c magnetic field sensor,16.92,-10.0199995,1.38,3
712749978945943,2024-03-21T19:39:37.221Z,ak09918c magnetic field sensor,17.16,-9.54,1.4399999,3
712749998945543,2024-03-21T19:39:37.241Z,ak09918c magnetic field sensor,16.859999,-9.719999,1.8,3
712750018945076,2024-03-21T19:39:37.261Z,ak09918c magnetic field sensor,16.92,-9.96,1.02,3
712750038944542,2024-03-21T19:39:37.282Z,ak09918c magnetic field sensor,17.34,-9.42,1.8,3
712750058943875,2024-03-21T19:39:37.302Z,ak09918c magnetic field sensor,16.8,-9.0,2.34,3
712750078943141,2024-03-21T19:39:37.321Z,ak09918c magnetic field sensor,15.96,-9.599999,1.74,3
712750098942341,2024-03-21T19:39:37.341Z,ak09918c magnetic field sensor,15.599999,-10.2,1.56,3
712750118941674,2024-03-21T19:39:37.362Z,ak09918c magnetic field sensor,16.02,-10.44,1.4399999,3
712750138940674,2024-03-21T19:39:37.382Z,ak09918c magnetic field sensor,16.199999,-10.38,1.56,3
712750158938907,2024-03-21T19:39:37.401Z,ak09918c magnetic field sensor,16.56,-10.08,1.4399999,3
712750178937073,2024-03-21T19:39:37.421Z,ak09918c magnetic field sensor,16.74,-9.78,1.62,3
712750198935806,2024-03-21T19:39:37.441Z,ak09918c magnetic field sensor,16.5,-9.66,1.74,3
712750218933539,2024-03-21T19:39:37.461Z,ak09918c magnetic field sensor,16.619999,-9.12,0.96,3
712750238932139,2024-03-21T19:39:37.481Z,ak09918c magnetic field sensor,17.34,-8.34,0.48,3
712750258930705,2024-03-21T19:39:37.502Z,ak09918c magnetic field sensor,17.1,-8.639999,0.9,3
712750278929138,2024-03-21T19:39:37.521Z,ak09918c magnetic field sensor,16.14,-8.4,0.65999997,3
712750298927504,2024-03-21T19:39:37.541Z,ak09918c magnetic field sensor,16.98,-8.22,0.12,3
712750318925804,2024-03-21T19:39:37.562Z,ak09918c magnetic field sensor,16.98,-8.5199995,0.17999999,3
712750338923970,2024-03-21T19:39:37.581Z,ak09918c magnetic field sensor,16.08,-7.3799996,0.17999999,3
712750358921803,2024-03-21T19:39:37.602Z,ak09918c magnetic field sensor,16.56,-6.8999996,-0.06,3
712750378919136,2024-03-21T19:39:37.621Z,ak09918c magnetic field sensor,17.039999,-7.44,-0.59999996,3
712750398917836,2024-03-21T19:39:37.642Z,ak09918c magnetic field sensor,17.16,-7.56,-1.26,3
712750418915536,2024-03-21T19:39:37.662Z,ak09918c magnetic field sensor,17.699999,-7.2,-1.0799999,3
712750438913736,2024-03-21T19:39:37.681Z,ak09918c magnetic field sensor,17.76,-7.62,0.65999997,3
712750458911436,2024-03-21T19:39:37.702Z,ak09918c magnetic field sensor,16.38,-7.98,0.9,3
712750478909036,2024-03-21T19:39:37.721Z,ak09918c magnetic field sensor,16.08,-7.68,0.65999997,3
712750498906136,2024-03-21T19:39:37.742Z,ak09918c magnetic field sensor,16.92,-8.34,1.56,3
712750518903636,2024-03-21T19:39:37.761Z,ak09918c magnetic field sensor,17.46,-8.88,1.56,3
712750538900702,2024-03-21T19:39:37.781Z,ak09918c magnetic field sensor,17.76,-8.88,1.62,3
712750558897435,2024-03-21T19:39:37.801Z,ak09918c magnetic field sensor,17.82,-8.82,1.26,3
712750578894235,2024-03-21T19:39:37.821Z,ak09918c magnetic field sensor,17.58,-8.88,1.3199999,3
712750598891735,2024-03-21T19:39:37.841Z,ak09918c magnetic field sensor,17.279999,-8.28,1.74,3
712750618889168,2024-03-21T19:39:37.861Z,ak09918c magnetic field sensor,17.4,-7.2,1.38,3
712750638886601,2024-03-21T19:39:37.882Z,ak09918c magnetic field sensor,17.279999,-6.96,1.68,3
712750658884134,2024-03-21T19:39:37.902Z,ak09918c magnetic field sensor,17.34,-7.02,1.26,3
712750678881667,2024-03-21T19:39:37.922Z,ak09918c magnetic field sensor,17.16,-6.72,1.56,3
712750698879133,2024-03-21T19:39:37.941Z,ak09918c magnetic field sensor,17.16,-6.96,2.3999999,3
712750718876399,2024-03-21T19:39:37.961Z,ak09918c magnetic field sensor,17.699999,-7.08,2.6399999,3
712750738873932,2024-03-21T19:39:37.981Z,ak09918c magnetic field sensor,17.58,-7.3799996,3.1799998,3
712750758872165,2024-03-21T19:39:38.001Z,ak09918c magnetic field sensor,17.279999,-8.04,3.6599998,3
712750778869631,2024-03-21T19:39:38.021Z,ak09918c magnetic field sensor,16.56,-7.62,4.08,3
712750798867164,2024-03-21T19:39:38.042Z,ak09918c magnetic field sensor,16.32,-7.7999997,4.3199997,3
712750818865397,2024-03-21T19:39:38.061Z,ak09918c magnetic field sensor,16.74,-8.34,3.9599998,3
712750838862863,2024-03-21T19:39:38.081Z,ak09918c magnetic field sensor,16.5,-7.9199996,3.24,3
712750858859596,2024-03-21T19:39:38.101Z,ak09918c magnetic field sensor,15.9,-7.44,3.54,3
712750878857096,2024-03-21T19:39:38.122Z,ak09918c magnetic field sensor,15.599999,-7.2,4.08,3
712750898854596,2024-03-21T19:39:38.142Z,ak09918c magnetic field sensor,15.599999,-6.96,4.02,3
712750918852029,2024-03-21T19:39:38.161Z,ak09918c magnetic field sensor,15.599999,-7.08,4.38,3
712750938849562,2024-03-21T19:39:38.182Z,ak09918c magnetic field sensor,15.96,-7.08,5.04,3
712750958847195,2024-03-21T19:39:38.202Z,ak09918c magnetic field sensor,16.32,-6.6,4.62,3
712750978844861,2024-03-21T19:39:38.222Z,ak09918c magnetic field sensor,16.859999,-6.48,4.68,3
712750998842561,2024-03-21T19:39:38.242Z,ak09918c magnetic field sensor,16.38,-6.48,5.8199997,3
712751018840827,2024-03-21T19:39:38.262Z,ak09918c magnetic field sensor,16.02,-6.48,6.18,3
712751038838660,2024-03-21T19:39:38.281Z,ak09918c magnetic field sensor,16.5,-6.24,5.04,3
712751058836426,2024-03-21T19:39:38.301Z,ak09918c magnetic field sensor,16.02,-5.58,4.38,3
712751078834259,2024-03-21T19:39:38.321Z,ak09918c magnetic field sensor,15.96,-5.94,4.98,3
712751098832525,2024-03-21T19:39:38.342Z,ak09918c magnetic field sensor,15.54,-6.06,5.4,3
712751118830291,2024-03-21T19:39:38.361Z,ak09918c magnetic field sensor,15.36,-5.46,4.62,3
712751138828491,2024-03-21T19:39:38.382Z,ak09918c magnetic field sensor,15.839999,-5.8199997,4.14,3
712751158827024,2024-03-21T19:39:38.402Z,ak09918c magnetic field sensor,15.719999,-5.2799997,4.3199997,3
712751178825557,2024-03-21T19:39:38.422Z,ak09918c magnetic field sensor,15.42,-4.56,4.62,3
712751198822623,2024-03-21T19:39:38.442Z,ak09918c magnetic field sensor,15.48,-4.98,4.74,3
712751218819756,2024-03-21T19:39:38.461Z,ak09918c magnetic field sensor,15.719999,-5.4,3.84,3
712751238817589,2024-03-21T19:39:38.481Z,ak09918c magnetic field sensor,15.839999,-5.7599998,3.78,3
712751258815389,2024-03-21T19:39:38.501Z,ak09918c magnetic field sensor,15.24,-5.22,4.5,3
712751278812422,2024-03-21T19:39:38.521Z,ak09918c magnetic field sensor,16.199999,-4.5,4.7999997,3
712751298810222,2024-03-21T19:39:38.541Z,ak09918c magnetic field sensor,17.46,-4.14,3.78,3
712751318808022,2024-03-21T19:39:38.562Z,ak09918c magnetic field sensor,16.56,-3.6599998,3.24,3
712751338805755,2024-03-21T19:39:38.581Z,ak09918c magnetic field sensor,15.66,-3.36,3.54,3
712751358802788,2024-03-21T19:39:38.601Z,ak09918c magnetic field sensor,16.38,-3.3,2.58,3
712751378801321,2024-03-21T19:39:38.621Z,ak09918c magnetic field sensor,17.4,-2.6399999,1.74,3
712751398799154,2024-03-21T19:39:38.641Z,ak09918c magnetic field sensor,17.52,-2.28,1.56,3
712751418796220,2024-03-21T19:39:38.661Z,ak09918c magnetic field sensor,16.5,-3.0,1.0799999,3
712751438794053,2024-03-21T19:39:38.682Z,ak09918c magnetic field sensor,17.16,-3.8999999,1.1999999,3
712751458791886,2024-03-21T19:39:38.701Z,ak09918c magnetic field sensor,18.42,-3.36,1.38,3
712751478789652,2024-03-21T19:39:38.722Z,ak09918c magnetic field sensor,17.34,-2.58,1.8,3
712751498787418,2024-03-21T19:39:38.742Z,ak09918c magnetic field sensor,16.38,-2.7,2.1,3
712751518785251,2024-03-21T19:39:38.761Z,ak09918c magnetic field sensor,16.859999,-2.34,1.56,3
712751538783051,2024-03-21T19:39:38.781Z,ak09918c magnetic field sensor,17.52,-2.1599998,2.1,3
712751558780684,2024-03-21T19:39:38.802Z,ak09918c magnetic field sensor,17.76,-2.82,2.1599998,3
712751578778284,2024-03-21T19:39:38.821Z,ak09918c magnetic field sensor,18.0,-2.3999999,1.0799999,3
712751598775150,2024-03-21T19:39:38.841Z,ak09918c magnetic field sensor,17.699999,-2.28,0.48,3
712751618771883,2024-03-21T19:39:38.861Z,ak09918c magnetic field sensor,17.1,-2.82,0.24,3
712751638769316,2024-03-21T19:39:38.882Z,ak09918c magnetic field sensor,17.58,-1.86,0.96,3
712751658766816,2024-03-21T19:39:38.901Z,ak09918c magnetic field sensor,18.24,-1.38,0.59999996,3
712751678764316,2024-03-21T19:39:38.922Z,ak09918c magnetic field sensor,17.64,-1.9799999,0.0,3
712751698761749,2024-03-21T19:39:38.941Z,ak09918c magnetic field sensor,17.1,-2.22,0.12,3
712751718759249,2024-03-21T19:39:38.961Z,ak09918c magnetic field sensor,17.82,-1.86,-0.24,3
712751738756749,2024-03-21T19:39:38.981Z,ak09918c magnetic field sensor,18.9,-2.1599998,0.24,3
712751758754249,2024-03-21T19:39:39.002Z,ak09918c magnetic field sensor,18.66,-3.1799998,-0.42,3
712751778751682,2024-03-21T19:39:39.022Z,ak09918c magnetic field sensor,18.9,-3.24,-1.02,3
712751798749915,2024-03-21T19:39:39.041Z,ak09918c magnetic field sensor,19.56,-2.9399998,-0.17999999,3
712751818748148,2024-03-21T19:39:39.061Z,ak09918c magnetic field sensor,19.859999,-3.0,-0.06,3
712751838745614,2024-03-21T19:39:39.081Z,ak09918c magnetic field sensor,19.859999,-3.12,-0.48,3
712751858743080,2024-03-21T19:39:39.101Z,ak09918c magnetic field sensor,19.619999,-3.54,-0.42,3
712751878741313,2024-03-21T19:39:39.122Z,ak09918c magnetic field sensor,18.779999,-4.14,-0.48,3
712751898738846,2024-03-21T19:39:39.141Z,ak09918c magnetic field sensor,18.72,-4.56,-0.65999997,3
712751918736312,2024-03-21T19:39:39.161Z,ak09918c magnetic field sensor,19.199999,-4.38,-0.59999996,3
712751938733845,2024-03-21T19:39:39.181Z,ak09918c magnetic field sensor,18.9,-4.74,-1.0799999,3
712751958732078,2024-03-21T19:39:39.202Z,ak09918c magnetic field sensor,18.72,-4.5,-1.38,3
712751978729511,2024-03-21T19:39:39.221Z,ak09918c magnetic field sensor,18.0,-5.16,-0.78,3
712751998726944,2024-03-21T19:39:39.242Z,ak09918c magnetic field sensor,17.88,-5.46,-1.26,3
712752018725144,2024-03-21T19:39:39.262Z,ak09918c magnetic field sensor,18.72,-4.62,-1.56,3
712752038722677,2024-03-21T19:39:39.282Z,ak09918c magnetic field sensor,18.539999,-4.7999997,-1.56,3
712752058720943,2024-03-21T19:39:39.302Z,ak09918c magnetic field sensor,18.3,-5.16,-1.26,3
712752078718576,2024-03-21T19:39:39.321Z,ak09918c magnetic field sensor,18.42,-5.46,-0.59999996,3
712752098716209,2024-03-21T19:39:39.341Z,ak09918c magnetic field sensor,18.119999,-5.22,-0.65999997,3
712752118713775,2024-03-21T19:39:39.362Z,ak09918c magnetic field sensor,18.18,-5.4,-0.78,3
712752138711341,2024-03-21T19:39:39.382Z,ak09918c magnetic field sensor,17.94,-6.2999997,-1.68,3
712752158708974,2024-03-21T19:39:39.401Z,ak09918c magnetic field sensor,17.699999,-6.66,-2.3999999,3
712752178706607,2024-03-21T19:39:39.422Z,ak09918c magnetic field sensor,17.699999,-5.94,-2.1599998,3
712752198704873,2024-03-21T19:39:39.441Z,ak09918c magnetic field sensor,17.34,-6.06,-1.26,3
712752218703206,2024-03-21T19:39:39.462Z,ak09918c magnetic field sensor,17.279999,-7.02,-1.92,3
712752238700839,2024-03-21T19:39:39.482Z,ak09918c magnetic field sensor,16.92,-7.08,-3.0,3
712752258731739,2024-03-21T19:39:39.501Z,ak09918c magnetic field sensor,16.56,-7.56,-2.76,3
712752278762639,2024-03-21T19:39:39.521Z,ak09918c magnetic field sensor,16.8,-8.04,-2.46,3
712752298793605,2024-03-21T19:39:39.542Z,ak09918c magnetic field sensor,16.5,-7.9199996,-1.68,3
712752318824571,2024-03-21T19:39:39.561Z,ak09918c magnetic field sensor,16.98,-7.98,-1.0799999,3
712752338855471,2024-03-21T19:39:39.581Z,ak09918c magnetic field sensor,17.279999,-8.4,-0.42,3
712752358886371,2024-03-21T19:39:39.602Z,ak09918c magnetic field sensor,16.8,-8.94,-1.0799999,3
712752378917337,2024-03-21T19:39:39.622Z,ak09918c magnetic field sensor,16.5,-8.46,-2.7,3
712752398948203,2024-03-21T19:39:39.642Z,ak09918c magnetic field sensor,16.8,-7.2599998,-2.34,3
712752418978403,2024-03-21T19:39:39.661Z,ak09918c magnetic field sensor,16.26,-7.7999997,-1.62,3
712752439009369,2024-03-21T19:39:39.683Z,ak09918c magnetic field sensor,16.08,-8.7,-1.5,3
712752459040335,2024-03-21T19:39:39.703Z,ak09918c magnetic field sensor,16.92,-8.34,-1.62,3
712752479071235,2024-03-21T19:39:39.722Z,ak09918c magnetic field sensor,16.619999,-7.98,-2.04,3
712752499101701,2024-03-21T19:39:39.743Z,ak09918c magnetic field sensor,16.619999,-8.58,-2.28,3
712752519131967,2024-03-21T19:39:39.762Z,ak09918c magnetic field sensor,16.92,-9.24,-2.04,3
712752539162933,2024-03-21T19:39:39.783Z,ak09918c magnetic field sensor,16.98,-9.96,-1.56,3
712752559193833,2024-03-21T19:39:39.803Z,ak09918c magnetic field sensor,16.14,-11.099999,-0.96,3
712752579224366,2024-03-21T19:39:39.822Z,ak09918c magnetic field sensor,16.199999,-10.74,-0.06,3
712752599255332,2024-03-21T19:39:39.842Z,ak09918c magnetic field sensor,16.68,-10.62,1.14,3
712752619286232,2024-03-21T19:39:39.863Z,ak09918c magnetic field sensor,16.5,-11.099999,1.5,3
712752639317098,2024-03-21T19:39:39.882Z,ak09918c magnetic field sensor,16.02,-10.8,1.4399999,3
712752659347931,2024-03-21T19:39:39.902Z,ak09918c magnetic field sensor,15.42,-11.16,1.3199999,3
712752679378764,2024-03-21T19:39:39.923Z,ak09918c magnetic field sensor,15.36,-11.94,0.9,3
712752699409530,2024-03-21T19:39:39.943Z,ak09918c magnetic field sensor,15.36,-12.54,1.1999999,3
712752719440363,2024-03-21T19:39:39.963Z,ak09918c magnetic field sensor,14.58,-12.24,1.9799999,3
712752739471196,2024-03-21T19:39:39.983Z,ak09918c magnetic field sensor,14.4,-11.28,2.1,3
712752759501962,2024-03-21T19:39:40.003Z,ak09918c magnetic field sensor,15.24,-11.58,1.5,3
712752779532728,2024-03-21T19:39:40.022Z,ak09918c magnetic field sensor,15.24,-11.94,1.26,3
712752799563561,2024-03-21T19:39:40.043Z,ak09918c magnetic field sensor,14.46,-11.7,1.14,3
712752819594394,2024-03-21T19:39:40.062Z,ak09918c magnetic field sensor,14.7,-11.46,0.84,3
712752839625194,2024-03-21T19:39:40.083Z,ak09918c magnetic field sensor,15.78,-10.98,0.96,3
712752859622727,2024-03-21T19:39:40.102Z,ak09918c magnetic field sensor,15.599999,-11.759999,1.1999999,3
712752879620260,2024-03-21T19:39:40.123Z,ak09918c magnetic field sensor,15.96,-11.88,1.9799999,3
712752899617726,2024-03-21T19:39:40.143Z,ak09918c magnetic field sensor,15.839999,-11.82,2.34,3
712752919615192,2024-03-21T19:39:40.162Z,ak09918c magnetic field sensor,14.94,-12.84,2.8799999,3
712752939612725,2024-03-21T19:39:40.183Z,ak09918c magnetic field sensor,15.599999,-12.66,4.3199997,3
712752959609558,2024-03-21T19:39:40.203Z,ak09918c magnetic field sensor,15.54,-12.12,4.2599998,3
712752979607024,2024-03-21T19:39:40.223Z,ak09918c magnetic field sensor,14.639999,-12.059999,2.9399998,3
712752999604557,2024-03-21T19:39:40.242Z,ak09918c magnetic field sensor,14.58,-12.3,2.3999999,3
712753019602257,2024-03-21T19:39:40.263Z,ak09918c magnetic field sensor,14.58,-11.94,2.3999999,3
712753039599757,2024-03-21T19:39:40.283Z,ak09918c magnetic field sensor,14.759999,-11.7,3.84,3
712753059597190,2024-03-21T19:39:40.303Z,ak09918c magnetic field sensor,14.099999,-12.36,4.2,3
712753079594723,2024-03-21T19:39:40.323Z,ak09918c magnetic field sensor,14.099999,-12.78,3.9599998,3
712753099592789,2024-03-21T19:39:40.343Z,ak09918c magnetic field sensor,14.759999,-13.0199995,4.8599997,3
712753119591155,2024-03-21T19:39:40.362Z,ak09918c magnetic field sensor,14.46,-13.139999,4.98,3
712753139588855,2024-03-21T19:39:40.383Z,ak09918c magnetic field sensor,13.74,-12.599999,4.44,3
712753159586688,2024-03-21T19:39:40.402Z,ak09918c magnetic field sensor,13.679999,-12.36,4.74,3
712753179584954,2024-03-21T19:39:40.423Z,ak09918c magnetic field sensor,14.639999,-13.139999,4.62,3
712753199582720,2024-03-21T19:39:40.442Z,ak09918c magnetic field sensor,14.7,-12.719999,3.36,3
712753219580553,2024-03-21T19:39:40.462Z,ak09918c magnetic field sensor,13.38,-13.139999,3.6599998,3
712753239578386,2024-03-21T19:39:40.483Z,ak09918c magnetic field sensor,13.62,-13.92,4.38,3
712753259576152,2024-03-21T19:39:40.503Z,ak09918c magnetic field sensor,14.4,-13.08,4.5,3
712753279573918,2024-03-21T19:39:40.523Z,ak09918c magnetic field sensor,13.32,-13.139999,4.2,3
712753299571751,2024-03-21T19:39:40.543Z,ak09918c magnetic field sensor,12.48,-13.5,3.24,3
712753319569584,2024-03-21T19:39:40.562Z,ak09918c magnetic field sensor,13.2,-13.74,3.4199998,3
712753339567350,2024-03-21T19:39:40.583Z,ak09918c magnetic field sensor,13.92,-13.32,4.68,3
712753359565183,2024-03-21T19:39:40.603Z,ak09918c magnetic field sensor,13.44,-13.259999,4.2599998,3
712753379563016,2024-03-21T19:39:40.623Z,ak09918c magnetic field sensor,12.42,-14.16,4.44,3
712753399560849,2024-03-21T19:39:40.643Z,ak09918c magnetic field sensor,12.48,-14.28,4.62,3
712753419558015,2024-03-21T19:39:40.663Z,ak09918c magnetic field sensor,13.08,-13.139999,4.2599998,3
712753439555815,2024-03-21T19:39:40.683Z,ak09918c magnetic field sensor,13.38,-12.66,3.48,3
712753459553615,2024-03-21T19:39:40.703Z,ak09918c magnetic field sensor,13.799999,-12.84,2.46,3
712753479551148,2024-03-21T19:39:40.722Z,ak09918c magnetic field sensor,13.98,-12.059999,1.8,3
712753499548948,2024-03-21T19:39:40.743Z,ak09918c magnetic field sensor,14.16,-11.759999,1.4399999,3
712753519546748,2024-03-21T19:39:40.763Z,ak09918c magnetic field sensor,13.86,-11.46,1.62,3
712753539544548,2024-03-21T19:39:40.782Z,ak09918c magnetic field sensor,13.799999,-11.34,1.4399999,3
712753559542314,2024-03-21T19:39:40.802Z,ak09918c magnetic field sensor,13.259999,-11.88,0.71999997,3
712753579540147,2024-03-21T19:39:40.823Z,ak09918c magnetic field sensor,12.599999,-12.0,0.12,3
712753599537980,2024-03-21T19:39:40.843Z,ak09918c magnetic field sensor,13.86,-11.759999,0.78,3
712753619536246,2024-03-21T19:39:40.863Z,ak09918c magnetic field sensor,15.299999,-11.94,1.38,3
712753639534012,2024-03-21T19:39:40.883Z,ak09918c magnetic field sensor,15.179999,-12.42,1.5,3
712753659531845,2024-03-21T19:39:40.902Z,ak09918c magnetic field sensor,14.639999,-11.5199995,2.04,3
712753679529645,2024-03-21T19:39:40.923Z,ak09918c magnetic field sensor,14.7,-11.34,1.9799999,3
712753699527278,2024-03-21T19:39:40.943Z,ak09918c magnetic field sensor,14.34,-11.7,1.56,3
712753719524878,2024-03-21T19:39:40.962Z,ak09918c magnetic field sensor,14.34,-11.28,1.8,3
712753739522444,2024-03-21T19:39:40.982Z,ak09918c magnetic field sensor,14.82,-11.04,1.5,3
712753759519877,2024-03-21T19:39:41.003Z,ak09918c magnetic field sensor,14.5199995,-10.92,1.62,3
712753779517310,2024-03-21T19:39:41.022Z,ak09918c magnetic field sensor,14.16,-10.86,1.92,3
712753799514810,2024-03-21T19:39:41.043Z,ak09918c magnetic field sensor,15.54,-11.099999,1.3199999,3
712753819512310,2024-03-21T19:39:41.062Z,ak09918c magnetic field sensor,15.719999,-10.98,1.02,3
712753839509743,2024-03-21T19:39:41.082Z,ak09918c magnetic field sensor,14.639999,-9.719999,0.48,3
712753859507243,2024-03-21T19:39:41.103Z,ak09918c magnetic field sensor,15.059999,-9.24,0.17999999,3
712753879504743,2024-03-21T19:39:41.122Z,ak09918c magnetic field sensor,15.0,-9.3,0.17999999,3
712753899502243,2024-03-21T19:39:41.142Z,ak09918c magnetic field sensor,15.059999,-9.059999,0.59999996,3
712753919499676,2024-03-21T19:39:41.162Z,ak09918c magnetic field sensor,15.54,-9.179999,1.5,3
712753939497209,2024-03-21T19:39:41.183Z,ak09918c magnetic field sensor,15.54,-8.88,1.62,3
712753959494742,2024-03-21T19:39:41.202Z,ak09918c magnetic field sensor,15.299999,-8.94,1.8,3
712753979492208,2024-03-21T19:39:41.222Z,ak09918c magnetic field sensor,15.24,-9.96,2.1,3
712753999489674,2024-03-21T19:39:41.242Z,ak09918c magnetic field sensor,15.0,-10.0199995,1.56,3
712754019487807,2024-03-21T19:39:41.263Z,ak09918c magnetic field sensor,14.82,-8.94,0.65999997,3
712754039485340,2024-03-21T19:39:41.282Z,ak09918c magnetic field sensor,14.94,-9.0,0.96,3
712754059482806,2024-03-21T19:39:41.303Z,ak09918c magnetic field sensor,15.24,-9.66,0.06,3
712754079480539,2024-03-21T19:39:41.322Z,ak09918c magnetic field sensor,15.36,-9.48,-0.96,3
712754099478072,2024-03-21T19:39:41.343Z,ak09918c magnetic field sensor,15.059999,-9.599999,0.35999998,3
712754119508872,2024-03-21T19:39:41.363Z,ak09918c magnetic field sensor,15.299999,-10.2,1.0799999,3
712754139539672,2024-03-21T19:39:41.382Z,ak09918c magnetic field sensor,14.759999,-9.84,1.0799999,3
712754159604538,2024-03-21T19:39:41.402Z,ak09918c magnetic field sensor,14.46,-9.96,1.26,3
712754179668704,2024-03-21T19:39:41.422Z,ak09918c magnetic field sensor,14.88,-10.26,1.3199999,3
712754199732937,2024-03-21T19:39:41.442Z,ak09918c magnetic field sensor,15.0,-9.3,0.24,3
712754219797237,2024-03-21T19:39:41.463Z,ak09918c magnetic field sensor,15.48,-9.059999,-0.42,3
712754239861537,2024-03-21T19:39:41.483Z,ak09918c magnetic field sensor,14.94,-9.3,-0.29999998,3
712754259925770,2024-03-21T19:39:41.502Z,ak09918c magnetic field sensor,15.0,-9.66,-0.12,3
712754279990003,2024-03-21T19:39:41.522Z,ak09918c magnetic field sensor,15.179999,-10.139999,0.96,3
712754300054303,2024-03-21T19:39:41.544Z,ak09918c magnetic field sensor,14.88,-10.559999,1.02,3
712754320118536,2024-03-21T19:39:41.564Z,ak09918c magnetic field sensor,14.82,-10.44,1.14,3
712754340182769,2024-03-21T19:39:41.584Z,ak09918c magnetic field sensor,14.88,-10.26,1.1999999,3
712754360247069,2024-03-21T19:39:41.604Z,ak09918c magnetic field sensor,14.4,-10.74,0.29999998,3
712754380311369,2024-03-21T19:39:41.624Z,ak09918c magnetic field sensor,13.799999,-10.98,0.42,3
712754400375602,2024-03-21T19:39:41.643Z,ak09918c magnetic field sensor,14.94,-10.5,0.9,3
712754420439835,2024-03-21T19:39:41.664Z,ak09918c magnetic field sensor,14.94,-10.559999,0.9,3
712754440504135,2024-03-21T19:39:41.684Z,ak09918c magnetic field sensor,14.28,-11.219999,-0.12,3
712754460568435,2024-03-21T19:39:41.704Z,ak09918c magnetic field sensor,14.34,-10.98,-0.65999997,3
712754480632668,2024-03-21T19:39:41.723Z,ak09918c magnetic field sensor,14.5199995,-10.44,0.48,3
712754500696901,2024-03-21T19:39:41.743Z,ak09918c magnetic field sensor,14.88,-10.0199995,1.0799999,3
712754520760567,2024-03-21T19:39:41.764Z,ak09918c magnetic field sensor,14.759999,-9.9,0.65999997,3
712754540824767,2024-03-21T19:39:41.783Z,ak09918c magnetic field sensor,15.0,-9.84,0.17999999,3
712754560888967,2024-03-21T19:39:41.804Z,ak09918c magnetic field sensor,14.94,-9.36,-0.24,3
712754580953267,2024-03-21T19:39:41.824Z,ak09918c magnetic field sensor,13.92,-8.82,-0.84,3
712754601017567,2024-03-21T19:39:41.844Z,ak09918c magnetic field sensor,14.04,-8.46,-0.78,3
712754621081800,2024-03-21T19:39:41.865Z,ak09918c magnetic field sensor,13.92,-8.46,-0.48,3
712754641146033,2024-03-21T19:39:41.884Z,ak09918c magnetic field sensor,14.28,-9.0,-0.71999997,3
712754661210333,2024-03-21T19:39:41.904Z,ak09918c magnetic field sensor,15.42,-8.82,-1.4399999,3
712754681274566,2024-03-21T19:39:41.924Z,ak09918c magnetic field sensor,15.0,-8.28,-1.8,3
712754701338799,2024-03-21T19:39:41.945Z,ak09918c magnetic field sensor,14.94,-9.599999,-1.0799999,3
712754721369765,2024-03-21T19:39:41.965Z,ak09918c magnetic field sensor,14.88,-10.139999,-0.12,3
712754741400731,2024-03-21T19:39:41.985Z,ak09918c magnetic field sensor,15.719999,-9.3,-0.24,3
712754761398297,2024-03-21T19:39:42.005Z,ak09918c magnetic field sensor,16.32,-9.54,-0.53999996,3
712754781395563,2024-03-21T19:39:42.024Z,ak09918c magnetic field sensor,15.36,-9.48,0.06,3
712754801393063,2024-03-21T19:39:42.044Z,ak09918c magnetic field sensor,15.179999,-9.179999,-0.06,3
712754821390563,2024-03-21T19:39:42.065Z,ak09918c magnetic field sensor,15.36,-9.0,0.35999998,3
712754841387996,2024-03-21T19:39:42.085Z,ak09918c magnetic field sensor,15.66,-9.179999,0.84,3
712754861385496,2024-03-21T19:39:42.104Z,ak09918c magnetic field sensor,15.48,-9.78,0.0,3
712754881382996,2024-03-21T19:39:42.124Z,ak09918c magnetic field sensor,15.54,-9.36,-0.48,3
712754901380429,2024-03-21T19:39:42.144Z,ak09918c magnetic field sensor,15.24,-9.42,-0.59999996,3
712754921377929,2024-03-21T19:39:42.164Z,ak09918c magnetic field sensor,15.599999,-9.179999,0.17999999,3
712754941375429,2024-03-21T19:39:42.184Z,ak09918c magnetic field sensor,16.32,-7.62,0.06,3
712754961372929,2024-03-21T19:39:42.205Z,ak09918c magnetic field sensor,15.54,-7.74,-0.71999997,3
712754981370395,2024-03-21T19:39:42.224Z,ak09918c magnetic field sensor,15.719999,-7.7999997,-0.48,3
712755001367928,2024-03-21T19:39:42.244Z,ak09918c magnetic field sensor,15.78,-7.8599997,-0.17999999,3
712755021365461,2024-03-21T19:39:42.264Z,ak09918c magnetic field sensor,15.96,-8.76,0.29999998,3
712755041362927,2024-03-21T19:39:42.285Z,ak09918c magnetic field sensor,16.5,-8.46,0.29999998,3
712755061360393,2024-03-21T19:39:42.305Z,ak09918c magnetic field sensor,16.68,-8.099999,0.42,3
712755081357926,2024-03-21T19:39:42.324Z,ak09918c magnetic field sensor,16.38,-7.8599997,0.96,3
712755101355459,2024-03-21T19:39:42.344Z,ak09918c magnetic field sensor,15.78,-8.82,-0.12,3
712755121353559,2024-03-21T19:39:42.364Z,ak09918c magnetic field sensor,15.36,-9.24,-1.02,3
712755141351092,2024-03-21T19:39:42.385Z,ak09918c magnetic field sensor,15.42,-8.4,-0.48,3
712755161348625,2024-03-21T19:39:42.404Z,ak09918c magnetic field sensor,15.96,-8.7,-0.24,3
712755181346058,2024-03-21T19:39:42.425Z,ak09918c magnetic field sensor,15.839999,-8.58,0.12,3
712755201343491,2024-03-21T19:39:42.444Z,ak09918c magnetic field sensor,15.24,-8.16,-0.24,3
712755221374357,2024-03-21T19:39:42.465Z,ak09918c magnetic field sensor,14.82,-8.58,-1.14,3
712755241405323,2024-03-21T19:39:42.484Z,ak09918c magnetic field sensor,15.48,-8.22,-1.02,3
712755261436323,2024-03-21T19:39:42.505Z,ak09918c magnetic field sensor,15.96,-8.04,0.42,3
712755281467423,2024-03-21T19:39:42.525Z,ak09918c magnetic field sensor,15.059999,-9.179999,1.0799999,3
712755301498589,2024-03-21T19:39:42.544Z,ak09918c magnetic field sensor,15.12,-9.24,0.12,3
712755321529689,2024-03-21T19:39:42.565Z,ak09918c magnetic field sensor,15.299999,-8.46,-0.59999996,3
712755341560789,2024-03-21T19:39:42.584Z,ak09918c magnetic field sensor,14.88,-8.639999,-0.24,3
712755361591955,2024-03-21T19:39:42.604Z,ak09918c magnetic field sensor,14.94,-8.58,0.24,3
712755381623421,2024-03-21T19:39:42.624Z,ak09918c magnetic field sensor,15.179999,-8.099999,0.59999996,3
712755401654521,2024-03-21T19:39:42.645Z,ak09918c magnetic field sensor,15.66,-8.16,0.9,3
712755421684921,2024-03-21T19:39:42.665Z,ak09918c magnetic field sensor,15.12,-9.3,0.59999996,3
712755441715387,2024-03-21T19:39:42.684Z,ak09918c magnetic field sensor,14.4,-10.2,0.71999997,3
712755461746487,2024-03-21T19:39:42.705Z,ak09918c magnetic field sensor,14.219999,-9.78,0.96,3
712755481777587,2024-03-21T19:39:42.724Z,ak09918c magnetic field sensor,14.639999,-9.78,0.24,3
712755501808753,2024-03-21T19:39:42.745Z,ak09918c magnetic field sensor,14.82,-10.44,0.48,3
712755521839219,2024-03-21T19:39:42.764Z,ak09918c magnetic field sensor,14.58,-10.32,1.02,3
712755541870319,2024-03-21T19:39:42.784Z,ak09918c magnetic field sensor,14.639999,-10.0199995,0.42,3
712755561901419,2024-03-21T19:39:42.805Z,ak09918c magnetic field sensor,15.059999,-9.96,-0.12,3
712755581932552,2024-03-21T19:39:42.825Z,ak09918c magnetic field sensor,15.719999,-10.0199995,-0.35999998,3
712755601963685,2024-03-21T19:39:42.845Z,ak09918c magnetic field sensor,14.94,-9.96,-0.53999996,3
712755621994751,2024-03-21T19:39:42.864Z,ak09918c magnetic field sensor,14.5199995,-9.66,-0.9,3
712755642025884,2024-03-21T19:39:42.886Z,ak09918c magnetic field sensor,15.0,-8.94,-1.02,3
712755662057017,2024-03-21T19:39:42.906Z,ak09918c magnetic field sensor,14.82,-8.58,0.29999998,3
712755682088083,2024-03-21T19:39:42.925Z,ak09918c magnetic field sensor,14.7,-8.5199995,0.24,3
712755702119183,2024-03-21T19:39:42.945Z,ak09918c magnetic field sensor,14.46,-9.3,-0.65999997,3
712755722150349,2024-03-21T19:39:42.966Z,ak09918c magnetic field sensor,14.34,-9.9,-0.78,3
712755742181515,2024-03-21T19:39:42.986Z,ak09918c magnetic field sensor,14.759999,-9.42,-0.84,3
712755762704430,2024-03-21T19:39:43.005Z,ak09918c magnetic field sensor,14.88,-9.3,0.24,3
712755782735596,2024-03-21T19:39:43.025Z,ak09918c magnetic field sensor,15.179999,-9.24,0.35999998,3
712755802766762,2024-03-21T19:39:43.045Z,ak09918c magnetic field sensor,15.48,-9.48,0.17999999,3
712755822764495,2024-03-21T19:39:43.065Z,ak09918c magnetic field sensor,15.78,-10.0199995,0.9,3
712755842762128,2024-03-21T19:39:43.086Z,ak09918c magnetic field sensor,15.78,-10.5,0.65999997,3
712755862759728,2024-03-21T19:39:43.106Z,ak09918c magnetic field sensor,15.299999,-10.2,0.59999996,3
712755882757294,2024-03-21T19:39:43.125Z,ak09918c magnetic field sensor,15.12,-10.139999,1.26,3
712755902754727,2024-03-21T19:39:43.145Z,ak09918c magnetic field sensor,15.48,-9.66,1.14,3
712755922752227,2024-03-21T19:39:43.166Z,ak09918c magnetic field sensor,15.78,-9.42,0.35999998,3
712755942749727,2024-03-21T19:39:43.186Z,ak09918c magnetic field sensor,15.24,-9.719999,-0.12,3
712755962747160,2024-03-21T19:39:43.206Z,ak09918c magnetic field sensor,14.88,-9.78,-0.06,3
712755982744593,2024-03-21T19:39:43.226Z,ak09918c magnetic field sensor,15.36,-9.66,0.17999999,3
712756002742093,2024-03-21T19:39:43.245Z,ak09918c magnetic field sensor,15.48,-9.66,0.48,3
712756022740293,2024-03-21T19:39:43.265Z,ak09918c magnetic field sensor,15.36,-9.42,0.48,3
712756042738426,2024-03-21T19:39:43.285Z,ak09918c magnetic field sensor,15.66,-8.7,-0.59999996,3
712756062735926,2024-03-21T19:39:43.306Z,ak09918c magnetic field sensor,15.48,-9.0,-0.65999997,3
712756082733426,2024-03-21T19:39:43.325Z,ak09918c magnetic field sensor,15.839999,-8.76,1.0799999,3
712756102730926,2024-03-21T19:39:43.345Z,ak09918c magnetic field sensor,16.14,-8.58,1.8,3
712756122729092,2024-03-21T19:39:43.365Z,ak09918c magnetic field sensor,16.199999,-9.12,1.02,3
712756142726625,2024-03-21T19:39:43.385Z,ak09918c magnetic field sensor,15.9,-9.059999,1.14,3
712756162724158,2024-03-21T19:39:43.405Z,ak09918c magnetic field sensor,15.66,-9.36,1.26,3
712756182721624,2024-03-21T19:39:43.425Z,ak09918c magnetic field sensor,15.599999,-9.3,1.56,3
712756202719090,2024-03-21T19:39:43.445Z,ak09918c magnetic field sensor,15.48,-8.28,1.56,3
712756222716623,2024-03-21T19:39:43.466Z,ak09918c magnetic field sensor,15.54,-8.82,0.17999999,3
712756242714156,2024-03-21T19:39:43.485Z,ak09918c magnetic field sensor,15.36,-9.78,-0.42,3
712756262711622,2024-03-21T19:39:43.506Z,ak09918c magnetic field sensor,15.36,-9.599999,1.26,3
712756282709155,2024-03-21T19:39:43.525Z,ak09918c magnetic field sensor,15.0,-9.24,1.8,3
712756302706655,2024-03-21T19:39:43.546Z,ak09918c magnetic field sensor,14.94,-8.7,1.56,3
712756322704155,2024-03-21T19:39:43.566Z,ak09918c magnetic field sensor,15.48,-9.24,1.9799999,3
712756342701721,2024-03-21T19:39:43.585Z,ak09918c magnetic field sensor,16.08,-9.179999,1.8,3
712756362699354,2024-03-21T19:39:43.605Z,ak09918c magnetic field sensor,15.78,-9.3,1.26,3
712756382696987,2024-03-21T19:39:43.626Z,ak09918c magnetic field sensor,15.24,-9.96,0.65999997,3
712756402694553,2024-03-21T19:39:43.646Z,ak09918c magnetic field sensor,15.24,-9.0,0.78,3
712756422691486,2024-03-21T19:39:43.666Z,ak09918c magnetic field sensor,15.9,-8.5199995,1.1999999,3
712756442689119,2024-03-21T19:39:43.686Z,ak09918c magnetic field sensor,16.32,-9.059999,1.14,3
712756462686685,2024-03-21T19:39:43.705Z,ak09918c magnetic field sensor,15.719999,-9.3,0.84,3
712756482684251,2024-03-21T19:39:43.725Z,ak09918c magnetic field sensor,15.12,-9.54,1.14,3
712756502681184,2024-03-21T19:39:43.745Z,ak09918c magnetic field sensor,14.34,-10.2,1.4399999,3
712756522678817,2024-03-21T19:39:43.766Z,ak09918c magnetic field sensor,14.16,-10.92,0.71999997,3
712756542676383,2024-03-21T19:39:43.786Z,ak09918c magnetic field sensor,14.28,-10.38,1.4399999,3
712756562674016,2024-03-21T19:39:43.806Z,ak09918c magnetic field sensor,14.099999,-9.84,2.28,3
712756582671649,2024-03-21T19:39:43.826Z,ak09918c magnetic field sensor,14.46,-10.2,1.8,3
712756602669282,2024-03-21T19:39:43.846Z,ak09918c magnetic field sensor,14.639999,-10.32,2.1599998,3
712756622666848,2024-03-21T19:39:43.865Z,ak09918c magnetic field sensor,14.34,-10.559999,1.74,3
712756642664481,2024-03-21T19:39:43.886Z,ak09918c magnetic field sensor,14.04,-10.62,0.65999997,3
712756662662114,2024-03-21T19:39:43.906Z,ak09918c magnetic field sensor,14.219999,-9.78,-0.42,3
712756682659680,2024-03-21T19:39:43.925Z,ak09918c magnetic field sensor,14.639999,-9.0,-0.59999996,3
712756702657246,2024-03-21T19:39:43.946Z,ak09918c magnetic field sensor,14.88,-9.179999,-0.84,3
712756722654846,2024-03-21T19:39:43.965Z,ak09918c magnetic field sensor,14.82,-9.36,-0.96,3
712756742652479,2024-03-21T19:39:43.985Z,ak09918c magnetic field sensor,14.58,-9.42,-0.12,3
712756762650045,2024-03-21T19:39:44.006Z,ak09918c magnetic field sensor,15.24,-9.0,-0.12,3
712756782647678,2024-03-21T19:39:44.026Z,ak09918c magnetic field sensor,15.36,-9.059999,-0.29999998,3
712756802645311,2024-03-21T19:39:44.046Z,ak09918c magnetic field sensor,15.059999,-9.66,0.17999999,3
712756822642877,2024-03-21T19:39:44.066Z,ak09918c magnetic field sensor,15.78,-9.54,0.48,3
712756842640443,2024-03-21T19:39:44.086Z,ak09918c magnetic field sensor,15.66,-9.78,0.78,3
712756862638076,2024-03-21T19:39:44.106Z,ak09918c magnetic field sensor,15.0,-10.32,0.9,3
712756882635709,2024-03-21T19:39:44.125Z,ak09918c magnetic field sensor,14.759999,-10.62,1.0799999,3
712756902633275,2024-03-21T19:39:44.146Z,ak09918c magnetic field sensor,14.34,-11.04,1.5,3
712756922630841,2024-03-21T19:39:44.165Z,ak09918c magnetic field sensor,14.7,-11.04,1.5,3
712756942628341,2024-03-21T19:39:44.186Z,ak09918c magnetic field sensor,14.34,-10.559999,1.74,3
712756962625774,2024-03-21T19:39:44.206Z,ak09918c magnetic field sensor,13.98,-10.679999,0.71999997,3
712756982623207,2024-03-21T19:39:44.226Z,ak09918c magnetic field sensor,13.86,-10.62,0.0,3
712757002620707,2024-03-21T19:39:44.246Z,ak09918c magnetic field sensor,14.219999,-9.719999,0.48,3
712757022618907,2024-03-21T19:39:44.265Z,ak09918c magnetic field sensor,14.94,-9.179999,0.29999998,3
712757042616340,2024-03-21T19:39:44.286Z,ak09918c magnetic field sensor,14.099999,-9.12,0.78,3
712757062613840,2024-03-21T19:39:44.306Z,ak09918c magnetic field sensor,14.4,-9.78,0.9,3
712757082611340,2024-03-21T19:39:44.325Z,ak09918c magnetic field sensor,15.42,-10.0199995,1.02,3
712757102609540,2024-03-21T19:39:44.346Z,ak09918c magnetic field sensor,15.719999,-9.66,1.5,3
712757122606973,2024-03-21T19:39:44.366Z,ak09918c magnetic field sensor,16.08,-9.9,1.38,3
712757142604506,2024-03-21T19:39:44.386Z,ak09918c magnetic field sensor,15.42,-9.9,0.9,3
712757162602039,2024-03-21T19:39:44.405Z,ak09918c magnetic field sensor,15.299999,-9.42,1.5,3
712757182599505,2024-03-21T19:39:44.425Z,ak09918c magnetic field sensor,15.36,-9.96,1.74,3
712757202596971,2024-03-21T19:39:44.446Z,ak09918c magnetic field sensor,14.759999,-10.74,1.1999999,3
712757222594504,2024-03-21T19:39:44.466Z,ak09918c magnetic field sensor,14.16,-10.32,1.3199999,3
712757242592037,2024-03-21T19:39:44.485Z,ak09918c magnetic field sensor,14.58,-10.08,1.0799999,3
712757262589503,2024-03-21T19:39:44.505Z,ak09918c magnetic field sensor,14.94,-9.78,-0.24,3
712757282587036,2024-03-21T19:39:44.525Z,ak09918c magnetic field sensor,14.94,-10.26,-0.24,3
712757302584569,2024-03-21T19:39:44.545Z,ak09918c magnetic field sensor,15.0,-10.26,1.3199999,3
712757322582035,2024-03-21T19:39:44.566Z,ak09918c magnetic field sensor,14.639999,-9.42,1.02,3
712757342579468,2024-03-21T19:39:44.585Z,ak09918c magnetic field sensor,15.12,-9.48,0.65999997,3
712757362577001,2024-03-21T19:39:44.605Z,ak09918c magnetic field sensor,15.299999,-10.2,1.3199999,3
712757382574634,2024-03-21T19:39:44.626Z,ak09918c magnetic field sensor,14.639999,-10.44,1.56,3
712757402572300,2024-03-21T19:39:44.646Z,ak09918c magnetic field sensor,14.5199995,-10.679999,1.38,3
712757422569366,2024-03-21T19:39:44.666Z,ak09918c magnetic field sensor,14.82,-10.44,1.02,3
712757442566232,2024-03-21T19:39:44.685Z,ak09918c magnetic field sensor,15.059999,-10.139999,0.12,3
712757462564032,2024-03-21T19:39:44.705Z,ak09918c magnetic field sensor,15.24,-10.26,0.71999997,3
712757482561832,2024-03-21T19:39:44.726Z,ak09918c magnetic field sensor,14.639999,-10.26,1.02,3
712757502559698,2024-03-21T19:39:44.745Z,ak09918c magnetic field sensor,14.219999,-9.54,0.9,3
712757522557898,2024-03-21T19:39:44.766Z,ak09918c magnetic field sensor,13.98,-9.84,1.86,3
712757542555698,2024-03-21T19:39:44.786Z,ak09918c magnetic field sensor,14.5199995,-11.639999,1.74,3
712757562553564,2024-03-21T19:39:44.806Z,ak09918c magnetic field sensor,15.12,-11.58,1.02,3
712757582551430,2024-03-21T19:39:44.826Z,ak09918c magnetic field sensor,15.059999,-10.92,0.84,3
712757602549296,2024-03-21T19:39:44.845Z,ak09918c magnetic field sensor,14.28,-10.8,1.38,3
712757622547096,2024-03-21T19:39:44.865Z,ak09918c magnetic field sensor,14.88,-10.5,1.02,3
712757642544962,2024-03-21T19:39:44.885Z,ak09918c magnetic field sensor,15.179999,-10.74,0.17999999,3
712757662542828,2024-03-21T19:39:44.906Z,ak09918c magnetic field sensor,15.179999,-9.96,0.42,3
712757682540628,2024-03-21T19:39:44.925Z,ak09918c magnetic field sensor,15.179999,-9.179999,1.0799999,3
712757702538428,2024-03-21T19:39:44.945Z,ak09918c magnetic field sensor,14.04,-9.12,0.65999997,3
712757722536294,2024-03-21T19:39:44.965Z,ak09918c magnetic field sensor,14.4,-8.76,0.35999998,3
712757742534127,2024-03-21T19:39:44.986Z,ak09918c magnetic field sensor,14.94,-8.88,0.24,3
712757762531893,2024-03-21T19:39:45.005Z,ak09918c magnetic field sensor,15.179999,-9.059999,-0.17999999,3
712757782529726,2024-03-21T19:39:45.026Z,ak09918c magnetic field sensor,15.12,-9.179999,-0.65999997,3
712757802527092,2024-03-21T19:39:45.045Z,ak09918c magnetic field sensor,15.12,-8.639999,-1.14,3
712757822524392,2024-03-21T19:39:45.066Z,ak09918c magnetic field sensor,15.48,-7.9199996,-0.84,3
712757842520458,2024-03-21T19:39:45.085Z,ak09918c magnetic field sensor,15.719999,-8.46,-0.65999997,3
712757862516658,2024-03-21T19:39:45.106Z,ak09918c magnetic field sensor,15.839999,-8.76,-0.17999999,3
712757882512924,2024-03-21T19:39:45.126Z,ak09918c magnetic field sensor,15.96,-8.46,0.65999997,3
712757902509257,2024-03-21T19:39:45.146Z,ak09918c magnetic field sensor,15.66,-8.34,-0.29999998,3
712757922505723,2024-03-21T19:39:45.165Z,ak09918c magnetic field sensor,14.82,-8.58,-1.02,3
712757942502256,2024-03-21T19:39:45.185Z,ak09918c magnetic field sensor,14.639999,-9.48,-0.42,3
712757962498822,2024-03-21T19:39:45.206Z,ak09918c magnetic field sensor,15.54,-9.719999,0.42,3
712757982495355,2024-03-21T19:39:45.225Z,ak09918c magnetic field sensor,15.12,-9.179999,0.71999997,3
712758002491921,2024-03-21T19:39:45.245Z,ak09918c magnetic field sensor,15.0,-9.179999,0.12,3
712758022489221,2024-03-21T19:39:45.265Z,ak09918c magnetic field sensor,16.02,-9.719999,-0.53999996,3
712758042486787,2024-03-21T19:39:45.285Z,ak09918c magnetic field sensor,15.719999,-9.059999,-0.42,3
712758062483487,2024-03-21T19:39:45.306Z,ak09918c magnetic field sensor,15.78,-8.34,0.0,3
712758082480253,2024-03-21T19:39:45.325Z,ak09918c magnetic field sensor,15.78,-8.4,0.06,3
712758102477086,2024-03-21T19:39:45.345Z,ak09918c magnetic field sensor,15.54,-8.639999,0.12,3
712758122473652,2024-03-21T19:39:45.365Z,ak09918c magnetic field sensor,15.36,-9.12,-0.17999999,3
712758142470685,2024-03-21T19:39:45.386Z,ak09918c magnetic field sensor,15.42,-8.7,0.29999998,3
712758162467785,2024-03-21T19:39:45.405Z,ak09918c magnetic field sensor,15.9,-8.7,1.38,3
712758182465218,2024-03-21T19:39:45.425Z,ak09918c magnetic field sensor,16.08,-9.12,1.8,3
712758202462451,2024-03-21T19:39:45.446Z,ak09918c magnetic field sensor,15.36,-8.7,1.5,3
712758222459817,2024-03-21T19:39:45.466Z,ak09918c magnetic field sensor,15.96,-8.7,1.68,3
712758242457250,2024-03-21T19:39:45.485Z,ak09918c magnetic field sensor,16.38,-9.059999,1.62,3
712758262454750,2024-03-21T19:39:45.505Z,ak09918c magnetic field sensor,15.48,-9.24,0.78,3
712758282452383,2024-03-21T19:39:45.526Z,ak09918c magnetic field sensor,15.24,-9.66,0.9,3
712758302450083,2024-03-21T19:39:45.545Z,ak09918c magnetic field sensor,15.719999,-9.42,1.4399999,3
712758322448116,2024-03-21T19:39:45.566Z,ak09918c magnetic field sensor,16.199999,-8.94,1.1999999,3
712758342445949,2024-03-21T19:39:45.586Z,ak09918c magnetic field sensor,15.96,-8.88,0.53999996,3
712758362443915,2024-03-21T19:39:45.605Z,ak09918c magnetic field sensor,15.719999,-9.179999,1.14,3
712758382441948,2024-03-21T19:39:45.626Z,ak09918c magnetic field sensor,15.36,-8.94,1.68,3
712758402440514,2024-03-21T19:39:45.646Z,ak09918c magnetic field sensor,15.36,-8.46,0.59999996,3
712758422439214,2024-03-21T19:39:45.666Z,ak09918c magnetic field sensor,15.42,-9.24,0.84,3
712758442439214,2024-03-21T19:39:45.686Z,ak09918c magnetic field sensor,15.78,-9.54,0.71999997,3
712758462439214,2024-03-21T19:39:45.705Z,ak09918c magnetic field sensor,16.26,-9.48,0.35999998,3
712758482439214,2024-03-21T19:39:45.725Z,ak09918c magnetic field sensor,16.08,-9.48,1.02,3
712758502439214,2024-03-21T19:39:45.745Z,ak09918c magnetic field sensor,15.299999,-9.42,0.59999996,3
712758522439214,2024-03-21T19:39:45.765Z,ak09918c magnetic field sensor,14.58,-9.059999,0.17999999,3
712758542439214,2024-03-21T19:39:45.785Z,ak09918c magnetic field sensor,15.719999,-8.58,0.53999996,3
712758562439214,2024-03-21T19:39:45.805Z,ak09918c magnetic field sensor,15.96,-9.54,1.0799999,3
712758582439214,2024-03-21T19:39:45.826Z,ak09918c magnetic field sensor,14.5199995,-10.139999,0.53999996,3
712758602439214,2024-03-21T19:39:45.845Z,ak09918c magnetic field sensor,14.7,-9.66,-0.24,3
712758622439214,2024-03-21T19:39:45.866Z,ak09918c magnetic field sensor,15.179999,-9.84,-0.42,3
712758642439214,2024-03-21T19:39:45.886Z,ak09918c magnetic field sensor,14.94,-10.08,0.78,3
712758662439214,2024-03-21T19:39:45.905Z,ak09918c magnetic field sensor,14.58,-10.559999,1.38,3
712758682439214,2024-03-21T19:39:45.925Z,ak09918c magnetic field sensor,14.82,-11.04,0.35999998,3
712758702439214,2024-03-21T19:39:45.946Z,ak09918c magnetic field sensor,15.0,-9.599999,-0.65999997,3
712758722439214,2024-03-21T19:39:45.966Z,ak09918c magnetic field sensor,14.88,-9.059999,-1.3199999,3
712758742439214,2024-03-21T19:39:45.985Z,ak09918c magnetic field sensor,14.82,-9.3,-1.68,3
712758762439214,2024-03-21T19:39:46.006Z,ak09918c magnetic field sensor,14.759999,-8.76,-1.86,3
712758782438947,2024-03-21T19:39:46.026Z,ak09918c magnetic field sensor,14.5199995,-8.46,-1.38,3
712758802438947,2024-03-21T19:39:46.045Z,ak09918c magnetic field sensor,14.5199995,-8.16,-1.1999999,3
712758822439213,2024-03-21T19:39:46.066Z,ak09918c magnetic field sensor,14.639999,-8.34,-1.4399999,3
712758842439213,2024-03-21T19:39:46.085Z,ak09918c magnetic field sensor,14.759999,-8.76,-1.86,3
712758862439213,2024-03-21T19:39:46.105Z,ak09918c magnetic field sensor,14.759999,-9.179999,-2.52,3
712758882439213,2024-03-21T19:39:46.125Z,ak09918c magnetic field sensor,14.639999,-9.36,-2.3999999,3
712758902439213,2024-03-21T19:39:46.146Z,ak09918c magnetic field sensor,14.639999,-8.7,-2.34,3
712758922438946,2024-03-21T19:39:46.166Z,ak09918c magnetic field sensor,15.12,-8.46,-2.22,3
712758942438946,2024-03-21T19:39:46.185Z,ak09918c magnetic field sensor,15.719999,-9.36,-1.9799999,3
712758962438946,2024-03-21T19:39:46.205Z,ak09918c magnetic field sensor,15.48,-9.96,-2.1,3
712758982438946,2024-03-21T19:39:46.225Z,ak09918c magnetic field sensor,15.179999,-9.84,-2.1,3
712759002438946,2024-03-21T19:39:46.246Z,ak09918c magnetic field sensor,15.599999,-9.719999,-1.9799999,3
712759022438946,2024-03-21T19:39:46.265Z,ak09918c magnetic field sensor,15.54,-9.42,-1.68,3
712759042438946,2024-03-21T19:39:46.286Z,ak09918c magnetic field sensor,15.719999,-9.12,-1.38,3
712759062438946,2024-03-21T19:39:46.306Z,ak09918c magnetic field sensor,16.14,-9.66,-1.4399999,3
712759082438946,2024-03-21T19:39:46.325Z,ak09918c magnetic field sensor,15.78,-9.24,-1.74,3
712759102438946,2024-03-21T19:39:46.346Z,ak09918c magnetic field sensor,15.599999,-8.7,-0.9,3
712759122438946,2024-03-21T19:39:46.365Z,ak09918c magnetic field sensor,15.299999,-9.24,-0.84,3
712759142438946,2024-03-21T19:39:46.385Z,ak09918c magnetic field sensor,15.24,-9.66,-1.14,3
712759162438946,2024-03-21T19:39:46.406Z,ak09918c magnetic field sensor,15.719999,-9.719999,-0.65999997,3
712759182438946,2024-03-21T19:39:46.426Z,ak09918c magnetic field sensor,16.5,-8.82,-0.42,3
712759202438946,2024-03-21T19:39:46.446Z,ak09918c magnetic field sensor,16.56,-8.46,0.06,3
712759222438946,2024-03-21T19:39:46.466Z,ak09918c magnetic field sensor,16.38,-9.48,0.59999996,3
712759242438946,2024-03-21T19:39:46.486Z,ak09918c magnetic field sensor,16.38,-10.139999,0.78,3
712759262438946,2024-03-21T19:39:46.505Z,ak09918c magnetic field sensor,15.96,-9.96,0.59999996,3
712759282438946,2024-03-21T19:39:46.525Z,ak09918c magnetic field sensor,15.78,-10.26,0.29999998,3
712759302438946,2024-03-21T19:39:46.545Z,ak09918c magnetic field sensor,15.299999,-9.9,-0.29999998,3
712759322439246,2024-03-21T19:39:46.566Z,ak09918c magnetic field sensor,16.08,-8.88,0.06,3
712759342439246,2024-03-21T19:39:46.585Z,ak09918c magnetic field sensor,17.16,-9.42,0.9,3
712759362439246,2024-03-21T19:39:46.606Z,ak09918c magnetic field sensor,16.5,-10.2,1.1999999,3
712759382439246,2024-03-21T19:39:46.626Z,ak09918c magnetic field sensor,15.179999,-9.66,1.5,3
712759402439246,2024-03-21T19:39:46.645Z,ak09918c magnetic field sensor,15.299999,-9.9,1.4399999,3
712759422438979,2024-03-21T19:39:46.666Z,ak09918c magnetic field sensor,16.199999,-10.44,0.48,3
712759442438979,2024-03-21T19:39:46.685Z,ak09918c magnetic field sensor,16.5,-9.84,0.0,3
712759462438979,2024-03-21T19:39:46.705Z,ak09918c magnetic field sensor,16.26,-10.08,0.42,3
712759482438979,2024-03-21T19:39:46.725Z,ak09918c magnetic field sensor,16.56,-10.8,0.48,3
712759502438979,2024-03-21T19:39:46.745Z,ak09918c magnetic field sensor,16.619999,-10.62,0.53999996,3
712759522438979,2024-03-21T19:39:46.765Z,ak09918c magnetic field sensor,15.96,-9.84,0.78,3
712759542438979,2024-03-21T19:39:46.786Z,ak09918c magnetic field sensor,16.02,-9.36,0.06,3
712759562438979,2024-03-21T19:39:46.805Z,ak09918c magnetic field sensor,15.42,-10.139999,-0.24,3
712759582438979,2024-03-21T19:39:46.826Z,ak09918c magnetic field sensor,14.88,-10.74,0.48,3
712759602438979,2024-03-21T19:39:46.846Z,ak09918c magnetic field sensor,14.94,-10.62,0.06,3
712759622438979,2024-03-21T19:39:46.865Z,ak09918c magnetic field sensor,14.88,-11.04,0.0,3
712759642438979,2024-03-21T19:39:46.885Z,ak09918c magnetic field sensor,15.78,-10.92,0.53999996,3
712759662438979,2024-03-21T19:39:46.905Z,ak09918c magnetic field sensor,15.54,-10.8,0.17999999,3
712759682438979,2024-03-21T19:39:46.925Z,ak09918c magnetic field sensor,14.28,-11.34,0.06,3
712759702438979,2024-03-21T19:39:46.945Z,ak09918c magnetic field sensor,14.5199995,-11.4,0.59999996,3
712759722438979,2024-03-21T19:39:46.966Z,ak09918c magnetic field sensor,15.059999,-10.98,0.0,3
712759742438979,2024-03-21T19:39:46.985Z,ak09918c magnetic field sensor,15.24,-11.16,-0.59999996,3
712759762438979,2024-03-21T19:39:47.005Z,ak09918c magnetic field sensor,15.12,-11.04,-0.84,3
712759782438979,2024-03-21T19:39:47.026Z,ak09918c magnetic field sensor,15.24,-10.26,-1.14,3
712759802438979,2024-03-21T19:39:47.045Z,ak09918c magnetic field sensor,14.94,-10.44,-0.42,3
712759822439245,2024-03-21T19:39:47.066Z,ak09918c magnetic field sensor,14.759999,-10.8,-0.53999996,3
712759842439245,2024-03-21T19:39:47.085Z,ak09918c magnetic field sensor,14.94,-10.559999,-1.8,3
712759862439245,2024-03-21T19:39:47.106Z,ak09918c magnetic field sensor,14.46,-10.2,-2.04,3
712759882439245,2024-03-21T19:39:47.126Z,ak09918c magnetic field sensor,13.98,-10.679999,-1.74,3
712759902439245,2024-03-21T19:39:47.145Z,ak09918c magnetic field sensor,14.58,-10.5,-1.4399999,3
712759922438945,2024-03-21T19:39:47.165Z,ak09918c magnetic field sensor,15.42,-10.44,-0.29999998,3
712759942438945,2024-03-21T19:39:47.186Z,ak09918c magnetic field sensor,15.0,-10.5,-0.53999996,3
712759962438945,2024-03-21T19:39:47.205Z,ak09918c magnetic field sensor,14.58,-10.74,-1.1999999,3
712759982438945,2024-03-21T19:39:47.226Z,ak09918c magnetic field sensor,13.86,-11.4,-0.78,3
712760002438945,2024-03-21T19:39:47.246Z,ak09918c magnetic field sensor,13.62,-11.639999,-0.78,3
712760022438945,2024-03-21T19:39:47.266Z,ak09918c magnetic field sensor,14.34,-11.759999,-0.12,3
712760042439178,2024-03-21T19:39:47.286Z,ak09918c magnetic field sensor,14.4,-11.34,0.42,3
712760062439178,2024-03-21T19:39:47.306Z,ak09918c magnetic field sensor,14.16,-11.04,0.24,3
712760082439178,2024-03-21T19:39:47.325Z,ak09918c magnetic field sensor,14.34,-10.74,0.78,3
712760102439178,2024-03-21T19:39:47.346Z,ak09918c magnetic field sensor,14.16,-10.38,0.78,3
712760122439178,2024-03-21T19:39:47.365Z,ak09918c magnetic field sensor,13.86,-10.559999,0.53999996,3
712760142439178,2024-03-21T19:39:47.386Z,ak09918c magnetic field sensor,13.98,-11.16,-0.06,3
712760162439178,2024-03-21T19:39:47.406Z,ak09918c magnetic field sensor,14.34,-12.0,0.0,3
712760182439178,2024-03-21T19:39:47.426Z,ak09918c magnetic field sensor,14.759999,-11.759999,0.29999998,3
712760202439178,2024-03-21T19:39:47.446Z,ak09918c magnetic field sensor,15.059999,-10.92,0.0,3
712760222439178,2024-03-21T19:39:47.465Z,ak09918c magnetic field sensor,15.299999,-11.5199995,0.17999999,3
712760242439178,2024-03-21T19:39:47.485Z,ak09918c magnetic field sensor,15.48,-11.5199995,0.9,3
712760262439178,2024-03-21T19:39:47.505Z,ak09918c magnetic field sensor,15.78,-11.04,1.9799999,3
712760282439178,2024-03-21T19:39:47.526Z,ak09918c magnetic field sensor,15.42,-10.5,2.22,3
712760302439178,2024-03-21T19:39:47.545Z,ak09918c magnetic field sensor,14.94,-9.9,2.1,3
712760322439444,2024-03-21T19:39:47.566Z,ak09918c magnetic field sensor,14.7,-9.42,1.0799999,3
712760342439444,2024-03-21T19:39:47.586Z,ak09918c magnetic field sensor,14.34,-9.3,1.26,3
712760362439444,2024-03-21T19:39:47.606Z,ak09918c magnetic field sensor,14.16,-9.24,1.92,3
712760382439444,2024-03-21T19:39:47.626Z,ak09918c magnetic field sensor,14.82,-9.3,1.38,3
712760402439444,2024-03-21T19:39:47.646Z,ak09918c magnetic field sensor,15.12,-8.639999,0.53999996,3
712760422439177,2024-03-21T19:39:47.665Z,ak09918c magnetic field sensor,14.46,-8.82,0.0,3
712760442439177,2024-03-21T19:39:47.686Z,ak09918c magnetic field sensor,14.5199995,-9.48,-0.17999999,3
712760462439177,2024-03-21T19:39:47.706Z,ak09918c magnetic field sensor,15.059999,-8.82,-0.06,3
712760482439177,2024-03-21T19:39:47.726Z,ak09918c magnetic field sensor,14.16,-9.0,0.42,3
712760502439177,2024-03-21T19:39:47.745Z,ak09918c magnetic field sensor,14.16,-8.58,0.35999998,3
712760522439177,2024-03-21T19:39:47.766Z,ak09918c magnetic field sensor,14.759999,-8.46,-0.71999997,3
712760542439177,2024-03-21T19:39:47.786Z,ak09918c magnetic field sensor,15.0,-8.099999,-1.38,3
712760562439177,2024-03-21T19:39:47.805Z,ak09918c magnetic field sensor,15.48,-7.98,-1.1999999,3
712760582439177,2024-03-21T19:39:47.825Z,ak09918c magnetic field sensor,15.179999,-8.22,-1.02,3
712760602439177,2024-03-21T19:39:47.846Z,ak09918c magnetic field sensor,14.28,-6.8999996,-0.65999997,3
712760622439177,2024-03-21T19:39:47.865Z,ak09918c magnetic field sensor,15.0,-7.14,-0.42,3
712760642438943,2024-03-21T19:39:47.885Z,ak09918c magnetic field sensor,16.08,-8.099999,-0.65999997,3
712760662438943,2024-03-21T19:39:47.906Z,ak09918c magnetic field sensor,15.54,-8.28,-1.14,3
712760682438943,2024-03-21T19:39:47.925Z,ak09918c magnetic field sensor,14.82,-8.16,0.0,3
712760702438943,2024-03-21T19:39:47.946Z,ak09918c magnetic field sensor,14.88,-8.4,0.78,3
712760722438943,2024-03-21T19:39:47.965Z,ak09918c magnetic field sensor,14.94,-8.639999,0.65999997,3
712760742438943,2024-03-21T19:39:47.985Z,ak09918c magnetic field sensor,15.24,-8.22,1.38,3
712760762438943,2024-03-21T19:39:48.006Z,ak09918c magnetic field sensor,15.839999,-7.56,1.68,3
712760782438943,2024-03-21T19:39:48.025Z,ak09918c magnetic field sensor,15.66,-7.44,0.71999997,3
712760802438943,2024-03-21T19:39:48.046Z,ak09918c magnetic field sensor,15.9,-7.74,0.59999996,3
712760822439209,2024-03-21T19:39:48.066Z,ak09918c magnetic field sensor,16.08,-7.02,0.71999997,3
712760842439209,2024-03-21T19:39:48.086Z,ak09918c magnetic field sensor,16.199999,-5.94,0.12,3
712760862439209,2024-03-21T19:39:48.105Z,ak09918c magnetic field sensor,16.619999,-5.94,-1.1999999,3
712760882439209,2024-03-21T19:39:48.125Z,ak09918c magnetic field sensor,16.199999,-6.0,-1.0799999,3
712760902439209,2024-03-21T19:39:48.146Z,ak09918c magnetic field sensor,15.599999,-5.04,-0.48,3
712760922438942,2024-03-21T19:39:48.165Z,ak09918c magnetic field sensor,15.599999,-4.38,-1.38,3
712760942438942,2024-03-21T19:39:48.185Z,ak09918c magnetic field sensor,15.839999,-4.44,-1.74,3
712760962438942,2024-03-21T19:39:48.205Z,ak09918c magnetic field sensor,16.56,-4.62,-2.22,3
712760982438942,2024-03-21T19:39:48.225Z,ak09918c magnetic field sensor,16.8,-4.2,-1.68,3
712761002438942,2024-03-21T19:39:48.245Z,ak09918c magnetic field sensor,16.56,-3.84,-1.3199999,3
712761022438942,2024-03-21T19:39:48.265Z,ak09918c magnetic field sensor,16.56,-4.02,-1.8,3
712761042438942,2024-03-21T19:39:48.285Z,ak09918c magnetic field sensor,16.38,-4.2599998,-1.62,3
712761062438942,2024-03-21T19:39:48.306Z,ak09918c magnetic field sensor,16.5,-4.44,-1.74,3
712761082438942,2024-03-21T19:39:48.325Z,ak09918c magnetic field sensor,16.68,-4.3199997,-1.86,3
712761102438942,2024-03-21T19:39:48.345Z,ak09918c magnetic field sensor,16.92,-4.5,-1.92,3
712761122438942,2024-03-21T19:39:48.365Z,ak09918c magnetic field sensor,16.8,-4.8599997,-1.56,3
712761142438942,2024-03-21T19:39:48.386Z,ak09918c magnetic field sensor,16.8,-4.02,-1.14,3
712761162438942,2024-03-21T19:39:48.406Z,ak09918c magnetic field sensor,17.46,-3.0,-2.1,3
712761182438942,2024-03-21T19:39:48.425Z,ak09918c magnetic field sensor,17.58,-3.06,-3.0,3
712761202438942,2024-03-21T19:39:48.445Z,ak09918c magnetic field sensor,17.34,-3.0,-2.28,3
712761222438942,2024-03-21T19:39:48.465Z,ak09918c magnetic field sensor,17.699999,-3.3,-2.04,3
712761242438942,2024-03-21T19:39:48.485Z,ak09918c magnetic field sensor,18.24,-3.0,-2.22,3
712761262438942,2024-03-21T19:39:48.506Z,ak09918c magnetic field sensor,18.3,-2.52,-1.9799999,3
712761282438942,2024-03-21T19:39:48.526Z,ak09918c magnetic field sensor,17.82,-3.0,-1.26,3
712761302438942,2024-03-21T19:39:48.545Z,ak09918c magnetic field sensor,17.58,-3.12,0.0,3
712761322439175,2024-03-21T19:39:48.566Z,ak09918c magnetic field sensor,18.18,-3.12,0.35999998,3
712761342439175,2024-03-21T19:39:48.586Z,ak09918c magnetic field sensor,18.72,-2.6399999,0.53999996,3
712761362439175,2024-03-21T19:39:48.606Z,ak09918c magnetic field sensor,17.94,-3.3,0.42,3
712761382439175,2024-03-21T19:39:48.626Z,ak09918c magnetic field sensor,17.699999,-3.9599998,-0.24,3
712761402439175,2024-03-21T19:39:48.645Z,ak09918c magnetic field sensor,17.52,-3.36,-0.84,3
712761422438908,2024-03-21T19:39:48.665Z,ak09918c magnetic field sensor,17.16,-3.78,-1.74,3
712761442438908,2024-03-21T19:39:48.686Z,ak09918c magnetic field sensor,17.94,-4.08,-1.92,3
712761462438908,2024-03-21T19:39:48.705Z,ak09918c magnetic field sensor,18.0,-4.74,-1.8,3
712761482438908,2024-03-21T19:39:48.726Z,ak09918c magnetic field sensor,17.16,-5.2799997,-1.9799999,3
712761502438908,2024-03-21T19:39:48.745Z,ak09918c magnetic field sensor,16.68,-4.92,-1.4399999,3
712761522438908,2024-03-21T19:39:48.766Z,ak09918c magnetic field sensor,17.1,-4.38,-0.65999997,3
712761542438908,2024-03-21T19:39:48.785Z,ak09918c magnetic field sensor,17.279999,-4.2599998,-1.74,3
712761562438908,2024-03-21T19:39:48.806Z,ak09918c magnetic field sensor,17.52,-4.68,-2.04,3
712761582438908,2024-03-21T19:39:48.826Z,ak09918c magnetic field sensor,17.58,-4.98,-0.84,3
712761602438908,2024-03-21T19:39:48.845Z,ak09918c magnetic field sensor,17.039999,-5.64,-0.96,3
712761622438908,2024-03-21T19:39:48.866Z,ak09918c magnetic field sensor,16.859999,-5.2799997,-1.14,3
712761642438908,2024-03-21T19:39:48.886Z,ak09918c magnetic field sensor,17.1,-4.74,-1.68,3
712761662438908,2024-03-21T19:39:48.905Z,ak09918c magnetic field sensor,16.859999,-4.92,-1.9799999,3
712761682438908,2024-03-21T19:39:48.925Z,ak09918c magnetic field sensor,16.26,-5.2799997,-1.68,3
712761702438908,2024-03-21T19:39:48.946Z,ak09918c magnetic field sensor,16.619999,-5.3399997,-2.1,3
712761722438908,2024-03-21T19:39:48.966Z,ak09918c magnetic field sensor,17.34,-5.46,-2.1599998,3
712761742438908,2024-03-21T19:39:48.986Z,ak09918c magnetic field sensor,17.1,-5.94,-1.62,3
712761762438908,2024-03-21T19:39:49.006Z,ak09918c magnetic field sensor,16.98,-5.46,-0.9,3
712761782438908,2024-03-21T19:39:49.026Z,ak09918c magnetic field sensor,17.34,-5.22,-0.65999997,3
712761802438908,2024-03-21T19:39:49.045Z,ak09918c magnetic field sensor,17.1,-5.64,0.29999998,3
712761822439174,2024-03-21T19:39:49.065Z,ak09918c magnetic field sensor,17.1,-5.04,1.38,3
712761842439174,2024-03-21T19:39:49.085Z,ak09918c magnetic field sensor,17.039999,-4.8599997,0.84,3
712761862439174,2024-03-21T19:39:49.106Z,ak09918c magnetic field sensor,16.619999,-5.1,0.24,3
712761882439174,2024-03-21T19:39:49.125Z,ak09918c magnetic field sensor,16.68,-5.22,-0.17999999,3
712761902439174,2024-03-21T19:39:49.146Z,ak09918c magnetic field sensor,16.619999,-5.16,-1.68,3
712761922438940,2024-03-21T19:39:49.166Z,ak09918c magnetic field sensor,16.859999,-4.38,-2.76,3
712761942438940,2024-03-21T19:39:49.186Z,ak09918c magnetic field sensor,16.74,-4.2,-2.7,3
712761962438940,2024-03-21T19:39:49.205Z,ak09918c magnetic field sensor,16.199999,-4.2599998,-2.46,3
712761982438940,2024-03-21T19:39:49.225Z,ak09918c magnetic field sensor,16.68,-4.08,-2.22,3
712762002438940,2024-03-21T19:39:49.245Z,ak09918c magnetic field sensor,17.16,-5.04,-1.74,3
712762022438940,2024-03-21T19:39:49.266Z,ak09918c magnetic field sensor,16.98,-5.7,-1.74,3
712762042438940,2024-03-21T19:39:49.286Z,ak09918c magnetic field sensor,16.92,-5.22,-1.62,3
712762062438940,2024-03-21T19:39:49.305Z,ak09918c magnetic field sensor,16.56,-5.7599998,-1.5,3
712762082438940,2024-03-21T19:39:49.325Z,ak09918c magnetic field sensor,16.68,-6.2999997,-1.62,3
712762102438940,2024-03-21T19:39:49.345Z,ak09918c magnetic field sensor,16.8,-6.18,-1.26,3
712762122438940,2024-03-21T19:39:49.366Z,ak09918c magnetic field sensor,16.5,-6.54,-1.02,3
712762142438940,2024-03-21T19:39:49.385Z,ak09918c magnetic field sensor,16.32,-6.66,-0.65999997,3
712762162438940,2024-03-21T19:39:49.406Z,ak09918c magnetic field sensor,16.92,-6.0,-0.71999997,3
712762182438940,2024-03-21T19:39:49.426Z,ak09918c magnetic field sensor,17.279999,-5.7,-1.9799999,3
712762202438940,2024-03-21T19:39:49.446Z,ak09918c magnetic field sensor,16.199999,-5.64,-2.46,3
712762222438940,2024-03-21T19:39:49.465Z,ak09918c magnetic field sensor,16.38,-5.8199997,-1.9799999,3
712762242438940,2024-03-21T19:39:49.485Z,ak09918c magnetic field sensor,16.56,-5.94,-1.56,3
712762262438940,2024-03-21T19:39:49.505Z,ak09918c magnetic field sensor,16.38,-5.46,-1.0799999,3
712762282438940,2024-03-21T19:39:49.525Z,ak09918c magnetic field sensor,16.8,-5.2799997,-0.42,3
712762302438940,2024-03-21T19:39:49.546Z,ak09918c magnetic field sensor,16.92,-5.3399997,-0.35999998,3
712762322439206,2024-03-21T19:39:49.566Z,ak09918c magnetic field sensor,16.92,-5.52,-0.29999998,3
712762342439206,2024-03-21T19:39:49.586Z,ak09918c magnetic field sensor,16.44,-5.52,0.35999998,3
712762362439206,2024-03-21T19:39:49.606Z,ak09918c magnetic field sensor,17.1,-5.7,0.06,3
712762382439206,2024-03-21T19:39:49.626Z,ak09918c magnetic field sensor,17.34,-6.06,-0.59999996,3
712762402439206,2024-03-21T19:39:49.646Z,ak09918c magnetic field sensor,16.5,-6.06,-0.71999997,3
712762422438939,2024-03-21T19:39:49.665Z,ak09918c magnetic field sensor,16.38,-6.2999997,-1.3199999,3
712762442438939,2024-03-21T19:39:49.686Z,ak09918c magnetic field sensor,16.38,-6.54,-2.34,3
712762462438939,2024-03-21T19:39:49.706Z,ak09918c magnetic field sensor,16.02,-6.8999996,-2.34,3
712762482438939,2024-03-21T19:39:49.726Z,ak09918c magnetic field sensor,16.32,-7.08,-1.74,3
712762502438939,2024-03-21T19:39:49.745Z,ak09918c magnetic field sensor,16.5,-6.7799997,-1.4399999,3
712762522438939,2024-03-21T19:39:49.766Z,ak09918c magnetic field sensor,16.32,-6.2999997,-0.9,3
712762542438939,2024-03-21T19:39:49.785Z,ak09918c magnetic field sensor,16.8,-6.0,-0.29999998,3
712762562438939,2024-03-21T19:39:49.805Z,ak09918c magnetic field sensor,16.68,-6.2999997,-1.4399999,3
712762582438939,2024-03-21T19:39:49.825Z,ak09918c magnetic field sensor,16.8,-6.06,-2.22,3
712762602438939,2024-03-21T19:39:49.845Z,ak09918c magnetic field sensor,16.38,-5.8799996,-1.38,3
712762622438939,2024-03-21T19:39:49.866Z,ak09918c magnetic field sensor,16.8,-6.72,-1.4399999,3
712762642438939,2024-03-21T19:39:49.886Z,ak09918c magnetic field sensor,17.34,-6.96,-1.9799999,3
712762662438939,2024-03-21T19:39:49.905Z,ak09918c magnetic field sensor,16.56,-6.3599997,-1.38,3
712762682438939,2024-03-21T19:39:49.926Z,ak09918c magnetic field sensor,16.619999,-6.7799997,-1.26,3
712762702438939,2024-03-21T19:39:49.946Z,ak09918c magnetic field sensor,16.199999,-6.8399997,-1.5,3
712762722438939,2024-03-21T19:39:49.966Z,ak09918c magnetic field sensor,15.42,-6.48,-1.92,3
712762742438939,2024-03-21T19:39:49.986Z,ak09918c magnetic field sensor,14.88,-6.8999996,-1.9799999,3
712762762438939,2024-03-21T19:39:50.005Z,ak09918c magnetic field sensor,15.299999,-7.2,-1.8,3
712762782438939,2024-03-21T19:39:50.026Z,ak09918c magnetic field sensor,16.14,-7.14,-1.74,3
712762802438939,2024-03-21T19:39:50.045Z,ak09918c magnetic field sensor,16.68,-6.8399997,-1.1999999,3
712762822439205,2024-03-21T19:39:50.065Z,ak09918c magnetic field sensor,16.56,-7.02,-0.84,3
712762842439205,2024-03-21T19:39:50.086Z,ak09918c magnetic field sensor,15.719999,-7.2599998,-0.84,3
712762862439205,2024-03-21T19:39:50.105Z,ak09918c magnetic field sensor,16.44,-7.2,-0.53999996,3
712762882439205,2024-03-21T19:39:50.126Z,ak09918c magnetic field sensor,16.44,-7.02,-0.24,3
712762902439205,2024-03-21T19:39:50.145Z,ak09918c magnetic field sensor,16.32,-6.2999997,-0.78,3
712762922438938,2024-03-21T19:39:50.166Z,ak09918c magnetic field sensor,16.859999,-6.24,-2.22,3
712762942438938,2024-03-21T19:39:50.185Z,ak09918c magnetic field sensor,15.719999,-6.24,-3.48,3
712762962438938,2024-03-21T19:39:50.205Z,ak09918c magnetic field sensor,15.059999,-6.0,-3.36,3
712762982438938,2024-03-21T19:39:50.225Z,ak09918c magnetic field sensor,15.78,-6.6,-2.52,3
712763002438938,2024-03-21T19:39:50.246Z,ak09918c magnetic field sensor,16.02,-6.6,-2.6399999,3
712763022438938,2024-03-21T19:39:50.266Z,ak09918c magnetic field sensor,15.42,-6.0,-3.06,3
712763042438938,2024-03-21T19:39:50.286Z,ak09918c magnetic field sensor,15.54,-6.06,-2.76,3
712763062438938,2024-03-21T19:39:50.306Z,ak09918c magnetic field sensor,16.08,-6.3599997,-2.34,3
712763082438938,2024-03-21T19:39:50.325Z,ak09918c magnetic field sensor,16.199999,-6.72,-2.1,3
712763102438938,2024-03-21T19:39:50.346Z,ak09918c magnetic field sensor,16.32,-6.72,-1.68,3
712763122438938,2024-03-21T19:39:50.365Z,ak09918c magnetic field sensor,16.74,-6.66,-1.86,3
712763142438938,2024-03-21T19:39:50.386Z,ak09918c magnetic field sensor,17.039999,-6.96,-1.86,3
712763162438938,2024-03-21T19:39:50.405Z,ak09918c magnetic field sensor,16.08,-7.14,-0.84,3
712763182438938,2024-03-21T19:39:50.426Z,ak09918c magnetic field sensor,15.66,-7.3799996,-0.71999997,3
712763202438938,2024-03-21T19:39:50.446Z,ak09918c magnetic field sensor,16.74,-7.74,-0.78,3
712763222438938,2024-03-21T19:39:50.465Z,ak09918c magnetic field sensor,17.76,-7.8599997,-1.5,3
712763242438938,2024-03-21T19:39:50.485Z,ak09918c magnetic field sensor,18.0,-7.3199997,-2.04,3
712763262439171,2024-03-21T19:39:50.505Z,ak09918c magnetic field sensor,16.8,-6.8999996,-1.92,3
712763282439171,2024-03-21T19:39:50.525Z,ak09918c magnetic field sensor,17.16,-7.08,-2.1599998,3
712763302439171,2024-03-21T19:39:50.546Z,ak09918c magnetic field sensor,18.42,-7.2,-1.9799999,3
712763322439437,2024-03-21T19:39:50.565Z,ak09918c magnetic field sensor,18.3,-6.8399997,-1.68,3
712763342439437,2024-03-21T19:39:50.586Z,ak09918c magnetic field sensor,18.72,-7.44,-1.74,3
712763362439437,2024-03-21T19:39:50.605Z,ak09918c magnetic field sensor,19.02,-7.3199997,-1.56,3
712763382439437,2024-03-21T19:39:50.625Z,ak09918c magnetic field sensor,18.42,-7.02,-0.59999996,3
712763402439437,2024-03-21T19:39:50.646Z,ak09918c magnetic field sensor,17.58,-7.74,0.42,3
712763422439170,2024-03-21T19:39:50.666Z,ak09918c magnetic field sensor,18.24,-8.099999,-0.06,3
712763442439170,2024-03-21T19:39:50.685Z,ak09918c magnetic field sensor,18.06,-7.9199996,-0.59999996,3
712763462439170,2024-03-21T19:39:50.706Z,ak09918c magnetic field sensor,17.46,-7.08,-0.71999997,3
712763482439403,2024-03-21T19:39:50.725Z,ak09918c magnetic field sensor,17.82,-7.08,-1.38,3
712763502439403,2024-03-21T19:39:50.745Z,ak09918c magnetic field sensor,17.58,-7.7999997,-2.1599998,3
712763522439403,2024-03-21T19:39:50.766Z,ak09918c magnetic field sensor,17.88,-8.16,-1.26,3
712763542439403,2024-03-21T19:39:50.785Z,ak09918c magnetic field sensor,17.46,-8.58,-1.1999999,3
712763562439403,2024-03-21T19:39:50.805Z,ak09918c magnetic field sensor,16.68,-9.059999,-1.5,3
712763582439403,2024-03-21T19:39:50.826Z,ak09918c magnetic field sensor,17.279999,-9.48,-0.71999997,3
712763602439403,2024-03-21T19:39:50.846Z,ak09918c magnetic field sensor,17.699999,-9.179999,-0.29999998,3
712763622439403,2024-03-21T19:39:50.865Z,ak09918c magnetic field sensor,17.4,-8.4,0.06,3
712763642439403,2024-03-21T19:39:50.886Z,ak09918c magnetic field sensor,16.859999,-7.44,-0.65999997,3
712763662439403,2024-03-21T19:39:50.905Z,ak09918c magnetic field sensor,17.279999,-7.56,-0.53999996,3
712763682439403,2024-03-21T19:39:50.926Z,ak09918c magnetic field sensor,17.4,-7.68,0.12,3
712763702438569,2024-03-21T19:39:50.945Z,ak09918c magnetic field sensor,17.4,-7.5,0.0,3
712763722438569,2024-03-21T19:39:50.965Z,ak09918c magnetic field sensor,17.16,-8.34,-0.12,3
712763742438569,2024-03-21T19:39:50.985Z,ak09918c magnetic field sensor,17.4,-8.639999,0.17999999,3
712763762438569,2024-03-21T19:39:51.005Z,ak09918c magnetic field sensor,17.34,-8.34,-0.29999998,3
712763782438569,2024-03-21T19:39:51.026Z,ak09918c magnetic field sensor,16.92,-8.16,-1.5,3
712763802438569,2024-03-21T19:39:51.045Z,ak09918c magnetic field sensor,17.82,-9.3,-0.96,3
712763822438835,2024-03-21T19:39:51.065Z,ak09918c magnetic field sensor,17.52,-9.78,-0.42,3
712763842438835,2024-03-21T19:39:51.086Z,ak09918c magnetic field sensor,16.44,-8.76,-0.78,3
712763862438601,2024-03-21T19:39:51.106Z,ak09918c magnetic field sensor,16.68,-9.179999,-0.42,3
712763882438601,2024-03-21T19:39:51.126Z,ak09918c magnetic field sensor,18.06,-9.42,0.65999997,3
712763902438601,2024-03-21T19:39:51.145Z,ak09918c magnetic field sensor,18.119999,-8.639999,1.26,3
712763922438334,2024-03-21T19:39:51.165Z,ak09918c magnetic field sensor,17.22,-8.76,-0.42,3
712763942438334,2024-03-21T19:39:51.185Z,ak09918c magnetic field sensor,16.98,-8.7,-1.8,3
712763962438334,2024-03-21T19:39:51.205Z,ak09918c magnetic field sensor,17.279999,-8.22,-1.5,3
712763982438334,2024-03-21T19:39:51.226Z,ak09918c magnetic field sensor,17.34,-8.5199995,-1.3199999,3
712764002438334,2024-03-21T19:39:51.246Z,ak09918c magnetic field sensor,17.279999,-8.639999,-1.56,3
712764022438334,2024-03-21T19:39:51.265Z,ak09918c magnetic field sensor,16.92,-8.34,-2.7,3
712764042438567,2024-03-21T19:39:51.286Z,ak09918c magnetic field sensor,16.38,-7.7999997,-3.0,3
712764062438567,2024-03-21T19:39:51.306Z,ak09918c magnetic field sensor,17.22,-7.2599998,-3.3,3
712764082438333,2024-03-21T19:39:51.326Z,ak09918c magnetic field sensor,17.279999,-7.44,-2.9399998,3
712764102438333,2024-03-21T19:39:51.345Z,ak09918c magnetic field sensor,17.039999,-7.8599997,-2.1,3
712764122438333,2024-03-21T19:39:51.365Z,ak09918c magnetic field sensor,16.98,-8.04,-2.28,3
712764142438333,2024-03-21T19:39:51.386Z,ak09918c magnetic field sensor,16.619999,-8.639999,-2.52,3
712764162438333,2024-03-21T19:39:51.406Z,ak09918c magnetic field sensor,17.039999,-9.0,-1.9799999,3
712764182438333,2024-03-21T19:39:51.426Z,ak09918c magnetic field sensor,17.22,-8.82,-1.74,3
712764202438333,2024-03-21T19:39:51.446Z,ak09918c magnetic field sensor,17.34,-9.0,-2.46,3
712764222438333,2024-03-21T19:39:51.465Z,ak09918c magnetic field sensor,16.98,-9.96,-2.58,3
712764242438333,2024-03-21T19:39:51.486Z,ak09918c magnetic field sensor,16.5,-9.78,-1.86,3
712764262438566,2024-03-21T19:39:51.505Z,ak09918c magnetic field sensor,16.38,-8.94,-0.96,3
712764282438566,2024-03-21T19:39:51.525Z,ak09918c magnetic field sensor,16.74,-8.7,-1.0799999,3
712764302439399,2024-03-21T19:39:51.546Z,ak09918c magnetic field sensor,17.76,-8.88,-1.14,3
712764322439665,2024-03-21T19:39:51.565Z,ak09918c magnetic field sensor,17.279999,-8.88,-1.1999999,3
712764342439665,2024-03-21T19:39:51.585Z,ak09918c magnetic field sensor,16.68,-8.639999,-1.0799999,3
712764362439665,2024-03-21T19:39:51.605Z,ak09918c magnetic field sensor,17.64,-8.639999,-0.59999996,3
712764382439665,2024-03-21T19:39:51.626Z,ak09918c magnetic field sensor,18.119999,-8.4,-1.26,3
712764402439665,2024-03-21T19:39:51.645Z,ak09918c magnetic field sensor,18.18,-8.34,-0.59999996,3
712764422439398,2024-03-21T19:39:51.665Z,ak09918c magnetic field sensor,18.66,-8.7,0.42,3
712764442439398,2024-03-21T19:39:51.686Z,ak09918c magnetic field sensor,18.42,-8.82,0.42,3
712764462439398,2024-03-21T19:39:51.706Z,ak09918c magnetic field sensor,17.46,-9.24,0.71999997,3
712764482439398,2024-03-21T19:39:51.725Z,ak09918c magnetic field sensor,17.039999,-9.24,0.96,3
712764502439398,2024-03-21T19:39:51.745Z,ak09918c magnetic field sensor,17.279999,-8.16,0.53999996,3
712764522439398,2024-03-21T19:39:51.765Z,ak09918c magnetic field sensor,17.58,-8.34,-0.59999996,3
712764542439398,2024-03-21T19:39:51.785Z,ak09918c magnetic field sensor,16.98,-8.46,-0.9,3
712764562439398,2024-03-21T19:39:51.805Z,ak09918c magnetic field sensor,16.98,-7.8599997,-0.59999996,3
712764582439398,2024-03-21T19:39:51.825Z,ak09918c magnetic field sensor,16.32,-8.04,-0.53999996,3
712764602439398,2024-03-21T19:39:51.845Z,ak09918c magnetic field sensor,15.12,-8.88,-0.71999997,3
712764622439398,2024-03-21T19:39:51.866Z,ak09918c magnetic field sensor,16.199999,-9.12,-0.12,3
712764642439164,2024-03-21T19:39:51.886Z,ak09918c magnetic field sensor,18.18,-8.58,0.59999996,3
712764662439164,2024-03-21T19:39:51.906Z,ak09918c magnetic field sensor,18.24,-8.94,-0.17999999,3
712764682439164,2024-03-21T19:39:51.925Z,ak09918c magnetic field sensor,17.16,-8.82,-0.35999998,3
712764702439164,2024-03-21T19:39:51.945Z,ak09918c magnetic field sensor,16.5,-8.5199995,0.0,3
712764722439164,2024-03-21T19:39:51.965Z,ak09918c magnetic field sensor,16.5,-8.58,-0.12,3
712764742439164,2024-03-21T19:39:51.985Z,ak09918c magnetic field sensor,16.74,-9.059999,-0.42,3
712764762439164,2024-03-21T19:39:52.005Z,ak09918c magnetic field sensor,16.199999,-9.48,-1.0799999,3
712764782439164,2024-03-21T19:39:52.025Z,ak09918c magnetic field sensor,16.68,-8.94,-0.29999998,3
712764802439164,2024-03-21T19:39:52.045Z,ak09918c magnetic field sensor,17.039999,-9.78,0.59999996,3
712764822439397,2024-03-21T19:39:52.065Z,ak09918c magnetic field sensor,16.619999,-10.139999,0.48,3
712764842439397,2024-03-21T19:39:52.085Z,ak09918c magnetic field sensor,16.38,-10.0199995,0.12,3
712764862439163,2024-03-21T19:39:52.105Z,ak09918c magnetic field sensor,16.02,-10.139999,-0.12,3
712764882439163,2024-03-21T19:39:52.125Z,ak09918c magnetic field sensor,16.14,-9.719999,0.0,3
712764902439163,2024-03-21T19:39:52.146Z,ak09918c magnetic field sensor,16.14,-9.48,-0.24,3
712764922438963,2024-03-21T19:39:52.165Z,ak09918c magnetic field sensor,16.56,-9.42,-0.48,3
712764942438963,2024-03-21T19:39:52.185Z,ak09918c magnetic field sensor,17.699999,-9.42,-0.12,3
712764962438963,2024-03-21T19:39:52.205Z,ak09918c magnetic field sensor,16.98,-8.82,-0.17999999,3
712764982438963,2024-03-21T19:39:52.225Z,ak09918c magnetic field sensor,16.08,-8.88,-1.14,3
712765002438963,2024-03-21T19:39:52.246Z,ak09918c magnetic field sensor,16.98,-9.3,-1.68,3
712765022438963,2024-03-21T19:39:52.265Z,ak09918c magnetic field sensor,17.16,-8.4,-1.38,3
712765042438963,2024-03-21T19:39:52.285Z,ak09918c magnetic field sensor,16.5,-7.68,-1.9799999,3
712765062438963,2024-03-21T19:39:52.306Z,ak09918c magnetic field sensor,16.02,-7.7999997,-2.76,3
712765082438963,2024-03-21T19:39:52.326Z,ak09918c magnetic field sensor,16.32,-7.98,-2.34,3
712765102438963,2024-03-21T19:39:52.346Z,ak09918c magnetic field sensor,16.8,-8.04,-1.62,3
712765122439263,2024-03-21T19:39:52.365Z,ak09918c magnetic field sensor,17.34,-7.68,-1.14,3
712765142439263,2024-03-21T19:39:52.386Z,ak09918c magnetic field sensor,17.82,-8.16,-0.65999997,3
712765162439263,2024-03-21T19:39:52.406Z,ak09918c magnetic field sensor,17.4,-7.7999997,-1.0799999,3
712765182439263,2024-03-21T19:39:52.425Z,ak09918c magnetic field sensor,16.859999,-7.56,-1.68,3
712765202439263,2024-03-21T19:39:52.445Z,ak09918c magnetic field sensor,16.619999,-8.58,-1.4399999,3
712765222439263,2024-03-21T19:39:52.466Z,ak09918c magnetic field sensor,16.32,-8.4,-1.02,3
712765242439263,2024-03-21T19:39:52.486Z,ak09918c magnetic field sensor,15.9,-8.7,-1.0799999,3
712765262439263,2024-03-21T19:39:52.505Z,ak09918c magnetic field sensor,16.619999,-9.059999,-1.86,3
712765282439263,2024-03-21T19:39:52.526Z,ak09918c magnetic field sensor,17.34,-8.639999,-1.8,3
712765302439263,2024-03-21T19:39:52.545Z,ak09918c magnetic field sensor,16.92,-8.7,-1.0799999,3
712765322439529,2024-03-21T19:39:52.565Z,ak09918c magnetic field sensor,17.4,-9.24,-0.48,3
712765342439529,2024-03-21T19:39:52.586Z,ak09918c magnetic field sensor,17.699999,-8.5199995,-0.78,3
712765362439529,2024-03-21T19:39:52.605Z,ak09918c magnetic field sensor,17.58,-7.7999997,-1.68,3
712765382439529,2024-03-21T19:39:52.626Z,ak09918c magnetic field sensor,17.4,-8.7,-1.3199999,3
712765402439529,2024-03-21T19:39:52.646Z,ak09918c magnetic field sensor,16.08,-8.76,-0.53999996,3
712765422439295,2024-03-21T19:39:52.665Z,ak09918c magnetic field sensor,16.199999,-8.76,-0.24,3
712765442439295,2024-03-21T19:39:52.685Z,ak09918c magnetic field sensor,17.46,-9.78,0.35999998,3
712765462439295,2024-03-21T19:39:52.705Z,ak09918c magnetic field sensor,17.279999,-9.719999,0.78,3
712765482439295,2024-03-21T19:39:52.725Z,ak09918c magnetic field sensor,16.92,-8.7,0.65999997,3
712765502439295,2024-03-21T19:39:52.745Z,ak09918c magnetic field sensor,17.039999,-8.46,0.24,3
712765522439228,2024-03-21T19:39:52.765Z,ak09918c magnetic field sensor,16.98,-9.0,0.35999998,3
712765542439228,2024-03-21T19:39:52.786Z,ak09918c magnetic field sensor,16.68,-9.12,0.42,3
712765562439228,2024-03-21T19:39:52.805Z,ak09918c magnetic field sensor,16.14,-9.24,-1.74,3
712765582439228,2024-03-21T19:39:52.826Z,ak09918c magnetic field sensor,16.08,-9.78,-2.22,3
712765602439228,2024-03-21T19:39:52.846Z,ak09918c magnetic field sensor,16.56,-8.82,-0.65999997,3
712765622439228,2024-03-21T19:39:52.865Z,ak09918c magnetic field sensor,16.5,-7.98,-0.42,3
712765642439228,2024-03-21T19:39:52.886Z,ak09918c magnetic field sensor,16.68,-8.5199995,-0.84,3
712765662439228,2024-03-21T19:39:52.906Z,ak09918c magnetic field sensor,17.4,-9.36,-1.14,3
712765682439228,2024-03-21T19:39:52.925Z,ak09918c magnetic field sensor,17.46,-9.36,-0.9,3
712765702439228,2024-03-21T19:39:52.946Z,ak09918c magnetic field sensor,16.859999,-8.94,-0.42,3
712765722438928,2024-03-21T19:39:52.965Z,ak09918c magnetic field sensor,16.74,-8.76,-0.65999997,3
712765742438928,2024-03-21T19:39:52.986Z,ak09918c magnetic field sensor,16.38,-8.4,-1.38,3
712765762438928,2024-03-21T19:39:53.006Z,ak09918c magnetic field sensor,16.26,-7.68,-1.38,3
712765782438928,2024-03-21T19:39:53.026Z,ak09918c magnetic field sensor,16.56,-7.7999997,-1.02,3
712765802438928,2024-03-21T19:39:53.045Z,ak09918c magnetic field sensor,16.5,-8.46,-1.26,3
712765822439194,2024-03-21T19:39:53.065Z,ak09918c magnetic field sensor,16.74,-7.8599997,-1.1999999,3
712765842439194,2024-03-21T19:39:53.086Z,ak09918c magnetic field sensor,16.5,-7.56,-0.71999997,3
712765862439194,2024-03-21T19:39:53.105Z,ak09918c magnetic field sensor,16.8,-8.58,-0.42,3
712765882439194,2024-03-21T19:39:53.125Z,ak09918c magnetic field sensor,17.46,-9.0,-0.24,3
712765902439194,2024-03-21T19:39:53.146Z,ak09918c magnetic field sensor,16.68,-8.28,-0.71999997,3
712765922438960,2024-03-21T19:39:53.166Z,ak09918c magnetic field sensor,15.9,-7.98,-0.48,3
712765942438960,2024-03-21T19:39:53.186Z,ak09918c magnetic field sensor,15.299999,-8.7,0.53999996,3
712765962438960,2024-03-21T19:39:53.206Z,ak09918c magnetic field sensor,15.36,-9.24,0.59999996,3
712765982438960,2024-03-21T19:39:53.225Z,ak09918c magnetic field sensor,16.14,-8.16,0.06,3
712766002438960,2024-03-21T19:39:53.245Z,ak09918c magnetic field sensor,16.619999,-7.62,0.0,3
712766022438960,2024-03-21T19:39:53.266Z,ak09918c magnetic field sensor,16.14,-6.8999996,-0.59999996,3
712766042438960,2024-03-21T19:39:53.285Z,ak09918c magnetic field sensor,16.02,-6.72,-1.26,3
712766062438960,2024-03-21T19:39:53.306Z,ak09918c magnetic field sensor,16.02,-7.56,-2.04,3
712766082438960,2024-03-21T19:39:53.325Z,ak09918c magnetic field sensor,15.0,-7.2,-3.06,3
712766102438960,2024-03-21T19:39:53.345Z,ak09918c magnetic field sensor,14.58,-6.66,-2.58,3
712766122438960,2024-03-21T19:39:53.365Z,ak09918c magnetic field sensor,14.88,-7.14,-2.58,3
712766142438960,2024-03-21T19:39:53.385Z,ak09918c magnetic field sensor,15.059999,-7.08,-2.82,3
712766162438960,2024-03-21T19:39:53.405Z,ak09918c magnetic field sensor,15.66,-6.18,-2.22,3
712766182438960,2024-03-21T19:39:53.426Z,ak09918c magnetic field sensor,15.96,-6.6,-1.74,3
712766202438960,2024-03-21T19:39:53.445Z,ak09918c magnetic field sensor,15.66,-6.42,-1.74,3
712766222438960,2024-03-21T19:39:53.465Z,ak09918c magnetic field sensor,15.66,-6.72,-2.6399999,3
712766242438960,2024-03-21T19:39:53.486Z,ak09918c magnetic field sensor,15.66,-7.56,-3.4199998,3
712766262438960,2024-03-21T19:39:53.505Z,ak09918c magnetic field sensor,15.599999,-7.44,-2.46,3
712766282438960,2024-03-21T19:39:53.526Z,ak09918c magnetic field sensor,15.78,-7.44,-2.22,3
712766302438960,2024-03-21T19:39:53.545Z,ak09918c magnetic field sensor,15.24,-7.68,-3.1799998,3
712766322439226,2024-03-21T19:39:53.565Z,ak09918c magnetic field sensor,14.94,-7.8599997,-3.3,3
712766342439226,2024-03-21T19:39:53.585Z,ak09918c magnetic field sensor,15.78,-7.9199996,-2.76,3
712766362439226,2024-03-21T19:39:53.606Z,ak09918c magnetic field sensor,16.38,-8.04,-1.74,3
712766382439226,2024-03-21T19:39:53.626Z,ak09918c magnetic field sensor,16.14,-8.5199995,-0.96,3
712766402439492,2024-03-21T19:39:53.645Z,ak09918c magnetic field sensor,15.66,-8.5199995,-0.65999997,3
712766422439225,2024-03-21T19:39:53.666Z,ak09918c magnetic field sensor,15.78,-7.74,-1.02,3
712766442439225,2024-03-21T19:39:53.686Z,ak09918c magnetic field sensor,15.599999,-7.62,-1.1999999,3
712766462439225,2024-03-21T19:39:53.706Z,ak09918c magnetic field sensor,16.26,-7.56,-1.02,3
712766482439225,2024-03-21T19:39:53.726Z,ak09918c magnetic field sensor,16.68,-7.08,-0.29999998,3
712766502439225,2024-03-21T19:39:53.746Z,ak09918c magnetic field sensor,15.78,-7.5,-0.59999996,3
712766522439191,2024-03-21T19:39:53.766Z,ak09918c magnetic field sensor,15.719999,-7.9199996,-1.8,3
712766542439191,2024-03-21T19:39:53.785Z,ak09918c magnetic field sensor,15.9,-7.68,-1.9799999,3
712766562439191,2024-03-21T19:39:53.805Z,ak09918c magnetic field sensor,16.08,-8.82,-2.1599998,3
712766582439191,2024-03-21T19:39:53.826Z,ak09918c magnetic field sensor,15.599999,-9.36,-1.5,3
712766602439191,2024-03-21T19:39:53.845Z,ak09918c magnetic field sensor,14.759999,-9.179999,-1.56,3
712766622439191,2024-03-21T19:39:53.865Z,ak09918c magnetic field sensor,14.58,-9.12,-1.8,3
712766642439191,2024-03-21T19:39:53.886Z,ak09918c magnetic field sensor,14.88,-8.34,-0.78,3
712766662439191,2024-03-21T19:39:53.905Z,ak09918c magnetic field sensor,14.759999,-8.58,-0.42,3
712766682439191,2024-03-21T19:39:53.926Z,ak09918c magnetic field sensor,14.28,-9.179999,-0.42,3
712766702439191,2024-03-21T19:39:53.945Z,ak09918c magnetic field sensor,14.16,-9.0,-1.1999999,3
712766722439191,2024-03-21T19:39:53.966Z,ak09918c magnetic field sensor,14.28,-9.0,-1.5,3
712766742439191,2024-03-21T19:39:53.985Z,ak09918c magnetic field sensor,14.82,-9.059999,-1.14,3
712766762439191,2024-03-21T19:39:54.005Z,ak09918c magnetic field sensor,14.94,-8.639999,-0.65999997,3
712766782439191,2024-03-21T19:39:54.025Z,ak09918c magnetic field sensor,14.94,-8.16,-0.59999996,3
712766802438757,2024-03-21T19:39:54.046Z,ak09918c magnetic field sensor,14.82,-9.48,-0.96,3
712766822439023,2024-03-21T19:39:54.065Z,ak09918c magnetic field sensor,14.5199995,-9.9,-0.53999996,3
712766842439023,2024-03-21T19:39:54.085Z,ak09918c magnetic field sensor,14.34,-9.3,-0.17999999,3
712766862439023,2024-03-21T19:39:54.105Z,ak09918c magnetic field sensor,13.559999,-10.0199995,-0.29999998,3
712766882439023,2024-03-21T19:39:54.126Z,ak09918c magnetic field sensor,13.2,-9.78,-0.84,3
712766902439023,2024-03-21T19:39:54.146Z,ak09918c magnetic field sensor,13.62,-9.3,-0.9,3
712766922438756,2024-03-21T19:39:54.165Z,ak09918c magnetic field sensor,13.679999,-9.059999,-0.84,3
712766942438756,2024-03-21T19:39:54.185Z,ak09918c magnetic field sensor,13.74,-9.059999,-0.35999998,3
712766962438756,2024-03-21T19:39:54.206Z,ak09918c magnetic field sensor,13.92,-9.24,-0.48,3
712766982438756,2024-03-21T19:39:54.226Z,ak09918c magnetic field sensor,13.5,-9.84,-0.9,3
712767002438489,2024-03-21T19:39:54.246Z,ak09918c magnetic field sensor,13.08,-10.44,-0.24,3
712767022438489,2024-03-21T19:39:54.266Z,ak09918c magnetic field sensor,13.38,-9.66,0.17999999,3
712767042438489,2024-03-21T19:39:54.285Z,ak09918c magnetic field sensor,13.44,-9.66,-0.29999998,3
712767062438489,2024-03-21T19:39:54.305Z,ak09918c magnetic field sensor,12.9,-9.9,-0.42,3
712767082438489,2024-03-21T19:39:54.325Z,ak09918c magnetic field sensor,13.139999,-8.76,-0.35999998,3
712767102438489,2024-03-21T19:39:54.345Z,ak09918c magnetic field sensor,13.32,-8.58,-1.14,3
712767122438489,2024-03-21T19:39:54.365Z,ak09918c magnetic field sensor,13.139999,-8.28,-1.14,3
712767142438489,2024-03-21T19:39:54.385Z,ak09918c magnetic field sensor,14.16,-7.7999997,-1.02,3
712767162438489,2024-03-21T19:39:54.405Z,ak09918c magnetic field sensor,13.74,-8.16,-1.26,3
712767182438489,2024-03-21T19:39:54.425Z,ak09918c magnetic field sensor,13.74,-8.46,-0.78,3
712767202438489,2024-03-21T19:39:54.446Z,ak09918c magnetic field sensor,14.639999,-8.94,-1.38,3
712767222438489,2024-03-21T19:39:54.466Z,ak09918c magnetic field sensor,14.7,-8.16,-0.78,3
712767242438489,2024-03-21T19:39:54.485Z,ak09918c magnetic field sensor,14.219999,-8.22,0.84,3
712767262438489,2024-03-21T19:39:54.505Z,ak09918c magnetic field sensor,13.679999,-9.96,0.71999997,3
712767282438489,2024-03-21T19:39:54.526Z,ak09918c magnetic field sensor,14.04,-11.28,-0.71999997,3
712767302438489,2024-03-21T19:39:54.545Z,ak09918c magnetic field sensor,13.259999,-10.92,-1.0799999,3
712767322438722,2024-03-21T19:39:54.566Z,ak09918c magnetic field sensor,12.42,-10.44,-0.17999999,3
712767342438722,2024-03-21T19:39:54.586Z,ak09918c magnetic field sensor,12.84,-10.32,0.71999997,3
712767362438722,2024-03-21T19:39:54.605Z,ak09918c magnetic field sensor,13.44,-9.96,1.74,3
712767382438722,2024-03-21T19:39:54.625Z,ak09918c magnetic field sensor,13.5,-10.5,1.56,3
712767402439155,2024-03-21T19:39:54.646Z,ak09918c magnetic field sensor,13.679999,-11.04,1.5,3
712767422438888,2024-03-21T19:39:54.665Z,ak09918c magnetic field sensor,14.28,-10.62,1.86,3
712767442438888,2024-03-21T19:39:54.685Z,ak09918c magnetic field sensor,14.16,-10.2,1.68,3
712767462438888,2024-03-21T19:39:54.706Z,ak09918c magnetic field sensor,14.639999,-10.44,2.04,3
712767482438888,2024-03-21T19:39:54.726Z,ak09918c magnetic field sensor,15.0,-10.08,2.46,3
712767502438888,2024-03-21T19:39:54.745Z,ak09918c magnetic field sensor,14.16,-10.26,2.1599998,3
712767522438888,2024-03-21T19:39:54.765Z,ak09918c magnetic field sensor,14.099999,-10.679999,2.52,3
712767542438888,2024-03-21T19:39:54.786Z,ak09918c magnetic field sensor,14.219999,-11.099999,2.58,3
712767562438888,2024-03-21T19:39:54.805Z,ak09918c magnetic field sensor,13.799999,-11.58,2.9399998,3
712767582438888,2024-03-21T19:39:54.825Z,ak09918c magnetic field sensor,13.559999,-11.46,3.84,3
712767602438888,2024-03-21T19:39:54.846Z,ak09918c magnetic field sensor,13.92,-11.58,4.02,3
712767622438888,2024-03-21T19:39:54.866Z,ak09918c magnetic field sensor,14.16,-11.219999,3.8999999,3
712767642438888,2024-03-21T19:39:54.886Z,ak09918c magnetic field sensor,14.16,-11.4,3.48,3
712767662438888,2024-03-21T19:39:54.905Z,ak09918c magnetic field sensor,13.679999,-11.94,3.54,3
712767682438888,2024-03-21T19:39:54.925Z,ak09918c magnetic field sensor,12.9,-11.88,2.9399998,3
712767702438888,2024-03-21T19:39:54.945Z,ak09918c magnetic field sensor,13.0199995,-11.94,3.48,3
712767722438888,2024-03-21T19:39:54.966Z,ak09918c magnetic field sensor,12.84,-12.42,4.14,3
712767742438888,2024-03-21T19:39:54.985Z,ak09918c magnetic field sensor,12.12,-12.66,4.14,3
712767762438888,2024-03-21T19:39:55.005Z,ak09918c magnetic field sensor,12.54,-12.12,5.22,3
712767782438888,2024-03-21T19:39:55.026Z,ak09918c magnetic field sensor,12.24,-12.36,5.58,3
712767802438888,2024-03-21T19:39:55.045Z,ak09918c magnetic field sensor,11.82,-13.08,5.52,3
712767822439121,2024-03-21T19:39:55.065Z,ak09918c magnetic field sensor,12.599999,-12.84,6.12,3
712767842439121,2024-03-21T19:39:55.085Z,ak09918c magnetic field sensor,13.08,-12.42,5.64,3
712767862439121,2024-03-21T19:39:55.106Z,ak09918c magnetic field sensor,12.66,-12.78,4.38,3
712767882439121,2024-03-21T19:39:55.126Z,ak09918c magnetic field sensor,12.0,-13.139999,5.46,3
712767902439121,2024-03-21T19:39:55.146Z,ak09918c magnetic field sensor,12.42,-13.08,6.24,3
712767922438887,2024-03-21T19:39:55.166Z,ak09918c magnetic field sensor,12.84,-13.32,6.12,3
712767942438887,2024-03-21T19:39:55.185Z,ak09918c magnetic field sensor,12.66,-13.32,5.7599998,3
712767962438887,2024-03-21T19:39:55.206Z,ak09918c magnetic field sensor,12.48,-13.259999,4.92,3
712767982438887,2024-03-21T19:39:55.226Z,ak09918c magnetic field sensor,12.36,-13.259999,5.3399997,3
712768002438887,2024-03-21T19:39:55.245Z,ak09918c magnetic field sensor,12.66,-13.2,4.7999997,3
712768022438887,2024-03-21T19:39:55.265Z,ak09918c magnetic field sensor,12.42,-13.2,4.5,3
712768042438887,2024-03-21T19:39:55.285Z,ak09918c magnetic field sensor,12.36,-13.62,4.44,3
712768062438887,2024-03-21T19:39:55.306Z,ak09918c magnetic field sensor,12.9,-12.84,4.56,3
712768082438887,2024-03-21T19:39:55.325Z,ak09918c magnetic field sensor,12.719999,-11.88,4.98,3
712768102438887,2024-03-21T19:39:55.346Z,ak09918c magnetic field sensor,12.599999,-12.48,4.62,3
712768122438920,2024-03-21T19:39:55.366Z,ak09918c magnetic field sensor,13.08,-12.96,4.02,3
712768142438920,2024-03-21T19:39:55.386Z,ak09918c magnetic field sensor,13.44,-12.0,3.72,3
712768162438920,2024-03-21T19:39:55.405Z,ak09918c magnetic field sensor,13.2,-11.099999,2.8799999,3
712768182438920,2024-03-21T19:39:55.426Z,ak09918c magnetic field sensor,13.0199995,-11.5199995,2.04,3
712768202438920,2024-03-21T19:39:55.445Z,ak09918c magnetic field sensor,13.799999,-11.46,2.6399999,3
712768222438920,2024-03-21T19:39:55.465Z,ak09918c magnetic field sensor,13.679999,-11.04,3.12,3
712768242438920,2024-03-21T19:39:55.485Z,ak09918c magnetic field sensor,13.559999,-11.16,2.76,3
712768262438920,2024-03-21T19:39:55.505Z,ak09918c magnetic field sensor,13.74,-11.4,2.34,3
712768282438920,2024-03-21T19:39:55.525Z,ak09918c magnetic field sensor,12.599999,-11.16,2.7,3
712768302438920,2024-03-21T19:39:55.546Z,ak09918c magnetic field sensor,12.719999,-11.099999,2.52,3
712768322439153,2024-03-21T19:39:55.566Z,ak09918c magnetic field sensor,13.259999,-11.759999,2.1599998,3
712768342439153,2024-03-21T19:39:55.586Z,ak09918c magnetic field sensor,13.139999,-12.12,2.58,3
712768362683499,2024-03-21T19:39:55.605Z,ak09918c magnetic field sensor,13.62,-12.0,3.0,3
712768382683499,2024-03-21T19:39:55.625Z,ak09918c magnetic field sensor,13.259999,-12.059999,4.02,3
712768402683499,2024-03-21T19:39:55.645Z,ak09918c magnetic field sensor,13.38,-11.94,3.48,3
712768422683265,2024-03-21T19:39:55.665Z,ak09918c magnetic field sensor,13.74,-11.219999,2.52,3
712768442683265,2024-03-21T19:39:55.686Z,ak09918c magnetic field sensor,13.74,-10.74,2.9399998,3
712768462683265,2024-03-21T19:39:55.705Z,ak09918c magnetic field sensor,13.86,-10.98,3.06,3
712768482683265,2024-03-21T19:39:55.726Z,ak09918c magnetic field sensor,14.219999,-11.34,2.8799999,3
712768502683265,2024-03-21T19:39:55.745Z,ak09918c magnetic field sensor,14.219999,-12.059999,2.76,3
712768522683265,2024-03-21T19:39:55.765Z,ak09918c magnetic field sensor,14.04,-12.42,2.82,3
712768542683265,2024-03-21T19:39:55.786Z,ak09918c magnetic field sensor,13.86,-11.94,2.6399999,3
712768562683265,2024-03-21T19:39:55.806Z,ak09918c magnetic field sensor,13.44,-11.759999,2.1599998,3
712768582683265,2024-03-21T19:39:55.825Z,ak09918c magnetic field sensor,13.5,-12.3,2.3999999,3
712768602683265,2024-03-21T19:39:55.845Z,ak09918c magnetic field sensor,13.98,-12.3,3.54,3
712768622683265,2024-03-21T19:39:55.865Z,ak09918c magnetic field sensor,14.28,-12.0,4.62,3
712768642683265,2024-03-21T19:39:55.885Z,ak09918c magnetic field sensor,13.5,-11.94,4.98,3
712768662683265,2024-03-21T19:39:55.905Z,ak09918c magnetic field sensor,13.5,-12.36,4.7999997,3
712768682683265,2024-03-21T19:39:55.925Z,ak09918c magnetic field sensor,13.62,-12.0,4.2,3
712768702683265,2024-03-21T19:39:55.946Z,ak09918c magnetic field sensor,12.54,-11.34,3.72,3
712768722683231,2024-03-21T19:39:55.966Z,ak09918c magnetic field sensor,12.24,-12.24,3.9599998,3
712768742683231,2024-03-21T19:39:55.986Z,ak09918c magnetic field sensor,12.719999,-12.179999,4.08,3
712768762683231,2024-03-21T19:39:56.006Z,ak09918c magnetic field sensor,12.96,-11.7,4.2,3
712768782683231,2024-03-21T19:39:56.025Z,ak09918c magnetic field sensor,13.2,-11.88,4.38,3
712768802683231,2024-03-21T19:39:56.046Z,ak09918c magnetic field sensor,13.44,-12.12,4.14,3
712768822683464,2024-03-21T19:39:56.065Z,ak09918c magnetic field sensor,12.96,-12.0,4.44,3
712768842683464,2024-03-21T19:39:56.085Z,ak09918c magnetic field sensor,12.599999,-11.94,3.9599998,3
712768862683464,2024-03-21T19:39:56.106Z,ak09918c magnetic field sensor,12.96,-11.759999,2.76,3
712768882683464,2024-03-21T19:39:56.125Z,ak09918c magnetic field sensor,13.139999,-11.46,3.0,3
712768902683464,2024-03-21T19:39:56.145Z,ak09918c magnetic field sensor,12.54,-12.36,3.24,3
712768922683230,2024-03-21T19:39:56.166Z,ak09918c magnetic field sensor,12.54,-11.88,2.7,3
712768942683230,2024-03-21T19:39:56.186Z,ak09918c magnetic field sensor,12.66,-12.059999,2.82,3
712768962683230,2024-03-21T19:39:56.205Z,ak09918c magnetic field sensor,12.36,-12.599999,3.36,3
712768982683230,2024-03-21T19:39:56.226Z,ak09918c magnetic field sensor,12.179999,-11.7,4.08,3
712769002683230,2024-03-21T19:39:56.246Z,ak09918c magnetic field sensor,11.7,-12.36,4.2599998,3
712769022683230,2024-03-21T19:39:56.265Z,ak09918c magnetic field sensor,11.5199995,-12.12,3.6599998,3
712769042683230,2024-03-21T19:39:56.286Z,ak09918c magnetic field sensor,12.0,-11.759999,3.36,3
712769062683230,2024-03-21T19:39:56.305Z,ak09918c magnetic field sensor,13.0199995,-12.84,3.12,3
712769082683230,2024-03-21T19:39:56.325Z,ak09918c magnetic field sensor,13.0199995,-12.599999,2.6399999,3
712769102683230,2024-03-21T19:39:56.346Z,ak09918c magnetic field sensor,12.84,-12.24,2.28,3
712769122683230,2024-03-21T19:39:56.365Z,ak09918c magnetic field sensor,12.78,-12.36,2.04,3
712769142683230,2024-03-21T19:39:56.385Z,ak09918c magnetic field sensor,11.94,-12.42,2.34,3
712769162683230,2024-03-21T19:39:56.406Z,ak09918c magnetic field sensor,11.639999,-12.42,3.06,3
712769182683230,2024-03-21T19:39:56.426Z,ak09918c magnetic field sensor,12.599999,-12.48,2.8799999,3
712769202683230,2024-03-21T19:39:56.446Z,ak09918c magnetic field sensor,12.599999,-12.42,2.22,3
712769222683230,2024-03-21T19:39:56.465Z,ak09918c magnetic field sensor,12.36,-12.12,2.3999999,3
712769242683230,2024-03-21T19:39:56.486Z,ak09918c magnetic field sensor,13.139999,-12.0,1.8,3
712769262683230,2024-03-21T19:39:56.505Z,ak09918c magnetic field sensor,13.2,-12.179999,1.02,3
712769282683230,2024-03-21T19:39:56.526Z,ak09918c magnetic field sensor,12.48,-11.88,0.71999997,3
712769302683230,2024-03-21T19:39:56.545Z,ak09918c magnetic field sensor,12.179999,-12.0,0.35999998,3
712769322683463,2024-03-21T19:39:56.565Z,ak09918c magnetic field sensor,11.88,-12.48,0.71999997,3
712769342683463,2024-03-21T19:39:56.586Z,ak09918c magnetic field sensor,11.759999,-12.059999,0.84,3
712769362683463,2024-03-21T19:39:56.606Z,ak09918c magnetic field sensor,12.48,-12.48,1.38,3
712769382683463,2024-03-21T19:39:56.625Z,ak09918c magnetic field sensor,13.2,-12.42,1.92,3
712769402683463,2024-03-21T19:39:56.646Z,ak09918c magnetic field sensor,12.9,-12.179999,0.9,3
712769422683229,2024-03-21T19:39:56.666Z,ak09918c magnetic field sensor,12.3,-12.78,0.48,3
712769442683229,2024-03-21T19:39:56.686Z,ak09918c magnetic field sensor,12.3,-12.36,0.9,3
712769462683229,2024-03-21T19:39:56.705Z,ak09918c magnetic field sensor,12.179999,-12.84,0.96,3
712769482683229,2024-03-21T19:39:56.726Z,ak09918c magnetic field sensor,12.12,-12.66,1.5,3
712769502683229,2024-03-21T19:39:56.745Z,ak09918c magnetic field sensor,12.12,-12.24,2.7,3
712769522683229,2024-03-21T19:39:56.765Z,ak09918c magnetic field sensor,11.58,-13.0199995,2.76,3
712769542683229,2024-03-21T19:39:56.786Z,ak09918c magnetic field sensor,11.7,-13.32,2.1,3
712769562683229,2024-03-21T19:39:56.805Z,ak09918c magnetic field sensor,12.36,-13.5,2.04,3
712769582683229,2024-03-21T19:39:56.826Z,ak09918c magnetic field sensor,12.84,-13.32,1.9799999,3
712769602683229,2024-03-21T19:39:56.845Z,ak09918c magnetic field sensor,13.08,-12.9,2.04,3
712769622683229,2024-03-21T19:39:56.865Z,ak09918c magnetic field sensor,12.36,-13.32,2.46,3
712769642683229,2024-03-21T19:39:56.885Z,ak09918c magnetic field sensor,12.36,-13.38,3.3,3
712769662683229,2024-03-21T19:39:56.906Z,ak09918c magnetic field sensor,12.54,-12.96,3.12,3
712769682683229,2024-03-21T19:39:56.926Z,ak09918c magnetic field sensor,11.7,-12.66,3.0,3
712769702683229,2024-03-21T19:39:56.946Z,ak09918c magnetic field sensor,10.98,-12.78,2.46,3
712769722683229,2024-03-21T19:39:56.966Z,ak09918c magnetic field sensor,11.5199995,-13.799999,2.04,3
712769742683229,2024-03-21T19:39:56.986Z,ak09918c magnetic field sensor,12.059999,-13.98,2.82,3
712769762683229,2024-03-21T19:39:57.006Z,ak09918c magnetic field sensor,11.82,-13.679999,3.24,3
712769782683229,2024-03-21T19:39:57.025Z,ak09918c magnetic field sensor,11.759999,-13.679999,3.4199998,3
712769802683229,2024-03-21T19:39:57.046Z,ak09918c magnetic field sensor,11.46,-14.639999,3.54,3
712769822683462,2024-03-21T19:39:57.066Z,ak09918c magnetic field sensor,11.5199995,-14.7,3.78,3
712769842683462,2024-03-21T19:39:57.086Z,ak09918c magnetic field sensor,11.5199995,-14.099999,3.36,3
712769862683462,2024-03-21T19:39:57.105Z,ak09918c magnetic field sensor,11.04,-14.5199995,2.9399998,3
712769882683462,2024-03-21T19:39:57.126Z,ak09918c magnetic field sensor,10.86,-14.04,3.6599998,3
712769902683462,2024-03-21T19:39:57.146Z,ak09918c magnetic field sensor,10.86,-13.86,4.68,3
712769922683228,2024-03-21T19:39:57.166Z,ak09918c magnetic field sensor,10.98,-14.16,4.3199997,3
712769942683228,2024-03-21T19:39:57.186Z,ak09918c magnetic field sensor,10.5,-14.46,4.08,3
712769962683228,2024-03-21T19:39:57.205Z,ak09918c magnetic field sensor,10.26,-14.099999,4.08,3
712769982683228,2024-03-21T19:39:57.226Z,ak09918c magnetic field sensor,10.139999,-13.559999,3.6,3
712770002683228,2024-03-21T19:39:57.246Z,ak09918c magnetic field sensor,10.139999,-14.219999,2.6399999,3
712770022683228,2024-03-21T19:39:57.266Z,ak09918c magnetic field sensor,10.44,-13.98,3.06,3
712770042683228,2024-03-21T19:39:57.286Z,ak09918c magnetic field sensor,10.26,-13.92,4.2599998,3
712770062683228,2024-03-21T19:39:57.306Z,ak09918c magnetic field sensor,10.8,-14.5199995,4.14,3
712770082683228,2024-03-21T19:39:57.326Z,ak09918c magnetic field sensor,10.98,-14.4,4.02,3
712770102683228,2024-03-21T19:39:57.346Z,ak09918c magnetic field sensor,11.46,-13.679999,4.08,3
712770122683228,2024-03-21T19:39:57.365Z,ak09918c magnetic field sensor,11.46,-13.74,3.78,3
712770142683228,2024-03-21T19:39:57.385Z,ak09918c magnetic field sensor,10.38,-14.219999,4.08,3
712770162683228,2024-03-21T19:39:57.405Z,ak09918c magnetic field sensor,10.62,-13.86,4.92,3
712770182683228,2024-03-21T19:39:57.425Z,ak09918c magnetic field sensor,10.0199995,-13.74,4.5,3
712770202683228,2024-03-21T19:39:57.445Z,ak09918c magnetic field sensor,9.179999,-13.74,3.84,3
712770222683228,2024-03-21T19:39:57.466Z,ak09918c magnetic field sensor,9.719999,-13.799999,3.72,3
712770242683228,2024-03-21T19:39:57.485Z,ak09918c magnetic field sensor,10.2,-13.98,3.72,3
712770262683228,2024-03-21T19:39:57.505Z,ak09918c magnetic field sensor,10.62,-13.799999,4.02,3
712770282683228,2024-03-21T19:39:57.526Z,ak09918c magnetic field sensor,10.86,-14.46,3.9599998,3
712770302683228,2024-03-21T19:39:57.546Z,ak09918c magnetic field sensor,10.679999,-15.42,4.08,3
712770322683461,2024-03-21T19:39:57.565Z,ak09918c magnetic field sensor,10.26,-14.759999,4.38,3
712770342683461,2024-03-21T19:39:57.585Z,ak09918c magnetic field sensor,10.559999,-14.16,3.84,3
712770362683461,2024-03-21T19:39:57.605Z,ak09918c magnetic field sensor,11.28,-14.639999,3.4199998,3
712770382683461,2024-03-21T19:39:57.626Z,ak09918c magnetic field sensor,10.98,-14.34,3.4199998,3
712770402683461,2024-03-21T19:39:57.645Z,ak09918c magnetic field sensor,10.62,-13.74,3.6,3
712770422683227,2024-03-21T19:39:57.666Z,ak09918c magnetic field sensor,10.679999,-13.98,4.02,3
712770442683227,2024-03-21T19:39:57.686Z,ak09918c magnetic field sensor,10.44,-13.86,3.84,3
712770462683227,2024-03-21T19:39:57.706Z,ak09918c magnetic field sensor,11.16,-13.98,4.3199997,3
712770482683227,2024-03-21T19:39:57.726Z,ak09918c magnetic field sensor,10.8,-14.7,5.4,3
712770502683227,2024-03-21T19:39:57.745Z,ak09918c magnetic field sensor,10.139999,-14.5199995,5.16,3
712770522683227,2024-03-21T19:39:57.766Z,ak09918c magnetic field sensor,10.86,-14.4,5.94,3
712770542683227,2024-03-21T19:39:57.786Z,ak09918c magnetic field sensor,10.62,-14.88,7.2,3
712770562683227,2024-03-21T19:39:57.806Z,ak09918c magnetic field sensor,10.0199995,-14.639999,8.16,3
712770582683227,2024-03-21T19:39:57.826Z,ak09918c magnetic field sensor,10.139999,-14.04,8.16,3
712770602683227,2024-03-21T19:39:57.845Z,ak09918c magnetic field sensor,9.48,-14.7,7.08,3
712770622683227,2024-03-21T19:39:57.866Z,ak09918c magnetic field sensor,8.76,-15.12,8.099999,3
712770642683227,2024-03-21T19:39:57.885Z,ak09918c magnetic field sensor,8.639999,-15.0,9.36,3
712770662683227,2024-03-21T19:39:57.905Z,ak09918c magnetic field sensor,8.46,-15.299999,9.059999,3
712770682683227,2024-03-21T19:39:57.926Z,ak09918c magnetic field sensor,7.62,-15.24,9.66,3
712770702683227,2024-03-21T19:39:57.945Z,ak09918c magnetic field sensor,7.08,-15.179999,10.44,3
712770722683227,2024-03-21T19:39:57.965Z,ak09918c magnetic field sensor,6.96,-14.82,11.04,3
712770742683227,2024-03-21T19:39:57.985Z,ak09918c magnetic field sensor,6.48,-14.7,11.34,3
712770762683227,2024-03-21T19:39:58.005Z,ak09918c magnetic field sensor,6.8399997,-14.7,11.7,3
712770782683227,2024-03-21T19:39:58.026Z,ak09918c magnetic field sensor,7.3799996,-14.46,12.54,3
712770802683227,2024-03-21T19:39:58.046Z,ak09918c magnetic field sensor,6.8999996,-14.5199995,13.44,3
712770822683460,2024-03-21T19:39:58.066Z,ak09918c magnetic field sensor,6.24,-14.5199995,13.38,3
712770842683460,2024-03-21T19:39:58.086Z,ak09918c magnetic field sensor,5.4,-14.28,13.799999,3
712770862683460,2024-03-21T19:39:58.105Z,ak09918c magnetic field sensor,4.98,-14.759999,14.639999,3
712770882683460,2024-03-21T19:39:58.125Z,ak09918c magnetic field sensor,5.1,-14.759999,15.599999,3
712770902683460,2024-03-21T19:39:58.145Z,ak09918c magnetic field sensor,5.3399997,-13.92,16.38,3
712770922683226,2024-03-21T19:39:58.165Z,ak09918c magnetic field sensor,5.2799997,-13.08,16.26,3
712770942683226,2024-03-21T19:39:58.186Z,ak09918c magnetic field sensor,4.98,-12.12,16.74,3
712770962683226,2024-03-21T19:39:58.205Z,ak09918c magnetic field sensor,4.5,-12.24,17.46,3
712770982683226,2024-03-21T19:39:58.226Z,ak09918c magnetic field sensor,3.72,-12.48,18.24,3
712771002683226,2024-03-21T19:39:58.246Z,ak09918c magnetic field sensor,4.2,-12.9,18.48,3
712771022683226,2024-03-21T19:39:58.266Z,ak09918c magnetic field sensor,4.44,-12.54,18.779999,3
712771042683226,2024-03-21T19:39:58.286Z,ak09918c magnetic field sensor,4.3199997,-11.639999,19.02,3
712771062683226,2024-03-21T19:39:58.306Z,ak09918c magnetic field sensor,4.38,-11.4,18.96,3
712771082683226,2024-03-21T19:39:58.326Z,ak09918c magnetic field sensor,3.8999999,-11.46,19.26,3
712771102683226,2024-03-21T19:39:58.346Z,ak09918c magnetic field sensor,4.2,-11.82,19.74,3
712771122683226,2024-03-21T19:39:58.366Z,ak09918c magnetic field sensor,4.44,-11.7,19.92,3
712771142683226,2024-03-21T19:39:58.385Z,ak09918c magnetic field sensor,4.2,-11.099999,19.8,3
712771162683226,2024-03-21T19:39:58.406Z,ak09918c magnetic field sensor,3.3,-11.4,19.26,3
712771182683226,2024-03-21T19:39:58.425Z,ak09918c magnetic field sensor,2.28,-11.759999,19.32,3
712771202683226,2024-03-21T19:39:58.445Z,ak09918c magnetic field sensor,2.9399998,-11.46,19.32,3
712771222683226,2024-03-21T19:39:58.466Z,ak09918c magnetic field sensor,3.8999999,-11.16,18.779999,3
712771242683226,2024-03-21T19:39:58.486Z,ak09918c magnetic field sensor,3.54,-10.8,19.08,3
712771262683226,2024-03-21T19:39:58.505Z,ak09918c magnetic field sensor,3.0,-11.759999,19.14,3
712771282683226,2024-03-21T19:39:58.525Z,ak09918c magnetic field sensor,3.36,-12.059999,18.9,3
712771302683226,2024-03-21T19:39:58.545Z,ak09918c magnetic field sensor,3.36,-11.82,19.08,3
712771322683459,2024-03-21T19:39:58.566Z,ak09918c magnetic field sensor,2.46,-12.0,19.08,3
712771342683459,2024-03-21T19:39:58.586Z,ak09918c magnetic field sensor,1.8,-11.94,18.96,3
712771362683459,2024-03-21T19:39:58.606Z,ak09918c magnetic field sensor,2.22,-11.5199995,19.38,3
712771382683459,2024-03-21T19:39:58.626Z,ak09918c magnetic field sensor,2.76,-11.82,19.68,3
712771402683459,2024-03-21T19:39:58.645Z,ak09918c magnetic field sensor,3.4199998,-12.48,19.38,3
712771422683225,2024-03-21T19:39:58.665Z,ak09918c magnetic field sensor,4.2599998,-12.66,19.32,3
712771442683225,2024-03-21T19:39:58.685Z,ak09918c magnetic field sensor,3.6599998,-12.54,19.74,3
712771462683225,2024-03-21T19:39:58.706Z,ak09918c magnetic field sensor,2.58,-11.82,19.08,3
712771482683225,2024-03-21T19:39:58.726Z,ak09918c magnetic field sensor,2.52,-11.639999,18.6,3
712771502683225,2024-03-21T19:39:58.746Z,ak09918c magnetic field sensor,2.8799999,-11.5199995,19.199999,3
712771522683225,2024-03-21T19:39:58.765Z,ak09918c magnetic field sensor,2.7,-11.04,19.68,3
712771542683225,2024-03-21T19:39:58.786Z,ak09918c magnetic field sensor,2.52,-10.86,19.68,3
712771562683225,2024-03-21T19:39:58.805Z,ak09918c magnetic field sensor,2.46,-11.219999,19.5,3
712771582683225,2024-03-21T19:39:58.826Z,ak09918c magnetic field sensor,3.1799998,-11.4,20.1,3
712771602683225,2024-03-21T19:39:58.845Z,ak09918c magnetic field sensor,4.08,-11.04,20.34,3
712771622683225,2024-03-21T19:39:58.866Z,ak09918c magnetic field sensor,3.8999999,-11.099999,19.92,3
712771642683225,2024-03-21T19:39:58.886Z,ak09918c magnetic field sensor,3.9599998,-11.4,20.52,3
712771662683225,2024-03-21T19:39:58.906Z,ak09918c magnetic field sensor,4.02,-11.28,20.699999,3
712771682683225,2024-03-21T19:39:58.925Z,ak09918c magnetic field sensor,3.1799998,-10.679999,20.039999,3
712771702683225,2024-03-21T19:39:58.945Z,ak09918c magnetic field sensor,3.24,-10.559999,20.16,3
712771722683225,2024-03-21T19:39:58.966Z,ak09918c magnetic field sensor,4.2,-10.92,20.58,3
712771742683225,2024-03-21T19:39:58.985Z,ak09918c magnetic field sensor,3.78,-10.8,20.34,3
712771762683225,2024-03-21T19:39:59.005Z,ak09918c magnetic field sensor,2.76,-10.26,20.46,3
712771782683225,2024-03-21T19:39:59.025Z,ak09918c magnetic field sensor,2.7,-9.599999,20.82,3
712771802683225,2024-03-21T19:39:59.045Z,ak09918c magnetic field sensor,2.52,-9.42,21.119999,3
712771822683458,2024-03-21T19:39:59.066Z,ak09918c magnetic field sensor,2.46,-9.059999,21.48,3
712771842683458,2024-03-21T19:39:59.085Z,ak09918c magnetic field sensor,3.06,-9.179999,21.539999,3
712771862683458,2024-03-21T19:39:59.105Z,ak09918c magnetic field sensor,3.1799998,-9.059999,21.3,3
712771882683458,2024-03-21T19:39:59.125Z,ak09918c magnetic field sensor,2.8799999,-8.7,21.48,3
712771902683458,2024-03-21T19:39:59.146Z,ak09918c magnetic field sensor,2.9399998,-8.82,22.26,3
712771922683224,2024-03-21T19:39:59.165Z,ak09918c magnetic field sensor,3.4199998,-9.24,21.66,3
712771942683224,2024-03-21T19:39:59.186Z,ak09918c magnetic field sensor,2.76,-9.0,21.48,3
712771962683224,2024-03-21T19:39:59.205Z,ak09918c magnetic field sensor,2.76,-8.639999,22.92,3
712771982683224,2024-03-21T19:39:59.226Z,ak09918c magnetic field sensor,4.14,-8.4,22.32,3
712772002683224,2024-03-21T19:39:59.246Z,ak09918c magnetic field sensor,3.48,-7.9199996,21.779999,3
712772022683224,2024-03-21T19:39:59.266Z,ak09918c magnetic field sensor,2.58,-8.4,22.74,3
712772042683224,2024-03-21T19:39:59.285Z,ak09918c magnetic field sensor,1.86,-8.46,23.16,3
712772062683224,2024-03-21T19:39:59.306Z,ak09918c magnetic field sensor,1.26,-8.16,23.34,3
712772082683224,2024-03-21T19:39:59.325Z,ak09918c magnetic field sensor,2.1,-8.58,22.439999,3
712772102683224,2024-03-21T19:39:59.345Z,ak09918c magnetic field sensor,2.46,-8.76,21.779999,3
712772122683224,2024-03-21T19:39:59.366Z,ak09918c magnetic field sensor,2.7,-8.4,22.439999,3
712772142683224,2024-03-21T19:39:59.386Z,ak09918c magnetic field sensor,3.1799998,-7.98,22.98,3
712772162683224,2024-03-21T19:39:59.405Z,ak09918c magnetic field sensor,2.6399999,-7.9199996,21.9,3
712772182683224,2024-03-21T19:39:59.426Z,ak09918c magnetic field sensor,2.1599998,-7.8599997,21.72,3
712772202683224,2024-03-21T19:39:59.445Z,ak09918c magnetic field sensor,1.86,-8.639999,23.279999,3
712772222683224,2024-03-21T19:39:59.466Z,ak09918c magnetic field sensor,1.26,-8.7,23.34,3
712772242683224,2024-03-21T19:39:59.485Z,ak09918c magnetic field sensor,1.4399999,-8.04,22.14,3
712772262683224,2024-03-21T19:39:59.505Z,ak09918c magnetic field sensor,2.04,-8.76,22.8,3
712772282683224,2024-03-21T19:39:59.525Z,ak09918c magnetic field sensor,1.8,-8.94,23.1,3
712772302683224,2024-03-21T19:39:59.545Z,ak09918c magnetic field sensor,1.8,-7.68,21.539999,3
712772322683457,2024-03-21T19:39:59.566Z,ak09918c magnetic field sensor,2.6399999,-8.4,21.96,3
712772342683457,2024-03-21T19:39:59.585Z,ak09918c magnetic field sensor,1.92,-9.12,22.5,3
712772362683457,2024-03-21T19:39:59.605Z,ak09918c magnetic field sensor,0.78,-8.82,22.619999,3
712772382683457,2024-03-21T19:39:59.625Z,ak09918c magnetic field sensor,0.17999999,-9.179999,23.039999,3
712772402683457,2024-03-21T19:39:59.645Z,ak09918c magnetic field sensor,-0.24,-8.82,23.16,3
712772422683223,2024-03-21T19:39:59.665Z,ak09918c magnetic field sensor,0.12,-8.7,22.74,3
712772442683223,2024-03-21T19:39:59.686Z,ak09918c magnetic field sensor,0.35999998,-9.42,22.199999,3
712772462683223,2024-03-21T19:39:59.706Z,ak09918c magnetic field sensor,0.78,-10.08,21.18,3
712772482683223,2024-03-21T19:39:59.726Z,ak09918c magnetic field sensor,1.14,-10.08,20.22,3
712772502683223,2024-03-21T19:39:59.745Z,ak09918c magnetic field sensor,1.3199999,-10.679999,19.92,3
712772522683223,2024-03-21T19:39:59.765Z,ak09918c magnetic field sensor,1.14,-11.219999,19.92,3
712772542683223,2024-03-21T19:39:59.785Z,ak09918c magnetic field sensor,0.9,-11.16,19.38,3
712772562683223,2024-03-21T19:39:59.806Z,ak09918c magnetic field sensor,0.24,-11.34,18.539999,3
712772582683223,2024-03-21T19:39:59.825Z,ak09918c magnetic field sensor,-0.35999998,-11.639999,19.32,3
712772602683223,2024-03-21T19:39:59.845Z,ak09918c magnetic field sensor,0.48,-12.12,19.56,3
712772622683489,2024-03-21T19:39:59.866Z,ak09918c magnetic field sensor,1.9799999,-11.639999,19.859999,3
712772642683489,2024-03-21T19:39:59.886Z,ak09918c magnetic field sensor,2.34,-11.04,19.98,3
712772662683489,2024-03-21T19:39:59.906Z,ak09918c magnetic field sensor,1.92,-12.12,18.72,3
712772682683489,2024-03-21T19:39:59.926Z,ak09918c magnetic field sensor,2.04,-12.599999,18.42,3
712772702683489,2024-03-21T19:39:59.946Z,ak09918c magnetic field sensor,1.74,-11.82,19.32,3
712772722683489,2024-03-21T19:39:59.965Z,ak09918c magnetic field sensor,1.3199999,-11.7,20.34,3
712772742683489,2024-03-21T19:39:59.986Z,ak09918c magnetic field sensor,1.4399999,-12.12,20.58,3
712772762683489,2024-03-21T19:40:00.005Z,ak09918c magnetic field sensor,1.56,-12.24,20.039999,3
712772782683489,2024-03-21T19:40:00.026Z,ak09918c magnetic field sensor,1.86,-11.88,19.74,3
712772802683489,2024-03-21T19:40:00.046Z,ak09918c magnetic field sensor,1.9799999,-11.7,19.98,3
712772822683722,2024-03-21T19:40:00.065Z,ak09918c magnetic field sensor,2.34,-11.759999,19.56,3
712772842683722,2024-03-21T19:40:00.086Z,ak09918c magnetic field sensor,3.24,-11.94,19.439999,3
712772862683722,2024-03-21T19:40:00.106Z,ak09918c magnetic field sensor,2.76,-11.639999,19.92,3
712772882683722,2024-03-21T19:40:00.126Z,ak09918c magnetic field sensor,2.52,-11.34,19.859999,3
712772902683722,2024-03-21T19:40:00.146Z,ak09918c magnetic field sensor,2.52,-11.5199995,20.34,3
712772922683488,2024-03-21T19:40:00.166Z,ak09918c magnetic field sensor,2.22,-11.099999,20.58,3
712772942683488,2024-03-21T19:40:00.185Z,ak09918c magnetic field sensor,3.0,-10.98,20.22,3
712772962683488,2024-03-21T19:40:00.205Z,ak09918c magnetic field sensor,4.8599997,-10.8,19.92,3
712772982683488,2024-03-21T19:40:00.225Z,ak09918c magnetic field sensor,5.2799997,-10.74,19.68,3
712773002683488,2024-03-21T19:40:00.245Z,ak09918c magnetic field sensor,4.3199997,-11.099999,19.68,3
712773022683488,2024-03-21T19:40:00.265Z,ak09918c magnetic field sensor,3.54,-11.46,19.859999,3
712773042683488,2024-03-21T19:40:00.285Z,ak09918c magnetic field sensor,3.24,-11.4,20.16,3
712773062683488,2024-03-21T19:40:00.305Z,ak09918c magnetic field sensor,3.0,-11.4,20.1,3
712773082683488,2024-03-21T19:40:00.325Z,ak09918c magnetic field sensor,2.7,-11.639999,20.22,3
712773102683488,2024-03-21T19:40:00.345Z,ak09918c magnetic field sensor,3.54,-10.92,20.64,3
712773122683488,2024-03-21T19:40:00.366Z,ak09918c magnetic field sensor,3.8999999,-10.559999,20.939999,3
712773142683488,2024-03-21T19:40:00.386Z,ak09918c magnetic field sensor,3.24,-10.62,20.939999,3
712773162683488,2024-03-21T19:40:00.406Z,ak09918c magnetic field sensor,2.58,-10.86,20.1,3
712773182683488,2024-03-21T19:40:00.426Z,ak09918c magnetic field sensor,2.3999999,-11.46,19.8,3
712773202683488,2024-03-21T19:40:00.445Z,ak09918c magnetic field sensor,2.04,-11.16,20.4,3
712773222683221,2024-03-21T19:40:00.466Z,ak09918c magnetic field sensor,2.76,-10.44,20.64,3
712773242683221,2024-03-21T19:40:00.486Z,ak09918c magnetic field sensor,3.0,-10.62,21.18,3
712773262683221,2024-03-21T19:40:00.505Z,ak09918c magnetic field sensor,2.34,-11.639999,21.119999,3
712773282683221,2024-03-21T19:40:00.526Z,ak09918c magnetic field sensor,2.3999999,-11.82,20.279999,3
712773302683221,2024-03-21T19:40:00.546Z,ak09918c magnetic field sensor,1.9799999,-11.46,20.4,3
712773322683454,2024-03-21T19:40:00.566Z,ak09918c magnetic field sensor,2.52,-11.04,20.22,3
712773342683454,2024-03-21T19:40:00.586Z,ak09918c magnetic field sensor,2.58,-11.34,20.46,3
712773362683454,2024-03-21T19:40:00.606Z,ak09918c magnetic field sensor,2.04,-11.46,20.34,3
712773382683454,2024-03-21T19:40:00.626Z,ak09918c magnetic field sensor,2.1599998,-10.92,20.52,3
712773402683454,2024-03-21T19:40:00.645Z,ak09918c magnetic field sensor,2.04,-10.92,21.0,3
712773422683220,2024-03-21T19:40:00.665Z,ak09918c magnetic field sensor,2.22,-10.86,19.74,3
712773442683220,2024-03-21T19:40:00.686Z,ak09918c magnetic field sensor,2.8799999,-11.34,19.8,3
712773462683220,2024-03-21T19:40:00.705Z,ak09918c magnetic field sensor,3.0,-11.639999,20.34,3
712773482683220,2024-03-21T19:40:00.726Z,ak09918c magnetic field sensor,2.6399999,-11.16,20.76,3
712773502683220,2024-03-21T19:40:00.746Z,ak09918c magnetic field sensor,1.8,-11.759999,21.18,3
712773522683220,2024-03-21T19:40:00.766Z,ak09918c magnetic field sensor,1.62,-11.82,20.76,3
712773542683220,2024-03-21T19:40:00.785Z,ak09918c magnetic field sensor,1.74,-11.58,20.699999,3
712773562683220,2024-03-21T19:40:00.806Z,ak09918c magnetic field sensor,2.1599998,-11.94,20.039999,3
712773582683220,2024-03-21T19:40:00.826Z,ak09918c magnetic field sensor,2.7,-11.4,19.08,3
712773602683220,2024-03-21T19:40:00.845Z,ak09918c magnetic field sensor,2.34,-10.86,19.38,3
712773622683220,2024-03-21T19:40:00.866Z,ak09918c magnetic field sensor,2.7,-10.98,20.16,3
712773642683220,2024-03-21T19:40:00.886Z,ak09918c magnetic field sensor,3.1799998,-11.88,19.98,3
712773662683220,2024-03-21T19:40:00.906Z,ak09918c magnetic field sensor,3.6,-12.54,19.8,3
712773682683220,2024-03-21T19:40:00.926Z,ak09918c magnetic field sensor,3.9599998,-12.059999,20.76,3
712773702683220,2024-03-21T19:40:00.945Z,ak09918c magnetic field sensor,3.78,-11.639999,21.3,3
712773722683220,2024-03-21T19:40:00.966Z,ak09918c magnetic field sensor,3.3,-11.5199995,20.58,3
712773742683220,2024-03-21T19:40:00.985Z,ak09918c magnetic field sensor,2.82,-11.46,19.8,3
712773762683220,2024-03-21T19:40:01.006Z,ak09918c magnetic field sensor,2.34,-11.82,19.56,3
712773782683220,2024-03-21T19:40:01.026Z,ak09918c magnetic field sensor,2.9399998,-11.94,20.58,3
712773802683220,2024-03-21T19:40:01.045Z,ak09918c magnetic field sensor,3.0,-11.639999,21.06,3
712773822683453,2024-03-21T19:40:01.066Z,ak09918c magnetic field sensor,2.52,-11.28,20.939999,3
712773842683453,2024-03-21T19:40:01.086Z,ak09918c magnetic field sensor,2.76,-10.98,21.42,3
712773862683453,2024-03-21T19:40:01.106Z,ak09918c magnetic field sensor,2.76,-10.32,21.42,3
712773882683453,2024-03-21T19:40:01.125Z,ak09918c magnetic field sensor,2.7,-9.84,21.06,3
712773902683453,2024-03-21T19:40:01.146Z,ak09918c magnetic field sensor,3.12,-9.84,21.6,3
712773922683219,2024-03-21T19:40:01.166Z,ak09918c magnetic field sensor,2.8799999,-10.86,21.779999,3
712773942683219,2024-03-21T19:40:01.185Z,ak09918c magnetic field sensor,1.74,-10.86,21.48,3
712773962683219,2024-03-21T19:40:01.205Z,ak09918c magnetic field sensor,2.1,-10.38,21.24,3
712773982683219,2024-03-21T19:40:01.226Z,ak09918c magnetic field sensor,3.48,-10.8,21.0,3
712774002683219,2024-03-21T19:40:01.246Z,ak09918c magnetic field sensor,3.6,-10.92,21.48,3
712774022683219,2024-03-21T19:40:01.265Z,ak09918c magnetic field sensor,3.6599998,-10.8,20.76,3
712774042683219,2024-03-21T19:40:01.286Z,ak09918c magnetic field sensor,3.9599998,-10.559999,20.699999,3
712774062683219,2024-03-21T19:40:01.306Z,ak09918c magnetic field sensor,3.6,-10.679999,20.88,3
712774082683219,2024-03-21T19:40:01.325Z,ak09918c magnetic field sensor,3.48,-10.44,21.24,3
712774102683219,2024-03-21T19:40:01.345Z,ak09918c magnetic field sensor,3.78,-9.54,21.119999,3
712774122683219,2024-03-21T19:40:01.365Z,ak09918c magnetic field sensor,3.6,-9.599999,20.64,3
712774142683219,2024-03-21T19:40:01.385Z,ak09918c magnetic field sensor,2.46,-9.48,21.119999,3
712774162683219,2024-03-21T19:40:01.406Z,ak09918c magnetic field sensor,2.6399999,-9.36,20.82,3
712774182683219,2024-03-21T19:40:01.426Z,ak09918c magnetic field sensor,3.8999999,-10.26,21.84,3
712774202683219,2024-03-21T19:40:01.445Z,ak09918c magnetic field sensor,4.08,-10.32,22.56,3
712774222683219,2024-03-21T19:40:01.465Z,ak09918c magnetic field sensor,3.54,-9.96,22.14,3
712774242683219,2024-03-21T19:40:01.485Z,ak09918c magnetic field sensor,3.06,-9.9,22.56,3
712774262683219,2024-03-21T19:40:01.505Z,ak09918c magnetic field sensor,2.3999999,-10.08,21.9,3
712774282683219,2024-03-21T19:40:01.525Z,ak09918c magnetic field sensor,2.28,-10.26,21.48,3
712774302683219,2024-03-21T19:40:01.545Z,ak09918c magnetic field sensor,1.86,-9.9,22.14,3
712774322683452,2024-03-21T19:40:01.565Z,ak09918c magnetic field sensor,1.86,-9.9,22.02,3
712774342683452,2024-03-21T19:40:01.586Z,ak09918c magnetic field sensor,1.8,-9.719999,21.9,3
712774362683452,2024-03-21T19:40:01.606Z,ak09918c magnetic field sensor,1.4399999,-9.48,22.02,3
712774382683452,2024-03-21T19:40:01.626Z,ak09918c magnetic field sensor,1.68,-9.9,22.32,3
712774402683452,2024-03-21T19:40:01.646Z,ak09918c magnetic field sensor,1.3199999,-9.84,22.439999,3
712774422683218,2024-03-21T19:40:01.665Z,ak09918c magnetic field sensor,1.68,-9.9,21.539999,3
712774442683218,2024-03-21T19:40:01.685Z,ak09918c magnetic field sensor,1.38,-9.66,21.24,3
712774462683218,2024-03-21T19:40:01.705Z,ak09918c magnetic field sensor,1.56,-9.599999,22.14,3
712774482683218,2024-03-21T19:40:01.726Z,ak09918c magnetic field sensor,1.68,-9.42,22.439999,3
712774502683218,2024-03-21T19:40:01.746Z,ak09918c magnetic field sensor,1.14,-9.9,21.779999,3
712774522683218,2024-03-21T19:40:01.766Z,ak09918c magnetic field sensor,1.3199999,-10.74,21.66,3
712774542683218,2024-03-21T19:40:01.785Z,ak09918c magnetic field sensor,1.4399999,-9.84,21.9,3
712774562683218,2024-03-21T19:40:01.805Z,ak09918c magnetic field sensor,1.74,-8.7,22.38,3
712774582683218,2024-03-21T19:40:01.826Z,ak09918c magnetic field sensor,0.84,-9.42,22.859999,3
712774602683218,2024-03-21T19:40:01.846Z,ak09918c magnetic field sensor,1.14,-9.78,22.38,3
712774622683218,2024-03-21T19:40:01.865Z,ak09918c magnetic field sensor,1.86,-9.24,21.42,3
712774642683218,2024-03-21T19:40:01.886Z,ak09918c magnetic field sensor,1.38,-9.66,21.9,3
712774662683218,2024-03-21T19:40:01.905Z,ak09918c magnetic field sensor,1.9799999,-10.0199995,22.5,3
712774682683218,2024-03-21T19:40:01.925Z,ak09918c magnetic field sensor,2.8799999,-10.08,22.38,3
712774702683218,2024-03-21T19:40:01.946Z,ak09918c magnetic field sensor,2.58,-10.139999,21.96,3
712774722683218,2024-03-21T19:40:01.965Z,ak09918c magnetic field sensor,2.82,-10.26,21.6,3
712774742683218,2024-03-21T19:40:01.985Z,ak09918c magnetic field sensor,2.8799999,-10.26,21.72,3
712774762683218,2024-03-21T19:40:02.005Z,ak09918c magnetic field sensor,2.34,-10.98,21.539999,3
712774782683218,2024-03-21T19:40:02.025Z,ak09918c magnetic field sensor,2.82,-10.74,22.02,3
712774802683218,2024-03-21T19:40:02.045Z,ak09918c magnetic field sensor,2.1599998,-9.78,22.26,3
712774822683451,2024-03-21T19:40:02.065Z,ak09918c magnetic field sensor,2.04,-10.0199995,22.26,3
712774842683451,2024-03-21T19:40:02.085Z,ak09918c magnetic field sensor,1.9799999,-10.5,22.02,3
712774862683451,2024-03-21T19:40:02.106Z,ak09918c magnetic field sensor,1.5,-10.679999,21.84,3
712774882683451,2024-03-21T19:40:02.126Z,ak09918c magnetic field sensor,1.26,-10.139999,21.72,3
712774902683451,2024-03-21T19:40:02.145Z,ak09918c magnetic field sensor,1.8,-10.0199995,21.42,3
712774922683217,2024-03-21T19:40:02.165Z,ak09918c magnetic field sensor,2.46,-9.719999,22.08,3
712774942683217,2024-03-21T19:40:02.186Z,ak09918c magnetic field sensor,2.22,-9.36,22.92,3
712774962683217,2024-03-21T19:40:02.205Z,ak09918c magnetic field sensor,2.46,-9.78,22.56,3
712774982683217,2024-03-21T19:40:02.226Z,ak09918c magnetic field sensor,2.34,-9.96,22.08,3
712775002683217,2024-03-21T19:40:02.246Z,ak09918c magnetic field sensor,2.7,-9.36,22.439999,3
712775022683217,2024-03-21T19:40:02.265Z,ak09918c magnetic field sensor,3.06,-8.76,23.16,3
712775042683217,2024-03-21T19:40:02.285Z,ak09918c magnetic field sensor,2.52,-8.94,23.699999,3
712775062683217,2024-03-21T19:40:02.306Z,ak09918c magnetic field sensor,2.58,-8.76,23.46,3
712775082683217,2024-03-21T19:40:02.325Z,ak09918c magnetic field sensor,3.3,-8.76,21.96,3
712775102683217,2024-03-21T19:40:02.345Z,ak09918c magnetic field sensor,3.24,-9.3,21.3,3
712775122683217,2024-03-21T19:40:02.366Z,ak09918c magnetic field sensor,2.76,-8.94,22.26,3
712775142683217,2024-03-21T19:40:02.386Z,ak09918c magnetic field sensor,3.0,-8.7,22.619999,3
712775162683217,2024-03-21T19:40:02.406Z,ak09918c magnetic field sensor,2.8799999,-8.639999,22.5,3
712775182683217,2024-03-21T19:40:02.425Z,ak09918c magnetic field sensor,2.82,-8.46,23.4,3
712775202683217,2024-03-21T19:40:02.445Z,ak09918c magnetic field sensor,3.36,-8.34,24.06,3
712775222683217,2024-03-21T19:40:02.465Z,ak09918c magnetic field sensor,2.7,-8.22,23.46,3
712775242683217,2024-03-21T19:40:02.485Z,ak09918c magnetic field sensor,2.28,-8.46,23.279999,3
712775262683217,2024-03-21T19:40:02.505Z,ak09918c magnetic field sensor,3.0,-8.16,22.32,3
712775282683217,2024-03-21T19:40:02.525Z,ak09918c magnetic field sensor,3.1799998,-7.9199996,22.32,3
712775302683217,2024-03-21T19:40:02.546Z,ak09918c magnetic field sensor,2.9399998,-8.28,23.279999,3
712775322683450,2024-03-21T19:40:02.565Z,ak09918c magnetic field sensor,2.52,-9.0,23.039999,3
712775342683450,2024-03-21T19:40:02.585Z,ak09918c magnetic field sensor,2.22,-8.5199995,22.8,3
712775362683450,2024-03-21T19:40:02.606Z,ak09918c magnetic field sensor,1.68,-8.639999,23.1,3
712775382683450,2024-03-21T19:40:02.626Z,ak09918c magnetic field sensor,1.56,-9.3,23.699999,3
712775402683450,2024-03-21T19:40:02.646Z,ak09918c magnetic field sensor,1.5,-8.82,23.46,3
712775422683216,2024-03-21T19:40:02.665Z,ak09918c magnetic field sensor,1.5,-8.04,22.92,3
712775442683216,2024-03-21T19:40:02.686Z,ak09918c magnetic field sensor,1.92,-7.8599997,22.8,3
712775462683216,2024-03-21T19:40:02.706Z,ak09918c magnetic field sensor,2.22,-8.28,22.02,3
712775482683216,2024-03-21T19:40:02.726Z,ak09918c magnetic field sensor,1.92,-8.4,21.539999,3
712775502683216,2024-03-21T19:40:02.746Z,ak09918c magnetic field sensor,0.84,-8.94,22.56,3
712775522683216,2024-03-21T19:40:02.765Z,ak09918c magnetic field sensor,1.74,-9.12,23.46,3
712775542683216,2024-03-21T19:40:02.785Z,ak09918c magnetic field sensor,3.24,-8.46,23.76,3
712775562683216,2024-03-21T19:40:02.805Z,ak09918c magnetic field sensor,2.58,-8.4,24.06,3
712775582683216,2024-03-21T19:40:02.825Z,ak09918c magnetic field sensor,2.34,-8.22,23.88,3
712775602683216,2024-03-21T19:40:02.845Z,ak09918c magnetic field sensor,2.1,-8.34,23.4,3
712775622683216,2024-03-21T19:40:02.866Z,ak09918c magnetic field sensor,1.8,-9.0,22.859999,3
712775642683216,2024-03-21T19:40:02.886Z,ak09918c magnetic field sensor,1.56,-9.0,23.76,3
712775662683216,2024-03-21T19:40:02.905Z,ak09918c magnetic field sensor,1.1999999,-8.28,24.539999,3
712775682683216,2024-03-21T19:40:02.925Z,ak09918c magnetic field sensor,1.68,-7.7999997,23.519999,3
712775702683216,2024-03-21T19:40:02.946Z,ak09918c magnetic field sensor,1.5,-8.04,23.22,3
712775722683216,2024-03-21T19:40:02.966Z,ak09918c magnetic field sensor,1.56,-7.9199996,23.16,3
712775742683216,2024-03-21T19:40:02.985Z,ak09918c magnetic field sensor,2.52,-7.98,22.8,3
712775762683216,2024-03-21T19:40:03.006Z,ak09918c magnetic field sensor,2.6399999,-8.46,23.039999,3
712775782683216,2024-03-21T19:40:03.026Z,ak09918c magnetic field sensor,2.46,-8.88,22.32,3
712775802683216,2024-03-21T19:40:03.046Z,ak09918c magnetic field sensor,2.6399999,-8.639999,22.26,3
712775822683449,2024-03-21T19:40:03.065Z,ak09918c magnetic field sensor,3.06,-8.46,22.859999,3
712775842683449,2024-03-21T19:40:03.086Z,ak09918c magnetic field sensor,3.0,-8.5199995,22.26,3
712775862683449,2024-03-21T19:40:03.105Z,ak09918c magnetic field sensor,2.7,-8.46,22.38,3
712775882683449,2024-03-21T19:40:03.126Z,ak09918c magnetic field sensor,2.8799999,-8.7,22.859999,3
712775902683449,2024-03-21T19:40:03.145Z,ak09918c magnetic field sensor,2.52,-9.059999,22.56,3
712775922683215,2024-03-21T19:40:03.165Z,ak09918c magnetic field sensor,2.6399999,-9.48,21.9,3
712775942683215,2024-03-21T19:40:03.186Z,ak09918c magnetic field sensor,2.1599998,-9.24,22.08,3
712775962683215,2024-03-21T19:40:03.205Z,ak09918c magnetic field sensor,1.86,-8.88,22.439999,3
712775982683215,2024-03-21T19:40:03.225Z,ak09918c magnetic field sensor,2.9399998,-9.0,23.1,3
712776002683215,2024-03-21T19:40:03.245Z,ak09918c magnetic field sensor,2.82,-9.12,23.16,3
712776022683215,2024-03-21T19:40:03.266Z,ak09918c magnetic field sensor,2.28,-8.76,22.92,3
712776042683215,2024-03-21T19:40:03.285Z,ak09918c magnetic field sensor,1.92,-8.22,23.22,3
712776062683215,2024-03-21T19:40:03.306Z,ak09918c magnetic field sensor,2.58,-8.28,22.8,3
712776082683215,2024-03-21T19:40:03.325Z,ak09918c magnetic field sensor,3.72,-7.8599997,22.92,3
712776102683215,2024-03-21T19:40:03.345Z,ak09918c magnetic field sensor,4.3199997,-7.2599998,23.16,3
712776122683215,2024-03-21T19:40:03.366Z,ak09918c magnetic field sensor,4.14,-7.56,22.38,3
712776142683215,2024-03-21T19:40:03.386Z,ak09918c magnetic field sensor,4.38,-8.16,21.66,3
712776162683215,2024-03-21T19:40:03.405Z,ak09918c magnetic field sensor,4.5,-8.88,21.72,3
712776182683215,2024-03-21T19:40:03.426Z,ak09918c magnetic field sensor,4.2599998,-8.88,21.96,3
712776202683215,2024-03-21T19:40:03.446Z,ak09918c magnetic field sensor,3.78,-7.9199996,22.14,3
712776222683215,2024-03-21T19:40:03.465Z,ak09918c magnetic field sensor,3.72,-7.62,22.8,3
712776242683215,2024-03-21T19:40:03.486Z,ak09918c magnetic field sensor,3.8999999,-7.8599997,23.34,3
712776262683215,2024-03-21T19:40:03.506Z,ak09918c magnetic field sensor,3.54,-7.68,22.98,3
712776282683215,2024-03-21T19:40:03.525Z,ak09918c magnetic field sensor,3.36,-7.68,22.56,3
712776302683215,2024-03-21T19:40:03.545Z,ak09918c magnetic field sensor,3.4199998,-8.04,22.8,3
712776322683448,2024-03-21T19:40:03.566Z,ak09918c magnetic field sensor,2.82,-9.0,23.88,3
712776342683448,2024-03-21T19:40:03.586Z,ak09918c magnetic field sensor,2.7,-8.46,23.46,3
712776362683448,2024-03-21T19:40:03.606Z,ak09918c magnetic field sensor,3.1799998,-8.04,22.68,3
712776382683448,2024-03-21T19:40:03.626Z,ak09918c magnetic field sensor,3.0,-8.04,23.279999,3
712776402683448,2024-03-21T19:40:03.646Z,ak09918c magnetic field sensor,1.92,-7.98,23.82,3
712776422683214,2024-03-21T19:40:03.666Z,ak09918c magnetic field sensor,1.02,-8.7,23.4,3
712776442683214,2024-03-21T19:40:03.685Z,ak09918c magnetic field sensor,1.14,-8.28,22.859999,3
712776462683214,2024-03-21T19:40:03.706Z,ak09918c magnetic field sensor,1.38,-8.7,22.98,3
712776482683214,2024-03-21T19:40:03.725Z,ak09918c magnetic field sensor,1.62,-8.58,22.68,3
712776502683214,2024-03-21T19:40:03.745Z,ak09918c magnetic field sensor,1.92,-8.82,22.439999,3
712776522683214,2024-03-21T19:40:03.765Z,ak09918c magnetic field sensor,1.86,-8.94,23.16,3
712776542683214,2024-03-21T19:40:03.785Z,ak09918c magnetic field sensor,1.3199999,-8.5199995,24.0,3
712776562683214,2024-03-21T19:40:03.806Z,ak09918c magnetic field sensor,0.9,-8.58,24.24,3
712776582683214,2024-03-21T19:40:03.825Z,ak09918c magnetic field sensor,0.84,-9.24,23.82,3
712776602683214,2024-03-21T19:40:03.845Z,ak09918c magnetic field sensor,1.02,-9.42,22.98,3
712776622683214,2024-03-21T19:40:03.866Z,ak09918c magnetic field sensor,1.38,-9.059999,23.039999,3
712776642683214,2024-03-21T19:40:03.885Z,ak09918c magnetic field sensor,1.56,-8.82,23.46,3
712776662683214,2024-03-21T19:40:03.906Z,ak09918c magnetic field sensor,1.38,-8.7,23.699999,3
712776682683214,2024-03-21T19:40:03.926Z,ak09918c magnetic field sensor,0.96,-8.46,23.82,3
712776702683214,2024-03-21T19:40:03.946Z,ak09918c magnetic field sensor,0.24,-7.9199996,23.34,3
712776722683214,2024-03-21T19:40:03.966Z,ak09918c magnetic field sensor,0.53999996,-8.5199995,23.4,3
712776742683214,2024-03-21T19:40:03.985Z,ak09918c magnetic field sensor,1.8,-9.719999,23.46,3
712776762683214,2024-03-21T19:40:04.005Z,ak09918c magnetic field sensor,2.1,-9.96,22.199999,3
712776782683214,2024-03-21T19:40:04.025Z,ak09918c magnetic field sensor,1.4399999,-10.08,21.6,3
712776802683214,2024-03-21T19:40:04.046Z,ak09918c magnetic field sensor,1.38,-10.86,22.08,3
712776822683447,2024-03-21T19:40:04.065Z,ak09918c magnetic field sensor,2.28,-11.04,22.26,3
712776842683447,2024-03-21T19:40:04.086Z,ak09918c magnetic field sensor,2.1599998,-10.559999,22.439999,3
712776862683447,2024-03-21T19:40:04.106Z,ak09918c magnetic field sensor,2.22,-10.44,21.9,3
712776882683447,2024-03-21T19:40:04.125Z,ak09918c magnetic field sensor,2.6399999,-10.559999,21.84,3
712776902683447,2024-03-21T19:40:04.145Z,ak09918c magnetic field sensor,2.1,-10.559999,21.96,3
712776922683213,2024-03-21T19:40:04.165Z,ak09918c magnetic field sensor,2.28,-9.78,21.66,3
712776942683213,2024-03-21T19:40:04.186Z,ak09918c magnetic field sensor,2.1,-9.66,21.779999,3
712776962683213,2024-03-21T19:40:04.205Z,ak09918c magnetic field sensor,2.22,-10.559999,21.3,3
712776982683213,2024-03-21T19:40:04.225Z,ak09918c magnetic field sensor,2.9399998,-10.38,21.3,3
712777002683213,2024-03-21T19:40:04.245Z,ak09918c magnetic field sensor,2.52,-10.38,22.08,3
712777022683213,2024-03-21T19:40:04.265Z,ak09918c magnetic field sensor,2.28,-10.32,22.56,3
712777042683213,2024-03-21T19:40:04.285Z,ak09918c magnetic field sensor,1.74,-10.5,22.5,3
712777062683213,2024-03-21T19:40:04.305Z,ak09918c magnetic field sensor,1.62,-11.219999,21.9,3
712777082683213,2024-03-21T19:40:04.325Z,ak09918c magnetic field sensor,1.68,-10.92,21.48,3
712777102683213,2024-03-21T19:40:04.345Z,ak09918c magnetic field sensor,1.74,-10.5,22.02,3
712777122683213,2024-03-21T19:40:04.366Z,ak09918c magnetic field sensor,1.92,-10.62,22.14,3
712777142683213,2024-03-21T19:40:04.385Z,ak09918c magnetic field sensor,1.86,-9.9,21.48,3
712777162683213,2024-03-21T19:40:04.406Z,ak09918c magnetic field sensor,2.58,-9.66,21.42,3
712777182683213,2024-03-21T19:40:04.425Z,ak09918c magnetic field sensor,3.24,-10.08,21.42,3
712777202683213,2024-03-21T19:40:04.446Z,ak09918c magnetic field sensor,3.12,-9.9,20.699999,3
712777222683213,2024-03-21T19:40:04.466Z,ak09918c magnetic field sensor,3.78,-9.0,20.64,3
712777242683213,2024-03-21T19:40:04.485Z,ak09918c magnetic field sensor,3.78,-8.5199995,21.66,3
712777262683213,2024-03-21T19:40:04.505Z,ak09918c magnetic field sensor,3.36,-9.059999,21.84,3
712777282683213,2024-03-21T19:40:04.525Z,ak09918c magnetic field sensor,4.2599998,-9.3,21.48,3
712777302683213,2024-03-21T19:40:04.546Z,ak09918c magnetic field sensor,4.74,-9.0,21.72,3
712777322683446,2024-03-21T19:40:04.566Z,ak09918c magnetic field sensor,4.2,-9.24,22.619999,3
712777342683446,2024-03-21T19:40:04.586Z,ak09918c magnetic field sensor,3.48,-8.82,22.859999,3
712777362683446,2024-03-21T19:40:04.605Z,ak09918c magnetic field sensor,3.1799998,-8.099999,21.539999,3
712777382683446,2024-03-21T19:40:04.625Z,ak09918c magnetic field sensor,3.78,-8.82,21.66,3
712777402683446,2024-03-21T19:40:04.646Z,ak09918c magnetic field sensor,4.2,-8.76,21.48,3
712777422683212,2024-03-21T19:40:04.666Z,ak09918c magnetic field sensor,4.14,-8.7,20.34,3
712777442683212,2024-03-21T19:40:04.686Z,ak09918c magnetic field sensor,4.14,-9.9,21.6,3
712777462683212,2024-03-21T19:40:04.705Z,ak09918c magnetic field sensor,3.8999999,-9.42,22.08,3
712777482683212,2024-03-21T19:40:04.725Z,ak09918c magnetic field sensor,3.78,-8.28,21.06,3
712777502683212,2024-03-21T19:40:04.745Z,ak09918c magnetic field sensor,4.08,-9.36,21.119999,3
712777522683212,2024-03-21T19:40:04.765Z,ak09918c magnetic field sensor,4.2599998,-9.48,21.3,3
712777542683212,2024-03-21T19:40:04.786Z,ak09918c magnetic field sensor,3.54,-8.639999,21.3,3
712777562683212,2024-03-21T19:40:04.806Z,ak09918c magnetic field sensor,3.72,-9.599999,21.84,3
712777582683212,2024-03-21T19:40:04.825Z,ak09918c magnetic field sensor,4.14,-9.66,22.5,3
712777602683212,2024-03-21T19:40:04.846Z,ak09918c magnetic field sensor,3.8999999,-8.46,21.96,3
712777622683312,2024-03-21T19:40:04.865Z,ak09918c magnetic field sensor,3.78,-8.82,21.779999,3
712777642683312,2024-03-21T19:40:04.886Z,ak09918c magnetic field sensor,3.1799998,-9.54,22.439999,3
712777662683312,2024-03-21T19:40:04.906Z,ak09918c magnetic field sensor,3.0,-8.82,21.72,3
712777682683312,2024-03-21T19:40:04.925Z,ak09918c magnetic field sensor,3.6599998,-8.46,21.6,3
712777702683312,2024-03-21T19:40:04.945Z,ak09918c magnetic field sensor,3.9599998,-8.82,21.66,3
712777722683312,2024-03-21T19:40:04.966Z,ak09918c magnetic field sensor,3.78,-9.3,21.66,3
712777742683312,2024-03-21T19:40:04.986Z,ak09918c magnetic field sensor,3.0,-10.559999,21.779999,3
712777762683312,2024-03-21T19:40:05.005Z,ak09918c magnetic field sensor,3.06,-10.44,21.0,3
712777782683312,2024-03-21T19:40:05.025Z,ak09918c magnetic field sensor,3.6,-10.2,20.939999,3
712777802683312,2024-03-21T19:40:05.046Z,ak09918c magnetic field sensor,3.1799998,-10.74,21.3,3
712777822683578,2024-03-21T19:40:05.066Z,ak09918c magnetic field sensor,2.9399998,-10.679999,20.82,3
712777842683578,2024-03-21T19:40:05.085Z,ak09918c magnetic field sensor,2.9399998,-10.679999,20.1,3
712777862683578,2024-03-21T19:40:05.106Z,ak09918c magnetic field sensor,2.9399998,-10.98,20.1,3
712777882683578,2024-03-21T19:40:05.125Z,ak09918c magnetic field sensor,3.12,-10.86,19.92,3
712777902683578,2024-03-21T19:40:05.145Z,ak09918c magnetic field sensor,3.3,-11.16,19.5,3
712777922683344,2024-03-21T19:40:05.166Z,ak09918c magnetic field sensor,3.48,-11.58,19.08,3
712777942683344,2024-03-21T19:40:05.185Z,ak09918c magnetic field sensor,3.78,-11.34,20.039999,3
712777962683344,2024-03-21T19:40:05.205Z,ak09918c magnetic field sensor,3.3,-11.5199995,20.4,3
712777982683344,2024-03-21T19:40:05.226Z,ak09918c magnetic field sensor,3.48,-11.16,19.38,3
712778002683344,2024-03-21T19:40:05.245Z,ak09918c magnetic field sensor,3.72,-11.34,19.56,3
712778022683344,2024-03-21T19:40:05.266Z,ak09918c magnetic field sensor,2.9399998,-11.4,19.32,3
712778042683344,2024-03-21T19:40:05.286Z,ak09918c magnetic field sensor,3.4199998,-11.219999,19.199999,3
712778062683344,2024-03-21T19:40:05.306Z,ak09918c magnetic field sensor,3.72,-11.7,19.68,3
712778082683344,2024-03-21T19:40:05.326Z,ak09918c magnetic field sensor,3.8999999,-11.639999,19.32,3
712778102683344,2024-03-21T19:40:05.345Z,ak09918c magnetic field sensor,4.02,-11.759999,19.439999,3
712778122683344,2024-03-21T19:40:05.366Z,ak09918c magnetic field sensor,3.9599998,-12.179999,19.859999,3
712778142683344,2024-03-21T19:40:05.385Z,ak09918c magnetic field sensor,3.78,-12.24,20.58,3
712778162683344,2024-03-21T19:40:05.406Z,ak09918c magnetic field sensor,3.6599998,-11.82,20.88,3
712778182683344,2024-03-21T19:40:05.425Z,ak09918c magnetic field sensor,3.78,-10.74,20.279999,3
712778202683344,2024-03-21T19:40:05.446Z,ak09918c magnetic field sensor,3.78,-10.32,20.16,3
712778222683244,2024-03-21T19:40:05.466Z,ak09918c magnetic field sensor,4.2599998,-10.98,19.98,3
712778242683244,2024-03-21T19:40:05.485Z,ak09918c magnetic field sensor,4.92,-10.74,19.92,3
712778262682544,2024-03-21T19:40:05.505Z,ak09918c magnetic field sensor,4.7999997,-10.38,19.859999,3
712778282682210,2024-03-21T19:40:05.526Z,ak09918c magnetic field sensor,5.3399997,-10.8,20.039999,3
712778302681810,2024-03-21T19:40:05.545Z,ak09918c magnetic field sensor,6.3599997,-12.059999,20.58,3
712778322681276,2024-03-21T19:40:05.565Z,ak09918c magnetic field sensor,6.7799997,-13.139999,20.64,3
712778342681209,2024-03-21T19:40:05.586Z,ak09918c magnetic field sensor,6.18,-12.9,19.8,3
712778362681109,2024-03-21T19:40:05.605Z,ak09918c magnetic field sensor,5.22,-12.42,19.5,3
712778382680975,2024-03-21T19:40:05.626Z,ak09918c magnetic field sensor,5.2799997,-11.94,20.34,3
712778402680808,2024-03-21T19:40:05.645Z,ak09918c magnetic field sensor,4.98,-12.179999,20.76,3
712778422680308,2024-03-21T19:40:05.666Z,ak09918c magnetic field sensor,5.22,-11.94,19.8,3
712778442680008,2024-03-21T19:40:05.685Z,ak09918c magnetic field sensor,5.7,-11.34,18.96,3
712778462679641,2024-03-21T19:40:05.705Z,ak09918c magnetic field sensor,6.7799997,-11.28,19.14,3
712778482679141,2024-03-21T19:40:05.725Z,ak09918c magnetic field sensor,7.98,-11.759999,19.14,3
712778502678574,2024-03-21T19:40:05.745Z,ak09918c magnetic field sensor,6.8399997,-12.24,19.5,3
712778522677940,2024-03-21T19:40:05.765Z,ak09918c magnetic field sensor,5.8199997,-12.36,19.56,3
712778542677173,2024-03-21T19:40:05.786Z,ak09918c magnetic field sensor,5.8199997,-12.66,18.539999,3
712778562676673,2024-03-21T19:40:05.805Z,ak09918c magnetic field sensor,5.7599998,-12.36,18.779999,3
712778582675073,2024-03-21T19:40:05.825Z,ak09918c magnetic field sensor,5.94,-11.7,19.619999,3
712778602673406,2024-03-21T19:40:05.845Z,ak09918c magnetic field sensor,6.12,-11.639999,19.199999,3
712778622672306,2024-03-21T19:40:05.866Z,ak09918c magnetic field sensor,6.06,-12.84,19.14,3
712778642671139,2024-03-21T19:40:05.885Z,ak09918c magnetic field sensor,6.18,-13.0199995,19.38,3
712778662669872,2024-03-21T19:40:05.905Z,ak09918c magnetic field sensor,6.48,-12.12,18.9,3
712778682668505,2024-03-21T19:40:05.925Z,ak09918c magnetic field sensor,6.6,-12.24,19.199999,3
712778702667071,2024-03-21T19:40:05.945Z,ak09918c magnetic field sensor,6.7799997,-12.24,18.779999,3
712778722665571,2024-03-21T19:40:05.965Z,ak09918c magnetic field sensor,6.18,-12.66,18.3,3
712778742663304,2024-03-21T19:40:05.986Z,ak09918c magnetic field sensor,5.46,-12.9,18.66,3
712778762661637,2024-03-21T19:40:06.005Z,ak09918c magnetic field sensor,5.8199997,-12.84,18.72,3
712778782659903,2024-03-21T19:40:06.026Z,ak09918c magnetic field sensor,6.0,-13.0199995,18.42,3
712778802658103,2024-03-21T19:40:06.045Z,ak09918c magnetic field sensor,5.7,-12.96,18.9,3
712778822656169,2024-03-21T19:40:06.066Z,ak09918c magnetic field sensor,5.7,-13.259999,19.02,3
712778842654169,2024-03-21T19:40:06.085Z,ak09918c magnetic field sensor,5.52,-13.2,18.84,3
712778862652069,2024-03-21T19:40:06.105Z,ak09918c magnetic field sensor,5.7599998,-12.96,18.84,3
712778882650269,2024-03-21T19:40:06.125Z,ak09918c magnetic field sensor,5.8799996,-12.78,18.24,3
712778902648402,2024-03-21T19:40:06.146Z,ak09918c magnetic field sensor,5.52,-13.0199995,18.72,3
712778922646602,2024-03-21T19:40:06.165Z,ak09918c magnetic field sensor,6.2999997,-13.259999,18.779999,3
712778942644268,2024-03-21T19:40:06.185Z,ak09918c magnetic field sensor,6.2999997,-13.679999,18.24,3
712778962641201,2024-03-21T19:40:06.206Z,ak09918c magnetic field sensor,5.7599998,-14.28,18.06,3
712778982638034,2024-03-21T19:40:06.226Z,ak09918c magnetic field sensor,6.2999997,-13.86,18.24,3
712779002635534,2024-03-21T19:40:06.246Z,ak09918c magnetic field sensor,6.18,-13.5,18.18,3
712779022633034,2024-03-21T19:40:06.266Z,ak09918c magnetic field sensor,5.7599998,-12.84,17.82,3
712779042630467,2024-03-21T19:40:06.286Z,ak09918c magnetic field sensor,6.72,-12.599999,18.119999,3
712779062627900,2024-03-21T19:40:06.306Z,ak09918c magnetic field sensor,7.14,-13.2,17.94,3
712779082625400,2024-03-21T19:40:06.325Z,ak09918c magnetic field sensor,6.96,-13.259999,17.82,3
712779102622900,2024-03-21T19:40:06.345Z,ak09918c magnetic field sensor,6.48,-12.96,18.72,3
712779122620333,2024-03-21T19:40:06.365Z,ak09918c magnetic field sensor,6.06,-13.259999,18.18,3
712779142617833,2024-03-21T19:40:06.386Z,ak09918c magnetic field sensor,6.18,-13.679999,18.42,3
712779162614999,2024-03-21T19:40:06.405Z,ak09918c magnetic field sensor,6.0,-13.32,18.6,3
712779182613165,2024-03-21T19:40:06.426Z,ak09918c magnetic field sensor,5.16,-13.38,17.88,3
712779202611331,2024-03-21T19:40:06.445Z,ak09918c magnetic field sensor,4.92,-13.679999,18.6,3
712779222608164,2024-03-21T19:40:06.466Z,ak09918c magnetic field sensor,5.22,-12.96,19.14,3
712779242605697,2024-03-21T19:40:06.486Z,ak09918c magnetic field sensor,5.16,-12.78,19.199999,3
712779262603197,2024-03-21T19:40:06.505Z,ak09918c magnetic field sensor,5.16,-13.139999,19.199999,3
712779282600730,2024-03-21T19:40:06.526Z,ak09918c magnetic field sensor,5.46,-13.08,19.199999,3
712779302598263,2024-03-21T19:40:06.545Z,ak09918c magnetic field sensor,5.64,-12.96,19.439999,3
712779322595729,2024-03-21T19:40:06.566Z,ak09918c magnetic field sensor,6.72,-12.42,19.8,3
712779342593895,2024-03-21T19:40:06.585Z,ak09918c magnetic field sensor,6.8399997,-12.24,19.859999,3
712779362591395,2024-03-21T19:40:06.606Z,ak09918c magnetic field sensor,6.24,-12.0,19.38,3
712779382588895,2024-03-21T19:40:06.625Z,ak09918c magnetic field sensor,7.08,-12.179999,19.02,3
712779402586361,2024-03-21T19:40:06.646Z,ak09918c magnetic field sensor,6.8399997,-12.599999,19.859999,3
712779422583994,2024-03-21T19:40:06.665Z,ak09918c magnetic field sensor,6.18,-11.88,21.119999,3
712779442581694,2024-03-21T19:40:06.686Z,ak09918c magnetic field sensor,5.4,-11.5199995,21.24,3
712779462580160,2024-03-21T19:40:06.706Z,ak09918c magnetic field sensor,4.62,-11.82,21.42,3
712779482577926,2024-03-21T19:40:06.726Z,ak09918c magnetic field sensor,4.2,-11.82,21.42,3
712779502575759,2024-03-21T19:40:06.746Z,ak09918c magnetic field sensor,4.02,-11.5199995,20.82,3
712779522573592,2024-03-21T19:40:06.766Z,ak09918c magnetic field sensor,4.3199997,-10.62,21.539999,3
712779542571358,2024-03-21T19:40:06.786Z,ak09918c magnetic field sensor,5.22,-10.5,21.539999,3
712779562569824,2024-03-21T19:40:06.805Z,ak09918c magnetic field sensor,4.98,-10.8,20.64,3
712779582568357,2024-03-21T19:40:06.826Z,ak09918c magnetic field sensor,4.5,-10.92,20.939999,3
712779602566190,2024-03-21T19:40:06.845Z,ak09918c magnetic field sensor,4.44,-11.04,20.64,3
712779622563956,2024-03-21T19:40:06.866Z,ak09918c magnetic field sensor,3.48,-11.28,20.58,3
712779642561089,2024-03-21T19:40:06.885Z,ak09918c magnetic field sensor,2.76,-11.759999,21.18,3
712779662558922,2024-03-21T19:40:06.906Z,ak09918c magnetic field sensor,3.0,-11.46,21.0,3
712779682556688,2024-03-21T19:40:06.925Z,ak09918c magnetic field sensor,2.9399998,-11.4,20.699999,3
712779702554454,2024-03-21T19:40:06.946Z,ak09918c magnetic field sensor,2.6399999,-12.12,20.939999,3
712779722551820,2024-03-21T19:40:06.966Z,ak09918c magnetic field sensor,3.36,-12.24,21.539999,3
712779742549653,2024-03-21T19:40:06.986Z,ak09918c magnetic field sensor,2.6399999,-12.48,21.359999,3
712779762547419,2024-03-21T19:40:07.005Z,ak09918c magnetic field sensor,2.22,-13.38,20.46,3
712779782545219,2024-03-21T19:40:07.025Z,ak09918c magnetic field sensor,3.06,-13.44,19.859999,3
712779802543019,2024-03-21T19:40:07.046Z,ak09918c magnetic field sensor,3.78,-13.259999,19.56,3
712779822541452,2024-03-21T19:40:07.066Z,ak09918c magnetic field sensor,3.36,-13.08,20.1,3
712779842539185,2024-03-21T19:40:07.085Z,ak09918c magnetic field sensor,2.1,-13.2,20.52,3
712779862536651,2024-03-21T19:40:07.105Z,ak09918c magnetic field sensor,1.3199999,-13.44,20.76,3
712779882534484,2024-03-21T19:40:07.126Z,ak09918c magnetic field sensor,1.0799999,-13.62,20.88,3
712779902532250,2024-03-21T19:40:07.145Z,ak09918c magnetic field sensor,1.62,-13.679999,21.24,3
712779922530083,2024-03-21T19:40:07.165Z,ak09918c magnetic field sensor,1.9799999,-13.799999,21.0,3
712779942527916,2024-03-21T19:40:07.186Z,ak09918c magnetic field sensor,1.4399999,-13.559999,20.52,3
712779962525749,2024-03-21T19:40:07.206Z,ak09918c magnetic field sensor,1.5,-13.86,20.82,3
