timestamp_nano,datetime_utc,name,axis_x,axis_y,axis_z,delta_x,delta_y,delta_z,accuracy
712739959644431,2024-03-21T19:39:27.203Z,gyroscope sensor uncalibrated,-0.13683382,-0.42394048,-0.47219884,-0.13683382,-0.42394048,-0.47219884,3
712739969644464,2024-03-21T19:39:27.213Z,gyroscope sensor uncalibrated,-0.21135938,-0.19425514,-0.49235737,-0.21135938,-0.19425514,-0.49235737,3
712739979644464,2024-03-21T19:39:27.223Z,gyroscope sensor uncalibrated,-0.23396139,-0.0067195175,-0.44898596,-0.23396139,-0.0067195175,-0.44898596,3
712739989644464,2024-03-21T19:39:27.233Z,gyroscope sensor uncalibrated,-0.10995574,0.09712757,-0.4447099,-0.10995574,0.09712757,-0.4447099,3
712739999644464,2024-03-21T19:39:27.243Z,gyroscope sensor uncalibrated,0.09896017,0.124005646,-0.48502702,0.09896017,0.124005646,-0.48502702,3
712740009644464,2024-03-21T19:39:27.253Z,gyroscope sensor uncalibrated,0.398895,0.13927728,-0.33353242,0.398895,0.13927728,-0.33353242,3
712740019644430,2024-03-21T19:39:27.262Z,gyroscope sensor uncalibrated,0.66645396,0.3145956,0.106901415,0.66645396,0.3145956,0.106901415,3
712740029645163,2024-03-21T19:39:27.273Z,gyroscope sensor uncalibrated,0.7959574,0.54244834,0.6236934,0.7959574,0.54244834,0.6236934,3
712740039645896,2024-03-21T19:39:27.282Z,gyroscope sensor uncalibrated,0.87964594,0.68661255,0.95905846,0.87964594,0.68661255,0.95905846,3
712740049646596,2024-03-21T19:39:27.292Z,gyroscope sensor uncalibrated,0.86742866,0.72204274,1.0781772,0.86742866,0.72204274,1.0781772,3
712740059646696,2024-03-21T19:39:27.302Z,gyroscope sensor uncalibrated,0.88697636,0.52534413,0.9969321,0.88697636,0.52534413,0.9969321,3
712740069647362,2024-03-21T19:39:27.312Z,gyroscope sensor uncalibrated,0.78801614,0.34880406,0.84971356,0.78801614,0.34880406,0.84971356,3
712740079647395,2024-03-21T19:39:27.322Z,gyroscope sensor uncalibrated,0.5742133,0.15149458,0.64812803,0.5742133,0.15149458,0.64812803,3
712740089647395,2024-03-21T19:39:27.333Z,gyroscope sensor uncalibrated,0.27550024,-0.05681047,0.39522982,0.27550024,-0.05681047,0.39522982,3
712740099647395,2024-03-21T19:39:27.342Z,gyroscope sensor uncalibrated,-0.017715093,-0.2602286,0.13988814,-0.017715093,-0.2602286,0.13988814,3
712740109647361,2024-03-21T19:39:27.352Z,gyroscope sensor uncalibrated,-0.2443461,-0.44715336,-0.06291912,-0.2443461,-0.44715336,-0.06291912,3
712740119647361,2024-03-21T19:39:27.363Z,gyroscope sensor uncalibrated,-0.32803464,-0.61575216,-0.20341812,-0.32803464,-0.61575216,-0.20341812,3
712740129647394,2024-03-21T19:39:27.373Z,gyroscope sensor uncalibrated,-0.13133603,-0.7287622,-0.22907446,-0.13133603,-0.7287622,-0.22907446,3
712740139647394,2024-03-21T19:39:27.382Z,gyroscope sensor uncalibrated,0.005497787,-0.66950834,-0.13927728,0.005497787,-0.66950834,-0.13927728,3
712740149647394,2024-03-21T19:39:27.393Z,gyroscope sensor uncalibrated,-0.030543262,-0.52595496,0.018936822,-0.030543262,-0.52595496,0.018936822,3
712740159647394,2024-03-21T19:39:27.402Z,gyroscope sensor uncalibrated,-0.0720821,-0.35002577,0.16371189,-0.0720821,-0.35002577,0.16371189,3
712740169647360,2024-03-21T19:39:27.412Z,gyroscope sensor uncalibrated,-0.058643065,-0.19181168,0.23762658,-0.058643065,-0.19181168,0.23762658,3
712740179647326,2024-03-21T19:39:27.422Z,gyroscope sensor uncalibrated,-0.03848451,-0.037873644,0.24251351,-0.03848451,-0.037873644,0.24251351,3
712740189647359,2024-03-21T19:39:27.432Z,gyroscope sensor uncalibrated,-0.070249505,0.13072516,0.21319197,-0.070249505,0.13072516,0.21319197,3
712740199647359,2024-03-21T19:39:27.442Z,gyroscope sensor uncalibrated,-0.13255776,0.3042109,0.18692477,-0.13255776,0.3042109,0.18692477,3
712740209647359,2024-03-21T19:39:27.453Z,gyroscope sensor uncalibrated,-0.19242255,0.43310347,0.16065755,-0.19242255,0.43310347,0.16065755,3
712740219647325,2024-03-21T19:39:27.462Z,gyroscope sensor uncalibrated,-0.18387043,0.5112942,0.1301143,-0.18387043,0.5112942,0.1301143,3
712740229647325,2024-03-21T19:39:27.472Z,gyroscope sensor uncalibrated,-0.1863139,0.5907067,0.0580322,-0.1863139,0.5907067,0.0580322,3
712740239647358,2024-03-21T19:39:27.482Z,gyroscope sensor uncalibrated,-0.18753563,0.5900958,-0.008552114,-0.18753563,0.5900958,-0.008552114,3
712740249647358,2024-03-21T19:39:27.492Z,gyroscope sensor uncalibrated,-0.16920967,0.50579643,-0.057421334,-0.16920967,0.50579643,-0.057421334,3
712740259647358,2024-03-21T19:39:27.502Z,gyroscope sensor uncalibrated,-0.13255776,0.4196644,-0.10934488,-0.13255776,0.4196644,-0.10934488,3
712740269647324,2024-03-21T19:39:27.513Z,gyroscope sensor uncalibrated,-0.09773844,0.34025195,-0.15332718,-0.09773844,0.34025195,-0.15332718,3
712740279647357,2024-03-21T19:39:27.523Z,gyroscope sensor uncalibrated,-0.07452556,0.13500121,-0.14355333,-0.07452556,0.13500121,-0.14355333,3
712740289647390,2024-03-21T19:39:27.533Z,gyroscope sensor uncalibrated,-0.08246681,-0.023823744,-0.106901415,-0.08246681,-0.023823744,-0.106901415,3
712740299647390,2024-03-21T19:39:27.542Z,gyroscope sensor uncalibrated,-0.1001819,-0.16126843,-0.06658431,-0.1001819,-0.16126843,-0.06658431,3
712740309647390,2024-03-21T19:39:27.552Z,gyroscope sensor uncalibrated,-0.13194689,-0.27183503,-0.028710667,-0.13194689,-0.27183503,-0.028710667,3
712740319647390,2024-03-21T19:39:27.562Z,gyroscope sensor uncalibrated,-0.14782938,-0.35430184,0.0061086523,-0.14782938,-0.35430184,0.0061086523,3
712740329647356,2024-03-21T19:39:27.573Z,gyroscope sensor uncalibrated,-0.12217305,-0.40011674,0.05009095,-0.12217305,-0.40011674,0.05009095,3
712740339647356,2024-03-21T19:39:27.582Z,gyroscope sensor uncalibrated,-0.06658431,-0.36835176,0.0983493,-0.06658431,-0.36835176,0.0983493,3
712740349647389,2024-03-21T19:39:27.593Z,gyroscope sensor uncalibrated,-0.040317107,-0.30848694,0.14049901,-0.040317107,-0.30848694,0.14049901,3
712740359647389,2024-03-21T19:39:27.603Z,gyroscope sensor uncalibrated,0.007941248,-0.26633725,0.19242255,0.007941248,-0.26633725,0.19242255,3
712740369647389,2024-03-21T19:39:27.613Z,gyroscope sensor uncalibrated,0.065973446,-0.23518312,0.25961772,0.065973446,-0.23518312,0.25961772,3
712740379647355,2024-03-21T19:39:27.622Z,gyroscope sensor uncalibrated,0.12705997,-0.19364429,0.344528,0.12705997,-0.19364429,0.344528,3
712740389647388,2024-03-21T19:39:27.632Z,gyroscope sensor uncalibrated,0.18997909,-0.1600467,0.43676865,0.18997909,-0.1600467,0.43676865,3
712740399647421,2024-03-21T19:39:27.643Z,gyroscope sensor uncalibrated,0.2406809,-0.19364429,0.50823987,0.2406809,-0.19364429,0.50823987,3
712740409647421,2024-03-21T19:39:27.653Z,gyroscope sensor uncalibrated,0.267559,-0.2846632,0.5503896,0.267559,-0.2846632,0.5503896,3
712740419647387,2024-03-21T19:39:27.663Z,gyroscope sensor uncalibrated,0.27916542,-0.39584067,0.54611355,0.27916542,-0.39584067,0.54611355,3
712740429647353,2024-03-21T19:39:27.673Z,gyroscope sensor uncalibrated,0.27000242,-0.4428773,0.47036624,0.27000242,-0.4428773,0.47036624,3
712740439647386,2024-03-21T19:39:27.682Z,gyroscope sensor uncalibrated,0.25717425,-0.35124752,0.42271876,0.25717425,-0.35124752,0.42271876,3
712740449647386,2024-03-21T19:39:27.693Z,gyroscope sensor uncalibrated,0.24740042,-0.12767084,0.38056904,0.24740042,-0.12767084,0.38056904,3
712740459647386,2024-03-21T19:39:27.703Z,gyroscope sensor uncalibrated,0.14355333,0.10934488,0.3475823,0.14355333,0.10934488,0.3475823,3
712740469647386,2024-03-21T19:39:27.713Z,gyroscope sensor uncalibrated,-0.08552113,0.172264,0.3304781,-0.08552113,0.172264,0.3304781,3
712740479647386,2024-03-21T19:39:27.722Z,gyroscope sensor uncalibrated,-0.2669481,0.122783914,0.21930063,-0.2669481,0.122783914,0.21930063,3
712740489647352,2024-03-21T19:39:27.733Z,gyroscope sensor uncalibrated,-0.23640485,0.027488936,0.087964594,-0.23640485,0.027488936,0.087964594,3
712740499647385,2024-03-21T19:39:27.743Z,gyroscope sensor uncalibrated,-0.17898351,0.026267206,0.16065755,-0.17898351,0.026267206,0.16065755,3
712740509647385,2024-03-21T19:39:27.752Z,gyroscope sensor uncalibrated,-0.15454891,0.02565634,0.24495697,-0.15454891,0.02565634,0.24495697,3
712740519647385,2024-03-21T19:39:27.762Z,gyroscope sensor uncalibrated,-0.16676621,-0.013439035,0.2180789,-0.16676621,-0.013439035,0.2180789,3
712740529647518,2024-03-21T19:39:27.773Z,gyroscope sensor uncalibrated,-0.23701571,-0.092240654,0.06352998,-0.23701571,-0.092240654,0.06352998,3
712740539647484,2024-03-21T19:39:27.783Z,gyroscope sensor uncalibrated,-0.35796702,-0.13988814,-0.17654006,-0.35796702,-0.13988814,-0.17654006,3
712740549647517,2024-03-21T19:39:27.793Z,gyroscope sensor uncalibrated,-0.5045747,-0.108123146,-0.4288274,-0.5045747,-0.108123146,-0.4288274,3
712740559647517,2024-03-21T19:39:27.803Z,gyroscope sensor uncalibrated,-0.6963864,-0.08979719,-0.65179324,-0.6963864,-0.08979719,-0.65179324,3
712740569647517,2024-03-21T19:39:27.813Z,gyroscope sensor uncalibrated,-0.8258898,-0.058643065,-0.7825184,-0.8258898,-0.058643065,-0.7825184,3
712740579647483,2024-03-21T19:39:27.823Z,gyroscope sensor uncalibrated,-0.8191703,-0.070249505,-0.79473567,-0.8191703,-0.070249505,-0.79473567,3
712740589647483,2024-03-21T19:39:27.833Z,gyroscope sensor uncalibrated,-0.73548174,-0.13988814,-0.71837753,-0.73548174,-0.13988814,-0.71837753,3
712740599647516,2024-03-21T19:39:27.843Z,gyroscope sensor uncalibrated,-0.63285637,-0.21380283,-0.5900958,-0.63285637,-0.21380283,-0.5900958,3
712740609647516,2024-03-21T19:39:27.853Z,gyroscope sensor uncalibrated,-0.5186246,-0.267559,-0.43310347,-0.5186246,-0.267559,-0.43310347,3
712740619647516,2024-03-21T19:39:27.862Z,gyroscope sensor uncalibrated,-0.4196644,-0.32620203,-0.28099802,-0.4196644,-0.32620203,-0.28099802,3
712740629647516,2024-03-21T19:39:27.873Z,gyroscope sensor uncalibrated,-0.34574974,-0.40622538,-0.17348573,-0.34574974,-0.40622538,-0.17348573,3
712740639647482,2024-03-21T19:39:27.882Z,gyroscope sensor uncalibrated,-0.32436943,-0.47769663,-0.14172074,-0.32436943,-0.47769663,-0.14172074,3
712740649647448,2024-03-21T19:39:27.893Z,gyroscope sensor uncalibrated,-0.34208453,-0.47952923,-0.15210545,-0.34208453,-0.47952923,-0.15210545,3
712740659647481,2024-03-21T19:39:27.902Z,gyroscope sensor uncalibrated,-0.36713,-0.42760566,-0.19914207,-0.36713,-0.42760566,-0.19914207,3
712740669647481,2024-03-21T19:39:27.912Z,gyroscope sensor uncalibrated,-0.30482176,-0.36346483,-0.26328292,-0.30482176,-0.36346483,-0.26328292,3
712740679647481,2024-03-21T19:39:27.922Z,gyroscope sensor uncalibrated,-0.1777618,-0.25534168,-0.28771752,-0.1777618,-0.25534168,-0.28771752,3
712740689647447,2024-03-21T19:39:27.932Z,gyroscope sensor uncalibrated,-0.04520403,-0.16982053,-0.2779437,-0.04520403,-0.16982053,-0.2779437,3
712740699647447,2024-03-21T19:39:27.943Z,gyroscope sensor uncalibrated,0.16187929,-0.13683382,-0.18875736,0.16187929,-0.13683382,-0.18875736,3
712740709647480,2024-03-21T19:39:27.952Z,gyroscope sensor uncalibrated,0.27000242,-0.09162979,-0.13500121,0.27000242,-0.09162979,-0.13500121,3
712740719647480,2024-03-21T19:39:27.963Z,gyroscope sensor uncalibrated,0.33475417,0.0030543262,-0.12583824,0.33475417,0.0030543262,-0.12583824,3
712740729647480,2024-03-21T19:39:27.972Z,gyroscope sensor uncalibrated,0.36041048,0.13133603,-0.14172074,0.36041048,0.13133603,-0.14172074,3
712740739647446,2024-03-21T19:39:27.983Z,gyroscope sensor uncalibrated,0.3830125,0.28893927,-0.13622294,0.3830125,0.28893927,-0.13622294,3
712740749647479,2024-03-21T19:39:27.993Z,gyroscope sensor uncalibrated,0.40500367,0.4636467,-0.08979719,0.40500367,0.4636467,-0.08979719,3
712740759646779,2024-03-21T19:39:28.002Z,gyroscope sensor uncalibrated,0.4196644,0.6273586,-0.00061086525,0.4196644,0.6273586,-0.00061086525,3
712740769646779,2024-03-21T19:39:28.012Z,gyroscope sensor uncalibrated,0.4196644,0.7556403,0.108123146,0.4196644,0.7556403,0.108123146,3
712740779646779,2024-03-21T19:39:28.022Z,gyroscope sensor uncalibrated,0.43127087,0.8197812,0.20219639,0.43127087,0.8197812,0.20219639,3
712740789646779,2024-03-21T19:39:28.032Z,gyroscope sensor uncalibrated,0.4642576,0.8032878,0.2669481,0.4642576,0.8032878,0.2669481,3
712740799646312,2024-03-21T19:39:28.042Z,gyroscope sensor uncalibrated,0.49480084,0.71593404,0.2938262,0.49480084,0.71593404,0.2938262,3
712740809645645,2024-03-21T19:39:28.053Z,gyroscope sensor uncalibrated,0.49846604,0.5815437,0.29810223,0.49846604,0.5815437,0.29810223,3
712740819644978,2024-03-21T19:39:28.063Z,gyroscope sensor uncalibrated,0.48075095,0.4147775,0.29138273,0.48075095,0.4147775,0.29138273,3
712740829644111,2024-03-21T19:39:28.073Z,gyroscope sensor uncalibrated,0.4636467,0.2406809,0.2773328,0.4636467,0.2406809,0.2773328,3
712740839643411,2024-03-21T19:39:28.082Z,gyroscope sensor uncalibrated,0.45142943,0.07941248,0.25961772,0.45142943,0.07941248,0.25961772,3
712740849643444,2024-03-21T19:39:28.092Z,gyroscope sensor uncalibrated,0.44959682,-0.05375614,0.226631,0.44959682,-0.05375614,0.226631,3
712740859643477,2024-03-21T19:39:28.102Z,gyroscope sensor uncalibrated,0.453262,-0.12339478,0.172264,0.453262,-0.12339478,0.172264,3
712740869643477,2024-03-21T19:39:28.112Z,gyroscope sensor uncalibrated,0.44348818,-0.13988814,0.10629055,0.44348818,-0.13988814,0.10629055,3
712740879643477,2024-03-21T19:39:28.123Z,gyroscope sensor uncalibrated,0.40011674,-0.1563815,0.040317107,0.40011674,-0.1563815,0.040317107,3
712740889643443,2024-03-21T19:39:28.133Z,gyroscope sensor uncalibrated,0.30848694,-0.19547687,-0.029321533,0.30848694,-0.19547687,-0.029321533,3
712740899643409,2024-03-21T19:39:28.142Z,gyroscope sensor uncalibrated,0.16310102,-0.23823744,-0.118507855,0.16310102,-0.23823744,-0.118507855,3
712740909643442,2024-03-21T19:39:28.153Z,gyroscope sensor uncalibrated,-0.064751714,-0.26083946,-0.30482176,-0.064751714,-0.26083946,-0.30482176,3
712740919643442,2024-03-21T19:39:28.162Z,gyroscope sensor uncalibrated,-0.16065755,-0.23945917,-0.44226643,-0.16065755,-0.23945917,-0.44226643,3
712740929642508,2024-03-21T19:39:28.173Z,gyroscope sensor uncalibrated,-0.20891592,-0.24740042,-0.54550266,-0.20891592,-0.24740042,-0.54550266,3
712740939642508,2024-03-21T19:39:28.183Z,gyroscope sensor uncalibrated,-0.22602014,-0.30909783,-0.57360244,-0.22602014,-0.30909783,-0.57360244,3
712740949642508,2024-03-21T19:39:28.193Z,gyroscope sensor uncalibrated,-0.19792034,-0.38912117,-0.5369505,-0.19792034,-0.38912117,-0.5369505,3
712740959642474,2024-03-21T19:39:28.203Z,gyroscope sensor uncalibrated,-0.116675265,-0.42271876,-0.45265114,-0.116675265,-0.42271876,-0.45265114,3
712740969642507,2024-03-21T19:39:28.212Z,gyroscope sensor uncalibrated,-0.05131268,-0.34880406,-0.36774087,-0.05131268,-0.34880406,-0.36774087,3
712740979642507,2024-03-21T19:39:28.222Z,gyroscope sensor uncalibrated,-0.008552114,-0.19058995,-0.36102137,-0.008552114,-0.19058995,-0.36102137,3
712740989642507,2024-03-21T19:39:28.232Z,gyroscope sensor uncalibrated,0.03359759,-0.07147124,-0.39828414,0.03359759,-0.07147124,-0.39828414,3
712740999642473,2024-03-21T19:39:28.243Z,gyroscope sensor uncalibrated,0.11728613,-0.21135938,-0.36041048,0.11728613,-0.21135938,-0.36041048,3
712741009642473,2024-03-21T19:39:28.253Z,gyroscope sensor uncalibrated,0.14049901,-0.39645153,-0.28527406,0.14049901,-0.39645153,-0.28527406,3
712741019642506,2024-03-21T19:39:28.262Z,gyroscope sensor uncalibrated,0.050701816,-0.42638394,-0.26206118,0.050701816,-0.42638394,-0.26206118,3
712741029642506,2024-03-21T19:39:28.273Z,gyroscope sensor uncalibrated,-0.10445796,-0.30787608,-0.32070425,-0.10445796,-0.30787608,-0.32070425,3
712741039642506,2024-03-21T19:39:28.282Z,gyroscope sensor uncalibrated,-0.24678956,-0.16798794,-0.3549127,-0.24678956,-0.16798794,-0.3549127,3
712741049642472,2024-03-21T19:39:28.293Z,gyroscope sensor uncalibrated,-0.26450464,0.004886922,-0.48380527,-0.26450464,0.004886922,-0.48380527,3
712741059643205,2024-03-21T19:39:28.303Z,gyroscope sensor uncalibrated,-0.17104226,0.10873401,-0.59864795,-0.17104226,0.10873401,-0.59864795,3
712741069643238,2024-03-21T19:39:28.312Z,gyroscope sensor uncalibrated,0.002443461,0.119729586,-0.5552765,0.002443461,0.119729586,-0.5552765,3
712741079643238,2024-03-21T19:39:28.322Z,gyroscope sensor uncalibrated,0.22113322,0.14477506,-0.2510656,0.22113322,0.14477506,-0.2510656,3
712741089643238,2024-03-21T19:39:28.332Z,gyroscope sensor uncalibrated,0.48747048,0.2180789,0.18875736,0.48747048,0.2180789,0.18875736,3
712741099643671,2024-03-21T19:39:28.342Z,gyroscope sensor uncalibrated,0.65301496,0.30970868,0.5540548,0.65301496,0.30970868,0.5540548,3
712741109644337,2024-03-21T19:39:28.353Z,gyroscope sensor uncalibrated,0.81061816,0.42455134,0.7672467,0.81061816,0.42455134,0.7672467,3
712741119645037,2024-03-21T19:39:28.363Z,gyroscope sensor uncalibrated,0.9468411,0.43249258,0.8753699,0.9468411,0.43249258,0.8753699,3
712741129645770,2024-03-21T19:39:28.373Z,gyroscope sensor uncalibrated,0.90408057,0.33658674,0.80573124,0.90408057,0.33658674,0.80573124,3
712741139646470,2024-03-21T19:39:28.383Z,gyroscope sensor uncalibrated,0.7318166,0.2003638,0.65118235,0.7318166,0.2003638,0.65118235,3
712741149646403,2024-03-21T19:39:28.393Z,gyroscope sensor uncalibrated,0.4746423,0.02687807,0.453262,0.4746423,0.02687807,0.453262,3
712741159646369,2024-03-21T19:39:28.402Z,gyroscope sensor uncalibrated,0.2302962,-0.16676621,0.25595254,0.2302962,-0.16676621,0.25595254,3
712741169646402,2024-03-21T19:39:28.413Z,gyroscope sensor uncalibrated,0.065973446,-0.32070425,0.09468412,0.065973446,-0.32070425,0.09468412,3
712741179646435,2024-03-21T19:39:28.423Z,gyroscope sensor uncalibrated,-0.035430185,-0.42149702,0.009162978,-0.035430185,-0.42149702,0.009162978,3
712741189646435,2024-03-21T19:39:28.433Z,gyroscope sensor uncalibrated,-0.07269296,-0.5027421,-0.012217305,-0.07269296,-0.5027421,-0.012217305,3
712741199646435,2024-03-21T19:39:28.442Z,gyroscope sensor uncalibrated,0.02687807,-0.5907067,-0.023823744,0.02687807,-0.5907067,-0.023823744,3
712741209646401,2024-03-21T19:39:28.453Z,gyroscope sensor uncalibrated,0.24984388,-0.57360244,0.057421334,0.24984388,-0.57360244,0.057421334,3
712741219646434,2024-03-21T19:39:28.463Z,gyroscope sensor uncalibrated,0.24556783,-0.43004912,0.1863139,0.24556783,-0.43004912,0.1863139,3
712741229647367,2024-03-21T19:39:28.472Z,gyroscope sensor uncalibrated,0.16676621,-0.2321288,0.29871312,0.16676621,-0.2321288,0.29871312,3
712741239647367,2024-03-21T19:39:28.483Z,gyroscope sensor uncalibrated,0.18753563,-0.021380283,0.34025195,0.18753563,-0.021380283,0.34025195,3
712741249647367,2024-03-21T19:39:28.493Z,gyroscope sensor uncalibrated,0.204029,0.18081611,0.32559118,0.204029,0.18081611,0.32559118,3
712741259647367,2024-03-21T19:39:28.503Z,gyroscope sensor uncalibrated,0.15149458,0.34697145,0.29626966,0.15149458,0.34697145,0.29626966,3
712741269647333,2024-03-21T19:39:28.513Z,gyroscope sensor uncalibrated,0.07391469,0.4654793,0.25411993,0.07391469,0.4654793,0.25411993,3
712741279647366,2024-03-21T19:39:28.523Z,gyroscope sensor uncalibrated,0.004886922,0.5290093,0.19547687,0.004886922,0.5290093,0.19547687,3
712741289647399,2024-03-21T19:39:28.532Z,gyroscope sensor uncalibrated,-0.054367006,0.5558874,0.12156218,-0.054367006,0.5558874,0.12156218,3
712741299647399,2024-03-21T19:39:28.543Z,gyroscope sensor uncalibrated,-0.095294975,0.56199604,0.05009095,-0.095294975,0.56199604,0.05009095,3
712741309647365,2024-03-21T19:39:28.552Z,gyroscope sensor uncalibrated,-0.112399206,0.5626069,-0.012217305,-0.112399206,0.5626069,-0.012217305,3
712741319647331,2024-03-21T19:39:28.562Z,gyroscope sensor uncalibrated,-0.103847094,0.5467244,-0.058643065,-0.103847094,0.5467244,-0.058643065,3
712741329647364,2024-03-21T19:39:28.573Z,gyroscope sensor uncalibrated,-0.06719518,0.49480084,-0.084910266,-0.06719518,0.49480084,-0.084910266,3
712741339647364,2024-03-21T19:39:28.582Z,gyroscope sensor uncalibrated,-0.008552114,0.3268129,-0.07880162,-0.008552114,0.3268129,-0.07880162,3
712741349647364,2024-03-21T19:39:28.593Z,gyroscope sensor uncalibrated,0.014660766,0.20525073,-0.058643065,0.014660766,0.20525073,-0.058643065,3
712741359647330,2024-03-21T19:39:28.603Z,gyroscope sensor uncalibrated,0.03359759,0.10262536,-0.03481932,0.03359759,0.10262536,-0.03481932,3
712741369647330,2024-03-21T19:39:28.612Z,gyroscope sensor uncalibrated,0.036651913,0.020158553,-0.012217305,0.036651913,0.020158553,-0.012217305,3
712741379647363,2024-03-21T19:39:28.623Z,gyroscope sensor uncalibrated,0.028099801,-0.049480084,0.009162978,0.028099801,-0.049480084,0.009162978,3
712741389647363,2024-03-21T19:39:28.632Z,gyroscope sensor uncalibrated,0.012217305,-0.106901415,0.028710667,0.012217305,-0.106901415,0.028710667,3
712741399647363,2024-03-21T19:39:28.642Z,gyroscope sensor uncalibrated,-0.004886922,-0.15027285,0.04886922,-0.004886922,-0.15027285,0.04886922,3
712741409647363,2024-03-21T19:39:28.653Z,gyroscope sensor uncalibrated,0.00061086525,-0.16982053,0.07574729,0.00061086525,-0.16982053,0.07574729,3
712741419647329,2024-03-21T19:39:28.662Z,gyroscope sensor uncalibrated,0.034208454,-0.1685988,0.105068825,0.034208454,-0.1685988,0.105068825,3
712741429647295,2024-03-21T19:39:28.672Z,gyroscope sensor uncalibrated,0.07147124,-0.1441642,0.13194689,0.07147124,-0.1441642,0.13194689,3
712741439647328,2024-03-21T19:39:28.683Z,gyroscope sensor uncalibrated,0.11728613,-0.11056661,0.16554448,0.11728613,-0.11056661,0.16554448,3
712741449647328,2024-03-21T19:39:28.692Z,gyroscope sensor uncalibrated,0.16126843,-0.073303826,0.22052236,0.16126843,-0.073303826,0.22052236,3
712741459647328,2024-03-21T19:39:28.702Z,gyroscope sensor uncalibrated,0.21197024,-0.0580322,0.29749137,0.21197024,-0.0580322,0.29749137,3
712741469647294,2024-03-21T19:39:28.713Z,gyroscope sensor uncalibrated,0.24617869,-0.099571034,0.3817908,0.24617869,-0.099571034,0.3817908,3
712741479647294,2024-03-21T19:39:28.723Z,gyroscope sensor uncalibrated,0.25961772,-0.23396139,0.45814893,0.25961772,-0.23396139,0.45814893,3
712741489647327,2024-03-21T19:39:28.733Z,gyroscope sensor uncalibrated,0.25411993,-0.44715336,0.50640726,0.25411993,-0.44715336,0.50640726,3
712741499647327,2024-03-21T19:39:28.743Z,gyroscope sensor uncalibrated,0.22052236,-0.65668017,0.5222898,0.22052236,-0.65668017,0.5222898,3
712741509647327,2024-03-21T19:39:28.753Z,gyroscope sensor uncalibrated,0.16249016,-0.79901177,0.5021312,0.16249016,-0.79901177,0.5021312,3
712741519647293,2024-03-21T19:39:28.762Z,gyroscope sensor uncalibrated,0.14782938,-0.8313876,0.462425,0.14782938,-0.8313876,0.462425,3
712741529647326,2024-03-21T19:39:28.772Z,gyroscope sensor uncalibrated,0.17104226,-0.68477994,0.42577308,0.17104226,-0.68477994,0.42577308,3
712741539647359,2024-03-21T19:39:28.782Z,gyroscope sensor uncalibrated,0.16798794,-0.3885103,0.37018433,0.16798794,-0.3885103,0.37018433,3
712741549647359,2024-03-21T19:39:28.792Z,gyroscope sensor uncalibrated,-0.13133603,-0.09773844,0.32559118,-0.13133603,-0.09773844,0.32559118,3
712741559647359,2024-03-21T19:39:28.802Z,gyroscope sensor uncalibrated,-0.28160888,-0.06414085,0.15027285,-0.28160888,-0.06414085,0.15027285,3
712741569647359,2024-03-21T19:39:28.812Z,gyroscope sensor uncalibrated,-0.2846632,0.037873644,0.032375857,-0.2846632,0.037873644,0.032375857,3
712741579647325,2024-03-21T19:39:28.823Z,gyroscope sensor uncalibrated,-0.2657264,0.20341812,0.07452556,-0.2657264,0.20341812,0.07452556,3
712741589647325,2024-03-21T19:39:28.832Z,gyroscope sensor uncalibrated,-0.21135938,0.3286455,0.19303341,-0.21135938,0.3286455,0.19303341,3
712741599647358,2024-03-21T19:39:28.842Z,gyroscope sensor uncalibrated,-0.11728613,0.3921755,0.27122417,-0.11728613,0.3921755,0.27122417,3
712741609647358,2024-03-21T19:39:28.852Z,gyroscope sensor uncalibrated,-0.06780604,0.36713,0.21685717,-0.06780604,0.36713,0.21685717,3
712741619647358,2024-03-21T19:39:28.863Z,gyroscope sensor uncalibrated,-0.16187929,0.32559118,0.0036651916,-0.16187929,0.32559118,0.0036651916,3
712741629647324,2024-03-21T19:39:28.873Z,gyroscope sensor uncalibrated,-0.36651915,0.2864958,-0.30176744,-0.36651915,0.2864958,-0.30176744,3
712741639647357,2024-03-21T19:39:28.883Z,gyroscope sensor uncalibrated,-0.5155703,0.2443461,-0.55955255,-0.5155703,0.2443461,-0.55955255,3
712741649647390,2024-03-21T19:39:28.892Z,gyroscope sensor uncalibrated,-0.54061574,0.16615535,-0.657291,-0.54061574,0.16615535,-0.657291,3
712741659647390,2024-03-21T19:39:28.902Z,gyroscope sensor uncalibrated,-0.48441613,-0.0030543262,-0.61269784,-0.48441613,-0.0030543262,-0.61269784,3
712741669647356,2024-03-21T19:39:28.913Z,gyroscope sensor uncalibrated,-0.3903429,-0.21563543,-0.49174652,-0.3903429,-0.21563543,-0.49174652,3
712741679647322,2024-03-21T19:39:28.923Z,gyroscope sensor uncalibrated,-0.30176744,-0.4447099,-0.35002577,-0.30176744,-0.4447099,-0.35002577,3
712741689647355,2024-03-21T19:39:28.932Z,gyroscope sensor uncalibrated,-0.23884831,-0.6377433,-0.21319197,-0.23884831,-0.6377433,-0.21319197,3
712741699647355,2024-03-21T19:39:28.943Z,gyroscope sensor uncalibrated,-0.17470746,-0.7648033,-0.14110987,-0.17470746,-0.7648033,-0.14110987,3
712741709647355,2024-03-21T19:39:28.953Z,gyroscope sensor uncalibrated,-0.17104226,-0.7996226,-0.10323623,-0.17104226,-0.7996226,-0.10323623,3
712741719647355,2024-03-21T19:39:28.962Z,gyroscope sensor uncalibrated,-0.23151793,-0.8063421,-0.09162979,-0.23151793,-0.8063421,-0.09162979,3
712741729647355,2024-03-21T19:39:28.973Z,gyroscope sensor uncalibrated,-0.23884831,-0.79290307,-0.12461651,-0.23884831,-0.79290307,-0.12461651,3
712741739646621,2024-03-21T19:39:28.983Z,gyroscope sensor uncalibrated,-0.17348573,-0.7293731,-0.16493362,-0.17348573,-0.7293731,-0.16493362,3
712741749646187,2024-03-21T19:39:28.992Z,gyroscope sensor uncalibrated,-0.037873644,-0.6236934,-0.15943582,-0.037873644,-0.6236934,-0.15943582,3
712741759646187,2024-03-21T19:39:29.003Z,gyroscope sensor uncalibrated,0.12522738,-0.41599923,-0.093462385,0.12522738,-0.41599923,-0.093462385,3
712741769646187,2024-03-21T19:39:29.013Z,gyroscope sensor uncalibrated,0.21563543,-0.28099802,-0.059864793,0.21563543,-0.28099802,-0.059864793,3
712741779646153,2024-03-21T19:39:29.022Z,gyroscope sensor uncalibrated,0.30115658,-0.15577064,-0.05131268,0.30115658,-0.15577064,-0.05131268,3
712741789646119,2024-03-21T19:39:29.033Z,gyroscope sensor uncalibrated,0.35369098,-0.043982297,-0.061086524,0.35369098,-0.043982297,-0.061086524,3
712741799645719,2024-03-21T19:39:29.042Z,gyroscope sensor uncalibrated,0.37323865,0.08124508,-0.06291912,0.37323865,0.08124508,-0.06291912,3
712741809645719,2024-03-21T19:39:29.052Z,gyroscope sensor uncalibrated,0.3726278,0.2125811,-0.04153884,0.3726278,0.2125811,-0.04153884,3
712741819645719,2024-03-21T19:39:29.063Z,gyroscope sensor uncalibrated,0.3885103,0.31948254,0.007330383,0.3885103,0.31948254,0.007330383,3
712741829645685,2024-03-21T19:39:29.072Z,gyroscope sensor uncalibrated,0.43493605,0.3903429,0.06780604,0.43493605,0.3903429,0.06780604,3
712741839645685,2024-03-21T19:39:29.082Z,gyroscope sensor uncalibrated,0.48563787,0.4251622,0.12522738,0.48563787,0.4251622,0.12522738,3
712741849645718,2024-03-21T19:39:29.093Z,gyroscope sensor uncalibrated,0.5332854,0.43371433,0.17470746,0.5332854,0.43371433,0.17470746,3
712741859645718,2024-03-21T19:39:29.103Z,gyroscope sensor uncalibrated,0.5748242,0.39950588,0.20463985,0.5748242,0.39950588,0.20463985,3
712741869645018,2024-03-21T19:39:29.113Z,gyroscope sensor uncalibrated,0.6114761,0.32925636,0.22357668,0.6114761,0.32925636,0.22357668,3
712741879644318,2024-03-21T19:39:29.122Z,gyroscope sensor uncalibrated,0.63346726,0.24984388,0.22113322,0.63346726,0.24984388,0.22113322,3
712741889644284,2024-03-21T19:39:29.132Z,gyroscope sensor uncalibrated,0.64934975,0.17348573,0.2284636,0.64934975,0.17348573,0.2284636,3
712741899644250,2024-03-21T19:39:29.143Z,gyroscope sensor uncalibrated,0.6719518,0.10140363,0.26145032,0.6719518,0.10140363,0.26145032,3
712741909644283,2024-03-21T19:39:29.153Z,gyroscope sensor uncalibrated,0.70921457,0.04153884,0.321926,0.70921457,0.04153884,0.321926,3
712741919644283,2024-03-21T19:39:29.162Z,gyroscope sensor uncalibrated,0.75747293,0.009162978,0.40439278,0.75747293,0.009162978,0.40439278,3
712741929644283,2024-03-21T19:39:29.172Z,gyroscope sensor uncalibrated,0.7984009,0.021991149,0.48747048,0.7984009,0.021991149,0.48747048,3
712741939643516,2024-03-21T19:39:29.183Z,gyroscope sensor uncalibrated,0.8332202,0.07269296,0.54183745,0.8332202,0.07269296,0.54183745,3
712741949643716,2024-03-21T19:39:29.193Z,gyroscope sensor uncalibrated,0.8668178,0.13316862,0.5626069,0.8668178,0.13316862,0.5626069,3
712741959643749,2024-03-21T19:39:29.203Z,gyroscope sensor uncalibrated,0.90041536,0.19058995,0.56016344,0.90041536,0.19058995,0.56016344,3
712741969643749,2024-03-21T19:39:29.212Z,gyroscope sensor uncalibrated,0.91629785,0.19303341,0.54000485,0.91629785,0.19303341,0.54000485,3
712741979643749,2024-03-21T19:39:29.222Z,gyroscope sensor uncalibrated,0.86620694,0.1423316,0.49113566,0.86620694,0.1423316,0.49113566,3
712741989643715,2024-03-21T19:39:29.232Z,gyroscope sensor uncalibrated,0.7556403,0.07880162,0.37751472,0.7556403,0.07880162,0.37751472,3
712741999643715,2024-03-21T19:39:29.243Z,gyroscope sensor uncalibrated,0.60903263,0.026267206,0.18753563,0.60903263,0.026267206,0.18753563,3
712742009644015,2024-03-21T19:39:29.252Z,gyroscope sensor uncalibrated,0.45631635,-0.08735373,-0.022602014,0.45631635,-0.08735373,-0.022602014,3
712742019644015,2024-03-21T19:39:29.263Z,gyroscope sensor uncalibrated,0.30115658,-0.30787608,-0.17470746,0.30115658,-0.30787608,-0.17470746,3
712742029644015,2024-03-21T19:39:29.273Z,gyroscope sensor uncalibrated,0.1863139,-0.6017023,-0.22357668,0.1863139,-0.6017023,-0.22357668,3
712742039644715,2024-03-21T19:39:29.283Z,gyroscope sensor uncalibrated,0.16126843,-0.83199847,-0.1826487,0.16126843,-0.83199847,-0.1826487,3
712742049645148,2024-03-21T19:39:29.293Z,gyroscope sensor uncalibrated,0.24373524,-0.893085,-0.086132,0.24373524,-0.893085,-0.086132,3
712742059645148,2024-03-21T19:39:29.303Z,gyroscope sensor uncalibrated,0.321926,-0.8167268,0.019547688,0.321926,-0.8167268,0.019547688,3
712742069645148,2024-03-21T19:39:29.312Z,gyroscope sensor uncalibrated,0.3213151,-0.6035349,0.06719518,0.3213151,-0.6035349,0.06719518,3
712742079645148,2024-03-21T19:39:29.322Z,gyroscope sensor uncalibrated,0.3585779,-0.33964106,0.054367006,0.3585779,-0.33964106,0.054367006,3
712742089645148,2024-03-21T19:39:29.333Z,gyroscope sensor uncalibrated,0.45081854,-0.23701571,0.048258353,0.45081854,-0.23701571,0.048258353,3
712742099645548,2024-03-21T19:39:29.343Z,gyroscope sensor uncalibrated,0.5131268,-0.30848694,0.06963864,0.5131268,-0.30848694,0.06963864,3
712742109645548,2024-03-21T19:39:29.353Z,gyroscope sensor uncalibrated,0.45265114,-0.31887165,0.08674286,0.45265114,-0.31887165,0.08674286,3
712742119645848,2024-03-21T19:39:29.363Z,gyroscope sensor uncalibrated,0.30298916,-0.16676621,0.02076942,0.30298916,-0.16676621,0.02076942,3
712742129645848,2024-03-21T19:39:29.372Z,gyroscope sensor uncalibrated,0.16432275,0.084910266,-0.12705997,0.16432275,0.084910266,-0.12705997,3
712742139645814,2024-03-21T19:39:29.383Z,gyroscope sensor uncalibrated,0.10873401,0.31398472,-0.25778514,0.10873401,0.31398472,-0.25778514,3
712742149645780,2024-03-21T19:39:29.392Z,gyroscope sensor uncalibrated,0.1600467,0.4642576,-0.34574974,0.1600467,0.4642576,-0.34574974,3
712742159645780,2024-03-21T19:39:29.402Z,gyroscope sensor uncalibrated,0.28955013,0.51068336,-0.31215215,0.28955013,0.51068336,-0.31215215,3
712742169646480,2024-03-21T19:39:29.412Z,gyroscope sensor uncalibrated,0.4392121,0.49663344,-0.11484267,0.4392121,0.49663344,-0.11484267,3
712742179647180,2024-03-21T19:39:29.422Z,gyroscope sensor uncalibrated,0.59803706,0.5180137,0.1777618,0.59803706,0.5180137,0.1777618,3
712742189647180,2024-03-21T19:39:29.433Z,gyroscope sensor uncalibrated,0.8136725,0.535118,0.5497787,0.8136725,0.535118,0.5497787,3
712742199647180,2024-03-21T19:39:29.443Z,gyroscope sensor uncalibrated,0.80573124,0.4251622,0.6737844,0.80573124,0.4251622,0.6737844,3
712742209647146,2024-03-21T19:39:29.453Z,gyroscope sensor uncalibrated,0.7098254,0.19242255,0.61391956,0.7098254,0.19242255,0.61391956,3
712742219647146,2024-03-21T19:39:29.462Z,gyroscope sensor uncalibrated,0.5314528,-0.05681047,0.43127087,0.5314528,-0.05681047,0.43127087,3
712742229647146,2024-03-21T19:39:29.473Z,gyroscope sensor uncalibrated,0.23335053,-0.3145956,0.18142697,0.23335053,-0.3145956,0.18142697,3
712742239647879,2024-03-21T19:39:29.482Z,gyroscope sensor uncalibrated,-0.092240654,-0.516792,-0.06841691,-0.092240654,-0.516792,-0.06841691,3
712742249647645,2024-03-21T19:39:29.492Z,gyroscope sensor uncalibrated,-0.32742378,-0.66523224,-0.22602014,-0.32742378,-0.66523224,-0.22602014,3
712742259647911,2024-03-21T19:39:29.502Z,gyroscope sensor uncalibrated,-0.38606682,-0.7996226,-0.29443705,-0.38606682,-0.7996226,-0.29443705,3
712742269647911,2024-03-21T19:39:29.512Z,gyroscope sensor uncalibrated,-0.29993483,-0.89919364,-0.3182608,-0.29993483,-0.89919364,-0.3182608,3
712742279647911,2024-03-21T19:39:29.523Z,gyroscope sensor uncalibrated,-0.17959438,-0.89858276,-0.24678956,-0.17959438,-0.89858276,-0.24678956,3
712742289647911,2024-03-21T19:39:29.532Z,gyroscope sensor uncalibrated,-0.058643065,-0.7287622,-0.112399206,-0.058643065,-0.7287622,-0.112399206,3
712742299647911,2024-03-21T19:39:29.543Z,gyroscope sensor uncalibrated,-0.15943582,-0.4428773,0.00061086525,-0.15943582,-0.4428773,0.00061086525,3
712742309647611,2024-03-21T19:39:29.552Z,gyroscope sensor uncalibrated,-0.29749137,-0.122783914,0.048258353,-0.29749137,-0.122783914,0.048258353,3
712742319647611,2024-03-21T19:39:29.562Z,gyroscope sensor uncalibrated,-0.36346483,0.19608775,0.028099801,-0.36346483,0.19608775,0.028099801,3
712742329647611,2024-03-21T19:39:29.572Z,gyroscope sensor uncalibrated,-0.41538838,0.47403142,-0.016493361,-0.41538838,0.47403142,-0.016493361,3
712742339647611,2024-03-21T19:39:29.583Z,gyroscope sensor uncalibrated,-0.45265114,0.67073005,-0.042760566,-0.45265114,0.67073005,-0.042760566,3
712742349647611,2024-03-21T19:39:29.593Z,gyroscope sensor uncalibrated,-0.44104472,0.77396625,-0.05375614,-0.44104472,0.77396625,-0.05375614,3
712742359647611,2024-03-21T19:39:29.603Z,gyroscope sensor uncalibrated,-0.38423425,0.8038987,-0.080634214,-0.38423425,0.8038987,-0.080634214,3
712742369647844,2024-03-21T19:39:29.613Z,gyroscope sensor uncalibrated,-0.3371976,0.77274454,-0.1160644,-0.3371976,0.77274454,-0.1160644,3
712742379647844,2024-03-21T19:39:29.623Z,gyroscope sensor uncalibrated,-0.31703907,0.68783426,-0.16310102,-0.31703907,0.68783426,-0.16310102,3
712742389647844,2024-03-21T19:39:29.632Z,gyroscope sensor uncalibrated,-0.30848694,0.56382865,-0.21930063,-0.30848694,0.56382865,-0.21930063,3
712742399647844,2024-03-21T19:39:29.643Z,gyroscope sensor uncalibrated,-0.30298916,0.3494149,-0.3036,-0.30298916,0.3494149,-0.3036,3
712742409647844,2024-03-21T19:39:29.653Z,gyroscope sensor uncalibrated,-0.28405234,0.21502456,-0.3371976,-0.28405234,0.21502456,-0.3371976,3
712742419647544,2024-03-21T19:39:29.663Z,gyroscope sensor uncalibrated,-0.26206118,0.10567969,-0.34574974,-0.26206118,0.10567969,-0.34574974,3
712742429647544,2024-03-21T19:39:29.672Z,gyroscope sensor uncalibrated,-0.25411993,0.021380283,-0.33108896,-0.25411993,0.021380283,-0.33108896,3
712742439647544,2024-03-21T19:39:29.682Z,gyroscope sensor uncalibrated,-0.267559,-0.030543262,-0.3042109,-0.267559,-0.030543262,-0.3042109,3
712742449647544,2024-03-21T19:39:29.693Z,gyroscope sensor uncalibrated,-0.28160888,-0.028710667,-0.26511553,-0.28160888,-0.028710667,-0.26511553,3
712742459647544,2024-03-21T19:39:29.703Z,gyroscope sensor uncalibrated,-0.29016098,0.016493361,-0.22418754,-0.29016098,0.016493361,-0.22418754,3
712742469647544,2024-03-21T19:39:29.712Z,gyroscope sensor uncalibrated,-0.29260445,0.08368854,-0.18570304,-0.29260445,0.08368854,-0.18570304,3
712742479647544,2024-03-21T19:39:29.722Z,gyroscope sensor uncalibrated,-0.28710666,0.16798794,-0.14721853,-0.28710666,0.16798794,-0.14721853,3
712742489647544,2024-03-21T19:39:29.733Z,gyroscope sensor uncalibrated,-0.27488935,0.2773328,-0.112399206,-0.27488935,0.2773328,-0.112399206,3
712742499647544,2024-03-21T19:39:29.743Z,gyroscope sensor uncalibrated,-0.24801129,0.39706242,-0.08307768,-0.24801129,0.39706242,-0.08307768,3
712742509647810,2024-03-21T19:39:29.752Z,gyroscope sensor uncalibrated,-0.20952678,0.46975538,-0.04153884,-0.20952678,0.46975538,-0.04153884,3
712742519647810,2024-03-21T19:39:29.763Z,gyroscope sensor uncalibrated,-0.16554448,0.48380527,0.01038471,-0.16554448,0.48380527,0.01038471,3
712742529647810,2024-03-21T19:39:29.772Z,gyroscope sensor uncalibrated,-0.13805555,0.4813618,0.064751714,-0.13805555,0.4813618,0.064751714,3
712742539647810,2024-03-21T19:39:29.782Z,gyroscope sensor uncalibrated,-0.087964594,0.39584067,0.14538592,-0.087964594,0.39584067,0.14538592,3
712742549648043,2024-03-21T19:39:29.792Z,gyroscope sensor uncalibrated,-0.025045475,0.23579398,0.26816985,-0.025045475,0.23579398,0.26816985,3
712742559647743,2024-03-21T19:39:29.803Z,gyroscope sensor uncalibrated,-0.021991149,0.050701816,0.3903429,-0.021991149,0.050701816,0.3903429,3
712742569647743,2024-03-21T19:39:29.813Z,gyroscope sensor uncalibrated,-0.059253927,-0.1881465,0.46181414,-0.059253927,-0.1881465,0.46181414,3
712742579647743,2024-03-21T19:39:29.822Z,gyroscope sensor uncalibrated,-0.080634214,-0.42821655,0.4361578,-0.080634214,-0.42821655,0.4361578,3
712742589647743,2024-03-21T19:39:29.832Z,gyroscope sensor uncalibrated,-0.084910266,-0.58276546,0.3885103,-0.084910266,-0.58276546,0.3885103,3
712742599647743,2024-03-21T19:39:29.842Z,gyroscope sensor uncalibrated,-0.1160644,-0.59437186,0.3885103,-0.1160644,-0.59437186,0.3885103,3
712742609647976,2024-03-21T19:39:29.853Z,gyroscope sensor uncalibrated,-0.14172074,-0.20647246,0.43860126,-0.14172074,-0.20647246,0.43860126,3
712742619648242,2024-03-21T19:39:29.862Z,gyroscope sensor uncalibrated,-0.24678956,0.15760323,0.5027421,-0.24678956,0.15760323,0.5027421,3
712742629648242,2024-03-21T19:39:29.872Z,gyroscope sensor uncalibrated,-0.4605924,0.29932398,0.49968776,-0.4605924,0.29932398,0.49968776,3
712742639648242,2024-03-21T19:39:29.882Z,gyroscope sensor uncalibrated,-0.5235115,0.29443705,0.34025195,-0.5235115,0.29443705,0.34025195,3
712742649648242,2024-03-21T19:39:29.892Z,gyroscope sensor uncalibrated,-0.41233405,0.3042109,0.2180789,-0.41233405,0.3042109,0.2180789,3
712742659648242,2024-03-21T19:39:29.903Z,gyroscope sensor uncalibrated,-0.35246924,0.4343252,0.19608775,-0.35246924,0.4343252,0.19608775,3
712742669648008,2024-03-21T19:39:29.913Z,gyroscope sensor uncalibrated,-0.44715336,0.593761,0.24190263,-0.44715336,0.593761,0.24190263,3
712742679648008,2024-03-21T19:39:29.923Z,gyroscope sensor uncalibrated,-0.57726765,0.6389651,0.24129178,-0.57726765,0.6389651,0.24129178,3
712742689648008,2024-03-21T19:39:29.932Z,gyroscope sensor uncalibrated,-0.65179324,0.48991394,0.16432275,-0.65179324,0.48991394,0.16432275,3
712742699648008,2024-03-21T19:39:29.942Z,gyroscope sensor uncalibrated,-0.6609562,0.32253686,-0.009773844,-0.6609562,0.32253686,-0.009773844,3
712742709648008,2024-03-21T19:39:29.953Z,gyroscope sensor uncalibrated,-0.62796944,0.23396139,-0.2687807,-0.62796944,0.23396139,-0.2687807,3
712742719648008,2024-03-21T19:39:29.963Z,gyroscope sensor uncalibrated,-0.6579019,0.22968534,-0.4972443,-0.6579019,0.22968534,-0.4972443,3
712742729648008,2024-03-21T19:39:29.973Z,gyroscope sensor uncalibrated,-0.75441855,0.26328292,-0.643852,-0.75441855,0.26328292,-0.643852,3
712742739648008,2024-03-21T19:39:29.982Z,gyroscope sensor uncalibrated,-0.8332202,0.30909783,-0.7110472,-0.8332202,0.30909783,-0.7110472,3
712742749648008,2024-03-21T19:39:29.992Z,gyroscope sensor uncalibrated,-0.8368854,0.31581733,-0.6927212,-0.8368854,0.31581733,-0.6927212,3
712742759648274,2024-03-21T19:39:30.002Z,gyroscope sensor uncalibrated,-0.75747293,0.2406809,-0.6102544,-0.75747293,0.2406809,-0.6102544,3
712742769648274,2024-03-21T19:39:30.013Z,gyroscope sensor uncalibrated,-0.6737844,0.11056661,-0.49846604,-0.6737844,0.11056661,-0.49846604,3
712742779648274,2024-03-21T19:39:30.023Z,gyroscope sensor uncalibrated,-0.59681535,-0.07696902,-0.43493605,-0.59681535,-0.07696902,-0.43493605,3
712742789648274,2024-03-21T19:39:30.032Z,gyroscope sensor uncalibrated,-0.5742133,-0.27305678,-0.3915646,-0.5742133,-0.27305678,-0.3915646,3
712742799648274,2024-03-21T19:39:30.043Z,gyroscope sensor uncalibrated,-0.6591236,-0.462425,-0.32253686,-0.6591236,-0.462425,-0.32253686,3
712742809648007,2024-03-21T19:39:30.053Z,gyroscope sensor uncalibrated,-0.70432764,-0.68539083,-0.30176744,-0.70432764,-0.68539083,-0.30176744,3
712742819648007,2024-03-21T19:39:30.063Z,gyroscope sensor uncalibrated,-0.5644395,-0.9272934,-0.35613444,-0.5644395,-0.9272934,-0.35613444,3
712742829648007,2024-03-21T19:39:30.073Z,gyroscope sensor uncalibrated,-0.46792278,-0.9877691,-0.37751472,-0.46792278,-0.9877691,-0.37751472,3
712742839648007,2024-03-21T19:39:30.082Z,gyroscope sensor uncalibrated,-0.39584067,-0.9798279,-0.40133846,-0.39584067,-0.9798279,-0.40133846,3
712742849647773,2024-03-21T19:39:30.092Z,gyroscope sensor uncalibrated,-0.34025195,-0.8790351,-0.43982297,-0.34025195,-0.8790351,-0.43982297,3
712742859647773,2024-03-21T19:39:30.102Z,gyroscope sensor uncalibrated,-0.2919936,-0.70738196,-0.47647488,-0.2919936,-0.70738196,-0.47647488,3
712742869648039,2024-03-21T19:39:30.113Z,gyroscope sensor uncalibrated,-0.258396,-0.5119051,-0.51251596,-0.258396,-0.5119051,-0.51251596,3
712742879648039,2024-03-21T19:39:30.123Z,gyroscope sensor uncalibrated,-0.25961772,-0.3115413,-0.53023106,-0.25961772,-0.3115413,-0.53023106,3
712742889648039,2024-03-21T19:39:30.133Z,gyroscope sensor uncalibrated,-0.2779437,-0.13316862,-0.52534413,-0.2779437,-0.13316862,-0.52534413,3
712742899648039,2024-03-21T19:39:30.142Z,gyroscope sensor uncalibrated,-0.3005457,0.022602014,-0.4813618,-0.3005457,0.022602014,-0.4813618,3
712742909647805,2024-03-21T19:39:30.153Z,gyroscope sensor uncalibrated,-0.32070425,0.15699236,-0.38606682,-0.32070425,0.15699236,-0.38606682,3
712742919647538,2024-03-21T19:39:30.163Z,gyroscope sensor uncalibrated,-0.3408628,0.29138273,-0.26206118,-0.3408628,0.29138273,-0.26206118,3
712742929647538,2024-03-21T19:39:30.173Z,gyroscope sensor uncalibrated,-0.33658674,0.43004912,-0.15332718,-0.33658674,0.43004912,-0.15332718,3
712742939647538,2024-03-21T19:39:30.182Z,gyroscope sensor uncalibrated,-0.3042109,0.5833763,-0.09712757,-0.3042109,0.5833763,-0.09712757,3
712742949647538,2024-03-21T19:39:30.193Z,gyroscope sensor uncalibrated,-0.27977628,0.71776664,-0.08307768,-0.27977628,0.71776664,-0.08307768,3
712742959647538,2024-03-21T19:39:30.202Z,gyroscope sensor uncalibrated,-0.27183503,0.7415904,-0.086132,-0.27183503,0.7415904,-0.086132,3
712742969647538,2024-03-21T19:39:30.213Z,gyroscope sensor uncalibrated,-0.26267207,0.6414085,-0.10567969,-0.26267207,0.6414085,-0.10567969,3
712742979647538,2024-03-21T19:39:30.222Z,gyroscope sensor uncalibrated,-0.22357668,0.516792,-0.12034045,-0.22357668,0.516792,-0.12034045,3
712742989647538,2024-03-21T19:39:30.233Z,gyroscope sensor uncalibrated,-0.15515977,0.47952923,-0.10873401,-0.15515977,0.47952923,-0.10873401,3
712742999647538,2024-03-21T19:39:30.242Z,gyroscope sensor uncalibrated,-0.09040806,0.4886922,-0.06169739,-0.09040806,0.4886922,-0.06169739,3
712743009647771,2024-03-21T19:39:30.253Z,gyroscope sensor uncalibrated,-0.027488936,0.42394048,0.004886922,-0.027488936,0.42394048,0.004886922,3
712743019647771,2024-03-21T19:39:30.263Z,gyroscope sensor uncalibrated,0.04337143,0.3707952,0.045814894,0.04337143,0.3707952,0.045814894,3
712743029647771,2024-03-21T19:39:30.272Z,gyroscope sensor uncalibrated,0.118507855,0.4025602,0.02565634,0.118507855,0.4025602,0.02565634,3
712743039647771,2024-03-21T19:39:30.282Z,gyroscope sensor uncalibrated,0.25778514,0.38545597,-0.058643065,0.25778514,0.38545597,-0.058643065,3
712743049647771,2024-03-21T19:39:30.293Z,gyroscope sensor uncalibrated,0.30970868,0.22540927,-0.09162979,0.30970868,0.22540927,-0.09162979,3
712743059647504,2024-03-21T19:39:30.302Z,gyroscope sensor uncalibrated,0.23823744,-0.0061086523,-0.14966199,0.23823744,-0.0061086523,-0.14966199,3
712743069647504,2024-03-21T19:39:30.312Z,gyroscope sensor uncalibrated,0.07452556,-0.27122417,-0.26939157,0.07452556,-0.27122417,-0.26939157,3
712743079647504,2024-03-21T19:39:30.323Z,gyroscope sensor uncalibrated,-0.08246681,-0.49968776,-0.4202753,-0.08246681,-0.49968776,-0.4202753,3
712743089647504,2024-03-21T19:39:30.333Z,gyroscope sensor uncalibrated,-0.18142697,-0.62796944,-0.5571091,-0.18142697,-0.62796944,-0.5571091,3
712743099647504,2024-03-21T19:39:30.342Z,gyroscope sensor uncalibrated,-0.23579398,-0.7171558,-0.64996064,-0.23579398,-0.7171558,-0.64996064,3
712743109647504,2024-03-21T19:39:30.352Z,gyroscope sensor uncalibrated,-0.23151793,-0.8045095,-0.67256266,-0.23151793,-0.8045095,-0.67256266,3
712743119647770,2024-03-21T19:39:30.363Z,gyroscope sensor uncalibrated,-0.15393804,-0.8564331,-0.61269784,-0.15393804,-0.8564331,-0.61269784,3
712743129647770,2024-03-21T19:39:30.372Z,gyroscope sensor uncalibrated,-0.07696902,-0.7831292,-0.47769663,-0.07696902,-0.7831292,-0.47769663,3
712743139647770,2024-03-21T19:39:30.383Z,gyroscope sensor uncalibrated,-0.027488936,-0.4990769,-0.37384954,-0.027488936,-0.4990769,-0.37384954,3
712743149647770,2024-03-21T19:39:30.393Z,gyroscope sensor uncalibrated,0.032986723,-0.055588737,-0.38240165,0.032986723,-0.055588737,-0.38240165,3
712743159647770,2024-03-21T19:39:30.403Z,gyroscope sensor uncalibrated,0.035430185,0.3023783,-0.43188173,0.035430185,0.3023783,-0.43188173,3
712743169647503,2024-03-21T19:39:30.412Z,gyroscope sensor uncalibrated,-0.073303826,0.2602286,-0.39461896,-0.073303826,0.2602286,-0.39461896,3
712743179647503,2024-03-21T19:39:30.423Z,gyroscope sensor uncalibrated,-0.16187929,0.111177474,-0.33841935,-0.16187929,0.111177474,-0.33841935,3
712743189647503,2024-03-21T19:39:30.432Z,gyroscope sensor uncalibrated,-0.22174409,0.087964594,-0.37507126,-0.22174409,0.087964594,-0.37507126,3
712743199647503,2024-03-21T19:39:30.443Z,gyroscope sensor uncalibrated,-0.29871312,0.17104226,-0.4801401,-0.29871312,0.17104226,-0.4801401,3
712743209647503,2024-03-21T19:39:30.452Z,gyroscope sensor uncalibrated,-0.36713,0.28588495,-0.58276546,-0.36713,0.28588495,-0.58276546,3
712743219647503,2024-03-21T19:39:30.463Z,gyroscope sensor uncalibrated,-0.33353242,0.33536503,-0.59986967,-0.33353242,0.33536503,-0.59986967,3
712743229647503,2024-03-21T19:39:30.472Z,gyroscope sensor uncalibrated,-0.1863139,0.2864958,-0.55955255,-0.1863139,0.2864958,-0.55955255,3
712743239647503,2024-03-21T19:39:30.483Z,gyroscope sensor uncalibrated,-0.018325957,0.19242255,-0.47952923,-0.018325957,0.19242255,-0.47952923,3
712743249647736,2024-03-21T19:39:30.492Z,gyroscope sensor uncalibrated,0.0983493,0.069027774,-0.22235495,0.0983493,0.069027774,-0.22235495,3
712743259647969,2024-03-21T19:39:30.503Z,gyroscope sensor uncalibrated,0.1282817,-0.029321533,-0.028710667,0.1282817,-0.029321533,-0.028710667,3
712743269647969,2024-03-21T19:39:30.513Z,gyroscope sensor uncalibrated,0.14049901,-0.118507855,0.092240654,0.14049901,-0.118507855,0.092240654,3
712743279647969,2024-03-21T19:39:30.522Z,gyroscope sensor uncalibrated,0.13133603,-0.21197024,0.13988814,0.13133603,-0.21197024,0.13988814,3
712743289647969,2024-03-21T19:39:30.532Z,gyroscope sensor uncalibrated,0.039095376,-0.3652974,0.16982053,0.039095376,-0.3652974,0.16982053,3
712743299647969,2024-03-21T19:39:30.543Z,gyroscope sensor uncalibrated,-0.07269296,-0.54000485,0.15943582,-0.07269296,-0.54000485,0.15943582,3
712743309647969,2024-03-21T19:39:30.552Z,gyroscope sensor uncalibrated,-0.14477506,-0.6774496,0.0983493,-0.14477506,-0.6774496,0.0983493,3
712743319647969,2024-03-21T19:39:30.562Z,gyroscope sensor uncalibrated,-0.19547687,-0.7507534,-0.0012217305,-0.19547687,-0.7507534,-0.0012217305,3
712743329647969,2024-03-21T19:39:30.572Z,gyroscope sensor uncalibrated,-0.23762658,-0.7733554,-0.0842994,-0.23762658,-0.7733554,-0.0842994,3
712743339647969,2024-03-21T19:39:30.582Z,gyroscope sensor uncalibrated,-0.21135938,-0.766025,-0.13561209,-0.21135938,-0.766025,-0.13561209,3
712743349647969,2024-03-21T19:39:30.592Z,gyroscope sensor uncalibrated,-0.13805555,-0.689056,-0.15699236,-0.13805555,-0.689056,-0.15699236,3
712743359647969,2024-03-21T19:39:30.603Z,gyroscope sensor uncalibrated,-0.07513642,-0.5314528,-0.12767084,-0.07513642,-0.5314528,-0.12767084,3
712743369648035,2024-03-21T19:39:30.613Z,gyroscope sensor uncalibrated,-0.06414085,-0.32803464,-0.053145275,-0.06414085,-0.32803464,-0.053145275,3
712743379648035,2024-03-21T19:39:30.623Z,gyroscope sensor uncalibrated,-0.070249505,-0.16126843,0.032986723,-0.070249505,-0.16126843,0.032986723,3
712743389648035,2024-03-21T19:39:30.633Z,gyroscope sensor uncalibrated,-0.062308256,-0.05375614,0.09712757,-0.062308256,-0.05375614,0.09712757,3
712743399648035,2024-03-21T19:39:30.643Z,gyroscope sensor uncalibrated,-0.051923547,0.0,0.13744467,-0.051923547,0.0,0.13744467,3
712743409648035,2024-03-21T19:39:30.653Z,gyroscope sensor uncalibrated,-0.065973446,0.02321288,0.15149458,-0.065973446,0.02321288,0.15149458,3
712743419647768,2024-03-21T19:39:30.662Z,gyroscope sensor uncalibrated,-0.16920967,0.047647487,0.12950343,-0.16920967,0.047647487,0.12950343,3
712743429647768,2024-03-21T19:39:30.673Z,gyroscope sensor uncalibrated,-0.258396,0.048258353,0.06658431,-0.258396,0.048258353,0.06658431,3
712743439647768,2024-03-21T19:39:30.682Z,gyroscope sensor uncalibrated,-0.2779437,0.07147124,-0.0061086523,-0.2779437,0.07147124,-0.0061086523,3
712743449647768,2024-03-21T19:39:30.692Z,gyroscope sensor uncalibrated,-0.3323107,0.15760323,-0.09712757,-0.3323107,0.15760323,-0.09712757,3
712743459647768,2024-03-21T19:39:30.703Z,gyroscope sensor uncalibrated,-0.4251622,0.258396,-0.19364429,-0.4251622,0.258396,-0.19364429,3
712743469647768,2024-03-21T19:39:30.713Z,gyroscope sensor uncalibrated,-0.4166101,0.3036,-0.22235495,-0.4166101,0.3036,-0.22235495,3
712743479647768,2024-03-21T19:39:30.722Z,gyroscope sensor uncalibrated,-0.3463606,0.3744604,-0.23335053,-0.3463606,0.3744604,-0.23335053,3
712743489647768,2024-03-21T19:39:30.732Z,gyroscope sensor uncalibrated,-0.24801129,0.46670106,-0.22724187,-0.24801129,0.46670106,-0.22724187,3
712743499647768,2024-03-21T19:39:30.743Z,gyroscope sensor uncalibrated,-0.16310102,0.52412236,-0.21074851,-0.16310102,0.52412236,-0.21074851,3
712743509648034,2024-03-21T19:39:30.753Z,gyroscope sensor uncalibrated,-0.115453534,0.5222898,-0.2003638,-0.115453534,0.5222898,-0.2003638,3
712743519648034,2024-03-21T19:39:30.763Z,gyroscope sensor uncalibrated,-0.112399206,0.4746423,-0.19730948,-0.112399206,0.4746423,-0.19730948,3
712743529648034,2024-03-21T19:39:30.772Z,gyroscope sensor uncalibrated,-0.12889257,0.39522982,-0.19425514,-0.12889257,0.39522982,-0.19425514,3
712743539648034,2024-03-21T19:39:30.783Z,gyroscope sensor uncalibrated,-0.14538592,0.30848694,-0.19058995,-0.14538592,0.30848694,-0.19058995,3
712743549647800,2024-03-21T19:39:30.792Z,gyroscope sensor uncalibrated,-0.16615535,0.24190263,-0.17287487,-0.16615535,0.24190263,-0.17287487,3
712743559647566,2024-03-21T19:39:30.802Z,gyroscope sensor uncalibrated,-0.1966986,0.20830505,-0.13683382,-0.1966986,0.20830505,-0.13683382,3
712743569647566,2024-03-21T19:39:30.813Z,gyroscope sensor uncalibrated,-0.22724187,0.2321288,-0.093462385,-0.22724187,0.2321288,-0.093462385,3
712743579647566,2024-03-21T19:39:30.823Z,gyroscope sensor uncalibrated,-0.25717425,0.2919936,-0.053145275,-0.25717425,0.2919936,-0.053145275,3
712743589647566,2024-03-21T19:39:30.832Z,gyroscope sensor uncalibrated,-0.27672195,0.33475417,0.0067195175,-0.27672195,0.33475417,0.0067195175,3
712743599647566,2024-03-21T19:39:30.843Z,gyroscope sensor uncalibrated,-0.24801129,0.321926,0.080634214,-0.24801129,0.321926,0.080634214,3
712743609647332,2024-03-21T19:39:30.853Z,gyroscope sensor uncalibrated,-0.15210545,0.27366763,0.16187929,-0.15210545,0.27366763,0.16187929,3
712743619647598,2024-03-21T19:39:30.863Z,gyroscope sensor uncalibrated,-0.03970624,0.20952678,0.26267207,-0.03970624,0.20952678,0.26267207,3
712743629647598,2024-03-21T19:39:30.872Z,gyroscope sensor uncalibrated,0.03481932,0.13805555,0.3744604,0.03481932,0.13805555,0.3744604,3
712743639647598,2024-03-21T19:39:30.882Z,gyroscope sensor uncalibrated,0.054367006,0.007941248,0.45570546,0.054367006,0.007941248,0.45570546,3
712743649647598,2024-03-21T19:39:30.892Z,gyroscope sensor uncalibrated,0.040317107,-0.19242255,0.47647488,0.040317107,-0.19242255,0.47647488,3
712743659647598,2024-03-21T19:39:30.902Z,gyroscope sensor uncalibrated,0.02443461,-0.40378192,0.44226643,0.02443461,-0.40378192,0.44226643,3
712743669647531,2024-03-21T19:39:30.913Z,gyroscope sensor uncalibrated,0.032986723,-0.43066,0.38973203,0.032986723,-0.43066,0.38973203,3
712743679647531,2024-03-21T19:39:30.923Z,gyroscope sensor uncalibrated,0.062308256,-0.14294247,0.4288274,0.062308256,-0.14294247,0.4288274,3
712743689647764,2024-03-21T19:39:30.932Z,gyroscope sensor uncalibrated,0.029321533,0.18081611,0.47586402,0.029321533,0.18081611,0.47586402,3
712743699647764,2024-03-21T19:39:30.942Z,gyroscope sensor uncalibrated,-0.124005646,0.22418754,0.44959682,-0.124005646,0.22418754,0.44959682,3
712743709647764,2024-03-21T19:39:30.952Z,gyroscope sensor uncalibrated,-0.15577064,0.23884831,0.3555236,-0.15577064,0.23884831,0.3555236,3
712743719647764,2024-03-21T19:39:30.962Z,gyroscope sensor uncalibrated,-0.017104227,0.40500367,0.27122417,-0.017104227,0.40500367,0.27122417,3
712743729647764,2024-03-21T19:39:30.972Z,gyroscope sensor uncalibrated,0.010995574,0.62858033,0.30115658,0.010995574,0.62858033,0.30115658,3
712743739647764,2024-03-21T19:39:30.983Z,gyroscope sensor uncalibrated,-0.054367006,0.71593404,0.40439278,-0.054367006,0.71593404,0.40439278,3
712743749648030,2024-03-21T19:39:30.992Z,gyroscope sensor uncalibrated,-0.02321288,0.5448918,0.4392121,-0.02321288,0.5448918,0.4392121,3
712743759648296,2024-03-21T19:39:31.003Z,gyroscope sensor uncalibrated,0.03481932,0.21991149,0.40866885,0.03481932,0.21991149,0.40866885,3
712743769648296,2024-03-21T19:39:31.012Z,gyroscope sensor uncalibrated,0.014660766,-0.08246681,0.25900686,0.014660766,-0.08246681,0.25900686,3
712743779648296,2024-03-21T19:39:31.023Z,gyroscope sensor uncalibrated,-0.07696902,-0.20769419,-0.01282817,-0.07696902,-0.20769419,-0.01282817,3
712743789648296,2024-03-21T19:39:31.033Z,gyroscope sensor uncalibrated,-0.25289822,-0.26511553,-0.27550024,-0.25289822,-0.26511553,-0.27550024,3
712743799648296,2024-03-21T19:39:31.042Z,gyroscope sensor uncalibrated,-0.42455134,-0.29932398,-0.46792278,-0.42455134,-0.29932398,-0.46792278,3
712743809648029,2024-03-21T19:39:31.053Z,gyroscope sensor uncalibrated,-0.45081854,-0.2773328,-0.56688297,-0.45081854,-0.2773328,-0.56688297,3
712743819648029,2024-03-21T19:39:31.062Z,gyroscope sensor uncalibrated,-0.398895,-0.25900686,-0.5564982,-0.398895,-0.25900686,-0.5564982,3
712743829648029,2024-03-21T19:39:31.072Z,gyroscope sensor uncalibrated,-0.30787608,-0.27488935,-0.4831944,-0.30787608,-0.27488935,-0.4831944,3
712743839648029,2024-03-21T19:39:31.082Z,gyroscope sensor uncalibrated,-0.28160888,-0.32559118,-0.39278635,-0.28160888,-0.32559118,-0.39278635,3
712743849648029,2024-03-21T19:39:31.092Z,gyroscope sensor uncalibrated,-0.16615535,-0.3707952,-0.30909783,-0.16615535,-0.3707952,-0.30909783,3
712743859648029,2024-03-21T19:39:31.102Z,gyroscope sensor uncalibrated,-0.10567969,-0.3744604,-0.20891592,-0.10567969,-0.3744604,-0.20891592,3
712743869648262,2024-03-21T19:39:31.113Z,gyroscope sensor uncalibrated,-0.06414085,-0.37201694,-0.112399206,-0.06414085,-0.37201694,-0.112399206,3
712743879648262,2024-03-21T19:39:31.122Z,gyroscope sensor uncalibrated,0.040317107,-0.32436943,0.0036651916,0.040317107,-0.32436943,0.0036651916,3
712743889648495,2024-03-21T19:39:31.132Z,gyroscope sensor uncalibrated,0.12034045,-0.24984388,0.04520403,0.12034045,-0.24984388,0.04520403,3
712743899648495,2024-03-21T19:39:31.142Z,gyroscope sensor uncalibrated,0.17348573,-0.14049901,0.052534413,0.17348573,-0.14049901,0.052534413,3
712743909648495,2024-03-21T19:39:31.152Z,gyroscope sensor uncalibrated,0.22113322,-0.10445796,0.028099801,0.22113322,-0.10445796,0.028099801,3
712743919648228,2024-03-21T19:39:31.162Z,gyroscope sensor uncalibrated,0.28771752,-0.11484267,-0.007330383,0.28771752,-0.11484267,-0.007330383,3
712743929648228,2024-03-21T19:39:31.173Z,gyroscope sensor uncalibrated,0.3555236,-0.09468412,-0.03848451,0.3555236,-0.09468412,-0.03848451,3
712743939648228,2024-03-21T19:39:31.182Z,gyroscope sensor uncalibrated,0.40561453,-0.036651913,-0.059864793,0.40561453,-0.036651913,-0.059864793,3
712743949648228,2024-03-21T19:39:31.193Z,gyroscope sensor uncalibrated,0.42943826,0.058643065,-0.047647487,0.42943826,0.058643065,-0.047647487,3
712743959648228,2024-03-21T19:39:31.203Z,gyroscope sensor uncalibrated,0.42271876,0.172264,-0.019547688,0.42271876,0.172264,-0.019547688,3
712743969648228,2024-03-21T19:39:31.213Z,gyroscope sensor uncalibrated,0.40500367,0.28527406,0.022602014,0.40500367,0.28527406,0.022602014,3
712743979648228,2024-03-21T19:39:31.222Z,gyroscope sensor uncalibrated,0.37873647,0.38606682,0.08368854,0.37873647,0.38606682,0.08368854,3
712743989647994,2024-03-21T19:39:31.232Z,gyroscope sensor uncalibrated,0.36957347,0.4550946,0.14721853,0.36957347,0.4550946,0.14721853,3
712743999647994,2024-03-21T19:39:31.242Z,gyroscope sensor uncalibrated,0.38789943,0.49480084,0.20463985,0.38789943,0.49480084,0.20463985,3
712744009648260,2024-03-21T19:39:31.253Z,gyroscope sensor uncalibrated,0.4269948,0.49968776,0.25289822,0.4269948,0.49968776,0.25289822,3
712744019648260,2024-03-21T19:39:31.263Z,gyroscope sensor uncalibrated,0.462425,0.46181414,0.29016098,0.462425,0.46181414,0.29016098,3
712744029648260,2024-03-21T19:39:31.273Z,gyroscope sensor uncalibrated,0.48441613,0.39950588,0.31581733,0.48441613,0.39950588,0.31581733,3
712744039648260,2024-03-21T19:39:31.282Z,gyroscope sensor uncalibrated,0.48930305,0.32742378,0.33841935,0.48930305,0.32742378,0.33841935,3
712744049647993,2024-03-21T19:39:31.293Z,gyroscope sensor uncalibrated,0.49418998,0.24923302,0.35735616,0.49418998,0.24923302,0.35735616,3
712744059647726,2024-03-21T19:39:31.302Z,gyroscope sensor uncalibrated,0.5027421,0.18875736,0.36346483,0.5027421,0.18875736,0.36346483,3
712744069647726,2024-03-21T19:39:31.313Z,gyroscope sensor uncalibrated,0.5112942,0.14294247,0.35308012,0.5112942,0.14294247,0.35308012,3
712744079647726,2024-03-21T19:39:31.322Z,gyroscope sensor uncalibrated,0.5271767,0.118507855,0.32925636,0.5271767,0.118507855,0.32925636,3
712744089647726,2024-03-21T19:39:31.332Z,gyroscope sensor uncalibrated,0.5571091,0.14660765,0.29565877,0.5571091,0.14660765,0.29565877,3
712744099647726,2024-03-21T19:39:31.343Z,gyroscope sensor uncalibrated,0.61391956,0.33353242,0.2669481,0.61391956,0.33353242,0.2669481,3
712744109647726,2024-03-21T19:39:31.352Z,gyroscope sensor uncalibrated,0.63224554,0.47952923,0.27672195,0.63224554,0.47952923,0.27672195,3
712744119647759,2024-03-21T19:39:31.362Z,gyroscope sensor uncalibrated,0.6096435,0.5271767,0.28160888,0.6096435,0.5271767,0.28160888,3
712744129647759,2024-03-21T19:39:31.372Z,gyroscope sensor uncalibrated,0.54733527,0.47586402,0.22907446,0.54733527,0.47586402,0.22907446,3
712744139647759,2024-03-21T19:39:31.382Z,gyroscope sensor uncalibrated,0.45020768,0.3707952,0.087964594,0.45020768,0.3707952,0.087964594,3
712744149647759,2024-03-21T19:39:31.393Z,gyroscope sensor uncalibrated,0.35185838,0.25595254,-0.1160644,0.35185838,0.25595254,-0.1160644,3
712744159647759,2024-03-21T19:39:31.403Z,gyroscope sensor uncalibrated,0.2828306,0.087964594,-0.29810223,0.2828306,0.087964594,-0.29810223,3
712744169647525,2024-03-21T19:39:31.412Z,gyroscope sensor uncalibrated,0.2779437,-0.18081611,-0.3726278,0.2779437,-0.18081611,-0.3726278,3
712744179647525,2024-03-21T19:39:31.423Z,gyroscope sensor uncalibrated,0.3200934,-0.5314528,-0.32498032,0.3200934,-0.5314528,-0.32498032,3
712744189647291,2024-03-21T19:39:31.433Z,gyroscope sensor uncalibrated,0.3830125,-0.84665924,-0.20830505,0.3830125,-0.84665924,-0.20830505,3
712744199647291,2024-03-21T19:39:31.443Z,gyroscope sensor uncalibrated,0.43249258,-0.99204516,-0.08368854,0.43249258,-0.99204516,-0.08368854,3
712744209647291,2024-03-21T19:39:31.452Z,gyroscope sensor uncalibrated,0.4184427,-0.9419542,-0.0580322,0.4184427,-0.9419542,-0.0580322,3
712744219647291,2024-03-21T19:39:31.463Z,gyroscope sensor uncalibrated,0.40194935,-0.75502944,-0.1160644,0.40194935,-0.75502944,-0.1160644,3
712744229647291,2024-03-21T19:39:31.472Z,gyroscope sensor uncalibrated,0.43493605,-0.48258355,-0.18753563,0.43493605,-0.48258355,-0.18753563,3
712744239647291,2024-03-21T19:39:31.483Z,gyroscope sensor uncalibrated,0.49113566,-0.34330627,-0.19914207,0.49113566,-0.34330627,-0.19914207,3
712744249647291,2024-03-21T19:39:31.493Z,gyroscope sensor uncalibrated,0.45937067,-0.29626966,-0.19303341,0.45937067,-0.29626966,-0.19303341,3
712744259647557,2024-03-21T19:39:31.502Z,gyroscope sensor uncalibrated,0.31398472,-0.1386664,-0.25411993,0.31398472,-0.1386664,-0.25411993,3
712744269647557,2024-03-21T19:39:31.513Z,gyroscope sensor uncalibrated,0.15760323,0.16371189,-0.36896262,0.15760323,0.16371189,-0.36896262,3
712744279647557,2024-03-21T19:39:31.522Z,gyroscope sensor uncalibrated,0.11911872,0.50946164,-0.4642576,0.11911872,0.50946164,-0.4642576,3
712744289647557,2024-03-21T19:39:31.532Z,gyroscope sensor uncalibrated,0.21991149,0.70616025,-0.50946164,0.21991149,0.70616025,-0.50946164,3
712744299647557,2024-03-21T19:39:31.543Z,gyroscope sensor uncalibrated,0.38789943,0.65240407,-0.34025195,0.38789943,0.65240407,-0.34025195,3
712744309647290,2024-03-21T19:39:31.553Z,gyroscope sensor uncalibrated,0.6414085,0.42760566,0.20219639,0.6414085,0.42760566,0.20219639,3
712744319647290,2024-03-21T19:39:31.562Z,gyroscope sensor uncalibrated,0.77518797,0.3744604,0.6591236,0.77518797,0.3744604,0.6591236,3
712744329647290,2024-03-21T19:39:31.572Z,gyroscope sensor uncalibrated,0.96944314,0.3555236,1.0476339,0.96944314,0.3555236,1.0476339,3
712744339647290,2024-03-21T19:39:31.583Z,gyroscope sensor uncalibrated,1.0946705,0.40561453,1.3206906,1.0946705,0.40561453,1.3206906,3
712744349647290,2024-03-21T19:39:31.592Z,gyroscope sensor uncalibrated,1.0867293,0.4166101,1.382388,1.0867293,0.4166101,1.382388,3
712744359647290,2024-03-21T19:39:31.602Z,gyroscope sensor uncalibrated,0.98837996,0.28405234,1.2473868,0.98837996,0.28405234,1.2473868,3
712744369647556,2024-03-21T19:39:31.612Z,gyroscope sensor uncalibrated,0.82772243,0.032986723,0.979217,0.82772243,0.032986723,0.979217,3
712744379647556,2024-03-21T19:39:31.622Z,gyroscope sensor uncalibrated,0.58276546,-0.21013765,0.6872234,0.58276546,-0.21013765,0.6872234,3
712744389647556,2024-03-21T19:39:31.632Z,gyroscope sensor uncalibrated,0.2968805,-0.43127087,0.41355577,0.2968805,-0.43127087,0.41355577,3
712744399647556,2024-03-21T19:39:31.643Z,gyroscope sensor uncalibrated,0.03604105,-0.63407815,0.1863139,0.03604105,-0.63407815,0.1863139,3
712744409647556,2024-03-21T19:39:31.653Z,gyroscope sensor uncalibrated,-0.06841691,-0.84116143,-0.008552114,-0.06841691,-0.84116143,-0.008552114,3
712744419647522,2024-03-21T19:39:31.663Z,gyroscope sensor uncalibrated,0.077579886,-1.0183123,-0.10751228,0.077579886,-1.0183123,-0.10751228,3
712744429647522,2024-03-21T19:39:31.672Z,gyroscope sensor uncalibrated,0.27855456,-1.0140363,-0.080634214,0.27855456,-1.0140363,-0.080634214,3
712744439647522,2024-03-21T19:39:31.682Z,gyroscope sensor uncalibrated,0.24556783,-0.874759,0.01282817,0.24556783,-0.874759,0.01282817,3
712744449647755,2024-03-21T19:39:31.693Z,gyroscope sensor uncalibrated,0.14844026,-0.67073005,0.118507855,0.14844026,-0.67073005,0.118507855,3
712744459647755,2024-03-21T19:39:31.702Z,gyroscope sensor uncalibrated,0.16798794,-0.45204028,0.1863139,0.16798794,-0.45204028,0.1863139,3
712744469647755,2024-03-21T19:39:31.713Z,gyroscope sensor uncalibrated,0.22968534,-0.25228736,0.2321288,0.22968534,-0.25228736,0.2321288,3
712744479647755,2024-03-21T19:39:31.723Z,gyroscope sensor uncalibrated,0.2406809,-0.06536258,0.27488935,0.2406809,-0.06536258,0.27488935,3
712744489647755,2024-03-21T19:39:31.733Z,gyroscope sensor uncalibrated,0.19242255,0.11301007,0.31581733,0.19242255,0.11301007,0.31581733,3
712744499647755,2024-03-21T19:39:31.742Z,gyroscope sensor uncalibrated,0.118507855,0.28344148,0.344528,0.118507855,0.28344148,0.344528,3
712744509648021,2024-03-21T19:39:31.753Z,gyroscope sensor uncalibrated,0.04153884,0.45875978,0.33841935,0.04153884,0.45875978,0.33841935,3
712744519648021,2024-03-21T19:39:31.763Z,gyroscope sensor uncalibrated,-0.04337143,0.7312057,0.24556783,-0.04337143,0.7312057,0.24556783,3
712744529648021,2024-03-21T19:39:31.772Z,gyroscope sensor uncalibrated,-0.07513642,0.8680395,0.14721853,-0.07513642,0.8680395,0.14721853,3
712744539648021,2024-03-21T19:39:31.783Z,gyroscope sensor uncalibrated,-0.076358154,0.91446525,0.05375614,-0.076358154,0.91446525,0.05375614,3
712744549648021,2024-03-21T19:39:31.793Z,gyroscope sensor uncalibrated,-0.061086524,0.87964594,-0.023823744,-0.061086524,0.87964594,-0.023823744,3
712744559647754,2024-03-21T19:39:31.802Z,gyroscope sensor uncalibrated,-0.04337143,0.77579886,-0.081855945,-0.04337143,0.77579886,-0.081855945,3
712744569647754,2024-03-21T19:39:31.813Z,gyroscope sensor uncalibrated,-0.032986723,0.61453044,-0.12522738,-0.032986723,0.61453044,-0.12522738,3
712744579647754,2024-03-21T19:39:31.822Z,gyroscope sensor uncalibrated,-0.042760566,0.4092797,-0.14966199,-0.042760566,0.4092797,-0.14966199,3
712744589647987,2024-03-21T19:39:31.833Z,gyroscope sensor uncalibrated,-0.07941248,0.16493362,-0.16065755,-0.07941248,0.16493362,-0.16065755,3
712744599647987,2024-03-21T19:39:31.842Z,gyroscope sensor uncalibrated,-0.11484267,-0.09285152,-0.15210545,-0.11484267,-0.09285152,-0.15210545,3
712744609647987,2024-03-21T19:39:31.853Z,gyroscope sensor uncalibrated,-0.1386664,-0.34330627,-0.12583824,-0.1386664,-0.34330627,-0.12583824,3
712744619648220,2024-03-21T19:39:31.863Z,gyroscope sensor uncalibrated,-0.15515977,-0.5369505,-0.0842994,-0.15515977,-0.5369505,-0.0842994,3
712744629648220,2024-03-21T19:39:31.873Z,gyroscope sensor uncalibrated,-0.2144137,-0.6389651,-0.045814894,-0.2144137,-0.6389651,-0.045814894,3
712744639648220,2024-03-21T19:39:31.883Z,gyroscope sensor uncalibrated,-0.24862215,-0.6273586,-0.014049901,-0.24862215,-0.6273586,-0.014049901,3
712744649648220,2024-03-21T19:39:31.892Z,gyroscope sensor uncalibrated,-0.22540927,-0.52473325,0.004886922,-0.22540927,-0.52473325,0.004886922,3
712744659648220,2024-03-21T19:39:31.902Z,gyroscope sensor uncalibrated,-0.1740966,-0.3933972,0.026267206,-0.1740966,-0.3933972,0.026267206,3
712744669647953,2024-03-21T19:39:31.912Z,gyroscope sensor uncalibrated,-0.092240654,-0.27122417,0.06780604,-0.092240654,-0.27122417,0.06780604,3
712744679647953,2024-03-21T19:39:31.923Z,gyroscope sensor uncalibrated,0.020158553,-0.15393804,0.15271631,0.020158553,-0.15393804,0.15271631,3
712744689647953,2024-03-21T19:39:31.933Z,gyroscope sensor uncalibrated,0.12339478,-0.055588737,0.3036,0.12339478,-0.055588737,0.3036,3
712744699647953,2024-03-21T19:39:31.942Z,gyroscope sensor uncalibrated,0.21197024,-0.028710667,0.50885075,0.21197024,-0.028710667,0.50885075,3
712744709647953,2024-03-21T19:39:31.952Z,gyroscope sensor uncalibrated,0.30665436,-0.084910266,0.6994407,0.30665436,-0.084910266,0.6994407,3
712744719647953,2024-03-21T19:39:31.963Z,gyroscope sensor uncalibrated,0.36774087,-0.18936823,0.81000733,0.36774087,-0.18936823,0.81000733,3
712744729647953,2024-03-21T19:39:31.972Z,gyroscope sensor uncalibrated,0.3408628,-0.13194689,0.8002335,0.3408628,-0.13194689,0.8002335,3
712744739647953,2024-03-21T19:39:31.982Z,gyroscope sensor uncalibrated,0.30543262,0.15821409,0.6927212,0.30543262,0.15821409,0.6927212,3
712744749647719,2024-03-21T19:39:31.992Z,gyroscope sensor uncalibrated,0.14844026,0.47036624,0.5357288,0.14844026,0.47036624,0.5357288,3
712744759647985,2024-03-21T19:39:32.003Z,gyroscope sensor uncalibrated,-0.08674286,0.57726765,0.398895,-0.08674286,0.57726765,0.398895,3
712744769648251,2024-03-21T19:39:32.012Z,gyroscope sensor uncalibrated,-0.23273966,0.59803706,0.21380283,-0.23273966,0.59803706,0.21380283,3
712744779648251,2024-03-21T19:39:32.022Z,gyroscope sensor uncalibrated,-0.21502456,0.62858033,0.08552113,-0.21502456,0.62858033,0.08552113,3
712744789648251,2024-03-21T19:39:32.032Z,gyroscope sensor uncalibrated,-0.15149458,0.75441855,0.084910266,-0.15149458,0.75441855,0.084910266,3
712744799648251,2024-03-21T19:39:32.042Z,gyroscope sensor uncalibrated,-0.20219639,0.86498517,0.1337795,-0.20219639,0.86498517,0.1337795,3
712744809647984,2024-03-21T19:39:32.053Z,gyroscope sensor uncalibrated,-0.34330627,0.81122905,0.1600467,-0.34330627,0.81122905,0.1600467,3
712744819647984,2024-03-21T19:39:32.063Z,gyroscope sensor uncalibrated,-0.4605924,0.59620446,0.06658431,-0.4605924,0.59620446,0.06658431,3
712744829648217,2024-03-21T19:39:32.073Z,gyroscope sensor uncalibrated,-0.51251596,0.3115413,-0.13988814,-0.51251596,0.3115413,-0.13988814,3
712744839648217,2024-03-21T19:39:32.082Z,gyroscope sensor uncalibrated,-0.53023106,0.040927973,-0.35918877,-0.53023106,0.040927973,-0.35918877,3
712744849648217,2024-03-21T19:39:32.092Z,gyroscope sensor uncalibrated,-0.5467244,-0.19975294,-0.5497787,-0.5467244,-0.19975294,-0.5497787,3
712744859648217,2024-03-21T19:39:32.102Z,gyroscope sensor uncalibrated,-0.6377433,-0.39828414,-0.68966687,-0.6377433,-0.39828414,-0.68966687,3
712744869648450,2024-03-21T19:39:32.113Z,gyroscope sensor uncalibrated,-0.77640975,-0.5198463,-0.7623598,-0.77640975,-0.5198463,-0.7623598,3
712744879648450,2024-03-21T19:39:32.122Z,gyroscope sensor uncalibrated,-0.8539896,-0.6102544,-0.81061816,-0.8539896,-0.6102544,-0.81061816,3
712744889648216,2024-03-21T19:39:32.133Z,gyroscope sensor uncalibrated,-0.8405506,-0.62980205,-0.8185594,-0.8405506,-0.62980205,-0.8185594,3
712744899648216,2024-03-21T19:39:32.142Z,gyroscope sensor uncalibrated,-0.8020661,-0.6200282,-0.75625116,-0.8020661,-0.6200282,-0.75625116,3
712744909648216,2024-03-21T19:39:32.153Z,gyroscope sensor uncalibrated,-0.7012733,-0.6072,-0.6750061,-0.7012733,-0.6072,-0.6750061,3
712744919647982,2024-03-21T19:39:32.163Z,gyroscope sensor uncalibrated,-0.57848936,-0.5644395,-0.5369505,-0.57848936,-0.5644395,-0.5369505,3
712744929647982,2024-03-21T19:39:32.172Z,gyroscope sensor uncalibrated,-0.5558874,-0.535118,-0.40866885,-0.5558874,-0.535118,-0.40866885,3
712744939647982,2024-03-21T19:39:32.182Z,gyroscope sensor uncalibrated,-0.5522222,-0.5027421,-0.3268129,-0.5522222,-0.5027421,-0.3268129,3
712744949647482,2024-03-21T19:39:32.192Z,gyroscope sensor uncalibrated,-0.552833,-0.453262,-0.3323107,-0.552833,-0.453262,-0.3323107,3
712744959647482,2024-03-21T19:39:32.202Z,gyroscope sensor uncalibrated,-0.54061574,-0.40744713,-0.36651915,-0.54061574,-0.40744713,-0.36651915,3
712744969647482,2024-03-21T19:39:32.212Z,gyroscope sensor uncalibrated,-0.49296826,-0.37873647,-0.37201694,-0.49296826,-0.37873647,-0.37201694,3
712744979647482,2024-03-21T19:39:32.223Z,gyroscope sensor uncalibrated,-0.39461896,-0.3744604,-0.3585779,-0.39461896,-0.3744604,-0.3585779,3
712744989647482,2024-03-21T19:39:32.233Z,gyroscope sensor uncalibrated,-0.26816985,-0.3707952,-0.33475417,-0.26816985,-0.3707952,-0.33475417,3
712744999647482,2024-03-21T19:39:32.242Z,gyroscope sensor uncalibrated,-0.16187929,-0.3286455,-0.28221974,-0.16187929,-0.3286455,-0.28221974,3
712745009647748,2024-03-21T19:39:32.252Z,gyroscope sensor uncalibrated,-0.09285152,-0.27488935,-0.25350907,-0.09285152,-0.27488935,-0.25350907,3
712745019648014,2024-03-21T19:39:32.263Z,gyroscope sensor uncalibrated,-0.039095376,-0.20097467,-0.2510656,-0.039095376,-0.20097467,-0.2510656,3
712745029648014,2024-03-21T19:39:32.273Z,gyroscope sensor uncalibrated,-0.0061086523,-0.09773844,-0.24801129,-0.0061086523,-0.09773844,-0.24801129,3
712745039648014,2024-03-21T19:39:32.282Z,gyroscope sensor uncalibrated,0.01160644,0.028099801,-0.23518312,0.01160644,0.028099801,-0.23518312,3
712745049648014,2024-03-21T19:39:32.292Z,gyroscope sensor uncalibrated,0.019547688,0.18325958,-0.22235495,0.019547688,0.18325958,-0.22235495,3
712745059647747,2024-03-21T19:39:32.303Z,gyroscope sensor uncalibrated,0.031154128,0.3726278,-0.18020524,0.031154128,0.3726278,-0.18020524,3
712745069647480,2024-03-21T19:39:32.312Z,gyroscope sensor uncalibrated,0.025045475,0.5681047,-0.11301007,0.025045475,0.5681047,-0.11301007,3
712745079647480,2024-03-21T19:39:32.323Z,gyroscope sensor uncalibrated,0.026267206,0.7281514,-0.048258353,0.026267206,0.7281514,-0.048258353,3
712745089647480,2024-03-21T19:39:32.333Z,gyroscope sensor uncalibrated,0.056199603,0.8197812,0.004886922,0.056199603,0.8197812,0.004886922,3
712745099647480,2024-03-21T19:39:32.342Z,gyroscope sensor uncalibrated,0.10323623,0.83016586,0.043982297,0.10323623,0.83016586,0.043982297,3
712745109647480,2024-03-21T19:39:32.353Z,gyroscope sensor uncalibrated,0.14721853,0.7703011,0.086132,0.14721853,0.7703011,0.086132,3
712745119647746,2024-03-21T19:39:32.362Z,gyroscope sensor uncalibrated,0.18203785,0.63591075,0.13072516,0.18203785,0.63591075,0.13072516,3
712745129647779,2024-03-21T19:39:32.372Z,gyroscope sensor uncalibrated,0.21624629,0.453262,0.16371189,0.21624629,0.453262,0.16371189,3
712745139647779,2024-03-21T19:39:32.382Z,gyroscope sensor uncalibrated,0.2602286,0.25961772,0.16737708,0.2602286,0.25961772,0.16737708,3
712745149647779,2024-03-21T19:39:32.392Z,gyroscope sensor uncalibrated,0.2938262,0.10567969,0.15271631,0.2938262,0.10567969,0.15271631,3
712745159647779,2024-03-21T19:39:32.403Z,gyroscope sensor uncalibrated,0.35308012,-0.05131268,0.10751228,0.35308012,-0.05131268,0.10751228,3
712745169647779,2024-03-21T19:39:32.412Z,gyroscope sensor uncalibrated,0.38789943,-0.15760323,0.056199603,0.38789943,-0.15760323,0.056199603,3
712745179647779,2024-03-21T19:39:32.422Z,gyroscope sensor uncalibrated,0.34147367,-0.28344148,-0.015271631,0.34147367,-0.28344148,-0.015271631,3
712745189647779,2024-03-21T19:39:32.432Z,gyroscope sensor uncalibrated,0.18387043,-0.41905355,-0.13194689,0.18387043,-0.41905355,-0.13194689,3
712745199647779,2024-03-21T19:39:32.443Z,gyroscope sensor uncalibrated,-0.03176499,-0.52106804,-0.29993483,-0.03176499,-0.52106804,-0.29993483,3
712745209647779,2024-03-21T19:39:32.453Z,gyroscope sensor uncalibrated,-0.21135938,-0.5497787,-0.5021312,-0.21135938,-0.5497787,-0.5021312,3
712745219647779,2024-03-21T19:39:32.463Z,gyroscope sensor uncalibrated,-0.28038713,-0.52412236,-0.68233645,-0.28038713,-0.52412236,-0.68233645,3
712745229647779,2024-03-21T19:39:32.472Z,gyroscope sensor uncalibrated,-0.25717425,-0.4184427,-0.7635816,-0.25717425,-0.4184427,-0.7635816,3
712745239647779,2024-03-21T19:39:32.482Z,gyroscope sensor uncalibrated,-0.26145032,-0.26145032,-0.7507534,-0.26145032,-0.26145032,-0.7507534,3
712745249648279,2024-03-21T19:39:32.493Z,gyroscope sensor uncalibrated,-0.24678956,0.009162978,-0.6963864,-0.24678956,0.009162978,-0.6963864,3
712745259648545,2024-03-21T19:39:32.502Z,gyroscope sensor uncalibrated,-0.16798794,0.49480084,-0.6389651,-0.16798794,0.49480084,-0.6389651,3
712745269648545,2024-03-21T19:39:32.512Z,gyroscope sensor uncalibrated,-0.077579886,0.9443977,-0.5742133,-0.077579886,0.9443977,-0.5742133,3
712745279648545,2024-03-21T19:39:32.522Z,gyroscope sensor uncalibrated,-0.062308256,0.82711154,-0.47158796,-0.062308256,0.82711154,-0.47158796,3
712745289648545,2024-03-21T19:39:32.533Z,gyroscope sensor uncalibrated,-0.019547688,0.67256266,-0.39767328,-0.019547688,0.67256266,-0.39767328,3
712745299648545,2024-03-21T19:39:32.542Z,gyroscope sensor uncalibrated,-0.028099801,0.74036866,-0.44593164,-0.028099801,0.74036866,-0.44593164,3
712745309648511,2024-03-21T19:39:32.552Z,gyroscope sensor uncalibrated,-0.10323623,0.88270026,-0.6151413,-0.10323623,0.88270026,-0.6151413,3
712745319648244,2024-03-21T19:39:32.563Z,gyroscope sensor uncalibrated,-0.20463985,0.90041536,-0.729984,-0.20463985,0.90041536,-0.729984,3
712745329648244,2024-03-21T19:39:32.572Z,gyroscope sensor uncalibrated,-0.27366763,0.68539083,-0.69027776,-0.27366763,0.68539083,-0.69027776,3
712745339648244,2024-03-21T19:39:32.583Z,gyroscope sensor uncalibrated,-0.1881465,0.32559118,-0.5180137,-0.1881465,0.32559118,-0.5180137,3
712745349648244,2024-03-21T19:39:32.592Z,gyroscope sensor uncalibrated,0.1301143,-0.09162979,-0.29016098,0.1301143,-0.09162979,-0.29016098,3
712745359648244,2024-03-21T19:39:32.603Z,gyroscope sensor uncalibrated,0.56016344,-0.49113566,-0.0030543262,0.56016344,-0.49113566,-0.0030543262,3
712745369648477,2024-03-21T19:39:32.613Z,gyroscope sensor uncalibrated,0.79901177,-0.94134337,0.5900958,0.79901177,-0.94134337,0.5900958,3
712745379648477,2024-03-21T19:39:32.623Z,gyroscope sensor uncalibrated,0.7867944,-1.1068878,0.9370673,0.7867944,-1.1068878,0.9370673,3
712745389648477,2024-03-21T19:39:32.633Z,gyroscope sensor uncalibrated,0.8045095,-1.1313224,1.0965031,0.8045095,-1.1313224,1.0965031,3
712745399648477,2024-03-21T19:39:32.642Z,gyroscope sensor uncalibrated,0.7507534,-1.0354166,1.119716,0.7507534,-1.0354166,1.119716,3
712745409648477,2024-03-21T19:39:32.653Z,gyroscope sensor uncalibrated,0.63346726,-0.84788096,1.0005972,0.63346726,-0.84788096,1.0005972,3
712745419648210,2024-03-21T19:39:32.662Z,gyroscope sensor uncalibrated,0.48380527,-0.61208695,0.7837401,0.48380527,-0.61208695,0.7837401,3
712745429647943,2024-03-21T19:39:32.673Z,gyroscope sensor uncalibrated,0.3042109,-0.37568212,0.51068336,0.3042109,-0.37568212,0.51068336,3
712745439647943,2024-03-21T19:39:32.682Z,gyroscope sensor uncalibrated,0.11728613,-0.17959438,0.22418754,0.11728613,-0.17959438,0.22418754,3
712745449647943,2024-03-21T19:39:32.693Z,gyroscope sensor uncalibrated,-0.045814894,-0.032375857,-0.02565634,-0.045814894,-0.032375857,-0.02565634,3
712745459647943,2024-03-21T19:39:32.703Z,gyroscope sensor uncalibrated,-0.12767084,0.03176499,-0.2144137,-0.12767084,0.03176499,-0.2144137,3
712745469647709,2024-03-21T19:39:32.712Z,gyroscope sensor uncalibrated,0.03176499,-0.017104227,-0.30726522,0.03176499,-0.017104227,-0.30726522,3
712745479647709,2024-03-21T19:39:32.723Z,gyroscope sensor uncalibrated,0.09896017,-0.06352998,-0.28405234,0.09896017,-0.06352998,-0.28405234,3
712745489647709,2024-03-21T19:39:32.732Z,gyroscope sensor uncalibrated,0.014660766,-0.12644911,-0.1881465,0.014660766,-0.12644911,-0.1881465,3
712745499647709,2024-03-21T19:39:32.742Z,gyroscope sensor uncalibrated,-0.06169739,-0.18570304,-0.087964594,-0.06169739,-0.18570304,-0.087964594,3
712745509647975,2024-03-21T19:39:32.752Z,gyroscope sensor uncalibrated,-0.12583824,-0.2443461,-0.013439035,-0.12583824,-0.2443461,-0.013439035,3
712745519647975,2024-03-21T19:39:32.762Z,gyroscope sensor uncalibrated,-0.2003638,-0.29749137,0.044593163,-0.2003638,-0.29749137,0.044593163,3
712745529647975,2024-03-21T19:39:32.773Z,gyroscope sensor uncalibrated,-0.24007004,-0.30665436,0.073303826,-0.24007004,-0.30665436,0.073303826,3
712745539647975,2024-03-21T19:39:32.783Z,gyroscope sensor uncalibrated,-0.24801129,-0.23640485,0.080634214,-0.24801129,-0.23640485,0.080634214,3
712745549647975,2024-03-21T19:39:32.793Z,gyroscope sensor uncalibrated,-0.23518312,-0.093462385,0.07391469,-0.23518312,-0.093462385,0.07391469,3
712745559647708,2024-03-21T19:39:32.802Z,gyroscope sensor uncalibrated,-0.2125811,0.07941248,0.050701816,-0.2125811,0.07941248,0.050701816,3
712745569647708,2024-03-21T19:39:32.812Z,gyroscope sensor uncalibrated,-0.21013765,0.26083946,-0.0030543262,-0.21013765,0.26083946,-0.0030543262,3
712745579647708,2024-03-21T19:39:32.822Z,gyroscope sensor uncalibrated,-0.22479841,0.47952923,-0.11056661,-0.22479841,0.47952923,-0.11056661,3
712745589647708,2024-03-21T19:39:32.832Z,gyroscope sensor uncalibrated,-0.21135938,0.56016344,-0.18020524,-0.21135938,0.56016344,-0.18020524,3
712745599647708,2024-03-21T19:39:32.843Z,gyroscope sensor uncalibrated,-0.17287487,0.5833763,-0.21685717,-0.17287487,0.5833763,-0.21685717,3
712745609647708,2024-03-21T19:39:32.853Z,gyroscope sensor uncalibrated,-0.1337795,0.56077427,-0.21502456,-0.1337795,0.56077427,-0.21502456,3
712745619647974,2024-03-21T19:39:32.863Z,gyroscope sensor uncalibrated,-0.11301007,0.4990769,-0.17959438,-0.11301007,0.4990769,-0.17959438,3
712745629647974,2024-03-21T19:39:32.873Z,gyroscope sensor uncalibrated,-0.0983493,0.4196644,-0.13194689,-0.0983493,0.4196644,-0.13194689,3
712745639647974,2024-03-21T19:39:32.883Z,gyroscope sensor uncalibrated,-0.08552113,0.37751472,-0.095294975,-0.08552113,0.37751472,-0.095294975,3
712745649647974,2024-03-21T19:39:32.893Z,gyroscope sensor uncalibrated,-0.10262536,0.38423425,-0.08124508,-0.10262536,0.38423425,-0.08124508,3
712745659647974,2024-03-21T19:39:32.903Z,gyroscope sensor uncalibrated,-0.1441642,0.408058,-0.07880162,-0.1441642,0.408058,-0.07880162,3
712745669647974,2024-03-21T19:39:32.913Z,gyroscope sensor uncalibrated,-0.17104226,0.39645153,-0.09712757,-0.17104226,0.39645153,-0.09712757,3
712745679647974,2024-03-21T19:39:32.923Z,gyroscope sensor uncalibrated,-0.18936823,0.3903429,-0.095294975,-0.18936823,0.3903429,-0.095294975,3
712745689647974,2024-03-21T19:39:32.933Z,gyroscope sensor uncalibrated,-0.21074851,0.28893927,-0.047647487,-0.21074851,0.28893927,-0.047647487,3
712745699647974,2024-03-21T19:39:32.942Z,gyroscope sensor uncalibrated,-0.17654006,0.108123146,0.04153884,-0.17654006,0.108123146,0.04153884,3
712745709647974,2024-03-21T19:39:32.952Z,gyroscope sensor uncalibrated,-0.092240654,-0.058643065,0.15027285,-0.092240654,-0.058643065,0.15027285,3
712745719647974,2024-03-21T19:39:32.962Z,gyroscope sensor uncalibrated,0.032986723,-0.23335053,0.26328292,0.032986723,-0.23335053,0.26328292,3
712745729647974,2024-03-21T19:39:32.973Z,gyroscope sensor uncalibrated,0.16554448,-0.5149594,0.39584067,0.16554448,-0.5149594,0.39584067,3
712745739647974,2024-03-21T19:39:32.983Z,gyroscope sensor uncalibrated,0.25717425,-0.9138544,0.56016344,0.25717425,-0.9138544,0.56016344,3
712745749647974,2024-03-21T19:39:32.992Z,gyroscope sensor uncalibrated,0.25045475,-1.3353515,0.7067711,0.25045475,-1.3353515,0.7067711,3
712745759648240,2024-03-21T19:39:33.002Z,gyroscope sensor uncalibrated,0.13805555,-1.6719382,0.7501425,0.13805555,-1.6719382,0.7501425,3
712745769648240,2024-03-21T19:39:33.012Z,gyroscope sensor uncalibrated,-0.021991149,-1.8374827,0.6200282,-0.021991149,-1.8374827,0.6200282,3
712745779648240,2024-03-21T19:39:33.022Z,gyroscope sensor uncalibrated,-0.20097467,-1.7916678,0.40683624,-0.20097467,-1.7916678,0.40683624,3
712745789648240,2024-03-21T19:39:33.033Z,gyroscope sensor uncalibrated,-0.4605924,-1.3408492,0.18142697,-0.4605924,-1.3408492,0.18142697,3
712745799648240,2024-03-21T19:39:33.043Z,gyroscope sensor uncalibrated,-0.5729916,-0.7715228,0.1423316,-0.5729916,-0.7715228,0.1423316,3
712745809647973,2024-03-21T19:39:33.053Z,gyroscope sensor uncalibrated,-0.6762278,-0.10629055,0.23151793,-0.6762278,-0.10629055,0.23151793,3
712745819647973,2024-03-21T19:39:33.062Z,gyroscope sensor uncalibrated,-0.83016586,0.44226643,0.3304781,-0.83016586,0.44226643,0.3304781,3
712745829647973,2024-03-21T19:39:33.073Z,gyroscope sensor uncalibrated,-0.95417154,0.6872234,0.19547687,-0.95417154,0.6872234,0.19547687,3
712745839647973,2024-03-21T19:39:33.082Z,gyroscope sensor uncalibrated,-0.9773844,0.8381071,-0.055588737,-0.9773844,0.8381071,-0.055588737,3
712745849647973,2024-03-21T19:39:33.093Z,gyroscope sensor uncalibrated,-1.0409144,1.0439687,-0.23151793,-1.0409144,1.0439687,-0.23151793,3
712745859647973,2024-03-21T19:39:33.102Z,gyroscope sensor uncalibrated,-1.028697,1.1691961,-0.2706133,-1.028697,1.1691961,-0.2706133,3
712745869648239,2024-03-21T19:39:33.113Z,gyroscope sensor uncalibrated,-0.87964594,1.1618657,-0.19425514,-0.87964594,1.1618657,-0.19425514,3
712745879648239,2024-03-21T19:39:33.123Z,gyroscope sensor uncalibrated,-0.68661255,1.0262536,-0.089186326,-0.68661255,1.0262536,-0.089186326,3
712745889648239,2024-03-21T19:39:33.132Z,gyroscope sensor uncalibrated,-0.55955255,0.8668178,-0.08124508,-0.55955255,0.8668178,-0.08124508,3
712745899648239,2024-03-21T19:39:33.142Z,gyroscope sensor uncalibrated,-0.5290093,0.71593404,-0.17592919,-0.5290093,0.71593404,-0.17592919,3
712745909648005,2024-03-21T19:39:33.153Z,gyroscope sensor uncalibrated,-0.5363397,0.50640726,-0.31398472,-0.5363397,0.50640726,-0.31398472,3
712745919647738,2024-03-21T19:39:33.162Z,gyroscope sensor uncalibrated,-0.5479461,0.106901415,-0.3921755,-0.5479461,0.106901415,-0.3921755,3
712745929647738,2024-03-21T19:39:33.172Z,gyroscope sensor uncalibrated,-0.5467244,-0.37812558,-0.36468655,-0.5467244,-0.37812558,-0.36468655,3
712745939647738,2024-03-21T19:39:33.182Z,gyroscope sensor uncalibrated,-0.50885075,-0.8051204,-0.30115658,-0.50885075,-0.8051204,-0.30115658,3
712745949647738,2024-03-21T19:39:33.192Z,gyroscope sensor uncalibrated,-0.37751472,-1.1270463,-0.28038713,-0.37751472,-1.1270463,-0.28038713,3
712745959647738,2024-03-21T19:39:33.203Z,gyroscope sensor uncalibrated,-0.29077184,-1.3219124,-0.25350907,-0.29077184,-1.3219124,-0.25350907,3
712745969647504,2024-03-21T19:39:33.212Z,gyroscope sensor uncalibrated,-0.3023783,-1.4630222,-0.22785273,-0.3023783,-1.4630222,-0.22785273,3
712745979647504,2024-03-21T19:39:33.223Z,gyroscope sensor uncalibrated,-0.38728857,-1.5070046,-0.1863139,-0.38728857,-1.5070046,-0.1863139,3
712745989647504,2024-03-21T19:39:33.232Z,gyroscope sensor uncalibrated,-0.4636467,-1.409877,-0.14110987,-0.4636467,-1.409877,-0.14110987,3
712745999647504,2024-03-21T19:39:33.242Z,gyroscope sensor uncalibrated,-0.4202753,-1.1899655,-0.12339478,-0.4202753,-1.1899655,-0.12339478,3
712746009647770,2024-03-21T19:39:33.253Z,gyroscope sensor uncalibrated,-0.25595254,-0.68661255,-0.13133603,-0.25595254,-0.68661255,-0.13133603,3
712746019647770,2024-03-21T19:39:33.262Z,gyroscope sensor uncalibrated,-0.13439035,-0.3371976,-0.13439035,-0.13439035,-0.3371976,-0.13439035,3
712746029647770,2024-03-21T19:39:33.272Z,gyroscope sensor uncalibrated,0.009773844,-0.025045475,-0.124005646,0.009773844,-0.025045475,-0.124005646,3
712746039647770,2024-03-21T19:39:33.282Z,gyroscope sensor uncalibrated,0.15760323,0.23396139,-0.09407325,0.15760323,0.23396139,-0.09407325,3
712746049647770,2024-03-21T19:39:33.292Z,gyroscope sensor uncalibrated,0.28221974,0.39828414,-0.054367006,0.28221974,0.39828414,-0.054367006,3
712746059647503,2024-03-21T19:39:33.303Z,gyroscope sensor uncalibrated,0.36346483,0.47586402,-0.0061086523,0.36346483,0.47586402,-0.0061086523,3
712746069647503,2024-03-21T19:39:33.312Z,gyroscope sensor uncalibrated,0.43371433,0.4801401,0.051923547,0.43371433,0.4801401,0.051923547,3
712746079647503,2024-03-21T19:39:33.323Z,gyroscope sensor uncalibrated,0.52412236,0.47036624,0.15271631,0.52412236,0.47036624,0.15271631,3
712746089647736,2024-03-21T19:39:33.333Z,gyroscope sensor uncalibrated,0.589485,0.46609017,0.24984388,0.589485,0.46609017,0.24984388,3
712746099647736,2024-03-21T19:39:33.342Z,gyroscope sensor uncalibrated,0.6261369,0.44532076,0.31337386,0.6261369,0.44532076,0.31337386,3
712746109647736,2024-03-21T19:39:33.352Z,gyroscope sensor uncalibrated,0.63346726,0.41050145,0.34513888,0.63346726,0.41050145,0.34513888,3
712746119648002,2024-03-21T19:39:33.362Z,gyroscope sensor uncalibrated,0.6053675,0.41355577,0.3304781,0.6053675,0.41355577,0.3304781,3
712746129648002,2024-03-21T19:39:33.372Z,gyroscope sensor uncalibrated,0.57910025,0.37995818,0.2932153,0.57910025,0.37995818,0.2932153,3
712746139648002,2024-03-21T19:39:33.382Z,gyroscope sensor uncalibrated,0.5693264,0.28893927,0.25961772,0.5693264,0.28893927,0.25961772,3
712746149648002,2024-03-21T19:39:33.392Z,gyroscope sensor uncalibrated,0.571159,0.20280726,0.24190263,0.571159,0.20280726,0.24190263,3
712746159648002,2024-03-21T19:39:33.402Z,gyroscope sensor uncalibrated,0.5699373,0.17104226,0.24007004,0.5699373,0.17104226,0.24007004,3
712746169647735,2024-03-21T19:39:33.413Z,gyroscope sensor uncalibrated,0.5626069,0.19425514,0.25045475,0.5626069,0.19425514,0.25045475,3
712746179647735,2024-03-21T19:39:33.423Z,gyroscope sensor uncalibrated,0.5552765,0.25289822,0.25717425,0.5552765,0.25289822,0.25717425,3
712746189647735,2024-03-21T19:39:33.432Z,gyroscope sensor uncalibrated,0.5467244,0.33169982,0.26450464,0.5467244,0.33169982,0.26450464,3
712746199647735,2024-03-21T19:39:33.443Z,gyroscope sensor uncalibrated,0.5314528,0.41172317,0.28099802,0.5314528,0.41172317,0.28099802,3
712746209647735,2024-03-21T19:39:33.453Z,gyroscope sensor uncalibrated,0.50701815,0.48441613,0.31520647,0.50701815,0.48441613,0.31520647,3
712746219647735,2024-03-21T19:39:33.462Z,gyroscope sensor uncalibrated,0.46181414,0.52534413,0.31703907,0.46181414,0.52534413,0.31703907,3
712746229647735,2024-03-21T19:39:33.473Z,gyroscope sensor uncalibrated,0.398895,0.49480084,0.19303341,0.398895,0.49480084,0.19303341,3
712746239647735,2024-03-21T19:39:33.482Z,gyroscope sensor uncalibrated,0.29626966,0.39767328,-0.05009095,0.29626966,0.39767328,-0.05009095,3
712746249647735,2024-03-21T19:39:33.492Z,gyroscope sensor uncalibrated,0.15088372,0.14721853,-0.34269542,0.15088372,0.14721853,-0.34269542,3
712746259648001,2024-03-21T19:39:33.503Z,gyroscope sensor uncalibrated,-0.004276057,-0.2828306,-0.5900958,-0.004276057,-0.2828306,-0.5900958,3
712746269648001,2024-03-21T19:39:33.512Z,gyroscope sensor uncalibrated,-0.07696902,-0.7483099,-0.6951646,-0.07696902,-0.7483099,-0.6951646,3
712746279648001,2024-03-21T19:39:33.522Z,gyroscope sensor uncalibrated,-0.08002335,-1.151481,-0.64568454,-0.08002335,-1.151481,-0.64568454,3
712746289648001,2024-03-21T19:39:33.532Z,gyroscope sensor uncalibrated,-0.02321288,-1.4373659,-0.50579643,-0.02321288,-1.4373659,-0.50579643,3
712746299648001,2024-03-21T19:39:33.542Z,gyroscope sensor uncalibrated,0.12583824,-1.5198327,-0.3659083,0.12583824,-1.5198327,-0.3659083,3
712746309647734,2024-03-21T19:39:33.552Z,gyroscope sensor uncalibrated,0.31581733,-1.4312572,-0.2180789,0.31581733,-1.4312572,-0.2180789,3
712746319647734,2024-03-21T19:39:33.562Z,gyroscope sensor uncalibrated,0.462425,-1.1594223,-0.1423316,0.462425,-1.1594223,-0.1423316,3
712746329647734,2024-03-21T19:39:33.573Z,gyroscope sensor uncalibrated,0.5876524,-0.70616025,-0.20647246,0.5876524,-0.70616025,-0.20647246,3
712746339647734,2024-03-21T19:39:33.583Z,gyroscope sensor uncalibrated,0.7128797,-0.33475417,-0.33292156,0.7128797,-0.33475417,-0.33292156,3
712746349647734,2024-03-21T19:39:33.593Z,gyroscope sensor uncalibrated,0.8002335,-0.24862215,-0.33841935,0.8002335,-0.24862215,-0.33841935,3
712746359647734,2024-03-21T19:39:33.602Z,gyroscope sensor uncalibrated,0.8002335,-0.30298916,-0.25717425,0.8002335,-0.30298916,-0.25717425,3
712746369647800,2024-03-21T19:39:33.613Z,gyroscope sensor uncalibrated,0.6579019,-0.1740966,-0.21380283,0.6579019,-0.1740966,-0.21380283,3
712746379647800,2024-03-21T19:39:33.623Z,gyroscope sensor uncalibrated,0.46853364,0.19303341,-0.25961772,0.46853364,0.19303341,-0.25961772,3
712746389647566,2024-03-21T19:39:33.633Z,gyroscope sensor uncalibrated,0.31581733,0.5705481,-0.321926,0.31581733,0.5705481,-0.321926,3
712746399647566,2024-03-21T19:39:33.643Z,gyroscope sensor uncalibrated,0.24129178,0.7360926,-0.3304781,0.24129178,0.7360926,-0.3304781,3
712746409647566,2024-03-21T19:39:33.653Z,gyroscope sensor uncalibrated,0.27977628,0.8472701,-0.2657264,0.27977628,0.8472701,-0.2657264,3
712746419647299,2024-03-21T19:39:33.663Z,gyroscope sensor uncalibrated,0.40622538,0.9089675,-0.11484267,0.40622538,0.9089675,-0.11484267,3
712746429647299,2024-03-21T19:39:33.672Z,gyroscope sensor uncalibrated,0.6230826,0.81183994,0.2144137,0.6230826,0.81183994,0.2144137,3
712746439647299,2024-03-21T19:39:33.682Z,gyroscope sensor uncalibrated,0.6627888,0.7153232,0.36468655,0.6627888,0.7153232,0.36468655,3
712746449647099,2024-03-21T19:39:33.692Z,gyroscope sensor uncalibrated,0.5558874,0.48747048,0.43799037,0.5558874,0.48747048,0.43799037,3
712746459647099,2024-03-21T19:39:33.702Z,gyroscope sensor uncalibrated,0.44837508,0.11728613,0.46731192,0.44837508,0.11728613,0.46731192,3
712746469647099,2024-03-21T19:39:33.713Z,gyroscope sensor uncalibrated,0.34574974,-0.226631,0.45998153,0.34574974,-0.226631,0.45998153,3
712746479647099,2024-03-21T19:39:33.722Z,gyroscope sensor uncalibrated,0.21685717,-0.50701815,0.4007276,0.21685717,-0.50701815,0.4007276,3
712746489647099,2024-03-21T19:39:33.733Z,gyroscope sensor uncalibrated,0.1020145,-0.6963864,0.2919936,0.1020145,-0.6963864,0.2919936,3
712746499647099,2024-03-21T19:39:33.742Z,gyroscope sensor uncalibrated,0.009162978,-0.81000733,0.18387043,0.009162978,-0.81000733,0.18387043,3
712746509647165,2024-03-21T19:39:33.752Z,gyroscope sensor uncalibrated,-0.087964594,-0.88147855,0.11178834,-0.087964594,-0.88147855,0.11178834,3
712746519647165,2024-03-21T19:39:33.763Z,gyroscope sensor uncalibrated,-0.08368854,-0.97066486,0.0580322,-0.08368854,-0.97066486,0.0580322,3
712746529647398,2024-03-21T19:39:33.773Z,gyroscope sensor uncalibrated,0.17654006,-0.95111716,0.05375614,0.17654006,-0.95111716,0.05375614,3
712746539647398,2024-03-21T19:39:33.783Z,gyroscope sensor uncalibrated,0.204029,-0.7733554,0.096516706,0.204029,-0.7733554,0.096516706,3
712746549647398,2024-03-21T19:39:33.792Z,gyroscope sensor uncalibrated,0.1142318,-0.50762904,0.17959438,0.1142318,-0.50762904,0.17959438,3
712746559647131,2024-03-21T19:39:33.803Z,gyroscope sensor uncalibrated,0.0421497,-0.20097467,0.21868975,0.0421497,-0.20097467,0.21868975,3
712746569647131,2024-03-21T19:39:33.813Z,gyroscope sensor uncalibrated,0.015271631,0.04337143,0.23335053,0.015271631,0.04337143,0.23335053,3
712746579647131,2024-03-21T19:39:33.822Z,gyroscope sensor uncalibrated,-0.044593163,0.22418754,0.24495697,-0.044593163,0.22418754,0.24495697,3
712746589647131,2024-03-21T19:39:33.833Z,gyroscope sensor uncalibrated,-0.12339478,0.37873647,0.24801129,-0.12339478,0.37873647,0.24801129,3
712746599647131,2024-03-21T19:39:33.843Z,gyroscope sensor uncalibrated,-0.172264,0.51068336,0.23396139,-0.172264,0.51068336,0.23396139,3
712746609647131,2024-03-21T19:39:33.853Z,gyroscope sensor uncalibrated,-0.1863139,0.589485,0.2144137,-0.1863139,0.589485,0.2144137,3
712746619647397,2024-03-21T19:39:33.863Z,gyroscope sensor uncalibrated,-0.18875736,0.6053675,0.1600467,-0.18875736,0.6053675,0.1600467,3
712746629647397,2024-03-21T19:39:33.873Z,gyroscope sensor uncalibrated,-0.1826487,0.57726765,0.09162979,-0.1826487,0.57726765,0.09162979,3
712746639647397,2024-03-21T19:39:33.882Z,gyroscope sensor uncalibrated,-0.18142697,0.5155703,0.021991149,-0.18142697,0.5155703,0.021991149,3
712746649647397,2024-03-21T19:39:33.892Z,gyroscope sensor uncalibrated,-0.16737708,0.47342056,-0.020158553,-0.16737708,0.47342056,-0.020158553,3
712746659647397,2024-03-21T19:39:33.902Z,gyroscope sensor uncalibrated,-0.112399206,0.41172317,-0.07513642,-0.112399206,0.41172317,-0.07513642,3
712746669647330,2024-03-21T19:39:33.913Z,gyroscope sensor uncalibrated,-0.05375614,0.32803464,-0.13622294,-0.05375614,0.32803464,-0.13622294,3
712746679647330,2024-03-21T19:39:33.922Z,gyroscope sensor uncalibrated,-0.0421497,0.23273966,-0.18875736,-0.0421497,0.23273966,-0.18875736,3
712746689647563,2024-03-21T19:39:33.932Z,gyroscope sensor uncalibrated,-0.080634214,0.12461651,-0.226631,-0.080634214,0.12461651,-0.226631,3
712746699647563,2024-03-21T19:39:33.943Z,gyroscope sensor uncalibrated,-0.12583824,0.039095376,-0.24495697,-0.12583824,0.039095376,-0.24495697,3
712746709647563,2024-03-21T19:39:33.953Z,gyroscope sensor uncalibrated,-0.15088372,0.01038471,-0.24129178,-0.15088372,0.01038471,-0.24129178,3
712746719647563,2024-03-21T19:39:33.962Z,gyroscope sensor uncalibrated,-0.1685988,-0.00061086525,-0.19303341,-0.1685988,-0.00061086525,-0.19303341,3
712746729647563,2024-03-21T19:39:33.972Z,gyroscope sensor uncalibrated,-0.16615535,-0.007941248,-0.10873401,-0.16615535,-0.007941248,-0.10873401,3
712746739647563,2024-03-21T19:39:33.983Z,gyroscope sensor uncalibrated,-0.13805555,0.014660766,-0.007941248,-0.13805555,0.014660766,-0.007941248,3
712746749648029,2024-03-21T19:39:33.992Z,gyroscope sensor uncalibrated,-0.07696902,0.03848451,0.10445796,-0.07696902,0.03848451,0.10445796,3
712746759648262,2024-03-21T19:39:34.003Z,gyroscope sensor uncalibrated,0.007330383,0.05009095,0.22418754,0.007330383,0.05009095,0.22418754,3
712746769648262,2024-03-21T19:39:34.013Z,gyroscope sensor uncalibrated,0.10445796,0.064751714,0.344528,0.10445796,0.064751714,0.344528,3
712746779648262,2024-03-21T19:39:34.022Z,gyroscope sensor uncalibrated,0.21502456,0.10140363,0.45814893,0.21502456,0.10140363,0.45814893,3
712746789648262,2024-03-21T19:39:34.033Z,gyroscope sensor uncalibrated,0.29565877,0.13439035,0.5510005,0.29565877,0.13439035,0.5510005,3
712746799648262,2024-03-21T19:39:34.042Z,gyroscope sensor uncalibrated,0.3036,0.08857546,0.602924,0.3036,0.08857546,0.602924,3
712746809648195,2024-03-21T19:39:34.052Z,gyroscope sensor uncalibrated,0.22540927,-0.09712757,0.5992588,0.22540927,-0.09712757,0.5992588,3
712746819648195,2024-03-21T19:39:34.062Z,gyroscope sensor uncalibrated,0.108123146,-0.34025195,0.52534413,0.108123146,-0.34025195,0.52534413,3
712746829647961,2024-03-21T19:39:34.073Z,gyroscope sensor uncalibrated,0.028710667,-0.4569272,0.3921755,0.028710667,-0.4569272,0.3921755,3
712746839647961,2024-03-21T19:39:34.083Z,gyroscope sensor uncalibrated,-0.0018325958,-0.38056904,0.3005457,-0.0018325958,-0.38056904,0.3005457,3
712746849647961,2024-03-21T19:39:34.093Z,gyroscope sensor uncalibrated,0.0,0.15760323,0.36713,0.0,0.15760323,0.36713,3
712746859647961,2024-03-21T19:39:34.102Z,gyroscope sensor uncalibrated,-0.18081611,0.5326745,0.5204572,-0.18081611,0.5326745,0.5204572,3
712746869648027,2024-03-21T19:39:34.113Z,gyroscope sensor uncalibrated,-0.45081854,0.59986967,0.6114761,-0.45081854,0.59986967,0.6114761,3
712746879648027,2024-03-21T19:39:34.122Z,gyroscope sensor uncalibrated,-0.45142943,0.5656612,0.4801401,-0.45142943,0.5656612,0.4801401,3
712746889648027,2024-03-21T19:39:34.133Z,gyroscope sensor uncalibrated,-0.27000242,0.6963864,0.33292156,-0.27000242,0.6963864,0.33292156,3
712746899648027,2024-03-21T19:39:34.142Z,gyroscope sensor uncalibrated,-0.22174409,0.8582657,0.30665436,-0.22174409,0.8582657,0.30665436,3
712746909648027,2024-03-21T19:39:34.152Z,gyroscope sensor uncalibrated,-0.30848694,0.8881981,0.28710666,-0.30848694,0.8881981,0.28710666,3
712746919647760,2024-03-21T19:39:34.163Z,gyroscope sensor uncalibrated,-0.41783184,0.7464773,0.1863139,-0.41783184,0.7464773,0.1863139,3
712746929647760,2024-03-21T19:39:34.172Z,gyroscope sensor uncalibrated,-0.49113566,0.48563787,0.018936822,-0.49113566,0.48563787,0.018936822,3
712746939647760,2024-03-21T19:39:34.183Z,gyroscope sensor uncalibrated,-0.50518554,0.16982053,-0.18936823,-0.50518554,0.16982053,-0.18936823,3
712746949647760,2024-03-21T19:39:34.193Z,gyroscope sensor uncalibrated,-0.4813618,-0.06169739,-0.39645153,-0.4813618,-0.06169739,-0.39645153,3
712746959647760,2024-03-21T19:39:34.203Z,gyroscope sensor uncalibrated,-0.49968776,-0.18875736,-0.56199604,-0.49968776,-0.18875736,-0.56199604,3
712746969647760,2024-03-21T19:39:34.212Z,gyroscope sensor uncalibrated,-0.5558874,-0.28405234,-0.6640105,-0.5558874,-0.28405234,-0.6640105,3
712746979647760,2024-03-21T19:39:34.223Z,gyroscope sensor uncalibrated,-0.5821546,-0.38912117,-0.68783426,-0.5821546,-0.38912117,-0.68783426,3
712746989647526,2024-03-21T19:39:34.232Z,gyroscope sensor uncalibrated,-0.57360244,-0.48991394,-0.60903263,-0.57360244,-0.48991394,-0.60903263,3
712746999647526,2024-03-21T19:39:34.243Z,gyroscope sensor uncalibrated,-0.55955255,-0.5479461,-0.4783075,-0.55955255,-0.5479461,-0.4783075,3
712747009647792,2024-03-21T19:39:34.252Z,gyroscope sensor uncalibrated,-0.5027421,-0.6059783,-0.3933972,-0.5027421,-0.6059783,-0.3933972,3
712747019647792,2024-03-21T19:39:34.262Z,gyroscope sensor uncalibrated,-0.43127087,-0.6646214,-0.33841935,-0.43127087,-0.6646214,-0.33841935,3
712747029647792,2024-03-21T19:39:34.272Z,gyroscope sensor uncalibrated,-0.52290064,-0.70249504,-0.25289822,-0.52290064,-0.70249504,-0.25289822,3
712747039647792,2024-03-21T19:39:34.282Z,gyroscope sensor uncalibrated,-0.5864306,-0.7287622,-0.1777618,-0.5864306,-0.7287622,-0.1777618,3
712747049647525,2024-03-21T19:39:34.293Z,gyroscope sensor uncalibrated,-0.5516113,-0.7141015,-0.17287487,-0.5516113,-0.7141015,-0.17287487,3
712747059647291,2024-03-21T19:39:34.303Z,gyroscope sensor uncalibrated,-0.45265114,-0.6450737,-0.21380283,-0.45265114,-0.6450737,-0.21380283,3
712747069647291,2024-03-21T19:39:34.312Z,gyroscope sensor uncalibrated,-0.3286455,-0.4288274,-0.28099802,-0.3286455,-0.4288274,-0.28099802,3
712747079647291,2024-03-21T19:39:34.323Z,gyroscope sensor uncalibrated,-0.24495697,-0.25411993,-0.33414328,-0.24495697,-0.25411993,-0.33414328,3
712747089647291,2024-03-21T19:39:34.333Z,gyroscope sensor uncalibrated,-0.15454891,-0.084910266,-0.3848451,-0.15454891,-0.084910266,-0.3848451,3
712747099647291,2024-03-21T19:39:34.343Z,gyroscope sensor uncalibrated,-0.080634214,0.06414085,-0.41233405,-0.080634214,0.06414085,-0.41233405,3
712747109647291,2024-03-21T19:39:34.352Z,gyroscope sensor uncalibrated,-0.043982297,0.19303341,-0.40866885,-0.043982297,0.19303341,-0.40866885,3
712747119647557,2024-03-21T19:39:34.362Z,gyroscope sensor uncalibrated,-0.031154128,0.30726522,-0.376293,-0.031154128,0.30726522,-0.376293,3
712747129647557,2024-03-21T19:39:34.373Z,gyroscope sensor uncalibrated,-0.02443461,0.40317106,-0.3145956,-0.02443461,0.40317106,-0.3145956,3
712747139647557,2024-03-21T19:39:34.383Z,gyroscope sensor uncalibrated,-0.031154128,0.48075095,-0.22540927,-0.031154128,0.48075095,-0.22540927,3
712747149647557,2024-03-21T19:39:34.393Z,gyroscope sensor uncalibrated,-0.03726278,0.52106804,-0.13255776,-0.03726278,0.52106804,-0.13255776,3
712747159647557,2024-03-21T19:39:34.403Z,gyroscope sensor uncalibrated,-0.02321288,0.52534413,-0.047647487,-0.02321288,0.52534413,-0.047647487,3
712747169647490,2024-03-21T19:39:34.412Z,gyroscope sensor uncalibrated,0.004276057,0.5119051,0.018936822,0.004276057,0.5119051,0.018936822,3
712747179647490,2024-03-21T19:39:34.422Z,gyroscope sensor uncalibrated,0.035430185,0.4868596,0.062308256,0.035430185,0.4868596,0.062308256,3
712747189647490,2024-03-21T19:39:34.432Z,gyroscope sensor uncalibrated,0.077579886,0.43310347,0.087964594,0.077579886,0.43310347,0.087964594,3
712747199647490,2024-03-21T19:39:34.442Z,gyroscope sensor uncalibrated,0.10995574,0.35308012,0.11056661,0.10995574,0.35308012,0.11056661,3
712747209647490,2024-03-21T19:39:34.452Z,gyroscope sensor uncalibrated,0.122783914,0.267559,0.12339478,0.122783914,0.267559,0.12339478,3
712747219647490,2024-03-21T19:39:34.462Z,gyroscope sensor uncalibrated,0.13194689,0.20769419,0.12034045,0.13194689,0.20769419,0.12034045,3
712747229647490,2024-03-21T19:39:34.473Z,gyroscope sensor uncalibrated,0.13683382,0.18203785,0.105068825,0.13683382,0.18203785,0.105068825,3
712747239647490,2024-03-21T19:39:34.482Z,gyroscope sensor uncalibrated,0.13683382,0.19242255,0.08124508,0.13683382,0.19242255,0.08124508,3
712747249647490,2024-03-21T19:39:34.492Z,gyroscope sensor uncalibrated,0.14110987,0.24007004,0.05375614,0.14110987,0.24007004,0.05375614,3
712747259647756,2024-03-21T19:39:34.502Z,gyroscope sensor uncalibrated,0.1600467,0.31337386,0.028099801,0.1600467,0.31337386,0.028099801,3
712747269647756,2024-03-21T19:39:34.512Z,gyroscope sensor uncalibrated,0.1881465,0.3933972,0.009162978,0.1881465,0.3933972,0.009162978,3
712747279647756,2024-03-21T19:39:34.523Z,gyroscope sensor uncalibrated,0.24984388,0.49174652,-0.01038471,0.24984388,0.49174652,-0.01038471,3
712747289647756,2024-03-21T19:39:34.533Z,gyroscope sensor uncalibrated,0.258396,0.45204028,-0.023823744,0.258396,0.45204028,-0.023823744,3
712747299647756,2024-03-21T19:39:34.543Z,gyroscope sensor uncalibrated,0.16615535,0.32070425,-0.07452556,0.16615535,0.32070425,-0.07452556,3
712747309647722,2024-03-21T19:39:34.553Z,gyroscope sensor uncalibrated,0.0018325958,0.17715092,-0.19486602,0.0018325958,0.17715092,-0.19486602,3
712747319647722,2024-03-21T19:39:34.563Z,gyroscope sensor uncalibrated,-0.1301143,0.06719518,-0.36285394,-0.1301143,0.06719518,-0.36285394,3
712747329647722,2024-03-21T19:39:34.572Z,gyroscope sensor uncalibrated,-0.16615535,-0.07696902,-0.51251596,-0.16615535,-0.07696902,-0.51251596,3
712747339647722,2024-03-21T19:39:34.583Z,gyroscope sensor uncalibrated,-0.14355333,-0.3286455,-0.57360244,-0.14355333,-0.3286455,-0.57360244,3
712747349647722,2024-03-21T19:39:34.593Z,gyroscope sensor uncalibrated,-0.09285152,-0.64812803,-0.5290093,-0.09285152,-0.64812803,-0.5290093,3
712747359647722,2024-03-21T19:39:34.602Z,gyroscope sensor uncalibrated,-0.014660766,-0.84482664,-0.4111123,-0.014660766,-0.84482664,-0.4111123,3
712747369647788,2024-03-21T19:39:34.612Z,gyroscope sensor uncalibrated,-0.0018325958,-0.8210029,-0.2883284,-0.0018325958,-0.8210029,-0.2883284,3
712747379647788,2024-03-21T19:39:34.623Z,gyroscope sensor uncalibrated,-0.032375857,-0.61086524,-0.3268129,-0.032375857,-0.61086524,-0.3268129,3
712747389647788,2024-03-21T19:39:34.633Z,gyroscope sensor uncalibrated,-0.0018325958,-0.21624629,-0.4886922,-0.0018325958,-0.21624629,-0.4886922,3
712747399647788,2024-03-21T19:39:34.642Z,gyroscope sensor uncalibrated,0.06414085,0.18692477,-0.6230826,0.06414085,0.18692477,-0.6230826,3
712747409647788,2024-03-21T19:39:34.652Z,gyroscope sensor uncalibrated,0.12034045,0.25778514,-0.56321776,0.12034045,0.25778514,-0.56321776,3
712747419647521,2024-03-21T19:39:34.663Z,gyroscope sensor uncalibrated,0.1301143,0.08857546,-0.39278635,0.1301143,0.08857546,-0.39278635,3
712747429647521,2024-03-21T19:39:34.672Z,gyroscope sensor uncalibrated,0.081855945,0.0012217305,-0.30787608,0.081855945,0.0012217305,-0.30787608,3
712747439647521,2024-03-21T19:39:34.683Z,gyroscope sensor uncalibrated,-0.009162978,0.16554448,-0.37751472,-0.009162978,0.16554448,-0.37751472,3
712747449647521,2024-03-21T19:39:34.692Z,gyroscope sensor uncalibrated,-0.14905111,0.47647488,-0.52656585,-0.14905111,0.47647488,-0.52656585,3
712747459647521,2024-03-21T19:39:34.702Z,gyroscope sensor uncalibrated,-0.2443461,0.6450737,-0.59803706,-0.2443461,0.6450737,-0.59803706,3
712747469647521,2024-03-21T19:39:34.712Z,gyroscope sensor uncalibrated,-0.20891592,0.63224554,-0.5338962,-0.20891592,0.63224554,-0.5338962,3
712747479647521,2024-03-21T19:39:34.723Z,gyroscope sensor uncalibrated,-0.026267206,0.49541172,-0.44593164,-0.026267206,0.49541172,-0.44593164,3
712747489647521,2024-03-21T19:39:34.732Z,gyroscope sensor uncalibrated,0.23884831,0.3494149,-0.12156218,0.23884831,0.3494149,-0.12156218,3
712747499647521,2024-03-21T19:39:34.742Z,gyroscope sensor uncalibrated,0.2938262,0.39584067,0.15332718,0.2938262,0.39584067,0.15332718,3
712747509647787,2024-03-21T19:39:34.753Z,gyroscope sensor uncalibrated,0.2846632,0.4373795,0.34513888,0.2846632,0.4373795,0.34513888,3
712747519647787,2024-03-21T19:39:34.763Z,gyroscope sensor uncalibrated,0.22479841,0.39400807,0.45142943,0.22479841,0.39400807,0.45142943,3
712747529647787,2024-03-21T19:39:34.772Z,gyroscope sensor uncalibrated,0.15577064,0.19975294,0.48502702,0.15577064,0.19975294,0.48502702,3
712747539647787,2024-03-21T19:39:34.782Z,gyroscope sensor uncalibrated,0.13927728,-0.06841691,0.44959682,0.13927728,-0.06841691,0.44959682,3
712747549647787,2024-03-21T19:39:34.793Z,gyroscope sensor uncalibrated,0.1160644,-0.34269542,0.36651915,0.1160644,-0.34269542,0.36651915,3
712747559647520,2024-03-21T19:39:34.802Z,gyroscope sensor uncalibrated,0.021380283,-0.5479461,0.25350907,0.021380283,-0.5479461,0.25350907,3
712747569647520,2024-03-21T19:39:34.813Z,gyroscope sensor uncalibrated,-0.12156218,-0.67073005,0.13316862,-0.12156218,-0.67073005,0.13316862,3
712747579647520,2024-03-21T19:39:34.823Z,gyroscope sensor uncalibrated,-0.15760323,-0.74281216,0.04337143,-0.15760323,-0.74281216,0.04337143,3
712747589647520,2024-03-21T19:39:34.833Z,gyroscope sensor uncalibrated,-0.08979719,-0.7415904,0.0061086523,-0.08979719,-0.7415904,0.0061086523,3
712747599647520,2024-03-21T19:39:34.842Z,gyroscope sensor uncalibrated,-0.049480084,-0.6560693,0.01038471,-0.049480084,-0.6560693,0.01038471,3
712747609647286,2024-03-21T19:39:34.852Z,gyroscope sensor uncalibrated,-0.08674286,-0.47769663,0.05497787,-0.08674286,-0.47769663,0.05497787,3
712747619647552,2024-03-21T19:39:34.863Z,gyroscope sensor uncalibrated,-0.14660765,-0.28771752,0.108123146,-0.14660765,-0.28771752,0.108123146,3
712747629647552,2024-03-21T19:39:34.873Z,gyroscope sensor uncalibrated,-0.13805555,-0.13744467,0.14905111,-0.13805555,-0.13744467,0.14905111,3
712747639647552,2024-03-21T19:39:34.883Z,gyroscope sensor uncalibrated,-0.086132,-0.031154128,0.18325958,-0.086132,-0.031154128,0.18325958,3
712747649647552,2024-03-21T19:39:34.892Z,gyroscope sensor uncalibrated,-0.057421334,0.05681047,0.22235495,-0.057421334,0.05681047,0.22235495,3
712747659647552,2024-03-21T19:39:34.903Z,gyroscope sensor uncalibrated,-0.069027774,0.15088372,0.2565634,-0.069027774,0.15088372,0.2565634,3
712747669647485,2024-03-21T19:39:34.912Z,gyroscope sensor uncalibrated,-0.10567969,0.25228736,0.28038713,-0.10567969,0.25228736,0.28038713,3
712747679647485,2024-03-21T19:39:34.923Z,gyroscope sensor uncalibrated,-0.15210545,0.36468655,0.27122417,-0.15210545,0.36468655,0.27122417,3
712747689647485,2024-03-21T19:39:34.933Z,gyroscope sensor uncalibrated,-0.20586158,0.48380527,0.2144137,-0.20586158,0.48380527,0.2144137,3
712747699647485,2024-03-21T19:39:34.943Z,gyroscope sensor uncalibrated,-0.3182608,0.6236934,0.081855945,-0.3182608,0.6236934,0.081855945,3
712747709647485,2024-03-21T19:39:34.952Z,gyroscope sensor uncalibrated,-0.37812558,0.69027776,-0.010995574,-0.37812558,0.69027776,-0.010995574,3
712747719647485,2024-03-21T19:39:34.962Z,gyroscope sensor uncalibrated,-0.39278635,0.7257079,-0.10567969,-0.39278635,0.7257079,-0.10567969,3
712747729647718,2024-03-21T19:39:34.973Z,gyroscope sensor uncalibrated,-0.36041048,0.72509706,-0.19425514,-0.36041048,0.72509706,-0.19425514,3
712747739647718,2024-03-21T19:39:34.982Z,gyroscope sensor uncalibrated,-0.29871312,0.6835582,-0.2687807,-0.29871312,0.6835582,-0.2687807,3
712747749647718,2024-03-21T19:39:34.992Z,gyroscope sensor uncalibrated,-0.2321288,0.59498274,-0.30482176,-0.2321288,0.59498274,-0.30482176,3
712747759647984,2024-03-21T19:39:35.003Z,gyroscope sensor uncalibrated,-0.1685988,0.45265114,-0.2919936,-0.1685988,0.45265114,-0.2919936,3
712747769647984,2024-03-21T19:39:35.012Z,gyroscope sensor uncalibrated,-0.11178834,0.2657264,-0.23701571,-0.11178834,0.2657264,-0.23701571,3
712747779647984,2024-03-21T19:39:35.023Z,gyroscope sensor uncalibrated,-0.06658431,0.04886922,-0.14844026,-0.06658431,0.04886922,-0.14844026,3
712747789647984,2024-03-21T19:39:35.032Z,gyroscope sensor uncalibrated,-0.047647487,-0.1777618,-0.050701816,-0.047647487,-0.1777618,-0.050701816,3
712747799647984,2024-03-21T19:39:35.042Z,gyroscope sensor uncalibrated,-0.052534413,-0.37140608,0.040927973,-0.052534413,-0.37140608,0.040927973,3
712747809647717,2024-03-21T19:39:35.053Z,gyroscope sensor uncalibrated,-0.06658431,-0.50579643,0.111177474,-0.06658431,-0.50579643,0.111177474,3
712747819647717,2024-03-21T19:39:35.062Z,gyroscope sensor uncalibrated,-0.15515977,-0.5626069,0.13988814,-0.15515977,-0.5626069,0.13988814,3
712747829647717,2024-03-21T19:39:35.073Z,gyroscope sensor uncalibrated,-0.18325958,-0.59559363,0.14049901,-0.18325958,-0.59559363,0.14049901,3
712747839647717,2024-03-21T19:39:35.082Z,gyroscope sensor uncalibrated,-0.12644911,-0.58459806,0.14782938,-0.12644911,-0.58459806,0.14782938,3
712747849647717,2024-03-21T19:39:35.092Z,gyroscope sensor uncalibrated,-0.057421334,-0.5345071,0.1881465,-0.057421334,-0.5345071,0.1881465,3
712747859647717,2024-03-21T19:39:35.102Z,gyroscope sensor uncalibrated,0.004276057,-0.44165558,0.27122417,0.004276057,-0.44165558,0.27122417,3
712747869647983,2024-03-21T19:39:35.112Z,gyroscope sensor uncalibrated,0.06169739,-0.3463606,0.39645153,0.06169739,-0.3463606,0.39645153,3
712747879647983,2024-03-21T19:39:35.122Z,gyroscope sensor uncalibrated,0.13072516,-0.29749137,0.50946164,0.13072516,-0.29749137,0.50946164,3
712747889647983,2024-03-21T19:39:35.132Z,gyroscope sensor uncalibrated,0.17104226,-0.31398472,0.5748242,0.17104226,-0.31398472,0.5748242,3
712747899647983,2024-03-21T19:39:35.143Z,gyroscope sensor uncalibrated,0.15760323,-0.35430184,0.5925393,0.15760323,-0.35430184,0.5925393,3
712747909647983,2024-03-21T19:39:35.152Z,gyroscope sensor uncalibrated,0.124005646,-0.37140608,0.5852089,0.124005646,-0.37140608,0.5852089,3
712747919647716,2024-03-21T19:39:35.162Z,gyroscope sensor uncalibrated,0.1160644,-0.13316862,0.49968776,0.1160644,-0.13316862,0.49968776,3
712747929647716,2024-03-21T19:39:35.172Z,gyroscope sensor uncalibrated,0.10995574,0.18142697,0.44532076,0.10995574,0.18142697,0.44532076,3
712747939647716,2024-03-21T19:39:35.183Z,gyroscope sensor uncalibrated,0.007330383,0.4196644,0.38789943,0.007330383,0.4196644,0.38789943,3
712747949647716,2024-03-21T19:39:35.192Z,gyroscope sensor uncalibrated,-0.19058995,0.4098906,0.30482176,-0.19058995,0.4098906,0.30482176,3
712747959647716,2024-03-21T19:39:35.203Z,gyroscope sensor uncalibrated,-0.36041048,0.19792034,0.23640485,-0.36041048,0.19792034,0.23640485,3
712747969647716,2024-03-21T19:39:35.212Z,gyroscope sensor uncalibrated,-0.3408628,-0.05681047,0.23701571,-0.3408628,-0.05681047,0.23701571,3
712747979647716,2024-03-21T19:39:35.223Z,gyroscope sensor uncalibrated,-0.18081611,-0.25595254,0.312763,-0.18081611,-0.25595254,0.312763,3
712747989647716,2024-03-21T19:39:35.232Z,gyroscope sensor uncalibrated,0.0018325958,-0.3549127,0.4025602,0.0018325958,-0.3549127,0.4025602,3
712747999647716,2024-03-21T19:39:35.242Z,gyroscope sensor uncalibrated,0.1001819,-0.39950588,0.43188173,0.1001819,-0.39950588,0.43188173,3
712748009647982,2024-03-21T19:39:35.252Z,gyroscope sensor uncalibrated,0.064751714,-0.42760566,0.35735616,0.064751714,-0.42760566,0.35735616,3
712748019647982,2024-03-21T19:39:35.262Z,gyroscope sensor uncalibrated,-0.06658431,-0.39645153,0.18936823,-0.06658431,-0.39645153,0.18936823,3
712748029647748,2024-03-21T19:39:35.272Z,gyroscope sensor uncalibrated,-0.24617869,-0.30482176,-0.03848451,-0.24617869,-0.30482176,-0.03848451,3
712748039647381,2024-03-21T19:39:35.282Z,gyroscope sensor uncalibrated,-0.44532076,-0.20097467,-0.3286455,-0.44532076,-0.20097467,-0.3286455,3
712748049647414,2024-03-21T19:39:35.292Z,gyroscope sensor uncalibrated,-0.59131753,-0.118507855,-0.63591075,-0.59131753,-0.118507855,-0.63591075,3
712748059647147,2024-03-21T19:39:35.302Z,gyroscope sensor uncalibrated,-0.6805039,-0.053145275,-0.84482664,-0.6805039,-0.053145275,-0.84482664,3
712748069647147,2024-03-21T19:39:35.313Z,gyroscope sensor uncalibrated,-0.6976081,0.0018325958,-0.8772025,-0.6976081,0.0018325958,-0.8772025,3
712748079647147,2024-03-21T19:39:35.322Z,gyroscope sensor uncalibrated,-0.6786713,-0.020158553,-0.8228355,-0.6786713,-0.020158553,-0.8228355,3
712748089647147,2024-03-21T19:39:35.332Z,gyroscope sensor uncalibrated,-0.61758476,-0.08552113,-0.73364913,-0.61758476,-0.08552113,-0.73364913,3
712748099647147,2024-03-21T19:39:35.342Z,gyroscope sensor uncalibrated,-0.5381723,-0.1685988,-0.634689,-0.5381723,-0.1685988,-0.634689,3
712748109647147,2024-03-21T19:39:35.352Z,gyroscope sensor uncalibrated,-0.46853364,-0.2950479,-0.54428095,-0.46853364,-0.2950479,-0.54428095,3
712748119647213,2024-03-21T19:39:35.362Z,gyroscope sensor uncalibrated,-0.40866885,-0.47403142,-0.47769663,-0.40866885,-0.47403142,-0.47769663,3
712748129647213,2024-03-21T19:39:35.373Z,gyroscope sensor uncalibrated,-0.29749137,-0.7623598,-0.44226643,-0.29749137,-0.7623598,-0.44226643,3
712748139647213,2024-03-21T19:39:35.383Z,gyroscope sensor uncalibrated,-0.22968534,-0.91874135,-0.46853364,-0.22968534,-0.91874135,-0.46853364,3
712748149647213,2024-03-21T19:39:35.392Z,gyroscope sensor uncalibrated,-0.17470746,-1.0189233,-0.4972443,-0.17470746,-1.0189233,-0.4972443,3
712748159647213,2024-03-21T19:39:35.402Z,gyroscope sensor uncalibrated,-0.11484267,-1.056186,-0.5015204,-0.11484267,-1.056186,-0.5015204,3
712748169646646,2024-03-21T19:39:35.412Z,gyroscope sensor uncalibrated,-0.040317107,-1.0201449,-0.46853364,-0.040317107,-1.0201449,-0.46853364,3
712748179646646,2024-03-21T19:39:35.422Z,gyroscope sensor uncalibrated,0.017715093,-0.91874135,-0.4025602,0.017715093,-0.91874135,-0.4025602,3
712748189646646,2024-03-21T19:39:35.433Z,gyroscope sensor uncalibrated,0.07086037,-0.73853606,-0.2883284,0.07086037,-0.73853606,-0.2883284,3
712748199646646,2024-03-21T19:39:35.442Z,gyroscope sensor uncalibrated,0.12339478,-0.54061574,-0.1777618,0.12339478,-0.54061574,-0.1777618,3
712748209646646,2024-03-21T19:39:35.453Z,gyroscope sensor uncalibrated,0.19853121,-0.32803464,-0.10445796,0.19853121,-0.32803464,-0.10445796,3
712748219646646,2024-03-21T19:39:35.463Z,gyroscope sensor uncalibrated,0.25411993,-0.11484267,-0.07086037,0.25411993,-0.11484267,-0.07086037,3
712748229646646,2024-03-21T19:39:35.472Z,gyroscope sensor uncalibrated,0.28160888,0.10140363,-0.06047566,0.28160888,0.10140363,-0.06047566,3
712748239646646,2024-03-21T19:39:35.483Z,gyroscope sensor uncalibrated,0.29932398,0.32253686,-0.03970624,0.29932398,0.32253686,-0.03970624,3
712748249646646,2024-03-21T19:39:35.492Z,gyroscope sensor uncalibrated,0.30848694,0.52534413,-0.016493361,0.30848694,0.52534413,-0.016493361,3
712748259646912,2024-03-21T19:39:35.503Z,gyroscope sensor uncalibrated,0.32375857,0.6762278,-0.0030543262,0.32375857,0.6762278,-0.0030543262,3
712748269646912,2024-03-21T19:39:35.512Z,gyroscope sensor uncalibrated,0.34025195,0.76052725,0.02321288,0.34025195,0.76052725,0.02321288,3
712748279646912,2024-03-21T19:39:35.522Z,gyroscope sensor uncalibrated,0.36041048,0.77396625,0.056199603,0.36041048,0.77396625,0.056199603,3
712748289646912,2024-03-21T19:39:35.532Z,gyroscope sensor uncalibrated,0.37751472,0.711658,0.093462385,0.37751472,0.711658,0.093462385,3
712748299646912,2024-03-21T19:39:35.542Z,gyroscope sensor uncalibrated,0.39400807,0.57726765,0.1337795,0.39400807,0.57726765,0.1337795,3
712748309646645,2024-03-21T19:39:35.552Z,gyroscope sensor uncalibrated,0.4007276,0.3830125,0.17104226,0.4007276,0.3830125,0.17104226,3
712748319646645,2024-03-21T19:39:35.562Z,gyroscope sensor uncalibrated,0.4025602,0.16920967,0.1966986,0.4025602,0.16920967,0.1966986,3
712748329646645,2024-03-21T19:39:35.573Z,gyroscope sensor uncalibrated,0.4166101,-0.007330383,0.21746802,0.4166101,-0.007330383,0.21746802,3
712748339647011,2024-03-21T19:39:35.582Z,gyroscope sensor uncalibrated,0.4196644,-0.21197024,0.2284636,0.4196644,-0.21197024,0.2284636,3
712748349646977,2024-03-21T19:39:35.592Z,gyroscope sensor uncalibrated,0.41233405,-0.30115658,0.18753563,0.41233405,-0.30115658,0.18753563,3
712748359646977,2024-03-21T19:39:35.602Z,gyroscope sensor uncalibrated,0.3640757,-0.2602286,0.11911872,0.3640757,-0.2602286,0.11911872,3
712748369647243,2024-03-21T19:39:35.612Z,gyroscope sensor uncalibrated,0.30787608,-0.13194689,0.051923547,0.30787608,-0.13194689,0.051923547,3
712748379647243,2024-03-21T19:39:35.622Z,gyroscope sensor uncalibrated,0.28405234,-0.017715093,0.021380283,0.28405234,-0.017715093,0.021380283,3
712748389647476,2024-03-21T19:39:35.633Z,gyroscope sensor uncalibrated,0.25167647,0.055588737,0.012217305,0.25167647,0.055588737,0.012217305,3
712748399647476,2024-03-21T19:39:35.643Z,gyroscope sensor uncalibrated,0.16249016,0.11911872,-0.052534413,0.16249016,0.11911872,-0.052534413,3
712748409647476,2024-03-21T19:39:35.652Z,gyroscope sensor uncalibrated,0.04886922,0.1777618,-0.21197024,0.04886922,0.1777618,-0.21197024,3
712748419647409,2024-03-21T19:39:35.663Z,gyroscope sensor uncalibrated,-0.04642576,0.15821409,-0.40500367,-0.04642576,0.15821409,-0.40500367,3
712748429647409,2024-03-21T19:39:35.673Z,gyroscope sensor uncalibrated,-0.116675265,0.029321533,-0.5467244,-0.116675265,0.029321533,-0.5467244,3
712748439647409,2024-03-21T19:39:35.682Z,gyroscope sensor uncalibrated,-0.16126843,-0.14905111,-0.60231316,-0.16126843,-0.14905111,-0.60231316,3
712748449647642,2024-03-21T19:39:35.692Z,gyroscope sensor uncalibrated,-0.172264,-0.3005457,-0.57848936,-0.172264,-0.3005457,-0.57848936,3
712748459647642,2024-03-21T19:39:35.702Z,gyroscope sensor uncalibrated,-0.15149458,-0.3848451,-0.5174029,-0.15149458,-0.3848451,-0.5174029,3
712748469647942,2024-03-21T19:39:35.712Z,gyroscope sensor uncalibrated,-0.04337143,-0.39706242,-0.4886922,-0.04337143,-0.39706242,-0.4886922,3
712748479647942,2024-03-21T19:39:35.722Z,gyroscope sensor uncalibrated,0.03970624,-0.3231477,-0.49968776,0.03970624,-0.3231477,-0.49968776,3
712748489647942,2024-03-21T19:39:35.732Z,gyroscope sensor uncalibrated,0.11178834,-0.30665436,-0.48991394,0.11178834,-0.30665436,-0.48991394,3
712748499647942,2024-03-21T19:39:35.742Z,gyroscope sensor uncalibrated,0.15515977,-0.43249258,-0.4447099,0.15515977,-0.43249258,-0.4447099,3
712748509648175,2024-03-21T19:39:35.753Z,gyroscope sensor uncalibrated,0.1704314,-0.6200282,-0.4007276,0.1704314,-0.6200282,-0.4007276,3
712748519648175,2024-03-21T19:39:35.763Z,gyroscope sensor uncalibrated,0.14844026,-0.75502944,-0.4007276,0.14844026,-0.75502944,-0.4007276,3
712748529648175,2024-03-21T19:39:35.772Z,gyroscope sensor uncalibrated,0.08368854,-0.7825184,-0.3866777,0.08368854,-0.7825184,-0.3866777,3
712748539648175,2024-03-21T19:39:35.782Z,gyroscope sensor uncalibrated,0.049480084,-0.6389651,-0.40866885,0.049480084,-0.6389651,-0.40866885,3
712748549648175,2024-03-21T19:39:35.793Z,gyroscope sensor uncalibrated,0.1301143,-0.24801129,-0.39278635,0.1301143,-0.24801129,-0.39278635,3
712748559647908,2024-03-21T19:39:35.802Z,gyroscope sensor uncalibrated,0.34574974,0.04520403,-0.29565877,0.34574974,0.04520403,-0.29565877,3
712748569647908,2024-03-21T19:39:35.813Z,gyroscope sensor uncalibrated,0.6450737,0.3866777,-0.01160644,0.6450737,0.3866777,-0.01160644,3
712748579647908,2024-03-21T19:39:35.822Z,gyroscope sensor uncalibrated,0.8063421,0.6908886,0.36713,0.8063421,0.6908886,0.36713,3
712748589648141,2024-03-21T19:39:35.833Z,gyroscope sensor uncalibrated,0.91690874,0.87109387,0.67073005,0.91690874,0.87109387,0.67073005,3
712748599648141,2024-03-21T19:39:35.843Z,gyroscope sensor uncalibrated,0.9254609,0.9279043,0.7825184,0.9254609,0.9279043,0.7825184,3
712748609648141,2024-03-21T19:39:35.852Z,gyroscope sensor uncalibrated,0.86742866,0.8399397,0.7623598,0.86742866,0.8399397,0.7623598,3
712748619648374,2024-03-21T19:39:35.863Z,gyroscope sensor uncalibrated,0.8472701,0.6585127,0.66950834,0.8472701,0.6585127,0.66950834,3
712748629648374,2024-03-21T19:39:35.872Z,gyroscope sensor uncalibrated,0.73426,0.41599923,0.5149594,0.73426,0.41599923,0.5149594,3
712748639648374,2024-03-21T19:39:35.882Z,gyroscope sensor uncalibrated,0.4978552,0.14721853,0.3549127,0.4978552,0.14721853,0.3549127,3
712748649648374,2024-03-21T19:39:35.893Z,gyroscope sensor uncalibrated,0.24862215,-0.1282817,0.21380283,0.24862215,-0.1282817,0.21380283,3
712748659648374,2024-03-21T19:39:35.903Z,gyroscope sensor uncalibrated,0.093462385,-0.39095375,0.124005646,0.093462385,-0.39095375,0.124005646,3
712748669648107,2024-03-21T19:39:35.913Z,gyroscope sensor uncalibrated,0.022602014,-0.61086524,0.11301007,0.022602014,-0.61086524,0.11301007,3
712748679648107,2024-03-21T19:39:35.923Z,gyroscope sensor uncalibrated,0.17104226,-0.8222246,0.16920967,0.17104226,-0.8222246,0.16920967,3
712748689647873,2024-03-21T19:39:35.933Z,gyroscope sensor uncalibrated,0.35124752,-0.83260936,0.28221974,0.35124752,-0.83260936,0.28221974,3
712748699647873,2024-03-21T19:39:35.942Z,gyroscope sensor uncalibrated,0.31703907,-0.6963864,0.41172317,0.31703907,-0.6963864,0.41172317,3
712748709647873,2024-03-21T19:39:35.952Z,gyroscope sensor uncalibrated,0.23151793,-0.462425,0.4886922,0.23151793,-0.462425,0.4886922,3
712748719647873,2024-03-21T19:39:35.962Z,gyroscope sensor uncalibrated,0.19730948,-0.20647246,0.4801401,0.19730948,-0.20647246,0.4801401,3
712748729647873,2024-03-21T19:39:35.972Z,gyroscope sensor uncalibrated,0.20341812,0.045814894,0.44409904,0.20341812,0.045814894,0.44409904,3
712748739647873,2024-03-21T19:39:35.982Z,gyroscope sensor uncalibrated,0.19486602,0.30482176,0.4166101,0.19486602,0.30482176,0.4166101,3
712748749647639,2024-03-21T19:39:35.993Z,gyroscope sensor uncalibrated,0.15149458,0.5308419,0.3744604,0.15149458,0.5308419,0.3744604,3
712748759647905,2024-03-21T19:39:36.002Z,gyroscope sensor uncalibrated,0.07269296,0.7452556,0.28955013,0.07269296,0.7452556,0.28955013,3
712748769648171,2024-03-21T19:39:36.012Z,gyroscope sensor uncalibrated,0.031154128,0.8350528,0.21319197,0.031154128,0.8350528,0.21319197,3
712748779648171,2024-03-21T19:39:36.022Z,gyroscope sensor uncalibrated,0.0012217305,0.9425651,0.11301007,0.0012217305,0.9425651,0.11301007,3
712748789648171,2024-03-21T19:39:36.032Z,gyroscope sensor uncalibrated,-0.051923547,0.9987647,0.03359759,-0.051923547,0.9987647,0.03359759,3
712748799648171,2024-03-21T19:39:36.042Z,gyroscope sensor uncalibrated,-0.08246681,0.9370673,-0.009162978,-0.08246681,0.9370673,-0.009162978,3
712748809648171,2024-03-21T19:39:36.052Z,gyroscope sensor uncalibrated,-0.042760566,0.80756384,-0.03848451,-0.042760566,0.80756384,-0.03848451,3
712748819648171,2024-03-21T19:39:36.063Z,gyroscope sensor uncalibrated,0.02565634,0.65668017,-0.07086037,0.02565634,0.65668017,-0.07086037,3
712748829648171,2024-03-21T19:39:36.073Z,gyroscope sensor uncalibrated,0.087964594,0.4868596,-0.086132,0.087964594,0.4868596,-0.086132,3
712748839648404,2024-03-21T19:39:36.082Z,gyroscope sensor uncalibrated,0.14782938,0.28221974,-0.07269296,0.14782938,0.28221974,-0.07269296,3
712748849648404,2024-03-21T19:39:36.092Z,gyroscope sensor uncalibrated,0.19547687,0.07269296,-0.025045475,0.19547687,0.07269296,-0.025045475,3
712748859648404,2024-03-21T19:39:36.103Z,gyroscope sensor uncalibrated,0.21380283,-0.12217305,0.040317107,0.21380283,-0.12217305,0.040317107,3
712748869648404,2024-03-21T19:39:36.113Z,gyroscope sensor uncalibrated,0.20280726,-0.2846632,0.10262536,0.20280726,-0.2846632,0.10262536,3
712748879648404,2024-03-21T19:39:36.123Z,gyroscope sensor uncalibrated,0.19242255,-0.3921755,0.15393804,0.19242255,-0.3921755,0.15393804,3
712748889648170,2024-03-21T19:39:36.133Z,gyroscope sensor uncalibrated,0.19547687,-0.43004912,0.19425514,0.19547687,-0.43004912,0.19425514,3
712748899648170,2024-03-21T19:39:36.142Z,gyroscope sensor uncalibrated,0.22296582,-0.40133846,0.22113322,0.22296582,-0.40133846,0.22113322,3
712748909648170,2024-03-21T19:39:36.153Z,gyroscope sensor uncalibrated,0.24923302,-0.34880406,0.25534168,0.24923302,-0.34880406,0.25534168,3
712748919647936,2024-03-21T19:39:36.162Z,gyroscope sensor uncalibrated,0.26511553,-0.27916542,0.29626966,0.26511553,-0.27916542,0.29626966,3
712748929647936,2024-03-21T19:39:36.172Z,gyroscope sensor uncalibrated,0.2657264,-0.19120082,0.31337386,0.2657264,-0.19120082,0.31337386,3
712748939647936,2024-03-21T19:39:36.183Z,gyroscope sensor uncalibrated,0.26328292,-0.092240654,0.32559118,0.26328292,-0.092240654,0.32559118,3
712748949647936,2024-03-21T19:39:36.192Z,gyroscope sensor uncalibrated,0.25411993,0.0012217305,0.37507126,0.25411993,0.0012217305,0.37507126,3
712748959647936,2024-03-21T19:39:36.202Z,gyroscope sensor uncalibrated,0.24556783,0.018325957,0.4373795,0.24556783,0.018325957,0.4373795,3
712748969647936,2024-03-21T19:39:36.212Z,gyroscope sensor uncalibrated,0.23762658,-0.065973446,0.45204028,0.23762658,-0.065973446,0.45204028,3
712748979647936,2024-03-21T19:39:36.223Z,gyroscope sensor uncalibrated,0.21013765,-0.3268129,0.45814893,0.21013765,-0.3268129,0.45814893,3
712748989647936,2024-03-21T19:39:36.233Z,gyroscope sensor uncalibrated,0.21624629,-0.51251596,0.44348818,0.21624629,-0.51251596,0.44348818,3
712748999647936,2024-03-21T19:39:36.242Z,gyroscope sensor uncalibrated,0.17837265,-0.54733527,0.40317106,0.17837265,-0.54733527,0.40317106,3
712749009648202,2024-03-21T19:39:36.252Z,gyroscope sensor uncalibrated,0.08674286,-0.42394048,0.37812558,0.08674286,-0.42394048,0.37812558,3
712749019648202,2024-03-21T19:39:36.262Z,gyroscope sensor uncalibrated,-0.021380283,-0.18448131,0.3652974,-0.021380283,-0.18448131,0.3652974,3
712749029648202,2024-03-21T19:39:36.273Z,gyroscope sensor uncalibrated,-0.1301143,-0.058643065,0.34269542,-0.1301143,-0.058643065,0.34269542,3
712749039648202,2024-03-21T19:39:36.283Z,gyroscope sensor uncalibrated,-0.19853121,-0.047036625,0.28771752,-0.19853121,-0.047036625,0.28771752,3
712749049648435,2024-03-21T19:39:36.293Z,gyroscope sensor uncalibrated,-0.18753563,-0.044593163,0.19364429,-0.18753563,-0.044593163,0.19364429,3
712749059648168,2024-03-21T19:39:36.302Z,gyroscope sensor uncalibrated,-0.19792034,-0.07147124,0.1459968,-0.19792034,-0.07147124,0.1459968,3
712749069647901,2024-03-21T19:39:36.312Z,gyroscope sensor uncalibrated,-0.29138273,-0.108123146,0.14966199,-0.29138273,-0.108123146,0.14966199,3
712749079647901,2024-03-21T19:39:36.322Z,gyroscope sensor uncalibrated,-0.37323865,-0.11789699,0.10751228,-0.37323865,-0.11789699,0.10751228,3
712749089647901,2024-03-21T19:39:36.333Z,gyroscope sensor uncalibrated,-0.38728857,-0.10323623,-0.0036651916,-0.38728857,-0.10323623,-0.0036651916,3
712749099647901,2024-03-21T19:39:36.343Z,gyroscope sensor uncalibrated,-0.39645153,-0.04153884,-0.14905111,-0.39645153,-0.04153884,-0.14905111,3
712749109647667,2024-03-21T19:39:36.353Z,gyroscope sensor uncalibrated,-0.4251622,0.03359759,-0.31215215,-0.4251622,0.03359759,-0.31215215,3
712749119647933,2024-03-21T19:39:36.362Z,gyroscope sensor uncalibrated,-0.39461896,0.12889257,-0.44837508,-0.39461896,0.12889257,-0.44837508,3
712749129647933,2024-03-21T19:39:36.373Z,gyroscope sensor uncalibrated,-0.4813618,0.22602014,-0.54244834,-0.4813618,0.22602014,-0.54244834,3
712749139647699,2024-03-21T19:39:36.383Z,gyroscope sensor uncalibrated,-0.61636305,0.2724459,-0.57971114,-0.61636305,0.2724459,-0.57971114,3
712749149647699,2024-03-21T19:39:36.393Z,gyroscope sensor uncalibrated,-0.6603453,0.2180789,-0.5907067,-0.6603453,0.2180789,-0.5907067,3
712749159647699,2024-03-21T19:39:36.402Z,gyroscope sensor uncalibrated,-0.63163465,0.11056661,-0.59437186,-0.63163465,0.11056661,-0.59437186,3
712749169648665,2024-03-21T19:39:36.412Z,gyroscope sensor uncalibrated,-0.59498274,-0.014660766,-0.57910025,-0.59498274,-0.014660766,-0.57910025,3
712749179648665,2024-03-21T19:39:36.422Z,gyroscope sensor uncalibrated,-0.5674938,-0.12889257,-0.5180137,-0.5674938,-0.12889257,-0.5180137,3
712749189648665,2024-03-21T19:39:36.432Z,gyroscope sensor uncalibrated,-0.5363397,-0.2938262,-0.3811799,-0.5363397,-0.2938262,-0.3811799,3
712749199648665,2024-03-21T19:39:36.442Z,gyroscope sensor uncalibrated,-0.5375614,-0.4166101,-0.33292156,-0.5375614,-0.4166101,-0.33292156,3
712749209648665,2024-03-21T19:39:36.453Z,gyroscope sensor uncalibrated,-0.5412266,-0.49663344,-0.34697145,-0.5412266,-0.49663344,-0.34697145,3
712749219648665,2024-03-21T19:39:36.462Z,gyroscope sensor uncalibrated,-0.5381723,-0.53023106,-0.41233405,-0.5381723,-0.53023106,-0.41233405,3
712749229648665,2024-03-21T19:39:36.473Z,gyroscope sensor uncalibrated,-0.5204572,-0.45998153,-0.45998153,-0.5204572,-0.45998153,-0.45998153,3
712749239648665,2024-03-21T19:39:36.482Z,gyroscope sensor uncalibrated,-0.50823987,-0.32986724,-0.4783075,-0.50823987,-0.32986724,-0.4783075,3
712749249648665,2024-03-21T19:39:36.492Z,gyroscope sensor uncalibrated,-0.48563787,-0.23151793,-0.49296826,-0.48563787,-0.23151793,-0.49296826,3
712749259648931,2024-03-21T19:39:36.503Z,gyroscope sensor uncalibrated,-0.44532076,-0.17654006,-0.5112942,-0.44532076,-0.17654006,-0.5112942,3
712749269648931,2024-03-21T19:39:36.512Z,gyroscope sensor uncalibrated,-0.38912117,-0.11056661,-0.50335294,-0.38912117,-0.11056661,-0.50335294,3
712749279648497,2024-03-21T19:39:36.523Z,gyroscope sensor uncalibrated,-0.3231477,0.0018325958,-0.44837508,-0.3231477,0.0018325958,-0.44837508,3
712749289648497,2024-03-21T19:39:36.533Z,gyroscope sensor uncalibrated,-0.2565634,0.11178834,-0.36041048,-0.2565634,0.11178834,-0.36041048,3
712749299648497,2024-03-21T19:39:36.542Z,gyroscope sensor uncalibrated,-0.18020524,0.18387043,-0.2968805,-0.18020524,0.18387043,-0.2968805,3
712749309648230,2024-03-21T19:39:36.553Z,gyroscope sensor uncalibrated,-0.1160644,0.25595254,-0.24923302,-0.1160644,0.25595254,-0.24923302,3
712749319648230,2024-03-21T19:39:36.563Z,gyroscope sensor uncalibrated,-0.07269296,0.3323107,-0.18142697,-0.07269296,0.3323107,-0.18142697,3
712749329648230,2024-03-21T19:39:36.573Z,gyroscope sensor uncalibrated,-0.047036625,0.3903429,-0.12522738,-0.047036625,0.3903429,-0.12522738,3
712749339648230,2024-03-21T19:39:36.582Z,gyroscope sensor uncalibrated,-0.037873644,0.42455134,-0.095294975,-0.037873644,0.42455134,-0.095294975,3
712749349647996,2024-03-21T19:39:36.593Z,gyroscope sensor uncalibrated,-0.04642576,0.4373795,-0.08246681,-0.04642576,0.4373795,-0.08246681,3
712749359647996,2024-03-21T19:39:36.602Z,gyroscope sensor uncalibrated,-0.064751714,0.43066,-0.065973446,-0.064751714,0.43066,-0.065973446,3
712749369648229,2024-03-21T19:39:36.612Z,gyroscope sensor uncalibrated,-0.07880162,0.3866777,-0.042760566,-0.07880162,0.3866777,-0.042760566,3
712749379648229,2024-03-21T19:39:36.622Z,gyroscope sensor uncalibrated,-0.080634214,0.2968805,-0.02443461,-0.080634214,0.2968805,-0.02443461,3
712749389648229,2024-03-21T19:39:36.632Z,gyroscope sensor uncalibrated,-0.07819075,0.18325958,-0.014049901,-0.07819075,0.18325958,-0.014049901,3
712749399648229,2024-03-21T19:39:36.643Z,gyroscope sensor uncalibrated,-0.039095376,0.048258353,0.0018325958,-0.039095376,0.048258353,0.0018325958,3
712749409648229,2024-03-21T19:39:36.653Z,gyroscope sensor uncalibrated,0.018936822,0.014660766,0.0067195175,0.018936822,0.014660766,0.0067195175,3
712749419647962,2024-03-21T19:39:36.663Z,gyroscope sensor uncalibrated,0.09040806,0.014049901,0.018936822,0.09040806,0.014049901,0.018936822,3
712749429647962,2024-03-21T19:39:36.673Z,gyroscope sensor uncalibrated,0.15882497,0.009162978,0.048258353,0.15882497,0.009162978,0.048258353,3
712749439647962,2024-03-21T19:39:36.683Z,gyroscope sensor uncalibrated,0.18448131,-0.042760566,0.07574729,0.18448131,-0.042760566,0.07574729,3
712749449647962,2024-03-21T19:39:36.692Z,gyroscope sensor uncalibrated,0.13744467,-0.11178834,0.058643065,0.13744467,-0.11178834,0.058643065,3
712749459647962,2024-03-21T19:39:36.702Z,gyroscope sensor uncalibrated,0.028710667,-0.15027285,-0.040927973,0.028710667,-0.15027285,-0.040927973,3
712749469647228,2024-03-21T19:39:36.713Z,gyroscope sensor uncalibrated,-0.086132,-0.12461651,-0.204029,-0.086132,-0.12461651,-0.204029,3
712749479647228,2024-03-21T19:39:36.722Z,gyroscope sensor uncalibrated,-0.15332718,-0.10140363,-0.37384954,-0.15332718,-0.10140363,-0.37384954,3
712749489647228,2024-03-21T19:39:36.732Z,gyroscope sensor uncalibrated,-0.18325958,-0.15882497,-0.4783075,-0.18325958,-0.15882497,-0.4783075,3
712749499647228,2024-03-21T19:39:36.742Z,gyroscope sensor uncalibrated,-0.21074851,-0.29626966,-0.4905248,-0.21074851,-0.29626966,-0.4905248,3
712749509647494,2024-03-21T19:39:36.753Z,gyroscope sensor uncalibrated,-0.24373524,-0.4392121,-0.45998153,-0.24373524,-0.4392121,-0.45998153,3
712749519647494,2024-03-21T19:39:36.762Z,gyroscope sensor uncalibrated,-0.15760323,-0.5015204,-0.41905355,-0.15760323,-0.5015204,-0.41905355,3
712749529647494,2024-03-21T19:39:36.773Z,gyroscope sensor uncalibrated,-0.017715093,-0.47525316,-0.36896262,-0.017715093,-0.47525316,-0.36896262,3
712749539647494,2024-03-21T19:39:36.783Z,gyroscope sensor uncalibrated,0.13439035,-0.3268129,-0.36651915,0.13439035,-0.3268129,-0.36651915,3
712749549647494,2024-03-21T19:39:36.792Z,gyroscope sensor uncalibrated,0.16737708,-0.010995574,-0.4111123,0.16737708,-0.010995574,-0.4111123,3
712749559647227,2024-03-21T19:39:36.802Z,gyroscope sensor uncalibrated,0.027488936,0.010995574,-0.47036624,0.027488936,0.010995574,-0.47036624,3
712749569647227,2024-03-21T19:39:36.813Z,gyroscope sensor uncalibrated,-0.07880162,-0.4447099,-0.50885075,-0.07880162,-0.4447099,-0.50885075,3
712749579647660,2024-03-21T19:39:36.823Z,gyroscope sensor uncalibrated,-0.04520403,-0.84604836,-0.5131268,-0.04520403,-0.84604836,-0.5131268,3
712749589647660,2024-03-21T19:39:36.833Z,gyroscope sensor uncalibrated,0.042760566,-0.93767816,-0.42088616,0.042760566,-0.93767816,-0.42088616,3
712749599647660,2024-03-21T19:39:36.842Z,gyroscope sensor uncalibrated,0.115453534,-0.84849185,-0.18570304,0.115453534,-0.84849185,-0.18570304,3
712749609647660,2024-03-21T19:39:36.852Z,gyroscope sensor uncalibrated,0.18509217,-0.48563787,0.14172074,0.18509217,-0.48563787,0.14172074,3
712749619647893,2024-03-21T19:39:36.863Z,gyroscope sensor uncalibrated,0.2932153,-0.17898351,0.24678956,0.2932153,-0.17898351,0.24678956,3
712749629647893,2024-03-21T19:39:36.873Z,gyroscope sensor uncalibrated,0.44715336,0.005497787,0.26816985,0.44715336,0.005497787,0.26816985,3
712749639647893,2024-03-21T19:39:36.882Z,gyroscope sensor uncalibrated,0.64568454,0.14721853,0.3848451,0.64568454,0.14721853,0.3848451,3
712749649647893,2024-03-21T19:39:36.892Z,gyroscope sensor uncalibrated,0.689056,0.23823744,0.6047566,0.689056,0.23823744,0.6047566,3
712749659647893,2024-03-21T19:39:36.902Z,gyroscope sensor uncalibrated,0.66706485,0.3115413,0.6713409,0.66706485,0.3115413,0.6713409,3
712749669647659,2024-03-21T19:39:36.913Z,gyroscope sensor uncalibrated,0.6249151,0.3408628,0.6072,0.6249151,0.3408628,0.6072,3
712749679647659,2024-03-21T19:39:36.923Z,gyroscope sensor uncalibrated,0.61941737,0.21868975,0.52595496,0.61941737,0.21868975,0.52595496,3
712749689647659,2024-03-21T19:39:36.933Z,gyroscope sensor uncalibrated,0.6072,0.049480084,0.48808134,0.6072,0.049480084,0.48808134,3
712749699647659,2024-03-21T19:39:36.942Z,gyroscope sensor uncalibrated,0.54000485,-0.08857546,0.4184427,0.54000485,-0.08857546,0.4184427,3
712749709647659,2024-03-21T19:39:36.953Z,gyroscope sensor uncalibrated,0.4196644,-0.226631,0.31581733,0.4196644,-0.226631,0.31581733,3
712749719647659,2024-03-21T19:39:36.962Z,gyroscope sensor uncalibrated,0.23640485,-0.39584067,0.25045475,0.23640485,-0.39584067,0.25045475,3
712749729647659,2024-03-21T19:39:36.973Z,gyroscope sensor uncalibrated,0.11301007,-0.5723807,0.1863139,0.11301007,-0.5723807,0.1863139,3
712749739647659,2024-03-21T19:39:36.982Z,gyroscope sensor uncalibrated,0.24373524,-0.68661255,0.11301007,0.24373524,-0.68661255,0.11301007,3
712749749647659,2024-03-21T19:39:36.992Z,gyroscope sensor uncalibrated,0.43799037,-0.64751714,0.07880162,0.43799037,-0.64751714,0.07880162,3
712749759647925,2024-03-21T19:39:37.002Z,gyroscope sensor uncalibrated,0.4636467,-0.50885075,0.09712757,0.4636467,-0.50885075,0.09712757,3
712749769647691,2024-03-21T19:39:37.012Z,gyroscope sensor uncalibrated,0.4465425,-0.35185838,0.1301143,0.4465425,-0.35185838,0.1301143,3
712749779648391,2024-03-21T19:39:37.022Z,gyroscope sensor uncalibrated,0.43066,-0.18509217,0.14721853,0.43066,-0.18509217,0.14721853,3
712749789647691,2024-03-21T19:39:37.033Z,gyroscope sensor uncalibrated,0.36468655,-0.009162978,0.1301143,0.36468655,-0.009162978,0.1301143,3
712749799646957,2024-03-21T19:39:37.043Z,gyroscope sensor uncalibrated,0.25534168,0.13744467,0.093462385,0.25534168,0.13744467,0.093462385,3
712749809646390,2024-03-21T19:39:37.053Z,gyroscope sensor uncalibrated,0.12583824,0.2864958,0.059864793,0.12583824,0.2864958,0.059864793,3
712749819646090,2024-03-21T19:39:37.062Z,gyroscope sensor uncalibrated,0.03481932,0.45265114,0.03481932,0.03481932,0.45265114,0.03481932,3
712749829645723,2024-03-21T19:39:37.073Z,gyroscope sensor uncalibrated,0.0580322,0.68416905,0.016493361,0.0580322,0.68416905,0.016493361,3
712749839645289,2024-03-21T19:39:37.083Z,gyroscope sensor uncalibrated,0.05375614,0.784351,-0.007330383,0.05375614,0.784351,-0.007330383,3
712749849644855,2024-03-21T19:39:37.092Z,gyroscope sensor uncalibrated,0.00061086525,0.78801614,-0.08124508,0.00061086525,0.78801614,-0.08124508,3
712749859644855,2024-03-21T19:39:37.102Z,gyroscope sensor uncalibrated,-0.05681047,0.7189884,-0.20097467,-0.05681047,0.7189884,-0.20097467,3
712749869644821,2024-03-21T19:39:37.113Z,gyroscope sensor uncalibrated,-0.12095132,0.61086524,-0.3145956,-0.12095132,0.61086524,-0.3145956,3
712749879644787,2024-03-21T19:39:37.123Z,gyroscope sensor uncalibrated,-0.17287487,0.48930305,-0.36957347,-0.17287487,0.48930305,-0.36957347,3
712749889644753,2024-03-21T19:39:37.132Z,gyroscope sensor uncalibrated,-0.1966986,0.35002577,-0.36102137,-0.1966986,0.35002577,-0.36102137,3
712749899644719,2024-03-21T19:39:37.143Z,gyroscope sensor uncalibrated,-0.2144137,0.21074851,-0.30848694,-0.2144137,0.21074851,-0.30848694,3
712749909644652,2024-03-21T19:39:37.152Z,gyroscope sensor uncalibrated,-0.2302962,0.07880162,-0.25167647,-0.2302962,0.07880162,-0.25167647,3
712749919644352,2024-03-21T19:39:37.163Z,gyroscope sensor uncalibrated,-0.2284636,-0.022602014,-0.19120082,-0.2284636,-0.022602014,-0.19120082,3
712749929644285,2024-03-21T19:39:37.173Z,gyroscope sensor uncalibrated,-0.21502456,-0.08002335,-0.1142318,-0.21502456,-0.08002335,-0.1142318,3
712749939644151,2024-03-21T19:39:37.182Z,gyroscope sensor uncalibrated,-0.17348573,-0.057421334,-0.021991149,-0.17348573,-0.057421334,-0.021991149,3
712749949643951,2024-03-21T19:39:37.192Z,gyroscope sensor uncalibrated,-0.11728613,0.049480084,0.06536258,-0.11728613,0.049480084,0.06536258,3
712749959643751,2024-03-21T19:39:37.203Z,gyroscope sensor uncalibrated,-0.064751714,0.20708331,0.14110987,-0.064751714,0.20708331,0.14110987,3
712749969643484,2024-03-21T19:39:37.213Z,gyroscope sensor uncalibrated,-0.031154128,0.35369098,0.19547687,-0.031154128,0.35369098,0.19547687,3
712749979643150,2024-03-21T19:39:37.222Z,gyroscope sensor uncalibrated,-0.0018325958,0.43982297,0.2406809,-0.0018325958,0.43982297,0.2406809,3
712749989642816,2024-03-21T19:39:37.232Z,gyroscope sensor uncalibrated,0.03481932,0.46120325,0.29077184,0.03481932,0.46120325,0.29077184,3
712749999642416,2024-03-21T19:39:37.242Z,gyroscope sensor uncalibrated,0.06169739,0.44959682,0.35735616,0.06169739,0.44959682,0.35735616,3
712750009641949,2024-03-21T19:39:37.252Z,gyroscope sensor uncalibrated,0.047647487,0.3640757,0.42577308,0.047647487,0.3640757,0.42577308,3
712750019641482,2024-03-21T19:39:37.262Z,gyroscope sensor uncalibrated,-0.026267206,0.118507855,0.4709771,-0.026267206,0.118507855,0.4709771,3
712750029640948,2024-03-21T19:39:37.272Z,gyroscope sensor uncalibrated,-0.119729586,-0.258396,0.4550946,-0.119729586,-0.258396,0.4550946,3
712750039640414,2024-03-21T19:39:37.282Z,gyroscope sensor uncalibrated,-0.13194689,-0.70005155,0.34330627,-0.13194689,-0.70005155,0.34330627,3
712750049639814,2024-03-21T19:39:37.292Z,gyroscope sensor uncalibrated,-0.044593163,-0.6792821,0.31031954,-0.044593163,-0.6792821,0.31031954,3
712750059638880,2024-03-21T19:39:37.303Z,gyroscope sensor uncalibrated,-0.047647487,-0.33169982,0.32803464,-0.047647487,-0.33169982,0.32803464,3
712750069638213,2024-03-21T19:39:37.312Z,gyroscope sensor uncalibrated,-0.13988814,0.08552113,0.30848694,-0.13988814,0.08552113,0.30848694,3
712750079636779,2024-03-21T19:39:37.322Z,gyroscope sensor uncalibrated,-0.29565877,0.21319197,0.13622294,-0.29565877,0.21319197,0.13622294,3
712750089636679,2024-03-21T19:39:37.332Z,gyroscope sensor uncalibrated,-0.28405234,0.19058995,-0.08674286,-0.28405234,0.19058995,-0.08674286,3
712750099636612,2024-03-21T19:39:37.342Z,gyroscope sensor uncalibrated,-0.16310102,0.204029,-0.08368854,-0.16310102,0.204029,-0.08368854,3
712750109636045,2024-03-21T19:39:37.352Z,gyroscope sensor uncalibrated,-0.08735373,0.27366763,0.11484267,-0.08735373,0.27366763,0.11484267,3
712750119635678,2024-03-21T19:39:37.362Z,gyroscope sensor uncalibrated,-0.051923547,0.29626966,0.28893927,-0.051923547,0.29626966,0.28893927,3
712750129634411,2024-03-21T19:39:37.373Z,gyroscope sensor uncalibrated,-0.08368854,0.17104226,0.27000242,-0.08368854,0.17104226,0.27000242,3
712750139633844,2024-03-21T19:39:37.382Z,gyroscope sensor uncalibrated,-0.22296582,-0.047036625,0.04153884,-0.22296582,-0.047036625,0.04153884,3
712750149632877,2024-03-21T19:39:37.393Z,gyroscope sensor uncalibrated,-0.42210788,-0.20586158,-0.3036,-0.42210788,-0.20586158,-0.3036,3
712750159631110,2024-03-21T19:39:37.402Z,gyroscope sensor uncalibrated,-0.57543504,-0.24556783,-0.6407976,-0.57543504,-0.24556783,-0.6407976,3
712750169630010,2024-03-21T19:39:37.413Z,gyroscope sensor uncalibrated,-0.6933321,-0.13561209,-0.9126327,-0.6933321,-0.13561209,-0.9126327,3
712750179628210,2024-03-21T19:39:37.422Z,gyroscope sensor uncalibrated,-0.7984009,-0.018325957,-1.1044444,-0.7984009,-0.018325957,-1.1044444,3
712750189627043,2024-03-21T19:39:37.432Z,gyroscope sensor uncalibrated,-0.72021013,0.02443461,-1.1239921,-0.72021013,0.02443461,-1.1239921,3
712750199625809,2024-03-21T19:39:37.442Z,gyroscope sensor uncalibrated,-0.61636305,0.08735373,-0.97494096,-0.61636305,0.08735373,-0.97494096,3
712750209624609,2024-03-21T19:39:37.453Z,gyroscope sensor uncalibrated,-0.5546656,0.08246681,-0.74220127,-0.5546656,0.08246681,-0.74220127,3
712750219622642,2024-03-21T19:39:37.462Z,gyroscope sensor uncalibrated,-0.49968776,-0.014049901,-0.51923543,-0.49968776,-0.014049901,-0.51923543,3
712750229621308,2024-03-21T19:39:37.473Z,gyroscope sensor uncalibrated,-0.43188173,-0.14782938,-0.34513888,-0.43188173,-0.14782938,-0.34513888,3
712750239620041,2024-03-21T19:39:37.482Z,gyroscope sensor uncalibrated,-0.3921755,-0.26939157,-0.22907446,-0.3921755,-0.26939157,-0.22907446,3
712750249618807,2024-03-21T19:39:37.493Z,gyroscope sensor uncalibrated,-0.4196644,-0.42760566,-0.16676621,-0.4196644,-0.42760566,-0.16676621,3
712750259617573,2024-03-21T19:39:37.502Z,gyroscope sensor uncalibrated,-0.4746423,-0.5161811,-0.19058995,-0.4746423,-0.5161811,-0.19058995,3
712750269618339,2024-03-21T19:39:37.512Z,gyroscope sensor uncalibrated,-0.5381723,-0.58459806,-0.25717425,-0.5381723,-0.58459806,-0.25717425,3
712750279617105,2024-03-21T19:39:37.523Z,gyroscope sensor uncalibrated,-0.56505036,-0.6267477,-0.33169982,-0.56505036,-0.6267477,-0.33169982,3
712750289615438,2024-03-21T19:39:37.533Z,gyroscope sensor uncalibrated,-0.54244834,-0.65301496,-0.3866777,-0.54244834,-0.65301496,-0.3866777,3
712750299614204,2024-03-21T19:39:37.542Z,gyroscope sensor uncalibrated,-0.48258355,-0.657291,-0.3903429,-0.48258355,-0.657291,-0.3903429,3
712750309612637,2024-03-21T19:39:37.552Z,gyroscope sensor uncalibrated,-0.39278635,-0.62858033,-0.37507126,-0.39278635,-0.62858033,-0.37507126,3
712750319611403,2024-03-21T19:39:37.562Z,gyroscope sensor uncalibrated,-0.2950479,-0.57360244,-0.344528,-0.2950479,-0.57360244,-0.344528,3
712750329610169,2024-03-21T19:39:37.573Z,gyroscope sensor uncalibrated,-0.19730948,-0.48747048,-0.2864958,-0.19730948,-0.48747048,-0.2864958,3
712750339608869,2024-03-21T19:39:37.582Z,gyroscope sensor uncalibrated,-0.11362094,-0.35613444,-0.20280726,-0.11362094,-0.35613444,-0.20280726,3
712750349607635,2024-03-21T19:39:37.592Z,gyroscope sensor uncalibrated,-0.047036625,-0.18387043,-0.09040806,-0.047036625,-0.18387043,-0.09040806,3
712750359606401,2024-03-21T19:39:37.603Z,gyroscope sensor uncalibrated,-0.0036651916,0.010995574,0.009162978,-0.0036651916,0.010995574,0.009162978,3
712750369605101,2024-03-21T19:39:37.612Z,gyroscope sensor uncalibrated,0.03848451,0.21013765,0.040927973,0.03848451,0.21013765,0.040927973,3
712750379603867,2024-03-21T19:39:37.622Z,gyroscope sensor uncalibrated,0.07696902,0.40133846,0.042760566,0.07696902,0.40133846,0.042760566,3
712750389602633,2024-03-21T19:39:37.633Z,gyroscope sensor uncalibrated,0.09590584,0.5564982,0.054367006,0.09590584,0.5564982,0.054367006,3
712750399601399,2024-03-21T19:39:37.642Z,gyroscope sensor uncalibrated,0.1142318,0.64751714,0.062308256,0.1142318,0.64751714,0.062308256,3
712750409600165,2024-03-21T19:39:37.653Z,gyroscope sensor uncalibrated,0.14844026,0.6579019,0.07086037,0.14844026,0.6579019,0.07086037,3
712750419598231,2024-03-21T19:39:37.662Z,gyroscope sensor uncalibrated,0.18081611,0.5870415,0.10323623,0.18081611,0.5870415,0.10323623,3
712750429596764,2024-03-21T19:39:37.673Z,gyroscope sensor uncalibrated,0.20341812,0.46181414,0.15515977,0.20341812,0.46181414,0.15515977,3
712750439595530,2024-03-21T19:39:37.683Z,gyroscope sensor uncalibrated,0.23090707,0.3145956,0.21197024,0.23090707,0.3145956,0.21197024,3
712750449594630,2024-03-21T19:39:37.692Z,gyroscope sensor uncalibrated,0.2687807,0.1826487,0.2669481,0.2687807,0.1826487,0.2669481,3
712750459594096,2024-03-21T19:39:37.702Z,gyroscope sensor uncalibrated,0.30848694,0.09712757,0.3109304,0.30848694,0.09712757,0.3109304,3
712750469592862,2024-03-21T19:39:37.713Z,gyroscope sensor uncalibrated,0.35002577,0.058643065,0.3463606,0.35002577,0.058643065,0.3463606,3
712750479592262,2024-03-21T19:39:37.723Z,gyroscope sensor uncalibrated,0.38362336,0.096516706,0.3408628,0.38362336,0.096516706,0.3408628,3
712750489590095,2024-03-21T19:39:37.732Z,gyroscope sensor uncalibrated,0.43799037,0.13805555,0.31887165,0.43799037,0.13805555,0.31887165,3
712750499588428,2024-03-21T19:39:37.742Z,gyroscope sensor uncalibrated,0.43982297,0.1337795,0.28405234,0.43982297,0.1337795,0.28405234,3
712750509587194,2024-03-21T19:39:37.752Z,gyroscope sensor uncalibrated,0.3408628,0.06291912,0.22357668,0.3408628,0.06291912,0.22357668,3
712750519586660,2024-03-21T19:39:37.763Z,gyroscope sensor uncalibrated,0.21197024,-0.040317107,0.10934488,0.21197024,-0.040317107,0.10934488,3
712750529585426,2024-03-21T19:39:37.773Z,gyroscope sensor uncalibrated,0.124005646,-0.13439035,-0.051923547,0.124005646,-0.13439035,-0.051923547,3
712750539583759,2024-03-21T19:39:37.783Z,gyroscope sensor uncalibrated,0.069027774,-0.23396139,-0.2180789,0.069027774,-0.23396139,-0.2180789,3
712750549581792,2024-03-21T19:39:37.792Z,gyroscope sensor uncalibrated,0.012217305,-0.35796702,-0.344528,0.012217305,-0.35796702,-0.344528,3
712750559579758,2024-03-21T19:39:37.802Z,gyroscope sensor uncalibrated,-0.051923547,-0.48747048,-0.41172317,-0.051923547,-0.48747048,-0.41172317,3
712750569575791,2024-03-21T19:39:37.813Z,gyroscope sensor uncalibrated,-0.07696902,-0.56382865,-0.41233405,-0.07696902,-0.56382865,-0.41233405,3
712750579573824,2024-03-21T19:39:37.822Z,gyroscope sensor uncalibrated,-0.045814894,-0.5546656,-0.36041048,-0.045814894,-0.5546656,-0.36041048,3
712750589572924,2024-03-21T19:39:37.832Z,gyroscope sensor uncalibrated,0.014049901,-0.36835176,-0.3036,0.014049901,-0.36835176,-0.3036,3
712750599571657,2024-03-21T19:39:37.843Z,gyroscope sensor uncalibrated,0.124005646,0.013439035,-0.2779437,0.124005646,0.013439035,-0.2779437,3
712750609570723,2024-03-21T19:39:37.852Z,gyroscope sensor uncalibrated,0.2565634,0.33353242,-0.2510656,0.2565634,0.33353242,-0.2510656,3
712750619569389,2024-03-21T19:39:37.862Z,gyroscope sensor uncalibrated,0.30176744,0.23335053,-0.16676621,0.30176744,0.23335053,-0.16676621,3
712750629568122,2024-03-21T19:39:37.873Z,gyroscope sensor uncalibrated,0.27488935,0.048258353,-0.09285152,0.27488935,0.048258353,-0.09285152,3
712750639566855,2024-03-21T19:39:37.883Z,gyroscope sensor uncalibrated,0.16126843,-0.010995574,-0.105068825,0.16126843,-0.010995574,-0.105068825,3
712750649565588,2024-03-21T19:39:37.892Z,gyroscope sensor uncalibrated,0.02321288,0.065973446,-0.16249016,0.02321288,0.065973446,-0.16249016,3
712750659564354,2024-03-21T19:39:37.903Z,gyroscope sensor uncalibrated,-0.073303826,0.19242255,-0.22113322,-0.073303826,0.19242255,-0.22113322,3
712750669563120,2024-03-21T19:39:37.912Z,gyroscope sensor uncalibrated,-0.07574729,0.28588495,-0.18203785,-0.07574729,0.28588495,-0.18203785,3
712750679561886,2024-03-21T19:39:37.923Z,gyroscope sensor uncalibrated,0.18570304,0.30726522,-0.023823744,0.18570304,0.30726522,-0.023823744,3
712750689560652,2024-03-21T19:39:37.933Z,gyroscope sensor uncalibrated,0.40133846,0.2779437,0.172264,0.40133846,0.2779437,0.172264,3
712750699559352,2024-03-21T19:39:37.942Z,gyroscope sensor uncalibrated,0.47952923,0.23762658,0.39828414,0.47952923,0.23762658,0.39828414,3
712750709558118,2024-03-21T19:39:37.953Z,gyroscope sensor uncalibrated,0.50762904,0.25167647,0.5626069,0.50762904,0.25167647,0.5626069,3
712750719557318,2024-03-21T19:39:37.963Z,gyroscope sensor uncalibrated,0.5699373,0.31887165,0.6365216,0.5699373,0.31887165,0.6365216,3
712750729556951,2024-03-21T19:39:37.973Z,gyroscope sensor uncalibrated,0.57726765,0.38240165,0.70921457,0.57726765,0.38240165,0.70921457,3
712750739555717,2024-03-21T19:39:37.982Z,gyroscope sensor uncalibrated,0.54428095,0.40439278,0.7483099,0.54428095,0.40439278,0.7483099,3
712750749554483,2024-03-21T19:39:37.993Z,gyroscope sensor uncalibrated,0.48502702,0.38728857,0.7263188,0.48502702,0.38728857,0.7263188,3
712750759553249,2024-03-21T19:39:38.003Z,gyroscope sensor uncalibrated,0.3622431,0.32070425,0.643852,0.3622431,0.32070425,0.643852,3
712750769552082,2024-03-21T19:39:38.013Z,gyroscope sensor uncalibrated,0.18081611,0.1881465,0.49846604,0.18081611,0.1881465,0.49846604,3
712750779550148,2024-03-21T19:39:38.023Z,gyroscope sensor uncalibrated,-0.00061086525,0.018936822,0.32436943,-0.00061086525,0.018936822,0.32436943,3
712750789549848,2024-03-21T19:39:38.033Z,gyroscope sensor uncalibrated,-0.15027285,-0.13561209,0.16554448,-0.15027285,-0.13561209,0.16554448,3
712750799549048,2024-03-21T19:39:38.042Z,gyroscope sensor uncalibrated,-0.18753563,-0.25778514,0.040927973,-0.18753563,-0.25778514,0.040927973,3
712750809547748,2024-03-21T19:39:38.052Z,gyroscope sensor uncalibrated,-0.108123146,-0.33475417,-0.02321288,-0.108123146,-0.33475417,-0.02321288,3
712750819546514,2024-03-21T19:39:38.063Z,gyroscope sensor uncalibrated,0.08674286,-0.36835176,0.027488936,0.08674286,-0.36835176,0.027488936,3
712750829545280,2024-03-21T19:39:38.072Z,gyroscope sensor uncalibrated,0.19425514,-0.27488935,0.13927728,0.19425514,-0.27488935,0.13927728,3
712750839544413,2024-03-21T19:39:38.083Z,gyroscope sensor uncalibrated,0.16249016,-0.116675265,0.23640485,0.16249016,-0.116675265,0.23640485,3
712750849543879,2024-03-21T19:39:38.093Z,gyroscope sensor uncalibrated,0.12767084,0.06169739,0.2687807,0.12767084,0.06169739,0.2687807,3
712750859542645,2024-03-21T19:39:38.102Z,gyroscope sensor uncalibrated,0.084910266,0.25900686,0.25778514,0.084910266,0.25900686,0.25778514,3
712750869542045,2024-03-21T19:39:38.113Z,gyroscope sensor uncalibrated,-0.01282817,0.462425,0.23762658,-0.01282817,0.462425,0.23762658,3
712750879541511,2024-03-21T19:39:38.123Z,gyroscope sensor uncalibrated,-0.112399206,0.6591236,0.21746802,-0.112399206,0.6591236,0.21746802,3
712750889540277,2024-03-21T19:39:38.132Z,gyroscope sensor uncalibrated,-0.18081611,0.87964594,0.16615535,-0.18081611,0.87964594,0.16615535,3
712750899539043,2024-03-21T19:39:38.143Z,gyroscope sensor uncalibrated,-0.19792034,0.93767816,0.112399206,-0.19792034,0.93767816,0.112399206,3
712750909537809,2024-03-21T19:39:38.153Z,gyroscope sensor uncalibrated,-0.21502456,0.9224065,0.056199603,-0.21502456,0.9224065,0.056199603,3
712750919536575,2024-03-21T19:39:38.162Z,gyroscope sensor uncalibrated,-0.22418754,0.84665924,-0.00061086525,-0.22418754,0.84665924,-0.00061086525,3
712750929534975,2024-03-21T19:39:38.173Z,gyroscope sensor uncalibrated,-0.2321288,0.7244862,-0.04520403,-0.2321288,0.7244862,-0.04520403,3
712750939533775,2024-03-21T19:39:38.183Z,gyroscope sensor uncalibrated,-0.23701571,0.5662721,-0.07880162,-0.23701571,0.5662721,-0.07880162,3
712750949532608,2024-03-21T19:39:38.192Z,gyroscope sensor uncalibrated,-0.23884831,0.3811799,-0.10140363,-0.23884831,0.3811799,-0.10140363,3
712750959531474,2024-03-21T19:39:38.202Z,gyroscope sensor uncalibrated,-0.24740042,0.20341812,-0.112399206,-0.24740042,0.20341812,-0.112399206,3
712750969530407,2024-03-21T19:39:38.212Z,gyroscope sensor uncalibrated,-0.26450464,0.070249505,-0.1142318,-0.26450464,0.070249505,-0.1142318,3
712750979529307,2024-03-21T19:39:38.222Z,gyroscope sensor uncalibrated,-0.2669481,0.0012217305,-0.11301007,-0.2669481,0.0012217305,-0.11301007,3
712750989528273,2024-03-21T19:39:38.233Z,gyroscope sensor uncalibrated,-0.26145032,-0.028710667,-0.099571034,-0.26145032,-0.028710667,-0.099571034,3
712750999527273,2024-03-21T19:39:38.243Z,gyroscope sensor uncalibrated,-0.25595254,-0.050701816,-0.08002335,-0.25595254,-0.050701816,-0.08002335,3
712751009526273,2024-03-21T19:39:38.252Z,gyroscope sensor uncalibrated,-0.22785273,-0.087964594,-0.049480084,-0.22785273,-0.087964594,-0.049480084,3
712751019525339,2024-03-21T19:39:38.263Z,gyroscope sensor uncalibrated,-0.18325958,-0.15210545,-0.007941248,-0.18325958,-0.15210545,-0.007941248,3
712751029524405,2024-03-21T19:39:38.273Z,gyroscope sensor uncalibrated,-0.12705997,-0.23945917,0.04886922,-0.12705997,-0.23945917,0.04886922,3
712751039523471,2024-03-21T19:39:38.283Z,gyroscope sensor uncalibrated,-0.05681047,-0.31581733,0.13194689,-0.05681047,-0.31581733,0.13194689,3
712751049522537,2024-03-21T19:39:38.293Z,gyroscope sensor uncalibrated,0.043982297,-0.3182608,0.24862215,0.043982297,-0.3182608,0.24862215,3
712751059521537,2024-03-21T19:39:38.302Z,gyroscope sensor uncalibrated,0.1459968,-0.2724459,0.39645153,0.1459968,-0.2724459,0.39645153,3
712751069520537,2024-03-21T19:39:38.313Z,gyroscope sensor uncalibrated,0.21624629,-0.28405234,0.5479461,0.21624629,-0.28405234,0.5479461,3
712751079520303,2024-03-21T19:39:38.323Z,gyroscope sensor uncalibrated,0.2302962,-0.42210788,0.64873886,0.2302962,-0.42210788,0.64873886,3
712751089519303,2024-03-21T19:39:38.333Z,gyroscope sensor uncalibrated,0.16676621,-0.5558874,0.6591236,0.16676621,-0.5558874,0.6591236,3
712751099518369,2024-03-21T19:39:38.343Z,gyroscope sensor uncalibrated,0.07574729,-0.54611355,0.535118,0.07574729,-0.54611355,0.535118,3
712751109517435,2024-03-21T19:39:38.352Z,gyroscope sensor uncalibrated,0.009162978,-0.3200934,0.40439278,0.009162978,-0.3200934,0.40439278,3
712751119516435,2024-03-21T19:39:38.362Z,gyroscope sensor uncalibrated,-0.09040806,0.08307768,0.27122417,-0.09040806,0.08307768,0.27122417,3
712751129515501,2024-03-21T19:39:38.373Z,gyroscope sensor uncalibrated,-0.25717425,0.40011674,0.18020524,-0.25717425,0.40011674,0.18020524,3
712751139514567,2024-03-21T19:39:38.382Z,gyroscope sensor uncalibrated,-0.46792278,0.42760566,0.12034045,-0.46792278,0.42760566,0.12034045,3
712751149513367,2024-03-21T19:39:38.393Z,gyroscope sensor uncalibrated,-0.548557,0.32253686,0.069027774,-0.548557,0.32253686,0.069027774,3
712751159513133,2024-03-21T19:39:38.402Z,gyroscope sensor uncalibrated,-0.48441613,0.30298916,0.056199603,-0.48441613,0.30298916,0.056199603,3
712751169512199,2024-03-21T19:39:38.413Z,gyroscope sensor uncalibrated,-0.3555236,0.34574974,0.096516706,-0.3555236,0.34574974,0.096516706,3
712751179511265,2024-03-21T19:39:38.422Z,gyroscope sensor uncalibrated,-0.26389378,0.3817908,0.16615535,-0.26389378,0.3817908,0.16615535,3
712751189510498,2024-03-21T19:39:38.433Z,gyroscope sensor uncalibrated,-0.24495697,0.34025195,0.204029,-0.24495697,0.34025195,0.204029,3
712751199508798,2024-03-21T19:39:38.443Z,gyroscope sensor uncalibrated,-0.22296582,0.22724187,0.18203785,-0.22296582,0.22724187,0.18203785,3
712751209507864,2024-03-21T19:39:38.452Z,gyroscope sensor uncalibrated,-0.16676621,0.10140363,0.13072516,-0.16676621,0.10140363,0.13072516,3
712751219506230,2024-03-21T19:39:38.462Z,gyroscope sensor uncalibrated,-0.12339478,0.010995574,0.065973446,-0.12339478,0.010995574,0.065973446,3
712751229505596,2024-03-21T19:39:38.473Z,gyroscope sensor uncalibrated,-0.14905111,-0.01282817,-0.047647487,-0.14905111,-0.01282817,-0.047647487,3
712751239504629,2024-03-21T19:39:38.482Z,gyroscope sensor uncalibrated,-0.27305678,-0.015271631,-0.20830505,-0.27305678,-0.015271631,-0.20830505,3
712751249503562,2024-03-21T19:39:38.492Z,gyroscope sensor uncalibrated,-0.4392121,-0.035430185,-0.35185838,-0.4392121,-0.035430185,-0.35185838,3
712751259502495,2024-03-21T19:39:38.502Z,gyroscope sensor uncalibrated,-0.571159,-0.10323623,-0.43004912,-0.571159,-0.10323623,-0.43004912,3
712751269501361,2024-03-21T19:39:38.512Z,gyroscope sensor uncalibrated,-0.6218608,-0.20830505,-0.43799037,-0.6218608,-0.20830505,-0.43799037,3
712751279499494,2024-03-21T19:39:38.522Z,gyroscope sensor uncalibrated,-0.5681047,-0.36102137,-0.40561453,-0.5681047,-0.36102137,-0.40561453,3
712751289498327,2024-03-21T19:39:38.532Z,gyroscope sensor uncalibrated,-0.46181414,-0.5314528,-0.35124752,-0.46181414,-0.5314528,-0.35124752,3
712751299497127,2024-03-21T19:39:38.542Z,gyroscope sensor uncalibrated,-0.38728857,-0.68416905,-0.2773328,-0.38728857,-0.68416905,-0.2773328,3
712751309495860,2024-03-21T19:39:38.552Z,gyroscope sensor uncalibrated,-0.3555236,-0.8051204,-0.24373524,-0.3555236,-0.8051204,-0.24373524,3
712751319494593,2024-03-21T19:39:38.562Z,gyroscope sensor uncalibrated,-0.33658674,-0.9401216,-0.3213151,-0.33658674,-0.9401216,-0.3213151,3
712751329493326,2024-03-21T19:39:38.572Z,gyroscope sensor uncalibrated,-0.26511553,-0.9578367,-0.3726278,-0.26511553,-0.9578367,-0.3726278,3
712751339491992,2024-03-21T19:39:38.583Z,gyroscope sensor uncalibrated,-0.22724187,-0.8906415,-0.39461896,-0.22724187,-0.8906415,-0.39461896,3
712751349490725,2024-03-21T19:39:38.593Z,gyroscope sensor uncalibrated,-0.22235495,-0.7733554,-0.39278635,-0.22235495,-0.7733554,-0.39278635,3
712751359488758,2024-03-21T19:39:38.602Z,gyroscope sensor uncalibrated,-0.16920967,-0.6426302,-0.37751472,-0.16920967,-0.6426302,-0.37751472,3
712751369487458,2024-03-21T19:39:38.612Z,gyroscope sensor uncalibrated,-0.07696902,-0.5015204,-0.3408628,-0.07696902,-0.5015204,-0.3408628,3
712751379486224,2024-03-21T19:39:38.623Z,gyroscope sensor uncalibrated,0.0018325958,-0.36041048,-0.2864958,0.0018325958,-0.36041048,-0.2864958,3
712751389484990,2024-03-21T19:39:38.633Z,gyroscope sensor uncalibrated,0.059253927,-0.22357668,-0.22052236,0.059253927,-0.22357668,-0.22052236,3
712751399483756,2024-03-21T19:39:38.642Z,gyroscope sensor uncalibrated,0.116675265,-0.10262536,-0.15454891,0.116675265,-0.10262536,-0.15454891,3
712751409482522,2024-03-21T19:39:38.653Z,gyroscope sensor uncalibrated,0.16554448,0.018936822,-0.09896017,0.16554448,0.018936822,-0.09896017,3
712751419480588,2024-03-21T19:39:38.662Z,gyroscope sensor uncalibrated,0.19486602,0.14966199,-0.053145275,0.19486602,0.14966199,-0.053145275,3
712751429479354,2024-03-21T19:39:38.673Z,gyroscope sensor uncalibrated,0.20341812,0.2828306,-0.02443461,0.20341812,0.2828306,-0.02443461,3
712751439478120,2024-03-21T19:39:38.683Z,gyroscope sensor uncalibrated,0.19058995,0.40500367,-0.01160644,0.19058995,0.40500367,-0.01160644,3
712751449477086,2024-03-21T19:39:38.693Z,gyroscope sensor uncalibrated,0.15454891,0.50701815,-0.01160644,0.15454891,0.50701815,-0.01160644,3
712751459475152,2024-03-21T19:39:38.703Z,gyroscope sensor uncalibrated,0.09896017,0.5748242,-0.018325957,0.09896017,0.5748242,-0.018325957,3
712751469473918,2024-03-21T19:39:38.713Z,gyroscope sensor uncalibrated,0.036651913,0.60048056,-0.031154128,0.036651913,0.60048056,-0.031154128,3
712751479472618,2024-03-21T19:39:38.722Z,gyroscope sensor uncalibrated,-0.01282817,0.5699373,-0.047647487,-0.01282817,0.5699373,-0.047647487,3
712751489471218,2024-03-21T19:39:38.733Z,gyroscope sensor uncalibrated,-0.04153884,0.4868596,-0.04886922,-0.04153884,0.4868596,-0.04886922,3
712751499470684,2024-03-21T19:39:38.743Z,gyroscope sensor uncalibrated,-0.04520403,0.36835176,-0.034208454,-0.04520403,0.36835176,-0.034208454,3
712751509469450,2024-03-21T19:39:38.753Z,gyroscope sensor uncalibrated,-0.029321533,0.23640485,-0.0012217305,-0.029321533,0.23640485,-0.0012217305,3
712751519468916,2024-03-21T19:39:38.763Z,gyroscope sensor uncalibrated,-0.0036651916,0.118507855,0.02565634,-0.0036651916,0.118507855,0.02565634,3
712751529467682,2024-03-21T19:39:38.773Z,gyroscope sensor uncalibrated,0.043982297,0.017104227,0.01038471,0.043982297,0.017104227,0.01038471,3
712751539466448,2024-03-21T19:39:38.782Z,gyroscope sensor uncalibrated,0.08857546,0.048258353,-0.017104227,0.08857546,0.048258353,-0.017104227,3
712751549465214,2024-03-21T19:39:38.793Z,gyroscope sensor uncalibrated,0.13255776,0.115453534,-0.0030543262,0.13255776,0.115453534,-0.0030543262,3
712751559463914,2024-03-21T19:39:38.803Z,gyroscope sensor uncalibrated,0.16493362,0.08124508,0.03848451,0.16493362,0.08124508,0.03848451,3
712751569462680,2024-03-21T19:39:38.813Z,gyroscope sensor uncalibrated,0.15210545,0.0012217305,0.06719518,0.15210545,0.0012217305,0.06719518,3
712751579462146,2024-03-21T19:39:38.822Z,gyroscope sensor uncalibrated,0.09285152,-0.005497787,0.021380283,0.09285152,-0.005497787,0.021380283,3
712751589460846,2024-03-21T19:39:38.832Z,gyroscope sensor uncalibrated,0.005497787,0.01160644,-0.13316862,0.005497787,0.01160644,-0.13316862,3
712751599458912,2024-03-21T19:39:38.842Z,gyroscope sensor uncalibrated,-0.089186326,-0.010995574,-0.36102137,-0.089186326,-0.010995574,-0.36102137,3
712751609457678,2024-03-21T19:39:38.853Z,gyroscope sensor uncalibrated,-0.18509217,-0.1282817,-0.5693264,-0.18509217,-0.1282817,-0.5693264,3
712751619455678,2024-03-21T19:39:38.862Z,gyroscope sensor uncalibrated,-0.2706133,-0.33964106,-0.6933321,-0.2706133,-0.33964106,-0.6933321,3
712751629454444,2024-03-21T19:39:38.873Z,gyroscope sensor uncalibrated,-0.28588495,-0.5216789,-0.7263188,-0.28588495,-0.5216789,-0.7263188,3
712751639453210,2024-03-21T19:39:38.883Z,gyroscope sensor uncalibrated,-0.19608775,-0.57604593,-0.698219,-0.19608775,-0.57604593,-0.698219,3
712751649451976,2024-03-21T19:39:38.893Z,gyroscope sensor uncalibrated,-0.073303826,-0.49418998,-0.63163465,-0.073303826,-0.49418998,-0.63163465,3
712751659451442,2024-03-21T19:39:38.902Z,gyroscope sensor uncalibrated,0.025045475,-0.2406809,-0.5729916,0.025045475,-0.2406809,-0.5729916,3
712751669450175,2024-03-21T19:39:38.912Z,gyroscope sensor uncalibrated,0.14538592,0.1301143,-0.5558874,0.14538592,0.1301143,-0.5558874,3
712751679448908,2024-03-21T19:39:38.922Z,gyroscope sensor uncalibrated,0.2706133,0.25595254,-0.49663344,0.2706133,0.25595254,-0.49663344,3
712751689447641,2024-03-21T19:39:38.933Z,gyroscope sensor uncalibrated,0.35308012,0.0421497,-0.36713,0.35308012,0.0421497,-0.36713,3
712751699446307,2024-03-21T19:39:38.943Z,gyroscope sensor uncalibrated,0.3652974,-0.16310102,-0.24251351,0.3652974,-0.16310102,-0.24251351,3
712751709445040,2024-03-21T19:39:38.952Z,gyroscope sensor uncalibrated,0.3231477,-0.17898351,-0.1966986,0.3231477,-0.17898351,-0.1966986,3
712751719444473,2024-03-21T19:39:38.962Z,gyroscope sensor uncalibrated,0.2742785,-0.030543262,-0.24129178,0.2742785,-0.030543262,-0.24129178,3
712751729443139,2024-03-21T19:39:38.972Z,gyroscope sensor uncalibrated,0.23762658,0.12522738,-0.31031954,0.23762658,0.12522738,-0.31031954,3
712751739441872,2024-03-21T19:39:38.983Z,gyroscope sensor uncalibrated,0.25961772,0.23090707,-0.3042109,0.25961772,0.23090707,-0.3042109,3
712751749440605,2024-03-21T19:39:38.992Z,gyroscope sensor uncalibrated,0.42271876,0.16982053,-0.1459968,0.42271876,0.16982053,-0.1459968,3
712751759440038,2024-03-21T19:39:39.003Z,gyroscope sensor uncalibrated,0.5320636,0.10262536,0.02565634,0.5320636,0.10262536,0.02565634,3
712751769438771,2024-03-21T19:39:39.012Z,gyroscope sensor uncalibrated,0.5919284,0.13255776,0.19975294,0.5919284,0.13255776,0.19975294,3
712751779437504,2024-03-21T19:39:39.022Z,gyroscope sensor uncalibrated,0.6450737,0.19242255,0.3304781,0.6450737,0.19242255,0.3304781,3
712751789436237,2024-03-21T19:39:39.033Z,gyroscope sensor uncalibrated,0.63163465,0.19181168,0.43066,0.63163465,0.19181168,0.43066,3
712751799435003,2024-03-21T19:39:39.043Z,gyroscope sensor uncalibrated,0.5571091,0.08307768,0.50701815,0.5571091,0.08307768,0.50701815,3
712751809433003,2024-03-21T19:39:39.053Z,gyroscope sensor uncalibrated,0.5002986,-0.06536258,0.5338962,0.5002986,-0.06536258,0.5338962,3
712751819431769,2024-03-21T19:39:39.063Z,gyroscope sensor uncalibrated,0.44348818,-0.2125811,0.49968776,0.44348818,-0.2125811,0.49968776,3
712751829430535,2024-03-21T19:39:39.072Z,gyroscope sensor uncalibrated,0.33169982,-0.33414328,0.39522982,0.33169982,-0.33414328,0.39522982,3
712751839429235,2024-03-21T19:39:39.082Z,gyroscope sensor uncalibrated,0.18081611,-0.45448375,0.25717425,0.18081611,-0.45448375,0.25717425,3
712751849428001,2024-03-21T19:39:39.092Z,gyroscope sensor uncalibrated,0.043982297,-0.53878313,0.11789699,0.043982297,-0.53878313,0.11789699,3
712751859426767,2024-03-21T19:39:39.102Z,gyroscope sensor uncalibrated,-0.081855945,-0.5729916,0.021991149,-0.081855945,-0.5729916,0.021991149,3
712751869425467,2024-03-21T19:39:39.113Z,gyroscope sensor uncalibrated,-0.16676621,-0.5870415,-0.04153884,-0.16676621,-0.5870415,-0.04153884,3
712751879424233,2024-03-21T19:39:39.123Z,gyroscope sensor uncalibrated,-0.07574729,-0.589485,-0.06291912,-0.07574729,-0.589485,-0.06291912,3
712751889422999,2024-03-21T19:39:39.132Z,gyroscope sensor uncalibrated,0.027488936,-0.46181414,0.007330383,0.027488936,-0.46181414,0.007330383,3
712751899422465,2024-03-21T19:39:39.143Z,gyroscope sensor uncalibrated,-0.03604105,-0.28588495,0.11484267,-0.03604105,-0.28588495,0.11484267,3
712751909421231,2024-03-21T19:39:39.153Z,gyroscope sensor uncalibrated,-0.093462385,-0.11301007,0.18570304,-0.093462385,-0.11301007,0.18570304,3
712751919420697,2024-03-21T19:39:39.163Z,gyroscope sensor uncalibrated,-0.108123146,0.039095376,0.20280726,-0.108123146,0.039095376,0.20280726,3
712751929419463,2024-03-21T19:39:39.173Z,gyroscope sensor uncalibrated,-0.14172074,0.16493362,0.19181168,-0.14172074,0.16493362,0.19181168,3
712751939418229,2024-03-21T19:39:39.182Z,gyroscope sensor uncalibrated,-0.19364429,0.26206118,0.17715092,-0.19364429,0.26206118,0.17715092,3
712751949416929,2024-03-21T19:39:39.193Z,gyroscope sensor uncalibrated,-0.22907446,0.3231477,0.14966199,-0.22907446,0.3231477,0.14966199,3
712751959415695,2024-03-21T19:39:39.202Z,gyroscope sensor uncalibrated,-0.25778514,0.36102137,0.084910266,-0.25778514,0.36102137,0.084910266,3
712751969414461,2024-03-21T19:39:39.212Z,gyroscope sensor uncalibrated,-0.2828306,0.35613444,0.02687807,-0.2828306,0.35613444,0.02687807,3
712751979413161,2024-03-21T19:39:39.223Z,gyroscope sensor uncalibrated,-0.29810223,0.34147367,-0.030543262,-0.29810223,0.34147367,-0.030543262,3
712751989411927,2024-03-21T19:39:39.232Z,gyroscope sensor uncalibrated,-0.30115658,0.3182608,-0.084910266,-0.30115658,0.3182608,-0.084910266,3
712751999410693,2024-03-21T19:39:39.243Z,gyroscope sensor uncalibrated,-0.29260445,0.2846632,-0.12583824,-0.29260445,0.2846632,-0.12583824,3
712752009409459,2024-03-21T19:39:39.253Z,gyroscope sensor uncalibrated,-0.2669481,0.2657264,-0.14355333,-0.2669481,0.2657264,-0.14355333,3
712752019408225,2024-03-21T19:39:39.263Z,gyroscope sensor uncalibrated,-0.23518312,0.22418754,-0.12705997,-0.23518312,0.22418754,-0.12705997,3
712752029407891,2024-03-21T19:39:39.273Z,gyroscope sensor uncalibrated,-0.20280726,0.105068825,-0.081855945,-0.20280726,0.105068825,-0.081855945,3
712752039406691,2024-03-21T19:39:39.283Z,gyroscope sensor uncalibrated,-0.19547687,-0.016493361,-0.05009095,-0.19547687,-0.016493361,-0.05009095,3
712752049405524,2024-03-21T19:39:39.292Z,gyroscope sensor uncalibrated,-0.21197024,-0.07452556,-0.053145275,-0.21197024,-0.07452556,-0.053145275,3
712752059404357,2024-03-21T19:39:39.302Z,gyroscope sensor uncalibrated,-0.22479841,-0.080634214,-0.06719518,-0.22479841,-0.080634214,-0.06719518,3
712752069403257,2024-03-21T19:39:39.312Z,gyroscope sensor uncalibrated,-0.21135938,-0.047036625,-0.07147124,-0.21135938,-0.047036625,-0.07147124,3
712752079402157,2024-03-21T19:39:39.322Z,gyroscope sensor uncalibrated,-0.18203785,-0.0018325958,-0.039095376,-0.18203785,-0.0018325958,-0.039095376,3
712752089400990,2024-03-21T19:39:39.333Z,gyroscope sensor uncalibrated,-0.15699236,0.03481932,0.016493361,-0.15699236,0.03481932,0.016493361,3
712752099399856,2024-03-21T19:39:39.343Z,gyroscope sensor uncalibrated,-0.11728613,0.059253927,0.064751714,-0.11728613,0.059253927,0.064751714,3
712752109399422,2024-03-21T19:39:39.352Z,gyroscope sensor uncalibrated,-0.035430185,0.062308256,0.108123146,-0.035430185,0.062308256,0.108123146,3
712752119398222,2024-03-21T19:39:39.362Z,gyroscope sensor uncalibrated,0.0580322,0.05497787,0.18753563,0.0580322,0.05497787,0.18753563,3
712752129397088,2024-03-21T19:39:39.372Z,gyroscope sensor uncalibrated,0.13194689,0.030543262,0.34513888,0.13194689,0.030543262,0.34513888,3
712752139395954,2024-03-21T19:39:39.382Z,gyroscope sensor uncalibrated,0.1966986,-0.03848451,0.5357288,0.1966986,-0.03848451,0.5357288,3
712752149394820,2024-03-21T19:39:39.393Z,gyroscope sensor uncalibrated,0.25167647,-0.22479841,0.689056,0.25167647,-0.22479841,0.689056,3
712752159393686,2024-03-21T19:39:39.403Z,gyroscope sensor uncalibrated,0.27855456,-0.5155703,0.7470882,0.27855456,-0.5155703,0.7470882,3
712752169392552,2024-03-21T19:39:39.412Z,gyroscope sensor uncalibrated,0.18997909,-0.8949176,0.64996064,0.18997909,-0.8949176,0.64996064,3
712752179391418,2024-03-21T19:39:39.422Z,gyroscope sensor uncalibrated,0.077579886,-0.95172805,0.46303585,0.077579886,-0.95172805,0.46303585,3
712752189390284,2024-03-21T19:39:39.432Z,gyroscope sensor uncalibrated,-0.06047566,-0.77579886,0.29871312,-0.06047566,-0.77579886,0.29871312,3
712752199389084,2024-03-21T19:39:39.442Z,gyroscope sensor uncalibrated,-0.16737708,-0.38545597,0.22907446,-0.16737708,-0.38545597,0.22907446,3
712752209387950,2024-03-21T19:39:39.452Z,gyroscope sensor uncalibrated,-0.30970868,0.032986723,0.2321288,-0.30970868,0.032986723,0.2321288,3
712752219386816,2024-03-21T19:39:39.463Z,gyroscope sensor uncalibrated,-0.49846604,0.2565634,0.23579398,-0.49846604,0.2565634,0.23579398,3
712752229385616,2024-03-21T19:39:39.472Z,gyroscope sensor uncalibrated,-0.5833763,0.33292156,0.062308256,-0.5833763,0.33292156,0.062308256,3
712752239384482,2024-03-21T19:39:39.483Z,gyroscope sensor uncalibrated,-0.453262,0.39278635,-0.0030543262,-0.453262,0.39278635,-0.0030543262,3
712752249416682,2024-03-21T19:39:39.493Z,gyroscope sensor uncalibrated,-0.22113322,0.43127087,0.15760323,-0.22113322,0.43127087,0.15760323,3
712752259448815,2024-03-21T19:39:39.502Z,gyroscope sensor uncalibrated,0.007330383,0.47158796,0.38973203,0.007330383,0.47158796,0.38973203,3
712752269481015,2024-03-21T19:39:39.512Z,gyroscope sensor uncalibrated,0.19914207,0.4709771,0.548557,0.19914207,0.4709771,0.548557,3
712752279513215,2024-03-21T19:39:39.522Z,gyroscope sensor uncalibrated,0.33841935,0.3866777,0.5888741,0.33841935,0.3866777,0.5888741,3
712752289545415,2024-03-21T19:39:39.533Z,gyroscope sensor uncalibrated,0.38545597,0.29749137,0.50579643,0.38545597,0.29749137,0.50579643,3
712752299577615,2024-03-21T19:39:39.543Z,gyroscope sensor uncalibrated,0.3371976,0.26816985,0.29260445,0.3371976,0.26816985,0.29260445,3
712752309609748,2024-03-21T19:39:39.552Z,gyroscope sensor uncalibrated,0.18020524,0.16432275,0.018325957,0.18020524,0.16432275,0.018325957,3
712752319641948,2024-03-21T19:39:39.562Z,gyroscope sensor uncalibrated,-0.02076942,0.0036651916,-0.20158553,-0.02076942,0.0036651916,-0.20158553,3
712752329673248,2024-03-21T19:39:39.573Z,gyroscope sensor uncalibrated,-0.13805555,-0.17592919,-0.32742378,-0.13805555,-0.17592919,-0.32742378,3
712752339705348,2024-03-21T19:39:39.583Z,gyroscope sensor uncalibrated,-0.09162979,-0.45142943,-0.39278635,-0.09162979,-0.45142943,-0.39278635,3
712752349737481,2024-03-21T19:39:39.592Z,gyroscope sensor uncalibrated,-0.007330383,-0.57726765,-0.3555236,-0.007330383,-0.57726765,-0.3555236,3
712752359769547,2024-03-21T19:39:39.603Z,gyroscope sensor uncalibrated,0.07941248,-0.6731735,-0.26206118,0.07941248,-0.6731735,-0.26206118,3
712752369801547,2024-03-21T19:39:39.612Z,gyroscope sensor uncalibrated,0.12767084,-0.75319684,-0.1301143,0.12767084,-0.75319684,-0.1301143,3
712752379833613,2024-03-21T19:39:39.622Z,gyroscope sensor uncalibrated,0.18875736,-0.86498517,-0.07147124,0.18875736,-0.86498517,-0.07147124,3
712752389865679,2024-03-21T19:39:39.632Z,gyroscope sensor uncalibrated,0.27672195,-0.97127575,-0.09101892,0.27672195,-0.97127575,-0.09101892,3
712752399897679,2024-03-21T19:39:39.643Z,gyroscope sensor uncalibrated,0.30848694,-1.0042624,-0.093462385,0.30848694,-1.0042624,-0.093462385,3
712752409929745,2024-03-21T19:39:39.652Z,gyroscope sensor uncalibrated,0.4288274,-0.95478237,-0.07391469,0.4288274,-0.95478237,-0.07391469,3
712752419961145,2024-03-21T19:39:39.663Z,gyroscope sensor uncalibrated,0.5045747,-0.77824235,-0.030543262,0.5045747,-0.77824235,-0.030543262,3
712752429993245,2024-03-21T19:39:39.672Z,gyroscope sensor uncalibrated,0.5326745,-0.56138515,0.022602014,0.5326745,-0.56138515,0.022602014,3
712752440025345,2024-03-21T19:39:39.684Z,gyroscope sensor uncalibrated,0.60231316,-0.34025195,0.07147124,0.60231316,-0.34025195,0.07147124,3
712752450057378,2024-03-21T19:39:39.694Z,gyroscope sensor uncalibrated,0.7147123,-0.12644911,0.12034045,0.7147123,-0.12644911,0.12034045,3
712752460089478,2024-03-21T19:39:39.704Z,gyroscope sensor uncalibrated,0.8210029,0.049480084,0.17470746,0.8210029,0.049480084,0.17470746,3
712752470122244,2024-03-21T19:39:39.714Z,gyroscope sensor uncalibrated,0.9126327,0.19975294,0.26083946,0.9126327,0.19975294,0.26083946,3
712752480154277,2024-03-21T19:39:39.723Z,gyroscope sensor uncalibrated,0.9682214,0.35430184,0.33841935,0.9682214,0.35430184,0.33841935,3
712752490186377,2024-03-21T19:39:39.733Z,gyroscope sensor uncalibrated,0.9987647,0.48380527,0.4098906,0.9987647,0.48380527,0.4098906,3
712752500218043,2024-03-21T19:39:39.743Z,gyroscope sensor uncalibrated,1.0122037,0.5766568,0.46792278,1.0122037,0.5766568,0.46792278,3
712752510250076,2024-03-21T19:39:39.753Z,gyroscope sensor uncalibrated,0.9963212,0.6377433,0.49235737,0.9963212,0.6377433,0.49235737,3
712752520281476,2024-03-21T19:39:39.763Z,gyroscope sensor uncalibrated,0.94989544,0.66767573,0.47952923,0.94989544,0.66767573,0.47952923,3
712752530313576,2024-03-21T19:39:39.774Z,gyroscope sensor uncalibrated,0.9053023,0.6462954,0.44837508,0.9053023,0.6462954,0.44837508,3
712752540345676,2024-03-21T19:39:39.783Z,gyroscope sensor uncalibrated,0.874759,0.593761,0.4166101,0.874759,0.593761,0.4166101,3
712752550344442,2024-03-21T19:39:39.793Z,gyroscope sensor uncalibrated,0.82527894,0.47647488,0.39278635,0.82527894,0.47647488,0.39278635,3
712752560343208,2024-03-21T19:39:39.803Z,gyroscope sensor uncalibrated,0.80756384,0.38606682,0.3830125,0.80756384,0.38606682,0.3830125,3
712752570341974,2024-03-21T19:39:39.814Z,gyroscope sensor uncalibrated,0.8155051,0.30115658,0.37507126,0.8155051,0.30115658,0.37507126,3
712752580340307,2024-03-21T19:39:39.824Z,gyroscope sensor uncalibrated,0.8313876,0.22479841,0.3652974,0.8313876,0.22479841,0.3652974,3
712752590339007,2024-03-21T19:39:39.833Z,gyroscope sensor uncalibrated,0.84116143,0.16737708,0.36896262,0.84116143,0.16737708,0.36896262,3
712752600337773,2024-03-21T19:39:39.843Z,gyroscope sensor uncalibrated,0.84788096,0.14538592,0.38362336,0.84788096,0.14538592,0.38362336,3
712752610335839,2024-03-21T19:39:39.853Z,gyroscope sensor uncalibrated,0.86376345,0.16982053,0.408058,0.86376345,0.16982053,0.408058,3
712752620334539,2024-03-21T19:39:39.864Z,gyroscope sensor uncalibrated,0.8863655,0.24007004,0.45265114,0.8863655,0.24007004,0.45265114,3
712752630333305,2024-03-21T19:39:39.874Z,gyroscope sensor uncalibrated,0.89552844,0.29138273,0.50579643,0.89552844,0.29138273,0.50579643,3
712752640332071,2024-03-21T19:39:39.884Z,gyroscope sensor uncalibrated,0.8863655,0.2773328,0.5448918,0.8863655,0.2773328,0.5448918,3
712752650330771,2024-03-21T19:39:39.894Z,gyroscope sensor uncalibrated,0.8393288,0.23762658,0.5338962,0.8393288,0.23762658,0.5338962,3
712752660329537,2024-03-21T19:39:39.904Z,gyroscope sensor uncalibrated,0.7348709,0.18509217,0.4428773,0.7348709,0.18509217,0.4428773,3
712752670328303,2024-03-21T19:39:39.913Z,gyroscope sensor uncalibrated,0.5748242,0.116675265,0.27122417,0.5748242,0.116675265,0.27122417,3
712752680327069,2024-03-21T19:39:39.924Z,gyroscope sensor uncalibrated,0.37384954,0.004886922,0.05009095,0.37384954,0.004886922,0.05009095,3
712752690325669,2024-03-21T19:39:39.934Z,gyroscope sensor uncalibrated,0.13133603,-0.1740966,-0.16065755,0.13133603,-0.1740966,-0.16065755,3
712752700324435,2024-03-21T19:39:39.943Z,gyroscope sensor uncalibrated,-0.1020145,-0.42210788,-0.30176744,-0.1020145,-0.42210788,-0.30176744,3
712752710323201,2024-03-21T19:39:39.954Z,gyroscope sensor uncalibrated,-0.23090707,-0.6731735,-0.3555236,-0.23090707,-0.6731735,-0.3555236,3
712752720322634,2024-03-21T19:39:39.964Z,gyroscope sensor uncalibrated,-0.21319197,-0.82711154,-0.32498032,-0.21319197,-0.82711154,-0.32498032,3
712752730321300,2024-03-21T19:39:39.974Z,gyroscope sensor uncalibrated,-0.077579886,-0.83077675,-0.22296582,-0.077579886,-0.83077675,-0.22296582,3
712752740320033,2024-03-21T19:39:39.983Z,gyroscope sensor uncalibrated,0.021991149,-0.6957755,-0.08979719,0.021991149,-0.6957755,-0.08979719,3
712752750318766,2024-03-21T19:39:39.993Z,gyroscope sensor uncalibrated,0.055588737,-0.40744713,0.004276057,0.055588737,-0.40744713,0.004276057,3
712752760317432,2024-03-21T19:39:40.003Z,gyroscope sensor uncalibrated,0.14355333,-0.14721853,0.02321288,0.14355333,-0.14721853,0.02321288,3
712752770315498,2024-03-21T19:39:40.013Z,gyroscope sensor uncalibrated,0.23090707,-0.36957347,-0.020158553,0.23090707,-0.36957347,-0.020158553,3
712752780314231,2024-03-21T19:39:40.024Z,gyroscope sensor uncalibrated,0.17104226,-0.5131268,-0.080634214,0.17104226,-0.5131268,-0.080634214,3
712752790312964,2024-03-21T19:39:40.033Z,gyroscope sensor uncalibrated,0.03481932,-0.3268129,-0.17959438,0.03481932,-0.3268129,-0.17959438,3
712752800312130,2024-03-21T19:39:40.043Z,gyroscope sensor uncalibrated,-0.100792766,0.073303826,-0.34330627,-0.100792766,0.073303826,-0.34330627,3
712752810310863,2024-03-21T19:39:40.054Z,gyroscope sensor uncalibrated,-0.1600467,0.43799037,-0.49174652,-0.1600467,0.43799037,-0.49174652,3
712752820310296,2024-03-21T19:39:40.063Z,gyroscope sensor uncalibrated,-0.09285152,0.6017023,-0.54367006,-0.09285152,0.6017023,-0.54367006,3
712752830309062,2024-03-21T19:39:40.073Z,gyroscope sensor uncalibrated,0.11789699,0.59986967,-0.5332854,0.11789699,0.59986967,-0.5332854,3
712752840307762,2024-03-21T19:39:40.083Z,gyroscope sensor uncalibrated,0.36163223,0.49174652,-0.37873647,0.36163223,0.49174652,-0.37873647,3
712752850306528,2024-03-21T19:39:40.093Z,gyroscope sensor uncalibrated,0.5345071,0.45204028,-0.070249505,0.5345071,0.45204028,-0.070249505,3
712752860305294,2024-03-21T19:39:40.104Z,gyroscope sensor uncalibrated,0.6713409,0.48075095,0.2919936,0.6713409,0.48075095,0.2919936,3
712752870303994,2024-03-21T19:39:40.113Z,gyroscope sensor uncalibrated,0.8570439,0.5119051,0.5662721,0.8570439,0.5119051,0.5662721,3
712752880303194,2024-03-21T19:39:40.124Z,gyroscope sensor uncalibrated,0.9810496,0.4868596,0.766025,0.9810496,0.4868596,0.766025,3
712752890301960,2024-03-21T19:39:40.133Z,gyroscope sensor uncalibrated,1.0042624,0.34025195,0.8582657,1.0042624,0.34025195,0.8582657,3
712752900300660,2024-03-21T19:39:40.143Z,gyroscope sensor uncalibrated,0.947452,0.13805555,0.8368854,0.947452,0.13805555,0.8368854,3
712752910300126,2024-03-21T19:39:40.153Z,gyroscope sensor uncalibrated,0.82344633,-0.06352998,0.7171558,0.82344633,-0.06352998,0.7171558,3
712752920298892,2024-03-21T19:39:40.163Z,gyroscope sensor uncalibrated,0.6206391,-0.23396139,0.52534413,0.6206391,-0.23396139,0.52534413,3
712752930297658,2024-03-21T19:39:40.174Z,gyroscope sensor uncalibrated,0.40378192,-0.40561453,0.29138273,0.40378192,-0.40561453,0.29138273,3
712752940296424,2024-03-21T19:39:40.184Z,gyroscope sensor uncalibrated,0.22968534,-0.49296826,0.08674286,0.22968534,-0.49296826,0.08674286,3
712752950295190,2024-03-21T19:39:40.193Z,gyroscope sensor uncalibrated,0.099571034,-0.5271767,-0.064751714,0.099571034,-0.5271767,-0.064751714,3
712752960293256,2024-03-21T19:39:40.204Z,gyroscope sensor uncalibrated,0.03726278,-0.61086524,-0.15699236,0.03726278,-0.61086524,-0.15699236,3
712752970292022,2024-03-21T19:39:40.213Z,gyroscope sensor uncalibrated,-0.005497787,-0.64751714,-0.18203785,-0.005497787,-0.64751714,-0.18203785,3
712752980290722,2024-03-21T19:39:40.224Z,gyroscope sensor uncalibrated,0.1704314,-0.43188173,-0.106901415,0.1704314,-0.43188173,-0.106901415,3
712752990289655,2024-03-21T19:39:40.234Z,gyroscope sensor uncalibrated,0.26633725,-0.09040806,0.02321288,0.26633725,-0.09040806,0.02321288,3
712753000288421,2024-03-21T19:39:40.243Z,gyroscope sensor uncalibrated,0.3213151,0.25961772,0.15515977,0.3213151,0.25961772,0.15515977,3
712753010287121,2024-03-21T19:39:40.253Z,gyroscope sensor uncalibrated,0.42821655,0.5558874,0.2321288,0.42821655,0.5558874,0.2321288,3
712753020285387,2024-03-21T19:39:40.264Z,gyroscope sensor uncalibrated,0.51007247,0.77213365,0.2602286,0.51007247,0.77213365,0.2602286,3
712753030284153,2024-03-21T19:39:40.273Z,gyroscope sensor uncalibrated,0.50823987,0.8894198,0.24556783,0.50823987,0.8894198,0.24556783,3
712753040282919,2024-03-21T19:39:40.284Z,gyroscope sensor uncalibrated,0.47342056,0.90408057,0.18997909,0.47342056,0.90408057,0.18997909,3
712753050281685,2024-03-21T19:39:40.294Z,gyroscope sensor uncalibrated,0.4392121,0.8405506,0.11362094,0.4392121,0.8405506,0.11362094,3
712753060280451,2024-03-21T19:39:40.303Z,gyroscope sensor uncalibrated,0.4092797,0.72265357,0.04642576,0.4092797,0.72265357,0.04642576,3
712753070279217,2024-03-21T19:39:40.314Z,gyroscope sensor uncalibrated,0.38545597,0.56505036,-0.0018325958,0.38545597,0.56505036,-0.0018325958,3
712753080278017,2024-03-21T19:39:40.324Z,gyroscope sensor uncalibrated,0.35063666,0.3921755,-0.02565634,0.35063666,0.3921755,-0.02565634,3
712753090276850,2024-03-21T19:39:40.334Z,gyroscope sensor uncalibrated,0.29932398,0.22602014,-0.030543262,0.29932398,0.22602014,-0.030543262,3
712753100275750,2024-03-21T19:39:40.344Z,gyroscope sensor uncalibrated,0.25167647,0.08246681,-0.028099801,0.25167647,0.08246681,-0.028099801,3
712753110274716,2024-03-21T19:39:40.353Z,gyroscope sensor uncalibrated,0.20525073,-0.012217305,-0.02076942,0.20525073,-0.012217305,-0.02076942,3
712753120273649,2024-03-21T19:39:40.363Z,gyroscope sensor uncalibrated,0.15393804,-0.065973446,-0.010995574,0.15393804,-0.065973446,-0.010995574,3
712753130272615,2024-03-21T19:39:40.374Z,gyroscope sensor uncalibrated,0.093462385,-0.12461651,-0.00061086525,0.093462385,-0.12461651,-0.00061086525,3
712753140271615,2024-03-21T19:39:40.384Z,gyroscope sensor uncalibrated,0.04153884,-0.19364429,0.025045475,0.04153884,-0.19364429,0.025045475,3
712753150270615,2024-03-21T19:39:40.394Z,gyroscope sensor uncalibrated,0.018325957,-0.22418754,0.056199603,0.018325957,-0.22418754,0.056199603,3
712753160269681,2024-03-21T19:39:40.404Z,gyroscope sensor uncalibrated,-0.008552114,-0.1881465,0.07696902,-0.008552114,-0.1881465,0.07696902,3
712753170268747,2024-03-21T19:39:40.413Z,gyroscope sensor uncalibrated,-0.04153884,-0.092240654,0.07819075,-0.04153884,-0.092240654,0.07819075,3
712753180267813,2024-03-21T19:39:40.424Z,gyroscope sensor uncalibrated,-0.064751714,-0.002443461,0.04886922,-0.064751714,-0.002443461,0.04886922,3
712753190266879,2024-03-21T19:39:40.434Z,gyroscope sensor uncalibrated,-0.076358154,0.087964594,0.0580322,-0.076358154,0.087964594,0.0580322,3
712753200265945,2024-03-21T19:39:40.443Z,gyroscope sensor uncalibrated,-0.070249505,0.12461651,0.10140363,-0.070249505,0.12461651,0.10140363,3
712753210265011,2024-03-21T19:39:40.454Z,gyroscope sensor uncalibrated,-0.06780604,0.13316862,0.226631,-0.06780604,0.13316862,0.226631,3
712753220264077,2024-03-21T19:39:40.464Z,gyroscope sensor uncalibrated,-0.07513642,0.06169739,0.41172317,-0.07513642,0.06169739,0.41172317,3
712753230263077,2024-03-21T19:39:40.473Z,gyroscope sensor uncalibrated,-0.08368854,-0.13194689,0.535118,-0.08368854,-0.13194689,0.535118,3
712753240262143,2024-03-21T19:39:40.484Z,gyroscope sensor uncalibrated,-0.1160644,-0.41172317,0.58276546,-0.1160644,-0.41172317,0.58276546,3
712753250261209,2024-03-21T19:39:40.494Z,gyroscope sensor uncalibrated,-0.20463985,-0.6658431,0.5589417,-0.20463985,-0.6658431,0.5589417,3
712753260260909,2024-03-21T19:39:40.504Z,gyroscope sensor uncalibrated,-0.30848694,-0.8032878,0.4709771,-0.30848694,-0.8032878,0.4709771,3
712753270259975,2024-03-21T19:39:40.513Z,gyroscope sensor uncalibrated,-0.41050145,-0.68844515,0.36102137,-0.41050145,-0.68844515,0.36102137,3
712753280259041,2024-03-21T19:39:40.523Z,gyroscope sensor uncalibrated,-0.5534439,-0.2950479,0.26206118,-0.5534439,-0.2950479,0.26206118,3
712753290258107,2024-03-21T19:39:40.534Z,gyroscope sensor uncalibrated,-0.7489208,0.19425514,0.17837265,-0.7489208,0.19425514,0.17837265,3
712753300257173,2024-03-21T19:39:40.543Z,gyroscope sensor uncalibrated,-0.9718866,0.5345071,0.111177474,-0.9718866,0.5345071,0.111177474,3
712753310256239,2024-03-21T19:39:40.554Z,gyroscope sensor uncalibrated,-0.9621128,0.67073005,-0.07513642,-0.9621128,0.67073005,-0.07513642,3
712753320255805,2024-03-21T19:39:40.563Z,gyroscope sensor uncalibrated,-0.72387534,0.7244862,-0.20341812,-0.72387534,0.7244862,-0.20341812,3
712753330254871,2024-03-21T19:39:40.573Z,gyroscope sensor uncalibrated,-0.49418998,0.79534656,-0.16615535,-0.49418998,0.79534656,-0.16615535,3
712753340253871,2024-03-21T19:39:40.584Z,gyroscope sensor uncalibrated,-0.44043383,0.88331115,-0.037873644,-0.44043383,0.88331115,-0.037873644,3
712753350252937,2024-03-21T19:39:40.594Z,gyroscope sensor uncalibrated,-0.5112942,0.89369583,0.02076942,-0.5112942,0.89369583,0.02076942,3
712753360252003,2024-03-21T19:39:40.603Z,gyroscope sensor uncalibrated,-0.5900958,0.71837753,-0.047036625,-0.5900958,0.71837753,-0.047036625,3
712753370251003,2024-03-21T19:39:40.613Z,gyroscope sensor uncalibrated,-0.6053675,0.48747048,-0.18753563,-0.6053675,0.48747048,-0.18753563,3
712753380250036,2024-03-21T19:39:40.624Z,gyroscope sensor uncalibrated,-0.58459806,0.24129178,-0.3555236,-0.58459806,0.24129178,-0.3555236,3
712753390248969,2024-03-21T19:39:40.633Z,gyroscope sensor uncalibrated,-0.61636305,-0.032375857,-0.47525316,-0.61636305,-0.032375857,-0.47525316,3
712753400247902,2024-03-21T19:39:40.643Z,gyroscope sensor uncalibrated,-0.68600166,-0.2919936,-0.52534413,-0.68600166,-0.2919936,-0.52534413,3
712753410246768,2024-03-21T19:39:40.654Z,gyroscope sensor uncalibrated,-0.7287622,-0.5644395,-0.56016344,-0.7287622,-0.5644395,-0.56016344,3
712753420245001,2024-03-21T19:39:40.664Z,gyroscope sensor uncalibrated,-0.7367035,-0.70554936,-0.56505036,-0.7367035,-0.70554936,-0.56505036,3
712753430243834,2024-03-21T19:39:40.673Z,gyroscope sensor uncalibrated,-0.68966687,-0.8894198,-0.56321776,-0.68966687,-0.8894198,-0.56321776,3
712753440242634,2024-03-21T19:39:40.683Z,gyroscope sensor uncalibrated,-0.54244834,-1.070236,-0.593761,-0.54244834,-1.070236,-0.593761,3
712753450241367,2024-03-21T19:39:40.693Z,gyroscope sensor uncalibrated,-0.41599923,-1.1985176,-0.61086524,-0.41599923,-1.1985176,-0.61086524,3
712753460240100,2024-03-21T19:39:40.704Z,gyroscope sensor uncalibrated,-0.32986724,-1.2999213,-0.5900958,-0.32986724,-1.2999213,-0.5900958,3
712753470238833,2024-03-21T19:39:40.714Z,gyroscope sensor uncalibrated,-0.33964106,-1.4049901,-0.5491679,-0.33964106,-1.4049901,-0.5491679,3
712753480237299,2024-03-21T19:39:40.723Z,gyroscope sensor uncalibrated,-0.3866777,-1.4581354,-0.48624873,-0.3866777,-1.4581354,-0.48624873,3
712753490235332,2024-03-21T19:39:40.733Z,gyroscope sensor uncalibrated,-0.35796702,-1.3799446,-0.41050145,-0.35796702,-1.3799446,-0.41050145,3
712753500234065,2024-03-21T19:39:40.744Z,gyroscope sensor uncalibrated,-0.26633725,-1.2125676,-0.3707952,-0.26633725,-1.2125676,-0.3707952,3
712753510232731,2024-03-21T19:39:40.754Z,gyroscope sensor uncalibrated,-0.15821409,-0.9682214,-0.3390302,-0.15821409,-0.9682214,-0.3390302,3
712753520231464,2024-03-21T19:39:40.763Z,gyroscope sensor uncalibrated,-0.04520403,-0.68111473,-0.2950479,-0.04520403,-0.68111473,-0.2950479,3
712753530230197,2024-03-21T19:39:40.774Z,gyroscope sensor uncalibrated,0.059864793,-0.3640757,-0.24984388,0.059864793,-0.3640757,-0.24984388,3
712753540228930,2024-03-21T19:39:40.783Z,gyroscope sensor uncalibrated,0.13622294,-0.047647487,-0.20341812,0.13622294,-0.047647487,-0.20341812,3
712753550227463,2024-03-21T19:39:40.794Z,gyroscope sensor uncalibrated,0.16982053,0.20341812,-0.172264,0.16982053,0.20341812,-0.172264,3
712753560225529,2024-03-21T19:39:40.803Z,gyroscope sensor uncalibrated,0.17531833,0.3707952,-0.15882497,0.17531833,0.3707952,-0.15882497,3
712753570224295,2024-03-21T19:39:40.814Z,gyroscope sensor uncalibrated,0.15454891,0.48441613,-0.15882497,0.15454891,0.48441613,-0.15882497,3
712753580223061,2024-03-21T19:39:40.823Z,gyroscope sensor uncalibrated,0.096516706,0.54611355,-0.17531833,0.096516706,0.54611355,-0.17531833,3
712753590221761,2024-03-21T19:39:40.834Z,gyroscope sensor uncalibrated,0.02443461,0.5674938,-0.19608775,0.02443461,0.5674938,-0.19608775,3
712753600220527,2024-03-21T19:39:40.843Z,gyroscope sensor uncalibrated,-0.03176499,0.5552765,-0.20586158,-0.03176499,0.5552765,-0.20586158,3
712753610218927,2024-03-21T19:39:40.853Z,gyroscope sensor uncalibrated,-0.0720821,0.50335294,-0.20219639,-0.0720821,0.50335294,-0.20219639,3
712753620217627,2024-03-21T19:39:40.863Z,gyroscope sensor uncalibrated,-0.064751714,0.3585779,-0.18081611,-0.064751714,0.3585779,-0.18081611,3
712753630216393,2024-03-21T19:39:40.873Z,gyroscope sensor uncalibrated,-0.032375857,0.25228736,-0.14905111,-0.032375857,0.25228736,-0.14905111,3
712753640215159,2024-03-21T19:39:40.883Z,gyroscope sensor uncalibrated,-0.007941248,0.15943582,-0.11789699,-0.007941248,0.15943582,-0.11789699,3
712753650213925,2024-03-21T19:39:40.893Z,gyroscope sensor uncalibrated,0.0061086523,0.089186326,-0.0842994,0.0061086523,0.089186326,-0.0842994,3
712753660212691,2024-03-21T19:39:40.903Z,gyroscope sensor uncalibrated,0.021380283,0.06291912,-0.051923547,0.021380283,0.06291912,-0.051923547,3
712753670211457,2024-03-21T19:39:40.913Z,gyroscope sensor uncalibrated,0.036651913,0.09040806,-0.028099801,0.036651913,0.09040806,-0.028099801,3
712753680210223,2024-03-21T19:39:40.923Z,gyroscope sensor uncalibrated,0.053145275,0.15149458,-0.03481932,0.053145275,0.15149458,-0.03481932,3
712753690208989,2024-03-21T19:39:40.934Z,gyroscope sensor uncalibrated,0.057421334,0.20463985,-0.08246681,0.057421334,0.20463985,-0.08246681,3
712753700207689,2024-03-21T19:39:40.943Z,gyroscope sensor uncalibrated,0.023823744,0.19730948,-0.14355333,0.023823744,0.19730948,-0.14355333,3
712753710206455,2024-03-21T19:39:40.954Z,gyroscope sensor uncalibrated,-0.065973446,0.10445796,-0.20647246,-0.065973446,0.10445796,-0.20647246,3
712753720205821,2024-03-21T19:39:40.964Z,gyroscope sensor uncalibrated,-0.17715092,-0.0030543262,-0.2968805,-0.17715092,-0.0030543262,-0.2968805,3
712753730204521,2024-03-21T19:39:40.974Z,gyroscope sensor uncalibrated,-0.29749137,-0.077579886,-0.43554693,-0.29749137,-0.077579886,-0.43554693,3
712753740203287,2024-03-21T19:39:40.983Z,gyroscope sensor uncalibrated,-0.4184427,-0.10140363,-0.59620446,-0.4184427,-0.10140363,-0.59620446,3
712753750202053,2024-03-21T19:39:40.993Z,gyroscope sensor uncalibrated,-0.5204572,-0.15821409,-0.73792523,-0.5204572,-0.15821409,-0.73792523,3
712753760200753,2024-03-21T19:39:41.003Z,gyroscope sensor uncalibrated,-0.6010914,-0.32925636,-0.81061816,-0.6010914,-0.32925636,-0.81061816,3
712753770199519,2024-03-21T19:39:41.013Z,gyroscope sensor uncalibrated,-0.6236934,-0.5558874,-0.79290307,-0.6236934,-0.5558874,-0.79290307,3
712753780198485,2024-03-21T19:39:41.024Z,gyroscope sensor uncalibrated,-0.54550266,-0.68477994,-0.7147123,-0.54550266,-0.68477994,-0.7147123,3
712753790197951,2024-03-21T19:39:41.033Z,gyroscope sensor uncalibrated,-0.42149702,-0.634689,-0.63041294,-0.42149702,-0.634689,-0.63041294,3
712753800196717,2024-03-21T19:39:41.044Z,gyroscope sensor uncalibrated,-0.3567453,-0.4251622,-0.6084218,-0.3567453,-0.4251622,-0.6084218,3
712753810195483,2024-03-21T19:39:41.053Z,gyroscope sensor uncalibrated,-0.32436943,-0.1563815,-0.68233645,-0.32436943,-0.1563815,-0.68233645,3
712753820194249,2024-03-21T19:39:41.064Z,gyroscope sensor uncalibrated,-0.32498032,-0.01038471,-0.75441855,-0.32498032,-0.01038471,-0.75441855,3
712753830193015,2024-03-21T19:39:41.073Z,gyroscope sensor uncalibrated,-0.29565877,-0.13439035,-0.66828656,-0.29565877,-0.13439035,-0.66828656,3
712753840191715,2024-03-21T19:39:41.083Z,gyroscope sensor uncalibrated,-0.1966986,-0.24495697,-0.38362336,-0.1966986,-0.24495697,-0.38362336,3
712753850190681,2024-03-21T19:39:41.093Z,gyroscope sensor uncalibrated,-0.13561209,-0.18692477,-0.23335053,-0.13561209,-0.18692477,-0.23335053,3
712753860190114,2024-03-21T19:39:41.104Z,gyroscope sensor uncalibrated,-0.10873401,-0.004886922,-0.20280726,-0.10873401,-0.004886922,-0.20280726,3
712753870188780,2024-03-21T19:39:41.113Z,gyroscope sensor uncalibrated,-0.065973446,0.21624629,-0.34025195,-0.065973446,0.21624629,-0.34025195,3
712753880187513,2024-03-21T19:39:41.124Z,gyroscope sensor uncalibrated,-0.019547688,0.36468655,-0.4728097,-0.019547688,0.36468655,-0.4728097,3
712753890186246,2024-03-21T19:39:41.133Z,gyroscope sensor uncalibrated,0.07696902,0.35735616,-0.45204028,0.07696902,0.35735616,-0.45204028,3
712753900184979,2024-03-21T19:39:41.144Z,gyroscope sensor uncalibrated,0.17837265,0.2687807,-0.26389378,0.17837265,0.2687807,-0.26389378,3
712753910184079,2024-03-21T19:39:41.154Z,gyroscope sensor uncalibrated,0.226631,0.2565634,-0.034208454,0.226631,0.2565634,-0.034208454,3
712753920182812,2024-03-21T19:39:41.164Z,gyroscope sensor uncalibrated,0.30298916,0.29138273,0.12217305,0.30298916,0.29138273,0.12217305,3
712753930181545,2024-03-21T19:39:41.174Z,gyroscope sensor uncalibrated,0.3555236,0.2883284,0.21074851,0.3555236,0.2883284,0.21074851,3
712753940180311,2024-03-21T19:39:41.183Z,gyroscope sensor uncalibrated,0.34269542,0.15393804,0.25900686,0.34269542,0.15393804,0.25900686,3
712753950179011,2024-03-21T19:39:41.193Z,gyroscope sensor uncalibrated,0.30482176,-0.05131268,0.2687807,0.30482176,-0.05131268,0.2687807,3
712753960177777,2024-03-21T19:39:41.203Z,gyroscope sensor uncalibrated,0.23273966,-0.26633725,0.25595254,0.23273966,-0.26633725,0.25595254,3
712753970176543,2024-03-21T19:39:41.214Z,gyroscope sensor uncalibrated,0.10567969,-0.4605924,0.21563543,0.10567969,-0.4605924,0.21563543,3
712753980175243,2024-03-21T19:39:41.223Z,gyroscope sensor uncalibrated,-0.035430185,-0.61391956,0.14844026,-0.035430185,-0.61391956,0.14844026,3
712753990174009,2024-03-21T19:39:41.233Z,gyroscope sensor uncalibrated,-0.15882497,-0.6939429,0.07391469,-0.15882497,-0.6939429,0.07391469,3
712754000172775,2024-03-21T19:39:41.243Z,gyroscope sensor uncalibrated,-0.22785273,-0.7086037,0.009162978,-0.22785273,-0.7086037,0.009162978,3
712754010171475,2024-03-21T19:39:41.254Z,gyroscope sensor uncalibrated,-0.2180789,-0.66889745,-0.035430185,-0.2180789,-0.66889745,-0.035430185,3
712754020170241,2024-03-21T19:39:41.263Z,gyroscope sensor uncalibrated,-0.08246681,-0.5674938,-0.039095376,-0.08246681,-0.5674938,-0.039095376,3
712754030169007,2024-03-21T19:39:41.273Z,gyroscope sensor uncalibrated,-0.09040806,-0.3933972,-0.01038471,-0.09040806,-0.3933972,-0.01038471,3
712754040167773,2024-03-21T19:39:41.284Z,gyroscope sensor uncalibrated,-0.18936823,-0.19730948,0.028099801,-0.18936823,-0.19730948,0.028099801,3
712754050166539,2024-03-21T19:39:41.293Z,gyroscope sensor uncalibrated,-0.23762658,0.061086524,0.055588737,-0.23762658,0.061086524,0.055588737,3
712754060165305,2024-03-21T19:39:41.304Z,gyroscope sensor uncalibrated,-0.24312437,0.17837265,0.061086524,-0.24312437,0.17837265,0.061086524,3
712754070164071,2024-03-21T19:39:41.313Z,gyroscope sensor uncalibrated,-0.258396,0.23823744,0.062308256,-0.258396,0.23823744,0.062308256,3
712754080162837,2024-03-21T19:39:41.324Z,gyroscope sensor uncalibrated,-0.26816985,0.258396,0.062308256,-0.26816985,0.258396,0.062308256,3
712754090161537,2024-03-21T19:39:41.334Z,gyroscope sensor uncalibrated,-0.26389378,0.27305678,0.043982297,-0.26389378,0.27305678,0.043982297,3
712754100160303,2024-03-21T19:39:41.344Z,gyroscope sensor uncalibrated,-0.24617869,0.28099802,0.007941248,-0.24617869,0.28099802,0.007941248,3
712754110159069,2024-03-21T19:39:41.353Z,gyroscope sensor uncalibrated,-0.22296582,0.2846632,-0.03604105,-0.22296582,0.2846632,-0.03604105,3
712754120191102,2024-03-21T19:39:41.363Z,gyroscope sensor uncalibrated,-0.19730948,0.29565877,-0.08368854,-0.19730948,0.29565877,-0.08368854,3
712754130223202,2024-03-21T19:39:41.373Z,gyroscope sensor uncalibrated,-0.1863139,0.321926,-0.13683382,-0.1863139,0.321926,-0.13683382,3
712754140255302,2024-03-21T19:39:41.383Z,gyroscope sensor uncalibrated,-0.16737708,0.35308012,-0.18203785,-0.16737708,0.35308012,-0.18203785,3
712754150287335,2024-03-21T19:39:41.394Z,gyroscope sensor uncalibrated,-0.13622294,0.36957347,-0.20219639,-0.13622294,0.36957347,-0.20219639,3
712754160352768,2024-03-21T19:39:41.403Z,gyroscope sensor uncalibrated,-0.10140363,0.3463606,-0.18203785,-0.10140363,0.3463606,-0.18203785,3
712754170418234,2024-03-21T19:39:41.413Z,gyroscope sensor uncalibrated,-0.07513642,0.23457226,-0.11728613,-0.07513642,0.23457226,-0.11728613,3
712754180483667,2024-03-21T19:39:41.423Z,gyroscope sensor uncalibrated,-0.087964594,0.13500121,-0.07880162,-0.087964594,0.13500121,-0.07880162,3
712754190549167,2024-03-21T19:39:41.433Z,gyroscope sensor uncalibrated,-0.108123146,0.03848451,-0.050701816,-0.108123146,0.03848451,-0.050701816,3
712754200614667,2024-03-21T19:39:41.444Z,gyroscope sensor uncalibrated,-0.1337795,-0.03176499,-0.031154128,-0.1337795,-0.03176499,-0.031154128,3
712754210680233,2024-03-21T19:39:41.453Z,gyroscope sensor uncalibrated,-0.1459968,-0.061086524,-0.014049901,-0.1459968,-0.061086524,-0.014049901,3
712754220745799,2024-03-21T19:39:41.463Z,gyroscope sensor uncalibrated,-0.12889257,-0.045814894,0.01160644,-0.12889257,-0.045814894,0.01160644,3
712754230811299,2024-03-21T19:39:41.473Z,gyroscope sensor uncalibrated,-0.086132,-0.007941248,0.049480084,-0.086132,-0.007941248,0.049480084,3
712754240876832,2024-03-21T19:39:41.484Z,gyroscope sensor uncalibrated,-0.03481932,0.02443461,0.0983493,-0.03481932,0.02443461,0.0983493,3
712754250942365,2024-03-21T19:39:41.494Z,gyroscope sensor uncalibrated,0.036651913,0.047036625,0.15882497,0.036651913,0.047036625,0.15882497,3
712754261007831,2024-03-21T19:39:41.504Z,gyroscope sensor uncalibrated,0.13500121,0.07147124,0.23457226,0.13500121,0.07147124,0.23457226,3
712754271073364,2024-03-21T19:39:41.514Z,gyroscope sensor uncalibrated,0.23457226,0.08002335,0.34208453,0.23457226,0.08002335,0.34208453,3
712754281138897,2024-03-21T19:39:41.524Z,gyroscope sensor uncalibrated,0.30604348,0.02565634,0.46853364,0.30604348,0.02565634,0.46853364,3
712754291204363,2024-03-21T19:39:41.534Z,gyroscope sensor uncalibrated,0.34269542,-0.14660765,0.58032197,0.34269542,-0.14660765,0.58032197,3
712754301269896,2024-03-21T19:39:41.544Z,gyroscope sensor uncalibrated,0.29993483,-0.42149702,0.62858033,0.29993483,-0.42149702,0.62858033,3
712754311335429,2024-03-21T19:39:41.555Z,gyroscope sensor uncalibrated,0.17959438,-0.6976081,0.5882632,0.17959438,-0.6976081,0.5882632,3
712754321400895,2024-03-21T19:39:41.564Z,gyroscope sensor uncalibrated,0.0030543262,-0.8857546,0.48563787,0.0030543262,-0.8857546,0.48563787,3
712754331466428,2024-03-21T19:39:41.574Z,gyroscope sensor uncalibrated,-0.13805555,-0.9437868,0.39461896,-0.13805555,-0.9437868,0.39461896,3
712754341531894,2024-03-21T19:39:41.584Z,gyroscope sensor uncalibrated,-0.22602014,-0.7867944,0.35613444,-0.22602014,-0.7867944,0.35613444,3
712754351597427,2024-03-21T19:39:41.594Z,gyroscope sensor uncalibrated,-0.2773328,-0.41050145,0.33353242,-0.2773328,-0.41050145,0.33353242,3
712754361662960,2024-03-21T19:39:41.604Z,gyroscope sensor uncalibrated,-0.39828414,-0.06352998,0.26206118,-0.39828414,-0.06352998,0.26206118,3
712754371728426,2024-03-21T19:39:41.615Z,gyroscope sensor uncalibrated,-0.6218608,0.099571034,0.099571034,-0.6218608,0.099571034,0.099571034,3
712754381793959,2024-03-21T19:39:41.624Z,gyroscope sensor uncalibrated,-0.7098254,0.14905111,-0.1142318,-0.7098254,0.14905111,-0.1142318,3
712754391859492,2024-03-21T19:39:41.635Z,gyroscope sensor uncalibrated,-0.59437186,0.40011674,-0.15943582,-0.59437186,0.40011674,-0.15943582,3
712754401924958,2024-03-21T19:39:41.645Z,gyroscope sensor uncalibrated,-0.50335294,0.63163465,-0.06291912,-0.50335294,0.63163465,-0.06291912,3
712754411989791,2024-03-21T19:39:41.655Z,gyroscope sensor uncalibrated,-0.39461896,0.79901177,-0.0030543262,-0.39461896,0.79901177,-0.0030543262,3
712754422021991,2024-03-21T19:39:41.665Z,gyroscope sensor uncalibrated,-0.30787608,0.84482664,0.0,-0.30787608,0.84482664,0.0,3
712754432053424,2024-03-21T19:39:41.676Z,gyroscope sensor uncalibrated,-0.3213151,0.8167268,-0.03604105,-0.3213151,0.8167268,-0.03604105,3
712754442085624,2024-03-21T19:39:41.685Z,gyroscope sensor uncalibrated,-0.40011674,0.7715228,-0.112399206,-0.40011674,0.7715228,-0.112399206,3
712754452117524,2024-03-21T19:39:41.695Z,gyroscope sensor uncalibrated,-0.47647488,0.72265357,-0.21563543,-0.47647488,0.72265357,-0.21563543,3
712754462116390,2024-03-21T19:39:41.705Z,gyroscope sensor uncalibrated,-0.54244834,0.5882632,-0.2864958,-0.54244834,0.5882632,-0.2864958,3
712754472115223,2024-03-21T19:39:41.715Z,gyroscope sensor uncalibrated,-0.5925393,0.28344148,-0.29443705,-0.5925393,0.28344148,-0.29443705,3
712754482114023,2024-03-21T19:39:41.725Z,gyroscope sensor uncalibrated,-0.6291912,-0.09773844,-0.2828306,-0.6291912,-0.09773844,-0.2828306,3
712754492112823,2024-03-21T19:39:41.735Z,gyroscope sensor uncalibrated,-0.65668017,-0.44165558,-0.2950479,-0.65668017,-0.44165558,-0.2950479,3
712754502111556,2024-03-21T19:39:41.746Z,gyroscope sensor uncalibrated,-0.6835582,-0.7012733,-0.344528,-0.6835582,-0.7012733,-0.344528,3
712754512110222,2024-03-21T19:39:41.755Z,gyroscope sensor uncalibrated,-0.7110472,-0.88025683,-0.40500367,-0.7110472,-0.88025683,-0.40500367,3
712754522108322,2024-03-21T19:39:41.765Z,gyroscope sensor uncalibrated,-0.72021013,-1.0323622,-0.4709771,-0.72021013,-1.0323622,-0.4709771,3
712754532107055,2024-03-21T19:39:41.776Z,gyroscope sensor uncalibrated,-0.7495316,-1.119716,-0.52106804,-0.7495316,-1.119716,-0.52106804,3
712754542105721,2024-03-21T19:39:41.785Z,gyroscope sensor uncalibrated,-0.81183994,-1.1398746,-0.52412236,-0.81183994,-1.1398746,-0.52412236,3
712754552104454,2024-03-21T19:39:41.796Z,gyroscope sensor uncalibrated,-0.7165449,-1.0629056,-0.4905248,-0.7165449,-1.0629056,-0.4905248,3
712754562103187,2024-03-21T19:39:41.806Z,gyroscope sensor uncalibrated,-0.57604593,-0.8344419,-0.41905355,-0.57604593,-0.8344419,-0.41905355,3
712754572101920,2024-03-21T19:39:41.815Z,gyroscope sensor uncalibrated,-0.48502702,-0.52839845,-0.33169982,-0.48502702,-0.52839845,-0.33169982,3
712754582100686,2024-03-21T19:39:41.826Z,gyroscope sensor uncalibrated,-0.37323865,-0.23396139,-0.26206118,-0.37323865,-0.23396139,-0.26206118,3
712754592098752,2024-03-21T19:39:41.835Z,gyroscope sensor uncalibrated,-0.23823744,0.045814894,-0.18570304,-0.23823744,0.045814894,-0.18570304,3
712754602097518,2024-03-21T19:39:41.846Z,gyroscope sensor uncalibrated,-0.10323623,0.37323865,-0.103847094,-0.10323623,0.37323865,-0.103847094,3
712754612095851,2024-03-21T19:39:41.856Z,gyroscope sensor uncalibrated,-0.027488936,0.5015204,-0.0983493,-0.027488936,0.5015204,-0.0983493,3
712754622094617,2024-03-21T19:39:41.865Z,gyroscope sensor uncalibrated,0.02076942,0.5589417,-0.0983493,0.02076942,0.5589417,-0.0983493,3
712754632093383,2024-03-21T19:39:41.875Z,gyroscope sensor uncalibrated,0.064751714,0.56505036,-0.09040806,0.064751714,0.56505036,-0.09040806,3
712754642092149,2024-03-21T19:39:41.886Z,gyroscope sensor uncalibrated,0.106901415,0.5662721,-0.045814894,0.106901415,0.5662721,-0.045814894,3
712754652090849,2024-03-21T19:39:41.895Z,gyroscope sensor uncalibrated,0.14294247,0.55771995,0.020158553,0.14294247,0.55771995,0.020158553,3
712754662089615,2024-03-21T19:39:41.906Z,gyroscope sensor uncalibrated,0.1685988,0.5296202,0.08979719,0.1685988,0.5296202,0.08979719,3
712754672088781,2024-03-21T19:39:41.915Z,gyroscope sensor uncalibrated,0.19364429,0.4801401,0.14538592,0.19364429,0.4801401,0.14538592,3
712754682087481,2024-03-21T19:39:41.926Z,gyroscope sensor uncalibrated,0.22113322,0.42210788,0.18692477,0.22113322,0.42210788,0.18692477,3
712754692086247,2024-03-21T19:39:41.936Z,gyroscope sensor uncalibrated,0.22602014,0.36102137,0.20952678,0.22602014,0.36102137,0.20952678,3
712754702085013,2024-03-21T19:39:41.945Z,gyroscope sensor uncalibrated,0.22052236,0.29993483,0.21624629,0.22052236,0.29993483,0.21624629,3
712754712084479,2024-03-21T19:39:41.955Z,gyroscope sensor uncalibrated,0.21868975,0.2443461,0.21074851,0.21868975,0.2443461,0.21074851,3
712754722083245,2024-03-21T19:39:41.966Z,gyroscope sensor uncalibrated,0.21991149,0.21319197,0.19730948,0.21991149,0.21319197,0.19730948,3
712754732082711,2024-03-21T19:39:41.976Z,gyroscope sensor uncalibrated,0.23762658,0.22052236,0.17898351,0.23762658,0.22052236,0.17898351,3
712754742081477,2024-03-21T19:39:41.985Z,gyroscope sensor uncalibrated,0.2706133,0.28221974,0.16310102,0.2706133,0.28221974,0.16310102,3
712754752080543,2024-03-21T19:39:41.995Z,gyroscope sensor uncalibrated,0.2968805,0.3848451,0.15332718,0.2968805,0.3848451,0.15332718,3
712754762079243,2024-03-21T19:39:42.006Z,gyroscope sensor uncalibrated,0.31948254,0.46303585,0.14905111,0.31948254,0.46303585,0.14905111,3
712754772078009,2024-03-21T19:39:42.016Z,gyroscope sensor uncalibrated,0.35063666,0.453262,0.1301143,0.35063666,0.453262,0.1301143,3
712754782076475,2024-03-21T19:39:42.026Z,gyroscope sensor uncalibrated,0.32803464,0.3481932,0.06291912,0.32803464,0.3481932,0.06291912,3
712754792075175,2024-03-21T19:39:42.035Z,gyroscope sensor uncalibrated,0.21074851,0.20708331,-0.07391469,0.21074851,0.20708331,-0.07391469,3
712754802073941,2024-03-21T19:39:42.045Z,gyroscope sensor uncalibrated,0.07819075,0.065973446,-0.26328292,0.07819075,0.065973446,-0.26328292,3
712754812072707,2024-03-21T19:39:42.055Z,gyroscope sensor uncalibrated,-0.111177474,-0.24556783,-0.4569272,-0.111177474,-0.24556783,-0.4569272,3
712754822072107,2024-03-21T19:39:42.065Z,gyroscope sensor uncalibrated,-0.16065755,-0.61575216,-0.46486846,-0.16065755,-0.61575216,-0.46486846,3
712754832070873,2024-03-21T19:39:42.076Z,gyroscope sensor uncalibrated,-0.07696902,-0.93767816,-0.37201694,-0.07696902,-0.93767816,-0.37201694,3
712754842069639,2024-03-21T19:39:42.085Z,gyroscope sensor uncalibrated,0.032375857,-1.0122037,-0.24678956,0.032375857,-1.0122037,-0.24678956,3
712754852068405,2024-03-21T19:39:42.095Z,gyroscope sensor uncalibrated,0.06414085,-0.8668178,-0.18753563,0.06414085,-0.8668178,-0.18753563,3
712754862067171,2024-03-21T19:39:42.106Z,gyroscope sensor uncalibrated,0.08124508,-0.48747048,-0.2724459,0.08124508,-0.48747048,-0.2724459,3
712754872065871,2024-03-21T19:39:42.116Z,gyroscope sensor uncalibrated,0.13744467,0.015882496,-0.40439278,0.13744467,0.015882496,-0.40439278,3
712754882064604,2024-03-21T19:39:42.126Z,gyroscope sensor uncalibrated,0.19120082,0.10629055,-0.40561453,0.19120082,0.10629055,-0.40561453,3
712754892064037,2024-03-21T19:39:42.136Z,gyroscope sensor uncalibrated,0.23396139,-0.2180789,-0.2657264,0.23396139,-0.2180789,-0.2657264,3
712754902062703,2024-03-21T19:39:42.146Z,gyroscope sensor uncalibrated,0.21746802,-0.40194935,-0.1600467,0.21746802,-0.40194935,-0.1600467,3
712754912061869,2024-03-21T19:39:42.155Z,gyroscope sensor uncalibrated,0.084910266,-0.28527406,-0.19303341,0.084910266,-0.28527406,-0.19303341,3
712754922060602,2024-03-21T19:39:42.165Z,gyroscope sensor uncalibrated,-0.13683382,0.0018325958,-0.35430184,-0.13683382,0.0018325958,-0.35430184,3
712754932059268,2024-03-21T19:39:42.175Z,gyroscope sensor uncalibrated,-0.33169982,0.22540927,-0.50701815,-0.33169982,0.22540927,-0.50701815,3
712754942058001,2024-03-21T19:39:42.185Z,gyroscope sensor uncalibrated,-0.33353242,0.2919936,-0.61941737,-0.33353242,0.2919936,-0.61941737,3
712754952056734,2024-03-21T19:39:42.195Z,gyroscope sensor uncalibrated,-0.14172074,0.19547687,-0.68661255,-0.14172074,0.19547687,-0.68661255,3
712754962055467,2024-03-21T19:39:42.206Z,gyroscope sensor uncalibrated,0.07086037,0.06841691,-0.5204572,0.07086037,0.06841691,-0.5204572,3
712754972053800,2024-03-21T19:39:42.215Z,gyroscope sensor uncalibrated,0.29016098,0.037873644,-0.15088372,0.29016098,0.037873644,-0.15088372,3
712754982052566,2024-03-21T19:39:42.226Z,gyroscope sensor uncalibrated,0.5369505,0.1459968,0.30115658,0.5369505,0.1459968,0.30115658,3
712754992051332,2024-03-21T19:39:42.235Z,gyroscope sensor uncalibrated,0.66523224,0.26816985,0.625526,0.66523224,0.26816985,0.625526,3
712755002050098,2024-03-21T19:39:42.246Z,gyroscope sensor uncalibrated,0.6640105,0.31520647,0.7788532,0.6640105,0.31520647,0.7788532,3
712755012048798,2024-03-21T19:39:42.256Z,gyroscope sensor uncalibrated,0.64751714,0.2125811,0.78984874,0.64751714,0.2125811,0.78984874,3
712755022047564,2024-03-21T19:39:42.266Z,gyroscope sensor uncalibrated,0.63285637,0.052534413,0.7012733,0.63285637,0.052534413,0.7012733,3
712755032046330,2024-03-21T19:39:42.276Z,gyroscope sensor uncalibrated,0.35308012,-0.13500121,0.47708577,0.35308012,-0.13500121,0.47708577,3
712755042045030,2024-03-21T19:39:42.285Z,gyroscope sensor uncalibrated,0.06658431,-0.23579398,0.258396,0.06658431,-0.23579398,0.258396,3
712755052043796,2024-03-21T19:39:42.295Z,gyroscope sensor uncalibrated,-0.17654006,-0.3268129,0.018325957,-0.17654006,-0.3268129,0.018325957,3
712755062042562,2024-03-21T19:39:42.306Z,gyroscope sensor uncalibrated,-0.32986724,-0.408058,-0.16371189,-0.32986724,-0.408058,-0.16371189,3
712755072041328,2024-03-21T19:39:42.316Z,gyroscope sensor uncalibrated,-0.37140608,-0.49541172,-0.2883284,-0.37140608,-0.49541172,-0.2883284,3
712755082040394,2024-03-21T19:39:42.325Z,gyroscope sensor uncalibrated,-0.20952678,-0.5338962,-0.3005457,-0.20952678,-0.5338962,-0.3005457,3
712755092039160,2024-03-21T19:39:42.335Z,gyroscope sensor uncalibrated,-0.14538592,-0.47769663,-0.21991149,-0.14538592,-0.47769663,-0.21991149,3
712755102037926,2024-03-21T19:39:42.345Z,gyroscope sensor uncalibrated,-0.16065755,-0.37140608,-0.105068825,-0.16065755,-0.37140608,-0.105068825,3
712755112036692,2024-03-21T19:39:42.356Z,gyroscope sensor uncalibrated,-0.13316862,-0.24984388,-0.012217305,-0.13316862,-0.24984388,-0.012217305,3
712755122035392,2024-03-21T19:39:42.365Z,gyroscope sensor uncalibrated,-0.1001819,-0.13561209,0.03604105,-0.1001819,-0.13561209,0.03604105,3
712755132034158,2024-03-21T19:39:42.375Z,gyroscope sensor uncalibrated,-0.10262536,-0.020158553,0.034208454,-0.10262536,-0.020158553,0.034208454,3
712755142032924,2024-03-21T19:39:42.385Z,gyroscope sensor uncalibrated,-0.14110987,0.11362094,-0.008552114,-0.14110987,0.11362094,-0.008552114,3
712755152031624,2024-03-21T19:39:42.396Z,gyroscope sensor uncalibrated,-0.20525073,0.24984388,-0.06536258,-0.20525073,0.24984388,-0.06536258,3
712755162030390,2024-03-21T19:39:42.406Z,gyroscope sensor uncalibrated,-0.23579398,0.34880406,-0.100792766,-0.23579398,0.34880406,-0.100792766,3
712755172029156,2024-03-21T19:39:42.416Z,gyroscope sensor uncalibrated,-0.2321288,0.39584067,-0.119729586,-0.2321288,0.39584067,-0.119729586,3
712755182027856,2024-03-21T19:39:42.426Z,gyroscope sensor uncalibrated,-0.20891592,0.4147775,-0.13744467,-0.20891592,0.4147775,-0.13744467,3
712755192026622,2024-03-21T19:39:42.436Z,gyroscope sensor uncalibrated,-0.16554448,0.4202753,-0.15821409,-0.16554448,0.4202753,-0.15821409,3
712755202025388,2024-03-21T19:39:42.445Z,gyroscope sensor uncalibrated,-0.1142318,0.40866885,-0.17654006,-0.1142318,0.40866885,-0.17654006,3
712755212057454,2024-03-21T19:39:42.456Z,gyroscope sensor uncalibrated,-0.061086524,0.32925636,-0.19792034,-0.061086524,0.32925636,-0.19792034,3
712755222089587,2024-03-21T19:39:42.465Z,gyroscope sensor uncalibrated,-0.06414085,0.23273966,-0.21930063,-0.06414085,0.23273966,-0.21930063,3
712755232121820,2024-03-21T19:39:42.475Z,gyroscope sensor uncalibrated,-0.089186326,0.11911872,-0.24984388,-0.089186326,0.11911872,-0.24984388,3
712755242154053,2024-03-21T19:39:42.485Z,gyroscope sensor uncalibrated,-0.124005646,-0.007330383,-0.28527406,-0.124005646,-0.007330383,-0.28527406,3
712755252186353,2024-03-21T19:39:42.495Z,gyroscope sensor uncalibrated,-0.1600467,-0.13744467,-0.3115413,-0.1600467,-0.13744467,-0.3115413,3
712755262218619,2024-03-21T19:39:42.506Z,gyroscope sensor uncalibrated,-0.17654006,-0.23579398,-0.30482176,-0.17654006,-0.23579398,-0.30482176,3
712755272250952,2024-03-21T19:39:42.515Z,gyroscope sensor uncalibrated,-0.19303341,-0.23884831,-0.2742785,-0.19303341,-0.23884831,-0.2742785,3
712755282283285,2024-03-21T19:39:42.526Z,gyroscope sensor uncalibrated,-0.1881465,-0.21991149,-0.21135938,-0.1881465,-0.21991149,-0.21135938,3
712755292315618,2024-03-21T19:39:42.536Z,gyroscope sensor uncalibrated,-0.15027285,-0.19975294,-0.116675265,-0.15027285,-0.19975294,-0.116675265,3
712755302348018,2024-03-21T19:39:42.545Z,gyroscope sensor uncalibrated,-0.10629055,-0.12461651,-0.009773844,-0.10629055,-0.12461651,-0.009773844,3
712755312380418,2024-03-21T19:39:42.555Z,gyroscope sensor uncalibrated,-0.039095376,-0.044593163,0.09468412,-0.039095376,-0.044593163,0.09468412,3
712755322412751,2024-03-21T19:39:42.565Z,gyroscope sensor uncalibrated,0.057421334,0.0018325958,0.20158553,0.057421334,0.0018325958,0.20158553,3
712755332445151,2024-03-21T19:39:42.575Z,gyroscope sensor uncalibrated,0.16126843,0.027488936,0.3213151,0.16126843,0.027488936,0.3213151,3
712755342477551,2024-03-21T19:39:42.585Z,gyroscope sensor uncalibrated,0.23518312,0.028710667,0.47403142,0.23518312,0.028710667,0.47403142,3
712755352509951,2024-03-21T19:39:42.595Z,gyroscope sensor uncalibrated,0.28710666,-0.049480084,0.6261369,0.28710666,-0.049480084,0.6261369,3
712755362542351,2024-03-21T19:39:42.605Z,gyroscope sensor uncalibrated,0.3390302,-0.24801129,0.7293731,0.3390302,-0.24801129,0.7293731,3
712755372574684,2024-03-21T19:39:42.616Z,gyroscope sensor uncalibrated,0.344528,-0.47708577,0.7489208,0.344528,-0.47708577,0.7489208,3
712755382607084,2024-03-21T19:39:42.625Z,gyroscope sensor uncalibrated,0.27550024,-0.6041457,0.70249504,0.27550024,-0.6041457,0.70249504,3
712755392639484,2024-03-21T19:39:42.636Z,gyroscope sensor uncalibrated,0.20891592,-0.58032197,0.6230826,0.20891592,-0.58032197,0.6230826,3
712755402671817,2024-03-21T19:39:42.645Z,gyroscope sensor uncalibrated,0.22113322,-0.38973203,0.5332854,0.22113322,-0.38973203,0.5332854,3
712755412703517,2024-03-21T19:39:42.656Z,gyroscope sensor uncalibrated,0.084910266,0.17959438,0.453262,0.084910266,0.17959438,0.453262,3
712755422735217,2024-03-21T19:39:42.665Z,gyroscope sensor uncalibrated,-0.17348573,0.31764993,0.3475823,-0.17348573,0.31764993,0.3475823,3
712755432766617,2024-03-21T19:39:42.676Z,gyroscope sensor uncalibrated,-0.37934732,0.38728857,0.20341812,-0.37934732,0.38728857,0.20341812,3
712755442798317,2024-03-21T19:39:42.685Z,gyroscope sensor uncalibrated,-0.3652974,0.5833763,0.12522738,-0.3652974,0.5833763,0.12522738,3
712755452830717,2024-03-21T19:39:42.695Z,gyroscope sensor uncalibrated,-0.267559,0.7849618,0.2406809,-0.267559,0.7849618,0.2406809,3
712755462863050,2024-03-21T19:39:42.705Z,gyroscope sensor uncalibrated,-0.13133603,0.806953,0.42332962,-0.13133603,0.806953,0.42332962,3
712755472895450,2024-03-21T19:39:42.716Z,gyroscope sensor uncalibrated,0.01282817,0.65240407,0.47708577,0.01282817,0.65240407,0.47708577,3
712755482927850,2024-03-21T19:39:42.725Z,gyroscope sensor uncalibrated,0.07086037,0.39400807,0.35979962,0.07086037,0.39400807,0.35979962,3
712755492960250,2024-03-21T19:39:42.736Z,gyroscope sensor uncalibrated,0.009773844,0.15515977,0.16493362,0.009773844,0.15515977,0.16493362,3
712755502992650,2024-03-21T19:39:42.746Z,gyroscope sensor uncalibrated,-0.08124508,-0.02443461,-0.040317107,-0.08124508,-0.02443461,-0.040317107,3
712755512991683,2024-03-21T19:39:42.755Z,gyroscope sensor uncalibrated,-0.17837265,-0.1685988,-0.20586158,-0.17837265,-0.1685988,-0.20586158,3
712755522990016,2024-03-21T19:39:42.766Z,gyroscope sensor uncalibrated,-0.26328292,-0.30665436,-0.28344148,-0.26328292,-0.30665436,-0.28344148,3
712755532988949,2024-03-21T19:39:42.775Z,gyroscope sensor uncalibrated,-0.28710666,-0.40133846,-0.2742785,-0.28710666,-0.40133846,-0.2742785,3
712755542987815,2024-03-21T19:39:42.785Z,gyroscope sensor uncalibrated,-0.24129178,-0.49541172,-0.22907446,-0.24129178,-0.49541172,-0.22907446,3
712755552986681,2024-03-21T19:39:42.796Z,gyroscope sensor uncalibrated,-0.172264,-0.59986967,-0.19730948,-0.172264,-0.59986967,-0.19730948,3
712755562985514,2024-03-21T19:39:42.806Z,gyroscope sensor uncalibrated,-0.12889257,-0.6768387,-0.19486602,-0.12889257,-0.6768387,-0.19486602,3
712755572984280,2024-03-21T19:39:42.816Z,gyroscope sensor uncalibrated,-0.15088372,-0.6719518,-0.18448131,-0.15088372,-0.6719518,-0.18448131,3
712755582983080,2024-03-21T19:39:42.825Z,gyroscope sensor uncalibrated,-0.19242255,-0.6389651,-0.20708331,-0.19242255,-0.6389651,-0.20708331,3
712755592981813,2024-03-21T19:39:42.835Z,gyroscope sensor uncalibrated,-0.21197024,-0.5681047,-0.23335053,-0.21197024,-0.5681047,-0.23335053,3
712755602980546,2024-03-21T19:39:42.845Z,gyroscope sensor uncalibrated,-0.19120082,-0.4538729,-0.23884831,-0.19120082,-0.4538729,-0.23884831,3
712755612979279,2024-03-21T19:39:42.856Z,gyroscope sensor uncalibrated,-0.14538592,-0.30909783,-0.23945917,-0.14538592,-0.30909783,-0.23945917,3
712755622978012,2024-03-21T19:39:42.865Z,gyroscope sensor uncalibrated,-0.018936822,-0.059253927,-0.21685717,-0.018936822,-0.059253927,-0.21685717,3
712755632976745,2024-03-21T19:39:42.876Z,gyroscope sensor uncalibrated,0.08124508,0.08552113,-0.18448131,0.08124508,0.08552113,-0.18448131,3
712755642975478,2024-03-21T19:39:42.885Z,gyroscope sensor uncalibrated,0.17837265,0.19181168,-0.15882497,0.17837265,0.19181168,-0.15882497,3
712755652974144,2024-03-21T19:39:42.896Z,gyroscope sensor uncalibrated,0.24190263,0.25900686,-0.14294247,0.24190263,0.25900686,-0.14294247,3
712755662972877,2024-03-21T19:39:42.905Z,gyroscope sensor uncalibrated,0.25961772,0.29993483,-0.124005646,0.25961772,0.29993483,-0.124005646,3
712755672971610,2024-03-21T19:39:42.916Z,gyroscope sensor uncalibrated,0.23823744,0.32925636,-0.10140363,0.23823744,0.32925636,-0.10140363,3
712755682970276,2024-03-21T19:39:42.925Z,gyroscope sensor uncalibrated,0.20647246,0.35430184,-0.07574729,0.20647246,0.35430184,-0.07574729,3
712755692969009,2024-03-21T19:39:42.936Z,gyroscope sensor uncalibrated,0.1704314,0.38423425,-0.05375614,0.1704314,0.38423425,-0.05375614,3
712755702967775,2024-03-21T19:39:42.946Z,gyroscope sensor uncalibrated,0.13316862,0.42149702,-0.028710667,0.13316862,0.42149702,-0.028710667,3
712755712967175,2024-03-21T19:39:42.955Z,gyroscope sensor uncalibrated,0.10995574,0.45081854,0.00061086525,0.10995574,0.45081854,0.00061086525,3
712755722966641,2024-03-21T19:39:42.965Z,gyroscope sensor uncalibrated,0.12095132,0.45998153,0.04642576,0.12095132,0.45998153,0.04642576,3
712755732966341,2024-03-21T19:39:42.976Z,gyroscope sensor uncalibrated,0.14477506,0.49663344,0.100792766,0.14477506,0.49663344,0.100792766,3
712755742965807,2024-03-21T19:39:42.985Z,gyroscope sensor uncalibrated,0.19120082,0.48197266,0.15393804,0.19120082,0.48197266,0.15393804,3
712755752964573,2024-03-21T19:39:42.995Z,gyroscope sensor uncalibrated,0.23579398,0.4196644,0.204029,0.23579398,0.4196644,0.204029,3
712755763404430,2024-03-21T19:39:43.007Z,gyroscope sensor uncalibrated,0.2510656,0.37140608,0.2302962,0.2510656,0.37140608,0.2302962,3
712755773403196,2024-03-21T19:39:43.017Z,gyroscope sensor uncalibrated,0.25595254,0.3463606,0.23884831,0.25595254,0.3463606,0.23884831,3
712755783401962,2024-03-21T19:39:43.026Z,gyroscope sensor uncalibrated,0.27550024,0.32620203,0.24923302,0.27550024,0.32620203,0.24923302,3
712755793400662,2024-03-21T19:39:43.036Z,gyroscope sensor uncalibrated,0.3109304,0.31887165,0.26206118,0.3109304,0.31887165,0.26206118,3
712755803399428,2024-03-21T19:39:43.046Z,gyroscope sensor uncalibrated,0.3378085,0.33292156,0.26633725,0.3378085,0.33292156,0.26633725,3
712755813398194,2024-03-21T19:39:43.057Z,gyroscope sensor uncalibrated,0.34208453,0.35796702,0.24251351,0.34208453,0.35796702,0.24251351,3
712755823397594,2024-03-21T19:39:43.066Z,gyroscope sensor uncalibrated,0.321926,0.34880406,0.17654006,0.321926,0.34880406,0.17654006,3
712755833396360,2024-03-21T19:39:43.076Z,gyroscope sensor uncalibrated,0.27305678,0.26083946,0.07269296,0.27305678,0.26083946,0.07269296,3
712755843395126,2024-03-21T19:39:43.086Z,gyroscope sensor uncalibrated,0.08979719,0.04337143,-0.1282817,0.08979719,0.04337143,-0.1282817,3
712755853393892,2024-03-21T19:39:43.096Z,gyroscope sensor uncalibrated,-0.069027774,-0.08002335,-0.29016098,-0.069027774,-0.08002335,-0.29016098,3
712755863392658,2024-03-21T19:39:43.107Z,gyroscope sensor uncalibrated,-0.20891592,-0.15515977,-0.45020768,-0.20891592,-0.15515977,-0.45020768,3
712755873391424,2024-03-21T19:39:43.117Z,gyroscope sensor uncalibrated,-0.30115658,-0.26511553,-0.5717699,-0.30115658,-0.26511553,-0.5717699,3
712755883390190,2024-03-21T19:39:43.127Z,gyroscope sensor uncalibrated,-0.2565634,-0.45753807,-0.6096435,-0.2565634,-0.45753807,-0.6096435,3
712755893388956,2024-03-21T19:39:43.136Z,gyroscope sensor uncalibrated,-0.15821409,-0.68661255,-0.5491679,-0.15821409,-0.68661255,-0.5491679,3
712755903387656,2024-03-21T19:39:43.147Z,gyroscope sensor uncalibrated,-0.07574729,-0.87781334,-0.408058,-0.07574729,-0.87781334,-0.408058,3
712755913386422,2024-03-21T19:39:43.156Z,gyroscope sensor uncalibrated,0.0036651916,-0.9584476,-0.25289822,0.0036651916,-0.9584476,-0.25289822,3
712755923385188,2024-03-21T19:39:43.166Z,gyroscope sensor uncalibrated,0.06780604,-0.870483,-0.16432275,0.06780604,-0.870483,-0.16432275,3
712755933383888,2024-03-21T19:39:43.177Z,gyroscope sensor uncalibrated,0.13561209,-0.66645396,-0.1966986,0.13561209,-0.66645396,-0.1966986,3
712755943382654,2024-03-21T19:39:43.186Z,gyroscope sensor uncalibrated,0.19730948,-0.39095375,-0.28588495,0.19730948,-0.39095375,-0.28588495,3
712755953381420,2024-03-21T19:39:43.197Z,gyroscope sensor uncalibrated,0.27366763,-0.1386664,-0.33658674,0.27366763,-0.1386664,-0.33658674,3
712755963380120,2024-03-21T19:39:43.207Z,gyroscope sensor uncalibrated,0.37384954,-0.14844026,-0.30665436,0.37384954,-0.14844026,-0.30665436,3
712755973378886,2024-03-21T19:39:43.216Z,gyroscope sensor uncalibrated,0.43493605,-0.45998153,-0.2302962,0.43493605,-0.45998153,-0.2302962,3
712755983377652,2024-03-21T19:39:43.227Z,gyroscope sensor uncalibrated,0.42638394,-0.70432764,-0.15760323,0.42638394,-0.70432764,-0.15760323,3
712755993376418,2024-03-21T19:39:43.237Z,gyroscope sensor uncalibrated,0.31581733,-0.63407815,-0.13988814,0.31581733,-0.63407815,-0.13988814,3
712756003375151,2024-03-21T19:39:43.246Z,gyroscope sensor uncalibrated,0.15210545,-0.3371976,-0.22907446,0.15210545,-0.3371976,-0.22907446,3
712756013373884,2024-03-21T19:39:43.257Z,gyroscope sensor uncalibrated,0.040317107,-0.00061086525,-0.35613444,0.040317107,-0.00061086525,-0.35613444,3
712756023372617,2024-03-21T19:39:43.266Z,gyroscope sensor uncalibrated,0.032986723,0.28955013,-0.44104472,0.032986723,0.28955013,-0.44104472,3
712756033371350,2024-03-21T19:39:43.276Z,gyroscope sensor uncalibrated,0.07269296,0.54000485,-0.4978552,0.07269296,0.54000485,-0.4978552,3
712756043370016,2024-03-21T19:39:43.287Z,gyroscope sensor uncalibrated,0.15943582,0.73853606,-0.42210788,0.15943582,0.73853606,-0.42210788,3
712756053368749,2024-03-21T19:39:43.297Z,gyroscope sensor uncalibrated,0.4361578,0.9279043,-0.06352998,0.4361578,0.9279043,-0.06352998,3
712756063367482,2024-03-21T19:39:43.306Z,gyroscope sensor uncalibrated,0.453262,1.0085385,0.12705997,0.453262,1.0085385,0.12705997,3
712756073366148,2024-03-21T19:39:43.317Z,gyroscope sensor uncalibrated,0.42455134,0.9505063,0.22968534,0.42455134,0.9505063,0.22968534,3
712756083364881,2024-03-21T19:39:43.326Z,gyroscope sensor uncalibrated,0.47525316,0.70188415,0.28893927,0.47525316,0.70188415,0.28893927,3
712756093363614,2024-03-21T19:39:43.336Z,gyroscope sensor uncalibrated,0.49296826,0.34391713,0.28344148,0.49296826,0.34391713,0.28344148,3
712756103362347,2024-03-21T19:39:43.346Z,gyroscope sensor uncalibrated,0.40439278,-0.025045475,0.22174409,0.40439278,-0.025045475,0.22174409,3
712756113360680,2024-03-21T19:39:43.356Z,gyroscope sensor uncalibrated,0.22357668,-0.35185838,0.11056661,0.22357668,-0.35185838,0.11056661,3
712756123359446,2024-03-21T19:39:43.366Z,gyroscope sensor uncalibrated,0.049480084,-0.6395759,0.0030543262,0.049480084,-0.6395759,0.0030543262,3
712756133358212,2024-03-21T19:39:43.376Z,gyroscope sensor uncalibrated,-0.065973446,-0.8735373,-0.052534413,-0.065973446,-0.8735373,-0.052534413,3
712756143356978,2024-03-21T19:39:43.386Z,gyroscope sensor uncalibrated,-0.1020145,-1.0415252,-0.07696902,-0.1020145,-1.0415252,-0.07696902,3
712756153355678,2024-03-21T19:39:43.397Z,gyroscope sensor uncalibrated,0.047036625,-1.105666,-0.03604105,0.047036625,-1.105666,-0.03604105,3
712756163354444,2024-03-21T19:39:43.406Z,gyroscope sensor uncalibrated,0.084910266,-0.98837996,0.05375614,0.084910266,-0.98837996,0.05375614,3
712756173353210,2024-03-21T19:39:43.417Z,gyroscope sensor uncalibrated,0.018936822,-0.7538077,0.15882497,0.018936822,-0.7538077,0.15882497,3
712756183351910,2024-03-21T19:39:43.426Z,gyroscope sensor uncalibrated,0.01160644,-0.45875978,0.24617869,0.01160644,-0.45875978,0.24617869,3
712756193350676,2024-03-21T19:39:43.436Z,gyroscope sensor uncalibrated,-0.0018325958,-0.14477506,0.2706133,-0.0018325958,-0.14477506,0.2706133,3
712756203349442,2024-03-21T19:39:43.446Z,gyroscope sensor uncalibrated,-0.055588737,0.11728613,0.2443461,-0.055588737,0.11728613,0.2443461,3
712756213348142,2024-03-21T19:39:43.456Z,gyroscope sensor uncalibrated,-0.13744467,0.27000242,0.19853121,-0.13744467,0.27000242,0.19853121,3
712756223346908,2024-03-21T19:39:43.466Z,gyroscope sensor uncalibrated,-0.21746802,0.39095375,0.12950343,-0.21746802,0.39095375,0.12950343,3
712756233345674,2024-03-21T19:39:43.477Z,gyroscope sensor uncalibrated,-0.29016098,0.51251596,0.04642576,-0.29016098,0.51251596,0.04642576,3
712756243344440,2024-03-21T19:39:43.486Z,gyroscope sensor uncalibrated,-0.34208453,0.6084218,-0.039095376,-0.34208453,0.6084218,-0.039095376,3
712756253343206,2024-03-21T19:39:43.497Z,gyroscope sensor uncalibrated,-0.3475823,0.6719518,-0.1142318,-0.3475823,0.6719518,-0.1142318,3
712756263341972,2024-03-21T19:39:43.506Z,gyroscope sensor uncalibrated,-0.30115658,0.73426,-0.18997909,-0.30115658,0.73426,-0.18997909,3
712756273340738,2024-03-21T19:39:43.516Z,gyroscope sensor uncalibrated,-0.267559,0.72387534,-0.204029,-0.267559,0.72387534,-0.204029,3
712756283339504,2024-03-21T19:39:43.527Z,gyroscope sensor uncalibrated,-0.2321288,0.65118235,-0.20158553,-0.2321288,0.65118235,-0.20158553,3
712756293338204,2024-03-21T19:39:43.536Z,gyroscope sensor uncalibrated,-0.19120082,0.5271767,-0.19547687,-0.19120082,0.5271767,-0.19547687,3
712756303336970,2024-03-21T19:39:43.546Z,gyroscope sensor uncalibrated,-0.16615535,0.38056904,-0.19608775,-0.16615535,0.38056904,-0.19608775,3
712756313335770,2024-03-21T19:39:43.557Z,gyroscope sensor uncalibrated,-0.1704314,0.22479841,-0.2003638,-0.1704314,0.22479841,-0.2003638,3
712756323334536,2024-03-21T19:39:43.567Z,gyroscope sensor uncalibrated,-0.20830505,0.076358154,-0.18570304,-0.20830505,0.076358154,-0.18570304,3
712756333333369,2024-03-21T19:39:43.577Z,gyroscope sensor uncalibrated,-0.25473082,-0.06414085,-0.14110987,-0.25473082,-0.06414085,-0.14110987,3
712756343332269,2024-03-21T19:39:43.586Z,gyroscope sensor uncalibrated,-0.27488935,-0.14905111,-0.09773844,-0.27488935,-0.14905111,-0.09773844,3
712756353331169,2024-03-21T19:39:43.596Z,gyroscope sensor uncalibrated,-0.26389378,-0.15943582,-0.04153884,-0.26389378,-0.15943582,-0.04153884,3
712756363330069,2024-03-21T19:39:43.606Z,gyroscope sensor uncalibrated,-0.23396139,-0.11178834,0.030543262,-0.23396139,-0.11178834,0.030543262,3
712756373328969,2024-03-21T19:39:43.616Z,gyroscope sensor uncalibrated,-0.18203785,-0.045814894,0.11911872,-0.18203785,-0.045814894,0.11911872,3
712756383327869,2024-03-21T19:39:43.627Z,gyroscope sensor uncalibrated,-0.1001819,0.0018325958,0.22785273,-0.1001819,0.0018325958,0.22785273,3
712756393326769,2024-03-21T19:39:43.636Z,gyroscope sensor uncalibrated,-0.004886922,0.028710667,0.36102137,-0.004886922,0.028710667,0.36102137,3
712756403325602,2024-03-21T19:39:43.647Z,gyroscope sensor uncalibrated,0.07696902,0.04153884,0.5039638,0.07696902,0.04153884,0.5039638,3
712756413324902,2024-03-21T19:39:43.657Z,gyroscope sensor uncalibrated,0.15882497,0.018936822,0.63224554,0.15882497,0.018936822,0.63224554,3
712756423323068,2024-03-21T19:39:43.667Z,gyroscope sensor uncalibrated,0.22479841,-0.093462385,0.7110472,0.22479841,-0.093462385,0.7110472,3
712756433320934,2024-03-21T19:39:43.676Z,gyroscope sensor uncalibrated,0.22296582,-0.3036,0.72509706,0.22296582,-0.3036,0.72509706,3
712756443319800,2024-03-21T19:39:43.687Z,gyroscope sensor uncalibrated,0.15210545,-0.5320636,0.6951646,0.15210545,-0.5320636,0.6951646,3
712756453318666,2024-03-21T19:39:43.696Z,gyroscope sensor uncalibrated,0.052534413,-0.6609562,0.64751714,0.052534413,-0.6609562,0.64751714,3
712756463317466,2024-03-21T19:39:43.706Z,gyroscope sensor uncalibrated,-0.01160644,-0.5882632,0.58093286,-0.01160644,-0.5882632,0.58093286,3
712756473316332,2024-03-21T19:39:43.716Z,gyroscope sensor uncalibrated,0.009773844,-0.28221974,0.51251596,0.009773844,-0.28221974,0.51251596,3
712756483315198,2024-03-21T19:39:43.727Z,gyroscope sensor uncalibrated,-0.11728613,0.2864958,0.48075095,-0.11728613,0.2864958,0.48075095,3
712756493313631,2024-03-21T19:39:43.737Z,gyroscope sensor uncalibrated,-0.32986724,0.35185838,0.34391713,-0.32986724,0.35185838,0.34391713,3
712756503311797,2024-03-21T19:39:43.746Z,gyroscope sensor uncalibrated,-0.37140608,0.3811799,0.14782938,-0.37140608,0.3811799,0.14782938,3
712756513310663,2024-03-21T19:39:43.757Z,gyroscope sensor uncalibrated,-0.29443705,0.5338962,0.14294247,-0.29443705,0.5338962,0.14294247,3
712756523309529,2024-03-21T19:39:43.767Z,gyroscope sensor uncalibrated,-0.21135938,0.73364913,0.29016098,-0.21135938,0.73364913,0.29016098,3
712756533308395,2024-03-21T19:39:43.777Z,gyroscope sensor uncalibrated,-0.13683382,0.8155051,0.41538838,-0.13683382,0.8155051,0.41538838,3
712756543307195,2024-03-21T19:39:43.786Z,gyroscope sensor uncalibrated,-0.056199603,0.7703011,0.41722095,-0.056199603,0.7703011,0.41722095,3
712756553306061,2024-03-21T19:39:43.796Z,gyroscope sensor uncalibrated,-0.026267206,0.61269784,0.312763,-0.026267206,0.61269784,0.312763,3
712756563304927,2024-03-21T19:39:43.807Z,gyroscope sensor uncalibrated,-0.07941248,0.46181414,0.16676621,-0.07941248,0.46181414,0.16676621,3
712756573303727,2024-03-21T19:39:43.816Z,gyroscope sensor uncalibrated,-0.19425514,0.3408628,-0.02687807,-0.19425514,0.3408628,-0.02687807,3
712756583302593,2024-03-21T19:39:43.826Z,gyroscope sensor uncalibrated,-0.3585779,0.18387043,-0.23273966,-0.3585779,0.18387043,-0.23273966,3
712756593301459,2024-03-21T19:39:43.837Z,gyroscope sensor uncalibrated,-0.48991394,-0.016493361,-0.36651915,-0.48991394,-0.016493361,-0.36651915,3
712756603300325,2024-03-21T19:39:43.847Z,gyroscope sensor uncalibrated,-0.5729916,-0.26633725,-0.41905355,-0.5729916,-0.26633725,-0.41905355,3
712756613299158,2024-03-21T19:39:43.856Z,gyroscope sensor uncalibrated,-0.634689,-0.49480084,-0.43004912,-0.634689,-0.49480084,-0.43004912,3
712756623297958,2024-03-21T19:39:43.867Z,gyroscope sensor uncalibrated,-0.65240407,-0.6750061,-0.42088616,-0.65240407,-0.6750061,-0.42088616,3
712756633296758,2024-03-21T19:39:43.876Z,gyroscope sensor uncalibrated,-0.57787853,-0.80573124,-0.3848451,-0.57787853,-0.80573124,-0.3848451,3
712756643295491,2024-03-21T19:39:43.886Z,gyroscope sensor uncalibrated,-0.46914452,-0.86254174,-0.3567453,-0.46914452,-0.86254174,-0.3567453,3
712756653294157,2024-03-21T19:39:43.897Z,gyroscope sensor uncalibrated,-0.4251622,-0.9126327,-0.3286455,-0.4251622,-0.9126327,-0.3286455,3
712756663292890,2024-03-21T19:39:43.906Z,gyroscope sensor uncalibrated,-0.4813618,-0.9963212,-0.29016098,-0.4813618,-0.9963212,-0.29016098,3
712756673291623,2024-03-21T19:39:43.916Z,gyroscope sensor uncalibrated,-0.4392121,-0.9944886,-0.28160888,-0.4392121,-0.9944886,-0.28160888,3
712756683290289,2024-03-21T19:39:43.926Z,gyroscope sensor uncalibrated,-0.28710666,-0.7715228,-0.22235495,-0.28710666,-0.7715228,-0.22235495,3
712756693289022,2024-03-21T19:39:43.937Z,gyroscope sensor uncalibrated,-0.15821409,-0.36041048,-0.14355333,-0.15821409,-0.36041048,-0.14355333,3
712756703287755,2024-03-21T19:39:43.946Z,gyroscope sensor uncalibrated,-0.054367006,-0.12461651,-0.10934488,-0.054367006,-0.12461651,-0.10934488,3
712756713286421,2024-03-21T19:39:43.956Z,gyroscope sensor uncalibrated,0.059864793,0.08124508,-0.08307768,0.059864793,0.08124508,-0.08307768,3
712756723285854,2024-03-21T19:39:43.967Z,gyroscope sensor uncalibrated,0.13255776,0.24801129,-0.04642576,0.13255776,0.24801129,-0.04642576,3
712756733285554,2024-03-21T19:39:43.977Z,gyroscope sensor uncalibrated,0.18020524,0.36041048,-0.0018325958,0.18020524,0.36041048,-0.0018325958,3
712756743284320,2024-03-21T19:39:43.986Z,gyroscope sensor uncalibrated,0.22785273,0.43127087,0.047036625,0.22785273,0.43127087,0.047036625,3
712756753283086,2024-03-21T19:39:43.996Z,gyroscope sensor uncalibrated,0.27855456,0.46792278,0.09773844,0.27855456,0.46792278,0.09773844,3
712756763281852,2024-03-21T19:39:44.006Z,gyroscope sensor uncalibrated,0.32375857,0.49174652,0.13316862,0.32375857,0.49174652,0.13316862,3
712756773280618,2024-03-21T19:39:44.017Z,gyroscope sensor uncalibrated,0.3408628,0.5143485,0.15515977,0.3408628,0.5143485,0.15515977,3
712756783279384,2024-03-21T19:39:44.027Z,gyroscope sensor uncalibrated,0.3286455,0.5143485,0.15699236,0.3286455,0.5143485,0.15699236,3
712756793278517,2024-03-21T19:39:44.036Z,gyroscope sensor uncalibrated,0.31337386,0.4813618,0.15699236,0.31337386,0.4813618,0.15699236,3
712756803277983,2024-03-21T19:39:44.047Z,gyroscope sensor uncalibrated,0.29138273,0.40561453,0.15699236,0.29138273,0.40561453,0.15699236,3
712756813276749,2024-03-21T19:39:44.056Z,gyroscope sensor uncalibrated,0.28099802,0.2938262,0.15760323,0.28099802,0.2938262,0.15760323,3
712756823275449,2024-03-21T19:39:44.067Z,gyroscope sensor uncalibrated,0.29871312,0.16554448,0.172264,0.29871312,0.16554448,0.172264,3
712756833274215,2024-03-21T19:39:44.077Z,gyroscope sensor uncalibrated,0.33964106,0.037873644,0.204029,0.33964106,0.037873644,0.204029,3
712756843272981,2024-03-21T19:39:44.087Z,gyroscope sensor uncalibrated,0.37995818,-0.051923547,0.2510656,0.37995818,-0.051923547,0.2510656,3
712756853271747,2024-03-21T19:39:44.096Z,gyroscope sensor uncalibrated,0.40133846,-0.070249505,0.28893927,0.40133846,-0.070249505,0.28893927,3
712756863270513,2024-03-21T19:39:44.106Z,gyroscope sensor uncalibrated,0.42332962,-0.028099801,0.30543262,0.42332962,-0.028099801,0.30543262,3
712756873269279,2024-03-21T19:39:44.117Z,gyroscope sensor uncalibrated,0.43188173,0.05375614,0.30726522,0.43188173,0.05375614,0.30726522,3
712756883268045,2024-03-21T19:39:44.127Z,gyroscope sensor uncalibrated,0.4098906,0.11301007,0.2932153,0.4098906,0.11301007,0.2932153,3
712756893266811,2024-03-21T19:39:44.137Z,gyroscope sensor uncalibrated,0.3744604,0.105068825,0.25473082,0.3744604,0.105068825,0.25473082,3
712756903265511,2024-03-21T19:39:44.147Z,gyroscope sensor uncalibrated,0.312763,-0.002443461,0.16065755,0.312763,-0.002443461,0.16065755,3
712756913264277,2024-03-21T19:39:44.156Z,gyroscope sensor uncalibrated,0.24312437,-0.07391469,0.034208454,0.24312437,-0.07391469,0.034208454,3
712756923263043,2024-03-21T19:39:44.167Z,gyroscope sensor uncalibrated,0.14905111,-0.116675265,-0.14782938,0.14905111,-0.116675265,-0.14782938,3
712756933261743,2024-03-21T19:39:44.176Z,gyroscope sensor uncalibrated,0.03848451,-0.22296582,-0.3304781,0.03848451,-0.22296582,-0.3304781,3
712756943260509,2024-03-21T19:39:44.186Z,gyroscope sensor uncalibrated,-0.07391469,-0.45265114,-0.44348818,-0.07391469,-0.45265114,-0.44348818,3
712756953259275,2024-03-21T19:39:44.196Z,gyroscope sensor uncalibrated,-0.1001819,-0.743423,-0.45265114,-0.1001819,-0.743423,-0.45265114,3
712756963257975,2024-03-21T19:39:44.207Z,gyroscope sensor uncalibrated,-0.020158553,-0.95417154,-0.35246924,-0.020158553,-0.95417154,-0.35246924,3
712756973256741,2024-03-21T19:39:44.217Z,gyroscope sensor uncalibrated,0.12461651,-0.97310835,-0.19242255,0.12461651,-0.97310835,-0.19242255,3
712756983255507,2024-03-21T19:39:44.227Z,gyroscope sensor uncalibrated,0.20647246,-0.7654142,-0.09407325,0.20647246,-0.7654142,-0.09407325,3
712756993254273,2024-03-21T19:39:44.236Z,gyroscope sensor uncalibrated,0.24984388,-0.36163223,-0.13255776,0.24984388,-0.36163223,-0.13255776,3
712757003253039,2024-03-21T19:39:44.246Z,gyroscope sensor uncalibrated,0.33169982,0.17287487,-0.22235495,0.33169982,0.17287487,-0.22235495,3
712757013251805,2024-03-21T19:39:44.257Z,gyroscope sensor uncalibrated,0.48075095,0.27550024,-0.18142697,0.48075095,0.27550024,-0.18142697,3
712757023250571,2024-03-21T19:39:44.267Z,gyroscope sensor uncalibrated,0.60231316,0.04520403,-0.027488936,0.60231316,0.04520403,-0.027488936,3
712757033249304,2024-03-21T19:39:44.276Z,gyroscope sensor uncalibrated,0.5558874,0.087964594,0.03848451,0.5558874,0.087964594,0.03848451,3
712757043247970,2024-03-21T19:39:44.286Z,gyroscope sensor uncalibrated,0.32803464,0.4129449,-0.11484267,0.32803464,0.4129449,-0.11484267,3
712757053246703,2024-03-21T19:39:44.297Z,gyroscope sensor uncalibrated,0.096516706,0.7141015,-0.41599923,0.096516706,0.7141015,-0.41599923,3
712757063245436,2024-03-21T19:39:44.306Z,gyroscope sensor uncalibrated,-0.052534413,0.7715228,-0.63285637,-0.052534413,0.7715228,-0.63285637,3
712757073244102,2024-03-21T19:39:44.316Z,gyroscope sensor uncalibrated,-0.053145275,0.55955255,-0.6261369,-0.053145275,0.55955255,-0.6261369,3
712757083242835,2024-03-21T19:39:44.327Z,gyroscope sensor uncalibrated,0.07819075,0.267559,-0.51923543,0.07819075,0.267559,-0.51923543,3
712757093241568,2024-03-21T19:39:44.336Z,gyroscope sensor uncalibrated,0.21013765,0.18081611,-0.32742378,0.21013765,0.18081611,-0.32742378,3
712757103240301,2024-03-21T19:39:44.346Z,gyroscope sensor uncalibrated,0.30909783,0.21074851,-0.042760566,0.30909783,0.21074851,-0.042760566,3
712757113239034,2024-03-21T19:39:44.356Z,gyroscope sensor uncalibrated,0.42943826,0.13622294,0.2706133,0.42943826,0.13622294,0.2706133,3
712757123237767,2024-03-21T19:39:44.367Z,gyroscope sensor uncalibrated,0.5693264,-0.18509217,0.50762904,0.5693264,-0.18509217,0.50762904,3
712757133236500,2024-03-21T19:39:44.376Z,gyroscope sensor uncalibrated,0.5510005,-0.3915646,0.50579643,0.5510005,-0.3915646,0.50579643,3
712757143235266,2024-03-21T19:39:44.386Z,gyroscope sensor uncalibrated,0.39828414,-0.539394,0.43249258,0.39828414,-0.539394,0.43249258,3
712757153233966,2024-03-21T19:39:44.397Z,gyroscope sensor uncalibrated,0.18387043,-0.65668017,0.2846632,0.18387043,-0.65668017,0.2846632,3
712757163232732,2024-03-21T19:39:44.406Z,gyroscope sensor uncalibrated,-0.0036651916,-0.7263188,0.12217305,-0.0036651916,-0.7263188,0.12217305,3
712757173231498,2024-03-21T19:39:44.416Z,gyroscope sensor uncalibrated,-0.15210545,-0.75136423,0.009162978,-0.15210545,-0.75136423,0.009162978,3
712757183230198,2024-03-21T19:39:44.426Z,gyroscope sensor uncalibrated,-0.22296582,-0.766025,-0.054367006,-0.22296582,-0.766025,-0.054367006,3
712757193228964,2024-03-21T19:39:44.437Z,gyroscope sensor uncalibrated,-0.19792034,-0.75441855,-0.089186326,-0.19792034,-0.75441855,-0.089186326,3
712757203227730,2024-03-21T19:39:44.446Z,gyroscope sensor uncalibrated,-0.09468412,-0.7134906,-0.1001819,-0.09468412,-0.7134906,-0.1001819,3
712757213226430,2024-03-21T19:39:44.456Z,gyroscope sensor uncalibrated,0.07269296,-0.54183745,-0.014660766,0.07269296,-0.54183745,-0.014660766,3
712757223225196,2024-03-21T19:39:44.466Z,gyroscope sensor uncalibrated,0.052534413,-0.31215215,0.10567969,0.052534413,-0.31215215,0.10567969,3
712757233223962,2024-03-21T19:39:44.476Z,gyroscope sensor uncalibrated,-0.009773844,-0.1020145,0.19058995,-0.009773844,-0.1020145,0.19058995,3
712757243222728,2024-03-21T19:39:44.487Z,gyroscope sensor uncalibrated,-0.042760566,0.052534413,0.20830505,-0.042760566,0.052534413,0.20830505,3
712757253221494,2024-03-21T19:39:44.496Z,gyroscope sensor uncalibrated,-0.12095132,0.15027285,0.1826487,-0.12095132,0.15027285,0.1826487,3
712757263220260,2024-03-21T19:39:44.506Z,gyroscope sensor uncalibrated,-0.23823744,0.21563543,0.15577064,-0.23823744,0.21563543,0.15577064,3
712757273219026,2024-03-21T19:39:44.517Z,gyroscope sensor uncalibrated,-0.31887165,0.27550024,0.12705997,-0.31887165,0.27550024,0.12705997,3
712757283217792,2024-03-21T19:39:44.527Z,gyroscope sensor uncalibrated,-0.34025195,0.33108896,0.077579886,-0.34025195,0.33108896,0.077579886,3
712757293216492,2024-03-21T19:39:44.536Z,gyroscope sensor uncalibrated,-0.34574974,0.38912117,0.0036651916,-0.34574974,0.38912117,0.0036651916,3
712757303215258,2024-03-21T19:39:44.547Z,gyroscope sensor uncalibrated,-0.36346483,0.45204028,-0.07269296,-0.36346483,0.45204028,-0.07269296,3
712757313214024,2024-03-21T19:39:44.557Z,gyroscope sensor uncalibrated,-0.36346483,0.51923543,-0.1386664,-0.36346483,0.51923543,-0.1386664,3
712757323212724,2024-03-21T19:39:44.567Z,gyroscope sensor uncalibrated,-0.32498032,0.5674938,-0.1881465,-0.32498032,0.5674938,-0.1881465,3
712757333211490,2024-03-21T19:39:44.576Z,gyroscope sensor uncalibrated,-0.23151793,0.5644395,-0.21502456,-0.23151793,0.5644395,-0.21502456,3
712757343210256,2024-03-21T19:39:44.587Z,gyroscope sensor uncalibrated,-0.17898351,0.50579643,-0.21502456,-0.17898351,0.50579643,-0.21502456,3
712757353209022,2024-03-21T19:39:44.596Z,gyroscope sensor uncalibrated,-0.15332718,0.42821655,-0.21502456,-0.15332718,0.42821655,-0.21502456,3
712757363207822,2024-03-21T19:39:44.606Z,gyroscope sensor uncalibrated,-0.15332718,0.34697145,-0.20952678,-0.15332718,0.34697145,-0.20952678,3
712757373206722,2024-03-21T19:39:44.616Z,gyroscope sensor uncalibrated,-0.15515977,0.28588495,-0.19853121,-0.15515977,0.28588495,-0.19853121,3
712757383205622,2024-03-21T19:39:44.626Z,gyroscope sensor uncalibrated,-0.16737708,0.25228736,-0.18753563,-0.16737708,0.25228736,-0.18753563,3
712757393204588,2024-03-21T19:39:44.636Z,gyroscope sensor uncalibrated,-0.19486602,0.24984388,-0.16554448,-0.19486602,0.24984388,-0.16554448,3
712757403203521,2024-03-21T19:39:44.647Z,gyroscope sensor uncalibrated,-0.21380283,0.2443461,-0.12339478,-0.21380283,0.2443461,-0.12339478,3
712757413202521,2024-03-21T19:39:44.656Z,gyroscope sensor uncalibrated,-0.18753563,0.21624629,-0.07819075,-0.18753563,0.21624629,-0.07819075,3
712757423200854,2024-03-21T19:39:44.666Z,gyroscope sensor uncalibrated,-0.13194689,0.15210545,-0.03176499,-0.13194689,0.15210545,-0.03176499,3
712757433199154,2024-03-21T19:39:44.676Z,gyroscope sensor uncalibrated,-0.07086037,0.062308256,0.029321533,-0.07086037,0.062308256,0.029321533,3
712757443197254,2024-03-21T19:39:44.687Z,gyroscope sensor uncalibrated,-0.015882496,-0.005497787,0.119729586,-0.015882496,-0.005497787,0.119729586,3
712757453195887,2024-03-21T19:39:44.696Z,gyroscope sensor uncalibrated,0.029932396,-0.05497787,0.24556783,0.029932396,-0.05497787,0.24556783,3
712757463194920,2024-03-21T19:39:44.707Z,gyroscope sensor uncalibrated,0.09407325,-0.12889257,0.39706242,0.09407325,-0.12889257,0.39706242,3
712757473194020,2024-03-21T19:39:44.717Z,gyroscope sensor uncalibrated,0.16554448,-0.2602286,0.5198463,0.16554448,-0.2602286,0.5198463,3
712757483193120,2024-03-21T19:39:44.726Z,gyroscope sensor uncalibrated,0.19608775,-0.39645153,0.5644395,0.19608775,-0.39645153,0.5644395,3
712757493192220,2024-03-21T19:39:44.736Z,gyroscope sensor uncalibrated,0.16920967,-0.35308012,0.5320636,0.16920967,-0.35308012,0.5320636,3
712757503191320,2024-03-21T19:39:44.746Z,gyroscope sensor uncalibrated,0.100792766,0.015882496,0.4813618,0.100792766,0.015882496,0.4813618,3
712757513190420,2024-03-21T19:39:44.756Z,gyroscope sensor uncalibrated,0.014049901,0.5839872,0.42455134,0.014049901,0.5839872,0.42455134,3
712757523189853,2024-03-21T19:39:44.766Z,gyroscope sensor uncalibrated,-0.14172074,0.8857546,0.35735616,-0.14172074,0.8857546,0.35735616,3
712757533188953,2024-03-21T19:39:44.777Z,gyroscope sensor uncalibrated,-0.3268129,0.8142834,0.22296582,-0.3268129,0.8142834,0.22296582,3
712757543187986,2024-03-21T19:39:44.786Z,gyroscope sensor uncalibrated,-0.2565634,0.883922,0.040317107,-0.2565634,0.883922,0.040317107,3
712757553187086,2024-03-21T19:39:44.796Z,gyroscope sensor uncalibrated,-0.20708331,0.93462384,0.103847094,-0.20708331,0.93462384,0.103847094,3
712757563186186,2024-03-21T19:39:44.807Z,gyroscope sensor uncalibrated,-0.25717425,0.72082096,0.21746802,-0.25717425,0.72082096,0.21746802,3
712757573185219,2024-03-21T19:39:44.816Z,gyroscope sensor uncalibrated,-0.34269542,0.30482176,0.19486602,-0.34269542,0.30482176,0.19486602,3
712757583184319,2024-03-21T19:39:44.826Z,gyroscope sensor uncalibrated,-0.39400807,-0.20586158,-0.04520403,-0.39400807,-0.20586158,-0.04520403,3
712757593183419,2024-03-21T19:39:44.836Z,gyroscope sensor uncalibrated,-0.4129449,-0.5662721,-0.34513888,-0.4129449,-0.5662721,-0.34513888,3
712757603182519,2024-03-21T19:39:44.847Z,gyroscope sensor uncalibrated,-0.42760566,-0.73914695,-0.54550266,-0.42760566,-0.73914695,-0.54550266,3
712757613181619,2024-03-21T19:39:44.857Z,gyroscope sensor uncalibrated,-0.453262,-0.7678576,-0.65668017,-0.453262,-0.7678576,-0.65668017,3
712757623180719,2024-03-21T19:39:44.866Z,gyroscope sensor uncalibrated,-0.516792,-0.6719518,-0.7147123,-0.516792,-0.6719518,-0.7147123,3
712757633179119,2024-03-21T19:39:44.877Z,gyroscope sensor uncalibrated,-0.61819565,-0.5039638,-0.7189884,-0.61819565,-0.5039638,-0.7189884,3
712757643178219,2024-03-21T19:39:44.887Z,gyroscope sensor uncalibrated,-0.6921103,-0.34697145,-0.6792821,-0.6921103,-0.34697145,-0.6792821,3
712757653177252,2024-03-21T19:39:44.896Z,gyroscope sensor uncalibrated,-0.7293731,-0.23396139,-0.6114761,-0.7293731,-0.23396139,-0.6114761,3
712757663176318,2024-03-21T19:39:44.906Z,gyroscope sensor uncalibrated,-0.75625116,-0.16737708,-0.54733527,-0.75625116,-0.16737708,-0.54733527,3
712757673175284,2024-03-21T19:39:44.917Z,gyroscope sensor uncalibrated,-0.7641924,-0.12644911,-0.5119051,-0.7641924,-0.12644911,-0.5119051,3
712757683174184,2024-03-21T19:39:44.927Z,gyroscope sensor uncalibrated,-0.81489426,-0.09162979,-0.46853364,-0.81489426,-0.09162979,-0.46853364,3
712757693173084,2024-03-21T19:39:44.937Z,gyroscope sensor uncalibrated,-0.8546005,-0.12095132,-0.4251622,-0.8546005,-0.12095132,-0.4251622,3
712757703171950,2024-03-21T19:39:44.946Z,gyroscope sensor uncalibrated,-0.7892379,-0.23335053,-0.40866885,-0.7892379,-0.23335053,-0.40866885,3
712757713170816,2024-03-21T19:39:44.957Z,gyroscope sensor uncalibrated,-0.6737844,-0.36774087,-0.38240165,-0.6737844,-0.36774087,-0.38240165,3
712757723170349,2024-03-21T19:39:44.966Z,gyroscope sensor uncalibrated,-0.589485,-0.47525316,-0.31703907,-0.589485,-0.47525316,-0.31703907,3
712757733169849,2024-03-21T19:39:44.976Z,gyroscope sensor uncalibrated,-0.49480084,-0.56138515,-0.26206118,-0.49480084,-0.56138515,-0.26206118,3
712757743169582,2024-03-21T19:39:44.987Z,gyroscope sensor uncalibrated,-0.36957347,-0.6218608,-0.24862215,-0.36957347,-0.6218608,-0.24862215,3
712757753168782,2024-03-21T19:39:44.997Z,gyroscope sensor uncalibrated,-0.26939157,-0.6273586,-0.2724459,-0.26939157,-0.6273586,-0.2724459,3
712757763167515,2024-03-21T19:39:45.007Z,gyroscope sensor uncalibrated,-0.20097467,-0.52290064,-0.33964106,-0.20097467,-0.52290064,-0.33964106,3
712757773166248,2024-03-21T19:39:45.016Z,gyroscope sensor uncalibrated,-0.16310102,-0.40011674,-0.3659083,-0.16310102,-0.40011674,-0.3659083,3
712757783164981,2024-03-21T19:39:45.026Z,gyroscope sensor uncalibrated,-0.112399206,-0.25045475,-0.35002577,-0.112399206,-0.25045475,-0.35002577,3
712757793163681,2024-03-21T19:39:45.036Z,gyroscope sensor uncalibrated,-0.06352998,-0.077579886,-0.29871312,-0.06352998,-0.077579886,-0.29871312,3
712757803161947,2024-03-21T19:39:45.047Z,gyroscope sensor uncalibrated,-0.02321288,0.11056661,-0.21074851,-0.02321288,0.11056661,-0.21074851,3
712757813160713,2024-03-21T19:39:45.056Z,gyroscope sensor uncalibrated,0.009773844,0.29810223,-0.105068825,0.009773844,0.29810223,-0.105068825,3
712757823158579,2024-03-21T19:39:45.066Z,gyroscope sensor uncalibrated,0.040317107,0.4605924,-0.0030543262,0.040317107,0.4605924,-0.0030543262,3
712757833155545,2024-03-21T19:39:45.077Z,gyroscope sensor uncalibrated,0.070249505,0.5723807,0.06536258,0.070249505,0.5723807,0.06536258,3
712757843152578,2024-03-21T19:39:45.086Z,gyroscope sensor uncalibrated,0.09040806,0.6230826,0.093462385,0.09040806,0.6230826,0.093462385,3
712757853149611,2024-03-21T19:39:45.096Z,gyroscope sensor uncalibrated,0.09101892,0.61453044,0.10445796,0.09101892,0.61453044,0.10445796,3
712757863146711,2024-03-21T19:39:45.106Z,gyroscope sensor uncalibrated,0.077579886,0.5571091,0.11911872,0.077579886,0.5571091,0.11911872,3
712757873143877,2024-03-21T19:39:45.116Z,gyroscope sensor uncalibrated,0.07819075,0.45570546,0.13988814,0.07819075,0.45570546,0.13988814,3
712757883141043,2024-03-21T19:39:45.126Z,gyroscope sensor uncalibrated,0.09468412,0.3378085,0.16493362,0.09468412,0.3378085,0.16493362,3
712757893138276,2024-03-21T19:39:45.136Z,gyroscope sensor uncalibrated,0.115453534,0.2321288,0.18081611,0.115453534,0.2321288,0.18081611,3
712757903135509,2024-03-21T19:39:45.146Z,gyroscope sensor uncalibrated,0.14110987,0.16065755,0.17592919,0.14110987,0.16065755,0.17592919,3
712757913132809,2024-03-21T19:39:45.156Z,gyroscope sensor uncalibrated,0.16371189,0.1441642,0.15271631,0.16371189,0.1441642,0.15271631,3
712757923130175,2024-03-21T19:39:45.166Z,gyroscope sensor uncalibrated,0.19058995,0.16982053,0.12156218,0.19058995,0.16982053,0.12156218,3
712757933128241,2024-03-21T19:39:45.177Z,gyroscope sensor uncalibrated,0.2302962,0.19914207,0.105068825,0.2302962,0.19914207,0.105068825,3
712757943125674,2024-03-21T19:39:45.187Z,gyroscope sensor uncalibrated,0.26450464,0.18936823,0.103847094,0.26450464,0.18936823,0.103847094,3
712757953123174,2024-03-21T19:39:45.196Z,gyroscope sensor uncalibrated,0.24251351,0.13439035,0.08124508,0.24251351,0.13439035,0.08124508,3
712757963120674,2024-03-21T19:39:45.207Z,gyroscope sensor uncalibrated,0.16676621,0.1020145,-0.01038471,0.16676621,0.1020145,-0.01038471,3
712757973118240,2024-03-21T19:39:45.217Z,gyroscope sensor uncalibrated,0.06963864,0.06536258,-0.26389378,0.06963864,0.06536258,-0.26389378,3
712757983115873,2024-03-21T19:39:45.227Z,gyroscope sensor uncalibrated,0.02321288,-0.11362094,-0.42088616,0.02321288,-0.11362094,-0.42088616,3
712757993113506,2024-03-21T19:39:45.236Z,gyroscope sensor uncalibrated,0.009162978,-0.44776422,-0.4654793,0.009162978,-0.44776422,-0.4654793,3
712758003111206,2024-03-21T19:39:45.247Z,gyroscope sensor uncalibrated,0.07452556,-0.7593055,-0.37507126,0.07452556,-0.7593055,-0.37507126,3
712758013108906,2024-03-21T19:39:45.256Z,gyroscope sensor uncalibrated,0.19853121,-0.9254609,-0.22540927,0.19853121,-0.9254609,-0.22540927,3
712758023106672,2024-03-21T19:39:45.266Z,gyroscope sensor uncalibrated,0.25778514,-0.8509353,-0.17470746,0.25778514,-0.8509353,-0.17470746,3
712758033104505,2024-03-21T19:39:45.276Z,gyroscope sensor uncalibrated,0.2773328,-0.43371433,-0.25900686,0.2773328,-0.43371433,-0.25900686,3
712758043102338,2024-03-21T19:39:45.286Z,gyroscope sensor uncalibrated,0.34391713,0.1966986,-0.40317106,0.34391713,0.1966986,-0.40317106,3
712758053100238,2024-03-21T19:39:45.296Z,gyroscope sensor uncalibrated,0.44593164,0.552833,-0.44898596,0.44593164,0.552833,-0.44898596,3
712758063098204,2024-03-21T19:39:45.306Z,gyroscope sensor uncalibrated,0.5161811,0.3811799,-0.23945917,0.5161811,0.3811799,-0.23945917,3
712758073096437,2024-03-21T19:39:45.317Z,gyroscope sensor uncalibrated,0.5137377,0.31581733,-0.032986723,0.5137377,0.31581733,-0.032986723,3
712758083094470,2024-03-21T19:39:45.326Z,gyroscope sensor uncalibrated,0.4538729,0.58459806,-0.042760566,0.4538729,0.58459806,-0.042760566,3
712758093092803,2024-03-21T19:39:45.336Z,gyroscope sensor uncalibrated,0.33841935,0.99021256,-0.23945917,0.33841935,0.99021256,-0.23945917,3
712758103091369,2024-03-21T19:39:45.346Z,gyroscope sensor uncalibrated,0.21074851,1.1417072,-0.40194935,0.21074851,1.1417072,-0.40194935,3
712758113089502,2024-03-21T19:39:45.357Z,gyroscope sensor uncalibrated,0.16371189,0.947452,-0.37873647,0.16371189,0.947452,-0.37873647,3
712758123088202,2024-03-21T19:39:45.367Z,gyroscope sensor uncalibrated,0.2443461,0.55955255,-0.24129178,0.2443461,0.55955255,-0.24129178,3
712758133088202,2024-03-21T19:39:45.377Z,gyroscope sensor uncalibrated,0.39828414,0.3115413,-0.055588737,0.39828414,0.3115413,-0.055588737,3
712758143088202,2024-03-21T19:39:45.386Z,gyroscope sensor uncalibrated,0.48380527,0.3005457,0.172264,0.48380527,0.3005457,0.172264,3
712758153088202,2024-03-21T19:39:45.396Z,gyroscope sensor uncalibrated,0.54611355,0.30543262,0.40866885,0.54611355,0.30543262,0.40866885,3
712758163088202,2024-03-21T19:39:45.406Z,gyroscope sensor uncalibrated,0.5882632,0.20097467,0.59986967,0.5882632,0.20097467,0.59986967,3
712758173088202,2024-03-21T19:39:45.417Z,gyroscope sensor uncalibrated,0.60231316,-0.01282817,0.67256266,0.60231316,-0.01282817,0.67256266,3
712758183088468,2024-03-21T19:39:45.427Z,gyroscope sensor uncalibrated,0.5522222,-0.34513888,0.5821546,0.5522222,-0.34513888,0.5821546,3
712758193088468,2024-03-21T19:39:45.436Z,gyroscope sensor uncalibrated,0.43493605,-0.49663344,0.4642576,0.43493605,-0.49663344,0.4642576,3
712758203088468,2024-03-21T19:39:45.447Z,gyroscope sensor uncalibrated,0.25228736,-0.58093286,0.3268129,0.25228736,-0.58093286,0.3268129,3
712758213088468,2024-03-21T19:39:45.456Z,gyroscope sensor uncalibrated,0.108123146,-0.634689,0.17104226,0.108123146,-0.634689,0.17104226,3
712758223088468,2024-03-21T19:39:45.467Z,gyroscope sensor uncalibrated,0.029932396,-0.6640105,0.030543262,0.029932396,-0.6640105,0.030543262,3
712758233088468,2024-03-21T19:39:45.476Z,gyroscope sensor uncalibrated,0.02443461,-0.6835582,-0.06780604,0.02443461,-0.6835582,-0.06780604,3
712758243088468,2024-03-21T19:39:45.487Z,gyroscope sensor uncalibrated,0.16615535,-0.63407815,-0.064751714,0.16615535,-0.63407815,-0.064751714,3
712758253088468,2024-03-21T19:39:45.496Z,gyroscope sensor uncalibrated,0.18570304,-0.47708577,-0.0036651916,0.18570304,-0.47708577,-0.0036651916,3
712758263088468,2024-03-21T19:39:45.507Z,gyroscope sensor uncalibrated,0.112399206,-0.29749137,0.07513642,0.112399206,-0.29749137,0.07513642,3
712758273088468,2024-03-21T19:39:45.517Z,gyroscope sensor uncalibrated,0.08552113,-0.14294247,0.12644911,0.08552113,-0.14294247,0.12644911,3
712758283088468,2024-03-21T19:39:45.526Z,gyroscope sensor uncalibrated,0.0720821,-0.031154128,0.13500121,0.0720821,-0.031154128,0.13500121,3
712758293088468,2024-03-21T19:39:45.537Z,gyroscope sensor uncalibrated,0.018325957,0.034208454,0.118507855,0.018325957,0.034208454,0.118507855,3
712758303088468,2024-03-21T19:39:45.547Z,gyroscope sensor uncalibrated,-0.05375614,0.06047566,0.103847094,-0.05375614,0.06047566,0.103847094,3
712758313088468,2024-03-21T19:39:45.556Z,gyroscope sensor uncalibrated,-0.115453534,0.059864793,0.093462385,-0.115453534,0.059864793,0.093462385,3
712758323088734,2024-03-21T19:39:45.567Z,gyroscope sensor uncalibrated,-0.1600467,0.06719518,0.086132,-0.1600467,0.06719518,0.086132,3
712758333088734,2024-03-21T19:39:45.576Z,gyroscope sensor uncalibrated,-0.204029,0.100792766,0.06963864,-0.204029,0.100792766,0.06963864,3
712758343088734,2024-03-21T19:39:45.587Z,gyroscope sensor uncalibrated,-0.24801129,0.1563815,0.03726278,-0.24801129,0.1563815,0.03726278,3
712758353088734,2024-03-21T19:39:45.596Z,gyroscope sensor uncalibrated,-0.27977628,0.21868975,-0.007941248,-0.27977628,0.21868975,-0.007941248,3
712758363088734,2024-03-21T19:39:45.606Z,gyroscope sensor uncalibrated,-0.2950479,0.27488935,-0.058643065,-0.2950479,0.27488935,-0.058643065,3
712758373088467,2024-03-21T19:39:45.617Z,gyroscope sensor uncalibrated,-0.30665436,0.31215215,-0.099571034,-0.30665436,0.31215215,-0.099571034,3
712758383088467,2024-03-21T19:39:45.626Z,gyroscope sensor uncalibrated,-0.29810223,0.30726522,-0.12034045,-0.29810223,0.30726522,-0.12034045,3
712758393088467,2024-03-21T19:39:45.637Z,gyroscope sensor uncalibrated,-0.27122417,0.2687807,-0.122783914,-0.27122417,0.2687807,-0.122783914,3
712758403088467,2024-03-21T19:39:45.646Z,gyroscope sensor uncalibrated,-0.24007004,0.18325958,-0.09590584,-0.24007004,0.18325958,-0.09590584,3
712758413088467,2024-03-21T19:39:45.657Z,gyroscope sensor uncalibrated,-0.24129178,0.10751228,-0.06841691,-0.24129178,0.10751228,-0.06841691,3
712758423088467,2024-03-21T19:39:45.666Z,gyroscope sensor uncalibrated,-0.2443461,0.03481932,-0.051923547,-0.2443461,0.03481932,-0.051923547,3
712758433088467,2024-03-21T19:39:45.676Z,gyroscope sensor uncalibrated,-0.24495697,-0.015882496,-0.035430185,-0.24495697,-0.015882496,-0.035430185,3
712758443088467,2024-03-21T19:39:45.687Z,gyroscope sensor uncalibrated,-0.2510656,-0.03481932,-0.014660766,-0.2510656,-0.03481932,-0.014660766,3
712758453088733,2024-03-21T19:39:45.697Z,gyroscope sensor uncalibrated,-0.24678956,-0.028710667,0.0036651916,-0.24678956,-0.028710667,0.0036651916,3
712758463088733,2024-03-21T19:39:45.707Z,gyroscope sensor uncalibrated,-0.20830505,-0.06719518,0.03726278,-0.20830505,-0.06719518,0.03726278,3
712758473088733,2024-03-21T19:39:45.717Z,gyroscope sensor uncalibrated,-0.15088372,-0.122783914,0.07696902,-0.15088372,-0.122783914,0.07696902,3
712758483088466,2024-03-21T19:39:45.727Z,gyroscope sensor uncalibrated,-0.09773844,-0.12217305,0.12034045,-0.09773844,-0.12217305,0.12034045,3
712758493088466,2024-03-21T19:39:45.736Z,gyroscope sensor uncalibrated,-0.0421497,-0.11484267,0.18448131,-0.0421497,-0.11484267,0.18448131,3
712758503088466,2024-03-21T19:39:45.747Z,gyroscope sensor uncalibrated,0.034208454,-0.1863139,0.27672195,0.034208454,-0.1863139,0.27672195,3
712758513088699,2024-03-21T19:39:45.757Z,gyroscope sensor uncalibrated,0.09590584,-0.36041048,0.38423425,0.09590584,-0.36041048,0.38423425,3
712758523088699,2024-03-21T19:39:45.766Z,gyroscope sensor uncalibrated,0.12950343,-0.5290093,0.44043383,0.12950343,-0.5290093,0.44043383,3
712758533088699,2024-03-21T19:39:45.776Z,gyroscope sensor uncalibrated,0.116675265,-0.6169739,0.40378192,0.116675265,-0.6169739,0.40378192,3
712758543088699,2024-03-21T19:39:45.786Z,gyroscope sensor uncalibrated,0.06719518,-0.4831944,0.33169982,0.06719518,-0.4831944,0.33169982,3
712758553088699,2024-03-21T19:39:45.796Z,gyroscope sensor uncalibrated,0.02076942,-0.014049901,0.2669481,0.02076942,-0.014049901,0.2669481,3
712758563088699,2024-03-21T19:39:45.807Z,gyroscope sensor uncalibrated,-0.099571034,0.45753807,0.19120082,-0.099571034,0.45753807,0.19120082,3
712758573088732,2024-03-21T19:39:45.816Z,gyroscope sensor uncalibrated,-0.3371976,0.41538838,0.13133603,-0.3371976,0.41538838,0.13133603,3
712758583088732,2024-03-21T19:39:45.826Z,gyroscope sensor uncalibrated,-0.48563787,0.23090707,0.03726278,-0.48563787,0.23090707,0.03726278,3
712758593088732,2024-03-21T19:39:45.836Z,gyroscope sensor uncalibrated,-0.34025195,0.17654006,-0.039095376,-0.34025195,0.17654006,-0.039095376,3
712758603088732,2024-03-21T19:39:45.846Z,gyroscope sensor uncalibrated,-0.15393804,0.25717425,0.017104227,-0.15393804,0.25717425,0.017104227,3
712758613088732,2024-03-21T19:39:45.857Z,gyroscope sensor uncalibrated,-0.16737708,0.39828414,0.17470746,-0.16737708,0.39828414,0.17470746,3
712758623088465,2024-03-21T19:39:45.867Z,gyroscope sensor uncalibrated,-0.21074851,0.2968805,0.1459968,-0.21074851,0.2968805,0.1459968,3
712758633088465,2024-03-21T19:39:45.876Z,gyroscope sensor uncalibrated,-0.18081611,0.08307768,0.07574729,-0.18081611,0.08307768,0.07574729,3
712758643088465,2024-03-21T19:39:45.886Z,gyroscope sensor uncalibrated,-0.16065755,-0.06047566,0.034208454,-0.16065755,-0.06047566,0.034208454,3
712758653088465,2024-03-21T19:39:45.896Z,gyroscope sensor uncalibrated,-0.22540927,-0.13561209,-0.080634214,-0.22540927,-0.13561209,-0.080634214,3
712758663088465,2024-03-21T19:39:45.906Z,gyroscope sensor uncalibrated,-0.41233405,-0.25167647,-0.28771752,-0.41233405,-0.25167647,-0.28771752,3
712758673088465,2024-03-21T19:39:45.917Z,gyroscope sensor uncalibrated,-0.6243043,-0.35979962,-0.47769663,-0.6243043,-0.35979962,-0.47769663,3
712758683088465,2024-03-21T19:39:45.927Z,gyroscope sensor uncalibrated,-0.7849618,-0.49296826,-0.5888741,-0.7849618,-0.49296826,-0.5888741,3
712758693088198,2024-03-21T19:39:45.937Z,gyroscope sensor uncalibrated,-0.8491027,-0.61391956,-0.6469063,-0.8491027,-0.61391956,-0.6469063,3
712758703088198,2024-03-21T19:39:45.946Z,gyroscope sensor uncalibrated,-0.8173377,-0.7141015,-0.63591075,-0.8173377,-0.7141015,-0.63591075,3
712758713088198,2024-03-21T19:39:45.956Z,gyroscope sensor uncalibrated,-0.788627,-0.77457714,-0.5357288,-0.788627,-0.77457714,-0.5357288,3
712758723088198,2024-03-21T19:39:45.966Z,gyroscope sensor uncalibrated,-0.7305948,-0.84971356,-0.4288274,-0.7305948,-0.84971356,-0.4288274,3
712758733088198,2024-03-21T19:39:45.976Z,gyroscope sensor uncalibrated,-0.6579019,-0.915687,-0.3200934,-0.6579019,-0.915687,-0.3200934,3
712758743088198,2024-03-21T19:39:45.987Z,gyroscope sensor uncalibrated,-0.539394,-0.9297369,-0.23335053,-0.539394,-0.9297369,-0.23335053,3
712758753087931,2024-03-21T19:39:45.997Z,gyroscope sensor uncalibrated,-0.40011674,-0.8723156,-0.18692477,-0.40011674,-0.8723156,-0.18692477,3
712758763087931,2024-03-21T19:39:46.006Z,gyroscope sensor uncalibrated,-0.31887165,-0.75136423,-0.19730948,-0.31887165,-0.75136423,-0.19730948,3
712758773087931,2024-03-21T19:39:46.017Z,gyroscope sensor uncalibrated,-0.23762658,-0.602924,-0.21868975,-0.23762658,-0.602924,-0.21868975,3
712758783087931,2024-03-21T19:39:46.026Z,gyroscope sensor uncalibrated,-0.14721853,-0.453262,-0.2443461,-0.14721853,-0.453262,-0.2443461,3
712758793087931,2024-03-21T19:39:46.037Z,gyroscope sensor uncalibrated,-0.06047566,-0.3115413,-0.2669481,-0.06047566,-0.3115413,-0.2669481,3
712758803087931,2024-03-21T19:39:46.046Z,gyroscope sensor uncalibrated,0.013439035,-0.18203785,-0.267559,0.013439035,-0.18203785,-0.267559,3
712758813087697,2024-03-21T19:39:46.057Z,gyroscope sensor uncalibrated,0.062308256,-0.05131268,-0.22785273,0.062308256,-0.05131268,-0.22785273,3
712758823087963,2024-03-21T19:39:46.066Z,gyroscope sensor uncalibrated,0.081855945,0.15393804,-0.095294975,0.081855945,0.15393804,-0.095294975,3
712758833087963,2024-03-21T19:39:46.076Z,gyroscope sensor uncalibrated,0.100792766,0.28588495,0.0061086523,0.100792766,0.28588495,0.0061086523,3
712758843087963,2024-03-21T19:39:46.087Z,gyroscope sensor uncalibrated,0.12705997,0.40744713,0.0842994,0.12705997,0.40744713,0.0842994,3
712758853087963,2024-03-21T19:39:46.096Z,gyroscope sensor uncalibrated,0.14721853,0.49480084,0.13255776,0.14721853,0.49480084,0.13255776,3
712758863087963,2024-03-21T19:39:46.107Z,gyroscope sensor uncalibrated,0.14355333,0.52839845,0.15271631,0.14355333,0.52839845,0.15271631,3
712758873087929,2024-03-21T19:39:46.116Z,gyroscope sensor uncalibrated,0.12461651,0.50762904,0.14660765,0.12461651,0.50762904,0.14660765,3
712758883087929,2024-03-21T19:39:46.127Z,gyroscope sensor uncalibrated,0.119729586,0.4465425,0.12705997,0.119729586,0.4465425,0.12705997,3
712758893087929,2024-03-21T19:39:46.137Z,gyroscope sensor uncalibrated,0.11178834,0.3915646,0.108123146,0.11178834,0.3915646,0.108123146,3
712758903087929,2024-03-21T19:39:46.146Z,gyroscope sensor uncalibrated,0.10445796,0.29810223,0.11056661,0.10445796,0.29810223,0.11056661,3
712758913087929,2024-03-21T19:39:46.156Z,gyroscope sensor uncalibrated,0.09896017,0.14049901,0.14049901,0.09896017,0.14049901,0.14049901,3
712758923087929,2024-03-21T19:39:46.166Z,gyroscope sensor uncalibrated,0.09590584,0.02321288,0.16249016,0.09590584,0.02321288,0.16249016,3
712758933087929,2024-03-21T19:39:46.176Z,gyroscope sensor uncalibrated,0.10873401,-0.007941248,0.15332718,0.10873401,-0.007941248,0.15332718,3
712758943087929,2024-03-21T19:39:46.186Z,gyroscope sensor uncalibrated,0.1459968,0.02076942,0.1160644,0.1459968,0.02076942,0.1160644,3
712758953088195,2024-03-21T19:39:46.196Z,gyroscope sensor uncalibrated,0.18875736,0.08552113,0.07941248,0.18875736,0.08552113,0.07941248,3
712758963088195,2024-03-21T19:39:46.207Z,gyroscope sensor uncalibrated,0.21563543,0.18936823,0.056199603,0.21563543,0.18936823,0.056199603,3
712758973088195,2024-03-21T19:39:46.217Z,gyroscope sensor uncalibrated,0.22907446,0.31031954,0.04520403,0.22907446,0.31031954,0.04520403,3
712758983088195,2024-03-21T19:39:46.227Z,gyroscope sensor uncalibrated,0.23579398,0.39645153,0.03848451,0.23579398,0.39645153,0.03848451,3
712758993088195,2024-03-21T19:39:46.237Z,gyroscope sensor uncalibrated,0.21135938,0.42760566,0.025045475,0.21135938,0.42760566,0.025045475,3
712759003088195,2024-03-21T19:39:46.246Z,gyroscope sensor uncalibrated,0.14660765,0.44409904,-0.039095376,0.14660765,0.44409904,-0.039095376,3
712759013088428,2024-03-21T19:39:46.257Z,gyroscope sensor uncalibrated,0.08674286,0.41538838,-0.18142697,0.08674286,0.41538838,-0.18142697,3
712759023088428,2024-03-21T19:39:46.267Z,gyroscope sensor uncalibrated,0.039095376,0.2687807,-0.3475823,0.039095376,0.2687807,-0.3475823,3
712759033088428,2024-03-21T19:39:46.276Z,gyroscope sensor uncalibrated,-0.08552113,-0.15943582,-0.4868596,-0.08552113,-0.15943582,-0.4868596,3
712759043088428,2024-03-21T19:39:46.287Z,gyroscope sensor uncalibrated,-0.07086037,-0.4166101,-0.4801401,-0.07086037,-0.4166101,-0.4801401,3
712759053088428,2024-03-21T19:39:46.296Z,gyroscope sensor uncalibrated,0.007330383,-0.5363397,-0.43310347,0.007330383,-0.5363397,-0.43310347,3
712759063088428,2024-03-21T19:39:46.306Z,gyroscope sensor uncalibrated,0.04886922,-0.3707952,-0.4361578,0.04886922,-0.3707952,-0.4361578,3
712759073088661,2024-03-21T19:39:46.317Z,gyroscope sensor uncalibrated,0.10445796,0.070249505,-0.5235115,0.10445796,0.070249505,-0.5235115,3
712759083088661,2024-03-21T19:39:46.326Z,gyroscope sensor uncalibrated,0.21135938,0.30848694,-0.54367006,0.21135938,0.30848694,-0.54367006,3
712759093088661,2024-03-21T19:39:46.336Z,gyroscope sensor uncalibrated,0.2706133,0.059253927,-0.41783184,0.2706133,0.059253927,-0.41783184,3
712759103088661,2024-03-21T19:39:46.346Z,gyroscope sensor uncalibrated,0.2510656,-0.10934488,-0.26206118,0.2510656,-0.10934488,-0.26206118,3
712759113088894,2024-03-21T19:39:46.356Z,gyroscope sensor uncalibrated,0.2003638,0.047647487,-0.23945917,0.2003638,0.047647487,-0.23945917,3
712759123088627,2024-03-21T19:39:46.366Z,gyroscope sensor uncalibrated,0.13072516,0.41599923,-0.35246924,0.13072516,0.41599923,-0.35246924,3
712759133088627,2024-03-21T19:39:46.376Z,gyroscope sensor uncalibrated,0.037873644,0.7147123,-0.4801401,0.037873644,0.7147123,-0.4801401,3
712759143088627,2024-03-21T19:39:46.386Z,gyroscope sensor uncalibrated,0.040927973,0.79168135,-0.4728097,0.040927973,0.79168135,-0.4728097,3
712759153088893,2024-03-21T19:39:46.397Z,gyroscope sensor uncalibrated,0.21319197,0.5852089,-0.3268129,0.21319197,0.5852089,-0.3268129,3
712759163088893,2024-03-21T19:39:46.406Z,gyroscope sensor uncalibrated,0.50335294,0.25717425,-0.15027285,0.50335294,0.25717425,-0.15027285,3
712759173089159,2024-03-21T19:39:46.417Z,gyroscope sensor uncalibrated,0.66645396,0.16249016,0.065973446,0.66645396,0.16249016,0.065973446,3
712759183089159,2024-03-21T19:39:46.427Z,gyroscope sensor uncalibrated,0.6420194,0.19181168,0.29932398,0.6420194,0.19181168,0.29932398,3
712759193089159,2024-03-21T19:39:46.437Z,gyroscope sensor uncalibrated,0.5882632,0.18325958,0.48197266,0.5882632,0.18325958,0.48197266,3
712759203089159,2024-03-21T19:39:46.447Z,gyroscope sensor uncalibrated,0.5766568,0.13988814,0.59559363,0.5766568,0.13988814,0.59559363,3
712759213089159,2024-03-21T19:39:46.456Z,gyroscope sensor uncalibrated,0.58093286,0.044593163,0.6200282,0.58093286,0.044593163,0.6200282,3
712759223089159,2024-03-21T19:39:46.467Z,gyroscope sensor uncalibrated,0.5552765,-0.06658431,0.58276546,0.5552765,-0.06658431,0.58276546,3
712759233089159,2024-03-21T19:39:46.477Z,gyroscope sensor uncalibrated,0.4831944,-0.1826487,0.48258355,0.4831944,-0.1826487,0.48258355,3
712759243089159,2024-03-21T19:39:46.487Z,gyroscope sensor uncalibrated,0.344528,-0.30298916,0.32436943,0.344528,-0.30298916,0.32436943,3
712759253088892,2024-03-21T19:39:46.496Z,gyroscope sensor uncalibrated,0.056199603,-0.4269948,0.064751714,0.056199603,-0.4269948,0.064751714,3
712759263088892,2024-03-21T19:39:46.507Z,gyroscope sensor uncalibrated,-0.12339478,-0.47586402,-0.08124508,-0.12339478,-0.47586402,-0.08124508,3
712759273088892,2024-03-21T19:39:46.516Z,gyroscope sensor uncalibrated,-0.20463985,-0.52106804,-0.20891592,-0.20463985,-0.52106804,-0.20891592,3
712759283088892,2024-03-21T19:39:46.526Z,gyroscope sensor uncalibrated,-0.19730948,-0.52290064,-0.2864958,-0.19730948,-0.52290064,-0.2864958,3
712759293088892,2024-03-21T19:39:46.536Z,gyroscope sensor uncalibrated,-0.118507855,-0.47891834,-0.26206118,-0.118507855,-0.47891834,-0.26206118,3
712759303088892,2024-03-21T19:39:46.547Z,gyroscope sensor uncalibrated,-0.034208454,-0.34574974,-0.13805555,-0.034208454,-0.34574974,-0.13805555,3
712759313088892,2024-03-21T19:39:46.556Z,gyroscope sensor uncalibrated,-0.054367006,-0.17531833,-0.004276057,-0.054367006,-0.17531833,-0.004276057,3
712759323089192,2024-03-21T19:39:46.567Z,gyroscope sensor uncalibrated,-0.04337143,-0.029932396,0.10262536,-0.04337143,-0.029932396,0.10262536,3
712759333089192,2024-03-21T19:39:46.576Z,gyroscope sensor uncalibrated,0.007941248,0.0842994,0.15454891,0.007941248,0.0842994,0.15454891,3
712759343089192,2024-03-21T19:39:46.587Z,gyroscope sensor uncalibrated,0.0030543262,0.20219639,0.14905111,0.0030543262,0.20219639,0.14905111,3
712759353089192,2024-03-21T19:39:46.597Z,gyroscope sensor uncalibrated,-0.034208454,0.24984388,0.13805555,-0.034208454,0.24984388,0.13805555,3
712759363089192,2024-03-21T19:39:46.607Z,gyroscope sensor uncalibrated,-0.0842994,0.25045475,0.118507855,-0.0842994,0.25045475,0.118507855,3
712759373088958,2024-03-21T19:39:46.617Z,gyroscope sensor uncalibrated,-0.15088372,0.27122417,0.070249505,-0.15088372,0.27122417,0.070249505,3
712759383088958,2024-03-21T19:39:46.627Z,gyroscope sensor uncalibrated,-0.2003638,0.31887165,0.007330383,-0.2003638,0.31887165,0.007330383,3
712759393088958,2024-03-21T19:39:46.637Z,gyroscope sensor uncalibrated,-0.20891592,0.37201694,-0.044593163,-0.20891592,0.37201694,-0.044593163,3
712759403088958,2024-03-21T19:39:46.646Z,gyroscope sensor uncalibrated,-0.17898351,0.40866885,-0.069027774,-0.17898351,0.40866885,-0.069027774,3
712759413088724,2024-03-21T19:39:46.657Z,gyroscope sensor uncalibrated,-0.13622294,0.42943826,-0.064751714,-0.13622294,0.42943826,-0.064751714,3
712759423088724,2024-03-21T19:39:46.666Z,gyroscope sensor uncalibrated,-0.08979719,0.43371433,-0.044593163,-0.08979719,0.43371433,-0.044593163,3
712759433088724,2024-03-21T19:39:46.676Z,gyroscope sensor uncalibrated,-0.06047566,0.39767328,-0.015882496,-0.06047566,0.39767328,-0.015882496,3
712759443088724,2024-03-21T19:39:46.687Z,gyroscope sensor uncalibrated,-0.051923547,0.31398472,0.00061086525,-0.051923547,0.31398472,0.00061086525,3
712759453088457,2024-03-21T19:39:46.696Z,gyroscope sensor uncalibrated,-0.06963864,0.19547687,-0.004886922,-0.06963864,0.19547687,-0.004886922,3
712759463088457,2024-03-21T19:39:46.706Z,gyroscope sensor uncalibrated,-0.12156218,0.03176499,-0.06291912,-0.12156218,0.03176499,-0.06291912,3
712759473088190,2024-03-21T19:39:46.716Z,gyroscope sensor uncalibrated,-0.19120082,-0.04642576,-0.1020145,-0.19120082,-0.04642576,-0.1020145,3
712759483088190,2024-03-21T19:39:46.727Z,gyroscope sensor uncalibrated,-0.26145032,-0.10629055,-0.119729586,-0.26145032,-0.10629055,-0.119729586,3
712759493088190,2024-03-21T19:39:46.737Z,gyroscope sensor uncalibrated,-0.30298916,-0.16737708,-0.12034045,-0.30298916,-0.16737708,-0.12034045,3
712759503088190,2024-03-21T19:39:46.746Z,gyroscope sensor uncalibrated,-0.29016098,-0.22113322,-0.099571034,-0.29016098,-0.22113322,-0.099571034,3
712759513088190,2024-03-21T19:39:46.757Z,gyroscope sensor uncalibrated,-0.2125811,-0.24801129,-0.043982297,-0.2125811,-0.24801129,-0.043982297,3
712759523088190,2024-03-21T19:39:46.766Z,gyroscope sensor uncalibrated,-0.092240654,-0.20586158,0.080634214,-0.092240654,-0.20586158,0.080634214,3
712759533088190,2024-03-21T19:39:46.776Z,gyroscope sensor uncalibrated,0.02321288,-0.09896017,0.24862215,0.02321288,-0.09896017,0.24862215,3
712759543088190,2024-03-21T19:39:46.786Z,gyroscope sensor uncalibrated,0.065973446,-0.039095376,0.4202753,0.065973446,-0.039095376,0.4202753,3
712759553088190,2024-03-21T19:39:46.797Z,gyroscope sensor uncalibrated,0.07452556,-0.16310102,0.54611355,0.07452556,-0.16310102,0.54611355,3
712759563088190,2024-03-21T19:39:46.807Z,gyroscope sensor uncalibrated,0.070249505,-0.42577308,0.571159,0.070249505,-0.42577308,0.571159,3
712759573088456,2024-03-21T19:39:46.816Z,gyroscope sensor uncalibrated,-0.01038471,-0.59986967,0.48624873,-0.01038471,-0.59986967,0.48624873,3
712759583088456,2024-03-21T19:39:46.826Z,gyroscope sensor uncalibrated,-0.1386664,-0.6243043,0.3268129,-0.1386664,-0.6243043,0.3268129,3
712759593088456,2024-03-21T19:39:46.837Z,gyroscope sensor uncalibrated,-0.20097467,-0.5112942,0.21013765,-0.20097467,-0.5112942,0.21013765,3
712759603088456,2024-03-21T19:39:46.847Z,gyroscope sensor uncalibrated,-0.16982053,-0.22174409,0.23640485,-0.16982053,-0.22174409,0.23640485,3
712759613088222,2024-03-21T19:39:46.856Z,gyroscope sensor uncalibrated,-0.23518312,0.15027285,0.35246924,-0.23518312,0.15027285,0.35246924,3
712759623087922,2024-03-21T19:39:46.867Z,gyroscope sensor uncalibrated,-0.46792278,0.2828306,0.40561453,-0.46792278,0.2828306,0.40561453,3
712759633087922,2024-03-21T19:39:46.876Z,gyroscope sensor uncalibrated,-0.6133087,0.20708331,0.2968805,-0.6133087,0.20708331,0.2968805,3
712759643087922,2024-03-21T19:39:46.887Z,gyroscope sensor uncalibrated,-0.5174029,0.24801129,0.11728613,-0.5174029,0.24801129,0.11728613,3
712759653088155,2024-03-21T19:39:46.896Z,gyroscope sensor uncalibrated,-0.4447099,0.4288274,0.058643065,-0.4447099,0.4288274,0.058643065,3
712759663088155,2024-03-21T19:39:46.907Z,gyroscope sensor uncalibrated,-0.44776422,0.58459806,0.11911872,-0.44776422,0.58459806,0.11911872,3
712759673088155,2024-03-21T19:39:46.916Z,gyroscope sensor uncalibrated,-0.4184427,0.589485,0.14477506,-0.4184427,0.589485,0.14477506,3
712759683088155,2024-03-21T19:39:46.927Z,gyroscope sensor uncalibrated,-0.2828306,0.45204028,0.07452556,-0.2828306,0.45204028,0.07452556,3
712759693088155,2024-03-21T19:39:46.937Z,gyroscope sensor uncalibrated,-0.19181168,0.27977628,-0.0067195175,-0.19181168,0.27977628,-0.0067195175,3
712759703088155,2024-03-21T19:39:46.946Z,gyroscope sensor uncalibrated,-0.23335053,0.11056661,-0.122783914,-0.23335053,0.11056661,-0.122783914,3
712759713088155,2024-03-21T19:39:46.956Z,gyroscope sensor uncalibrated,-0.37873647,-0.01282817,-0.24617869,-0.37873647,-0.01282817,-0.24617869,3
712759723088155,2024-03-21T19:39:46.967Z,gyroscope sensor uncalibrated,-0.5448918,-0.16371189,-0.2864958,-0.5448918,-0.16371189,-0.2864958,3
712759733088155,2024-03-21T19:39:46.978Z,gyroscope sensor uncalibrated,-0.6249151,-0.35369098,-0.30848694,-0.6249151,-0.35369098,-0.30848694,3
712759743088155,2024-03-21T19:39:46.987Z,gyroscope sensor uncalibrated,-0.6261369,-0.5119051,-0.33169982,-0.6261369,-0.5119051,-0.33169982,3
712759753088155,2024-03-21T19:39:46.996Z,gyroscope sensor uncalibrated,-0.6713409,-0.6768387,-0.3494149,-0.6713409,-0.6768387,-0.3494149,3
712759763088155,2024-03-21T19:39:47.006Z,gyroscope sensor uncalibrated,-0.6114761,-0.88270026,-0.42455134,-0.6114761,-0.88270026,-0.42455134,3
712759773088155,2024-03-21T19:39:47.016Z,gyroscope sensor uncalibrated,-0.57910025,-1.0207558,-0.42821655,-0.57910025,-1.0207558,-0.42821655,3
712759783088155,2024-03-21T19:39:47.027Z,gyroscope sensor uncalibrated,-0.5546656,-1.0891727,-0.36041048,-0.5546656,-1.0891727,-0.36041048,3
712759793088155,2024-03-21T19:39:47.036Z,gyroscope sensor uncalibrated,-0.48075095,-1.0726794,-0.3109304,-0.48075095,-1.0726794,-0.3109304,3
712759803088155,2024-03-21T19:39:47.046Z,gyroscope sensor uncalibrated,-0.31581733,-0.96883225,-0.267559,-0.31581733,-0.96883225,-0.267559,3
712759813088155,2024-03-21T19:39:47.057Z,gyroscope sensor uncalibrated,-0.19792034,-0.77946407,-0.25961772,-0.19792034,-0.77946407,-0.25961772,3
712759823088421,2024-03-21T19:39:47.067Z,gyroscope sensor uncalibrated,-0.09162979,-0.5222898,-0.23701571,-0.09162979,-0.5222898,-0.23701571,3
712759833088421,2024-03-21T19:39:47.076Z,gyroscope sensor uncalibrated,0.04642576,-0.25595254,-0.18692477,0.04642576,-0.25595254,-0.18692477,3
712759843088421,2024-03-21T19:39:47.087Z,gyroscope sensor uncalibrated,0.19242255,-0.03726278,-0.12339478,0.19242255,-0.03726278,-0.12339478,3
712759853088421,2024-03-21T19:39:47.097Z,gyroscope sensor uncalibrated,0.28405234,0.12583824,-0.06780604,0.28405234,0.12583824,-0.06780604,3
712759863088421,2024-03-21T19:39:47.107Z,gyroscope sensor uncalibrated,0.30665436,0.24251351,-0.02443461,0.30665436,0.24251351,-0.02443461,3
712759873088154,2024-03-21T19:39:47.117Z,gyroscope sensor uncalibrated,0.29565877,0.3182608,0.028710667,0.29565877,0.3182608,0.028710667,3
712759883088154,2024-03-21T19:39:47.126Z,gyroscope sensor uncalibrated,0.24801129,0.36774087,0.12644911,0.24801129,0.36774087,0.12644911,3
712759893088154,2024-03-21T19:39:47.136Z,gyroscope sensor uncalibrated,0.22785273,0.3659083,0.17348573,0.22785273,0.3659083,0.17348573,3
712759903088154,2024-03-21T19:39:47.147Z,gyroscope sensor uncalibrated,0.2284636,0.3390302,0.20158553,0.2284636,0.3390302,0.20158553,3
712759913088154,2024-03-21T19:39:47.157Z,gyroscope sensor uncalibrated,0.23640485,0.27977628,0.21074851,0.23640485,0.27977628,0.21074851,3
712759923088154,2024-03-21T19:39:47.166Z,gyroscope sensor uncalibrated,0.25350907,0.19181168,0.20097467,0.25350907,0.19181168,0.20097467,3
712759933088154,2024-03-21T19:39:47.176Z,gyroscope sensor uncalibrated,0.2773328,0.08246681,0.18020524,0.2773328,0.08246681,0.18020524,3
712759943088154,2024-03-21T19:39:47.187Z,gyroscope sensor uncalibrated,0.30176744,-0.022602014,0.16432275,0.30176744,-0.022602014,0.16432275,3
712759953087920,2024-03-21T19:39:47.197Z,gyroscope sensor uncalibrated,0.3378085,-0.10629055,0.16065755,0.3378085,-0.10629055,0.16065755,3
712759963087920,2024-03-21T19:39:47.207Z,gyroscope sensor uncalibrated,0.3811799,-0.16432275,0.1740966,0.3811799,-0.16432275,0.1740966,3
712759973087920,2024-03-21T19:39:47.216Z,gyroscope sensor uncalibrated,0.4251622,-0.18936823,0.2003638,0.4251622,-0.18936823,0.2003638,3
712759983087920,2024-03-21T19:39:47.227Z,gyroscope sensor uncalibrated,0.462425,-0.18509217,0.21502456,0.462425,-0.18509217,0.21502456,3
712759993087920,2024-03-21T19:39:47.236Z,gyroscope sensor uncalibrated,0.49174652,-0.15271631,0.2125811,0.49174652,-0.15271631,0.2125811,3
712760003087920,2024-03-21T19:39:47.247Z,gyroscope sensor uncalibrated,0.5143485,-0.08552113,0.19486602,0.5143485,-0.08552113,0.19486602,3
712760013087920,2024-03-21T19:39:47.256Z,gyroscope sensor uncalibrated,0.535118,0.015882496,0.16920967,0.535118,0.015882496,0.16920967,3
712760023087920,2024-03-21T19:39:47.267Z,gyroscope sensor uncalibrated,0.5491679,0.1282817,0.1423316,0.5491679,0.1282817,0.1423316,3
712760033087920,2024-03-21T19:39:47.277Z,gyroscope sensor uncalibrated,0.54061574,0.21197024,0.1337795,0.54061574,0.21197024,0.1337795,3
712760043088153,2024-03-21T19:39:47.287Z,gyroscope sensor uncalibrated,0.5027421,0.22785273,0.1459968,0.5027421,0.22785273,0.1459968,3
712760053088153,2024-03-21T19:39:47.297Z,gyroscope sensor uncalibrated,0.44837508,0.17715092,0.14905111,0.44837508,0.17715092,0.14905111,3
712760063088153,2024-03-21T19:39:47.307Z,gyroscope sensor uncalibrated,0.38606682,0.103847094,0.09468412,0.38606682,0.103847094,0.09468412,3
712760073088386,2024-03-21T19:39:47.317Z,gyroscope sensor uncalibrated,0.3378085,0.022602014,-0.029321533,0.3378085,0.022602014,-0.029321533,3
712760083088386,2024-03-21T19:39:47.326Z,gyroscope sensor uncalibrated,0.31215215,-0.12583824,-0.19120082,0.31215215,-0.12583824,-0.19120082,3
712760093088386,2024-03-21T19:39:47.336Z,gyroscope sensor uncalibrated,0.25473082,-0.5296202,-0.3585779,0.25473082,-0.5296202,-0.3585779,3
712760103088386,2024-03-21T19:39:47.347Z,gyroscope sensor uncalibrated,0.23273966,-0.8393288,-0.35430184,0.23273966,-0.8393288,-0.35430184,3
712760113088619,2024-03-21T19:39:47.356Z,gyroscope sensor uncalibrated,0.26389378,-1.0348058,-0.3042109,0.26389378,-1.0348058,-0.3042109,3
712760123088352,2024-03-21T19:39:47.367Z,gyroscope sensor uncalibrated,0.2828306,-0.9969321,-0.28771752,0.2828306,-0.9969321,-0.28771752,3
712760133088352,2024-03-21T19:39:47.377Z,gyroscope sensor uncalibrated,0.25167647,-0.6939429,-0.34269542,0.25167647,-0.6939429,-0.34269542,3
712760143088352,2024-03-21T19:39:47.387Z,gyroscope sensor uncalibrated,0.2773328,-0.20952678,-0.4447099,0.2773328,-0.20952678,-0.4447099,3
712760153088352,2024-03-21T19:39:47.396Z,gyroscope sensor uncalibrated,0.3744604,0.09468412,-0.44226643,0.3744604,0.09468412,-0.44226643,3
712760163088352,2024-03-21T19:39:47.407Z,gyroscope sensor uncalibrated,0.39828414,0.06658431,-0.27672195,0.39828414,0.06658431,-0.27672195,3
712760173088352,2024-03-21T19:39:47.417Z,gyroscope sensor uncalibrated,0.35002577,0.07391469,-0.096516706,0.35002577,0.07391469,-0.096516706,3
712760183088352,2024-03-21T19:39:47.426Z,gyroscope sensor uncalibrated,0.23151793,0.21624629,-0.056199603,0.23151793,0.21624629,-0.056199603,3
712760193088352,2024-03-21T19:39:47.437Z,gyroscope sensor uncalibrated,0.112399206,0.48930305,-0.18936823,0.112399206,0.48930305,-0.18936823,3
712760203088352,2024-03-21T19:39:47.447Z,gyroscope sensor uncalibrated,0.0,0.7672467,-0.35918877,0.0,0.7672467,-0.35918877,3
712760213088352,2024-03-21T19:39:47.457Z,gyroscope sensor uncalibrated,-0.056199603,0.84665924,-0.4166101,-0.056199603,0.84665924,-0.4166101,3
712760223088352,2024-03-21T19:39:47.467Z,gyroscope sensor uncalibrated,0.015271631,0.66339964,-0.37323865,0.015271631,0.66339964,-0.37323865,3
712760233088352,2024-03-21T19:39:47.476Z,gyroscope sensor uncalibrated,0.20586158,0.4184427,-0.258396,0.20586158,0.4184427,-0.258396,3
712760243088352,2024-03-21T19:39:47.486Z,gyroscope sensor uncalibrated,0.32803464,0.3885103,-0.070249505,0.32803464,0.3885103,-0.070249505,3
712760253088352,2024-03-21T19:39:47.497Z,gyroscope sensor uncalibrated,0.35796702,0.32925636,0.12583824,0.35796702,0.32925636,0.12583824,3
712760263088352,2024-03-21T19:39:47.507Z,gyroscope sensor uncalibrated,0.2669481,0.06841691,0.26939157,0.2669481,0.06841691,0.26939157,3
712760273088352,2024-03-21T19:39:47.517Z,gyroscope sensor uncalibrated,0.1563815,-0.24617869,0.30482176,0.1563815,-0.24617869,0.30482176,3
712760283088352,2024-03-21T19:39:47.527Z,gyroscope sensor uncalibrated,0.05375614,-0.5412266,0.27916542,0.05375614,-0.5412266,0.27916542,3
712760293088352,2024-03-21T19:39:47.536Z,gyroscope sensor uncalibrated,-0.04886922,-0.7910705,0.21197024,-0.04886922,-0.7910705,0.21197024,3
712760303088352,2024-03-21T19:39:47.547Z,gyroscope sensor uncalibrated,-0.16615535,-0.93218035,0.103847094,-0.16615535,-0.93218035,0.103847094,3
712760313088352,2024-03-21T19:39:47.557Z,gyroscope sensor uncalibrated,-0.39706242,-0.9077458,-0.06719518,-0.39706242,-0.9077458,-0.06719518,3
712760323088618,2024-03-21T19:39:47.566Z,gyroscope sensor uncalibrated,-0.42210788,-0.86132,-0.16493362,-0.42210788,-0.86132,-0.16493362,3
712760333088618,2024-03-21T19:39:47.576Z,gyroscope sensor uncalibrated,-0.27000242,-0.7330383,-0.22418754,-0.27000242,-0.7330383,-0.22418754,3
712760343088384,2024-03-21T19:39:47.587Z,gyroscope sensor uncalibrated,-0.2950479,-0.51251596,-0.24678956,-0.2950479,-0.51251596,-0.24678956,3
712760353088384,2024-03-21T19:39:47.596Z,gyroscope sensor uncalibrated,-0.4147775,-0.26083946,-0.22357668,-0.4147775,-0.26083946,-0.22357668,3
712760363088384,2024-03-21T19:39:47.606Z,gyroscope sensor uncalibrated,-0.46486846,-0.05681047,-0.19120082,-0.46486846,-0.05681047,-0.19120082,3
712760373088150,2024-03-21T19:39:47.617Z,gyroscope sensor uncalibrated,-0.43066,0.086132,-0.15332718,-0.43066,0.086132,-0.15332718,3
712760383088150,2024-03-21T19:39:47.626Z,gyroscope sensor uncalibrated,-0.3903429,0.18387043,-0.11362094,-0.3903429,0.18387043,-0.11362094,3
712760393088150,2024-03-21T19:39:47.636Z,gyroscope sensor uncalibrated,-0.37751472,0.2406809,-0.07941248,-0.37751472,0.2406809,-0.07941248,3
712760403088150,2024-03-21T19:39:47.646Z,gyroscope sensor uncalibrated,-0.44409904,0.27916542,-0.07452556,-0.44409904,0.27916542,-0.07452556,3
712760413087916,2024-03-21T19:39:47.656Z,gyroscope sensor uncalibrated,-0.54000485,0.2565634,-0.12950343,-0.54000485,0.2565634,-0.12950343,3
712760423087916,2024-03-21T19:39:47.666Z,gyroscope sensor uncalibrated,-0.5516113,0.1881465,-0.20708331,-0.5516113,0.1881465,-0.20708331,3
712760433087916,2024-03-21T19:39:47.676Z,gyroscope sensor uncalibrated,-0.5503896,0.10567969,-0.26206118,-0.5503896,0.10567969,-0.26206118,3
712760443087916,2024-03-21T19:39:47.687Z,gyroscope sensor uncalibrated,-0.58276546,0.03481932,-0.27916542,-0.58276546,0.03481932,-0.27916542,3
712760453088182,2024-03-21T19:39:47.697Z,gyroscope sensor uncalibrated,-0.5858198,-0.028099801,-0.28588495,-0.5858198,-0.028099801,-0.28588495,3
712760463088182,2024-03-21T19:39:47.707Z,gyroscope sensor uncalibrated,-0.5656612,-0.07513642,-0.28955013,-0.5656612,-0.07513642,-0.28955013,3
712760473088182,2024-03-21T19:39:47.717Z,gyroscope sensor uncalibrated,-0.5571091,-0.1160644,-0.27183503,-0.5571091,-0.1160644,-0.27183503,3
712760483088182,2024-03-21T19:39:47.727Z,gyroscope sensor uncalibrated,-0.5467244,-0.1600467,-0.25289822,-0.5467244,-0.1600467,-0.25289822,3
712760493088182,2024-03-21T19:39:47.736Z,gyroscope sensor uncalibrated,-0.5338962,-0.17348573,-0.23701571,-0.5338962,-0.17348573,-0.23701571,3
712760503088182,2024-03-21T19:39:47.747Z,gyroscope sensor uncalibrated,-0.52412236,-0.14049901,-0.21991149,-0.52412236,-0.14049901,-0.21991149,3
712760513088182,2024-03-21T19:39:47.756Z,gyroscope sensor uncalibrated,-0.5204572,-0.07452556,-0.19792034,-0.5204572,-0.07452556,-0.19792034,3
712760523088182,2024-03-21T19:39:47.766Z,gyroscope sensor uncalibrated,-0.48808134,0.053145275,-0.16371189,-0.48808134,0.053145275,-0.16371189,3
712760533088182,2024-03-21T19:39:47.776Z,gyroscope sensor uncalibrated,-0.45998153,0.1441642,-0.15454891,-0.45998153,0.1441642,-0.15454891,3
712760543088182,2024-03-21T19:39:47.787Z,gyroscope sensor uncalibrated,-0.43127087,0.22479841,-0.15149458,-0.43127087,0.22479841,-0.15149458,3
712760553088182,2024-03-21T19:39:47.797Z,gyroscope sensor uncalibrated,-0.4025602,0.29932398,-0.14721853,-0.4025602,0.29932398,-0.14721853,3
712760563088182,2024-03-21T19:39:47.807Z,gyroscope sensor uncalibrated,-0.38789943,0.3463606,-0.13255776,-0.38789943,0.3463606,-0.13255776,3
712760573088415,2024-03-21T19:39:47.816Z,gyroscope sensor uncalibrated,-0.3378085,0.35246924,-0.10323623,-0.3378085,0.35246924,-0.10323623,3
712760583088415,2024-03-21T19:39:47.827Z,gyroscope sensor uncalibrated,-0.25411993,0.32742378,-0.05681047,-0.25411993,0.32742378,-0.05681047,3
712760593088415,2024-03-21T19:39:47.837Z,gyroscope sensor uncalibrated,-0.19120082,0.27855456,0.021380283,-0.19120082,0.27855456,0.021380283,3
712760603088415,2024-03-21T19:39:47.846Z,gyroscope sensor uncalibrated,-0.13927728,0.20525073,0.12156218,-0.13927728,0.20525073,0.12156218,3
712760613088415,2024-03-21T19:39:47.856Z,gyroscope sensor uncalibrated,-0.09101892,0.09101892,0.19608775,-0.09101892,0.09101892,0.19608775,3
712760623088148,2024-03-21T19:39:47.866Z,gyroscope sensor uncalibrated,-0.07086037,0.0,0.25167647,-0.07086037,0.0,0.25167647,3
712760633088148,2024-03-21T19:39:47.877Z,gyroscope sensor uncalibrated,-0.058643065,0.18203785,0.29077184,-0.058643065,0.18203785,0.29077184,3
712760643088148,2024-03-21T19:39:47.887Z,gyroscope sensor uncalibrated,-0.12705997,0.8008443,0.33414328,-0.12705997,0.8008443,0.33414328,3
712760653088148,2024-03-21T19:39:47.896Z,gyroscope sensor uncalibrated,-0.37812558,1.3530666,0.4025602,-0.37812558,1.3530666,0.4025602,3
712760663088148,2024-03-21T19:39:47.907Z,gyroscope sensor uncalibrated,-0.6078109,1.2473868,0.3109304,-0.6078109,1.2473868,0.3109304,3
712760673088148,2024-03-21T19:39:47.916Z,gyroscope sensor uncalibrated,-0.5503896,1.2748758,0.17165314,-0.5503896,1.2748758,0.17165314,3
712760683088148,2024-03-21T19:39:47.927Z,gyroscope sensor uncalibrated,-0.41416663,1.5234979,0.19242255,-0.41416663,1.5234979,0.19242255,3
712760693088148,2024-03-21T19:39:47.936Z,gyroscope sensor uncalibrated,-0.49235737,1.6914859,0.28527406,-0.49235737,1.6914859,0.28527406,3
712760703088148,2024-03-21T19:39:47.946Z,gyroscope sensor uncalibrated,-0.6951646,1.5845845,0.25900686,-0.6951646,1.5845845,0.25900686,3
712760713088148,2024-03-21T19:39:47.956Z,gyroscope sensor uncalibrated,-0.8210029,1.1618657,-0.0012217305,-0.8210029,1.1618657,-0.0012217305,3
712760723088148,2024-03-21T19:39:47.966Z,gyroscope sensor uncalibrated,-0.9437868,0.6805039,-0.3304781,-0.9437868,0.6805039,-0.3304781,3
712760733088148,2024-03-21T19:39:47.976Z,gyroscope sensor uncalibrated,-1.0042624,0.16493362,-0.72204274,-1.0042624,0.16493362,-0.72204274,3
712760743088148,2024-03-21T19:39:47.987Z,gyroscope sensor uncalibrated,-1.010982,-0.12461651,-0.90469146,-1.010982,-0.12461651,-0.90469146,3
712760753087881,2024-03-21T19:39:47.996Z,gyroscope sensor uncalibrated,-1.1459832,-0.29443705,-0.98837996,-1.1459832,-0.29443705,-0.98837996,3
712760763087881,2024-03-21T19:39:48.006Z,gyroscope sensor uncalibrated,-1.3084733,-0.28588495,-0.9963212,-1.3084733,-0.28588495,-0.9963212,3
712760773087881,2024-03-21T19:39:48.017Z,gyroscope sensor uncalibrated,-1.4074335,-0.23823744,-0.9718866,-1.4074335,-0.23823744,-0.9718866,3
712760783087881,2024-03-21T19:39:48.026Z,gyroscope sensor uncalibrated,-1.4147639,-0.25595254,-0.91446525,-1.4147639,-0.25595254,-0.91446525,3
712760793087881,2024-03-21T19:39:48.036Z,gyroscope sensor uncalibrated,-1.3848315,-0.3481932,-0.8032878,-1.3848315,-0.3481932,-0.8032878,3
712760803087881,2024-03-21T19:39:48.047Z,gyroscope sensor uncalibrated,-1.319469,-0.4728097,-0.6872234,-1.319469,-0.4728097,-0.6872234,3
712760813087881,2024-03-21T19:39:48.056Z,gyroscope sensor uncalibrated,-1.1435398,-0.57787853,-0.60231316,-1.1435398,-0.57787853,-0.60231316,3
712760823088147,2024-03-21T19:39:48.067Z,gyroscope sensor uncalibrated,-1.0115929,-0.6762278,-0.48380527,-1.0115929,-0.6762278,-0.48380527,3
712760833088147,2024-03-21T19:39:48.076Z,gyroscope sensor uncalibrated,-0.9059132,-0.79290307,-0.376293,-0.9059132,-0.79290307,-0.376293,3
712760843088147,2024-03-21T19:39:48.087Z,gyroscope sensor uncalibrated,-0.8680395,-0.84482664,-0.3378085,-0.8680395,-0.84482664,-0.3378085,3
712760853088147,2024-03-21T19:39:48.097Z,gyroscope sensor uncalibrated,-0.8558222,-0.7635816,-0.40622538,-0.8558222,-0.7635816,-0.40622538,3
712760863088147,2024-03-21T19:39:48.106Z,gyroscope sensor uncalibrated,-0.8539896,-0.62796944,-0.5271767,-0.8539896,-0.62796944,-0.5271767,3
712760873087913,2024-03-21T19:39:48.116Z,gyroscope sensor uncalibrated,-0.84788096,-0.47342056,-0.64568454,-0.84788096,-0.47342056,-0.64568454,3
712760883087913,2024-03-21T19:39:48.126Z,gyroscope sensor uncalibrated,-0.788627,-0.32742378,-0.73853606,-0.788627,-0.32742378,-0.73853606,3
712760893087913,2024-03-21T19:39:48.136Z,gyroscope sensor uncalibrated,-0.6994407,-0.19486602,-0.7696902,-0.6994407,-0.19486602,-0.7696902,3
712760903087913,2024-03-21T19:39:48.147Z,gyroscope sensor uncalibrated,-0.62858033,-0.089186326,-0.7275405,-0.62858033,-0.089186326,-0.7275405,3
712760913087913,2024-03-21T19:39:48.157Z,gyroscope sensor uncalibrated,-0.56138515,0.004276057,-0.64812803,-0.56138515,0.004276057,-0.64812803,3
712760923087913,2024-03-21T19:39:48.167Z,gyroscope sensor uncalibrated,-0.48930305,0.0983493,-0.55833083,-0.48930305,0.0983493,-0.55833083,3
712760933088179,2024-03-21T19:39:48.176Z,gyroscope sensor uncalibrated,-0.4288274,0.19547687,-0.47158796,-0.4288274,0.19547687,-0.47158796,3
712760943088179,2024-03-21T19:39:48.186Z,gyroscope sensor uncalibrated,-0.38056904,0.3359759,-0.3463606,-0.38056904,0.3359759,-0.3463606,3
712760953088179,2024-03-21T19:39:48.196Z,gyroscope sensor uncalibrated,-0.3549127,0.40683624,-0.26267207,-0.3549127,0.40683624,-0.26267207,3
712760963088179,2024-03-21T19:39:48.206Z,gyroscope sensor uncalibrated,-0.312763,0.44959682,-0.16798794,-0.312763,0.44959682,-0.16798794,3
712760973088179,2024-03-21T19:39:48.216Z,gyroscope sensor uncalibrated,-0.25411993,0.44959682,-0.070249505,-0.25411993,0.44959682,-0.070249505,3
712760983088179,2024-03-21T19:39:48.226Z,gyroscope sensor uncalibrated,-0.19792034,0.4098906,0.013439035,-0.19792034,0.4098906,0.013439035,3
712760993088179,2024-03-21T19:39:48.236Z,gyroscope sensor uncalibrated,-0.16798794,0.36163223,0.064751714,-0.16798794,0.36163223,0.064751714,3
712761003088179,2024-03-21T19:39:48.246Z,gyroscope sensor uncalibrated,-0.16615535,0.31887165,0.08735373,-0.16615535,0.31887165,0.08735373,3
712761013088179,2024-03-21T19:39:48.257Z,gyroscope sensor uncalibrated,-0.16126843,0.27366763,0.080634214,-0.16126843,0.27366763,0.080634214,3
712761023088179,2024-03-21T19:39:48.266Z,gyroscope sensor uncalibrated,-0.13072516,0.24495697,0.036651913,-0.13072516,0.24495697,0.036651913,3
712761033088179,2024-03-21T19:39:48.277Z,gyroscope sensor uncalibrated,-0.080634214,0.28038713,-0.020158553,-0.080634214,0.28038713,-0.020158553,3
712761043088179,2024-03-21T19:39:48.287Z,gyroscope sensor uncalibrated,0.01038471,0.40439278,-0.06719518,0.01038471,0.40439278,-0.06719518,3
712761053088179,2024-03-21T19:39:48.296Z,gyroscope sensor uncalibrated,0.20158553,0.5338962,-0.12705997,0.20158553,0.5338962,-0.12705997,3
712761063088179,2024-03-21T19:39:48.306Z,gyroscope sensor uncalibrated,0.40622538,0.53878313,-0.20341812,0.40622538,0.53878313,-0.20341812,3
712761073088412,2024-03-21T19:39:48.317Z,gyroscope sensor uncalibrated,0.44959682,0.4129449,-0.26206118,0.44959682,0.4129449,-0.26206118,3
712761083088412,2024-03-21T19:39:48.327Z,gyroscope sensor uncalibrated,0.35613444,0.23823744,-0.33658674,0.35613444,0.23823744,-0.33658674,3
712761093088412,2024-03-21T19:39:48.336Z,gyroscope sensor uncalibrated,0.22235495,0.01282817,-0.43371433,0.22235495,0.01282817,-0.43371433,3
712761103088412,2024-03-21T19:39:48.347Z,gyroscope sensor uncalibrated,0.10751228,-0.22357668,-0.49663344,0.10751228,-0.22357668,-0.49663344,3
712761113088412,2024-03-21T19:39:48.357Z,gyroscope sensor uncalibrated,0.02687807,-0.43493605,-0.5112942,0.02687807,-0.43493605,-0.5112942,3
712761123088145,2024-03-21T19:39:48.367Z,gyroscope sensor uncalibrated,-0.019547688,-0.6872234,-0.5039638,-0.019547688,-0.6872234,-0.5039638,3
712761133088145,2024-03-21T19:39:48.376Z,gyroscope sensor uncalibrated,-0.010995574,-1.0079277,-0.4978552,-0.010995574,-1.0079277,-0.4978552,3
712761143088145,2024-03-21T19:39:48.386Z,gyroscope sensor uncalibrated,0.10567969,-1.3078625,-0.45570546,0.10567969,-1.3078625,-0.45570546,3
712761153088145,2024-03-21T19:39:48.397Z,gyroscope sensor uncalibrated,0.21380283,-1.3585643,-0.3182608,0.21380283,-1.3585643,-0.3182608,3
712761163088145,2024-03-21T19:39:48.406Z,gyroscope sensor uncalibrated,0.18753563,-1.0482447,-0.22296582,0.18753563,-1.0482447,-0.22296582,3
712761173088378,2024-03-21T19:39:48.416Z,gyroscope sensor uncalibrated,0.20219639,-0.6542367,-0.2761111,0.20219639,-0.6542367,-0.2761111,3
712761183088378,2024-03-21T19:39:48.427Z,gyroscope sensor uncalibrated,0.2938262,-0.124005646,-0.3390302,0.2938262,-0.124005646,-0.3390302,3
712761193088378,2024-03-21T19:39:48.437Z,gyroscope sensor uncalibrated,0.41722095,0.19853121,-0.3408628,0.41722095,0.19853121,-0.3408628,3
712761203088378,2024-03-21T19:39:48.446Z,gyroscope sensor uncalibrated,0.44409904,0.20891592,-0.26267207,0.44409904,0.20891592,-0.26267207,3
712761213088378,2024-03-21T19:39:48.457Z,gyroscope sensor uncalibrated,0.3005457,0.34025195,-0.23273966,0.3005457,0.34025195,-0.23273966,3
712761223088378,2024-03-21T19:39:48.466Z,gyroscope sensor uncalibrated,0.047036625,0.7678576,-0.32498032,0.047036625,0.7678576,-0.32498032,3
712761233088344,2024-03-21T19:39:48.477Z,gyroscope sensor uncalibrated,-0.1685988,1.2925909,-0.4642576,-0.1685988,1.2925909,-0.4642576,3
712761243088344,2024-03-21T19:39:48.487Z,gyroscope sensor uncalibrated,-0.21991149,1.5632042,-0.63224554,-0.21991149,1.5632042,-0.63224554,3
712761253088344,2024-03-21T19:39:48.497Z,gyroscope sensor uncalibrated,-0.10140363,1.4153748,-0.70616025,-0.10140363,1.4153748,-0.70616025,3
712761263088344,2024-03-21T19:39:48.506Z,gyroscope sensor uncalibrated,0.07696902,1.0433578,-0.57848936,0.07696902,1.0433578,-0.57848936,3
712761273088344,2024-03-21T19:39:48.516Z,gyroscope sensor uncalibrated,0.24373524,0.8008443,-0.24923302,0.24373524,0.8008443,-0.24923302,3
712761283088344,2024-03-21T19:39:48.526Z,gyroscope sensor uncalibrated,0.43310347,0.7770206,0.16310102,0.43310347,0.7770206,0.16310102,3
712761293088344,2024-03-21T19:39:48.536Z,gyroscope sensor uncalibrated,0.6603453,0.68233645,0.5907067,0.6603453,0.68233645,0.5907067,3
712761303088344,2024-03-21T19:39:48.547Z,gyroscope sensor uncalibrated,0.80573124,0.35063666,0.95722586,0.80573124,0.35063666,0.95722586,3
712761313088344,2024-03-21T19:39:48.557Z,gyroscope sensor uncalibrated,0.883922,-0.11484267,1.1557571,0.883922,-0.11484267,1.1557571,3
712761323088577,2024-03-21T19:39:48.566Z,gyroscope sensor uncalibrated,0.8393288,-0.57971114,1.1899655,0.8393288,-0.57971114,1.1899655,3
712761333088810,2024-03-21T19:39:48.577Z,gyroscope sensor uncalibrated,0.6542367,-0.9596693,1.0897835,0.6542367,-0.9596693,1.0897835,3
712761343088810,2024-03-21T19:39:48.586Z,gyroscope sensor uncalibrated,0.38789943,-1.1362094,0.8906415,0.38789943,-1.1362094,0.8906415,3
712761353088810,2024-03-21T19:39:48.596Z,gyroscope sensor uncalibrated,0.112399206,-1.1661417,0.6432411,0.112399206,-1.1661417,0.6432411,3
712761363088810,2024-03-21T19:39:48.606Z,gyroscope sensor uncalibrated,-0.08735373,-1.119716,0.38912117,-0.08735373,-1.119716,0.38912117,3
712761373088576,2024-03-21T19:39:48.616Z,gyroscope sensor uncalibrated,-0.19242255,-1.0213667,0.04520403,-0.19242255,-1.0213667,0.04520403,3
712761383088576,2024-03-21T19:39:48.627Z,gyroscope sensor uncalibrated,-0.21135938,-0.88514376,-0.106901415,-0.21135938,-0.88514376,-0.106901415,3
712761393088576,2024-03-21T19:39:48.636Z,gyroscope sensor uncalibrated,-0.058643065,-0.7244862,-0.15393804,-0.058643065,-0.7244862,-0.15393804,3
712761403088576,2024-03-21T19:39:48.646Z,gyroscope sensor uncalibrated,0.106901415,-0.4605924,-0.08002335,0.106901415,-0.4605924,-0.08002335,3
712761413088576,2024-03-21T19:39:48.656Z,gyroscope sensor uncalibrated,0.13439035,-0.18448131,0.0720821,0.13439035,-0.18448131,0.0720821,3
712761423088576,2024-03-21T19:39:48.667Z,gyroscope sensor uncalibrated,0.17898351,0.03481932,0.2180789,0.17898351,0.03481932,0.2180789,3
712761433088576,2024-03-21T19:39:48.676Z,gyroscope sensor uncalibrated,0.24617869,0.18753563,0.30298916,0.24617869,0.18753563,0.30298916,3
712761443088576,2024-03-21T19:39:48.686Z,gyroscope sensor uncalibrated,0.23151793,0.28527406,0.33169982,0.23151793,0.28527406,0.33169982,3
712761453088576,2024-03-21T19:39:48.696Z,gyroscope sensor uncalibrated,0.14844026,0.312763,0.33353242,0.14844026,0.312763,0.33353242,3
712761463088576,2024-03-21T19:39:48.706Z,gyroscope sensor uncalibrated,0.08124508,0.29138273,0.32070425,0.08124508,0.29138273,0.32070425,3
712761473088342,2024-03-21T19:39:48.717Z,gyroscope sensor uncalibrated,0.054367006,0.24495697,0.30298916,0.054367006,0.24495697,0.30298916,3
712761483088342,2024-03-21T19:39:48.727Z,gyroscope sensor uncalibrated,0.05681047,0.19364429,0.30176744,0.05681047,0.19364429,0.30176744,3
712761493088342,2024-03-21T19:39:48.736Z,gyroscope sensor uncalibrated,0.077579886,0.15393804,0.30909783,0.077579886,0.15393804,0.30909783,3
712761503088342,2024-03-21T19:39:48.746Z,gyroscope sensor uncalibrated,0.07269296,0.13194689,0.30787608,0.07269296,0.13194689,0.30787608,3
712761513088342,2024-03-21T19:39:48.757Z,gyroscope sensor uncalibrated,0.045814894,0.116675265,0.29260445,0.045814894,0.116675265,0.29260445,3
712761523088342,2024-03-21T19:39:48.766Z,gyroscope sensor uncalibrated,0.037873644,0.09773844,0.26145032,0.037873644,0.09773844,0.26145032,3
712761533088108,2024-03-21T19:39:48.777Z,gyroscope sensor uncalibrated,0.042760566,0.08307768,0.21013765,0.042760566,0.08307768,0.21013765,3
712761543088108,2024-03-21T19:39:48.787Z,gyroscope sensor uncalibrated,0.040317107,0.0580322,0.15882497,0.040317107,0.0580322,0.15882497,3
712761553088108,2024-03-21T19:39:48.796Z,gyroscope sensor uncalibrated,0.005497787,0.019547688,0.11301007,0.005497787,0.019547688,0.11301007,3
712761563088108,2024-03-21T19:39:48.806Z,gyroscope sensor uncalibrated,-0.07086037,-0.007941248,0.07452556,-0.07086037,-0.007941248,0.07452556,3
712761573088341,2024-03-21T19:39:48.816Z,gyroscope sensor uncalibrated,-0.18325958,-0.01038471,0.051923547,-0.18325958,-0.01038471,0.051923547,3
712761583088341,2024-03-21T19:39:48.827Z,gyroscope sensor uncalibrated,-0.31887165,0.00061086525,0.050701816,-0.31887165,0.00061086525,0.050701816,3
712761593088341,2024-03-21T19:39:48.837Z,gyroscope sensor uncalibrated,-0.34208453,0.005497787,0.07696902,-0.34208453,0.005497787,0.07696902,3
712761603088341,2024-03-21T19:39:48.847Z,gyroscope sensor uncalibrated,-0.3475823,-0.01160644,0.15332718,-0.3475823,-0.01160644,0.15332718,3
712761613088341,2024-03-21T19:39:48.856Z,gyroscope sensor uncalibrated,-0.35796702,-0.0421497,0.26145032,-0.35796702,-0.0421497,0.26145032,3
712761623088107,2024-03-21T19:39:48.866Z,gyroscope sensor uncalibrated,-0.3622431,-0.10323623,0.41355577,-0.3622431,-0.10323623,0.41355577,3
712761633087873,2024-03-21T19:39:48.876Z,gyroscope sensor uncalibrated,-0.3494149,-0.20219639,0.5870415,-0.3494149,-0.20219639,0.5870415,3
712761643087873,2024-03-21T19:39:48.886Z,gyroscope sensor uncalibrated,-0.37934732,-0.33292156,0.729984,-0.37934732,-0.33292156,0.729984,3
712761653087873,2024-03-21T19:39:48.897Z,gyroscope sensor uncalibrated,-0.45998153,-0.5345071,0.743423,-0.45998153,-0.5345071,0.743423,3
712761663087873,2024-03-21T19:39:48.906Z,gyroscope sensor uncalibrated,-0.61636305,-0.68600166,0.61575216,-0.61636305,-0.68600166,0.61575216,3
712761673087873,2024-03-21T19:39:48.917Z,gyroscope sensor uncalibrated,-0.77457714,-0.6053675,0.4202753,-0.77457714,-0.6053675,0.4202753,3
712761683087873,2024-03-21T19:39:48.926Z,gyroscope sensor uncalibrated,-0.8405506,-0.21685717,0.2883284,-0.8405506,-0.21685717,0.2883284,3
712761693087873,2024-03-21T19:39:48.937Z,gyroscope sensor uncalibrated,-0.870483,0.47891834,0.26939157,-0.870483,0.47891834,0.26939157,3
712761703087873,2024-03-21T19:39:48.946Z,gyroscope sensor uncalibrated,-0.9651671,1.2993103,0.2950479,-0.9651671,1.2993103,0.2950479,3
712761713087873,2024-03-21T19:39:48.956Z,gyroscope sensor uncalibrated,-1.1160508,1.858863,0.096516706,-1.1160508,1.858863,0.096516706,3
712761723087873,2024-03-21T19:39:48.966Z,gyroscope sensor uncalibrated,-1.0445796,2.0861049,-0.19486602,-1.0445796,2.0861049,-0.19486602,3
712761733088106,2024-03-21T19:39:48.977Z,gyroscope sensor uncalibrated,-0.77640975,2.1374176,-0.31398472,-0.77640975,2.1374176,-0.31398472,3
712761743088106,2024-03-21T19:39:48.986Z,gyroscope sensor uncalibrated,-0.643852,2.0390682,-0.17470746,-0.643852,2.0390682,-0.17470746,3
712761753088106,2024-03-21T19:39:48.997Z,gyroscope sensor uncalibrated,-0.48075095,1.8167132,0.086132,-0.48075095,1.8167132,0.086132,3
712761763088106,2024-03-21T19:39:49.006Z,gyroscope sensor uncalibrated,-0.33414328,1.5057828,0.258396,-0.33414328,1.5057828,0.258396,3
712761773088106,2024-03-21T19:39:49.016Z,gyroscope sensor uncalibrated,-0.22357668,1.0720685,0.21074851,-0.22357668,1.0720685,0.21074851,3
712761783088106,2024-03-21T19:39:49.027Z,gyroscope sensor uncalibrated,-0.111177474,0.61453044,0.03726278,-0.111177474,0.61453044,0.03726278,3
712761793088106,2024-03-21T19:39:49.036Z,gyroscope sensor uncalibrated,-0.013439035,0.103847094,-0.20158553,-0.013439035,0.103847094,-0.20158553,3
712761803088106,2024-03-21T19:39:49.046Z,gyroscope sensor uncalibrated,-0.06719518,-0.44409904,-0.26267207,-0.06719518,-0.44409904,-0.26267207,3
712761813088106,2024-03-21T19:39:49.057Z,gyroscope sensor uncalibrated,-0.14844026,-0.9993755,-0.24129178,-0.14844026,-0.9993755,-0.24129178,3
712761823088372,2024-03-21T19:39:49.067Z,gyroscope sensor uncalibrated,-0.15454891,-1.4172074,-0.27305678,-0.15454891,-1.4172074,-0.27305678,3
712761833088638,2024-03-21T19:39:49.077Z,gyroscope sensor uncalibrated,-0.086132,-1.6749926,-0.28771752,-0.086132,-1.6749926,-0.28771752,3
712761843088638,2024-03-21T19:39:49.086Z,gyroscope sensor uncalibrated,-0.027488936,-1.8668042,-0.23823744,-0.027488936,-1.8668042,-0.23823744,3
712761853088638,2024-03-21T19:39:49.096Z,gyroscope sensor uncalibrated,0.03970624,-1.9950858,-0.15393804,0.03970624,-1.9950858,-0.15393804,3
712761863088638,2024-03-21T19:39:49.106Z,gyroscope sensor uncalibrated,0.08307768,-2.1252003,-0.1301143,0.08307768,-2.1252003,-0.1301143,3
712761873088404,2024-03-21T19:39:49.116Z,gyroscope sensor uncalibrated,0.036651913,-2.2797492,-0.16126843,0.036651913,-2.2797492,-0.16126843,3
712761883088404,2024-03-21T19:39:49.126Z,gyroscope sensor uncalibrated,-0.08735373,-2.2944098,-0.21502456,-0.08735373,-2.2944098,-0.21502456,3
712761893088404,2024-03-21T19:39:49.137Z,gyroscope sensor uncalibrated,0.010995574,-2.0518963,-0.28160888,0.010995574,-2.0518963,-0.28160888,3
712761903088404,2024-03-21T19:39:49.147Z,gyroscope sensor uncalibrated,0.18325958,-1.5741998,-0.34880406,0.18325958,-1.5741998,-0.34880406,3
712761913088404,2024-03-21T19:39:49.156Z,gyroscope sensor uncalibrated,0.2883284,-0.9987647,-0.39095375,0.2883284,-0.9987647,-0.39095375,3
712761923088404,2024-03-21T19:39:49.167Z,gyroscope sensor uncalibrated,0.37568212,-0.4025602,-0.37690386,0.37568212,-0.4025602,-0.37690386,3
712761933088404,2024-03-21T19:39:49.176Z,gyroscope sensor uncalibrated,0.46303585,0.1160644,-0.28160888,0.46303585,0.1160644,-0.28160888,3
712761943088404,2024-03-21T19:39:49.186Z,gyroscope sensor uncalibrated,0.54733527,0.4642576,-0.18081611,0.54733527,0.4642576,-0.18081611,3
712761953088404,2024-03-21T19:39:49.196Z,gyroscope sensor uncalibrated,0.6041457,0.65240407,-0.08552113,0.6041457,0.65240407,-0.08552113,3
712761963088404,2024-03-21T19:39:49.206Z,gyroscope sensor uncalibrated,0.62980205,0.6951646,-0.013439035,0.62980205,0.6951646,-0.013439035,3
712761973088404,2024-03-21T19:39:49.216Z,gyroscope sensor uncalibrated,0.67256266,0.6560693,0.049480084,0.67256266,0.6560693,0.049480084,3
712761983088404,2024-03-21T19:39:49.227Z,gyroscope sensor uncalibrated,0.7086037,0.59437186,0.12889257,0.7086037,0.59437186,0.12889257,3
712761993088404,2024-03-21T19:39:49.236Z,gyroscope sensor uncalibrated,0.7367035,0.50640726,0.20708331,0.7367035,0.50640726,0.20708331,3
712762003088404,2024-03-21T19:39:49.246Z,gyroscope sensor uncalibrated,0.7415904,0.30543262,0.2932153,0.7415904,0.30543262,0.2932153,3
712762013088404,2024-03-21T19:39:49.256Z,gyroscope sensor uncalibrated,0.70921457,0.15454891,0.32742378,0.70921457,0.15454891,0.32742378,3
712762023088404,2024-03-21T19:39:49.267Z,gyroscope sensor uncalibrated,0.6560693,0.015271631,0.33536503,0.6560693,0.015271631,0.33536503,3
712762033088170,2024-03-21T19:39:49.276Z,gyroscope sensor uncalibrated,0.5907067,-0.10262536,0.31337386,0.5907067,-0.10262536,0.31337386,3
712762043088170,2024-03-21T19:39:49.286Z,gyroscope sensor uncalibrated,0.5186246,-0.1863139,0.2761111,0.5186246,-0.1863139,0.2761111,3
712762053088170,2024-03-21T19:39:49.296Z,gyroscope sensor uncalibrated,0.46120325,-0.22540927,0.2321288,0.46120325,-0.22540927,0.2321288,3
712762063088170,2024-03-21T19:39:49.306Z,gyroscope sensor uncalibrated,0.43676865,-0.20280726,0.19181168,0.43676865,-0.20280726,0.19181168,3
712762073088170,2024-03-21T19:39:49.317Z,gyroscope sensor uncalibrated,0.43249258,-0.077579886,0.17287487,0.43249258,-0.077579886,0.17287487,3
712762083088170,2024-03-21T19:39:49.326Z,gyroscope sensor uncalibrated,0.46303585,0.040317107,0.17959438,0.46303585,0.040317107,0.17959438,3
712762093088170,2024-03-21T19:39:49.336Z,gyroscope sensor uncalibrated,0.50823987,0.05375614,0.21013765,0.50823987,0.05375614,0.21013765,3
712762103088170,2024-03-21T19:39:49.346Z,gyroscope sensor uncalibrated,0.5235115,0.06658431,0.24801129,0.5235115,0.06658431,0.24801129,3
712762113088170,2024-03-21T19:39:49.356Z,gyroscope sensor uncalibrated,0.49663344,0.15454891,0.21563543,0.49663344,0.15454891,0.21563543,3
712762123087903,2024-03-21T19:39:49.367Z,gyroscope sensor uncalibrated,0.4783075,0.2883284,0.06963864,0.4783075,0.2883284,0.06963864,3
712762133087636,2024-03-21T19:39:49.376Z,gyroscope sensor uncalibrated,0.54611355,0.3567453,-0.15821409,0.54611355,0.3567453,-0.15821409,3
712762143087636,2024-03-21T19:39:49.387Z,gyroscope sensor uncalibrated,0.57360244,0.23396139,-0.36835176,0.57360244,0.23396139,-0.36835176,3
712762153087636,2024-03-21T19:39:49.396Z,gyroscope sensor uncalibrated,0.5002986,-0.100792766,-0.4642576,0.5002986,-0.100792766,-0.4642576,3
712762163087636,2024-03-21T19:39:49.406Z,gyroscope sensor uncalibrated,0.46120325,-0.5357288,-0.40133846,0.46120325,-0.5357288,-0.40133846,3
712762173087636,2024-03-21T19:39:49.416Z,gyroscope sensor uncalibrated,0.4886922,-0.9615019,-0.2406809,0.4886922,-0.9615019,-0.2406809,3
712762183087636,2024-03-21T19:39:49.427Z,gyroscope sensor uncalibrated,0.56016344,-1.1691961,-0.14294247,0.56016344,-1.1691961,-0.14294247,3
712762193087636,2024-03-21T19:39:49.437Z,gyroscope sensor uncalibrated,0.6072,-1.0726794,-0.16554448,0.6072,-1.0726794,-0.16554448,3
712762203087636,2024-03-21T19:39:49.447Z,gyroscope sensor uncalibrated,0.6389651,-0.689056,-0.26816985,0.6389651,-0.689056,-0.26816985,3
712762213087636,2024-03-21T19:39:49.457Z,gyroscope sensor uncalibrated,0.75625116,-0.1459968,-0.33353242,0.75625116,-0.1459968,-0.33353242,3
712762223087636,2024-03-21T19:39:49.466Z,gyroscope sensor uncalibrated,1.0574077,0.022602014,-0.15393804,1.0574077,0.022602014,-0.15393804,3
712762233087636,2024-03-21T19:39:49.476Z,gyroscope sensor uncalibrated,0.9279043,-0.111177474,0.047647487,0.9279043,-0.111177474,0.047647487,3
712762243087636,2024-03-21T19:39:49.486Z,gyroscope sensor uncalibrated,0.62858033,0.19364429,0.047647487,0.62858033,0.19364429,0.047647487,3
712762253087869,2024-03-21T19:39:49.496Z,gyroscope sensor uncalibrated,0.40561453,0.97005403,-0.26511553,0.40561453,0.97005403,-0.26511553,3
712762263087869,2024-03-21T19:39:49.506Z,gyroscope sensor uncalibrated,0.2144137,1.5332718,-0.54611355,0.2144137,1.5332718,-0.54611355,3
712762273087869,2024-03-21T19:39:49.517Z,gyroscope sensor uncalibrated,0.07819075,1.4727961,-0.5925393,0.07819075,1.4727961,-0.5925393,3
712762283087869,2024-03-21T19:39:49.526Z,gyroscope sensor uncalibrated,0.039095376,1.0421361,-0.4813618,0.039095376,1.0421361,-0.4813618,3
712762293087869,2024-03-21T19:39:49.536Z,gyroscope sensor uncalibrated,0.08552113,0.7318166,-0.40866885,0.08552113,0.7318166,-0.40866885,3
712762303087869,2024-03-21T19:39:49.547Z,gyroscope sensor uncalibrated,0.17898351,0.65484756,-0.33353242,0.17898351,0.65484756,-0.33353242,3
712762313087869,2024-03-21T19:39:49.556Z,gyroscope sensor uncalibrated,0.32070425,0.5522222,-0.14844026,0.32070425,0.5522222,-0.14844026,3
712762323088135,2024-03-21T19:39:49.567Z,gyroscope sensor uncalibrated,0.52473325,0.20891592,0.17104226,0.52473325,0.20891592,0.17104226,3
712762333088401,2024-03-21T19:39:49.576Z,gyroscope sensor uncalibrated,0.67256266,-0.29016098,0.4801401,0.67256266,-0.29016098,0.4801401,3
712762343088401,2024-03-21T19:39:49.587Z,gyroscope sensor uncalibrated,0.6395759,-0.70005155,0.66706485,0.6395759,-0.70005155,0.66706485,3
712762353088401,2024-03-21T19:39:49.596Z,gyroscope sensor uncalibrated,0.47769663,-0.97249746,0.7031059,0.47769663,-0.97249746,0.7031059,3
712762363088401,2024-03-21T19:39:49.606Z,gyroscope sensor uncalibrated,0.28893927,-1.1313224,0.61453044,0.28893927,-1.1313224,0.61453044,3
712762373088401,2024-03-21T19:39:49.616Z,gyroscope sensor uncalibrated,0.17959438,-1.196685,0.47586402,0.17959438,-1.196685,0.47586402,3
712762383088401,2024-03-21T19:39:49.626Z,gyroscope sensor uncalibrated,0.09773844,-1.2223413,0.35002577,0.09773844,-1.2223413,0.35002577,3
712762393088401,2024-03-21T19:39:49.637Z,gyroscope sensor uncalibrated,0.017715093,-1.2351695,0.23273966,0.017715093,-1.2351695,0.23273966,3
712762403088401,2024-03-21T19:39:49.647Z,gyroscope sensor uncalibrated,-0.018325957,-1.1667526,0.1001819,-0.018325957,-1.1667526,0.1001819,3
712762413088401,2024-03-21T19:39:49.657Z,gyroscope sensor uncalibrated,-0.017715093,-0.9737192,-0.035430185,-0.017715093,-0.9737192,-0.035430185,3
712762423088401,2024-03-21T19:39:49.666Z,gyroscope sensor uncalibrated,0.086132,-0.6774496,-0.07391469,0.086132,-0.6774496,-0.07391469,3
712762433088401,2024-03-21T19:39:49.676Z,gyroscope sensor uncalibrated,-0.02565634,-0.15271631,-0.02565634,-0.02565634,-0.15271631,-0.02565634,3
712762443088401,2024-03-21T19:39:49.687Z,gyroscope sensor uncalibrated,-0.12339478,0.13805555,0.03604105,-0.12339478,0.13805555,0.03604105,3
712762453088401,2024-03-21T19:39:49.697Z,gyroscope sensor uncalibrated,-0.13439035,0.35063666,0.10995574,-0.13439035,0.35063666,0.10995574,3
712762463088401,2024-03-21T19:39:49.706Z,gyroscope sensor uncalibrated,-0.14721853,0.47342056,0.18936823,-0.14721853,0.47342056,0.18936823,3
712762473088401,2024-03-21T19:39:49.716Z,gyroscope sensor uncalibrated,-0.18387043,0.49480084,0.23396139,-0.18387043,0.49480084,0.23396139,3
712762483088401,2024-03-21T19:39:49.727Z,gyroscope sensor uncalibrated,-0.23151793,0.4447099,0.22235495,-0.23151793,0.4447099,0.22235495,3
712762493088401,2024-03-21T19:39:49.737Z,gyroscope sensor uncalibrated,-0.29626966,0.35369098,0.17165314,-0.29626966,0.35369098,0.17165314,3
712762503088401,2024-03-21T19:39:49.746Z,gyroscope sensor uncalibrated,-0.35246924,0.24373524,0.1020145,-0.35246924,0.24373524,0.1020145,3
712762513088401,2024-03-21T19:39:49.757Z,gyroscope sensor uncalibrated,-0.36163223,0.13194689,0.040927973,-0.36163223,0.13194689,0.040927973,3
712762523088401,2024-03-21T19:39:49.766Z,gyroscope sensor uncalibrated,-0.32436943,0.030543262,0.01038471,-0.32436943,0.030543262,0.01038471,3
712762533088401,2024-03-21T19:39:49.777Z,gyroscope sensor uncalibrated,-0.2773328,-0.052534413,0.013439035,-0.2773328,-0.052534413,0.013439035,3
712762543088401,2024-03-21T19:39:49.786Z,gyroscope sensor uncalibrated,-0.27305678,-0.096516706,0.025045475,-0.27305678,-0.096516706,0.025045475,3
712762553088167,2024-03-21T19:39:49.796Z,gyroscope sensor uncalibrated,-0.26633725,-0.1600467,0.042760566,-0.26633725,-0.1600467,0.042760566,3
712762563088167,2024-03-21T19:39:49.807Z,gyroscope sensor uncalibrated,-0.226631,-0.18325958,0.0580322,-0.226631,-0.18325958,0.0580322,3
712762573088200,2024-03-21T19:39:49.817Z,gyroscope sensor uncalibrated,-0.20952678,-0.05681047,0.06780604,-0.20952678,-0.05681047,0.06780604,3
712762583088200,2024-03-21T19:39:49.826Z,gyroscope sensor uncalibrated,-0.1966986,0.17287487,0.065973446,-0.1966986,0.17287487,0.065973446,3
712762593088200,2024-03-21T19:39:49.836Z,gyroscope sensor uncalibrated,-0.17104226,0.3549127,0.049480084,-0.17104226,0.3549127,0.049480084,3
712762603088200,2024-03-21T19:39:49.847Z,gyroscope sensor uncalibrated,-0.13805555,0.4007276,0.031154128,-0.13805555,0.4007276,0.031154128,3
712762613088200,2024-03-21T19:39:49.856Z,gyroscope sensor uncalibrated,-0.119729586,0.36346483,0.040927973,-0.119729586,0.36346483,0.040927973,3
712762623087933,2024-03-21T19:39:49.867Z,gyroscope sensor uncalibrated,-0.10995574,0.3042109,0.10140363,-0.10995574,0.3042109,0.10140363,3
712762633087666,2024-03-21T19:39:49.876Z,gyroscope sensor uncalibrated,-0.07452556,0.22602014,0.19853121,-0.07452556,0.22602014,0.19853121,3
712762643087666,2024-03-21T19:39:49.886Z,gyroscope sensor uncalibrated,0.01282817,0.08979719,0.38789943,0.01282817,0.08979719,0.38789943,3
712762653087666,2024-03-21T19:39:49.896Z,gyroscope sensor uncalibrated,0.028710667,-0.080634214,0.516792,0.028710667,-0.080634214,0.516792,3
712762663087666,2024-03-21T19:39:49.906Z,gyroscope sensor uncalibrated,-0.012217305,-0.39645153,0.6084218,-0.012217305,-0.39645153,0.6084218,3
712762673087666,2024-03-21T19:39:49.916Z,gyroscope sensor uncalibrated,-0.08735373,-0.7244862,0.6151413,-0.08735373,-0.7244862,0.6151413,3
712762683087666,2024-03-21T19:39:49.926Z,gyroscope sensor uncalibrated,-0.1826487,-0.8240572,0.51251596,-0.1826487,-0.8240572,0.51251596,3
712762693087666,2024-03-21T19:39:49.936Z,gyroscope sensor uncalibrated,-0.24678956,-0.57604593,0.3866777,-0.24678956,-0.57604593,0.3866777,3
712762703087666,2024-03-21T19:39:49.946Z,gyroscope sensor uncalibrated,-0.3036,-0.029321533,0.3494149,-0.3036,-0.029321533,0.3494149,3
712762713087666,2024-03-21T19:39:49.956Z,gyroscope sensor uncalibrated,-0.4129449,0.65484756,0.40622538,-0.4129449,0.65484756,0.40622538,3
712762723087666,2024-03-21T19:39:49.966Z,gyroscope sensor uncalibrated,-0.7360926,0.906524,0.3933972,-0.7360926,0.906524,0.3933972,3
712762733087666,2024-03-21T19:39:49.977Z,gyroscope sensor uncalibrated,-0.92057395,0.8020661,0.16798794,-0.92057395,0.8020661,0.16798794,3
712762743087666,2024-03-21T19:39:49.987Z,gyroscope sensor uncalibrated,-0.75747293,0.9224065,0.03359759,-0.75747293,0.9224065,0.03359759,3
712762753087899,2024-03-21T19:39:49.997Z,gyroscope sensor uncalibrated,-0.5839872,1.2724323,0.10567969,-0.5839872,1.2724323,0.10567969,3
712762763087899,2024-03-21T19:39:50.007Z,gyroscope sensor uncalibrated,-0.49968776,1.6316211,0.14905111,-0.49968776,1.6316211,0.14905111,3
712762773087899,2024-03-21T19:39:50.016Z,gyroscope sensor uncalibrated,-0.45142943,1.7098118,0.06414085,-0.45142943,1.7098118,0.06414085,3
712762783087899,2024-03-21T19:39:50.027Z,gyroscope sensor uncalibrated,-0.36041048,1.4343116,0.03970624,-0.36041048,1.4343116,0.03970624,3
712762793087899,2024-03-21T19:39:50.036Z,gyroscope sensor uncalibrated,-0.2602286,0.97249746,0.064751714,-0.2602286,0.97249746,0.064751714,3
712762803087899,2024-03-21T19:39:50.047Z,gyroscope sensor uncalibrated,-0.16798794,0.64568454,0.012217305,-0.16798794,0.64568454,0.012217305,3
712762813088132,2024-03-21T19:39:50.056Z,gyroscope sensor uncalibrated,-0.12522738,0.49541172,-0.14355333,-0.12522738,0.49541172,-0.14355333,3
712762823088398,2024-03-21T19:39:50.067Z,gyroscope sensor uncalibrated,-0.115453534,0.21624629,-0.27488935,-0.115453534,0.21624629,-0.27488935,3
712762833088398,2024-03-21T19:39:50.077Z,gyroscope sensor uncalibrated,-0.172264,-0.22785273,-0.2846632,-0.172264,-0.22785273,-0.2846632,3
712762843088398,2024-03-21T19:39:50.086Z,gyroscope sensor uncalibrated,-0.2144137,-0.6591236,-0.23945917,-0.2144137,-0.6591236,-0.23945917,3
712762853088398,2024-03-21T19:39:50.097Z,gyroscope sensor uncalibrated,-0.2510656,-1.1099422,-0.16615535,-0.2510656,-1.1099422,-0.16615535,3
712762863088398,2024-03-21T19:39:50.106Z,gyroscope sensor uncalibrated,-0.26145032,-1.2962561,-0.14294247,-0.26145032,-1.2962561,-0.14294247,3
712762873088364,2024-03-21T19:39:50.116Z,gyroscope sensor uncalibrated,-0.17592919,-1.5161675,-0.19303341,-0.17592919,-1.5161675,-0.19303341,3
712762883088364,2024-03-21T19:39:50.127Z,gyroscope sensor uncalibrated,-0.13744467,-1.7336355,-0.20891592,-0.13744467,-1.7336355,-0.20891592,3
712762893088364,2024-03-21T19:39:50.136Z,gyroscope sensor uncalibrated,-0.28893927,-1.8478674,-0.22357668,-0.28893927,-1.8478674,-0.22357668,3
712762903088364,2024-03-21T19:39:50.147Z,gyroscope sensor uncalibrated,-0.42210788,-1.78617,-0.2669481,-0.42210788,-1.78617,-0.2669481,3
712762913088364,2024-03-21T19:39:50.156Z,gyroscope sensor uncalibrated,-0.2883284,-1.5528195,-0.30665436,-0.2883284,-1.5528195,-0.30665436,3
712762923088364,2024-03-21T19:39:50.166Z,gyroscope sensor uncalibrated,-0.16249016,-1.1722504,-0.33414328,-0.16249016,-1.1722504,-0.33414328,3
712762933088364,2024-03-21T19:39:50.176Z,gyroscope sensor uncalibrated,-0.032986723,-0.74220127,-0.3494149,-0.032986723,-0.74220127,-0.3494149,3
712762943088364,2024-03-21T19:39:50.187Z,gyroscope sensor uncalibrated,0.12339478,-0.3304781,-0.34574974,0.12339478,-0.3304781,-0.34574974,3
712762953088364,2024-03-21T19:39:50.196Z,gyroscope sensor uncalibrated,0.25411993,0.047036625,-0.31642818,0.25411993,0.047036625,-0.31642818,3
712762963088364,2024-03-21T19:39:50.206Z,gyroscope sensor uncalibrated,0.3182608,0.35308012,-0.2669481,0.3182608,0.35308012,-0.2669481,3
712762973088364,2024-03-21T19:39:50.216Z,gyroscope sensor uncalibrated,0.33964106,0.56199604,-0.18936823,0.33964106,0.56199604,-0.18936823,3
712762983088364,2024-03-21T19:39:50.227Z,gyroscope sensor uncalibrated,0.3555236,0.6780604,-0.09407325,0.3555236,0.6780604,-0.09407325,3
712762993088364,2024-03-21T19:39:50.236Z,gyroscope sensor uncalibrated,0.38789943,0.7305948,0.0012217305,0.38789943,0.7305948,0.0012217305,3
712763003088364,2024-03-21T19:39:50.247Z,gyroscope sensor uncalibrated,0.40866885,0.75625116,0.086132,0.40866885,0.75625116,0.086132,3
712763013088364,2024-03-21T19:39:50.257Z,gyroscope sensor uncalibrated,0.3640757,0.7495316,0.12583824,0.3640757,0.7495316,0.12583824,3
712763023088364,2024-03-21T19:39:50.267Z,gyroscope sensor uncalibrated,0.30604348,0.6450737,0.12889257,0.30604348,0.6450737,0.12889257,3
712763033088364,2024-03-21T19:39:50.276Z,gyroscope sensor uncalibrated,0.26633725,0.46975538,0.11484267,0.26633725,0.46975538,0.11484267,3
712763043088364,2024-03-21T19:39:50.286Z,gyroscope sensor uncalibrated,0.24801129,0.28038713,0.10751228,0.24801129,0.28038713,0.10751228,3
712763053088130,2024-03-21T19:39:50.296Z,gyroscope sensor uncalibrated,0.26939157,0.07696902,0.11911872,0.26939157,0.07696902,0.11911872,3
712763063088130,2024-03-21T19:39:50.306Z,gyroscope sensor uncalibrated,0.32925636,-0.19547687,0.15271631,0.32925636,-0.19547687,0.15271631,3
712763073088396,2024-03-21T19:39:50.316Z,gyroscope sensor uncalibrated,0.35124752,-0.2864958,0.1740966,0.35124752,-0.2864958,0.1740966,3
712763083088396,2024-03-21T19:39:50.326Z,gyroscope sensor uncalibrated,0.3659083,-0.30115658,0.19120082,0.3659083,-0.30115658,0.19120082,3
712763093088396,2024-03-21T19:39:50.336Z,gyroscope sensor uncalibrated,0.39278635,-0.25167647,0.19914207,0.39278635,-0.25167647,0.19914207,3
712763103088396,2024-03-21T19:39:50.347Z,gyroscope sensor uncalibrated,0.43188173,-0.14721853,0.20097467,0.43188173,-0.14721853,0.20097467,3
712763113088162,2024-03-21T19:39:50.356Z,gyroscope sensor uncalibrated,0.47769663,-0.0036651916,0.21074851,0.47769663,-0.0036651916,0.21074851,3
712763123087895,2024-03-21T19:39:50.367Z,gyroscope sensor uncalibrated,0.5290093,0.15332718,0.23090707,0.5290093,0.15332718,0.23090707,3
712763133087895,2024-03-21T19:39:50.376Z,gyroscope sensor uncalibrated,0.5522222,0.28221974,0.25228736,0.5522222,0.28221974,0.25228736,3
712763143087895,2024-03-21T19:39:50.387Z,gyroscope sensor uncalibrated,0.49480084,0.37323865,0.23396139,0.49480084,0.37323865,0.23396139,3
712763153087895,2024-03-21T19:39:50.397Z,gyroscope sensor uncalibrated,0.3659083,0.44104472,0.09773844,0.3659083,0.44104472,0.09773844,3
712763163087895,2024-03-21T19:39:50.406Z,gyroscope sensor uncalibrated,0.23762658,0.45265114,-0.15088372,0.23762658,0.45265114,-0.15088372,3
712763173087895,2024-03-21T19:39:50.417Z,gyroscope sensor uncalibrated,0.15149458,0.30604348,-0.43554693,0.15149458,0.30604348,-0.43554693,3
712763183087895,2024-03-21T19:39:50.427Z,gyroscope sensor uncalibrated,0.06841691,-0.036651913,-0.634689,0.06841691,-0.036651913,-0.634689,3
712763193087895,2024-03-21T19:39:50.436Z,gyroscope sensor uncalibrated,0.0012217305,-0.48808134,-0.62980205,0.0012217305,-0.48808134,-0.62980205,3
712763203087895,2024-03-21T19:39:50.447Z,gyroscope sensor uncalibrated,0.015271631,-0.86070913,-0.44532076,0.015271631,-0.86070913,-0.44532076,3
712763213087895,2024-03-21T19:39:50.457Z,gyroscope sensor uncalibrated,0.09590584,-1.0415252,-0.27305678,0.09590584,-1.0415252,-0.27305678,3
712763223087895,2024-03-21T19:39:50.466Z,gyroscope sensor uncalibrated,0.14844026,-0.99204516,-0.20830505,0.14844026,-0.99204516,-0.20830505,3
712763233087895,2024-03-21T19:39:50.476Z,gyroscope sensor uncalibrated,0.21074851,-0.61391956,-0.27977628,0.21074851,-0.61391956,-0.27977628,3
712763243087895,2024-03-21T19:39:50.486Z,gyroscope sensor uncalibrated,0.4098906,-0.11484267,-0.37140608,0.4098906,-0.11484267,-0.37140608,3
712763253087895,2024-03-21T19:39:50.496Z,gyroscope sensor uncalibrated,0.5687156,-0.1160644,-0.28344148,0.5687156,-0.1160644,-0.28344148,3
712763263088128,2024-03-21T19:39:50.506Z,gyroscope sensor uncalibrated,0.5112942,-0.5534439,-0.08246681,0.5112942,-0.5534439,-0.08246681,3
712763273088128,2024-03-21T19:39:50.516Z,gyroscope sensor uncalibrated,0.33475417,-0.65301496,-0.018325957,0.33475417,-0.65301496,-0.018325957,3
712763283088128,2024-03-21T19:39:50.526Z,gyroscope sensor uncalibrated,0.042760566,0.29565877,-0.4746423,0.042760566,0.29565877,-0.4746423,3
712763293088128,2024-03-21T19:39:50.537Z,gyroscope sensor uncalibrated,-0.10140363,0.92179567,-0.8026769,-0.10140363,0.92179567,-0.8026769,3
712763303088128,2024-03-21T19:39:50.546Z,gyroscope sensor uncalibrated,-0.13561209,1.0775663,-0.8356637,-0.13561209,1.0775663,-0.8356637,3
712763313088128,2024-03-21T19:39:50.557Z,gyroscope sensor uncalibrated,-0.007330383,0.9034697,-0.68844515,-0.007330383,0.9034697,-0.68844515,3
712763323088394,2024-03-21T19:39:50.566Z,gyroscope sensor uncalibrated,0.24007004,0.7049385,-0.49418998,0.24007004,0.7049385,-0.49418998,3
712763333088394,2024-03-21T19:39:50.577Z,gyroscope sensor uncalibrated,0.44898596,0.6536258,-0.25411993,0.44898596,0.6536258,-0.25411993,3
712763343088394,2024-03-21T19:39:50.587Z,gyroscope sensor uncalibrated,0.56077427,0.7275405,0.04337143,0.56077427,0.7275405,0.04337143,3
712763353088394,2024-03-21T19:39:50.596Z,gyroscope sensor uncalibrated,0.64568454,0.70616025,0.3323107,0.64568454,0.70616025,0.3323107,3
712763363088394,2024-03-21T19:39:50.607Z,gyroscope sensor uncalibrated,0.6908886,0.50335294,0.54611355,0.6908886,0.50335294,0.54611355,3
712763373088127,2024-03-21T19:39:50.617Z,gyroscope sensor uncalibrated,0.75686204,0.21197024,0.61941737,0.75686204,0.21197024,0.61941737,3
712763383088127,2024-03-21T19:39:50.627Z,gyroscope sensor uncalibrated,0.7519751,-0.070249505,0.5876524,0.7519751,-0.070249505,0.5876524,3
712763393088127,2024-03-21T19:39:50.636Z,gyroscope sensor uncalibrated,0.6041457,-0.3378085,0.48441613,0.6041457,-0.3378085,0.48441613,3
712763403088127,2024-03-21T19:39:50.647Z,gyroscope sensor uncalibrated,0.36835176,-0.5766568,0.34208453,0.36835176,-0.5766568,0.34208453,3
712763413088127,2024-03-21T19:39:50.657Z,gyroscope sensor uncalibrated,0.14538592,-0.77396625,0.19792034,0.14538592,-0.77396625,0.19792034,3
712763423088127,2024-03-21T19:39:50.666Z,gyroscope sensor uncalibrated,-0.010995574,-0.9016371,0.0842994,-0.010995574,-0.9016371,0.0842994,3
712763433088127,2024-03-21T19:39:50.677Z,gyroscope sensor uncalibrated,-0.08735373,-0.9816604,0.0036651916,-0.08735373,-0.9816604,0.0036651916,3
712763443088127,2024-03-21T19:39:50.686Z,gyroscope sensor uncalibrated,-0.01282817,-1.0152581,-0.025045475,-0.01282817,-1.0152581,-0.025045475,3
712763453088127,2024-03-21T19:39:50.697Z,gyroscope sensor uncalibrated,0.16126843,-0.9071349,0.013439035,0.16126843,-0.9071349,0.013439035,3
712763463088127,2024-03-21T19:39:50.707Z,gyroscope sensor uncalibrated,0.111177474,-0.679893,0.07941248,0.111177474,-0.679893,0.07941248,3
712763473088127,2024-03-21T19:39:50.716Z,gyroscope sensor uncalibrated,0.029321533,-0.40561453,0.13683382,0.029321533,-0.40561453,0.13683382,3
712763483088360,2024-03-21T19:39:50.727Z,gyroscope sensor uncalibrated,-0.0012217305,-0.12767084,0.16187929,-0.0012217305,-0.12767084,0.16187929,3
712763493088360,2024-03-21T19:39:50.737Z,gyroscope sensor uncalibrated,-0.048258353,0.12583824,0.20280726,-0.048258353,0.12583824,0.20280726,3
712763503088360,2024-03-21T19:39:50.747Z,gyroscope sensor uncalibrated,-0.10751228,0.2706133,0.22602014,-0.10751228,0.2706133,0.22602014,3
712763513088360,2024-03-21T19:39:50.757Z,gyroscope sensor uncalibrated,-0.15515977,0.4373795,0.24556783,-0.15515977,0.4373795,0.24556783,3
712763523088360,2024-03-21T19:39:50.766Z,gyroscope sensor uncalibrated,-0.16371189,0.56077427,0.23640485,-0.16371189,0.56077427,0.23640485,3
712763533088360,2024-03-21T19:39:50.776Z,gyroscope sensor uncalibrated,-0.16920967,0.6444628,0.1826487,-0.16920967,0.6444628,0.1826487,3
712763543088360,2024-03-21T19:39:50.787Z,gyroscope sensor uncalibrated,-0.20463985,0.67073005,0.118507855,-0.20463985,0.67073005,0.118507855,3
712763553088360,2024-03-21T19:39:50.797Z,gyroscope sensor uncalibrated,-0.23884831,0.6426302,0.0580322,-0.23884831,0.6426302,0.0580322,3
712763563088126,2024-03-21T19:39:50.807Z,gyroscope sensor uncalibrated,-0.2302962,0.5717699,0.0030543262,-0.2302962,0.5717699,0.0030543262,3
712763573088359,2024-03-21T19:39:50.816Z,gyroscope sensor uncalibrated,-0.17715092,0.47219884,-0.044593163,-0.17715092,0.47219884,-0.044593163,3
712763583088359,2024-03-21T19:39:50.826Z,gyroscope sensor uncalibrated,-0.10751228,0.3475823,-0.07452556,-0.10751228,0.3475823,-0.07452556,3
712763593088359,2024-03-21T19:39:50.837Z,gyroscope sensor uncalibrated,-0.06414085,0.2003638,-0.084910266,-0.06414085,0.2003638,-0.084910266,3
712763603088359,2024-03-21T19:39:50.846Z,gyroscope sensor uncalibrated,-0.05009095,0.044593163,-0.07880162,-0.05009095,0.044593163,-0.07880162,3
712763613088359,2024-03-21T19:39:50.857Z,gyroscope sensor uncalibrated,-0.042760566,-0.08979719,-0.06719518,-0.042760566,-0.08979719,-0.06719518,3
712763623088092,2024-03-21T19:39:50.866Z,gyroscope sensor uncalibrated,-0.048258353,-0.172264,-0.064751714,-0.048258353,-0.172264,-0.064751714,3
712763633088092,2024-03-21T19:39:50.876Z,gyroscope sensor uncalibrated,-0.076358154,-0.17348573,-0.06352998,-0.076358154,-0.17348573,-0.06352998,3
712763643088092,2024-03-21T19:39:50.887Z,gyroscope sensor uncalibrated,-0.108123146,-0.11056661,-0.050701816,-0.108123146,-0.11056661,-0.050701816,3
712763653088092,2024-03-21T19:39:50.896Z,gyroscope sensor uncalibrated,-0.103847094,-0.020158553,-0.009162978,-0.103847094,-0.020158553,-0.009162978,3
712763663088092,2024-03-21T19:39:50.907Z,gyroscope sensor uncalibrated,-0.05375614,0.047647487,0.07269296,-0.05375614,0.047647487,0.07269296,3
712763673088092,2024-03-21T19:39:50.917Z,gyroscope sensor uncalibrated,0.06352998,0.07696902,0.18387043,0.06352998,0.07696902,0.18387043,3
712763683088092,2024-03-21T19:39:50.927Z,gyroscope sensor uncalibrated,0.19242255,0.09162979,0.33169982,0.19242255,0.09162979,0.33169982,3
712763693088092,2024-03-21T19:39:50.936Z,gyroscope sensor uncalibrated,0.28160888,0.12461651,0.48991394,0.28160888,0.12461651,0.48991394,3
712763703087258,2024-03-21T19:39:50.946Z,gyroscope sensor uncalibrated,0.3200934,0.11789699,0.63285637,0.3200934,0.11789699,0.63285637,3
712763713087258,2024-03-21T19:39:50.956Z,gyroscope sensor uncalibrated,0.3371976,-0.16126843,0.7507534,0.3371976,-0.16126843,0.7507534,3
712763723087258,2024-03-21T19:39:50.967Z,gyroscope sensor uncalibrated,0.26511553,-0.52595496,0.7293731,0.26511553,-0.52595496,0.7293731,3
712763733087258,2024-03-21T19:39:50.977Z,gyroscope sensor uncalibrated,0.12217305,-0.7855727,0.61758476,0.12217305,-0.7855727,0.61758476,3
712763743087258,2024-03-21T19:39:50.987Z,gyroscope sensor uncalibrated,0.018936822,-0.766025,0.46853364,0.018936822,-0.766025,0.46853364,3
712763753087258,2024-03-21T19:39:50.996Z,gyroscope sensor uncalibrated,-0.022602014,-0.41355577,0.40011674,-0.022602014,-0.41355577,0.40011674,3
712763763087258,2024-03-21T19:39:51.006Z,gyroscope sensor uncalibrated,-0.06169739,0.24984388,0.45753807,-0.06169739,0.24984388,0.45753807,3
712763773087258,2024-03-21T19:39:51.016Z,gyroscope sensor uncalibrated,-0.28160888,0.77946407,0.4972443,-0.28160888,0.77946407,0.4972443,3
712763783087024,2024-03-21T19:39:51.026Z,gyroscope sensor uncalibrated,-0.63224554,0.77457714,0.31215215,-0.63224554,0.77457714,0.31215215,3
712763793087024,2024-03-21T19:39:51.037Z,gyroscope sensor uncalibrated,-0.7049385,0.7483099,0.049480084,-0.7049385,0.7483099,0.049480084,3
712763803087024,2024-03-21T19:39:51.047Z,gyroscope sensor uncalibrated,-0.58032197,0.8698721,-0.040927973,-0.58032197,0.8698721,-0.040927973,3
712763813087490,2024-03-21T19:39:51.057Z,gyroscope sensor uncalibrated,-0.47036624,1.119716,0.08857546,-0.47036624,1.119716,0.08857546,3
712763823087756,2024-03-21T19:39:51.066Z,gyroscope sensor uncalibrated,-0.37201694,1.2675453,0.24251351,-0.37201694,1.2675453,0.24251351,3
712763833087756,2024-03-21T19:39:51.076Z,gyroscope sensor uncalibrated,-0.23151793,1.0952814,0.29993483,-0.23151793,1.0952814,0.29993483,3
712763843087756,2024-03-21T19:39:51.086Z,gyroscope sensor uncalibrated,-0.08979719,0.7165449,0.2864958,-0.08979719,0.7165449,0.2864958,3
712763853087756,2024-03-21T19:39:51.097Z,gyroscope sensor uncalibrated,0.0012217305,0.34147367,0.22540927,0.0012217305,0.34147367,0.22540927,3
712763863087756,2024-03-21T19:39:51.107Z,gyroscope sensor uncalibrated,0.014049901,0.08979719,0.06169739,0.014049901,0.08979719,0.06169739,3
712763873087522,2024-03-21T19:39:51.117Z,gyroscope sensor uncalibrated,-0.10629055,-0.07574729,-0.17287487,-0.10629055,-0.07574729,-0.17287487,3
712763883087522,2024-03-21T19:39:51.126Z,gyroscope sensor uncalibrated,-0.36346483,-0.2932153,-0.3200934,-0.36346483,-0.2932153,-0.3200934,3
712763893087522,2024-03-21T19:39:51.136Z,gyroscope sensor uncalibrated,-0.6151413,-0.58276546,-0.3817908,-0.6151413,-0.58276546,-0.3817908,3
712763903087522,2024-03-21T19:39:51.146Z,gyroscope sensor uncalibrated,-0.7556403,-0.79229224,-0.43493605,-0.7556403,-0.79229224,-0.43493605,3
712763913087522,2024-03-21T19:39:51.156Z,gyroscope sensor uncalibrated,-0.7257079,-0.9822713,-0.50518554,-0.7257079,-0.9822713,-0.50518554,3
712763923087522,2024-03-21T19:39:51.167Z,gyroscope sensor uncalibrated,-0.64934975,-1.0720685,-0.48258355,-0.64934975,-1.0720685,-0.48258355,3
712763933087522,2024-03-21T19:39:51.176Z,gyroscope sensor uncalibrated,-0.50518554,-1.2070698,-0.44104472,-0.50518554,-1.2070698,-0.44104472,3
712763943087522,2024-03-21T19:39:51.187Z,gyroscope sensor uncalibrated,-0.48747048,-1.3158038,-0.35246924,-0.48747048,-1.3158038,-0.35246924,3
712763953087522,2024-03-21T19:39:51.196Z,gyroscope sensor uncalibrated,-0.56505036,-1.409877,-0.25289822,-0.56505036,-1.409877,-0.25289822,3
712763963087522,2024-03-21T19:39:51.206Z,gyroscope sensor uncalibrated,-0.42455134,-1.4404203,-0.19486602,-0.42455134,-1.4404203,-0.19486602,3
712763973087522,2024-03-21T19:39:51.217Z,gyroscope sensor uncalibrated,-0.25534168,-1.278541,-0.1740966,-0.25534168,-1.278541,-0.1740966,3
712763983087522,2024-03-21T19:39:51.227Z,gyroscope sensor uncalibrated,-0.1423316,-0.960891,-0.172264,-0.1423316,-0.960891,-0.172264,3
712763993087522,2024-03-21T19:39:51.236Z,gyroscope sensor uncalibrated,-0.029932396,-0.625526,-0.18570304,-0.029932396,-0.625526,-0.18570304,3
712764003088355,2024-03-21T19:39:51.246Z,gyroscope sensor uncalibrated,0.096516706,-0.33475417,-0.204029,0.096516706,-0.33475417,-0.204029,3
712764013088588,2024-03-21T19:39:51.257Z,gyroscope sensor uncalibrated,0.1863139,-0.0983493,-0.204029,0.1863139,-0.0983493,-0.204029,3
712764023088588,2024-03-21T19:39:51.267Z,gyroscope sensor uncalibrated,0.226631,0.086132,-0.18448131,0.226631,0.086132,-0.18448131,3
712764033088588,2024-03-21T19:39:51.277Z,gyroscope sensor uncalibrated,0.24129178,0.22724187,-0.15393804,0.24129178,0.22724187,-0.15393804,3
712764043088821,2024-03-21T19:39:51.286Z,gyroscope sensor uncalibrated,0.25289822,0.3371976,-0.106901415,0.25289822,0.3371976,-0.106901415,3
712764053088821,2024-03-21T19:39:51.297Z,gyroscope sensor uncalibrated,0.2773328,0.43371433,-0.029932396,0.2773328,0.43371433,-0.029932396,3
712764063088821,2024-03-21T19:39:51.306Z,gyroscope sensor uncalibrated,0.28893927,0.5155703,0.051923547,0.28893927,0.5155703,0.051923547,3
712764073088887,2024-03-21T19:39:51.316Z,gyroscope sensor uncalibrated,0.28160888,0.56382865,0.1142318,0.28160888,0.56382865,0.1142318,3
712764083088887,2024-03-21T19:39:51.326Z,gyroscope sensor uncalibrated,0.26450464,0.5497787,0.15271631,0.26450464,0.5497787,0.15271631,3
712764093088887,2024-03-21T19:39:51.337Z,gyroscope sensor uncalibrated,0.24923302,0.46303585,0.16065755,0.24923302,0.46303585,0.16065755,3
712764103088887,2024-03-21T19:39:51.346Z,gyroscope sensor uncalibrated,0.22602014,0.32253686,0.15149458,0.22602014,0.32253686,0.15149458,3
712764113088420,2024-03-21T19:39:51.356Z,gyroscope sensor uncalibrated,0.19181168,0.15760323,0.14049901,0.19181168,0.15760323,0.14049901,3
712764123088153,2024-03-21T19:39:51.366Z,gyroscope sensor uncalibrated,0.16798794,0.008552114,0.13683382,0.16798794,0.008552114,0.13683382,3
712764133088153,2024-03-21T19:39:51.377Z,gyroscope sensor uncalibrated,0.19486602,-0.16432275,0.15699236,0.19486602,-0.16432275,0.15699236,3
712764143088153,2024-03-21T19:39:51.387Z,gyroscope sensor uncalibrated,0.24678956,-0.23945917,0.18387043,0.24678956,-0.23945917,0.18387043,3
712764153088386,2024-03-21T19:39:51.396Z,gyroscope sensor uncalibrated,0.29016098,-0.25595254,0.20280726,0.29016098,-0.25595254,0.20280726,3
712764163088386,2024-03-21T19:39:51.407Z,gyroscope sensor uncalibrated,0.3200934,-0.19181168,0.19730948,0.3200934,-0.19181168,0.19730948,3
712764173088386,2024-03-21T19:39:51.416Z,gyroscope sensor uncalibrated,0.34330627,-0.04642576,0.18081611,0.34330627,-0.04642576,0.18081611,3
712764183088386,2024-03-21T19:39:51.426Z,gyroscope sensor uncalibrated,0.37873647,0.13744467,0.17287487,0.37873647,0.13744467,0.17287487,3
712764193088386,2024-03-21T19:39:51.437Z,gyroscope sensor uncalibrated,0.43127087,0.2938262,0.17348573,0.43127087,0.2938262,0.17348573,3
712764203088386,2024-03-21T19:39:51.446Z,gyroscope sensor uncalibrated,0.462425,0.36468655,0.14477506,0.462425,0.36468655,0.14477506,3
712764213088386,2024-03-21T19:39:51.456Z,gyroscope sensor uncalibrated,0.4288274,0.40439278,0.04337143,0.4288274,0.40439278,0.04337143,3
712764223088386,2024-03-21T19:39:51.467Z,gyroscope sensor uncalibrated,0.3622431,0.4111123,-0.119729586,0.3622431,0.4111123,-0.119729586,3
712764233088386,2024-03-21T19:39:51.477Z,gyroscope sensor uncalibrated,0.29565877,0.29260445,-0.26816985,0.29565877,0.29260445,-0.26816985,3
712764243088386,2024-03-21T19:39:51.487Z,gyroscope sensor uncalibrated,0.24129178,0.021380283,-0.31215215,0.24129178,0.021380283,-0.31215215,3
712764253088386,2024-03-21T19:39:51.496Z,gyroscope sensor uncalibrated,0.26450464,-0.31337386,-0.24495697,0.26450464,-0.31337386,-0.24495697,3
712764263088619,2024-03-21T19:39:51.507Z,gyroscope sensor uncalibrated,0.37690386,-0.5186246,-0.11178834,0.37690386,-0.5186246,-0.11178834,3
712764273088619,2024-03-21T19:39:51.517Z,gyroscope sensor uncalibrated,0.44898596,-0.5027421,0.005497787,0.44898596,-0.5027421,0.005497787,3
712764283088619,2024-03-21T19:39:51.526Z,gyroscope sensor uncalibrated,0.4373795,-0.27672195,-0.03359759,0.4373795,-0.27672195,-0.03359759,3
712764293088619,2024-03-21T19:39:51.537Z,gyroscope sensor uncalibrated,0.453262,0.15393804,-0.1777618,0.453262,0.15393804,-0.1777618,3
712764303088619,2024-03-21T19:39:51.547Z,gyroscope sensor uncalibrated,0.5015204,0.5161811,-0.25289822,0.5015204,0.5161811,-0.25289822,3
712764313088619,2024-03-21T19:39:51.557Z,gyroscope sensor uncalibrated,0.5363397,0.44104472,-0.1301143,0.5363397,0.44104472,-0.1301143,3
712764323088885,2024-03-21T19:39:51.566Z,gyroscope sensor uncalibrated,0.50518554,0.2443461,0.045814894,0.50518554,0.2443461,0.045814894,3
712764333088885,2024-03-21T19:39:51.576Z,gyroscope sensor uncalibrated,0.4007276,0.26206118,0.044593163,0.4007276,0.26206118,0.044593163,3
712764343088651,2024-03-21T19:39:51.587Z,gyroscope sensor uncalibrated,0.22113322,0.95356065,-0.4007276,0.22113322,0.95356065,-0.4007276,3
712764353088651,2024-03-21T19:39:51.596Z,gyroscope sensor uncalibrated,0.06963864,1.3408492,-0.6035349,0.06963864,1.3408492,-0.6035349,3
712764363088651,2024-03-21T19:39:51.606Z,gyroscope sensor uncalibrated,-0.004276057,1.35551,-0.5290093,-0.004276057,1.35551,-0.5290093,3
712764373088584,2024-03-21T19:39:51.617Z,gyroscope sensor uncalibrated,0.057421334,1.128879,-0.35918877,0.057421334,1.128879,-0.35918877,3
712764383088584,2024-03-21T19:39:51.627Z,gyroscope sensor uncalibrated,0.18387043,0.96883225,-0.25167647,0.18387043,0.96883225,-0.25167647,3
712764393088584,2024-03-21T19:39:51.636Z,gyroscope sensor uncalibrated,0.27855456,0.95172805,-0.1863139,0.27855456,0.95172805,-0.1863139,3
712764403088584,2024-03-21T19:39:51.647Z,gyroscope sensor uncalibrated,0.29749137,0.84849185,-0.077579886,0.29749137,0.84849185,-0.077579886,3
712764413088584,2024-03-21T19:39:51.657Z,gyroscope sensor uncalibrated,0.2321288,0.61269784,0.08124508,0.2321288,0.61269784,0.08124508,3
712764423088584,2024-03-21T19:39:51.666Z,gyroscope sensor uncalibrated,0.15821409,0.2602286,0.21074851,0.15821409,0.2602286,0.21074851,3
712764433088850,2024-03-21T19:39:51.677Z,gyroscope sensor uncalibrated,0.13622294,-0.21685717,0.2602286,0.13622294,-0.21685717,0.2602286,3
712764443088850,2024-03-21T19:39:51.686Z,gyroscope sensor uncalibrated,0.111177474,-0.66523224,0.25534168,0.111177474,-0.66523224,0.25534168,3
712764453088616,2024-03-21T19:39:51.696Z,gyroscope sensor uncalibrated,0.03848451,-0.9462303,0.20586158,0.03848451,-0.9462303,0.20586158,3
712764463088616,2024-03-21T19:39:51.706Z,gyroscope sensor uncalibrated,-0.059253927,-1.1044444,0.12461651,-0.059253927,-1.1044444,0.12461651,3
712764473088616,2024-03-21T19:39:51.717Z,gyroscope sensor uncalibrated,-0.18570304,-1.1765264,0.05497787,-0.18570304,-1.1765264,0.05497787,3
712764483088616,2024-03-21T19:39:51.726Z,gyroscope sensor uncalibrated,-0.21930063,-1.2241739,-0.007330383,-0.21930063,-1.2241739,-0.007330383,3
712764493088616,2024-03-21T19:39:51.736Z,gyroscope sensor uncalibrated,-0.069027774,-1.1710287,-0.017715093,-0.069027774,-1.1710287,-0.017715093,3
712764503088616,2024-03-21T19:39:51.746Z,gyroscope sensor uncalibrated,-0.062308256,-0.9682214,0.002443461,-0.062308256,-0.9682214,0.002443461,3
712764513088616,2024-03-21T19:39:51.757Z,gyroscope sensor uncalibrated,-0.119729586,-0.70371675,0.026267206,-0.119729586,-0.70371675,0.026267206,3
712764523088616,2024-03-21T19:39:51.767Z,gyroscope sensor uncalibrated,-0.15454891,-0.42577308,0.03604105,-0.15454891,-0.42577308,0.03604105,3
712764533088616,2024-03-21T19:39:51.777Z,gyroscope sensor uncalibrated,-0.13561209,-0.18509217,0.021380283,-0.13561209,-0.18509217,0.021380283,3
712764543088616,2024-03-21T19:39:51.787Z,gyroscope sensor uncalibrated,-0.112399206,0.014660766,-0.004886922,-0.112399206,0.014660766,-0.004886922,3
712764553088616,2024-03-21T19:39:51.797Z,gyroscope sensor uncalibrated,-0.17837265,0.2510656,-0.021991149,-0.17837265,0.2510656,-0.021991149,3
712764563088382,2024-03-21T19:39:51.807Z,gyroscope sensor uncalibrated,-0.21563543,0.3481932,-0.007941248,-0.21563543,0.3481932,-0.007941248,3
712764573088648,2024-03-21T19:39:51.817Z,gyroscope sensor uncalibrated,-0.22357668,0.39767328,0.0018325958,-0.22357668,0.39767328,0.0018325958,3
712764583088648,2024-03-21T19:39:51.826Z,gyroscope sensor uncalibrated,-0.24740042,0.43371433,-0.017104227,-0.24740042,0.43371433,-0.017104227,3
712764593088648,2024-03-21T19:39:51.837Z,gyroscope sensor uncalibrated,-0.29810223,0.46120325,-0.049480084,-0.29810223,0.46120325,-0.049480084,3
712764603088648,2024-03-21T19:39:51.846Z,gyroscope sensor uncalibrated,-0.31764993,0.4709771,-0.07452556,-0.31764993,0.4709771,-0.07452556,3
712764613088414,2024-03-21T19:39:51.857Z,gyroscope sensor uncalibrated,-0.28405234,0.462425,-0.07880162,-0.28405234,0.462425,-0.07880162,3
712764623088147,2024-03-21T19:39:51.867Z,gyroscope sensor uncalibrated,-0.23090707,0.43066,-0.065973446,-0.23090707,0.43066,-0.065973446,3
712764633088147,2024-03-21T19:39:51.876Z,gyroscope sensor uncalibrated,-0.18509217,0.35613444,-0.049480084,-0.18509217,0.35613444,-0.049480084,3
712764643088147,2024-03-21T19:39:51.887Z,gyroscope sensor uncalibrated,-0.15332718,0.23335053,-0.03970624,-0.15332718,0.23335053,-0.03970624,3
712764653088147,2024-03-21T19:39:51.896Z,gyroscope sensor uncalibrated,-0.11362094,0.08368854,-0.043982297,-0.11362094,0.08368854,-0.043982297,3
712764663088147,2024-03-21T19:39:51.906Z,gyroscope sensor uncalibrated,-0.07819075,-0.043982297,-0.05131268,-0.07819075,-0.043982297,-0.05131268,3
712764673088147,2024-03-21T19:39:51.916Z,gyroscope sensor uncalibrated,-0.062308256,-0.11789699,-0.05009095,-0.062308256,-0.11789699,-0.05009095,3
712764683088147,2024-03-21T19:39:51.926Z,gyroscope sensor uncalibrated,-0.059253927,-0.122783914,-0.04153884,-0.059253927,-0.122783914,-0.04153884,3
712764693088147,2024-03-21T19:39:51.936Z,gyroscope sensor uncalibrated,-0.047647487,-0.08002335,-0.02687807,-0.047647487,-0.08002335,-0.02687807,3
712764703088147,2024-03-21T19:39:51.946Z,gyroscope sensor uncalibrated,-0.013439035,-0.01160644,-0.014049901,-0.013439035,-0.01160644,-0.014049901,3
712764713088147,2024-03-21T19:39:51.956Z,gyroscope sensor uncalibrated,0.05375614,0.06658431,-0.0036651916,0.05375614,0.06658431,-0.0036651916,3
712764723088147,2024-03-21T19:39:51.966Z,gyroscope sensor uncalibrated,0.1282817,0.1142318,0.012217305,0.1282817,0.1142318,0.012217305,3
712764733087880,2024-03-21T19:39:51.976Z,gyroscope sensor uncalibrated,0.20891592,0.1441642,0.06047566,0.20891592,0.1441642,0.06047566,3
712764743087880,2024-03-21T19:39:51.986Z,gyroscope sensor uncalibrated,0.27672195,0.19975294,0.16798794,0.27672195,0.19975294,0.16798794,3
712764753087880,2024-03-21T19:39:51.996Z,gyroscope sensor uncalibrated,0.33475417,0.21930063,0.33169982,0.33475417,0.21930063,0.33169982,3
712764763087880,2024-03-21T19:39:52.006Z,gyroscope sensor uncalibrated,0.4092797,-0.03848451,0.5907067,0.4092797,-0.03848451,0.5907067,3
712764773087880,2024-03-21T19:39:52.017Z,gyroscope sensor uncalibrated,0.3726278,-0.34147367,0.6780604,0.3726278,-0.34147367,0.6780604,3
712764783087880,2024-03-21T19:39:52.026Z,gyroscope sensor uncalibrated,0.25595254,-0.5308419,0.68111473,0.25595254,-0.5308419,0.68111473,3
712764793087880,2024-03-21T19:39:52.037Z,gyroscope sensor uncalibrated,0.14721853,-0.58276546,0.634689,0.14721853,-0.58276546,0.634689,3
712764803087880,2024-03-21T19:39:52.047Z,gyroscope sensor uncalibrated,0.040927973,-0.39767328,0.57360244,0.040927973,-0.39767328,0.57360244,3
712764813087646,2024-03-21T19:39:52.056Z,gyroscope sensor uncalibrated,-0.044593163,-0.05375614,0.5198463,-0.044593163,-0.05375614,0.5198463,3
712764823087879,2024-03-21T19:39:52.067Z,gyroscope sensor uncalibrated,-0.21563543,0.19547687,0.408058,-0.21563543,0.19547687,0.408058,3
712764833087879,2024-03-21T19:39:52.076Z,gyroscope sensor uncalibrated,-0.35979962,0.3023783,0.24495697,-0.35979962,0.3023783,0.24495697,3
712764843087879,2024-03-21T19:39:52.086Z,gyroscope sensor uncalibrated,-0.4166101,0.3494149,0.062308256,-0.4166101,0.3494149,0.062308256,3
712764853087879,2024-03-21T19:39:52.096Z,gyroscope sensor uncalibrated,-0.4184427,0.44715336,-0.018325957,-0.4184427,0.44715336,-0.018325957,3
712764863087879,2024-03-21T19:39:52.107Z,gyroscope sensor uncalibrated,-0.4251622,0.54611355,0.028099801,-0.4251622,0.54611355,0.028099801,3
712764873087612,2024-03-21T19:39:52.117Z,gyroscope sensor uncalibrated,-0.39400807,0.5271767,0.08124508,-0.39400807,0.5271767,0.08124508,3
712764883087612,2024-03-21T19:39:52.127Z,gyroscope sensor uncalibrated,-0.27916542,0.3848451,0.06414085,-0.27916542,0.3848451,0.06414085,3
712764893087612,2024-03-21T19:39:52.137Z,gyroscope sensor uncalibrated,-0.16249016,0.14905111,0.008552114,-0.16249016,0.14905111,0.008552114,3
712764903087612,2024-03-21T19:39:52.146Z,gyroscope sensor uncalibrated,-0.073303826,-0.14355333,-0.081855945,-0.073303826,-0.14355333,-0.081855945,3
712764913087612,2024-03-21T19:39:52.157Z,gyroscope sensor uncalibrated,-0.09590584,-0.3145956,-0.22052236,-0.09590584,-0.3145956,-0.22052236,3
712764923087678,2024-03-21T19:39:52.167Z,gyroscope sensor uncalibrated,-0.25167647,-0.37140608,-0.4111123,-0.25167647,-0.37140608,-0.4111123,3
712764933087678,2024-03-21T19:39:52.177Z,gyroscope sensor uncalibrated,-0.4868596,-0.41783184,-0.55955255,-0.4868596,-0.41783184,-0.55955255,3
712764943087678,2024-03-21T19:39:52.186Z,gyroscope sensor uncalibrated,-0.675617,-0.48747048,-0.6206391,-0.675617,-0.48747048,-0.6206391,3
712764953087978,2024-03-21T19:39:52.196Z,gyroscope sensor uncalibrated,-0.7849618,-0.5320636,-0.61453044,-0.7849618,-0.5320636,-0.61453044,3
712764963087978,2024-03-21T19:39:52.207Z,gyroscope sensor uncalibrated,-0.8051204,-0.59437186,-0.5742133,-0.8051204,-0.59437186,-0.5742133,3
712764973087978,2024-03-21T19:39:52.217Z,gyroscope sensor uncalibrated,-0.6731735,-0.7067711,-0.52473325,-0.6731735,-0.7067711,-0.52473325,3
712764983087978,2024-03-21T19:39:52.226Z,gyroscope sensor uncalibrated,-0.6579019,-0.7861836,-0.45998153,-0.6579019,-0.7861836,-0.45998153,3
712764993087978,2024-03-21T19:39:52.237Z,gyroscope sensor uncalibrated,-0.6646214,-0.85154617,-0.3744604,-0.6646214,-0.85154617,-0.3744604,3
712765003087978,2024-03-21T19:39:52.246Z,gyroscope sensor uncalibrated,-0.61819565,-0.8961393,-0.31764993,-0.61819565,-0.8961393,-0.31764993,3
712765013087978,2024-03-21T19:39:52.256Z,gyroscope sensor uncalibrated,-0.398895,-0.8698721,-0.27550024,-0.398895,-0.8698721,-0.27550024,3
712765023087978,2024-03-21T19:39:52.267Z,gyroscope sensor uncalibrated,-0.2602286,-0.7519751,-0.23945917,-0.2602286,-0.7519751,-0.23945917,3
712765033087944,2024-03-21T19:39:52.277Z,gyroscope sensor uncalibrated,-0.17592919,-0.60048056,-0.22052236,-0.17592919,-0.60048056,-0.22052236,3
712765043087944,2024-03-21T19:39:52.286Z,gyroscope sensor uncalibrated,-0.092240654,-0.42760566,-0.22235495,-0.092240654,-0.42760566,-0.22235495,3
712765053087944,2024-03-21T19:39:52.296Z,gyroscope sensor uncalibrated,-0.017104227,-0.25534168,-0.23273966,-0.017104227,-0.25534168,-0.23273966,3
712765063087944,2024-03-21T19:39:52.306Z,gyroscope sensor uncalibrated,0.03604105,-0.08674286,-0.23457226,0.03604105,-0.08674286,-0.23457226,3
712765073088210,2024-03-21T19:39:52.317Z,gyroscope sensor uncalibrated,0.062308256,0.05681047,-0.20891592,0.062308256,0.05681047,-0.20891592,3
712765083088210,2024-03-21T19:39:52.326Z,gyroscope sensor uncalibrated,0.07391469,0.16371189,-0.16065755,0.07391469,0.16371189,-0.16065755,3
712765093088210,2024-03-21T19:39:52.336Z,gyroscope sensor uncalibrated,0.08124508,0.2406809,-0.09896017,0.08124508,0.2406809,-0.09896017,3
712765103088210,2024-03-21T19:39:52.346Z,gyroscope sensor uncalibrated,0.0983493,0.29810223,-0.019547688,0.0983493,0.29810223,-0.019547688,3
712765113088443,2024-03-21T19:39:52.357Z,gyroscope sensor uncalibrated,0.115453534,0.3371976,0.047036625,0.115453534,0.3371976,0.047036625,3
712765123088509,2024-03-21T19:39:52.366Z,gyroscope sensor uncalibrated,0.13194689,0.35735616,0.093462385,0.13194689,0.35735616,0.093462385,3
712765133088509,2024-03-21T19:39:52.377Z,gyroscope sensor uncalibrated,0.15332718,0.3481932,0.1337795,0.15332718,0.3481932,0.1337795,3
712765143088509,2024-03-21T19:39:52.386Z,gyroscope sensor uncalibrated,0.19242255,0.30665436,0.16493362,0.19242255,0.30665436,0.16493362,3
712765153088775,2024-03-21T19:39:52.396Z,gyroscope sensor uncalibrated,0.24862215,0.23823744,0.19242255,0.24862215,0.23823744,0.19242255,3
712765163088775,2024-03-21T19:39:52.407Z,gyroscope sensor uncalibrated,0.30909783,0.14721853,0.22235495,0.30909783,0.14721853,0.22235495,3
712765173088775,2024-03-21T19:39:52.416Z,gyroscope sensor uncalibrated,0.35063666,0.044593163,0.24862215,0.35063666,0.044593163,0.24862215,3
712765183088775,2024-03-21T19:39:52.427Z,gyroscope sensor uncalibrated,0.37201694,-0.045814894,0.26816985,0.37201694,-0.045814894,0.26816985,3
712765193088775,2024-03-21T19:39:52.437Z,gyroscope sensor uncalibrated,0.39706242,-0.10445796,0.2724459,0.39706242,-0.10445796,0.2724459,3
712765203088775,2024-03-21T19:39:52.446Z,gyroscope sensor uncalibrated,0.43799037,-0.07880162,0.26267207,0.43799037,-0.07880162,0.26267207,3
712765213088775,2024-03-21T19:39:52.456Z,gyroscope sensor uncalibrated,0.49174652,-0.004276057,0.25045475,0.49174652,-0.004276057,0.25045475,3
712765223088708,2024-03-21T19:39:52.467Z,gyroscope sensor uncalibrated,0.539394,0.100792766,0.24495697,0.539394,0.100792766,0.24495697,3
712765233088708,2024-03-21T19:39:52.476Z,gyroscope sensor uncalibrated,0.57848936,0.18997909,0.2284636,0.57848936,0.18997909,0.2284636,3
712765243088708,2024-03-21T19:39:52.486Z,gyroscope sensor uncalibrated,0.60903263,0.2144137,0.17837265,0.60903263,0.2144137,0.17837265,3
712765253088408,2024-03-21T19:39:52.496Z,gyroscope sensor uncalibrated,0.56077427,0.16982053,0.08857546,0.56077427,0.16982053,0.08857546,3
712765263088408,2024-03-21T19:39:52.507Z,gyroscope sensor uncalibrated,0.40317106,0.09590584,-0.06291912,0.40317106,0.09590584,-0.06291912,3
712765273088408,2024-03-21T19:39:52.516Z,gyroscope sensor uncalibrated,0.26083946,0.020158553,-0.2761111,0.26083946,0.020158553,-0.2761111,3
712765283088408,2024-03-21T19:39:52.527Z,gyroscope sensor uncalibrated,0.21502456,-0.09040806,-0.4728097,0.21502456,-0.09040806,-0.4728097,3
712765293088674,2024-03-21T19:39:52.536Z,gyroscope sensor uncalibrated,0.26206118,-0.30848694,-0.5503896,0.26206118,-0.30848694,-0.5503896,3
712765303088674,2024-03-21T19:39:52.546Z,gyroscope sensor uncalibrated,0.37812558,-0.5748242,-0.453262,0.37812558,-0.5748242,-0.453262,3
712765313088674,2024-03-21T19:39:52.557Z,gyroscope sensor uncalibrated,0.54550266,-0.68416905,-0.24312437,0.54550266,-0.68416905,-0.24312437,3
712765323088940,2024-03-21T19:39:52.566Z,gyroscope sensor uncalibrated,0.64996064,-0.5852089,-0.050701816,0.64996064,-0.5852089,-0.050701816,3
712765333088973,2024-03-21T19:39:52.576Z,gyroscope sensor uncalibrated,0.6420194,-0.22113322,-0.050701816,0.6420194,-0.22113322,-0.050701816,3
712765343088973,2024-03-21T19:39:52.587Z,gyroscope sensor uncalibrated,0.6597345,0.36102137,-0.20769419,0.6597345,0.36102137,-0.20769419,3
712765353088973,2024-03-21T19:39:52.597Z,gyroscope sensor uncalibrated,0.68600166,0.6591236,-0.28893927,0.68600166,0.6591236,-0.28893927,3
712765363088973,2024-03-21T19:39:52.606Z,gyroscope sensor uncalibrated,0.66523224,0.398895,-0.15577064,0.66523224,0.398895,-0.15577064,3
712765373088706,2024-03-21T19:39:52.616Z,gyroscope sensor uncalibrated,0.5381723,0.29993483,0.0067195175,0.5381723,0.29993483,0.0067195175,3
712765383088706,2024-03-21T19:39:52.626Z,gyroscope sensor uncalibrated,0.32803464,0.48380527,-0.06291912,0.32803464,0.48380527,-0.06291912,3
712765393088706,2024-03-21T19:39:52.637Z,gyroscope sensor uncalibrated,0.15760323,0.8026769,-0.33964106,0.15760323,0.8026769,-0.33964106,3
712765403088706,2024-03-21T19:39:52.646Z,gyroscope sensor uncalibrated,0.0061086523,0.9224065,-0.59986967,0.0061086523,0.9224065,-0.59986967,3
712765413088706,2024-03-21T19:39:52.657Z,gyroscope sensor uncalibrated,0.043982297,0.5748242,-0.48991394,0.043982297,0.5748242,-0.48991394,3
712765423088406,2024-03-21T19:39:52.667Z,gyroscope sensor uncalibrated,0.23762658,0.1386664,-0.29260445,0.23762658,0.1386664,-0.29260445,3
712765433088406,2024-03-21T19:39:52.677Z,gyroscope sensor uncalibrated,0.42760566,-0.06841691,-0.06780604,0.42760566,-0.06841691,-0.06780604,3
712765443088406,2024-03-21T19:39:52.686Z,gyroscope sensor uncalibrated,0.5479461,-0.1423316,0.19120082,0.5479461,-0.1423316,0.19120082,3
712765453088139,2024-03-21T19:39:52.696Z,gyroscope sensor uncalibrated,0.5882632,-0.28527406,0.5045747,0.5882632,-0.28527406,0.5045747,3
712765463088139,2024-03-21T19:39:52.706Z,gyroscope sensor uncalibrated,0.59315014,-0.52839845,0.7104363,0.59315014,-0.52839845,0.7104363,3
712765473087739,2024-03-21T19:39:52.716Z,gyroscope sensor uncalibrated,0.61391956,-0.76052725,0.71837753,0.61391956,-0.76052725,0.71837753,3
712765483087739,2024-03-21T19:39:52.726Z,gyroscope sensor uncalibrated,0.51923543,-0.9279043,0.6096435,0.51923543,-0.9279043,0.6096435,3
712765493087739,2024-03-21T19:39:52.737Z,gyroscope sensor uncalibrated,0.2657264,-1.0451905,0.4538729,0.2657264,-1.0451905,0.4538729,3
712765503087739,2024-03-21T19:39:52.747Z,gyroscope sensor uncalibrated,0.009773844,-1.0928379,0.25045475,0.009773844,-1.0928379,0.25045475,3
712765513087739,2024-03-21T19:39:52.756Z,gyroscope sensor uncalibrated,-0.1600467,-1.0616838,0.054367006,-0.1600467,-1.0616838,0.054367006,3
712765523087739,2024-03-21T19:39:52.766Z,gyroscope sensor uncalibrated,-0.24923302,-1.0036516,-0.11484267,-0.24923302,-1.0036516,-0.11484267,3
712765533087739,2024-03-21T19:39:52.776Z,gyroscope sensor uncalibrated,-0.16982053,-0.9101892,-0.19242255,-0.16982053,-0.9101892,-0.19242255,3
712765543087739,2024-03-21T19:39:52.787Z,gyroscope sensor uncalibrated,-0.052534413,-0.67256266,-0.18325958,-0.052534413,-0.67256266,-0.18325958,3
712765553087739,2024-03-21T19:39:52.797Z,gyroscope sensor uncalibrated,-0.14355333,-0.3817908,-0.13927728,-0.14355333,-0.3817908,-0.13927728,3
712765563087739,2024-03-21T19:39:52.806Z,gyroscope sensor uncalibrated,-0.2742785,-0.08979719,-0.070249505,-0.2742785,-0.08979719,-0.070249505,3
712765573088005,2024-03-21T19:39:52.816Z,gyroscope sensor uncalibrated,-0.34330627,0.15882497,-0.02443461,-0.34330627,0.15882497,-0.02443461,3
712765583088005,2024-03-21T19:39:52.827Z,gyroscope sensor uncalibrated,-0.3555236,0.34880406,0.004276057,-0.3555236,0.34880406,0.004276057,3
712765593087738,2024-03-21T19:39:52.836Z,gyroscope sensor uncalibrated,-0.3481932,0.48380527,0.03604105,-0.3481932,0.48380527,0.03604105,3
712765603087738,2024-03-21T19:39:52.846Z,gyroscope sensor uncalibrated,-0.36713,0.5723807,0.049480084,-0.36713,0.5723807,0.049480084,3
712765613087738,2024-03-21T19:39:52.856Z,gyroscope sensor uncalibrated,-0.38912117,0.61758476,-0.01282817,-0.38912117,0.61758476,-0.01282817,3
712765623087471,2024-03-21T19:39:52.866Z,gyroscope sensor uncalibrated,-0.4166101,0.593761,-0.07147124,-0.4166101,0.593761,-0.07147124,3
712765633087471,2024-03-21T19:39:52.876Z,gyroscope sensor uncalibrated,-0.44165558,0.52106804,-0.11911872,-0.44165558,0.52106804,-0.11911872,3
712765643087471,2024-03-21T19:39:52.887Z,gyroscope sensor uncalibrated,-0.4361578,0.43493605,-0.15943582,-0.4361578,0.43493605,-0.15943582,3
712765653087504,2024-03-21T19:39:52.897Z,gyroscope sensor uncalibrated,-0.41172317,0.35002577,-0.18448131,-0.41172317,0.35002577,-0.18448131,3
712765663087504,2024-03-21T19:39:52.907Z,gyroscope sensor uncalibrated,-0.39706242,0.26206118,-0.19058995,-0.39706242,0.26206118,-0.19058995,3
712765673087504,2024-03-21T19:39:52.916Z,gyroscope sensor uncalibrated,-0.3885103,0.15943582,-0.18020524,-0.3885103,0.15943582,-0.18020524,3
712765683087504,2024-03-21T19:39:52.926Z,gyroscope sensor uncalibrated,-0.3726278,0.03176499,-0.1563815,-0.3726278,0.03176499,-0.1563815,3
712765693087504,2024-03-21T19:39:52.936Z,gyroscope sensor uncalibrated,-0.3652974,-0.09162979,-0.12767084,-0.3652974,-0.09162979,-0.12767084,3
712765703087504,2024-03-21T19:39:52.946Z,gyroscope sensor uncalibrated,-0.3549127,-0.17287487,-0.1160644,-0.3549127,-0.17287487,-0.1160644,3
712765713087504,2024-03-21T19:39:52.957Z,gyroscope sensor uncalibrated,-0.34391713,-0.18570304,-0.12339478,-0.34391713,-0.18570304,-0.12339478,3
712765723087504,2024-03-21T19:39:52.966Z,gyroscope sensor uncalibrated,-0.3213151,-0.14721853,-0.14172074,-0.3213151,-0.14721853,-0.14172074,3
712765733087504,2024-03-21T19:39:52.977Z,gyroscope sensor uncalibrated,-0.27183503,-0.08124508,-0.14294247,-0.27183503,-0.08124508,-0.14294247,3
712765743087504,2024-03-21T19:39:52.987Z,gyroscope sensor uncalibrated,-0.21868975,-0.010995574,-0.12522738,-0.21868975,-0.010995574,-0.12522738,3
712765753087504,2024-03-21T19:39:52.997Z,gyroscope sensor uncalibrated,-0.17959438,0.039095376,-0.081855945,-0.17959438,0.039095376,-0.081855945,3
712765763087504,2024-03-21T19:39:53.007Z,gyroscope sensor uncalibrated,-0.1423316,0.0580322,-0.028710667,-0.1423316,0.0580322,-0.028710667,3
712765773087904,2024-03-21T19:39:53.017Z,gyroscope sensor uncalibrated,-0.10873401,0.059864793,0.012217305,-0.10873401,0.059864793,0.012217305,3
712765783087904,2024-03-21T19:39:53.027Z,gyroscope sensor uncalibrated,-0.07574729,0.039095376,0.049480084,-0.07574729,0.039095376,0.049480084,3
712765793087904,2024-03-21T19:39:53.037Z,gyroscope sensor uncalibrated,-0.032375857,-0.0036651916,0.10323623,-0.032375857,-0.0036651916,0.10323623,3
712765803087904,2024-03-21T19:39:53.047Z,gyroscope sensor uncalibrated,-0.002443461,-0.1001819,0.18325958,-0.002443461,-0.1001819,0.18325958,3
712765813087904,2024-03-21T19:39:53.057Z,gyroscope sensor uncalibrated,0.017715093,-0.2742785,0.2779437,0.017715093,-0.2742785,0.2779437,3
712765823088170,2024-03-21T19:39:53.066Z,gyroscope sensor uncalibrated,0.016493361,-0.35430184,0.3323107,0.016493361,-0.35430184,0.3323107,3
712765833088170,2024-03-21T19:39:53.077Z,gyroscope sensor uncalibrated,-0.0012217305,0.01160644,0.36896262,-0.0012217305,0.01160644,0.36896262,3
712765843088170,2024-03-21T19:39:53.086Z,gyroscope sensor uncalibrated,-0.051923547,0.7367035,0.4428773,-0.051923547,0.7367035,0.4428773,3
712765853088170,2024-03-21T19:39:53.096Z,gyroscope sensor uncalibrated,-0.32436943,1.0714576,0.41722095,-0.32436943,1.0714576,0.41722095,3
712765863088170,2024-03-21T19:39:53.107Z,gyroscope sensor uncalibrated,-0.5497787,0.8735373,0.23640485,-0.5497787,0.8735373,0.23640485,3
712765873087903,2024-03-21T19:39:53.117Z,gyroscope sensor uncalibrated,-0.46120325,0.8668178,0.05497787,-0.46120325,0.8668178,0.05497787,3
712765883087903,2024-03-21T19:39:53.126Z,gyroscope sensor uncalibrated,-0.23396139,0.98715824,0.044593163,-0.23396139,0.98715824,0.044593163,3
712765893087903,2024-03-21T19:39:53.136Z,gyroscope sensor uncalibrated,-0.1459968,1.0409144,0.20525073,-0.1459968,1.0409144,0.20525073,3
712765903087903,2024-03-21T19:39:53.147Z,gyroscope sensor uncalibrated,-0.14110987,0.8924741,0.312763,-0.14110987,0.8924741,0.312763,3
712765913087903,2024-03-21T19:39:53.157Z,gyroscope sensor uncalibrated,-0.15882497,0.58276546,0.25961772,-0.15882497,0.58276546,0.25961772,3
712765923087936,2024-03-21T19:39:53.166Z,gyroscope sensor uncalibrated,-0.1685988,0.2706133,0.09773844,-0.1685988,0.2706133,0.09773844,3
712765933087936,2024-03-21T19:39:53.177Z,gyroscope sensor uncalibrated,-0.16187929,0.058643065,-0.07391469,-0.16187929,0.058643065,-0.07391469,3
712765943087936,2024-03-21T19:39:53.186Z,gyroscope sensor uncalibrated,-0.15943582,-0.07696902,-0.2657264,-0.15943582,-0.07696902,-0.2657264,3
712765953087902,2024-03-21T19:39:53.196Z,gyroscope sensor uncalibrated,-0.3005457,-0.25289822,-0.4111123,-0.3005457,-0.25289822,-0.4111123,3
712765963087902,2024-03-21T19:39:53.207Z,gyroscope sensor uncalibrated,-0.49968776,-0.43799037,-0.45998153,-0.49968776,-0.43799037,-0.45998153,3
712765973087902,2024-03-21T19:39:53.217Z,gyroscope sensor uncalibrated,-0.61208695,-0.57971114,-0.4905248,-0.61208695,-0.57971114,-0.4905248,3
712765983087902,2024-03-21T19:39:53.227Z,gyroscope sensor uncalibrated,-0.6469063,-0.6597345,-0.50762904,-0.6469063,-0.6597345,-0.50762904,3
712765993087902,2024-03-21T19:39:53.237Z,gyroscope sensor uncalibrated,-0.675617,-0.76052725,-0.50579643,-0.675617,-0.76052725,-0.50579643,3
712766003087902,2024-03-21T19:39:53.247Z,gyroscope sensor uncalibrated,-0.7122689,-0.87781334,-0.49235737,-0.7122689,-0.87781334,-0.49235737,3
712766013088168,2024-03-21T19:39:53.256Z,gyroscope sensor uncalibrated,-0.64934975,-1.0262536,-0.50335294,-0.64934975,-1.0262536,-0.50335294,3
712766023088168,2024-03-21T19:39:53.266Z,gyroscope sensor uncalibrated,-0.6646214,-1.138042,-0.47036624,-0.6646214,-1.138042,-0.47036624,3
712766033088168,2024-03-21T19:39:53.276Z,gyroscope sensor uncalibrated,-0.6169739,-1.1972959,-0.3371976,-0.6169739,-1.1972959,-0.3371976,3
712766043088168,2024-03-21T19:39:53.287Z,gyroscope sensor uncalibrated,-0.48624873,-1.1129965,-0.2687807,-0.48624873,-1.1129965,-0.2687807,3
712766053088168,2024-03-21T19:39:53.297Z,gyroscope sensor uncalibrated,-0.33292156,-0.9425651,-0.1966986,-0.33292156,-0.9425651,-0.1966986,3
712766063088168,2024-03-21T19:39:53.307Z,gyroscope sensor uncalibrated,-0.16920967,-0.71593404,-0.15332718,-0.16920967,-0.71593404,-0.15332718,3
712766073088201,2024-03-21T19:39:53.316Z,gyroscope sensor uncalibrated,-0.028710667,-0.49846604,-0.124005646,-0.028710667,-0.49846604,-0.124005646,3
712766083088201,2024-03-21T19:39:53.326Z,gyroscope sensor uncalibrated,0.07696902,-0.30482176,-0.108123146,0.07696902,-0.30482176,-0.108123146,3
712766093088201,2024-03-21T19:39:53.336Z,gyroscope sensor uncalibrated,0.13622294,-0.13316862,-0.115453534,0.13622294,-0.13316862,-0.115453534,3
712766103088201,2024-03-21T19:39:53.347Z,gyroscope sensor uncalibrated,0.15454891,0.012217305,-0.11178834,0.15454891,0.012217305,-0.11178834,3
712766113088201,2024-03-21T19:39:53.357Z,gyroscope sensor uncalibrated,0.14782938,0.12644911,-0.09162979,0.14782938,0.12644911,-0.09162979,3
712766123087934,2024-03-21T19:39:53.366Z,gyroscope sensor uncalibrated,0.15271631,0.20952678,-0.05009095,0.15271631,0.20952678,-0.05009095,3
712766133087934,2024-03-21T19:39:53.376Z,gyroscope sensor uncalibrated,0.16065755,0.27366763,-0.0018325958,0.16065755,0.27366763,-0.0018325958,3
712766143087934,2024-03-21T19:39:53.386Z,gyroscope sensor uncalibrated,0.16065755,0.31581733,0.03848451,0.16065755,0.31581733,0.03848451,3
712766153087934,2024-03-21T19:39:53.396Z,gyroscope sensor uncalibrated,0.14905111,0.33353242,0.07086037,0.14905111,0.33353242,0.07086037,3
712766163087934,2024-03-21T19:39:53.407Z,gyroscope sensor uncalibrated,0.12950343,0.31887165,0.08735373,0.12950343,0.31887165,0.08735373,3
712766173087934,2024-03-21T19:39:53.417Z,gyroscope sensor uncalibrated,0.105068825,0.2706133,0.087964594,0.105068825,0.2706133,0.087964594,3
712766183087934,2024-03-21T19:39:53.427Z,gyroscope sensor uncalibrated,0.08979719,0.1881465,0.08368854,0.08979719,0.1881465,0.08368854,3
712766193087934,2024-03-21T19:39:53.436Z,gyroscope sensor uncalibrated,0.096516706,0.08002335,0.08552113,0.096516706,0.08002335,0.08552113,3
712766203087934,2024-03-21T19:39:53.446Z,gyroscope sensor uncalibrated,0.12522738,-0.034208454,0.11056661,0.12522738,-0.034208454,0.11056661,3
712766213087934,2024-03-21T19:39:53.457Z,gyroscope sensor uncalibrated,0.15821409,-0.1459968,0.15454891,0.15821409,-0.1459968,0.15454891,3
712766223087900,2024-03-21T19:39:53.467Z,gyroscope sensor uncalibrated,0.20097467,-0.24312437,0.20952678,0.20097467,-0.24312437,0.20952678,3
712766233087900,2024-03-21T19:39:53.477Z,gyroscope sensor uncalibrated,0.2565634,-0.30298916,0.24740042,0.2565634,-0.30298916,0.24740042,3
712766243087900,2024-03-21T19:39:53.486Z,gyroscope sensor uncalibrated,0.3109304,-0.312763,0.258396,0.3109304,-0.312763,0.258396,3
712766253087533,2024-03-21T19:39:53.496Z,gyroscope sensor uncalibrated,0.36468655,-0.25778514,0.23762658,0.36468655,-0.25778514,0.23762658,3
712766263087533,2024-03-21T19:39:53.506Z,gyroscope sensor uncalibrated,0.3866777,-0.18020524,0.20891592,0.3866777,-0.18020524,0.20891592,3
712766273087533,2024-03-21T19:39:53.517Z,gyroscope sensor uncalibrated,0.3640757,-0.05375614,0.15821409,0.3640757,-0.05375614,0.15821409,3
712766283087533,2024-03-21T19:39:53.527Z,gyroscope sensor uncalibrated,0.3005457,0.13683382,0.06169739,0.3005457,0.13683382,0.06169739,3
712766293087533,2024-03-21T19:39:53.536Z,gyroscope sensor uncalibrated,0.26267207,0.376293,-0.076358154,0.26267207,0.376293,-0.076358154,3
712766303087533,2024-03-21T19:39:53.547Z,gyroscope sensor uncalibrated,0.2773328,0.49418998,-0.2180789,0.2773328,0.49418998,-0.2180789,3
712766313087533,2024-03-21T19:39:53.556Z,gyroscope sensor uncalibrated,0.31887165,0.36285394,-0.30787608,0.31887165,0.36285394,-0.30787608,3
712766323087799,2024-03-21T19:39:53.566Z,gyroscope sensor uncalibrated,0.3921755,0.16920967,-0.29260445,0.3921755,0.16920967,-0.29260445,3
712766333087799,2024-03-21T19:39:53.577Z,gyroscope sensor uncalibrated,0.4813618,0.095294975,-0.17287487,0.4813618,0.095294975,-0.17287487,3
712766343087799,2024-03-21T19:39:53.587Z,gyroscope sensor uncalibrated,0.4868596,0.20280726,-0.076358154,0.4868596,0.20280726,-0.076358154,3
712766353087799,2024-03-21T19:39:53.596Z,gyroscope sensor uncalibrated,0.51923543,0.5882632,-0.10934488,0.51923543,0.5882632,-0.10934488,3
712766363087799,2024-03-21T19:39:53.607Z,gyroscope sensor uncalibrated,0.50640726,1.0158689,-0.172264,0.50640726,1.0158689,-0.172264,3
712766373087765,2024-03-21T19:39:53.617Z,gyroscope sensor uncalibrated,0.3848451,0.6969972,-0.1160644,0.3848451,0.6969972,-0.1160644,3
712766383087765,2024-03-21T19:39:53.626Z,gyroscope sensor uncalibrated,0.25473082,0.2883284,0.0,0.25473082,0.2883284,0.0,3
712766393087765,2024-03-21T19:39:53.637Z,gyroscope sensor uncalibrated,0.18020524,0.14294247,-0.004886922,0.18020524,0.14294247,-0.004886922,3
712766403088031,2024-03-21T19:39:53.647Z,gyroscope sensor uncalibrated,0.10934488,0.23640485,-0.2003638,0.10934488,0.23640485,-0.2003638,3
712766413088031,2024-03-21T19:39:53.657Z,gyroscope sensor uncalibrated,-0.004276057,0.35063666,-0.4147775,-0.004276057,0.35063666,-0.4147775,3
712766423088031,2024-03-21T19:39:53.667Z,gyroscope sensor uncalibrated,-0.055588737,0.26206118,-0.453262,-0.055588737,0.26206118,-0.453262,3
712766433088031,2024-03-21T19:39:53.676Z,gyroscope sensor uncalibrated,0.087964594,-0.1020145,-0.35796702,0.087964594,-0.1020145,-0.35796702,3
712766443088031,2024-03-21T19:39:53.687Z,gyroscope sensor uncalibrated,0.3555236,-0.45875978,-0.24617869,0.3555236,-0.45875978,-0.24617869,3
712766453088031,2024-03-21T19:39:53.696Z,gyroscope sensor uncalibrated,0.5119051,-0.60048056,-0.1441642,0.5119051,-0.60048056,-0.1441642,3
712766463088031,2024-03-21T19:39:53.707Z,gyroscope sensor uncalibrated,0.46792278,-0.571159,0.1441642,0.46792278,-0.571159,0.1441642,3
712766473088031,2024-03-21T19:39:53.716Z,gyroscope sensor uncalibrated,0.5216789,-0.5357288,0.33536503,0.5216789,-0.5357288,0.33536503,3
712766483088031,2024-03-21T19:39:53.726Z,gyroscope sensor uncalibrated,0.6017023,-0.48563787,0.49113566,0.6017023,-0.48563787,0.49113566,3
712766493088031,2024-03-21T19:39:53.736Z,gyroscope sensor uncalibrated,0.6407976,-0.43066,0.6035349,0.6407976,-0.43066,0.6035349,3
712766503088031,2024-03-21T19:39:53.746Z,gyroscope sensor uncalibrated,0.63529986,-0.36835176,0.64568454,0.63529986,-0.36835176,0.64568454,3
712766513088031,2024-03-21T19:39:53.757Z,gyroscope sensor uncalibrated,0.5925393,-0.3304781,0.60048056,0.5925393,-0.3304781,0.60048056,3
712766523088031,2024-03-21T19:39:53.767Z,gyroscope sensor uncalibrated,0.5381723,-0.3213151,0.49541172,0.5381723,-0.3213151,0.49541172,3
712766533088031,2024-03-21T19:39:53.776Z,gyroscope sensor uncalibrated,0.47036624,-0.32986724,0.35979962,0.47036624,-0.32986724,0.35979962,3
712766543088031,2024-03-21T19:39:53.786Z,gyroscope sensor uncalibrated,0.3866777,-0.35430184,0.20891592,0.3866777,-0.35430184,0.20891592,3
712766553088397,2024-03-21T19:39:53.796Z,gyroscope sensor uncalibrated,0.28710666,-0.36774087,0.06047566,0.28710666,-0.36774087,0.06047566,3
712766563088397,2024-03-21T19:39:53.806Z,gyroscope sensor uncalibrated,0.17837265,-0.35613444,-0.06047566,0.17837265,-0.35613444,-0.06047566,3
712766573088663,2024-03-21T19:39:53.816Z,gyroscope sensor uncalibrated,0.0842994,-0.34208453,-0.12644911,0.0842994,-0.34208453,-0.12644911,3
712766583088663,2024-03-21T19:39:53.826Z,gyroscope sensor uncalibrated,0.09712757,-0.30726522,-0.09162979,0.09712757,-0.30726522,-0.09162979,3
712766593088663,2024-03-21T19:39:53.837Z,gyroscope sensor uncalibrated,0.093462385,-0.23640485,0.01160644,0.093462385,-0.23640485,0.01160644,3
712766603088663,2024-03-21T19:39:53.846Z,gyroscope sensor uncalibrated,0.11178834,-0.14844026,0.12522738,0.11178834,-0.14844026,0.12522738,3
712766613088396,2024-03-21T19:39:53.857Z,gyroscope sensor uncalibrated,0.1863139,-0.062308256,0.20586158,0.1863139,-0.062308256,0.20586158,3
712766623088129,2024-03-21T19:39:53.866Z,gyroscope sensor uncalibrated,0.25778514,0.009773844,0.24495697,0.25778514,0.009773844,0.24495697,3
712766633088129,2024-03-21T19:39:53.877Z,gyroscope sensor uncalibrated,0.25473082,0.06291912,0.24801129,0.25473082,0.06291912,0.24801129,3
712766643088129,2024-03-21T19:39:53.887Z,gyroscope sensor uncalibrated,0.20891592,0.09468412,0.22357668,0.20891592,0.09468412,0.22357668,3
712766653088129,2024-03-21T19:39:53.896Z,gyroscope sensor uncalibrated,0.15393804,0.11178834,0.17592919,0.15393804,0.11178834,0.17592919,3
712766663088129,2024-03-21T19:39:53.907Z,gyroscope sensor uncalibrated,0.10567969,0.12156218,0.12217305,0.10567969,0.12156218,0.12217305,3
712766673088395,2024-03-21T19:39:53.916Z,gyroscope sensor uncalibrated,0.051923547,0.15393804,0.061086524,0.051923547,0.15393804,0.061086524,3
712766683088395,2024-03-21T19:39:53.926Z,gyroscope sensor uncalibrated,0.042760566,0.20830505,0.06047566,0.042760566,0.20830505,0.06047566,3
712766693088395,2024-03-21T19:39:53.936Z,gyroscope sensor uncalibrated,0.04153884,0.25411993,0.087964594,0.04153884,0.25411993,0.087964594,3
712766703088128,2024-03-21T19:39:53.946Z,gyroscope sensor uncalibrated,0.030543262,0.2669481,0.12339478,0.030543262,0.2669481,0.12339478,3
712766713088128,2024-03-21T19:39:53.957Z,gyroscope sensor uncalibrated,0.004276057,0.24007004,0.14477506,0.004276057,0.24007004,0.14477506,3
712766723088128,2024-03-21T19:39:53.966Z,gyroscope sensor uncalibrated,-0.0421497,0.17470746,0.13133603,-0.0421497,0.17470746,0.13133603,3
712766733088394,2024-03-21T19:39:53.976Z,gyroscope sensor uncalibrated,-0.106901415,0.09101892,0.07941248,-0.106901415,0.09101892,0.07941248,3
712766743088394,2024-03-21T19:39:53.987Z,gyroscope sensor uncalibrated,-0.16187929,0.034208454,-0.0012217305,-0.16187929,0.034208454,-0.0012217305,3
712766753088394,2024-03-21T19:39:53.997Z,gyroscope sensor uncalibrated,-0.1881465,0.015271631,-0.07269296,-0.1881465,0.015271631,-0.07269296,3
712766763088394,2024-03-21T19:39:54.006Z,gyroscope sensor uncalibrated,-0.20219639,0.050701816,-0.105068825,-0.20219639,0.050701816,-0.105068825,3
712766773088394,2024-03-21T19:39:54.017Z,gyroscope sensor uncalibrated,-0.22296582,0.13255776,-0.0983493,-0.22296582,0.13255776,-0.0983493,3
712766783088394,2024-03-21T19:39:54.026Z,gyroscope sensor uncalibrated,-0.20341812,0.16737708,-0.05131268,-0.20341812,0.16737708,-0.05131268,3
712766793088394,2024-03-21T19:39:54.036Z,gyroscope sensor uncalibrated,-0.13988814,0.15760323,-0.0012217305,-0.13988814,0.15760323,-0.0012217305,3
712766803087960,2024-03-21T19:39:54.047Z,gyroscope sensor uncalibrated,-0.07391469,0.18448131,0.06963864,-0.07391469,0.18448131,0.06963864,3
712766813087960,2024-03-21T19:39:54.056Z,gyroscope sensor uncalibrated,-0.049480084,0.22602014,0.18997909,-0.049480084,0.22602014,0.18997909,3
712766823088226,2024-03-21T19:39:54.066Z,gyroscope sensor uncalibrated,-0.04520403,0.19608775,0.33964106,-0.04520403,0.19608775,0.33964106,3
712766833088226,2024-03-21T19:39:54.076Z,gyroscope sensor uncalibrated,-0.051923547,0.037873644,0.45998153,-0.051923547,0.037873644,0.45998153,3
712766843088226,2024-03-21T19:39:54.086Z,gyroscope sensor uncalibrated,-0.09896017,-0.22724187,0.51007247,-0.09896017,-0.22724187,0.51007247,3
712766853088226,2024-03-21T19:39:54.096Z,gyroscope sensor uncalibrated,-0.2003638,-0.48441613,0.47769663,-0.2003638,-0.48441613,0.47769663,3
712766863088226,2024-03-21T19:39:54.107Z,gyroscope sensor uncalibrated,-0.3036,-0.62125,0.39522982,-0.3036,-0.62125,0.39522982,3
712766873087959,2024-03-21T19:39:54.117Z,gyroscope sensor uncalibrated,-0.35185838,-0.5821546,0.33108896,-0.35185838,-0.5821546,0.33108896,3
712766883087959,2024-03-21T19:39:54.126Z,gyroscope sensor uncalibrated,-0.35979962,0.004276057,0.40500367,-0.35979962,0.004276057,0.40500367,3
712766893087959,2024-03-21T19:39:54.136Z,gyroscope sensor uncalibrated,-0.4569272,0.35979962,0.4184427,-0.4569272,0.35979962,0.4184427,3
712766903087959,2024-03-21T19:39:54.147Z,gyroscope sensor uncalibrated,-0.73914695,0.26633725,0.23579398,-0.73914695,0.26633725,0.23579398,3
712766913087959,2024-03-21T19:39:54.157Z,gyroscope sensor uncalibrated,-0.84604836,0.23701571,-0.08857546,-0.84604836,0.23701571,-0.08857546,3
712766923087959,2024-03-21T19:39:54.166Z,gyroscope sensor uncalibrated,-0.83016586,0.45081854,-0.33108896,-0.83016586,0.45081854,-0.33108896,3
712766933088225,2024-03-21T19:39:54.177Z,gyroscope sensor uncalibrated,-0.77396625,0.72387534,-0.30909783,-0.77396625,0.72387534,-0.30909783,3
712766943088225,2024-03-21T19:39:54.186Z,gyroscope sensor uncalibrated,-0.6230826,0.95905846,-0.065973446,-0.6230826,0.95905846,-0.065973446,3
712766953088225,2024-03-21T19:39:54.197Z,gyroscope sensor uncalibrated,-0.32498032,0.97127575,0.18997909,-0.32498032,0.97127575,0.18997909,3
712766963088225,2024-03-21T19:39:54.207Z,gyroscope sensor uncalibrated,-0.05131268,0.806953,0.3903429,-0.05131268,0.806953,0.3903429,3
712766973087958,2024-03-21T19:39:54.217Z,gyroscope sensor uncalibrated,0.07147124,0.61575216,0.42943826,0.07147124,0.61575216,0.42943826,3
712766983087958,2024-03-21T19:39:54.227Z,gyroscope sensor uncalibrated,0.034208454,0.4465425,0.29443705,0.034208454,0.4465425,0.29443705,3
712766993087958,2024-03-21T19:39:54.237Z,gyroscope sensor uncalibrated,-0.16187929,0.29138273,0.13622294,-0.16187929,0.29138273,0.13622294,3
712767003087958,2024-03-21T19:39:54.246Z,gyroscope sensor uncalibrated,-0.32803464,-0.017104227,0.018325957,-0.32803464,-0.017104227,0.018325957,3
712767013087958,2024-03-21T19:39:54.256Z,gyroscope sensor uncalibrated,-0.37812558,-0.31215215,-0.095294975,-0.37812558,-0.31215215,-0.095294975,3
712767023087958,2024-03-21T19:39:54.266Z,gyroscope sensor uncalibrated,-0.42638394,-0.5345071,-0.19364429,-0.42638394,-0.5345071,-0.19364429,3
712767033087691,2024-03-21T19:39:54.276Z,gyroscope sensor uncalibrated,-0.46792278,-0.7318166,-0.31031954,-0.46792278,-0.7318166,-0.31031954,3
712767043087691,2024-03-21T19:39:54.287Z,gyroscope sensor uncalibrated,-0.4728097,-0.87598073,-0.36835176,-0.4728097,-0.87598073,-0.36835176,3
712767053087691,2024-03-21T19:39:54.296Z,gyroscope sensor uncalibrated,-0.36163223,-1.0848967,-0.43066,-0.36163223,-1.0848967,-0.43066,3
712767063087691,2024-03-21T19:39:54.307Z,gyroscope sensor uncalibrated,-0.27305678,-1.2748758,-0.42760566,-0.27305678,-1.2748758,-0.42760566,3
712767073087957,2024-03-21T19:39:54.316Z,gyroscope sensor uncalibrated,-0.1142318,-1.3683381,-0.312763,-0.1142318,-1.3683381,-0.312763,3
712767083087957,2024-03-21T19:39:54.326Z,gyroscope sensor uncalibrated,-0.028099801,-1.2638801,-0.2003638,-0.028099801,-1.2638801,-0.2003638,3
712767093087523,2024-03-21T19:39:54.337Z,gyroscope sensor uncalibrated,0.05497787,-0.9975429,-0.108123146,0.05497787,-0.9975429,-0.108123146,3
712767103087956,2024-03-21T19:39:54.346Z,gyroscope sensor uncalibrated,0.25228736,-0.47647488,-0.02321288,0.25228736,-0.47647488,-0.02321288,3
712767113087956,2024-03-21T19:39:54.356Z,gyroscope sensor uncalibrated,0.38423425,-0.13500121,0.01160644,0.38423425,-0.13500121,0.01160644,3
712767123087689,2024-03-21T19:39:54.367Z,gyroscope sensor uncalibrated,0.49418998,0.124005646,0.04520403,0.49418998,0.124005646,0.04520403,3
712767133087255,2024-03-21T19:39:54.376Z,gyroscope sensor uncalibrated,0.5864306,0.2779437,0.080634214,0.5864306,0.2779437,0.080634214,3
712767143087255,2024-03-21T19:39:54.387Z,gyroscope sensor uncalibrated,0.65240407,0.36774087,0.13561209,0.65240407,0.36774087,0.13561209,3
712767153087255,2024-03-21T19:39:54.396Z,gyroscope sensor uncalibrated,0.68539083,0.40866885,0.2003638,0.68539083,0.40866885,0.2003638,3
712767163087255,2024-03-21T19:39:54.406Z,gyroscope sensor uncalibrated,0.7318166,0.40194935,0.258396,0.7318166,0.40194935,0.258396,3
712767173087255,2024-03-21T19:39:54.416Z,gyroscope sensor uncalibrated,0.7861836,0.37140608,0.3200934,0.7861836,0.37140608,0.3200934,3
712767183087255,2024-03-21T19:39:54.426Z,gyroscope sensor uncalibrated,0.80939645,0.3213151,0.3707952,0.80939645,0.3213151,0.3707952,3
712767193087255,2024-03-21T19:39:54.436Z,gyroscope sensor uncalibrated,0.7874053,0.23945917,0.38056904,0.7874053,0.23945917,0.38056904,3
712767203087255,2024-03-21T19:39:54.447Z,gyroscope sensor uncalibrated,0.74464476,0.13133603,0.35124752,0.74464476,0.13133603,0.35124752,3
712767213087621,2024-03-21T19:39:54.456Z,gyroscope sensor uncalibrated,0.70554936,0.02321288,0.28893927,0.70554936,0.02321288,0.28893927,3
712767223087621,2024-03-21T19:39:54.466Z,gyroscope sensor uncalibrated,0.68294734,-0.09101892,0.23090707,0.68294734,-0.09101892,0.23090707,3
712767233087354,2024-03-21T19:39:54.477Z,gyroscope sensor uncalibrated,0.6780604,-0.18142697,0.21563543,0.6780604,-0.18142697,0.21563543,3
712767243087354,2024-03-21T19:39:54.487Z,gyroscope sensor uncalibrated,0.6750061,-0.22052236,0.23945917,0.6750061,-0.22052236,0.23945917,3
712767253087354,2024-03-21T19:39:54.497Z,gyroscope sensor uncalibrated,0.70249504,-0.26450464,0.28771752,0.70249504,-0.26450464,0.28771752,3
712767263087354,2024-03-21T19:39:54.506Z,gyroscope sensor uncalibrated,0.7464773,-0.27000242,0.33169982,0.7464773,-0.27000242,0.33169982,3
712767273087354,2024-03-21T19:39:54.516Z,gyroscope sensor uncalibrated,0.7837401,-0.17898351,0.35735616,0.7837401,-0.17898351,0.35735616,3
712767283087354,2024-03-21T19:39:54.527Z,gyroscope sensor uncalibrated,0.8222246,-0.018325957,0.36774087,0.8222246,-0.018325957,0.36774087,3
712767293087354,2024-03-21T19:39:54.536Z,gyroscope sensor uncalibrated,0.86620694,0.13988814,0.36651915,0.86620694,0.13988814,0.36651915,3
712767303087354,2024-03-21T19:39:54.547Z,gyroscope sensor uncalibrated,0.8949176,0.26206118,0.36774087,0.8949176,0.26206118,0.36774087,3
712767313087354,2024-03-21T19:39:54.557Z,gyroscope sensor uncalibrated,0.8362745,0.3640757,0.37873647,0.8362745,0.3640757,0.37873647,3
712767323087587,2024-03-21T19:39:54.567Z,gyroscope sensor uncalibrated,0.7171558,0.43249258,0.33414328,0.7171558,0.43249258,0.33414328,3
712767333087820,2024-03-21T19:39:54.577Z,gyroscope sensor uncalibrated,0.6017023,0.52839845,0.20952678,0.6017023,0.52839845,0.20952678,3
712767343087820,2024-03-21T19:39:54.586Z,gyroscope sensor uncalibrated,0.5717699,0.54550266,0.04153884,0.5717699,0.54550266,0.04153884,3
712767353087820,2024-03-21T19:39:54.597Z,gyroscope sensor uncalibrated,0.59437186,0.32803464,-0.087964594,0.59437186,0.32803464,-0.087964594,3
712767363087820,2024-03-21T19:39:54.607Z,gyroscope sensor uncalibrated,0.59498274,-0.080634214,-0.13072516,0.59498274,-0.080634214,-0.13072516,3
712767373087553,2024-03-21T19:39:54.616Z,gyroscope sensor uncalibrated,0.6041457,-0.40683624,-0.08307768,0.6041457,-0.40683624,-0.08307768,3
712767383087553,2024-03-21T19:39:54.626Z,gyroscope sensor uncalibrated,0.5839872,-0.52106804,-0.009773844,0.5839872,-0.52106804,-0.009773844,3
712767393087986,2024-03-21T19:39:54.637Z,gyroscope sensor uncalibrated,0.5864306,-0.3304781,-0.029932396,0.5864306,-0.3304781,-0.029932396,3
712767403087986,2024-03-21T19:39:54.647Z,gyroscope sensor uncalibrated,0.6786713,0.07880162,-0.124005646,0.6786713,0.07880162,-0.124005646,3
712767413087986,2024-03-21T19:39:54.657Z,gyroscope sensor uncalibrated,0.766025,0.22357668,-0.06658431,0.766025,0.22357668,-0.06658431,3
712767423087986,2024-03-21T19:39:54.667Z,gyroscope sensor uncalibrated,0.73853606,-0.092240654,0.14110987,0.73853606,-0.092240654,0.14110987,3
712767433088419,2024-03-21T19:39:54.677Z,gyroscope sensor uncalibrated,0.6658431,-0.33169982,0.23518312,0.6658431,-0.33169982,0.23518312,3
712767443088419,2024-03-21T19:39:54.686Z,gyroscope sensor uncalibrated,0.6102544,-0.086132,0.076358154,0.6102544,-0.086132,0.076358154,3
712767453088419,2024-03-21T19:39:54.696Z,gyroscope sensor uncalibrated,0.56321776,0.37873647,-0.14721853,0.56321776,0.37873647,-0.14721853,3
712767463088419,2024-03-21T19:39:54.707Z,gyroscope sensor uncalibrated,0.5235115,0.59620446,-0.18142697,0.5235115,0.59620446,-0.18142697,3
712767473088419,2024-03-21T19:39:54.717Z,gyroscope sensor uncalibrated,0.57726765,0.56138515,-0.086132,0.57726765,0.56138515,-0.086132,3
712767483088419,2024-03-21T19:39:54.726Z,gyroscope sensor uncalibrated,0.65240407,0.40011674,0.007941248,0.65240407,0.40011674,0.007941248,3
712767493088419,2024-03-21T19:39:54.736Z,gyroscope sensor uncalibrated,0.7104363,0.24251351,0.07391469,0.7104363,0.24251351,0.07391469,3
712767503088419,2024-03-21T19:39:54.746Z,gyroscope sensor uncalibrated,0.7861836,0.22052236,0.14049901,0.7861836,0.22052236,0.14049901,3
712767513088285,2024-03-21T19:39:54.756Z,gyroscope sensor uncalibrated,0.8558222,0.2724459,0.2761111,0.8558222,0.2724459,0.2761111,3
712767523088285,2024-03-21T19:39:54.767Z,gyroscope sensor uncalibrated,0.91507614,0.24740042,0.56199604,0.91507614,0.24740042,0.56199604,3
712767533088285,2024-03-21T19:39:54.776Z,gyroscope sensor uncalibrated,0.93951076,0.1441642,0.6976081,0.93951076,0.1441642,0.6976081,3
712767543088285,2024-03-21T19:39:54.787Z,gyroscope sensor uncalibrated,0.94989544,-0.009162978,0.75808376,0.94989544,-0.009162978,0.75808376,3
712767553088285,2024-03-21T19:39:54.796Z,gyroscope sensor uncalibrated,0.9419542,-0.19486602,0.7507534,0.9419542,-0.19486602,0.7507534,3
712767563088285,2024-03-21T19:39:54.806Z,gyroscope sensor uncalibrated,0.9138544,-0.39950588,0.71593404,0.9138544,-0.39950588,0.71593404,3
712767573087918,2024-03-21T19:39:54.816Z,gyroscope sensor uncalibrated,0.88025683,-0.59315014,0.68600166,0.88025683,-0.59315014,0.68600166,3
712767583087918,2024-03-21T19:39:54.826Z,gyroscope sensor uncalibrated,0.8393288,-0.75319684,0.6646214,0.8393288,-0.75319684,0.6646214,3
712767593087918,2024-03-21T19:39:54.837Z,gyroscope sensor uncalibrated,0.8185594,-0.86376345,0.63285637,0.8185594,-0.86376345,0.63285637,3
712767603087918,2024-03-21T19:39:54.847Z,gyroscope sensor uncalibrated,0.8191703,-0.9297369,0.5858198,0.8191703,-0.9297369,0.5858198,3
712767613087918,2024-03-21T19:39:54.857Z,gyroscope sensor uncalibrated,0.9071349,-0.92057395,0.5626069,0.9071349,-0.92057395,0.5626069,3
712767623087684,2024-03-21T19:39:54.867Z,gyroscope sensor uncalibrated,0.8576548,-0.77824235,0.535118,0.8576548,-0.77824235,0.535118,3
712767633087450,2024-03-21T19:39:54.877Z,gyroscope sensor uncalibrated,0.68600166,-0.53878313,0.48624873,0.68600166,-0.53878313,0.48624873,3
712767643087450,2024-03-21T19:39:54.886Z,gyroscope sensor uncalibrated,0.552833,-0.25167647,0.39645153,0.552833,-0.25167647,0.39645153,3
712767653087450,2024-03-21T19:39:54.897Z,gyroscope sensor uncalibrated,0.47342056,0.036651913,0.32498032,0.47342056,0.036651913,0.32498032,3
712767663087450,2024-03-21T19:39:54.906Z,gyroscope sensor uncalibrated,0.4098906,0.29077184,0.2968805,0.4098906,0.29077184,0.2968805,3
712767673087450,2024-03-21T19:39:54.916Z,gyroscope sensor uncalibrated,0.37690386,0.48808134,0.28038713,0.37690386,0.48808134,0.28038713,3
712767683087450,2024-03-21T19:39:54.926Z,gyroscope sensor uncalibrated,0.35124752,0.63713247,0.24617869,0.35124752,0.63713247,0.24617869,3
712767693087450,2024-03-21T19:39:54.937Z,gyroscope sensor uncalibrated,0.31398472,0.72387534,0.19303341,0.31398472,0.72387534,0.19303341,3
712767703087450,2024-03-21T19:39:54.946Z,gyroscope sensor uncalibrated,0.2846632,0.73731434,0.15271631,0.2846632,0.73731434,0.15271631,3
712767713087450,2024-03-21T19:39:54.956Z,gyroscope sensor uncalibrated,0.258396,0.7415904,0.12705997,0.258396,0.7415904,0.12705997,3
712767723087450,2024-03-21T19:39:54.967Z,gyroscope sensor uncalibrated,0.25228736,0.6957755,0.11789699,0.25228736,0.6957755,0.11789699,3
712767733087450,2024-03-21T19:39:54.976Z,gyroscope sensor uncalibrated,0.25717425,0.45081854,0.13133603,0.25717425,0.45081854,0.13133603,3
712767743087450,2024-03-21T19:39:54.987Z,gyroscope sensor uncalibrated,0.25411993,0.27550024,0.1337795,0.25411993,0.27550024,0.1337795,3
712767753087450,2024-03-21T19:39:54.996Z,gyroscope sensor uncalibrated,0.24495697,0.10567969,0.13500121,0.24495697,0.10567969,0.13500121,3
712767763087450,2024-03-21T19:39:55.006Z,gyroscope sensor uncalibrated,0.22113322,-0.052534413,0.12705997,0.22113322,-0.052534413,0.12705997,3
712767773087450,2024-03-21T19:39:55.016Z,gyroscope sensor uncalibrated,0.17531833,-0.14966199,0.11789699,0.17531833,-0.14966199,0.11789699,3
712767783087450,2024-03-21T19:39:55.027Z,gyroscope sensor uncalibrated,0.116675265,-0.14782938,0.11362094,0.116675265,-0.14782938,0.11362094,3
712767793087450,2024-03-21T19:39:55.037Z,gyroscope sensor uncalibrated,0.052534413,-0.06963864,0.10751228,0.052534413,-0.06963864,0.10751228,3
712767803087450,2024-03-21T19:39:55.046Z,gyroscope sensor uncalibrated,-0.014049901,0.065973446,0.09101892,-0.014049901,0.065973446,0.09101892,3
712767813087450,2024-03-21T19:39:55.057Z,gyroscope sensor uncalibrated,-0.064751714,0.23273966,0.06414085,-0.064751714,0.23273966,0.06414085,3
712767823087683,2024-03-21T19:39:55.067Z,gyroscope sensor uncalibrated,-0.08368854,0.4007276,0.036651913,-0.08368854,0.4007276,0.036651913,3
712767833087683,2024-03-21T19:39:55.076Z,gyroscope sensor uncalibrated,-0.086132,0.5155703,0.02443461,-0.086132,0.5155703,0.02443461,3
712767843087683,2024-03-21T19:39:55.086Z,gyroscope sensor uncalibrated,-0.06291912,0.55771995,0.0421497,-0.06291912,0.55771995,0.0421497,3
712767853087683,2024-03-21T19:39:55.096Z,gyroscope sensor uncalibrated,-0.027488936,0.5375614,0.081855945,-0.027488936,0.5375614,0.081855945,3
712767863087683,2024-03-21T19:39:55.106Z,gyroscope sensor uncalibrated,-0.013439035,0.43676865,0.13439035,-0.013439035,0.43676865,0.13439035,3
712767873088049,2024-03-21T19:39:55.117Z,gyroscope sensor uncalibrated,-0.020158553,0.2443461,0.17959438,-0.020158553,0.2443461,0.17959438,3
712767883088049,2024-03-21T19:39:55.126Z,gyroscope sensor uncalibrated,-0.025045475,-0.010995574,0.20280726,-0.025045475,-0.010995574,0.20280726,3
712767893088049,2024-03-21T19:39:55.137Z,gyroscope sensor uncalibrated,-0.034208454,-0.27977628,0.1863139,-0.034208454,-0.27977628,0.1863139,3
712767903088049,2024-03-21T19:39:55.146Z,gyroscope sensor uncalibrated,-0.06169739,-0.4905248,0.13316862,-0.06169739,-0.4905248,0.13316862,3
712767913088049,2024-03-21T19:39:55.156Z,gyroscope sensor uncalibrated,-0.08674286,-0.5479461,0.11728613,-0.08674286,-0.5479461,0.11728613,3
712767923088049,2024-03-21T19:39:55.166Z,gyroscope sensor uncalibrated,-0.087964594,-0.36957347,0.17165314,-0.087964594,-0.36957347,0.17165314,3
712767933088049,2024-03-21T19:39:55.176Z,gyroscope sensor uncalibrated,-0.13744467,-0.15271631,0.23640485,-0.13744467,-0.15271631,0.23640485,3
712767943088049,2024-03-21T19:39:55.187Z,gyroscope sensor uncalibrated,-0.25900686,-0.2761111,0.22968534,-0.25900686,-0.2761111,0.22968534,3
712767953088049,2024-03-21T19:39:55.197Z,gyroscope sensor uncalibrated,-0.22540927,-0.27366763,0.111177474,-0.22540927,-0.27366763,0.111177474,3
712767963088049,2024-03-21T19:39:55.206Z,gyroscope sensor uncalibrated,-0.20341812,-0.09773844,0.06047566,-0.20341812,-0.09773844,0.06047566,3
712767973088049,2024-03-21T19:39:55.216Z,gyroscope sensor uncalibrated,-0.2773328,0.14721853,0.11301007,-0.2773328,0.14721853,0.11301007,3
712767983088049,2024-03-21T19:39:55.227Z,gyroscope sensor uncalibrated,-0.36896262,0.28160888,0.15454891,-0.36896262,0.28160888,0.15454891,3
712767993088049,2024-03-21T19:39:55.236Z,gyroscope sensor uncalibrated,-0.3567453,0.24251351,0.08735373,-0.3567453,0.24251351,0.08735373,3
712768003088049,2024-03-21T19:39:55.247Z,gyroscope sensor uncalibrated,-0.23396139,0.08124508,-0.040317107,-0.23396139,0.08124508,-0.040317107,3
712768013087615,2024-03-21T19:39:55.256Z,gyroscope sensor uncalibrated,-0.093462385,-0.028099801,-0.15882497,-0.093462385,-0.028099801,-0.15882497,3
712768023087615,2024-03-21T19:39:55.266Z,gyroscope sensor uncalibrated,-0.077579886,-0.05375614,-0.321926,-0.077579886,-0.05375614,-0.321926,3
712768033087615,2024-03-21T19:39:55.277Z,gyroscope sensor uncalibrated,-0.29993483,-0.03848451,-0.5332854,-0.29993483,-0.03848451,-0.5332854,3
712768043087615,2024-03-21T19:39:55.286Z,gyroscope sensor uncalibrated,-0.59559363,-0.0018325958,-0.68783426,-0.59559363,-0.0018325958,-0.68783426,3
712768053087615,2024-03-21T19:39:55.296Z,gyroscope sensor uncalibrated,-0.7819075,-0.002443461,-0.7837401,-0.7819075,-0.002443461,-0.7837401,3
712768063087615,2024-03-21T19:39:55.306Z,gyroscope sensor uncalibrated,-0.8961393,-0.043982297,-0.8313876,-0.8961393,-0.043982297,-0.8313876,3
712768073087848,2024-03-21T19:39:55.317Z,gyroscope sensor uncalibrated,-1.0073168,-0.11789699,-0.8356637,-1.0073168,-0.11789699,-0.8356637,3
712768083087848,2024-03-21T19:39:55.326Z,gyroscope sensor uncalibrated,-1.0170907,-0.22235495,-0.7867944,-1.0170907,-0.22235495,-0.7867944,3
712768093087848,2024-03-21T19:39:55.336Z,gyroscope sensor uncalibrated,-0.93523467,-0.34208453,-0.6750061,-0.93523467,-0.34208453,-0.6750061,3
712768103087848,2024-03-21T19:39:55.347Z,gyroscope sensor uncalibrated,-0.81061816,-0.51068336,-0.55955255,-0.81061816,-0.51068336,-0.55955255,3
712768113087614,2024-03-21T19:39:55.356Z,gyroscope sensor uncalibrated,-0.7305948,-0.6658431,-0.4361578,-0.7305948,-0.6658431,-0.4361578,3
712768123087414,2024-03-21T19:39:55.366Z,gyroscope sensor uncalibrated,-0.6579019,-0.8020661,-0.34025195,-0.6579019,-0.8020661,-0.34025195,3
712768133087414,2024-03-21T19:39:55.377Z,gyroscope sensor uncalibrated,-0.4972443,-0.86376345,-0.25778514,-0.4972443,-0.86376345,-0.25778514,3
712768143087414,2024-03-21T19:39:55.386Z,gyroscope sensor uncalibrated,-0.40378192,-0.81306165,-0.19058995,-0.40378192,-0.81306165,-0.19058995,3
712768153087414,2024-03-21T19:39:55.396Z,gyroscope sensor uncalibrated,-0.36468655,-0.6914995,-0.15210545,-0.36468655,-0.6914995,-0.15210545,3
712768163087414,2024-03-21T19:39:55.407Z,gyroscope sensor uncalibrated,-0.23884831,-0.4538729,-0.18020524,-0.23884831,-0.4538729,-0.18020524,3
712768173087647,2024-03-21T19:39:55.417Z,gyroscope sensor uncalibrated,-0.17531833,-0.27855456,-0.21685717,-0.17531833,-0.27855456,-0.21685717,3
712768183087647,2024-03-21T19:39:55.426Z,gyroscope sensor uncalibrated,-0.18081611,-0.08735373,-0.25778514,-0.18081611,-0.08735373,-0.25778514,3
712768193087647,2024-03-21T19:39:55.436Z,gyroscope sensor uncalibrated,-0.19608775,0.04153884,-0.27305678,-0.19608775,0.04153884,-0.27305678,3
712768203087647,2024-03-21T19:39:55.446Z,gyroscope sensor uncalibrated,-0.19120082,0.12156218,-0.2602286,-0.19120082,0.12156218,-0.2602286,3
712768213087647,2024-03-21T19:39:55.457Z,gyroscope sensor uncalibrated,-0.18325958,0.20525073,-0.2565634,-0.18325958,0.20525073,-0.2565634,3
712768223087647,2024-03-21T19:39:55.466Z,gyroscope sensor uncalibrated,-0.16554448,0.28710666,-0.24556783,-0.16554448,0.28710666,-0.24556783,3
712768233087647,2024-03-21T19:39:55.477Z,gyroscope sensor uncalibrated,-0.13500121,0.33475417,-0.22052236,-0.13500121,0.33475417,-0.22052236,3
712768243087647,2024-03-21T19:39:55.486Z,gyroscope sensor uncalibrated,-0.09468412,0.3475823,-0.18142697,-0.09468412,0.3475823,-0.18142697,3
712768253087647,2024-03-21T19:39:55.497Z,gyroscope sensor uncalibrated,-0.053145275,0.32803464,-0.119729586,-0.053145275,0.32803464,-0.119729586,3
712768263087647,2024-03-21T19:39:55.506Z,gyroscope sensor uncalibrated,-0.021380283,0.28160888,-0.037873644,-0.021380283,0.28160888,-0.037873644,3
712768273087647,2024-03-21T19:39:55.516Z,gyroscope sensor uncalibrated,0.004886922,0.20952678,0.044593163,0.004886922,0.20952678,0.044593163,3
712768283087647,2024-03-21T19:39:55.526Z,gyroscope sensor uncalibrated,0.040927973,0.12156218,0.11362094,0.040927973,0.12156218,0.11362094,3
712768293087647,2024-03-21T19:39:55.537Z,gyroscope sensor uncalibrated,0.07696902,0.028099801,0.15699236,0.07696902,0.028099801,0.15699236,3
712768303087647,2024-03-21T19:39:55.546Z,gyroscope sensor uncalibrated,0.1001819,-0.049480084,0.17165314,0.1001819,-0.049480084,0.17165314,3
712768313088080,2024-03-21T19:39:55.557Z,gyroscope sensor uncalibrated,0.10995574,-0.095294975,0.16554448,0.10995574,-0.095294975,0.16554448,3
712768323088313,2024-03-21T19:39:55.567Z,gyroscope sensor uncalibrated,0.118507855,-0.11178834,0.14538592,0.118507855,-0.11178834,0.14538592,3
712768333088313,2024-03-21T19:39:55.577Z,gyroscope sensor uncalibrated,0.1459968,-0.10995574,0.11911872,0.1459968,-0.10995574,0.11911872,3
712768343088313,2024-03-21T19:39:55.586Z,gyroscope sensor uncalibrated,0.18509217,-0.07574729,0.10262536,0.18509217,-0.07574729,0.10262536,3
712768353383499,2024-03-21T19:39:55.597Z,gyroscope sensor uncalibrated,0.22907446,0.00061086525,0.10262536,0.22907446,0.00061086525,0.10262536,3
712768363383499,2024-03-21T19:39:55.606Z,gyroscope sensor uncalibrated,0.2779437,0.09040806,0.12522738,0.2779437,0.09040806,0.12522738,3
712768373383265,2024-03-21T19:39:55.616Z,gyroscope sensor uncalibrated,0.3023783,0.18325958,0.17470746,0.3023783,0.18325958,0.17470746,3
712768383383265,2024-03-21T19:39:55.626Z,gyroscope sensor uncalibrated,0.2443461,0.21380283,0.1301143,0.2443461,0.21380283,0.1301143,3
712768393383498,2024-03-21T19:39:55.636Z,gyroscope sensor uncalibrated,0.18509217,0.24129178,-0.02076942,0.18509217,0.24129178,-0.02076942,3
712768403383498,2024-03-21T19:39:55.647Z,gyroscope sensor uncalibrated,0.17654006,0.17531833,-0.22357668,0.17654006,0.17531833,-0.22357668,3
712768413383498,2024-03-21T19:39:55.657Z,gyroscope sensor uncalibrated,0.18448131,-0.0720821,-0.36957347,0.18448131,-0.0720821,-0.36957347,3
712768423383464,2024-03-21T19:39:55.666Z,gyroscope sensor uncalibrated,0.1966986,-0.45937067,-0.37934732,0.1966986,-0.45937067,-0.37934732,3
712768433383464,2024-03-21T19:39:55.677Z,gyroscope sensor uncalibrated,0.27366763,-0.8338311,-0.24495697,0.27366763,-0.8338311,-0.24495697,3
712768443383464,2024-03-21T19:39:55.687Z,gyroscope sensor uncalibrated,0.35796702,-1.0592403,-0.1142318,0.35796702,-1.0592403,-0.1142318,3
712768453383464,2024-03-21T19:39:55.697Z,gyroscope sensor uncalibrated,0.40866885,-1.0946705,-0.087964594,0.40866885,-1.0946705,-0.087964594,3
712768463383464,2024-03-21T19:39:55.706Z,gyroscope sensor uncalibrated,0.453262,-0.99204516,-0.15943582,0.453262,-0.99204516,-0.15943582,3
712768473383230,2024-03-21T19:39:55.716Z,gyroscope sensor uncalibrated,0.50946164,-0.6731735,-0.2779437,0.50946164,-0.6731735,-0.2779437,3
712768483383230,2024-03-21T19:39:55.726Z,gyroscope sensor uncalibrated,0.6188065,-0.24007004,-0.35185838,0.6188065,-0.24007004,-0.35185838,3
712768493383230,2024-03-21T19:39:55.737Z,gyroscope sensor uncalibrated,0.79045963,-0.11789699,-0.24190263,0.79045963,-0.11789699,-0.24190263,3
712768503383230,2024-03-21T19:39:55.746Z,gyroscope sensor uncalibrated,0.8912524,-0.36651915,-0.0067195175,0.8912524,-0.36651915,-0.0067195175,3
712768513383230,2024-03-21T19:39:55.757Z,gyroscope sensor uncalibrated,0.8405506,-0.39584067,0.14172074,0.8405506,-0.39584067,0.14172074,3
712768523383230,2024-03-21T19:39:55.767Z,gyroscope sensor uncalibrated,0.7293731,-0.03848451,0.089186326,0.7293731,-0.03848451,0.089186326,3
712768533383463,2024-03-21T19:39:55.776Z,gyroscope sensor uncalibrated,0.5839872,0.47586402,-0.08124508,0.5839872,0.47586402,-0.08124508,3
712768543383463,2024-03-21T19:39:55.786Z,gyroscope sensor uncalibrated,0.35124752,0.8417723,-0.23273966,0.35124752,0.8417723,-0.23273966,3
712768553383463,2024-03-21T19:39:55.797Z,gyroscope sensor uncalibrated,0.19853121,0.93279123,-0.31520647,0.19853121,0.93279123,-0.31520647,3
712768563383463,2024-03-21T19:39:55.807Z,gyroscope sensor uncalibrated,0.21502456,0.8240572,-0.34880406,0.21502456,0.8240572,-0.34880406,3
712768573383496,2024-03-21T19:39:55.816Z,gyroscope sensor uncalibrated,0.37751472,0.729984,-0.28527406,0.37751472,0.729984,-0.28527406,3
712768583383496,2024-03-21T19:39:55.826Z,gyroscope sensor uncalibrated,0.64934975,0.70188415,0.08979719,0.64934975,0.70188415,0.08979719,3
712768593383496,2024-03-21T19:39:55.836Z,gyroscope sensor uncalibrated,0.79779,0.66339964,0.3903429,0.79779,0.66339964,0.3903429,3
712768603383496,2024-03-21T19:39:55.846Z,gyroscope sensor uncalibrated,0.8338311,0.46670106,0.6267477,0.8338311,0.46670106,0.6267477,3
712768613383496,2024-03-21T19:39:55.857Z,gyroscope sensor uncalibrated,0.8313876,0.13683382,0.68294734,0.8313876,0.13683382,0.68294734,3
712768623383262,2024-03-21T19:39:55.866Z,gyroscope sensor uncalibrated,0.7648033,-0.14721853,0.5925393,0.7648033,-0.14721853,0.5925393,3
712768633383262,2024-03-21T19:39:55.876Z,gyroscope sensor uncalibrated,0.5656612,-0.3817908,0.44348818,0.5656612,-0.3817908,0.44348818,3
712768643383262,2024-03-21T19:39:55.886Z,gyroscope sensor uncalibrated,0.28160888,-0.57726765,0.29810223,0.28160888,-0.57726765,0.29810223,3
712768653383262,2024-03-21T19:39:55.897Z,gyroscope sensor uncalibrated,0.030543262,-0.72326446,0.1740966,0.030543262,-0.72326446,0.1740966,3
712768663383262,2024-03-21T19:39:55.907Z,gyroscope sensor uncalibrated,-0.103847094,-0.8338311,0.084910266,-0.103847094,-0.8338311,0.084910266,3
712768673383262,2024-03-21T19:39:55.917Z,gyroscope sensor uncalibrated,-0.116675265,-0.9407325,0.06414085,-0.116675265,-0.9407325,0.06414085,3
712768683383262,2024-03-21T19:39:55.927Z,gyroscope sensor uncalibrated,0.009773844,-0.9932669,0.081855945,0.009773844,-0.9932669,0.081855945,3
712768693383028,2024-03-21T19:39:55.936Z,gyroscope sensor uncalibrated,0.12583824,-0.8405506,0.12950343,0.12583824,-0.8405506,0.12950343,3
712768703383028,2024-03-21T19:39:55.947Z,gyroscope sensor uncalibrated,0.044593163,-0.59620446,0.16493362,0.044593163,-0.59620446,0.16493362,3
712768713383028,2024-03-21T19:39:55.957Z,gyroscope sensor uncalibrated,-0.055588737,-0.35124752,0.172264,-0.055588737,-0.35124752,0.172264,3
712768723383028,2024-03-21T19:39:55.966Z,gyroscope sensor uncalibrated,-0.092240654,-0.13805555,0.14172074,-0.092240654,-0.13805555,0.14172074,3
712768733383028,2024-03-21T19:39:55.976Z,gyroscope sensor uncalibrated,-0.14660765,0.03726278,0.108123146,-0.14660765,0.03726278,0.108123146,3
712768743383028,2024-03-21T19:39:55.986Z,gyroscope sensor uncalibrated,-0.2284636,0.16554448,0.09712757,-0.2284636,0.16554448,0.09712757,3
712768753383261,2024-03-21T19:39:55.996Z,gyroscope sensor uncalibrated,-0.27122417,0.26328292,0.11056661,-0.27122417,0.26328292,0.11056661,3
712768763383261,2024-03-21T19:39:56.007Z,gyroscope sensor uncalibrated,-0.29565877,0.3390302,0.13072516,-0.29565877,0.3390302,0.13072516,3
712768773383261,2024-03-21T19:39:56.017Z,gyroscope sensor uncalibrated,-0.32498032,0.37690386,0.13133603,-0.32498032,0.37690386,0.13133603,3
712768783383261,2024-03-21T19:39:56.027Z,gyroscope sensor uncalibrated,-0.37140608,0.3933972,0.105068825,-0.37140608,0.3933972,0.105068825,3
712768793383261,2024-03-21T19:39:56.037Z,gyroscope sensor uncalibrated,-0.43188173,0.3726278,0.040317107,-0.43188173,0.3726278,0.040317107,3
712768803383261,2024-03-21T19:39:56.047Z,gyroscope sensor uncalibrated,-0.43066,0.33108896,-0.007330383,-0.43066,0.33108896,-0.007330383,3
712768813383261,2024-03-21T19:39:56.057Z,gyroscope sensor uncalibrated,-0.40744713,0.26389378,-0.051923547,-0.40744713,0.26389378,-0.051923547,3
712768823383494,2024-03-21T19:39:56.067Z,gyroscope sensor uncalibrated,-0.38056904,0.16310102,-0.09040806,-0.38056904,0.16310102,-0.09040806,3
712768833383260,2024-03-21T19:39:56.077Z,gyroscope sensor uncalibrated,-0.35918877,0.05375614,-0.11728613,-0.35918877,0.05375614,-0.11728613,3
712768843383260,2024-03-21T19:39:56.087Z,gyroscope sensor uncalibrated,-0.32742378,-0.050701816,-0.12522738,-0.32742378,-0.050701816,-0.12522738,3
712768853383260,2024-03-21T19:39:56.096Z,gyroscope sensor uncalibrated,-0.28588495,-0.13622294,-0.10140363,-0.28588495,-0.13622294,-0.10140363,3
712768863383260,2024-03-21T19:39:56.106Z,gyroscope sensor uncalibrated,-0.26511553,-0.18081611,-0.04886922,-0.26511553,-0.18081611,-0.04886922,3
712768873383226,2024-03-21T19:39:56.117Z,gyroscope sensor uncalibrated,-0.24678956,-0.18448131,0.015882496,-0.24678956,-0.18448131,0.015882496,3
712768883383226,2024-03-21T19:39:56.126Z,gyroscope sensor uncalibrated,-0.21502456,-0.15821409,0.06719518,-0.21502456,-0.15821409,0.06719518,3
712768893383226,2024-03-21T19:39:56.137Z,gyroscope sensor uncalibrated,-0.17287487,-0.12461651,0.09101892,-0.17287487,-0.12461651,0.09101892,3
712768903383226,2024-03-21T19:39:56.146Z,gyroscope sensor uncalibrated,-0.11484267,-0.09712757,0.08979719,-0.11484267,-0.09712757,0.08979719,3
712768913383226,2024-03-21T19:39:56.157Z,gyroscope sensor uncalibrated,-0.034208454,-0.059253927,0.07880162,-0.034208454,-0.059253927,0.07880162,3
712768923383226,2024-03-21T19:39:56.167Z,gyroscope sensor uncalibrated,0.051923547,0.02076942,0.06963864,0.051923547,0.02076942,0.06963864,3
712768933383492,2024-03-21T19:39:56.177Z,gyroscope sensor uncalibrated,0.09896017,0.16249016,0.08735373,0.09896017,0.16249016,0.08735373,3
712768943383492,2024-03-21T19:39:56.186Z,gyroscope sensor uncalibrated,0.11301007,0.3036,0.1563815,0.11301007,0.3036,0.1563815,3
712768953383492,2024-03-21T19:39:56.197Z,gyroscope sensor uncalibrated,0.11301007,0.35308012,0.2846632,0.11301007,0.35308012,0.2846632,3
712768963383492,2024-03-21T19:39:56.206Z,gyroscope sensor uncalibrated,0.11789699,0.24678956,0.43493605,0.11789699,0.24678956,0.43493605,3
712768973383492,2024-03-21T19:39:56.217Z,gyroscope sensor uncalibrated,0.10140363,0.04642576,0.50823987,0.10140363,0.04642576,0.50823987,3
712768983383492,2024-03-21T19:39:56.227Z,gyroscope sensor uncalibrated,0.023823744,-0.19058995,0.46914452,0.023823744,-0.19058995,0.46914452,3
712768993383492,2024-03-21T19:39:56.236Z,gyroscope sensor uncalibrated,-0.10751228,-0.4111123,0.376293,-0.10751228,-0.4111123,0.376293,3
712769003383492,2024-03-21T19:39:56.247Z,gyroscope sensor uncalibrated,-0.20708331,-0.4465425,0.3005457,-0.20708331,-0.4465425,0.3005457,3
712769013383492,2024-03-21T19:39:56.256Z,gyroscope sensor uncalibrated,-0.31764993,-0.018936822,0.31031954,-0.31764993,-0.018936822,0.31031954,3
712769023383492,2024-03-21T19:39:56.266Z,gyroscope sensor uncalibrated,-0.56505036,0.16676621,0.2724459,-0.56505036,0.16676621,0.2724459,3
712769033383492,2024-03-21T19:39:56.276Z,gyroscope sensor uncalibrated,-0.9071349,-0.04337143,0.047036625,-0.9071349,-0.04337143,0.047036625,3
712769043383492,2024-03-21T19:39:56.287Z,gyroscope sensor uncalibrated,-0.9388999,-0.20952678,-0.21380283,-0.9388999,-0.20952678,-0.21380283,3
712769053383258,2024-03-21T19:39:56.296Z,gyroscope sensor uncalibrated,-0.675617,-0.26083946,-0.24862215,-0.675617,-0.26083946,-0.24862215,3
712769063383258,2024-03-21T19:39:56.307Z,gyroscope sensor uncalibrated,-0.41416663,-0.13683382,-0.093462385,-0.41416663,-0.13683382,-0.093462385,3
712769073383491,2024-03-21T19:39:56.317Z,gyroscope sensor uncalibrated,-0.3145956,0.047647487,0.1459968,-0.3145956,0.047647487,0.1459968,3
712769083383491,2024-03-21T19:39:56.326Z,gyroscope sensor uncalibrated,-0.2406809,0.17104226,0.35124752,-0.2406809,0.17104226,0.35124752,3
712769093383491,2024-03-21T19:39:56.337Z,gyroscope sensor uncalibrated,-0.10751228,0.20280726,0.43127087,-0.10751228,0.20280726,0.43127087,3
712769103383491,2024-03-21T19:39:56.346Z,gyroscope sensor uncalibrated,-0.0036651916,0.20219639,0.4184427,-0.0036651916,0.20219639,0.4184427,3
712769113383491,2024-03-21T19:39:56.356Z,gyroscope sensor uncalibrated,-0.039095376,0.29077184,0.28893927,-0.039095376,0.29077184,0.28893927,3
712769123383257,2024-03-21T19:39:56.367Z,gyroscope sensor uncalibrated,-0.22235495,0.36651915,0.06963864,-0.22235495,0.36651915,0.06963864,3
712769133383257,2024-03-21T19:39:56.376Z,gyroscope sensor uncalibrated,-0.4184427,0.37201694,-0.116675265,-0.4184427,0.37201694,-0.116675265,3
712769143383257,2024-03-21T19:39:56.387Z,gyroscope sensor uncalibrated,-0.5919284,0.3481932,-0.2687807,-0.5919284,0.3481932,-0.2687807,3
712769153383257,2024-03-21T19:39:56.396Z,gyroscope sensor uncalibrated,-0.7324274,0.22357668,-0.408058,-0.7324274,0.22357668,-0.408058,3
712769163383257,2024-03-21T19:39:56.406Z,gyroscope sensor uncalibrated,-0.83260936,0.081855945,-0.5271767,-0.83260936,0.081855945,-0.5271767,3
712769173383257,2024-03-21T19:39:56.416Z,gyroscope sensor uncalibrated,-0.852157,-0.0720821,-0.60903263,-0.852157,-0.0720821,-0.60903263,3
712769183383257,2024-03-21T19:39:56.426Z,gyroscope sensor uncalibrated,-0.75991637,-0.26633725,-0.6273586,-0.75991637,-0.26633725,-0.6273586,3
712769193383257,2024-03-21T19:39:56.436Z,gyroscope sensor uncalibrated,-0.6444628,-0.46975538,-0.56505036,-0.6444628,-0.46975538,-0.56505036,3
712769203383257,2024-03-21T19:39:56.447Z,gyroscope sensor uncalibrated,-0.5876524,-0.6609562,-0.4642576,-0.5876524,-0.6609562,-0.4642576,3
712769213383257,2024-03-21T19:39:56.456Z,gyroscope sensor uncalibrated,-0.49541172,-0.8564331,-0.38056904,-0.49541172,-0.8564331,-0.38056904,3
712769223383257,2024-03-21T19:39:56.467Z,gyroscope sensor uncalibrated,-0.3005457,-1.0170907,-0.24373524,-0.3005457,-1.0170907,-0.24373524,3
712769233382990,2024-03-21T19:39:56.477Z,gyroscope sensor uncalibrated,-0.25228736,-1.0030408,-0.13072516,-0.25228736,-1.0030408,-0.13072516,3
712769243382990,2024-03-21T19:39:56.487Z,gyroscope sensor uncalibrated,-0.16371189,-0.91324353,-0.04153884,-0.16371189,-0.91324353,-0.04153884,3
712769253382990,2024-03-21T19:39:56.496Z,gyroscope sensor uncalibrated,-0.02321288,-0.7348709,0.030543262,-0.02321288,-0.7348709,0.030543262,3
712769263382990,2024-03-21T19:39:56.507Z,gyroscope sensor uncalibrated,0.11789699,-0.5149594,0.08735373,0.11789699,-0.5149594,0.08735373,3
712769273382990,2024-03-21T19:39:56.517Z,gyroscope sensor uncalibrated,0.22418754,-0.29810223,0.13622294,0.22418754,-0.29810223,0.13622294,3
712769283382990,2024-03-21T19:39:56.527Z,gyroscope sensor uncalibrated,0.29871312,-0.1020145,0.16493362,0.29871312,-0.1020145,0.16493362,3
712769293382990,2024-03-21T19:39:56.537Z,gyroscope sensor uncalibrated,0.34697145,0.06719518,0.16737708,0.34697145,0.06719518,0.16737708,3
712769303382990,2024-03-21T19:39:56.546Z,gyroscope sensor uncalibrated,0.36468655,0.20341812,0.15027285,0.36468655,0.20341812,0.15027285,3
712769313382990,2024-03-21T19:39:56.557Z,gyroscope sensor uncalibrated,0.34513888,0.29565877,0.119729586,0.34513888,0.29565877,0.119729586,3
712769323383223,2024-03-21T19:39:56.566Z,gyroscope sensor uncalibrated,0.30482176,0.31764993,0.077579886,0.30482176,0.31764993,0.077579886,3
712769333383223,2024-03-21T19:39:56.576Z,gyroscope sensor uncalibrated,0.2669481,0.2706133,0.028710667,0.2669481,0.2706133,0.028710667,3
712769343383223,2024-03-21T19:39:56.586Z,gyroscope sensor uncalibrated,0.23640485,0.18325958,0.002443461,0.23640485,0.18325958,0.002443461,3
712769353383223,2024-03-21T19:39:56.596Z,gyroscope sensor uncalibrated,0.19975294,0.062308256,-0.016493361,0.19975294,0.062308256,-0.016493361,3
712769363383223,2024-03-21T19:39:56.607Z,gyroscope sensor uncalibrated,0.1863139,-0.06841691,-0.020158553,0.1863139,-0.06841691,-0.020158553,3
712769373382989,2024-03-21T19:39:56.616Z,gyroscope sensor uncalibrated,0.20647246,-0.18448131,-0.002443461,0.20647246,-0.18448131,-0.002443461,3
712769383382989,2024-03-21T19:39:56.626Z,gyroscope sensor uncalibrated,0.26145032,-0.26389378,0.040317107,0.26145032,-0.26389378,0.040317107,3
712769393382989,2024-03-21T19:39:56.636Z,gyroscope sensor uncalibrated,0.33658674,-0.2883284,0.0983493,0.33658674,-0.2883284,0.0983493,3
712769403382989,2024-03-21T19:39:56.647Z,gyroscope sensor uncalibrated,0.40561453,-0.25167647,0.16371189,0.40561453,-0.25167647,0.16371189,3
712769413382989,2024-03-21T19:39:56.657Z,gyroscope sensor uncalibrated,0.44348818,-0.1685988,0.23151793,0.44348818,-0.1685988,0.23151793,3
712769423382989,2024-03-21T19:39:56.666Z,gyroscope sensor uncalibrated,0.45875978,-0.069027774,0.29932398,0.45875978,-0.069027774,0.29932398,3
712769433382989,2024-03-21T19:39:56.676Z,gyroscope sensor uncalibrated,0.47708577,0.06169739,0.37812558,0.47708577,0.06169739,0.37812558,3
712769443382989,2024-03-21T19:39:56.686Z,gyroscope sensor uncalibrated,0.4636467,0.10934488,0.40866885,0.4636467,0.10934488,0.40866885,3
712769453382989,2024-03-21T19:39:56.697Z,gyroscope sensor uncalibrated,0.4129449,0.122783914,0.4269948,0.4129449,0.122783914,0.4269948,3
712769463382989,2024-03-21T19:39:56.707Z,gyroscope sensor uncalibrated,0.34697145,0.11789699,0.4251622,0.34697145,0.11789699,0.4251622,3
712769473382989,2024-03-21T19:39:56.716Z,gyroscope sensor uncalibrated,0.28099802,0.1001819,0.38973203,0.28099802,0.1001819,0.38973203,3
712769483382989,2024-03-21T19:39:56.726Z,gyroscope sensor uncalibrated,0.20586158,0.086132,0.30848694,0.20586158,0.086132,0.30848694,3
712769493382989,2024-03-21T19:39:56.737Z,gyroscope sensor uncalibrated,0.12583824,0.069027774,0.1685988,0.12583824,0.069027774,0.1685988,3
712769503382989,2024-03-21T19:39:56.747Z,gyroscope sensor uncalibrated,0.076358154,0.028710667,-0.013439035,0.076358154,0.028710667,-0.013439035,3
712769513382989,2024-03-21T19:39:56.756Z,gyroscope sensor uncalibrated,0.069027774,-0.0720821,-0.16554448,0.069027774,-0.0720821,-0.16554448,3
712769523382989,2024-03-21T19:39:56.766Z,gyroscope sensor uncalibrated,0.10323623,-0.22113322,-0.20952678,0.10323623,-0.22113322,-0.20952678,3
712769533382989,2024-03-21T19:39:56.777Z,gyroscope sensor uncalibrated,0.19914207,-0.31948254,-0.13439035,0.19914207,-0.31948254,-0.13439035,3
712769543382989,2024-03-21T19:39:56.786Z,gyroscope sensor uncalibrated,0.3268129,-0.26389378,0.021380283,0.3268129,-0.26389378,0.021380283,3
712769553382989,2024-03-21T19:39:56.796Z,gyroscope sensor uncalibrated,0.41783184,-0.017715093,0.17959438,0.41783184,-0.017715093,0.17959438,3
712769563382989,2024-03-21T19:39:56.806Z,gyroscope sensor uncalibrated,0.47708577,0.3866777,0.23640485,0.47708577,0.3866777,0.23640485,3
712769573383222,2024-03-21T19:39:56.816Z,gyroscope sensor uncalibrated,0.5290093,0.79779,0.2180789,0.5290093,0.79779,0.2180789,3
712769583383222,2024-03-21T19:39:56.826Z,gyroscope sensor uncalibrated,0.5222898,0.72143185,0.24312437,0.5222898,0.72143185,0.24312437,3
712769593383222,2024-03-21T19:39:56.836Z,gyroscope sensor uncalibrated,0.44837508,0.20097467,0.25900686,0.44837508,0.20097467,0.25900686,3
712769603383222,2024-03-21T19:39:56.847Z,gyroscope sensor uncalibrated,0.3622431,-0.12217305,0.23884831,0.3622431,-0.12217305,0.23884831,3
712769613383222,2024-03-21T19:39:56.857Z,gyroscope sensor uncalibrated,0.2938262,-0.21013765,0.1881465,0.2938262,-0.21013765,0.1881465,3
712769623382988,2024-03-21T19:39:56.866Z,gyroscope sensor uncalibrated,0.25167647,-0.21746802,0.070249505,0.25167647,-0.21746802,0.070249505,3
712769633382988,2024-03-21T19:39:56.876Z,gyroscope sensor uncalibrated,0.18570304,-0.25350907,-0.09468412,0.18570304,-0.25350907,-0.09468412,3
712769643382988,2024-03-21T19:39:56.886Z,gyroscope sensor uncalibrated,0.07880162,-0.4288274,-0.2724459,0.07880162,-0.4288274,-0.2724459,3
712769653382988,2024-03-21T19:39:56.897Z,gyroscope sensor uncalibrated,0.19975294,-0.6151413,-0.32070425,0.19975294,-0.6151413,-0.32070425,3
712769663382988,2024-03-21T19:39:56.907Z,gyroscope sensor uncalibrated,0.5174029,-0.70005155,-0.22418754,0.5174029,-0.70005155,-0.22418754,3
712769673382988,2024-03-21T19:39:56.917Z,gyroscope sensor uncalibrated,0.84665924,-0.5491679,0.059253927,0.84665924,-0.5491679,0.059253927,3
712769683382988,2024-03-21T19:39:56.926Z,gyroscope sensor uncalibrated,0.8558222,-0.32375857,0.37934732,0.8558222,-0.32375857,0.37934732,3
712769693382988,2024-03-21T19:39:56.937Z,gyroscope sensor uncalibrated,0.8753699,-0.12705997,0.5876524,0.8753699,-0.12705997,0.5876524,3
712769703382988,2024-03-21T19:39:56.946Z,gyroscope sensor uncalibrated,0.979217,0.06291912,0.6591236,0.979217,0.06291912,0.6591236,3
712769713382988,2024-03-21T19:39:56.957Z,gyroscope sensor uncalibrated,1.0317514,0.16249016,0.66889745,1.0317514,0.16249016,0.66889745,3
712769723382988,2024-03-21T19:39:56.966Z,gyroscope sensor uncalibrated,1.0158689,0.14110987,0.6579019,1.0158689,0.14110987,0.6579019,3
712769733382988,2024-03-21T19:39:56.977Z,gyroscope sensor uncalibrated,1.0085385,0.037873644,0.6133087,1.0085385,0.037873644,0.6133087,3
712769743382988,2024-03-21T19:39:56.986Z,gyroscope sensor uncalibrated,0.9505063,-0.15027285,0.52656585,0.9505063,-0.15027285,0.52656585,3
712769753382988,2024-03-21T19:39:56.996Z,gyroscope sensor uncalibrated,0.83016586,-0.39522982,0.43371433,0.83016586,-0.39522982,0.43371433,3
712769763382988,2024-03-21T19:39:57.007Z,gyroscope sensor uncalibrated,0.6603453,-0.64568454,0.36346483,0.6603453,-0.64568454,0.36346483,3
712769773382988,2024-03-21T19:39:57.017Z,gyroscope sensor uncalibrated,0.5015204,-0.88086766,0.31215215,0.5015204,-0.88086766,0.31215215,3
712769783382988,2024-03-21T19:39:57.026Z,gyroscope sensor uncalibrated,0.47586402,-1.0989466,0.24801129,0.47586402,-1.0989466,0.24801129,3
712769793382988,2024-03-21T19:39:57.036Z,gyroscope sensor uncalibrated,0.5174029,-1.1643091,0.20952678,0.5174029,-1.1643091,0.20952678,3
712769803382988,2024-03-21T19:39:57.046Z,gyroscope sensor uncalibrated,0.43860126,-1.102001,0.19242255,0.43860126,-1.102001,0.19242255,3
712769813382988,2024-03-21T19:39:57.057Z,gyroscope sensor uncalibrated,0.35124752,-0.9095783,0.18020524,0.35124752,-0.9095783,0.18020524,3
712769823383221,2024-03-21T19:39:57.066Z,gyroscope sensor uncalibrated,0.30665436,-0.64812803,0.16065755,0.30665436,-0.64812803,0.16065755,3
712769833383221,2024-03-21T19:39:57.076Z,gyroscope sensor uncalibrated,0.28221974,-0.35918877,0.14110987,0.28221974,-0.35918877,0.14110987,3
712769843383221,2024-03-21T19:39:57.086Z,gyroscope sensor uncalibrated,0.26083946,-0.084910266,0.12217305,0.26083946,-0.084910266,0.12217305,3
712769853383221,2024-03-21T19:39:57.097Z,gyroscope sensor uncalibrated,0.2144137,0.25534168,0.09896017,0.2144137,0.25534168,0.09896017,3
712769863383221,2024-03-21T19:39:57.106Z,gyroscope sensor uncalibrated,0.18325958,0.40378192,0.058643065,0.18325958,0.40378192,0.058643065,3
712769873382987,2024-03-21T19:39:57.116Z,gyroscope sensor uncalibrated,0.1704314,0.47036624,0.023823744,0.1704314,0.47036624,0.023823744,3
712769883382987,2024-03-21T19:39:57.127Z,gyroscope sensor uncalibrated,0.1740966,0.46670106,-0.0030543262,0.1740966,0.46670106,-0.0030543262,3
712769893382987,2024-03-21T19:39:57.136Z,gyroscope sensor uncalibrated,0.16615535,0.39645153,-0.021991149,0.16615535,0.39645153,-0.021991149,3
712769903382987,2024-03-21T19:39:57.147Z,gyroscope sensor uncalibrated,0.14782938,0.2657264,-0.04520403,0.14782938,0.2657264,-0.04520403,3
712769913382987,2024-03-21T19:39:57.157Z,gyroscope sensor uncalibrated,0.11911872,0.10629055,-0.07819075,0.11911872,0.10629055,-0.07819075,3
712769923382987,2024-03-21T19:39:57.166Z,gyroscope sensor uncalibrated,0.0842994,-0.05131268,-0.10995574,0.0842994,-0.05131268,-0.10995574,3
712769933382987,2024-03-21T19:39:57.176Z,gyroscope sensor uncalibrated,0.045814894,-0.18875736,-0.13133603,0.045814894,-0.18875736,-0.13133603,3
712769943382987,2024-03-21T19:39:57.187Z,gyroscope sensor uncalibrated,-0.005497787,-0.29749137,-0.14660765,-0.005497787,-0.29749137,-0.14660765,3
712769953383253,2024-03-21T19:39:57.197Z,gyroscope sensor uncalibrated,-0.05375614,-0.36896262,-0.15882497,-0.05375614,-0.36896262,-0.15882497,3
712769963383253,2024-03-21T19:39:57.206Z,gyroscope sensor uncalibrated,-0.09040806,-0.3848451,-0.17287487,-0.09040806,-0.3848451,-0.17287487,3
712769973383253,2024-03-21T19:39:57.216Z,gyroscope sensor uncalibrated,-0.13561209,-0.344528,-0.17654006,-0.13561209,-0.344528,-0.17654006,3
712769983383253,2024-03-21T19:39:57.227Z,gyroscope sensor uncalibrated,-0.16676621,-0.26816985,-0.18387043,-0.16676621,-0.26816985,-0.18387043,3
712769993383253,2024-03-21T19:39:57.237Z,gyroscope sensor uncalibrated,-0.15882497,-0.1600467,-0.1881465,-0.15882497,-0.1600467,-0.1881465,3
712770003383253,2024-03-21T19:39:57.246Z,gyroscope sensor uncalibrated,-0.12339478,-0.04520403,-0.16920967,-0.12339478,-0.04520403,-0.16920967,3
712770013383253,2024-03-21T19:39:57.257Z,gyroscope sensor uncalibrated,-0.06963864,0.051923547,-0.12705997,-0.06963864,0.051923547,-0.12705997,3
712770023383253,2024-03-21T19:39:57.267Z,gyroscope sensor uncalibrated,0.0012217305,0.13316862,-0.073303826,0.0012217305,0.13316862,-0.073303826,3
712770033383253,2024-03-21T19:39:57.276Z,gyroscope sensor uncalibrated,0.07269296,0.2125811,-0.013439035,0.07269296,0.2125811,-0.013439035,3
712770043383253,2024-03-21T19:39:57.286Z,gyroscope sensor uncalibrated,0.093462385,0.3023783,0.04642576,0.093462385,0.3023783,0.04642576,3
712770053383253,2024-03-21T19:39:57.297Z,gyroscope sensor uncalibrated,0.06780604,0.3817908,0.12034045,0.06780604,0.3817908,0.12034045,3
712770063383253,2024-03-21T19:39:57.306Z,gyroscope sensor uncalibrated,0.01038471,0.35430184,0.18020524,0.01038471,0.35430184,0.18020524,3
712770073383519,2024-03-21T19:39:57.316Z,gyroscope sensor uncalibrated,-0.077579886,0.03176499,0.14782938,-0.077579886,0.03176499,0.14782938,3
712770083383519,2024-03-21T19:39:57.327Z,gyroscope sensor uncalibrated,-0.1160644,-0.13439035,0.06352998,-0.1160644,-0.13439035,0.06352998,3
712770093383519,2024-03-21T19:39:57.337Z,gyroscope sensor uncalibrated,-0.07269296,-0.13561209,0.0030543262,-0.07269296,-0.13561209,0.0030543262,3
712770103383519,2024-03-21T19:39:57.346Z,gyroscope sensor uncalibrated,-0.037873644,0.0421497,0.018936822,-0.037873644,0.0421497,0.018936822,3
712770113383519,2024-03-21T19:39:57.357Z,gyroscope sensor uncalibrated,-0.22113322,0.2706133,0.103847094,-0.22113322,0.2706133,0.103847094,3
712770123383285,2024-03-21T19:39:57.367Z,gyroscope sensor uncalibrated,-0.4990769,0.15210545,0.06169739,-0.4990769,0.15210545,0.06169739,3
712770133383285,2024-03-21T19:39:57.377Z,gyroscope sensor uncalibrated,-0.5180137,-0.10751228,-0.12889257,-0.5180137,-0.10751228,-0.12889257,3
712770143383285,2024-03-21T19:39:57.386Z,gyroscope sensor uncalibrated,-0.48808134,-0.21135938,-0.20769419,-0.48808134,-0.21135938,-0.20769419,3
712770153383285,2024-03-21T19:39:57.397Z,gyroscope sensor uncalibrated,-0.45570546,-0.27366763,-0.1301143,-0.45570546,-0.27366763,-0.1301143,3
712770163383285,2024-03-21T19:39:57.406Z,gyroscope sensor uncalibrated,-0.25289822,-0.36957347,0.028099801,-0.25289822,-0.36957347,0.028099801,3
712770173383285,2024-03-21T19:39:57.416Z,gyroscope sensor uncalibrated,0.029932396,-0.41172317,0.24129178,0.029932396,-0.41172317,0.24129178,3
712770183383285,2024-03-21T19:39:57.427Z,gyroscope sensor uncalibrated,0.22235495,-0.4392121,0.43676865,0.22235495,-0.4392121,0.43676865,3
712770193383285,2024-03-21T19:39:57.437Z,gyroscope sensor uncalibrated,0.31642818,-0.41233405,0.5290093,0.31642818,-0.41233405,0.5290093,3
712770203383285,2024-03-21T19:39:57.447Z,gyroscope sensor uncalibrated,0.38545597,-0.28160888,0.4642576,0.38545597,-0.28160888,0.4642576,3
712770213383285,2024-03-21T19:39:57.457Z,gyroscope sensor uncalibrated,0.3036,-0.052534413,0.3286455,0.3036,-0.052534413,0.3286455,3
712770223383285,2024-03-21T19:39:57.466Z,gyroscope sensor uncalibrated,0.036651913,0.15515977,0.17104226,0.036651913,0.15515977,0.17104226,3
712770233383285,2024-03-21T19:39:57.477Z,gyroscope sensor uncalibrated,-0.17715092,0.3359759,-0.017715093,-0.17715092,0.3359759,-0.017715093,3
712770243383285,2024-03-21T19:39:57.486Z,gyroscope sensor uncalibrated,-0.2706133,0.4428773,-0.16554448,-0.2706133,0.4428773,-0.16554448,3
712770253383018,2024-03-21T19:39:57.496Z,gyroscope sensor uncalibrated,-0.33536503,0.44776422,-0.22907446,-0.33536503,0.44776422,-0.22907446,3
712770263383018,2024-03-21T19:39:57.506Z,gyroscope sensor uncalibrated,-0.3371976,0.37690386,-0.22907446,-0.3371976,0.37690386,-0.22907446,3
712770273383018,2024-03-21T19:39:57.516Z,gyroscope sensor uncalibrated,-0.2657264,0.2510656,-0.20891592,-0.2657264,0.2510656,-0.20891592,3
712770283383018,2024-03-21T19:39:57.526Z,gyroscope sensor uncalibrated,-0.07880162,-0.016493361,-0.1777618,-0.07880162,-0.016493361,-0.1777618,3
712770293383018,2024-03-21T19:39:57.537Z,gyroscope sensor uncalibrated,-0.008552114,-0.18753563,-0.14844026,-0.008552114,-0.18753563,-0.14844026,3
712770303383018,2024-03-21T19:39:57.546Z,gyroscope sensor uncalibrated,0.012217305,-0.3286455,-0.12217305,0.012217305,-0.3286455,-0.12217305,3
712770313383018,2024-03-21T19:39:57.556Z,gyroscope sensor uncalibrated,0.064751714,-0.4288274,-0.10629055,0.064751714,-0.4288274,-0.10629055,3
712770323383251,2024-03-21T19:39:57.567Z,gyroscope sensor uncalibrated,0.15210545,-0.48197266,-0.09285152,0.15210545,-0.48197266,-0.09285152,3
712770333383251,2024-03-21T19:39:57.577Z,gyroscope sensor uncalibrated,0.2602286,-0.4728097,-0.059864793,0.2602286,-0.4728097,-0.059864793,3
712770343383251,2024-03-21T19:39:57.586Z,gyroscope sensor uncalibrated,0.36346483,-0.398895,-0.0012217305,0.36346483,-0.398895,-0.0012217305,3
712770353383251,2024-03-21T19:39:57.596Z,gyroscope sensor uncalibrated,0.453262,-0.28099802,0.081855945,0.453262,-0.28099802,0.081855945,3
712770363383251,2024-03-21T19:39:57.606Z,gyroscope sensor uncalibrated,0.52106804,-0.13561209,0.16187929,0.52106804,-0.13561209,0.16187929,3
712770373382984,2024-03-21T19:39:57.617Z,gyroscope sensor uncalibrated,0.58093286,0.018936822,0.22418754,0.58093286,0.018936822,0.22418754,3
712770383382984,2024-03-21T19:39:57.626Z,gyroscope sensor uncalibrated,0.63163465,0.16126843,0.24556783,0.63163465,0.16126843,0.24556783,3
712770393382984,2024-03-21T19:39:57.637Z,gyroscope sensor uncalibrated,0.6731735,0.2773328,0.24495697,0.6731735,0.2773328,0.24495697,3
712770403382984,2024-03-21T19:39:57.646Z,gyroscope sensor uncalibrated,0.70371675,0.35185838,0.23762658,0.70371675,0.35185838,0.23762658,3
712770413382984,2024-03-21T19:39:57.657Z,gyroscope sensor uncalibrated,0.7171558,0.37873647,0.21502456,0.7171558,0.37873647,0.21502456,3
712770423382984,2024-03-21T19:39:57.667Z,gyroscope sensor uncalibrated,0.7263188,0.3622431,0.19730948,0.7263188,0.3622431,0.19730948,3
712770433382984,2024-03-21T19:39:57.676Z,gyroscope sensor uncalibrated,0.7287622,0.30726522,0.18081611,0.7287622,0.30726522,0.18081611,3
712770443382984,2024-03-21T19:39:57.687Z,gyroscope sensor uncalibrated,0.7293731,0.22968534,0.17165314,0.7293731,0.22968534,0.17165314,3
712770453382984,2024-03-21T19:39:57.696Z,gyroscope sensor uncalibrated,0.73731434,0.15027285,0.16737708,0.73731434,0.15027285,0.16737708,3
712770463382984,2024-03-21T19:39:57.706Z,gyroscope sensor uncalibrated,0.7703011,0.09040806,0.16737708,0.7703011,0.09040806,0.16737708,3
712770473382984,2024-03-21T19:39:57.717Z,gyroscope sensor uncalibrated,0.82833326,0.064751714,0.18081611,0.82833326,0.064751714,0.18081611,3
712770483382984,2024-03-21T19:39:57.726Z,gyroscope sensor uncalibrated,0.90285885,0.08002335,0.20769419,0.90285885,0.08002335,0.20769419,3
712770493382984,2024-03-21T19:39:57.736Z,gyroscope sensor uncalibrated,0.9975429,0.20280726,0.26206118,0.9975429,0.20280726,0.26206118,3
712770503382984,2024-03-21T19:39:57.747Z,gyroscope sensor uncalibrated,1.0299188,0.38056904,0.30176744,1.0299188,0.38056904,0.30176744,3
712770513382984,2024-03-21T19:39:57.756Z,gyroscope sensor uncalibrated,1.0458013,0.59559363,0.34513888,1.0458013,0.59559363,0.34513888,3
712770523382984,2024-03-21T19:39:57.766Z,gyroscope sensor uncalibrated,1.0708468,0.79473567,0.39767328,1.0708468,0.79473567,0.39767328,3
712770533382984,2024-03-21T19:39:57.777Z,gyroscope sensor uncalibrated,1.1166617,0.9315695,0.4636467,1.1166617,0.9315695,0.4636467,3
712770543382984,2024-03-21T19:39:57.786Z,gyroscope sensor uncalibrated,1.1838568,0.95356065,0.535118,1.1838568,0.95356065,0.535118,3
712770553382984,2024-03-21T19:39:57.797Z,gyroscope sensor uncalibrated,1.2241739,0.89552844,0.59742624,1.2241739,0.89552844,0.59742624,3
712770563382984,2024-03-21T19:39:57.807Z,gyroscope sensor uncalibrated,1.1985176,0.82650065,0.6395759,1.1985176,0.82650065,0.6395759,3
712770573383217,2024-03-21T19:39:57.816Z,gyroscope sensor uncalibrated,1.1661417,0.6401868,0.67011917,1.1661417,0.6401868,0.67011917,3
712770583383217,2024-03-21T19:39:57.826Z,gyroscope sensor uncalibrated,1.1447614,0.33658674,0.6713409,1.1447614,0.33658674,0.6713409,3
712770593383217,2024-03-21T19:39:57.837Z,gyroscope sensor uncalibrated,1.1246029,0.05009095,0.66889745,1.1246029,0.05009095,0.66889745,3
712770603383217,2024-03-21T19:39:57.847Z,gyroscope sensor uncalibrated,1.102001,-0.16920967,0.6603453,1.102001,-0.16920967,0.6603453,3
712770613383217,2024-03-21T19:39:57.856Z,gyroscope sensor uncalibrated,1.0714576,-0.3371976,0.634689,1.0714576,-0.3371976,0.634689,3
712770623382983,2024-03-21T19:39:57.866Z,gyroscope sensor uncalibrated,1.0451905,-0.44043383,0.6017023,1.0451905,-0.44043383,0.6017023,3
712770633382983,2024-03-21T19:39:57.877Z,gyroscope sensor uncalibrated,1.0708468,-0.41783184,0.6035349,1.0708468,-0.41783184,0.6035349,3
712770643382983,2024-03-21T19:39:57.887Z,gyroscope sensor uncalibrated,1.1123856,-0.18936823,0.6420194,1.1123856,-0.18936823,0.6420194,3
712770653382983,2024-03-21T19:39:57.896Z,gyroscope sensor uncalibrated,1.1148291,0.100792766,0.698219,1.1148291,0.100792766,0.698219,3
712770663382983,2024-03-21T19:39:57.907Z,gyroscope sensor uncalibrated,1.033584,0.20280726,0.7483099,1.033584,0.20280726,0.7483099,3
712770673382983,2024-03-21T19:39:57.917Z,gyroscope sensor uncalibrated,0.90408057,0.14660765,0.74220127,0.90408057,0.14660765,0.74220127,3
712770683382983,2024-03-21T19:39:57.927Z,gyroscope sensor uncalibrated,0.9309586,0.21074851,0.6047566,0.9309586,0.21074851,0.6047566,3
712770693382983,2024-03-21T19:39:57.937Z,gyroscope sensor uncalibrated,1.1044444,0.35735616,0.43982297,1.1044444,0.35735616,0.43982297,3
712770703382983,2024-03-21T19:39:57.946Z,gyroscope sensor uncalibrated,1.3542882,0.33414328,0.41722095,1.3542882,0.33414328,0.41722095,3
712770713382983,2024-03-21T19:39:57.957Z,gyroscope sensor uncalibrated,1.4721853,0.25228736,0.5552765,1.4721853,0.25228736,0.5552765,3
712770723382983,2024-03-21T19:39:57.966Z,gyroscope sensor uncalibrated,1.6310102,0.20463985,0.7079928,1.6310102,0.20463985,0.7079928,3
712770733382983,2024-03-21T19:39:57.977Z,gyroscope sensor uncalibrated,1.8484782,0.17287487,0.84849185,1.8484782,0.17287487,0.84849185,3
712770743382983,2024-03-21T19:39:57.986Z,gyroscope sensor uncalibrated,2.0561724,0.17898351,0.9957104,2.0561724,0.17898351,0.9957104,3
712770753382983,2024-03-21T19:39:57.996Z,gyroscope sensor uncalibrated,2.1679606,0.21991149,1.1374311,2.1679606,0.21991149,1.1374311,3
712770763382983,2024-03-21T19:39:58.006Z,gyroscope sensor uncalibrated,2.1930063,0.25167647,1.2296717,2.1930063,0.25167647,1.2296717,3
712770773382983,2024-03-21T19:39:58.017Z,gyroscope sensor uncalibrated,2.1972823,0.30482176,1.2211196,2.1972823,0.30482176,1.2211196,3
712770783382983,2024-03-21T19:39:58.026Z,gyroscope sensor uncalibrated,2.1630738,0.37323865,1.1655309,2.1630738,0.37323865,1.1655309,3
712770793383016,2024-03-21T19:39:58.037Z,gyroscope sensor uncalibrated,2.0873265,0.39095375,1.1246029,2.0873265,0.39095375,1.1246029,3
712770803383016,2024-03-21T19:39:58.046Z,gyroscope sensor uncalibrated,2.0286834,0.3145956,1.0848967,2.0286834,0.3145956,1.0848967,3
712770813383016,2024-03-21T19:39:58.057Z,gyroscope sensor uncalibrated,1.9938642,0.14355333,1.0360274,1.9938642,0.14355333,1.0360274,3
712770823383249,2024-03-21T19:39:58.066Z,gyroscope sensor uncalibrated,1.9419407,-0.081855945,0.99082345,1.9419407,-0.081855945,0.99082345,3
712770833383249,2024-03-21T19:39:58.076Z,gyroscope sensor uncalibrated,1.8460348,-0.2864958,0.947452,1.8460348,-0.2864958,0.947452,3
712770843383249,2024-03-21T19:39:58.087Z,gyroscope sensor uncalibrated,1.7214183,-0.44348818,0.8784242,1.7214183,-0.44348818,0.8784242,3
712770853383249,2024-03-21T19:39:58.097Z,gyroscope sensor uncalibrated,1.6053538,-0.57726765,0.81245077,1.6053538,-0.57726765,0.81245077,3
712770863383249,2024-03-21T19:39:58.106Z,gyroscope sensor uncalibrated,1.5137241,-0.6719518,0.75136423,1.5137241,-0.6719518,0.75136423,3
712770873383015,2024-03-21T19:39:58.116Z,gyroscope sensor uncalibrated,1.4514158,-0.73364913,0.6927212,1.4514158,-0.73364913,0.6927212,3
712770883383015,2024-03-21T19:39:58.126Z,gyroscope sensor uncalibrated,1.4135422,-0.73914695,0.63163465,1.4135422,-0.73914695,0.63163465,3
712770893383015,2024-03-21T19:39:58.137Z,gyroscope sensor uncalibrated,1.3866642,-0.6585127,0.58459806,1.3866642,-0.6585127,0.58459806,3
712770903383015,2024-03-21T19:39:58.147Z,gyroscope sensor uncalibrated,1.3359623,-0.50640726,0.5534439,1.3359623,-0.50640726,0.5534439,3
712770913383015,2024-03-21T19:39:58.156Z,gyroscope sensor uncalibrated,1.2797627,-0.32070425,0.5271767,1.2797627,-0.32070425,0.5271767,3
712770923383015,2024-03-21T19:39:58.167Z,gyroscope sensor uncalibrated,1.2547172,-0.021380283,0.50701815,1.2547172,-0.021380283,0.50701815,3
712770933383015,2024-03-21T19:39:58.176Z,gyroscope sensor uncalibrated,1.2266175,0.15760323,0.5137377,1.2266175,0.15760323,0.5137377,3
712770943383015,2024-03-21T19:39:58.187Z,gyroscope sensor uncalibrated,1.210735,0.28710666,0.5204572,1.210735,0.28710666,0.5204572,3
712770953383015,2024-03-21T19:39:58.197Z,gyroscope sensor uncalibrated,1.2144,0.35369098,0.5045747,1.2144,0.35369098,0.5045747,3
712770963383015,2024-03-21T19:39:58.207Z,gyroscope sensor uncalibrated,1.1911873,0.344528,0.47769663,1.1911873,0.344528,0.47769663,3
712770973383015,2024-03-21T19:39:58.216Z,gyroscope sensor uncalibrated,1.1282681,0.26939157,0.4447099,1.1282681,0.26939157,0.4447099,3
712770983383015,2024-03-21T19:39:58.226Z,gyroscope sensor uncalibrated,1.0500773,0.1459968,0.40439278,1.0500773,0.1459968,0.40439278,3
712770993383015,2024-03-21T19:39:58.236Z,gyroscope sensor uncalibrated,0.9755518,0.00061086525,0.3567453,0.9755518,0.00061086525,0.3567453,3
712771003383015,2024-03-21T19:39:58.246Z,gyroscope sensor uncalibrated,0.89980453,-0.15027285,0.30970868,0.89980453,-0.15027285,0.30970868,3
712771013383015,2024-03-21T19:39:58.257Z,gyroscope sensor uncalibrated,0.820392,-0.2864958,0.26511553,0.820392,-0.2864958,0.26511553,3
712771023383015,2024-03-21T19:39:58.266Z,gyroscope sensor uncalibrated,0.7464773,-0.3848451,0.21380283,0.7464773,-0.3848451,0.21380283,3
712771033383015,2024-03-21T19:39:58.277Z,gyroscope sensor uncalibrated,0.6957755,-0.41172317,0.16310102,0.6957755,-0.41172317,0.16310102,3
712771043383015,2024-03-21T19:39:58.287Z,gyroscope sensor uncalibrated,0.64934975,-0.3390302,0.105068825,0.64934975,-0.3390302,0.105068825,3
712771053383015,2024-03-21T19:39:58.296Z,gyroscope sensor uncalibrated,0.6059783,-0.27122417,0.095294975,0.6059783,-0.27122417,0.095294975,3
712771063383015,2024-03-21T19:39:58.307Z,gyroscope sensor uncalibrated,0.56382865,-0.22357668,0.13561209,0.56382865,-0.22357668,0.13561209,3
712771073383248,2024-03-21T19:39:58.316Z,gyroscope sensor uncalibrated,0.5149594,-0.12644911,0.15943582,0.5149594,-0.12644911,0.15943582,3
712771083383248,2024-03-21T19:39:58.327Z,gyroscope sensor uncalibrated,0.47342056,-0.020158553,0.15210545,0.47342056,-0.020158553,0.15210545,3
712771093383214,2024-03-21T19:39:58.336Z,gyroscope sensor uncalibrated,0.44226643,0.06780604,0.15943582,0.44226643,0.06780604,0.15943582,3
712771103383214,2024-03-21T19:39:58.347Z,gyroscope sensor uncalibrated,0.4166101,0.1459968,0.18753563,0.4166101,0.1459968,0.18753563,3
712771113383214,2024-03-21T19:39:58.356Z,gyroscope sensor uncalibrated,0.37751472,0.20341812,0.21502456,0.37751472,0.20341812,0.21502456,3
712771123382980,2024-03-21T19:39:58.367Z,gyroscope sensor uncalibrated,0.3182608,0.21074851,0.24862215,0.3182608,0.21074851,0.24862215,3
712771133382980,2024-03-21T19:39:58.376Z,gyroscope sensor uncalibrated,0.22052236,0.14782938,0.27916542,0.22052236,0.14782938,0.27916542,3
712771143382980,2024-03-21T19:39:58.387Z,gyroscope sensor uncalibrated,0.15699236,0.053145275,0.312763,0.15699236,0.053145275,0.312763,3
712771153383213,2024-03-21T19:39:58.396Z,gyroscope sensor uncalibrated,0.07269296,-0.07513642,0.36041048,0.07269296,-0.07513642,0.36041048,3
712771163383213,2024-03-21T19:39:58.406Z,gyroscope sensor uncalibrated,-0.027488936,-0.20341812,0.3903429,-0.027488936,-0.20341812,0.3903429,3
712771173383213,2024-03-21T19:39:58.416Z,gyroscope sensor uncalibrated,-0.122783914,-0.32803464,0.38789943,-0.122783914,-0.32803464,0.38789943,3
712771183383213,2024-03-21T19:39:58.426Z,gyroscope sensor uncalibrated,-0.21624629,-0.45204028,0.37384954,-0.21624629,-0.45204028,0.37384954,3
712771193383213,2024-03-21T19:39:58.437Z,gyroscope sensor uncalibrated,-0.31398472,-0.51923543,0.34574974,-0.31398472,-0.51923543,0.34574974,3
712771203383213,2024-03-21T19:39:58.446Z,gyroscope sensor uncalibrated,-0.3817908,-0.42149702,0.31337386,-0.3817908,-0.42149702,0.31337386,3
712771213383213,2024-03-21T19:39:58.457Z,gyroscope sensor uncalibrated,-0.37934732,-0.1160644,0.29871312,-0.37934732,-0.1160644,0.29871312,3
712771223383213,2024-03-21T19:39:58.467Z,gyroscope sensor uncalibrated,-0.38362336,0.3023783,0.27916542,-0.38362336,0.3023783,0.27916542,3
712771233383213,2024-03-21T19:39:58.476Z,gyroscope sensor uncalibrated,-0.43066,0.5723807,0.16065755,-0.43066,0.5723807,0.16065755,3
712771243383213,2024-03-21T19:39:58.486Z,gyroscope sensor uncalibrated,-0.43310347,0.59864795,0.02321288,-0.43310347,0.59864795,0.02321288,3
712771253383213,2024-03-21T19:39:58.497Z,gyroscope sensor uncalibrated,-0.3359759,0.52778757,-0.026267206,-0.3359759,0.52778757,-0.026267206,3
712771263383213,2024-03-21T19:39:58.507Z,gyroscope sensor uncalibrated,-0.204029,0.37995818,0.009773844,-0.204029,0.37995818,0.009773844,3
712771273383213,2024-03-21T19:39:58.516Z,gyroscope sensor uncalibrated,-0.05131268,0.22174409,0.0842994,-0.05131268,0.22174409,0.0842994,3
712771283383213,2024-03-21T19:39:58.527Z,gyroscope sensor uncalibrated,0.07941248,0.08124508,0.17837265,0.07941248,0.08124508,0.17837265,3
712771293383213,2024-03-21T19:39:58.537Z,gyroscope sensor uncalibrated,0.15760323,-0.03481932,0.27488935,0.15760323,-0.03481932,0.27488935,3
712771303383213,2024-03-21T19:39:58.546Z,gyroscope sensor uncalibrated,0.19181168,-0.17898351,0.30970868,0.19181168,-0.17898351,0.30970868,3
712771313383213,2024-03-21T19:39:58.557Z,gyroscope sensor uncalibrated,0.18997909,-0.40317106,0.2919936,0.18997909,-0.40317106,0.2919936,3
712771323383446,2024-03-21T19:39:58.567Z,gyroscope sensor uncalibrated,0.14660765,-0.6444628,0.24190263,0.14660765,-0.6444628,0.24190263,3
712771333383446,2024-03-21T19:39:58.576Z,gyroscope sensor uncalibrated,0.04337143,-0.7440339,0.14110987,0.04337143,-0.7440339,0.14110987,3
712771343383446,2024-03-21T19:39:58.586Z,gyroscope sensor uncalibrated,-0.17837265,-0.57726765,-0.1001819,-0.17837265,-0.57726765,-0.1001819,3
712771353383446,2024-03-21T19:39:58.597Z,gyroscope sensor uncalibrated,-0.33536503,-0.29565877,-0.28771752,-0.33536503,-0.29565877,-0.28771752,3
712771363383446,2024-03-21T19:39:58.607Z,gyroscope sensor uncalibrated,-0.48075095,0.10873401,-0.46609017,-0.48075095,0.10873401,-0.46609017,3
712771373383212,2024-03-21T19:39:58.616Z,gyroscope sensor uncalibrated,-0.59498274,0.51007247,-0.6065892,-0.59498274,0.51007247,-0.6065892,3
712771383383212,2024-03-21T19:39:58.627Z,gyroscope sensor uncalibrated,-0.5900958,0.81061816,-0.6774496,-0.5900958,0.81061816,-0.6774496,3
712771393383212,2024-03-21T19:39:58.636Z,gyroscope sensor uncalibrated,-0.4447099,0.97310835,-0.6743952,-0.4447099,0.97310835,-0.6743952,3
712771403383212,2024-03-21T19:39:58.646Z,gyroscope sensor uncalibrated,-0.23335053,0.9761627,-0.60903263,-0.23335053,0.9761627,-0.60903263,3
712771413383212,2024-03-21T19:39:58.656Z,gyroscope sensor uncalibrated,-0.021991149,0.84421575,-0.47647488,-0.021991149,0.84421575,-0.47647488,3
712771423383212,2024-03-21T19:39:58.667Z,gyroscope sensor uncalibrated,0.15882497,0.61819565,-0.2919936,0.15882497,0.61819565,-0.2919936,3
712771433383212,2024-03-21T19:39:58.677Z,gyroscope sensor uncalibrated,0.3145956,0.33475417,-0.103847094,0.3145956,0.33475417,-0.103847094,3
712771443383212,2024-03-21T19:39:58.687Z,gyroscope sensor uncalibrated,0.44776422,0.028710667,0.04886922,0.44776422,0.028710667,0.04886922,3
712771453382978,2024-03-21T19:39:58.697Z,gyroscope sensor uncalibrated,0.54367006,-0.24495697,0.1337795,0.54367006,-0.24495697,0.1337795,3
712771463382978,2024-03-21T19:39:58.707Z,gyroscope sensor uncalibrated,0.59803706,-0.44409904,0.14782938,0.59803706,-0.44409904,0.14782938,3
712771473382978,2024-03-21T19:39:58.717Z,gyroscope sensor uncalibrated,0.59742624,-0.5467244,0.1142318,0.59742624,-0.5467244,0.1142318,3
712771483382978,2024-03-21T19:39:58.726Z,gyroscope sensor uncalibrated,0.56077427,-0.5546656,0.050701816,0.56077427,-0.5546656,0.050701816,3
712771493382978,2024-03-21T19:39:58.737Z,gyroscope sensor uncalibrated,0.5155703,-0.48563787,-0.043982297,0.5155703,-0.48563787,-0.043982297,3
712771503382978,2024-03-21T19:39:58.747Z,gyroscope sensor uncalibrated,0.4783075,-0.36957347,-0.13561209,0.4783075,-0.36957347,-0.13561209,3
712771513382978,2024-03-21T19:39:58.756Z,gyroscope sensor uncalibrated,0.45631635,-0.18448131,-0.20158553,0.45631635,-0.18448131,-0.20158553,3
712771523382978,2024-03-21T19:39:58.766Z,gyroscope sensor uncalibrated,0.42271876,0.032986723,-0.23151793,0.42271876,0.032986723,-0.23151793,3
712771533382978,2024-03-21T19:39:58.776Z,gyroscope sensor uncalibrated,0.40561453,0.1966986,-0.22418754,0.40561453,0.1966986,-0.22418754,3
712771543382978,2024-03-21T19:39:58.786Z,gyroscope sensor uncalibrated,0.40866885,0.2968805,-0.1881465,0.40866885,0.2968805,-0.1881465,3
712771553382978,2024-03-21T19:39:58.797Z,gyroscope sensor uncalibrated,0.43310347,0.39278635,-0.11056661,0.43310347,0.39278635,-0.11056661,3
712771563382978,2024-03-21T19:39:58.806Z,gyroscope sensor uncalibrated,0.47586402,0.42638394,-0.061086524,0.47586402,0.42638394,-0.061086524,3
712771573383211,2024-03-21T19:39:58.817Z,gyroscope sensor uncalibrated,0.52656585,0.42394048,-0.015882496,0.52656585,0.42394048,-0.015882496,3
712771583383211,2024-03-21T19:39:58.826Z,gyroscope sensor uncalibrated,0.57360244,0.38240165,0.03359759,0.57360244,0.38240165,0.03359759,3
712771593383211,2024-03-21T19:39:58.836Z,gyroscope sensor uncalibrated,0.61391956,0.31031954,0.086132,0.61391956,0.31031954,0.086132,3
712771603383211,2024-03-21T19:39:58.846Z,gyroscope sensor uncalibrated,0.6365216,0.23273966,0.12767084,0.6365216,0.23273966,0.12767084,3
712771613383211,2024-03-21T19:39:58.857Z,gyroscope sensor uncalibrated,0.6420194,0.16920967,0.1423316,0.6420194,0.16920967,0.1423316,3
712771623382977,2024-03-21T19:39:58.866Z,gyroscope sensor uncalibrated,0.63407815,0.12522738,0.13316862,0.63407815,0.12522738,0.13316862,3
712771633383077,2024-03-21T19:39:58.876Z,gyroscope sensor uncalibrated,0.61391956,0.09896017,0.111177474,0.61391956,0.09896017,0.111177474,3
712771643383077,2024-03-21T19:39:58.887Z,gyroscope sensor uncalibrated,0.5839872,0.08735373,0.07941248,0.5839872,0.08735373,0.07941248,3
712771653383310,2024-03-21T19:39:58.896Z,gyroscope sensor uncalibrated,0.54305923,0.08735373,0.04520403,0.54305923,0.08735373,0.04520403,3
712771663383310,2024-03-21T19:39:58.906Z,gyroscope sensor uncalibrated,0.49602258,0.10995574,0.004276057,0.49602258,0.10995574,0.004276057,3
712771673383310,2024-03-21T19:39:58.917Z,gyroscope sensor uncalibrated,0.44898596,0.15515977,-0.034208454,0.44898596,0.15515977,-0.034208454,3
712771683383310,2024-03-21T19:39:58.927Z,gyroscope sensor uncalibrated,0.40866885,0.20586158,-0.06658431,0.40866885,0.20586158,-0.06658431,3
712771693383310,2024-03-21T19:39:58.937Z,gyroscope sensor uncalibrated,0.36896262,0.25900686,-0.08674286,0.36896262,0.25900686,-0.08674286,3
712771703383310,2024-03-21T19:39:58.947Z,gyroscope sensor uncalibrated,0.3481932,0.30665436,-0.096516706,0.3481932,0.30665436,-0.096516706,3
712771713383310,2024-03-21T19:39:58.957Z,gyroscope sensor uncalibrated,0.36041048,0.32620203,-0.08552113,0.36041048,0.32620203,-0.08552113,3
712771723383310,2024-03-21T19:39:58.966Z,gyroscope sensor uncalibrated,0.3885103,0.30909783,-0.059864793,0.3885103,0.30909783,-0.059864793,3
712771733383310,2024-03-21T19:39:58.977Z,gyroscope sensor uncalibrated,0.4098906,0.27855456,-0.034208454,0.4098906,0.27855456,-0.034208454,3
712771743383310,2024-03-21T19:39:58.987Z,gyroscope sensor uncalibrated,0.4129449,0.23273966,-0.02076942,0.4129449,0.23273966,-0.02076942,3
712771753383543,2024-03-21T19:39:58.997Z,gyroscope sensor uncalibrated,0.39461896,0.15882497,-0.021380283,0.39461896,0.15882497,-0.021380283,3
712771763383543,2024-03-21T19:39:59.007Z,gyroscope sensor uncalibrated,0.3115413,-0.008552114,-0.0580322,0.3115413,-0.008552114,-0.0580322,3
712771773383543,2024-03-21T19:39:59.017Z,gyroscope sensor uncalibrated,0.2406809,-0.12644911,-0.09712757,0.2406809,-0.12644911,-0.09712757,3
712771783383543,2024-03-21T19:39:59.026Z,gyroscope sensor uncalibrated,0.204029,-0.22907446,-0.115453534,0.204029,-0.22907446,-0.115453534,3
712771793383543,2024-03-21T19:39:59.037Z,gyroscope sensor uncalibrated,0.21502456,-0.321926,-0.10262536,0.21502456,-0.321926,-0.10262536,3
712771803383543,2024-03-21T19:39:59.047Z,gyroscope sensor uncalibrated,0.25778514,-0.39767328,-0.06047566,0.25778514,-0.39767328,-0.06047566,3
712771813383543,2024-03-21T19:39:59.056Z,gyroscope sensor uncalibrated,0.31398472,-0.4642576,0.01038471,0.31398472,-0.4642576,0.01038471,3
712771823383776,2024-03-21T19:39:59.067Z,gyroscope sensor uncalibrated,0.35430184,-0.5235115,0.084910266,0.35430184,-0.5235115,0.084910266,3
712771833383776,2024-03-21T19:39:59.077Z,gyroscope sensor uncalibrated,0.36163223,-0.58459806,0.15088372,0.36163223,-0.58459806,0.15088372,3
712771843383776,2024-03-21T19:39:59.087Z,gyroscope sensor uncalibrated,0.36285394,-0.68539083,0.20463985,0.36285394,-0.68539083,0.20463985,3
712771853383776,2024-03-21T19:39:59.097Z,gyroscope sensor uncalibrated,0.3707952,-0.82894415,0.24007004,0.3707952,-0.82894415,0.24007004,3
712771863383776,2024-03-21T19:39:59.107Z,gyroscope sensor uncalibrated,0.37384954,-0.915687,0.23518312,0.37384954,-0.915687,0.23518312,3
712771873383542,2024-03-21T19:39:59.117Z,gyroscope sensor uncalibrated,0.35979962,-0.8210029,0.16554448,0.35979962,-0.8210029,0.16554448,3
712771883383542,2024-03-21T19:39:59.126Z,gyroscope sensor uncalibrated,0.3182608,-0.4636467,-0.007941248,0.3182608,-0.4636467,-0.007941248,3
712771893383542,2024-03-21T19:39:59.137Z,gyroscope sensor uncalibrated,0.31215215,0.007330383,-0.14721853,0.31215215,0.007330383,-0.14721853,3
712771903383542,2024-03-21T19:39:59.146Z,gyroscope sensor uncalibrated,0.4202753,0.2657264,-0.28955013,0.4202753,0.2657264,-0.28955013,3
712771913383542,2024-03-21T19:39:59.156Z,gyroscope sensor uncalibrated,0.47769663,0.13561209,-0.33353242,0.47769663,0.13561209,-0.33353242,3
712771923383542,2024-03-21T19:39:59.167Z,gyroscope sensor uncalibrated,0.2938262,0.07086037,-0.24740042,0.2938262,0.07086037,-0.24740042,3
712771933383708,2024-03-21T19:39:59.176Z,gyroscope sensor uncalibrated,0.014049901,0.31031954,-0.26939157,0.014049901,0.31031954,-0.26939157,3
712771943383708,2024-03-21T19:39:59.187Z,gyroscope sensor uncalibrated,-0.18753563,0.6407976,-0.43004912,-0.18753563,0.6407976,-0.43004912,3
712771953383474,2024-03-21T19:39:59.196Z,gyroscope sensor uncalibrated,-0.22235495,0.9089675,-0.5320636,-0.22235495,0.9089675,-0.5320636,3
712771963383474,2024-03-21T19:39:59.206Z,gyroscope sensor uncalibrated,-0.050701816,0.86315256,-0.5112942,-0.050701816,0.86315256,-0.5112942,3
712771973383474,2024-03-21T19:39:59.217Z,gyroscope sensor uncalibrated,0.26633725,0.72265357,-0.35796702,0.26633725,0.72265357,-0.35796702,3
712771983383474,2024-03-21T19:39:59.227Z,gyroscope sensor uncalibrated,0.7122689,0.46670106,0.16065755,0.7122689,0.46670106,0.16065755,3
712771993383474,2024-03-21T19:39:59.236Z,gyroscope sensor uncalibrated,0.7367035,0.39522982,0.49541172,0.7367035,0.39522982,0.49541172,3
712772003383474,2024-03-21T19:39:59.247Z,gyroscope sensor uncalibrated,0.6047566,0.30848694,0.6750061,0.6047566,0.30848694,0.6750061,3
712772013383474,2024-03-21T19:39:59.256Z,gyroscope sensor uncalibrated,0.4251622,0.06658431,0.7819075,0.4251622,0.06658431,0.7819075,3
712772023383474,2024-03-21T19:39:59.267Z,gyroscope sensor uncalibrated,0.33353242,-0.14172074,0.68661255,0.33353242,-0.14172074,0.68661255,3
712772033383474,2024-03-21T19:39:59.277Z,gyroscope sensor uncalibrated,0.23884831,-0.1600467,0.4569272,0.23884831,-0.1600467,0.4569272,3
712772043383474,2024-03-21T19:39:59.287Z,gyroscope sensor uncalibrated,0.06536258,-0.069027774,0.267559,0.06536258,-0.069027774,0.267559,3
712772053383240,2024-03-21T19:39:59.297Z,gyroscope sensor uncalibrated,-0.047036625,-0.015271631,0.20341812,-0.047036625,-0.015271631,0.20341812,3
712772063383240,2024-03-21T19:39:59.306Z,gyroscope sensor uncalibrated,0.035430185,-0.09407325,0.1704314,0.035430185,-0.09407325,0.1704314,3
712772073383473,2024-03-21T19:39:59.316Z,gyroscope sensor uncalibrated,0.2565634,-0.24617869,0.08979719,0.2565634,-0.24617869,0.08979719,3
712772083383473,2024-03-21T19:39:59.326Z,gyroscope sensor uncalibrated,0.3903429,-0.321926,0.032375857,0.3903429,-0.321926,0.032375857,3
712772093383473,2024-03-21T19:39:59.336Z,gyroscope sensor uncalibrated,0.3640757,-0.2932153,0.02321288,0.3640757,-0.2932153,0.02321288,3
712772103383473,2024-03-21T19:39:59.346Z,gyroscope sensor uncalibrated,0.29260445,-0.15454891,0.004276057,0.29260445,-0.15454891,0.004276057,3
712772113383706,2024-03-21T19:39:59.357Z,gyroscope sensor uncalibrated,0.23090707,0.06658431,-0.04520403,0.23090707,0.06658431,-0.04520403,3
712772123383472,2024-03-21T19:39:59.367Z,gyroscope sensor uncalibrated,0.18692477,0.33536503,-0.09896017,0.18692477,0.33536503,-0.09896017,3
712772133383472,2024-03-21T19:39:59.377Z,gyroscope sensor uncalibrated,0.1301143,0.5821546,-0.118507855,0.1301143,0.5821546,-0.118507855,3
712772143383472,2024-03-21T19:39:59.387Z,gyroscope sensor uncalibrated,0.070249505,0.74036866,-0.08735373,0.070249505,0.74036866,-0.08735373,3
712772153383472,2024-03-21T19:39:59.397Z,gyroscope sensor uncalibrated,0.025045475,0.784351,-0.02687807,0.025045475,0.784351,-0.02687807,3
712772163383472,2024-03-21T19:39:59.407Z,gyroscope sensor uncalibrated,-0.014049901,0.7330383,0.026267206,-0.014049901,0.7330383,0.026267206,3
712772173383472,2024-03-21T19:39:59.416Z,gyroscope sensor uncalibrated,-0.06352998,0.6383542,0.05009095,-0.06352998,0.6383542,0.05009095,3
712772183383472,2024-03-21T19:39:59.427Z,gyroscope sensor uncalibrated,-0.12095132,0.5308419,0.03848451,-0.12095132,0.5308419,0.03848451,3
712772193383472,2024-03-21T19:39:59.437Z,gyroscope sensor uncalibrated,-0.21868975,0.321926,-0.032986723,-0.21868975,0.321926,-0.032986723,3
712772203383472,2024-03-21T19:39:59.447Z,gyroscope sensor uncalibrated,-0.29565877,0.15882497,-0.09285152,-0.29565877,0.15882497,-0.09285152,3
712772213383472,2024-03-21T19:39:59.457Z,gyroscope sensor uncalibrated,-0.36285394,0.02443461,-0.14721853,-0.36285394,0.02443461,-0.14721853,3
712772223383472,2024-03-21T19:39:59.466Z,gyroscope sensor uncalibrated,-0.40561453,-0.04886922,-0.17715092,-0.40561453,-0.04886922,-0.17715092,3
712772233383205,2024-03-21T19:39:59.476Z,gyroscope sensor uncalibrated,-0.44104472,-0.0580322,-0.18875736,-0.44104472,-0.0580322,-0.18875736,3
712772243383205,2024-03-21T19:39:59.487Z,gyroscope sensor uncalibrated,-0.48502702,0.0,-0.20463985,-0.48502702,0.0,-0.20463985,3
712772253383205,2024-03-21T19:39:59.497Z,gyroscope sensor uncalibrated,-0.5021312,0.111177474,-0.22540927,-0.5021312,0.111177474,-0.22540927,3
712772263383205,2024-03-21T19:39:59.506Z,gyroscope sensor uncalibrated,-0.45631635,0.22113322,-0.24862215,-0.45631635,0.22113322,-0.24862215,3
712772273383205,2024-03-21T19:39:59.517Z,gyroscope sensor uncalibrated,-0.36346483,0.2932153,-0.23273966,-0.36346483,0.2932153,-0.23273966,3
712772283383205,2024-03-21T19:39:59.526Z,gyroscope sensor uncalibrated,-0.2919936,0.35979962,-0.13316862,-0.2919936,0.35979962,-0.13316862,3
712772293383438,2024-03-21T19:39:59.536Z,gyroscope sensor uncalibrated,-0.24801129,0.46975538,0.009162978,-0.24801129,0.46975538,0.009162978,3
712772303383438,2024-03-21T19:39:59.546Z,gyroscope sensor uncalibrated,-0.19303341,0.5919284,0.13255776,-0.19303341,0.5919284,0.13255776,3
712772313383438,2024-03-21T19:39:59.556Z,gyroscope sensor uncalibrated,-0.13927728,0.6310238,0.2443461,-0.13927728,0.6310238,0.2443461,3
712772323383671,2024-03-21T19:39:59.566Z,gyroscope sensor uncalibrated,-0.10873401,0.6407976,0.33964106,-0.10873401,0.6407976,0.33964106,3
712772333383671,2024-03-21T19:39:59.577Z,gyroscope sensor uncalibrated,-0.17287487,0.6951646,0.42455134,-0.17287487,0.6951646,0.42455134,3
712772343383671,2024-03-21T19:39:59.586Z,gyroscope sensor uncalibrated,-0.321926,0.7360926,0.4990769,-0.321926,0.7360926,0.4990769,3
712772353383671,2024-03-21T19:39:59.596Z,gyroscope sensor uncalibrated,-0.51007247,0.7519751,0.5564982,-0.51007247,0.7519751,0.5564982,3
712772363383671,2024-03-21T19:39:59.607Z,gyroscope sensor uncalibrated,-0.5338962,0.7489208,0.56382865,-0.5338962,0.7489208,0.56382865,3
712772373383437,2024-03-21T19:39:59.617Z,gyroscope sensor uncalibrated,-0.46853364,0.589485,0.45875978,-0.46853364,0.589485,0.45875978,3
712772383383437,2024-03-21T19:39:59.627Z,gyroscope sensor uncalibrated,-0.5564982,0.33169982,0.32498032,-0.5564982,0.33169982,0.32498032,3
712772393383437,2024-03-21T19:39:59.636Z,gyroscope sensor uncalibrated,-0.84116143,0.039095376,0.21135938,-0.84116143,0.039095376,0.21135938,3
712772403383437,2024-03-21T19:39:59.646Z,gyroscope sensor uncalibrated,-1.2852604,-0.42271876,-0.14721853,-1.2852604,-0.42271876,-0.14721853,3
712772413383203,2024-03-21T19:39:59.656Z,gyroscope sensor uncalibrated,-1.5143349,-0.6951646,-0.3903429,-1.5143349,-0.6951646,-0.3903429,3
712772423383203,2024-03-21T19:39:59.667Z,gyroscope sensor uncalibrated,-1.5540411,-0.93767816,-0.6310238,-1.5540411,-0.93767816,-0.6310238,3
712772433383203,2024-03-21T19:39:59.676Z,gyroscope sensor uncalibrated,-1.4575244,-0.9932669,-0.8258898,-1.4575244,-0.9932669,-0.8258898,3
712772443383203,2024-03-21T19:39:59.687Z,gyroscope sensor uncalibrated,-1.3494014,-0.9138544,-0.9077458,-1.3494014,-0.9138544,-0.9077458,3
712772453383203,2024-03-21T19:39:59.697Z,gyroscope sensor uncalibrated,-1.2290609,-0.73975784,-0.88697636,-1.2290609,-0.73975784,-0.88697636,3
712772463383203,2024-03-21T19:39:59.707Z,gyroscope sensor uncalibrated,-1.0091494,-0.4728097,-0.7440339,-1.0091494,-0.4728097,-0.7440339,3
712772473383469,2024-03-21T19:39:59.717Z,gyroscope sensor uncalibrated,-0.8576548,-0.12767084,-0.52412236,-0.8576548,-0.12767084,-0.52412236,3
712772483383469,2024-03-21T19:39:59.726Z,gyroscope sensor uncalibrated,-0.8399397,0.23335053,-0.30665436,-0.8399397,0.23335053,-0.30665436,3
712772493383469,2024-03-21T19:39:59.736Z,gyroscope sensor uncalibrated,-0.8191703,0.45020768,-0.20586158,-0.8191703,0.45020768,-0.20586158,3
712772503383469,2024-03-21T19:39:59.747Z,gyroscope sensor uncalibrated,-0.76052725,0.5381723,-0.21624629,-0.76052725,0.5381723,-0.21624629,3
712772513383469,2024-03-21T19:39:59.757Z,gyroscope sensor uncalibrated,-0.72326446,0.52473325,-0.24984388,-0.72326446,0.52473325,-0.24984388,3
712772523383469,2024-03-21T19:39:59.766Z,gyroscope sensor uncalibrated,-0.68416905,0.41416663,-0.2602286,-0.68416905,0.41416663,-0.2602286,3
712772533383469,2024-03-21T19:39:59.776Z,gyroscope sensor uncalibrated,-0.61819565,0.23151793,-0.23335053,-0.61819565,0.23151793,-0.23335053,3
712772543383469,2024-03-21T19:39:59.787Z,gyroscope sensor uncalibrated,-0.5662721,0.004276057,-0.19547687,-0.5662721,0.004276057,-0.19547687,3
712772553383469,2024-03-21T19:39:59.796Z,gyroscope sensor uncalibrated,-0.5375614,-0.2284636,-0.18753563,-0.5375614,-0.2284636,-0.18753563,3
712772563383469,2024-03-21T19:39:59.806Z,gyroscope sensor uncalibrated,-0.52290064,-0.42821655,-0.22113322,-0.52290064,-0.42821655,-0.22113322,3
712772573383702,2024-03-21T19:39:59.816Z,gyroscope sensor uncalibrated,-0.50885075,-0.57726765,-0.28099802,-0.50885075,-0.57726765,-0.28099802,3
712772583383702,2024-03-21T19:39:59.826Z,gyroscope sensor uncalibrated,-0.462425,-0.6731735,-0.33658674,-0.462425,-0.6731735,-0.33658674,3
712772593383468,2024-03-21T19:39:59.836Z,gyroscope sensor uncalibrated,-0.34574974,-0.68600166,-0.31887165,-0.34574974,-0.68600166,-0.31887165,3
712772603383468,2024-03-21T19:39:59.846Z,gyroscope sensor uncalibrated,-0.25045475,-0.6249151,-0.25778514,-0.25045475,-0.6249151,-0.25778514,3
712772613383468,2024-03-21T19:39:59.856Z,gyroscope sensor uncalibrated,-0.11728613,-0.46731192,-0.16310102,-0.11728613,-0.46731192,-0.16310102,3
712772623383501,2024-03-21T19:39:59.866Z,gyroscope sensor uncalibrated,-0.042760566,-0.33292156,-0.1282817,-0.042760566,-0.33292156,-0.1282817,3
712772633383501,2024-03-21T19:39:59.877Z,gyroscope sensor uncalibrated,-0.010995574,-0.18081611,-0.119729586,-0.010995574,-0.18081611,-0.119729586,3
712772643383501,2024-03-21T19:39:59.886Z,gyroscope sensor uncalibrated,-0.018936822,-0.02321288,-0.11484267,-0.018936822,-0.02321288,-0.11484267,3
712772653383734,2024-03-21T19:39:59.897Z,gyroscope sensor uncalibrated,-0.043982297,0.10262536,-0.119729586,-0.043982297,0.10262536,-0.119729586,3
712772663383734,2024-03-21T19:39:59.906Z,gyroscope sensor uncalibrated,-0.064751714,0.1777618,-0.1337795,-0.064751714,0.1777618,-0.1337795,3
712772673383734,2024-03-21T19:39:59.917Z,gyroscope sensor uncalibrated,-0.07452556,0.20341812,-0.14905111,-0.07452556,0.20341812,-0.14905111,3
712772683383734,2024-03-21T19:39:59.926Z,gyroscope sensor uncalibrated,-0.06841691,0.20158553,-0.15393804,-0.06841691,0.20158553,-0.15393804,3
712772693383734,2024-03-21T19:39:59.937Z,gyroscope sensor uncalibrated,-0.045814894,0.17715092,-0.13072516,-0.045814894,0.17715092,-0.13072516,3
712772703383734,2024-03-21T19:39:59.946Z,gyroscope sensor uncalibrated,-0.012217305,0.13500121,-0.08307768,-0.012217305,0.13500121,-0.08307768,3
712772713383734,2024-03-21T19:39:59.957Z,gyroscope sensor uncalibrated,0.04153884,0.1001819,-0.032375857,0.04153884,0.1001819,-0.032375857,3
712772723383734,2024-03-21T19:39:59.966Z,gyroscope sensor uncalibrated,0.1001819,0.0842994,-0.0012217305,0.1001819,0.0842994,-0.0012217305,3
712772733383734,2024-03-21T19:39:59.976Z,gyroscope sensor uncalibrated,0.12339478,0.08735373,0.0061086523,0.12339478,0.08735373,0.0061086523,3
712772743383734,2024-03-21T19:39:59.986Z,gyroscope sensor uncalibrated,0.119729586,0.093462385,-0.00061086525,0.119729586,0.093462385,-0.00061086525,3
712772753383734,2024-03-21T19:39:59.997Z,gyroscope sensor uncalibrated,0.14049901,0.10873401,-0.007330383,0.14049901,0.10873401,-0.007330383,3
712772763383734,2024-03-21T19:40:00.006Z,gyroscope sensor uncalibrated,0.20525073,0.10934488,-0.0036651916,0.20525073,0.10934488,-0.0036651916,3
712772773383467,2024-03-21T19:40:00.016Z,gyroscope sensor uncalibrated,0.25961772,0.07880162,0.0012217305,0.25961772,0.07880162,0.0012217305,3
712772783383467,2024-03-21T19:40:00.027Z,gyroscope sensor uncalibrated,0.27183503,0.026267206,-0.020158553,0.27183503,0.026267206,-0.020158553,3
712772793383467,2024-03-21T19:40:00.036Z,gyroscope sensor uncalibrated,0.28099802,-0.020158553,-0.093462385,0.28099802,-0.020158553,-0.093462385,3
712772803383467,2024-03-21T19:40:00.047Z,gyroscope sensor uncalibrated,0.3268129,-0.047647487,-0.19914207,0.3268129,-0.047647487,-0.19914207,3
712772813383467,2024-03-21T19:40:00.057Z,gyroscope sensor uncalibrated,0.38728857,-0.06780604,-0.28527406,0.38728857,-0.06780604,-0.28527406,3
712772823383700,2024-03-21T19:40:00.066Z,gyroscope sensor uncalibrated,0.4166101,-0.1020145,-0.3213151,0.4166101,-0.1020145,-0.3213151,3
712772833383700,2024-03-21T19:40:00.076Z,gyroscope sensor uncalibrated,0.40622538,-0.14172074,-0.3555236,0.40622538,-0.14172074,-0.3555236,3
712772843383700,2024-03-21T19:40:00.087Z,gyroscope sensor uncalibrated,0.34269542,-0.18142697,-0.39278635,0.34269542,-0.18142697,-0.39278635,3
712772853383700,2024-03-21T19:40:00.096Z,gyroscope sensor uncalibrated,0.27183503,-0.13805555,-0.45753807,0.27183503,-0.13805555,-0.45753807,3
712772863383700,2024-03-21T19:40:00.106Z,gyroscope sensor uncalibrated,0.14721853,-0.0983493,-0.51251596,0.14721853,-0.0983493,-0.51251596,3
712772873383466,2024-03-21T19:40:00.117Z,gyroscope sensor uncalibrated,-0.012217305,-0.1777618,-0.5571091,-0.012217305,-0.1777618,-0.5571091,3
712772883383466,2024-03-21T19:40:00.126Z,gyroscope sensor uncalibrated,-0.13072516,-0.36285394,-0.625526,-0.13072516,-0.36285394,-0.625526,3
712772893383466,2024-03-21T19:40:00.136Z,gyroscope sensor uncalibrated,-0.20280726,-0.47036624,-0.7263188,-0.20280726,-0.47036624,-0.7263188,3
712772903383466,2024-03-21T19:40:00.147Z,gyroscope sensor uncalibrated,-0.28588495,-0.40194935,-0.8338311,-0.28588495,-0.40194935,-0.8338311,3
712772913383466,2024-03-21T19:40:00.157Z,gyroscope sensor uncalibrated,-0.34330627,-0.25717425,-0.84788096,-0.34330627,-0.25717425,-0.84788096,3
712772923383199,2024-03-21T19:40:00.166Z,gyroscope sensor uncalibrated,-0.3359759,-0.20830505,-0.7415904,-0.3359759,-0.20830505,-0.7415904,3
712772933383199,2024-03-21T19:40:00.176Z,gyroscope sensor uncalibrated,-0.19242255,-0.226631,-0.6261369,-0.19242255,-0.226631,-0.6261369,3
712772943383199,2024-03-21T19:40:00.186Z,gyroscope sensor uncalibrated,0.012217305,-0.26389378,-0.48258355,0.012217305,-0.26389378,-0.48258355,3
712772953382965,2024-03-21T19:40:00.196Z,gyroscope sensor uncalibrated,0.30848694,-0.2773328,-0.19914207,0.30848694,-0.2773328,-0.19914207,3
712772963382965,2024-03-21T19:40:00.207Z,gyroscope sensor uncalibrated,0.5907067,-0.26939157,0.22052236,0.5907067,-0.26939157,0.22052236,3
712772973382965,2024-03-21T19:40:00.217Z,gyroscope sensor uncalibrated,0.66706485,-0.19853121,0.61758476,0.66706485,-0.19853121,0.61758476,3
712772983382965,2024-03-21T19:40:00.226Z,gyroscope sensor uncalibrated,0.68294734,-0.064751714,0.8576548,0.68294734,-0.064751714,0.8576548,3
712772993382965,2024-03-21T19:40:00.236Z,gyroscope sensor uncalibrated,0.66339964,0.058643065,0.956615,0.66339964,0.058643065,0.956615,3
712773003382965,2024-03-21T19:40:00.246Z,gyroscope sensor uncalibrated,0.65179324,0.08002335,0.956615,0.65179324,0.08002335,0.956615,3
712773013382965,2024-03-21T19:40:00.256Z,gyroscope sensor uncalibrated,0.61269784,0.06963864,0.88147855,0.61269784,0.06963864,0.88147855,3
712773023382965,2024-03-21T19:40:00.266Z,gyroscope sensor uncalibrated,0.52778757,0.061086524,0.75502944,0.52778757,0.061086524,0.75502944,3
712773033382965,2024-03-21T19:40:00.277Z,gyroscope sensor uncalibrated,0.33658674,0.06963864,0.593761,0.33658674,0.06963864,0.593761,3
712773043382965,2024-03-21T19:40:00.286Z,gyroscope sensor uncalibrated,-0.008552114,0.04886922,0.31581733,-0.008552114,0.04886922,0.31581733,3
712773053382965,2024-03-21T19:40:00.297Z,gyroscope sensor uncalibrated,-0.16554448,-0.014660766,0.1386664,-0.16554448,-0.014660766,0.1386664,3
712773063382965,2024-03-21T19:40:00.307Z,gyroscope sensor uncalibrated,-0.15699236,-0.14905111,0.018325957,-0.15699236,-0.14905111,0.018325957,3
712773073383031,2024-03-21T19:40:00.317Z,gyroscope sensor uncalibrated,-0.04886922,-0.23518312,0.008552114,-0.04886922,-0.23518312,0.008552114,3
712773083383031,2024-03-21T19:40:00.327Z,gyroscope sensor uncalibrated,-0.013439035,-0.27305678,0.07452556,-0.013439035,-0.27305678,0.07452556,3
712773093383031,2024-03-21T19:40:00.337Z,gyroscope sensor uncalibrated,0.016493361,-0.27855456,0.16493362,0.016493361,-0.27855456,0.16493362,3
712773103383031,2024-03-21T19:40:00.346Z,gyroscope sensor uncalibrated,0.058643065,-0.26511553,0.24373524,0.058643065,-0.26511553,0.24373524,3
712773113383031,2024-03-21T19:40:00.357Z,gyroscope sensor uncalibrated,0.099571034,-0.24190263,0.30665436,0.099571034,-0.24190263,0.30665436,3
712773123382797,2024-03-21T19:40:00.367Z,gyroscope sensor uncalibrated,0.1301143,-0.20158553,0.35735616,0.1301143,-0.20158553,0.35735616,3
712773133382797,2024-03-21T19:40:00.376Z,gyroscope sensor uncalibrated,0.14538592,-0.13194689,0.40317106,0.14538592,-0.13194689,0.40317106,3
712773143382797,2024-03-21T19:40:00.387Z,gyroscope sensor uncalibrated,0.13988814,-0.03176499,0.43982297,0.13988814,-0.03176499,0.43982297,3
712773153382797,2024-03-21T19:40:00.396Z,gyroscope sensor uncalibrated,0.10934488,0.09896017,0.4465425,0.10934488,0.09896017,0.4465425,3
712773163382797,2024-03-21T19:40:00.407Z,gyroscope sensor uncalibrated,0.07819075,0.24129178,0.41233405,0.07819075,0.24129178,0.41233405,3
712773173382797,2024-03-21T19:40:00.416Z,gyroscope sensor uncalibrated,0.057421334,0.37323865,0.3475823,0.057421334,0.37323865,0.3475823,3
712773183382797,2024-03-21T19:40:00.426Z,gyroscope sensor uncalibrated,0.015882496,0.4813618,0.25411993,0.015882496,0.4813618,0.25411993,3
712773193382797,2024-03-21T19:40:00.436Z,gyroscope sensor uncalibrated,-0.014660766,0.5540548,0.15882497,-0.014660766,0.5540548,0.15882497,3
712773203382797,2024-03-21T19:40:00.447Z,gyroscope sensor uncalibrated,-0.031154128,0.5717699,0.07574729,-0.031154128,0.5717699,0.07574729,3
712773213382797,2024-03-21T19:40:00.456Z,gyroscope sensor uncalibrated,-0.06414085,0.53023106,0.013439035,-0.06414085,0.53023106,0.013439035,3
712773223382797,2024-03-21T19:40:00.466Z,gyroscope sensor uncalibrated,-0.11178834,0.41722095,-0.02687807,-0.11178834,0.41722095,-0.02687807,3
712773233382797,2024-03-21T19:40:00.476Z,gyroscope sensor uncalibrated,-0.16310102,0.2602286,-0.043982297,-0.16310102,0.2602286,-0.043982297,3
712773243382797,2024-03-21T19:40:00.487Z,gyroscope sensor uncalibrated,-0.20891592,0.09040806,-0.03359759,-0.20891592,0.09040806,-0.03359759,3
712773253382797,2024-03-21T19:40:00.496Z,gyroscope sensor uncalibrated,-0.2443461,-0.10934488,0.02321288,-0.2443461,-0.10934488,0.02321288,3
712773263382797,2024-03-21T19:40:00.506Z,gyroscope sensor uncalibrated,-0.27183503,-0.19181168,0.07452556,-0.27183503,-0.19181168,0.07452556,3
712773273382797,2024-03-21T19:40:00.517Z,gyroscope sensor uncalibrated,-0.28160888,-0.25534168,0.10629055,-0.28160888,-0.25534168,0.10629055,3
712773283382797,2024-03-21T19:40:00.527Z,gyroscope sensor uncalibrated,-0.25167647,-0.31948254,0.13255776,-0.25167647,-0.31948254,0.13255776,3
712773293382797,2024-03-21T19:40:00.537Z,gyroscope sensor uncalibrated,-0.17654006,-0.36774087,0.19242255,-0.17654006,-0.36774087,0.19242255,3
712773303382797,2024-03-21T19:40:00.546Z,gyroscope sensor uncalibrated,-0.07941248,-0.40683624,0.27305678,-0.07941248,-0.40683624,0.27305678,3
712773313383730,2024-03-21T19:40:00.556Z,gyroscope sensor uncalibrated,0.022602014,-0.43860126,0.35369098,0.022602014,-0.43860126,0.35369098,3
712773323383963,2024-03-21T19:40:00.566Z,gyroscope sensor uncalibrated,0.10567969,-0.5045747,0.42332962,0.10567969,-0.5045747,0.42332962,3
712773333383963,2024-03-21T19:40:00.577Z,gyroscope sensor uncalibrated,0.14966199,-0.6243043,0.49846604,0.14966199,-0.6243043,0.49846604,3
712773343383963,2024-03-21T19:40:00.586Z,gyroscope sensor uncalibrated,0.1777618,-0.74220127,0.5503896,0.1777618,-0.74220127,0.5503896,3
712773353383963,2024-03-21T19:40:00.597Z,gyroscope sensor uncalibrated,0.19425514,-0.8362745,0.54550266,0.19425514,-0.8362745,0.54550266,3
712773363383963,2024-03-21T19:40:00.606Z,gyroscope sensor uncalibrated,0.20830505,-0.86620694,0.516792,0.20830505,-0.86620694,0.516792,3
712773373383896,2024-03-21T19:40:00.616Z,gyroscope sensor uncalibrated,0.23945917,-0.82650065,0.48502702,0.23945917,-0.82650065,0.48502702,3
712773383383896,2024-03-21T19:40:00.627Z,gyroscope sensor uncalibrated,0.24923302,-0.73792523,0.45081854,0.24923302,-0.73792523,0.45081854,3
712773393383896,2024-03-21T19:40:00.637Z,gyroscope sensor uncalibrated,0.22357668,-0.66339964,0.41416663,0.22357668,-0.66339964,0.41416663,3
712773403383896,2024-03-21T19:40:00.647Z,gyroscope sensor uncalibrated,0.17104226,-0.59498274,0.39584067,0.17104226,-0.59498274,0.39584067,3
712773413383896,2024-03-21T19:40:00.657Z,gyroscope sensor uncalibrated,0.19242255,-0.45265114,0.35369098,0.19242255,-0.45265114,0.35369098,3
712773423383896,2024-03-21T19:40:00.666Z,gyroscope sensor uncalibrated,0.27000242,-0.15699236,0.3494149,0.27000242,-0.15699236,0.3494149,3
712773433383896,2024-03-21T19:40:00.677Z,gyroscope sensor uncalibrated,0.28955013,0.0983493,0.4111123,0.28955013,0.0983493,0.4111123,3
712773443383896,2024-03-21T19:40:00.686Z,gyroscope sensor uncalibrated,0.23701571,0.2144137,0.4343252,0.23701571,0.2144137,0.4343252,3
712773453383896,2024-03-21T19:40:00.696Z,gyroscope sensor uncalibrated,0.13561209,0.23579398,0.3408628,0.13561209,0.23579398,0.3408628,3
712773463383896,2024-03-21T19:40:00.706Z,gyroscope sensor uncalibrated,-0.014660766,0.2657264,0.029932396,-0.014660766,0.2657264,0.029932396,3
712773473383896,2024-03-21T19:40:00.717Z,gyroscope sensor uncalibrated,-0.081855945,0.3036,-0.19547687,-0.081855945,0.3036,-0.19547687,3
712773483383896,2024-03-21T19:40:00.726Z,gyroscope sensor uncalibrated,-0.13500121,0.3585779,-0.3622431,-0.13500121,0.3585779,-0.3622431,3
712773493383896,2024-03-21T19:40:00.737Z,gyroscope sensor uncalibrated,-0.2144137,0.33841935,-0.44043383,-0.2144137,0.33841935,-0.44043383,3
712773503383896,2024-03-21T19:40:00.747Z,gyroscope sensor uncalibrated,-0.26633725,0.21624629,-0.41722095,-0.26633725,0.21624629,-0.41722095,3
712773513383896,2024-03-21T19:40:00.756Z,gyroscope sensor uncalibrated,-0.23579398,-0.0012217305,-0.3359759,-0.23579398,-0.0012217305,-0.3359759,3
712773523383896,2024-03-21T19:40:00.766Z,gyroscope sensor uncalibrated,-0.15760323,-0.22724187,-0.2510656,-0.15760323,-0.22724187,-0.2510656,3
712773533383896,2024-03-21T19:40:00.776Z,gyroscope sensor uncalibrated,-0.0720821,-0.4373795,-0.21624629,-0.0720821,-0.4373795,-0.21624629,3
712773543383896,2024-03-21T19:40:00.787Z,gyroscope sensor uncalibrated,-0.030543262,-0.6072,-0.21685717,-0.030543262,-0.6072,-0.21685717,3
712773553383896,2024-03-21T19:40:00.797Z,gyroscope sensor uncalibrated,-0.095294975,-0.72082096,-0.22418754,-0.095294975,-0.72082096,-0.22418754,3
712773563383896,2024-03-21T19:40:00.806Z,gyroscope sensor uncalibrated,-0.19486602,-0.7703011,-0.25167647,-0.19486602,-0.7703011,-0.25167647,3
712773573384129,2024-03-21T19:40:00.817Z,gyroscope sensor uncalibrated,-0.2510656,-0.7684685,-0.30176744,-0.2510656,-0.7684685,-0.30176744,3
712773583384129,2024-03-21T19:40:00.826Z,gyroscope sensor uncalibrated,-0.2321288,-0.7287622,-0.36041048,-0.2321288,-0.7287622,-0.36041048,3
712773593384362,2024-03-21T19:40:00.836Z,gyroscope sensor uncalibrated,-0.20708331,-0.6291912,-0.36346483,-0.20708331,-0.6291912,-0.36346483,3
712773603384362,2024-03-21T19:40:00.846Z,gyroscope sensor uncalibrated,-0.1863139,-0.49480084,-0.31703907,-0.1863139,-0.49480084,-0.31703907,3
712773613383428,2024-03-21T19:40:00.856Z,gyroscope sensor uncalibrated,-0.111177474,-0.3567453,-0.25228736,-0.111177474,-0.3567453,-0.25228736,3
712773623383194,2024-03-21T19:40:00.867Z,gyroscope sensor uncalibrated,-0.012217305,-0.2284636,-0.19303341,-0.012217305,-0.2284636,-0.19303341,3
712773633383194,2024-03-21T19:40:00.876Z,gyroscope sensor uncalibrated,0.054367006,-0.106901415,-0.15332718,0.054367006,-0.106901415,-0.15332718,3
712773643383194,2024-03-21T19:40:00.887Z,gyroscope sensor uncalibrated,0.09101892,-0.007330383,-0.1459968,0.09101892,-0.007330383,-0.1459968,3
712773653383194,2024-03-21T19:40:00.897Z,gyroscope sensor uncalibrated,0.11728613,0.052534413,-0.17531833,0.11728613,0.052534413,-0.17531833,3
712773663383194,2024-03-21T19:40:00.907Z,gyroscope sensor uncalibrated,0.12950343,0.08246681,-0.21991149,0.12950343,0.08246681,-0.21991149,3
712773673383194,2024-03-21T19:40:00.917Z,gyroscope sensor uncalibrated,0.1282817,0.099571034,-0.25228736,0.1282817,0.099571034,-0.25228736,3
712773683383194,2024-03-21T19:40:00.926Z,gyroscope sensor uncalibrated,0.13255776,0.12095132,-0.2724459,0.13255776,0.12095132,-0.2724459,3
712773693383194,2024-03-21T19:40:00.937Z,gyroscope sensor uncalibrated,0.1337795,0.17165314,-0.2565634,0.1337795,0.17165314,-0.2565634,3
712773703383194,2024-03-21T19:40:00.946Z,gyroscope sensor uncalibrated,0.12339478,0.23701571,-0.21685717,0.12339478,0.23701571,-0.21685717,3
712773713383194,2024-03-21T19:40:00.956Z,gyroscope sensor uncalibrated,0.13927728,0.3115413,-0.16554448,0.13927728,0.3115413,-0.16554448,3
712773723383194,2024-03-21T19:40:00.967Z,gyroscope sensor uncalibrated,0.17837265,0.39584067,-0.11056661,0.17837265,0.39584067,-0.11056661,3
712773733383194,2024-03-21T19:40:00.976Z,gyroscope sensor uncalibrated,0.21685717,0.4813618,-0.059864793,0.21685717,0.4813618,-0.059864793,3
712773743383194,2024-03-21T19:40:00.987Z,gyroscope sensor uncalibrated,0.24801129,0.5564982,-0.030543262,0.24801129,0.5564982,-0.030543262,3
712773753383194,2024-03-21T19:40:00.996Z,gyroscope sensor uncalibrated,0.2724459,0.6243043,-0.019547688,0.2724459,0.6243043,-0.019547688,3
712773763383194,2024-03-21T19:40:01.007Z,gyroscope sensor uncalibrated,0.29932398,0.6835582,-0.014660766,0.29932398,0.6835582,-0.014660766,3
712773773383194,2024-03-21T19:40:01.017Z,gyroscope sensor uncalibrated,0.34391713,0.7147123,0.007330383,0.34391713,0.7147123,0.007330383,3
712773783383194,2024-03-21T19:40:01.026Z,gyroscope sensor uncalibrated,0.4184427,0.7165449,0.047647487,0.4184427,0.7165449,0.047647487,3
712773793383194,2024-03-21T19:40:01.037Z,gyroscope sensor uncalibrated,0.5143485,0.68111473,0.092240654,0.5143485,0.68111473,0.092240654,3
712773803383194,2024-03-21T19:40:01.047Z,gyroscope sensor uncalibrated,0.5876524,0.5858198,0.1282817,0.5876524,0.5858198,0.1282817,3
712773813383194,2024-03-21T19:40:01.057Z,gyroscope sensor uncalibrated,0.5919284,0.43004912,0.13561209,0.5919284,0.43004912,0.13561209,3
712773823383427,2024-03-21T19:40:01.066Z,gyroscope sensor uncalibrated,0.53878313,0.258396,0.07513642,0.53878313,0.258396,0.07513642,3
712773833383427,2024-03-21T19:40:01.077Z,gyroscope sensor uncalibrated,0.43127087,0.1001819,-0.054367006,0.43127087,0.1001819,-0.054367006,3
712773843383427,2024-03-21T19:40:01.086Z,gyroscope sensor uncalibrated,0.27672195,-0.014049901,-0.22418754,0.27672195,-0.014049901,-0.22418754,3
712773853383427,2024-03-21T19:40:01.096Z,gyroscope sensor uncalibrated,0.1160644,-0.07880162,-0.40194935,0.1160644,-0.07880162,-0.40194935,3
712773863383427,2024-03-21T19:40:01.106Z,gyroscope sensor uncalibrated,-0.02321288,-0.11362094,-0.5674938,-0.02321288,-0.11362094,-0.5674938,3
712773873383193,2024-03-21T19:40:01.117Z,gyroscope sensor uncalibrated,-0.13133603,-0.12034045,-0.69027776,-0.13133603,-0.12034045,-0.69027776,3
712773883383193,2024-03-21T19:40:01.127Z,gyroscope sensor uncalibrated,-0.20341812,-0.09285152,-0.76174897,-0.20341812,-0.09285152,-0.76174897,3
712773893382959,2024-03-21T19:40:01.136Z,gyroscope sensor uncalibrated,-0.24190263,0.19181168,-0.7666359,-0.24190263,0.19181168,-0.7666359,3
712773903382959,2024-03-21T19:40:01.146Z,gyroscope sensor uncalibrated,-0.26633725,0.46914452,-0.75808376,-0.26633725,0.46914452,-0.75808376,3
712773913382959,2024-03-21T19:40:01.157Z,gyroscope sensor uncalibrated,-0.37507126,0.4343252,-0.72387534,-0.37507126,0.4343252,-0.72387534,3
712773923382959,2024-03-21T19:40:01.166Z,gyroscope sensor uncalibrated,-0.4465425,0.10873401,-0.65118235,-0.4465425,0.10873401,-0.65118235,3
712773933382959,2024-03-21T19:40:01.176Z,gyroscope sensor uncalibrated,-0.4343252,-0.18203785,-0.64751714,-0.4343252,-0.18203785,-0.64751714,3
712773943382959,2024-03-21T19:40:01.186Z,gyroscope sensor uncalibrated,-0.41172317,-0.3585779,-0.7189884,-0.41172317,-0.3585779,-0.7189884,3
712773953382959,2024-03-21T19:40:01.197Z,gyroscope sensor uncalibrated,-0.41599923,-0.44104472,-0.7806858,-0.41599923,-0.44104472,-0.7806858,3
712773963382959,2024-03-21T19:40:01.207Z,gyroscope sensor uncalibrated,-0.43249258,-0.49113566,-0.7440339,-0.43249258,-0.49113566,-0.7440339,3
712773973382959,2024-03-21T19:40:01.216Z,gyroscope sensor uncalibrated,-0.37384954,-0.5558874,-0.6010914,-0.37384954,-0.5558874,-0.6010914,3
712773983382959,2024-03-21T19:40:01.227Z,gyroscope sensor uncalibrated,-0.19547687,-0.634689,-0.4196644,-0.19547687,-0.634689,-0.4196644,3
712773993382959,2024-03-21T19:40:01.237Z,gyroscope sensor uncalibrated,0.09590584,-0.6872234,-0.21746802,0.09590584,-0.6872234,-0.21746802,3
712774003382959,2024-03-21T19:40:01.246Z,gyroscope sensor uncalibrated,0.43066,-0.68844515,0.06169739,0.43066,-0.68844515,0.06169739,3
712774013382959,2024-03-21T19:40:01.257Z,gyroscope sensor uncalibrated,0.5900958,-0.58459806,0.37140608,0.5900958,-0.58459806,0.37140608,3
712774023382959,2024-03-21T19:40:01.266Z,gyroscope sensor uncalibrated,0.6035349,-0.42638394,0.64751714,0.6035349,-0.42638394,0.64751714,3
712774033382959,2024-03-21T19:40:01.276Z,gyroscope sensor uncalibrated,0.6579019,-0.22540927,0.7812967,0.6579019,-0.22540927,0.7812967,3
712774043382959,2024-03-21T19:40:01.286Z,gyroscope sensor uncalibrated,0.65668017,0.040927973,0.81061816,0.65668017,0.040927973,0.81061816,3
712774053382959,2024-03-21T19:40:01.296Z,gyroscope sensor uncalibrated,0.54733527,0.24007004,0.79473567,0.54733527,0.24007004,0.79473567,3
712774063382959,2024-03-21T19:40:01.307Z,gyroscope sensor uncalibrated,0.45020768,0.3549127,0.71593404,0.45020768,0.3549127,0.71593404,3
712774073383192,2024-03-21T19:40:01.317Z,gyroscope sensor uncalibrated,0.408058,0.4251622,0.59864795,0.408058,0.4251622,0.59864795,3
712774083383192,2024-03-21T19:40:01.327Z,gyroscope sensor uncalibrated,0.33658674,0.43493605,0.46609017,0.33658674,0.43493605,0.46609017,3
712774093383192,2024-03-21T19:40:01.336Z,gyroscope sensor uncalibrated,0.23396139,0.36102137,0.33475417,0.23396139,0.36102137,0.33475417,3
712774103383192,2024-03-21T19:40:01.346Z,gyroscope sensor uncalibrated,0.10873401,0.1301143,0.18936823,0.10873401,0.1301143,0.18936823,3
712774113383192,2024-03-21T19:40:01.357Z,gyroscope sensor uncalibrated,0.14905111,-0.04642576,0.14660765,0.14905111,-0.04642576,0.14660765,3
712774123382958,2024-03-21T19:40:01.366Z,gyroscope sensor uncalibrated,0.25534168,-0.17592919,0.17898351,0.25534168,-0.17592919,0.17898351,3
712774133382958,2024-03-21T19:40:01.376Z,gyroscope sensor uncalibrated,0.30848694,-0.2602286,0.23335053,0.30848694,-0.2602286,0.23335053,3
712774143382958,2024-03-21T19:40:01.386Z,gyroscope sensor uncalibrated,0.31703907,-0.2950479,0.27855456,0.31703907,-0.2950479,0.27855456,3
712774153382958,2024-03-21T19:40:01.396Z,gyroscope sensor uncalibrated,0.321926,-0.2968805,0.30604348,0.321926,-0.2968805,0.30604348,3
712774163382958,2024-03-21T19:40:01.407Z,gyroscope sensor uncalibrated,0.33353242,-0.26450464,0.321926,0.33353242,-0.26450464,0.321926,3
712774173382958,2024-03-21T19:40:01.417Z,gyroscope sensor uncalibrated,0.3304781,-0.18448131,0.32620203,0.3304781,-0.18448131,0.32620203,3
712774183382958,2024-03-21T19:40:01.426Z,gyroscope sensor uncalibrated,0.31031954,-0.05681047,0.3213151,0.31031954,-0.05681047,0.3213151,3
712774193382958,2024-03-21T19:40:01.436Z,gyroscope sensor uncalibrated,0.28955013,0.10995574,0.30787608,0.28955013,0.10995574,0.30787608,3
712774203382958,2024-03-21T19:40:01.446Z,gyroscope sensor uncalibrated,0.26816985,0.2919936,0.28710666,0.26816985,0.2919936,0.28710666,3
712774213382958,2024-03-21T19:40:01.457Z,gyroscope sensor uncalibrated,0.23762658,0.46792278,0.25595254,0.23762658,0.46792278,0.25595254,3
712774223382958,2024-03-21T19:40:01.466Z,gyroscope sensor uncalibrated,0.19975294,0.61819565,0.22174409,0.19975294,0.61819565,0.22174409,3
712774233382958,2024-03-21T19:40:01.476Z,gyroscope sensor uncalibrated,0.17348573,0.7275405,0.1826487,0.17348573,0.7275405,0.1826487,3
712774243382958,2024-03-21T19:40:01.487Z,gyroscope sensor uncalibrated,0.17104226,0.7770206,0.13194689,0.17104226,0.7770206,0.13194689,3
712774253382958,2024-03-21T19:40:01.496Z,gyroscope sensor uncalibrated,0.17348573,0.7641924,0.0720821,0.17348573,0.7641924,0.0720821,3
712774263382958,2024-03-21T19:40:01.507Z,gyroscope sensor uncalibrated,0.16920967,0.70066243,0.014660766,0.16920967,0.70066243,0.014660766,3
712774273382958,2024-03-21T19:40:01.517Z,gyroscope sensor uncalibrated,0.15882497,0.6053675,-0.03176499,0.15882497,0.6053675,-0.03176499,3
712774283382958,2024-03-21T19:40:01.527Z,gyroscope sensor uncalibrated,0.1441642,0.48808134,-0.050701816,0.1441642,0.48808134,-0.050701816,3
712774293382958,2024-03-21T19:40:01.536Z,gyroscope sensor uncalibrated,0.118507855,0.36713,-0.044593163,0.118507855,0.36713,-0.044593163,3
712774303382958,2024-03-21T19:40:01.547Z,gyroscope sensor uncalibrated,0.08368854,0.25167647,-0.031154128,0.08368854,0.25167647,-0.031154128,3
712774313382958,2024-03-21T19:40:01.556Z,gyroscope sensor uncalibrated,0.0,0.10323623,-0.016493361,0.0,0.10323623,-0.016493361,3
712774323383191,2024-03-21T19:40:01.566Z,gyroscope sensor uncalibrated,-0.059253927,0.044593163,-0.012217305,-0.059253927,0.044593163,-0.012217305,3
712774333383191,2024-03-21T19:40:01.577Z,gyroscope sensor uncalibrated,-0.116675265,0.021380283,-0.0030543262,-0.116675265,0.021380283,-0.0030543262,3
712774343383191,2024-03-21T19:40:01.586Z,gyroscope sensor uncalibrated,-0.16249016,0.017715093,0.02076942,-0.16249016,0.017715093,0.02076942,3
712774353383191,2024-03-21T19:40:01.596Z,gyroscope sensor uncalibrated,-0.16065755,0.02076942,0.07452556,-0.16065755,0.02076942,0.07452556,3
712774363383191,2024-03-21T19:40:01.606Z,gyroscope sensor uncalibrated,-0.105068825,0.050701816,0.15760323,-0.105068825,0.050701816,0.15760323,3
712774373382957,2024-03-21T19:40:01.616Z,gyroscope sensor uncalibrated,-0.02687807,0.092240654,0.2706133,-0.02687807,0.092240654,0.2706133,3
712774383382957,2024-03-21T19:40:01.626Z,gyroscope sensor uncalibrated,0.08002335,0.08552113,0.39767328,0.08002335,0.08552113,0.39767328,3
712774393382957,2024-03-21T19:40:01.636Z,gyroscope sensor uncalibrated,0.1685988,0.03604105,0.5222898,0.1685988,0.03604105,0.5222898,3
712774403382957,2024-03-21T19:40:01.647Z,gyroscope sensor uncalibrated,0.2284636,-0.03848451,0.6236934,0.2284636,-0.03848451,0.6236934,3
712774413382957,2024-03-21T19:40:01.656Z,gyroscope sensor uncalibrated,0.2565634,-0.16920967,0.69027776,0.2565634,-0.16920967,0.69027776,3
712774423382957,2024-03-21T19:40:01.667Z,gyroscope sensor uncalibrated,0.24923302,-0.32070425,0.72265357,0.24923302,-0.32070425,0.72265357,3
712774433382957,2024-03-21T19:40:01.676Z,gyroscope sensor uncalibrated,0.2180789,-0.45020768,0.73792523,0.2180789,-0.45020768,0.73792523,3
712774443382957,2024-03-21T19:40:01.686Z,gyroscope sensor uncalibrated,0.1881465,-0.5143485,0.7464773,0.1881465,-0.5143485,0.7464773,3
712774453382957,2024-03-21T19:40:01.696Z,gyroscope sensor uncalibrated,0.18509217,-0.46181414,0.7501425,0.18509217,-0.46181414,0.7501425,3
712774463382957,2024-03-21T19:40:01.707Z,gyroscope sensor uncalibrated,0.17654006,-0.35246924,0.7147123,0.17654006,-0.35246924,0.7147123,3
712774473382957,2024-03-21T19:40:01.717Z,gyroscope sensor uncalibrated,0.16432275,-0.27672195,0.6426302,0.16432275,-0.27672195,0.6426302,3
712774483382957,2024-03-21T19:40:01.727Z,gyroscope sensor uncalibrated,0.15149458,-0.321926,0.57543504,0.15149458,-0.321926,0.57543504,3
712774493382957,2024-03-21T19:40:01.737Z,gyroscope sensor uncalibrated,0.20280726,-0.38545597,0.5314528,0.20280726,-0.38545597,0.5314528,3
712774503382957,2024-03-21T19:40:01.746Z,gyroscope sensor uncalibrated,0.25289822,-0.3304781,0.5161811,0.25289822,-0.3304781,0.5161811,3
712774513383190,2024-03-21T19:40:01.756Z,gyroscope sensor uncalibrated,0.21685717,-0.18570304,0.5009095,0.21685717,-0.18570304,0.5009095,3
712774523383190,2024-03-21T19:40:01.766Z,gyroscope sensor uncalibrated,-0.0018325958,0.014049901,0.40622538,-0.0018325958,0.014049901,0.40622538,3
712774533383190,2024-03-21T19:40:01.776Z,gyroscope sensor uncalibrated,-0.111177474,0.057421334,0.21930063,-0.111177474,0.057421334,0.21930063,3
712774543383190,2024-03-21T19:40:01.786Z,gyroscope sensor uncalibrated,-0.22174409,0.07147124,-0.0036651916,-0.22174409,0.07147124,-0.0036651916,3
712774553383190,2024-03-21T19:40:01.797Z,gyroscope sensor uncalibrated,-0.33292156,0.055588737,-0.21380283,-0.33292156,0.055588737,-0.21380283,3
712774563383190,2024-03-21T19:40:01.806Z,gyroscope sensor uncalibrated,-0.43188173,0.007941248,-0.37873647,-0.43188173,0.007941248,-0.37873647,3
712774573383423,2024-03-21T19:40:01.817Z,gyroscope sensor uncalibrated,-0.5131268,-0.036651913,-0.48441613,-0.5131268,-0.036651913,-0.48441613,3
712774583383423,2024-03-21T19:40:01.826Z,gyroscope sensor uncalibrated,-0.57848936,-0.092240654,-0.53878313,-0.57848936,-0.092240654,-0.53878313,3
712774593383423,2024-03-21T19:40:01.836Z,gyroscope sensor uncalibrated,-0.593761,-0.19608775,-0.5681047,-0.593761,-0.19608775,-0.5681047,3
712774603383423,2024-03-21T19:40:01.846Z,gyroscope sensor uncalibrated,-0.54367006,-0.36285394,-0.5833763,-0.54367006,-0.36285394,-0.5833763,3
712774613383423,2024-03-21T19:40:01.856Z,gyroscope sensor uncalibrated,-0.4886922,-0.54244834,-0.5589417,-0.4886922,-0.54244834,-0.5589417,3
712774623383189,2024-03-21T19:40:01.866Z,gyroscope sensor uncalibrated,-0.46914452,-0.6743952,-0.50518554,-0.46914452,-0.6743952,-0.50518554,3
712774633383189,2024-03-21T19:40:01.876Z,gyroscope sensor uncalibrated,-0.46181414,-0.7275405,-0.44715336,-0.46181414,-0.7275405,-0.44715336,3
712774643383189,2024-03-21T19:40:01.887Z,gyroscope sensor uncalibrated,-0.42577308,-0.7281514,-0.42455134,-0.42577308,-0.7281514,-0.42455134,3
712774653383189,2024-03-21T19:40:01.896Z,gyroscope sensor uncalibrated,-0.35796702,-0.6774496,-0.41233405,-0.35796702,-0.6774496,-0.41233405,3
712774663383189,2024-03-21T19:40:01.906Z,gyroscope sensor uncalibrated,-0.2919936,-0.5852089,-0.3744604,-0.2919936,-0.5852089,-0.3744604,3
712774673383189,2024-03-21T19:40:01.916Z,gyroscope sensor uncalibrated,-0.21868975,-0.48258355,-0.3304781,-0.21868975,-0.48258355,-0.3304781,3
712774683383189,2024-03-21T19:40:01.927Z,gyroscope sensor uncalibrated,-0.14721853,-0.36285394,-0.2828306,-0.14721853,-0.36285394,-0.2828306,3
712774693383322,2024-03-21T19:40:01.937Z,gyroscope sensor uncalibrated,-0.09285152,-0.23518312,-0.22052236,-0.09285152,-0.23518312,-0.22052236,3
712774703383322,2024-03-21T19:40:01.946Z,gyroscope sensor uncalibrated,-0.04642576,-0.11301007,-0.1704314,-0.04642576,-0.11301007,-0.1704314,3
712774713383322,2024-03-21T19:40:01.957Z,gyroscope sensor uncalibrated,-0.014660766,-0.007330383,-0.13561209,-0.014660766,-0.007330383,-0.13561209,3
712774723383322,2024-03-21T19:40:01.966Z,gyroscope sensor uncalibrated,-0.012217305,0.06291912,-0.12034045,-0.012217305,0.06291912,-0.12034045,3
712774733383322,2024-03-21T19:40:01.976Z,gyroscope sensor uncalibrated,-0.0036651916,0.09285152,-0.1301143,-0.0036651916,0.09285152,-0.1301143,3
712774743383322,2024-03-21T19:40:01.986Z,gyroscope sensor uncalibrated,0.018936822,0.09468412,-0.16371189,0.018936822,0.09468412,-0.16371189,3
712774753383322,2024-03-21T19:40:01.996Z,gyroscope sensor uncalibrated,0.020158553,0.092240654,-0.18081611,0.020158553,0.092240654,-0.18081611,3
712774763383322,2024-03-21T19:40:02.006Z,gyroscope sensor uncalibrated,0.016493361,0.09773844,-0.19120082,0.016493361,0.09773844,-0.19120082,3
712774773383322,2024-03-21T19:40:02.016Z,gyroscope sensor uncalibrated,0.010995574,0.1142318,-0.18936823,0.010995574,0.1142318,-0.18936823,3
712774783383322,2024-03-21T19:40:02.027Z,gyroscope sensor uncalibrated,0.019547688,0.14538592,-0.1704314,0.019547688,0.14538592,-0.1704314,3
712774793383322,2024-03-21T19:40:02.037Z,gyroscope sensor uncalibrated,0.045814894,0.1881465,-0.1301143,0.045814894,0.1881465,-0.1301143,3
712774803383322,2024-03-21T19:40:02.046Z,gyroscope sensor uncalibrated,0.07941248,0.24190263,-0.07086037,0.07941248,0.24190263,-0.07086037,3
712774813383088,2024-03-21T19:40:02.056Z,gyroscope sensor uncalibrated,0.12583824,0.29565877,-0.016493361,0.12583824,0.29565877,-0.016493361,3
712774823383321,2024-03-21T19:40:02.067Z,gyroscope sensor uncalibrated,0.19364429,0.3390302,0.017104227,0.19364429,0.3390302,0.017104227,3
712774833383321,2024-03-21T19:40:02.077Z,gyroscope sensor uncalibrated,0.267559,0.35979962,0.03359759,0.267559,0.35979962,0.03359759,3
712774843383321,2024-03-21T19:40:02.087Z,gyroscope sensor uncalibrated,0.31764993,0.40561453,0.03726278,0.31764993,0.40561453,0.03726278,3
712774853383321,2024-03-21T19:40:02.096Z,gyroscope sensor uncalibrated,0.36041048,0.46792278,0.04642576,0.36041048,0.46792278,0.04642576,3
712774863383321,2024-03-21T19:40:02.106Z,gyroscope sensor uncalibrated,0.42760566,0.49480084,0.07941248,0.42760566,0.49480084,0.07941248,3
712774873383087,2024-03-21T19:40:02.116Z,gyroscope sensor uncalibrated,0.5027421,0.50946164,0.13683382,0.5027421,0.50946164,0.13683382,3
712774883383087,2024-03-21T19:40:02.126Z,gyroscope sensor uncalibrated,0.5522222,0.51007247,0.20586158,0.5522222,0.51007247,0.20586158,3
712774893383087,2024-03-21T19:40:02.136Z,gyroscope sensor uncalibrated,0.5742133,0.45448375,0.25411993,0.5742133,0.45448375,0.25411993,3
712774903383087,2024-03-21T19:40:02.146Z,gyroscope sensor uncalibrated,0.56138515,0.37323865,0.23762658,0.56138515,0.37323865,0.23762658,3
712774913383087,2024-03-21T19:40:02.156Z,gyroscope sensor uncalibrated,0.50946164,0.27366763,0.15760323,0.50946164,0.27366763,0.15760323,3
712774923383087,2024-03-21T19:40:02.167Z,gyroscope sensor uncalibrated,0.41722095,0.15149458,0.037873644,0.41722095,0.15149458,0.037873644,3
712774933383087,2024-03-21T19:40:02.177Z,gyroscope sensor uncalibrated,0.29626966,0.022602014,-0.11911872,0.29626966,0.022602014,-0.11911872,3
712774943383087,2024-03-21T19:40:02.186Z,gyroscope sensor uncalibrated,0.17531833,-0.13316862,-0.2968805,0.17531833,-0.13316862,-0.2968805,3
712774953383087,2024-03-21T19:40:02.196Z,gyroscope sensor uncalibrated,0.027488936,-0.39645153,-0.49968776,0.027488936,-0.39645153,-0.49968776,3
712774963383087,2024-03-21T19:40:02.207Z,gyroscope sensor uncalibrated,-0.036651913,-0.5271767,-0.5503896,-0.036651913,-0.5271767,-0.5503896,3
712774973383087,2024-03-21T19:40:02.216Z,gyroscope sensor uncalibrated,-0.04153884,-0.56382865,-0.552833,-0.04153884,-0.56382865,-0.552833,3
712774983383087,2024-03-21T19:40:02.227Z,gyroscope sensor uncalibrated,0.0018325958,-0.48075095,-0.5357288,0.0018325958,-0.48075095,-0.5357288,3
712774993382953,2024-03-21T19:40:02.237Z,gyroscope sensor uncalibrated,0.073303826,-0.41233405,-0.48075095,0.073303826,-0.41233405,-0.48075095,3
712775003382953,2024-03-21T19:40:02.247Z,gyroscope sensor uncalibrated,0.1282817,-0.52595496,-0.38789943,0.1282817,-0.52595496,-0.38789943,3
712775013383186,2024-03-21T19:40:02.257Z,gyroscope sensor uncalibrated,0.16615535,-0.6658431,-0.3213151,0.16615535,-0.6658431,-0.3213151,3
712775023383186,2024-03-21T19:40:02.267Z,gyroscope sensor uncalibrated,0.14844026,-0.6414085,-0.3213151,0.14844026,-0.6414085,-0.3213151,3
712775033383186,2024-03-21T19:40:02.277Z,gyroscope sensor uncalibrated,0.057421334,-0.47769663,-0.3848451,0.057421334,-0.47769663,-0.3848451,3
712775043383186,2024-03-21T19:40:02.287Z,gyroscope sensor uncalibrated,-0.015882496,-0.2846632,-0.44165558,-0.015882496,-0.2846632,-0.44165558,3
712775053383186,2024-03-21T19:40:02.296Z,gyroscope sensor uncalibrated,-0.009162978,-0.16920967,-0.44226643,-0.009162978,-0.16920967,-0.44226643,3
712775063383186,2024-03-21T19:40:02.307Z,gyroscope sensor uncalibrated,0.10323623,-0.12950343,-0.38545597,0.10323623,-0.12950343,-0.38545597,3
712775073383252,2024-03-21T19:40:02.316Z,gyroscope sensor uncalibrated,0.24007004,-0.14049901,-0.25778514,0.24007004,-0.14049901,-0.25778514,3
712775083383252,2024-03-21T19:40:02.326Z,gyroscope sensor uncalibrated,0.37934732,-0.16554448,-0.04642576,0.37934732,-0.16554448,-0.04642576,3
712775093383252,2024-03-21T19:40:02.337Z,gyroscope sensor uncalibrated,0.50885075,-0.1423316,0.25717425,0.50885075,-0.1423316,0.25717425,3
712775103383252,2024-03-21T19:40:02.346Z,gyroscope sensor uncalibrated,0.63591075,-0.09896017,0.56382865,0.63591075,-0.09896017,0.56382865,3
712775113383252,2024-03-21T19:40:02.356Z,gyroscope sensor uncalibrated,0.71776664,-0.016493361,0.75625116,0.71776664,-0.016493361,0.75625116,3
712775123383018,2024-03-21T19:40:02.367Z,gyroscope sensor uncalibrated,0.6743952,0.08674286,0.8454375,0.6743952,0.08674286,0.8454375,3
712775133383018,2024-03-21T19:40:02.377Z,gyroscope sensor uncalibrated,0.59864795,0.14172074,0.8240572,0.59864795,0.14172074,0.8240572,3
712775143383018,2024-03-21T19:40:02.387Z,gyroscope sensor uncalibrated,0.54611355,0.13744467,0.74464476,0.54611355,0.13744467,0.74464476,3
712775153383018,2024-03-21T19:40:02.396Z,gyroscope sensor uncalibrated,0.46303585,0.10567969,0.6395759,0.46303585,0.10567969,0.6395759,3
712775163383018,2024-03-21T19:40:02.407Z,gyroscope sensor uncalibrated,0.22907446,0.008552114,0.39950588,0.22907446,0.008552114,0.39950588,3
712775173383018,2024-03-21T19:40:02.417Z,gyroscope sensor uncalibrated,0.04520403,-0.07147124,0.21685717,0.04520403,-0.07147124,0.21685717,3
712775183383018,2024-03-21T19:40:02.427Z,gyroscope sensor uncalibrated,-0.09101892,-0.14905111,0.07391469,-0.09101892,-0.14905111,0.07391469,3
712775193383018,2024-03-21T19:40:02.436Z,gyroscope sensor uncalibrated,-0.13500121,-0.24556783,-0.025045475,-0.13500121,-0.24556783,-0.025045475,3
712775203383018,2024-03-21T19:40:02.446Z,gyroscope sensor uncalibrated,-0.089186326,-0.34269542,-0.09407325,-0.089186326,-0.34269542,-0.09407325,3
712775213383018,2024-03-21T19:40:02.456Z,gyroscope sensor uncalibrated,0.045814894,-0.41905355,-0.0842994,0.045814894,-0.41905355,-0.0842994,3
712775223383018,2024-03-21T19:40:02.467Z,gyroscope sensor uncalibrated,0.16187929,-0.39461896,0.015882496,0.16187929,-0.39461896,0.015882496,3
712775233383018,2024-03-21T19:40:02.476Z,gyroscope sensor uncalibrated,0.1282817,-0.33169982,0.13927728,0.1282817,-0.33169982,0.13927728,3
712775243383018,2024-03-21T19:40:02.487Z,gyroscope sensor uncalibrated,0.09407325,-0.2443461,0.22907446,0.09407325,-0.2443461,0.22907446,3
712775253383018,2024-03-21T19:40:02.497Z,gyroscope sensor uncalibrated,0.087964594,-0.12644911,0.27122417,0.087964594,-0.12644911,0.27122417,3
712775263383018,2024-03-21T19:40:02.507Z,gyroscope sensor uncalibrated,0.056199603,0.015271631,0.27305678,0.056199603,0.015271631,0.27305678,3
712775273383018,2024-03-21T19:40:02.516Z,gyroscope sensor uncalibrated,0.0012217305,0.16493362,0.24678956,0.0012217305,0.16493362,0.24678956,3
712775283383018,2024-03-21T19:40:02.527Z,gyroscope sensor uncalibrated,-0.04520403,0.31703907,0.20708331,-0.04520403,0.31703907,0.20708331,3
712775293383018,2024-03-21T19:40:02.536Z,gyroscope sensor uncalibrated,-0.07941248,0.4569272,0.16432275,-0.07941248,0.4569272,0.16432275,3
712775303383018,2024-03-21T19:40:02.546Z,gyroscope sensor uncalibrated,-0.092240654,0.58032197,0.11789699,-0.092240654,0.58032197,0.11789699,3
712775313382784,2024-03-21T19:40:02.556Z,gyroscope sensor uncalibrated,-0.084910266,0.66339964,0.07269296,-0.084910266,0.66339964,0.07269296,3
712775323383017,2024-03-21T19:40:02.566Z,gyroscope sensor uncalibrated,-0.07941248,0.70005155,0.036651913,-0.07941248,0.70005155,0.036651913,3
712775333383017,2024-03-21T19:40:02.576Z,gyroscope sensor uncalibrated,-0.09407325,0.7079928,-0.01282817,-0.09407325,0.7079928,-0.01282817,3
712775343383017,2024-03-21T19:40:02.587Z,gyroscope sensor uncalibrated,-0.10567969,0.6365216,-0.05131268,-0.10567969,0.6365216,-0.05131268,3
712775353383017,2024-03-21T19:40:02.596Z,gyroscope sensor uncalibrated,-0.119729586,0.49235737,-0.06536258,-0.119729586,0.49235737,-0.06536258,3
712775363383017,2024-03-21T19:40:02.606Z,gyroscope sensor uncalibrated,-0.115453534,0.3378085,-0.051923547,-0.115453534,0.3378085,-0.051923547,3
712775373382950,2024-03-21T19:40:02.616Z,gyroscope sensor uncalibrated,-0.069027774,0.14477506,0.037873644,-0.069027774,0.14477506,0.037873644,3
712775383382950,2024-03-21T19:40:02.627Z,gyroscope sensor uncalibrated,-0.03481932,0.05497787,0.112399206,-0.03481932,0.05497787,0.112399206,3
712775393382950,2024-03-21T19:40:02.637Z,gyroscope sensor uncalibrated,-0.032986723,0.004886922,0.16982053,-0.032986723,0.004886922,0.16982053,3
712775403382950,2024-03-21T19:40:02.647Z,gyroscope sensor uncalibrated,-0.06414085,0.0018325958,0.20708331,-0.06414085,0.0018325958,0.20708331,3
712775413382950,2024-03-21T19:40:02.657Z,gyroscope sensor uncalibrated,-0.099571034,0.02687807,0.2284636,-0.099571034,0.02687807,0.2284636,3
712775423382950,2024-03-21T19:40:02.666Z,gyroscope sensor uncalibrated,-0.100792766,0.05681047,0.23579398,-0.100792766,0.05681047,0.23579398,3
712775433382950,2024-03-21T19:40:02.676Z,gyroscope sensor uncalibrated,-0.05009095,0.087964594,0.2443461,-0.05009095,0.087964594,0.2443461,3
712775443382950,2024-03-21T19:40:02.687Z,gyroscope sensor uncalibrated,0.04337143,0.10873401,0.2773328,0.04337143,0.10873401,0.2773328,3
712775453382950,2024-03-21T19:40:02.697Z,gyroscope sensor uncalibrated,0.15271631,0.10445796,0.32925636,0.15271631,0.10445796,0.32925636,3
712775463382950,2024-03-21T19:40:02.706Z,gyroscope sensor uncalibrated,0.26328292,0.05375614,0.39767328,0.26328292,0.05375614,0.39767328,3
712775473382950,2024-03-21T19:40:02.716Z,gyroscope sensor uncalibrated,0.3744604,-0.061086524,0.4813618,0.3744604,-0.061086524,0.4813618,3
712775483382950,2024-03-21T19:40:02.727Z,gyroscope sensor uncalibrated,0.47708577,-0.22052236,0.5919284,0.47708577,-0.22052236,0.5919284,3
712775493382950,2024-03-21T19:40:02.737Z,gyroscope sensor uncalibrated,0.5320636,-0.39767328,0.6805039,0.5320636,-0.39767328,0.6805039,3
712775503382950,2024-03-21T19:40:02.746Z,gyroscope sensor uncalibrated,0.50823987,-0.58093286,0.6872234,0.50823987,-0.58093286,0.6872234,3
712775513382950,2024-03-21T19:40:02.757Z,gyroscope sensor uncalibrated,0.47708577,-0.6792821,0.62125,0.47708577,-0.6792821,0.62125,3
712775523382950,2024-03-21T19:40:02.766Z,gyroscope sensor uncalibrated,0.45265114,-0.6432411,0.5742133,0.45265114,-0.6432411,0.5742133,3
712775533382950,2024-03-21T19:40:02.777Z,gyroscope sensor uncalibrated,0.3903429,-0.571159,0.50946164,0.3903429,-0.571159,0.50946164,3
712775543382950,2024-03-21T19:40:02.786Z,gyroscope sensor uncalibrated,0.31581733,-0.5681047,0.39095375,0.31581733,-0.5681047,0.39095375,3
712775553382950,2024-03-21T19:40:02.797Z,gyroscope sensor uncalibrated,0.3036,-0.6084218,0.2864958,0.3036,-0.6084218,0.2864958,3
712775563382950,2024-03-21T19:40:02.807Z,gyroscope sensor uncalibrated,0.32559118,-0.5491679,0.24373524,0.32559118,-0.5491679,0.24373524,3
712775573383183,2024-03-21T19:40:02.817Z,gyroscope sensor uncalibrated,0.36102137,-0.36774087,0.25289822,0.36102137,-0.36774087,0.25289822,3
712775583383183,2024-03-21T19:40:02.826Z,gyroscope sensor uncalibrated,0.34697145,-0.027488936,0.28893927,0.34697145,-0.027488936,0.28893927,3
712775593383183,2024-03-21T19:40:02.837Z,gyroscope sensor uncalibrated,0.27855456,0.19242255,0.2968805,0.27855456,0.19242255,0.2968805,3
712775603383183,2024-03-21T19:40:02.847Z,gyroscope sensor uncalibrated,0.19120082,0.31215215,0.24678956,0.19120082,0.31215215,0.24678956,3
712775613383183,2024-03-21T19:40:02.857Z,gyroscope sensor uncalibrated,0.089186326,0.3109304,0.105068825,0.089186326,0.3109304,0.105068825,3
712775623382949,2024-03-21T19:40:02.867Z,gyroscope sensor uncalibrated,-0.02687807,0.25900686,-0.087964594,-0.02687807,0.25900686,-0.087964594,3
712775633382949,2024-03-21T19:40:02.876Z,gyroscope sensor uncalibrated,-0.14782938,0.2144137,-0.28588495,-0.14782938,0.2144137,-0.28588495,3
712775643382949,2024-03-21T19:40:02.886Z,gyroscope sensor uncalibrated,-0.28588495,0.18692477,-0.4428773,-0.28588495,0.18692477,-0.4428773,3
712775653382949,2024-03-21T19:40:02.896Z,gyroscope sensor uncalibrated,-0.42149702,0.116675265,-0.54000485,-0.42149702,0.116675265,-0.54000485,3
712775663382949,2024-03-21T19:40:02.906Z,gyroscope sensor uncalibrated,-0.50579643,-0.042760566,-0.57971114,-0.50579643,-0.042760566,-0.57971114,3
712775673382949,2024-03-21T19:40:02.916Z,gyroscope sensor uncalibrated,-0.5186246,-0.2657264,-0.5919284,-0.5186246,-0.2657264,-0.5919284,3
712775683382949,2024-03-21T19:40:02.927Z,gyroscope sensor uncalibrated,-0.4905248,-0.47647488,-0.59315014,-0.4905248,-0.47647488,-0.59315014,3
712775693382949,2024-03-21T19:40:02.936Z,gyroscope sensor uncalibrated,-0.462425,-0.6218608,-0.5693264,-0.462425,-0.6218608,-0.5693264,3
712775703382949,2024-03-21T19:40:02.946Z,gyroscope sensor uncalibrated,-0.43310347,-0.7122689,-0.5375614,-0.43310347,-0.7122689,-0.5375614,3
712775713382949,2024-03-21T19:40:02.957Z,gyroscope sensor uncalibrated,-0.38545597,-0.7556403,-0.5186246,-0.38545597,-0.7556403,-0.5186246,3
712775723382949,2024-03-21T19:40:02.966Z,gyroscope sensor uncalibrated,-0.35430184,-0.74220127,-0.5027421,-0.35430184,-0.74220127,-0.5027421,3
712775733382949,2024-03-21T19:40:02.977Z,gyroscope sensor uncalibrated,-0.3481932,-0.679893,-0.46486846,-0.3481932,-0.679893,-0.46486846,3
712775743382949,2024-03-21T19:40:02.987Z,gyroscope sensor uncalibrated,-0.3109304,-0.60231316,-0.4202753,-0.3109304,-0.60231316,-0.4202753,3
712775753382949,2024-03-21T19:40:02.996Z,gyroscope sensor uncalibrated,-0.22052236,-0.49663344,-0.37568212,-0.22052236,-0.49663344,-0.37568212,3
712775763382949,2024-03-21T19:40:03.006Z,gyroscope sensor uncalibrated,-0.19547687,-0.36835176,-0.34147367,-0.19547687,-0.36835176,-0.34147367,3
712775773382949,2024-03-21T19:40:03.017Z,gyroscope sensor uncalibrated,-0.22907446,-0.23396139,-0.32559118,-0.22907446,-0.23396139,-0.32559118,3
712775783382949,2024-03-21T19:40:03.027Z,gyroscope sensor uncalibrated,-0.2724459,-0.115453534,-0.3463606,-0.2724459,-0.115453534,-0.3463606,3
712775793382949,2024-03-21T19:40:03.037Z,gyroscope sensor uncalibrated,-0.2938262,-0.034208454,-0.398895,-0.2938262,-0.034208454,-0.398895,3
712775803382949,2024-03-21T19:40:03.047Z,gyroscope sensor uncalibrated,-0.2883284,0.051923547,-0.4447099,-0.2883284,0.051923547,-0.4447099,3
712775813382949,2024-03-21T19:40:03.057Z,gyroscope sensor uncalibrated,-0.27366763,0.07513642,-0.44348818,-0.27366763,0.07513642,-0.44348818,3
712775823383182,2024-03-21T19:40:03.067Z,gyroscope sensor uncalibrated,-0.22418754,0.039095376,-0.4166101,-0.22418754,0.039095376,-0.4166101,3
712775833383182,2024-03-21T19:40:03.076Z,gyroscope sensor uncalibrated,-0.17348573,0.023823744,-0.36346483,-0.17348573,0.023823744,-0.36346483,3
712775843383182,2024-03-21T19:40:03.086Z,gyroscope sensor uncalibrated,-0.13683382,0.058643065,-0.29016098,-0.13683382,0.058643065,-0.29016098,3
712775853383182,2024-03-21T19:40:03.097Z,gyroscope sensor uncalibrated,-0.08735373,0.12339478,-0.21624629,-0.08735373,0.12339478,-0.21624629,3
712775863383182,2024-03-21T19:40:03.106Z,gyroscope sensor uncalibrated,-0.018325957,0.20280726,-0.14966199,-0.018325957,0.20280726,-0.14966199,3
712775873382948,2024-03-21T19:40:03.116Z,gyroscope sensor uncalibrated,0.03726278,0.28160888,-0.093462385,0.03726278,0.28160888,-0.093462385,3
712775883382948,2024-03-21T19:40:03.126Z,gyroscope sensor uncalibrated,0.0720821,0.3371976,-0.031154128,0.0720821,0.3371976,-0.031154128,3
712775893382948,2024-03-21T19:40:03.136Z,gyroscope sensor uncalibrated,0.081855945,0.3652974,0.019547688,0.081855945,0.3652974,0.019547688,3
712775903382948,2024-03-21T19:40:03.147Z,gyroscope sensor uncalibrated,0.081855945,0.37384954,0.03848451,0.081855945,0.37384954,0.03848451,3
712775913382948,2024-03-21T19:40:03.156Z,gyroscope sensor uncalibrated,0.07696902,0.37873647,0.03848451,0.07696902,0.37873647,0.03848451,3
712775923382948,2024-03-21T19:40:03.167Z,gyroscope sensor uncalibrated,0.06841691,0.3885103,0.032986723,0.06841691,0.3885103,0.032986723,3
712775933382948,2024-03-21T19:40:03.176Z,gyroscope sensor uncalibrated,0.07574729,0.41233405,0.03604105,0.07574729,0.41233405,0.03604105,3
712775943382948,2024-03-21T19:40:03.186Z,gyroscope sensor uncalibrated,0.119729586,0.4251622,0.052534413,0.119729586,0.4251622,0.052534413,3
712775953382948,2024-03-21T19:40:03.197Z,gyroscope sensor uncalibrated,0.18142697,0.38056904,0.07880162,0.18142697,0.38056904,0.07880162,3
712775963382948,2024-03-21T19:40:03.206Z,gyroscope sensor uncalibrated,0.20708331,0.2724459,0.08857546,0.20708331,0.2724459,0.08857546,3
712775973382948,2024-03-21T19:40:03.217Z,gyroscope sensor uncalibrated,0.16676621,0.15577064,0.053145275,0.16676621,0.15577064,0.053145275,3
712775983382948,2024-03-21T19:40:03.226Z,gyroscope sensor uncalibrated,0.0842994,0.06719518,-0.047036625,0.0842994,0.06719518,-0.047036625,3
712775993382948,2024-03-21T19:40:03.237Z,gyroscope sensor uncalibrated,-0.007330383,0.014049901,-0.20952678,-0.007330383,0.014049901,-0.20952678,3
712776003382948,2024-03-21T19:40:03.246Z,gyroscope sensor uncalibrated,-0.11056661,-0.053145275,-0.3885103,-0.11056661,-0.053145275,-0.3885103,3
712776013382948,2024-03-21T19:40:03.256Z,gyroscope sensor uncalibrated,-0.26145032,-0.2773328,-0.58032197,-0.26145032,-0.2773328,-0.58032197,3
712776023382948,2024-03-21T19:40:03.266Z,gyroscope sensor uncalibrated,-0.29749137,-0.4605924,-0.6017023,-0.29749137,-0.4605924,-0.6017023,3
712776033382948,2024-03-21T19:40:03.277Z,gyroscope sensor uncalibrated,-0.26389378,-0.5852089,-0.54183745,-0.26389378,-0.5852089,-0.54183745,3
712776043382948,2024-03-21T19:40:03.287Z,gyroscope sensor uncalibrated,-0.204029,-0.6072,-0.44898596,-0.204029,-0.6072,-0.44898596,3
712776053382948,2024-03-21T19:40:03.297Z,gyroscope sensor uncalibrated,-0.13255776,-0.4905248,-0.40378192,-0.13255776,-0.4905248,-0.40378192,3
712776063382948,2024-03-21T19:40:03.307Z,gyroscope sensor uncalibrated,-0.049480084,-0.29932398,-0.38728857,-0.049480084,-0.29932398,-0.38728857,3
712776073383181,2024-03-21T19:40:03.316Z,gyroscope sensor uncalibrated,0.04153884,-0.28160888,-0.30909783,0.04153884,-0.28160888,-0.30909783,3
712776083383181,2024-03-21T19:40:03.326Z,gyroscope sensor uncalibrated,0.13072516,-0.42943826,-0.19242255,0.13072516,-0.42943826,-0.19242255,3
712776093383181,2024-03-21T19:40:03.337Z,gyroscope sensor uncalibrated,0.1459968,-0.41722095,-0.16065755,0.1459968,-0.41722095,-0.16065755,3
712776103383181,2024-03-21T19:40:03.347Z,gyroscope sensor uncalibrated,0.052534413,-0.21868975,-0.2443461,0.052534413,-0.21868975,-0.2443461,3
712776113383414,2024-03-21T19:40:03.356Z,gyroscope sensor uncalibrated,-0.0842994,0.059253927,-0.37873647,-0.0842994,0.059253927,-0.37873647,3
712776123383180,2024-03-21T19:40:03.366Z,gyroscope sensor uncalibrated,-0.17837265,0.29565877,-0.4746423,-0.17837265,0.29565877,-0.4746423,3
712776133383180,2024-03-21T19:40:03.376Z,gyroscope sensor uncalibrated,-0.12644911,0.45448375,-0.46792278,-0.12644911,0.45448375,-0.46792278,3
712776143383180,2024-03-21T19:40:03.387Z,gyroscope sensor uncalibrated,0.06169739,0.4728097,-0.3903429,0.06169739,0.4728097,-0.3903429,3
712776153383413,2024-03-21T19:40:03.396Z,gyroscope sensor uncalibrated,0.26206118,0.39767328,-0.23273966,0.26206118,0.39767328,-0.23273966,3
712776163383413,2024-03-21T19:40:03.407Z,gyroscope sensor uncalibrated,0.3622431,0.34208453,0.028099801,0.3622431,0.34208453,0.028099801,3
712776173383413,2024-03-21T19:40:03.416Z,gyroscope sensor uncalibrated,0.37812558,0.30604348,0.33475417,0.37812558,0.30604348,0.33475417,3
712776183383413,2024-03-21T19:40:03.427Z,gyroscope sensor uncalibrated,0.43188173,0.32742378,0.5503896,0.43188173,0.32742378,0.5503896,3
712776193383413,2024-03-21T19:40:03.437Z,gyroscope sensor uncalibrated,0.45998153,0.38240165,0.66645396,0.45998153,0.38240165,0.66645396,3
712776203383413,2024-03-21T19:40:03.447Z,gyroscope sensor uncalibrated,0.45875978,0.35063666,0.68539083,0.45875978,0.35063666,0.68539083,3
712776213383413,2024-03-21T19:40:03.457Z,gyroscope sensor uncalibrated,0.41050145,0.23640485,0.6261369,0.41050145,0.23640485,0.6261369,3
712776223383413,2024-03-21T19:40:03.467Z,gyroscope sensor uncalibrated,0.23945917,0.043982297,0.43066,0.23945917,0.043982297,0.43066,3
712776233383413,2024-03-21T19:40:03.476Z,gyroscope sensor uncalibrated,0.076358154,-0.064751714,0.2742785,0.076358154,-0.064751714,0.2742785,3
712776243383413,2024-03-21T19:40:03.487Z,gyroscope sensor uncalibrated,-0.08857546,-0.1563815,0.14172074,-0.08857546,-0.1563815,0.14172074,3
712776253383413,2024-03-21T19:40:03.496Z,gyroscope sensor uncalibrated,-0.19792034,-0.23579398,0.03604105,-0.19792034,-0.23579398,0.03604105,3
712776263383413,2024-03-21T19:40:03.506Z,gyroscope sensor uncalibrated,-0.19486602,-0.32375857,-0.064751714,-0.19486602,-0.32375857,-0.064751714,3
712776273383413,2024-03-21T19:40:03.516Z,gyroscope sensor uncalibrated,-0.12644911,-0.3903429,-0.12644911,-0.12644911,-0.3903429,-0.12644911,3
712776283383413,2024-03-21T19:40:03.526Z,gyroscope sensor uncalibrated,-0.03848451,-0.36041048,-0.086132,-0.03848451,-0.36041048,-0.086132,3
712776293383413,2024-03-21T19:40:03.536Z,gyroscope sensor uncalibrated,-0.03848451,-0.23396139,0.007330383,-0.03848451,-0.23396139,0.007330383,3
712776303383413,2024-03-21T19:40:03.547Z,gyroscope sensor uncalibrated,-0.07513642,-0.089186326,0.10629055,-0.07513642,-0.089186326,0.10629055,3
712776313383413,2024-03-21T19:40:03.556Z,gyroscope sensor uncalibrated,-0.07696902,0.06536258,0.18142697,-0.07696902,0.06536258,0.18142697,3
712776323383646,2024-03-21T19:40:03.567Z,gyroscope sensor uncalibrated,-0.06352998,0.23823744,0.20952678,-0.06352998,0.23823744,0.20952678,3
712776333383646,2024-03-21T19:40:03.576Z,gyroscope sensor uncalibrated,-0.06719518,0.4111123,0.204029,-0.06719518,0.4111123,0.204029,3
712776343383646,2024-03-21T19:40:03.586Z,gyroscope sensor uncalibrated,-0.0720821,0.56688297,0.18081611,-0.0720821,0.56688297,0.18081611,3
712776353383646,2024-03-21T19:40:03.597Z,gyroscope sensor uncalibrated,-0.07574729,0.6805039,0.1459968,-0.07574729,0.6805039,0.1459968,3
712776363383646,2024-03-21T19:40:03.606Z,gyroscope sensor uncalibrated,-0.07391469,0.73975784,0.10751228,-0.07391469,0.73975784,0.10751228,3
712776373383412,2024-03-21T19:40:03.617Z,gyroscope sensor uncalibrated,-0.06169739,0.75747293,0.073303826,-0.06169739,0.75747293,0.073303826,3
712776383383412,2024-03-21T19:40:03.627Z,gyroscope sensor uncalibrated,-0.03970624,0.7538077,0.035430185,-0.03970624,0.7538077,0.035430185,3
712776393383412,2024-03-21T19:40:03.636Z,gyroscope sensor uncalibrated,-0.0018325958,0.7263188,0.0012217305,-0.0018325958,0.7263188,0.0012217305,3
712776403383412,2024-03-21T19:40:03.647Z,gyroscope sensor uncalibrated,0.039095376,0.66339964,-0.015882496,0.039095376,0.66339964,-0.015882496,3
712776413383178,2024-03-21T19:40:03.657Z,gyroscope sensor uncalibrated,0.052534413,0.55833083,-0.013439035,0.052534413,0.55833083,-0.013439035,3
712776423383178,2024-03-21T19:40:03.667Z,gyroscope sensor uncalibrated,0.047036625,0.4129449,0.005497787,0.047036625,0.4129449,0.005497787,3
712776433383444,2024-03-21T19:40:03.676Z,gyroscope sensor uncalibrated,0.017104227,0.15882497,0.054367006,0.017104227,0.15882497,0.054367006,3
712776443383444,2024-03-21T19:40:03.686Z,gyroscope sensor uncalibrated,-0.028099801,0.015271631,0.073303826,-0.028099801,0.015271631,0.073303826,3
712776453383210,2024-03-21T19:40:03.697Z,gyroscope sensor uncalibrated,-0.08246681,-0.081855945,0.06780604,-0.08246681,-0.081855945,0.06780604,3
712776463383210,2024-03-21T19:40:03.706Z,gyroscope sensor uncalibrated,-0.12217305,-0.105068825,0.049480084,-0.12217305,-0.105068825,0.049480084,3
712776473383210,2024-03-21T19:40:03.717Z,gyroscope sensor uncalibrated,-0.14110987,-0.05681047,0.047647487,-0.14110987,-0.05681047,0.047647487,3
712776483383210,2024-03-21T19:40:03.727Z,gyroscope sensor uncalibrated,-0.15271631,0.027488936,0.07880162,-0.15271631,0.027488936,0.07880162,3
712776493383210,2024-03-21T19:40:03.736Z,gyroscope sensor uncalibrated,-0.13622294,0.116675265,0.12583824,-0.13622294,0.116675265,0.12583824,3
712776503383210,2024-03-21T19:40:03.747Z,gyroscope sensor uncalibrated,-0.099571034,0.18142697,0.18203785,-0.099571034,0.18142697,0.18203785,3
712776513383210,2024-03-21T19:40:03.757Z,gyroscope sensor uncalibrated,-0.04886922,0.19364429,0.25350907,-0.04886922,0.19364429,0.25350907,3
712776523383210,2024-03-21T19:40:03.766Z,gyroscope sensor uncalibrated,0.015271631,0.1441642,0.3323107,0.015271631,0.1441642,0.3323107,3
712776533383210,2024-03-21T19:40:03.776Z,gyroscope sensor uncalibrated,0.07574729,0.05681047,0.4251622,0.07574729,0.05681047,0.4251622,3
712776543383210,2024-03-21T19:40:03.787Z,gyroscope sensor uncalibrated,0.106901415,-0.084910266,0.5320636,0.106901415,-0.084910266,0.5320636,3
712776553383210,2024-03-21T19:40:03.797Z,gyroscope sensor uncalibrated,0.12217305,-0.31887165,0.6383542,0.12217305,-0.31887165,0.6383542,3
712776563383210,2024-03-21T19:40:03.807Z,gyroscope sensor uncalibrated,0.11911872,-0.59986967,0.6951646,0.11911872,-0.59986967,0.6951646,3
712776573383276,2024-03-21T19:40:03.816Z,gyroscope sensor uncalibrated,0.06780604,-0.8698721,0.68294734,0.06780604,-0.8698721,0.68294734,3
712776583383276,2024-03-21T19:40:03.827Z,gyroscope sensor uncalibrated,-0.021991149,-1.0134255,0.6236934,-0.021991149,-1.0134255,0.6236934,3
712776593383276,2024-03-21T19:40:03.837Z,gyroscope sensor uncalibrated,-0.100792766,-0.9230174,0.56505036,-0.100792766,-0.9230174,0.56505036,3
712776603383276,2024-03-21T19:40:03.847Z,gyroscope sensor uncalibrated,-0.17715092,-0.6591236,0.5235115,-0.17715092,-0.6591236,0.5235115,3
712776613383276,2024-03-21T19:40:03.857Z,gyroscope sensor uncalibrated,-0.2657264,-0.3866777,0.5320636,-0.2657264,-0.3866777,0.5320636,3
712776623383042,2024-03-21T19:40:03.867Z,gyroscope sensor uncalibrated,-0.3555236,-0.26450464,0.4813618,-0.3555236,-0.26450464,0.4813618,3
712776633383042,2024-03-21T19:40:03.876Z,gyroscope sensor uncalibrated,-0.33414328,-0.12889257,0.38362336,-0.33414328,-0.12889257,0.38362336,3
712776643383042,2024-03-21T19:40:03.887Z,gyroscope sensor uncalibrated,-0.27122417,0.07574729,0.321926,-0.27122417,0.07574729,0.321926,3
712776653383042,2024-03-21T19:40:03.896Z,gyroscope sensor uncalibrated,-0.27366763,0.3622431,0.2919936,-0.27366763,0.3622431,0.2919936,3
712776663383042,2024-03-21T19:40:03.906Z,gyroscope sensor uncalibrated,-0.34330627,0.36774087,0.23701571,-0.34330627,0.36774087,0.23701571,3
712776673383042,2024-03-21T19:40:03.917Z,gyroscope sensor uncalibrated,-0.41233405,0.22235495,0.09468412,-0.41233405,0.22235495,0.09468412,3
712776683383042,2024-03-21T19:40:03.927Z,gyroscope sensor uncalibrated,-0.49235737,0.062308256,-0.081855945,-0.49235737,0.062308256,-0.081855945,3
712776693383042,2024-03-21T19:40:03.937Z,gyroscope sensor uncalibrated,-0.54611355,-0.025045475,-0.23579398,-0.54611355,-0.025045475,-0.23579398,3
712776703383042,2024-03-21T19:40:03.947Z,gyroscope sensor uncalibrated,-0.589485,-0.05375614,-0.344528,-0.589485,-0.05375614,-0.344528,3
712776713383042,2024-03-21T19:40:03.957Z,gyroscope sensor uncalibrated,-0.6065892,-0.06841691,-0.39950588,-0.6065892,-0.06841691,-0.39950588,3
712776723383042,2024-03-21T19:40:03.966Z,gyroscope sensor uncalibrated,-0.58093286,-0.124005646,-0.43127087,-0.58093286,-0.124005646,-0.43127087,3
712776733382775,2024-03-21T19:40:03.976Z,gyroscope sensor uncalibrated,-0.5412266,-0.25350907,-0.45142943,-0.5412266,-0.25350907,-0.45142943,3
712776743382775,2024-03-21T19:40:03.987Z,gyroscope sensor uncalibrated,-0.5381723,-0.3744604,-0.44593164,-0.5381723,-0.3744604,-0.44593164,3
712776753382775,2024-03-21T19:40:03.997Z,gyroscope sensor uncalibrated,-0.5564982,-0.46914452,-0.43371433,-0.5564982,-0.46914452,-0.43371433,3
712776763382775,2024-03-21T19:40:04.007Z,gyroscope sensor uncalibrated,-0.4990769,-0.5332854,-0.44043383,-0.4990769,-0.5332854,-0.44043383,3
712776773382775,2024-03-21T19:40:04.016Z,gyroscope sensor uncalibrated,-0.4428773,-0.5271767,-0.4288274,-0.4428773,-0.5271767,-0.4288274,3
712776783382775,2024-03-21T19:40:04.027Z,gyroscope sensor uncalibrated,-0.46792278,-0.46853364,-0.39706242,-0.46792278,-0.46853364,-0.39706242,3
712776793382775,2024-03-21T19:40:04.036Z,gyroscope sensor uncalibrated,-0.5015204,-0.45020768,-0.38606682,-0.5015204,-0.45020768,-0.38606682,3
712776803382775,2024-03-21T19:40:04.046Z,gyroscope sensor uncalibrated,-0.4569272,-0.4098906,-0.38545597,-0.4569272,-0.4098906,-0.38545597,3
712776813382775,2024-03-21T19:40:04.057Z,gyroscope sensor uncalibrated,-0.35002577,-0.30787608,-0.3726278,-0.35002577,-0.30787608,-0.3726278,3
712776823383008,2024-03-21T19:40:04.067Z,gyroscope sensor uncalibrated,-0.26389378,-0.18692477,-0.33414328,-0.26389378,-0.18692477,-0.33414328,3
712776833383008,2024-03-21T19:40:04.077Z,gyroscope sensor uncalibrated,-0.20158553,-0.09468412,-0.28099802,-0.20158553,-0.09468412,-0.28099802,3
712776843383008,2024-03-21T19:40:04.086Z,gyroscope sensor uncalibrated,-0.15149458,-0.031154128,-0.2321288,-0.15149458,-0.031154128,-0.2321288,3
712776853383008,2024-03-21T19:40:04.097Z,gyroscope sensor uncalibrated,-0.11301007,0.014660766,-0.19914207,-0.11301007,0.014660766,-0.19914207,3
712776863383008,2024-03-21T19:40:04.107Z,gyroscope sensor uncalibrated,-0.09712757,0.06963864,-0.19547687,-0.09712757,0.06963864,-0.19547687,3
712776873382941,2024-03-21T19:40:04.117Z,gyroscope sensor uncalibrated,-0.08735373,0.09468412,-0.20341812,-0.08735373,0.09468412,-0.20341812,3
712776883382941,2024-03-21T19:40:04.126Z,gyroscope sensor uncalibrated,-0.0720821,0.10995574,-0.20647246,-0.0720821,0.10995574,-0.20647246,3
712776893382941,2024-03-21T19:40:04.137Z,gyroscope sensor uncalibrated,-0.047036625,0.122783914,-0.20158553,-0.047036625,0.122783914,-0.20158553,3
712776903382941,2024-03-21T19:40:04.146Z,gyroscope sensor uncalibrated,-0.017715093,0.1423316,-0.20280726,-0.017715093,0.1423316,-0.20280726,3
712776913382941,2024-03-21T19:40:04.156Z,gyroscope sensor uncalibrated,-0.004276057,0.16310102,-0.20158553,-0.004276057,0.16310102,-0.20158553,3
712776923382941,2024-03-21T19:40:04.167Z,gyroscope sensor uncalibrated,0.0012217305,0.17959438,-0.19303341,0.0012217305,0.17959438,-0.19303341,3
712776933382941,2024-03-21T19:40:04.177Z,gyroscope sensor uncalibrated,0.016493361,0.19486602,-0.1740966,0.016493361,0.19486602,-0.1740966,3
712776943382941,2024-03-21T19:40:04.186Z,gyroscope sensor uncalibrated,0.039095376,0.20952678,-0.1441642,0.039095376,0.20952678,-0.1441642,3
712776953382941,2024-03-21T19:40:04.197Z,gyroscope sensor uncalibrated,0.06352998,0.21624629,-0.111177474,0.06352998,0.21624629,-0.111177474,3
712776963382941,2024-03-21T19:40:04.207Z,gyroscope sensor uncalibrated,0.080634214,0.21746802,-0.081855945,0.080634214,0.21746802,-0.081855945,3
712776973382941,2024-03-21T19:40:04.217Z,gyroscope sensor uncalibrated,0.081855945,0.22296582,-0.06841691,0.081855945,0.22296582,-0.06841691,3
712776983382941,2024-03-21T19:40:04.226Z,gyroscope sensor uncalibrated,0.07147124,0.23640485,-0.058643065,0.07147124,0.23640485,-0.058643065,3
712776993382941,2024-03-21T19:40:04.236Z,gyroscope sensor uncalibrated,0.064751714,0.26206118,-0.035430185,0.064751714,0.26206118,-0.035430185,3
712777003382941,2024-03-21T19:40:04.247Z,gyroscope sensor uncalibrated,0.06841691,0.3023783,-0.004276057,0.06841691,0.3023783,-0.004276057,3
712777013382941,2024-03-21T19:40:04.257Z,gyroscope sensor uncalibrated,0.08552113,0.3549127,0.017104227,0.08552113,0.3549127,0.017104227,3
712777023382941,2024-03-21T19:40:04.266Z,gyroscope sensor uncalibrated,0.10262536,0.3885103,0.01160644,0.10262536,0.3885103,0.01160644,3
712777033382941,2024-03-21T19:40:04.277Z,gyroscope sensor uncalibrated,0.09712757,0.37812558,-0.034208454,0.09712757,0.37812558,-0.034208454,3
712777043382941,2024-03-21T19:40:04.287Z,gyroscope sensor uncalibrated,0.040927973,0.3005457,-0.12034045,0.040927973,0.3005457,-0.12034045,3
712777053382941,2024-03-21T19:40:04.297Z,gyroscope sensor uncalibrated,-0.07269296,0.14905111,-0.25289822,-0.07269296,0.14905111,-0.25289822,3
712777063382941,2024-03-21T19:40:04.307Z,gyroscope sensor uncalibrated,-0.204029,-0.028099801,-0.44837508,-0.204029,-0.028099801,-0.44837508,3
712777073383174,2024-03-21T19:40:04.316Z,gyroscope sensor uncalibrated,-0.31948254,-0.22540927,-0.79473567,-0.31948254,-0.22540927,-0.79473567,3
712777083383174,2024-03-21T19:40:04.327Z,gyroscope sensor uncalibrated,-0.33169982,-0.35308012,-0.93584555,-0.33169982,-0.35308012,-0.93584555,3
712777093383174,2024-03-21T19:40:04.336Z,gyroscope sensor uncalibrated,-0.28405234,-0.5027421,-0.9602802,-0.28405234,-0.5027421,-0.9602802,3
712777103383174,2024-03-21T19:40:04.347Z,gyroscope sensor uncalibrated,-0.22785273,-0.5858198,-0.8753699,-0.22785273,-0.5858198,-0.8753699,3
712777113383174,2024-03-21T19:40:04.356Z,gyroscope sensor uncalibrated,-0.16737708,-0.60048056,-0.72326446,-0.16737708,-0.60048056,-0.72326446,3
712777123382940,2024-03-21T19:40:04.367Z,gyroscope sensor uncalibrated,-0.008552114,-0.5143485,-0.6383542,-0.008552114,-0.5143485,-0.6383542,3
712777133382940,2024-03-21T19:40:04.377Z,gyroscope sensor uncalibrated,0.172264,-0.26083946,-0.59742624,0.172264,-0.26083946,-0.59742624,3
712777143382940,2024-03-21T19:40:04.387Z,gyroscope sensor uncalibrated,0.20830505,-0.007941248,-0.55955255,0.20830505,-0.007941248,-0.55955255,3
712777153382940,2024-03-21T19:40:04.396Z,gyroscope sensor uncalibrated,0.25473082,0.007330383,-0.4886922,0.25473082,0.007330383,-0.4886922,3
712777163382940,2024-03-21T19:40:04.407Z,gyroscope sensor uncalibrated,0.2761111,-0.19181168,-0.46975538,0.2761111,-0.19181168,-0.46975538,3
712777173382940,2024-03-21T19:40:04.417Z,gyroscope sensor uncalibrated,0.28771752,-0.36041048,-0.47769663,0.28771752,-0.36041048,-0.47769663,3
712777183382940,2024-03-21T19:40:04.427Z,gyroscope sensor uncalibrated,0.21074851,-0.3726278,-0.4801401,0.21074851,-0.3726278,-0.4801401,3
712777193382940,2024-03-21T19:40:04.436Z,gyroscope sensor uncalibrated,0.09162979,-0.2761111,-0.46792278,0.09162979,-0.2761111,-0.46792278,3
712777203382940,2024-03-21T19:40:04.447Z,gyroscope sensor uncalibrated,0.012217305,-0.16920967,-0.44409904,0.012217305,-0.16920967,-0.44409904,3
712777213382940,2024-03-21T19:40:04.456Z,gyroscope sensor uncalibrated,0.049480084,-0.124005646,-0.38423425,0.049480084,-0.124005646,-0.38423425,3
712777223382940,2024-03-21T19:40:04.466Z,gyroscope sensor uncalibrated,0.16493362,-0.16493362,-0.27855456,0.16493362,-0.16493362,-0.27855456,3
712777233382940,2024-03-21T19:40:04.477Z,gyroscope sensor uncalibrated,0.2938262,-0.18936823,-0.14294247,0.2938262,-0.18936823,-0.14294247,3
712777243382940,2024-03-21T19:40:04.487Z,gyroscope sensor uncalibrated,0.46792278,-0.2003638,0.065973446,0.46792278,-0.2003638,0.065973446,3
712777253382940,2024-03-21T19:40:04.496Z,gyroscope sensor uncalibrated,0.6059783,-0.1301143,0.33353242,0.6059783,-0.1301143,0.33353242,3
712777263382940,2024-03-21T19:40:04.506Z,gyroscope sensor uncalibrated,0.58093286,-0.06841691,0.53878313,0.58093286,-0.06841691,0.53878313,3
712777273382940,2024-03-21T19:40:04.516Z,gyroscope sensor uncalibrated,0.48563787,-0.02321288,0.6273586,0.48563787,-0.02321288,0.6273586,3
712777283382940,2024-03-21T19:40:04.527Z,gyroscope sensor uncalibrated,0.36468655,-0.01282817,0.6010914,0.36468655,-0.01282817,0.6010914,3
712777293383173,2024-03-21T19:40:04.536Z,gyroscope sensor uncalibrated,0.32559118,-0.062308256,0.52595496,0.32559118,-0.062308256,0.52595496,3
712777303383173,2024-03-21T19:40:04.546Z,gyroscope sensor uncalibrated,0.24923302,-0.14477506,0.45265114,0.24923302,-0.14477506,0.45265114,3
712777313383406,2024-03-21T19:40:04.557Z,gyroscope sensor uncalibrated,0.12095132,-0.25289822,0.37568212,0.12095132,-0.25289822,0.37568212,3
712777323383639,2024-03-21T19:40:04.566Z,gyroscope sensor uncalibrated,0.005497787,-0.37995818,0.2761111,0.005497787,-0.37995818,0.2761111,3
712777333383639,2024-03-21T19:40:04.577Z,gyroscope sensor uncalibrated,-0.020158553,-0.5143485,0.19181168,-0.020158553,-0.5143485,0.19181168,3
712777343383639,2024-03-21T19:40:04.587Z,gyroscope sensor uncalibrated,-0.002443461,-0.59803706,0.15393804,-0.002443461,-0.59803706,0.15393804,3
712777353383639,2024-03-21T19:40:04.597Z,gyroscope sensor uncalibrated,-0.002443461,-0.6059783,0.13622294,-0.002443461,-0.6059783,0.13622294,3
712777363383639,2024-03-21T19:40:04.607Z,gyroscope sensor uncalibrated,-0.05375614,-0.5314528,0.13072516,-0.05375614,-0.5314528,0.13072516,3
712777373383405,2024-03-21T19:40:04.617Z,gyroscope sensor uncalibrated,-0.12705997,-0.43554693,0.13500121,-0.12705997,-0.43554693,0.13500121,3
712777383383405,2024-03-21T19:40:04.627Z,gyroscope sensor uncalibrated,-0.13072516,-0.33292156,0.15149458,-0.13072516,-0.33292156,0.15149458,3
712777393383405,2024-03-21T19:40:04.636Z,gyroscope sensor uncalibrated,-0.080634214,-0.22602014,0.19303341,-0.080634214,-0.22602014,0.19303341,3
712777403383405,2024-03-21T19:40:04.646Z,gyroscope sensor uncalibrated,-0.017715093,-0.099571034,0.26267207,-0.017715093,-0.099571034,0.26267207,3
712777413383405,2024-03-21T19:40:04.656Z,gyroscope sensor uncalibrated,0.039095376,0.043982297,0.32436943,0.039095376,0.043982297,0.32436943,3
712777423383405,2024-03-21T19:40:04.667Z,gyroscope sensor uncalibrated,0.086132,0.19364429,0.34697145,0.086132,0.19364429,0.34697145,3
712777433383405,2024-03-21T19:40:04.676Z,gyroscope sensor uncalibrated,0.10751228,0.312763,0.33414328,0.10751228,0.312763,0.33414328,3
712777443383405,2024-03-21T19:40:04.687Z,gyroscope sensor uncalibrated,0.106901415,0.3744604,0.29932398,0.106901415,0.3744604,0.29932398,3
712777453383405,2024-03-21T19:40:04.696Z,gyroscope sensor uncalibrated,0.0842994,0.37384954,0.24617869,0.0842994,0.37384954,0.24617869,3
712777463383405,2024-03-21T19:40:04.706Z,gyroscope sensor uncalibrated,0.057421334,0.3371976,0.17470746,0.057421334,0.3371976,0.17470746,3
712777473383405,2024-03-21T19:40:04.717Z,gyroscope sensor uncalibrated,0.056199603,0.2864958,0.09590584,0.056199603,0.2864958,0.09590584,3
712777483383405,2024-03-21T19:40:04.727Z,gyroscope sensor uncalibrated,0.087964594,0.24740042,0.029321533,0.087964594,0.24740042,0.029321533,3
712777493383405,2024-03-21T19:40:04.736Z,gyroscope sensor uncalibrated,0.12217305,0.19853121,-0.004886922,0.12217305,0.19853121,-0.004886922,3
712777503383405,2024-03-21T19:40:04.747Z,gyroscope sensor uncalibrated,0.12217305,0.13988814,-0.016493361,0.12217305,0.13988814,-0.016493361,3
712777513383405,2024-03-21T19:40:04.756Z,gyroscope sensor uncalibrated,0.10262536,0.061086524,-0.04153884,0.10262536,0.061086524,-0.04153884,3
712777523383405,2024-03-21T19:40:04.766Z,gyroscope sensor uncalibrated,0.05375614,-0.021991149,-0.09896017,0.05375614,-0.021991149,-0.09896017,3
712777533383405,2024-03-21T19:40:04.776Z,gyroscope sensor uncalibrated,-0.032986723,-0.08552113,-0.1863139,-0.032986723,-0.08552113,-0.1863139,3
712777543383405,2024-03-21T19:40:04.786Z,gyroscope sensor uncalibrated,-0.13194689,-0.0842994,-0.2706133,-0.13194689,-0.0842994,-0.2706133,3
712777553383405,2024-03-21T19:40:04.797Z,gyroscope sensor uncalibrated,-0.20647246,-0.042760566,-0.312763,-0.20647246,-0.042760566,-0.312763,3
712777563383405,2024-03-21T19:40:04.806Z,gyroscope sensor uncalibrated,-0.25289822,0.010995574,-0.2883284,-0.25289822,0.010995574,-0.2883284,3
712777573383638,2024-03-21T19:40:04.816Z,gyroscope sensor uncalibrated,-0.25289822,0.056199603,-0.18997909,-0.25289822,0.056199603,-0.18997909,3
712777583383638,2024-03-21T19:40:04.827Z,gyroscope sensor uncalibrated,-0.2003638,0.06841691,-0.036651913,-0.2003638,0.06841691,-0.036651913,3
712777593383638,2024-03-21T19:40:04.837Z,gyroscope sensor uncalibrated,-0.112399206,0.021991149,0.11911872,-0.112399206,0.021991149,0.11911872,3
712777603383638,2024-03-21T19:40:04.847Z,gyroscope sensor uncalibrated,-0.01038471,-0.0421497,0.28038713,-0.01038471,-0.0421497,0.28038713,3
712777613383638,2024-03-21T19:40:04.856Z,gyroscope sensor uncalibrated,0.07941248,-0.11301007,0.45937067,0.07941248,-0.11301007,0.45937067,3
712777623383504,2024-03-21T19:40:04.867Z,gyroscope sensor uncalibrated,0.14172074,-0.23762658,0.61819565,0.14172074,-0.23762658,0.61819565,3
712777633383504,2024-03-21T19:40:04.876Z,gyroscope sensor uncalibrated,0.19058995,-0.3915646,0.70371675,0.19058995,-0.3915646,0.70371675,3
712777643383504,2024-03-21T19:40:04.887Z,gyroscope sensor uncalibrated,0.17348573,-0.50885075,0.7134906,0.17348573,-0.50885075,0.7134906,3
712777653383504,2024-03-21T19:40:04.897Z,gyroscope sensor uncalibrated,0.06047566,-0.5216789,0.6542367,0.06047566,-0.5216789,0.6542367,3
712777663383504,2024-03-21T19:40:04.907Z,gyroscope sensor uncalibrated,-0.116675265,-0.33841935,0.5155703,-0.116675265,-0.33841935,0.5155703,3
712777673383504,2024-03-21T19:40:04.916Z,gyroscope sensor uncalibrated,-0.2687807,-0.03848451,0.42577308,-0.2687807,-0.03848451,0.42577308,3
712777683383504,2024-03-21T19:40:04.926Z,gyroscope sensor uncalibrated,-0.39278635,0.25411993,0.39584067,-0.39278635,0.25411993,0.39584067,3
712777693383504,2024-03-21T19:40:04.936Z,gyroscope sensor uncalibrated,-0.5516113,0.3200934,0.28588495,-0.5516113,0.3200934,0.28588495,3
712777703383504,2024-03-21T19:40:04.946Z,gyroscope sensor uncalibrated,-0.61758476,0.2565634,0.13744467,-0.61758476,0.2565634,0.13744467,3
712777713383504,2024-03-21T19:40:04.956Z,gyroscope sensor uncalibrated,-0.5510005,0.1740966,0.07941248,-0.5510005,0.1740966,0.07941248,3
712777723383504,2024-03-21T19:40:04.967Z,gyroscope sensor uncalibrated,-0.5296202,0.2761111,0.1386664,-0.5296202,0.2761111,0.1386664,3
712777733383504,2024-03-21T19:40:04.976Z,gyroscope sensor uncalibrated,-0.46609017,0.36285394,0.1881465,-0.46609017,0.36285394,0.1881465,3
712777743383504,2024-03-21T19:40:04.986Z,gyroscope sensor uncalibrated,-0.3640757,0.2761111,0.15760323,-0.3640757,0.2761111,0.15760323,3
712777753383504,2024-03-21T19:40:04.997Z,gyroscope sensor uncalibrated,-0.3652974,0.14110987,0.06352998,-0.3652974,0.14110987,0.06352998,3
712777763383504,2024-03-21T19:40:05.007Z,gyroscope sensor uncalibrated,-0.5143485,-0.002443461,-0.077579886,-0.5143485,-0.002443461,-0.077579886,3
712777773383504,2024-03-21T19:40:05.017Z,gyroscope sensor uncalibrated,-0.6554584,-0.10873401,-0.25900686,-0.6554584,-0.10873401,-0.25900686,3
712777783383504,2024-03-21T19:40:05.027Z,gyroscope sensor uncalibrated,-0.71959925,-0.1563815,-0.42638394,-0.71959925,-0.1563815,-0.42638394,3
712777793383504,2024-03-21T19:40:05.036Z,gyroscope sensor uncalibrated,-0.74097955,-0.15149458,-0.52106804,-0.74097955,-0.15149458,-0.52106804,3
712777803383504,2024-03-21T19:40:05.046Z,gyroscope sensor uncalibrated,-0.7293731,-0.1337795,-0.5467244,-0.7293731,-0.1337795,-0.5467244,3
712777813383504,2024-03-21T19:40:05.056Z,gyroscope sensor uncalibrated,-0.6762278,-0.13988814,-0.52656585,-0.6762278,-0.13988814,-0.52656585,3
712777823383770,2024-03-21T19:40:05.066Z,gyroscope sensor uncalibrated,-0.6206391,-0.15149458,-0.4746423,-0.6206391,-0.15149458,-0.4746423,3
712777833383770,2024-03-21T19:40:05.077Z,gyroscope sensor uncalibrated,-0.5864306,-0.15149458,-0.408058,-0.5864306,-0.15149458,-0.408058,3
712777843383770,2024-03-21T19:40:05.087Z,gyroscope sensor uncalibrated,-0.5546656,-0.14172074,-0.34880406,-0.5546656,-0.14172074,-0.34880406,3
712777853383770,2024-03-21T19:40:05.097Z,gyroscope sensor uncalibrated,-0.5161811,-0.13316862,-0.30665436,-0.5161811,-0.13316862,-0.30665436,3
712777863383770,2024-03-21T19:40:05.106Z,gyroscope sensor uncalibrated,-0.49418998,-0.13500121,-0.27000242,-0.49418998,-0.13500121,-0.27000242,3
712777873383536,2024-03-21T19:40:05.116Z,gyroscope sensor uncalibrated,-0.4978552,-0.1423316,-0.23273966,-0.4978552,-0.1423316,-0.23273966,3
712777883383536,2024-03-21T19:40:05.126Z,gyroscope sensor uncalibrated,-0.4868596,-0.14844026,-0.21013765,-0.4868596,-0.14844026,-0.21013765,3
712777893383302,2024-03-21T19:40:05.137Z,gyroscope sensor uncalibrated,-0.44959682,-0.15515977,-0.20647246,-0.44959682,-0.15515977,-0.20647246,3
712777903383302,2024-03-21T19:40:05.147Z,gyroscope sensor uncalibrated,-0.40622538,-0.15149458,-0.204029,-0.40622538,-0.15149458,-0.204029,3
712777913383068,2024-03-21T19:40:05.157Z,gyroscope sensor uncalibrated,-0.3640757,-0.15271631,-0.20463985,-0.3640757,-0.15271631,-0.20463985,3
712777923382968,2024-03-21T19:40:05.166Z,gyroscope sensor uncalibrated,-0.2773328,-0.17470746,-0.21380283,-0.2773328,-0.17470746,-0.21380283,3
712777933382968,2024-03-21T19:40:05.177Z,gyroscope sensor uncalibrated,-0.23518312,-0.17715092,-0.21563543,-0.23518312,-0.17715092,-0.21563543,3
712777943382968,2024-03-21T19:40:05.186Z,gyroscope sensor uncalibrated,-0.21135938,-0.15271631,-0.21685717,-0.21135938,-0.15271631,-0.21685717,3
712777953383234,2024-03-21T19:40:05.197Z,gyroscope sensor uncalibrated,-0.18509217,-0.105068825,-0.2180789,-0.18509217,-0.105068825,-0.2180789,3
712777963383234,2024-03-21T19:40:05.206Z,gyroscope sensor uncalibrated,-0.15271631,-0.05009095,-0.22907446,-0.15271631,-0.05009095,-0.22907446,3
712777973383234,2024-03-21T19:40:05.216Z,gyroscope sensor uncalibrated,-0.118507855,0.007330383,-0.25228736,-0.118507855,0.007330383,-0.25228736,3
712777983383234,2024-03-21T19:40:05.227Z,gyroscope sensor uncalibrated,-0.073303826,0.086132,-0.2443461,-0.073303826,0.086132,-0.2443461,3
712777993383234,2024-03-21T19:40:05.236Z,gyroscope sensor uncalibrated,-0.052534413,0.172264,-0.22540927,-0.052534413,0.172264,-0.22540927,3
712778003383234,2024-03-21T19:40:05.246Z,gyroscope sensor uncalibrated,-0.04520403,0.25289822,-0.20158553,-0.04520403,0.25289822,-0.20158553,3
712778013383234,2024-03-21T19:40:05.256Z,gyroscope sensor uncalibrated,-0.028710667,0.31398472,-0.16493362,-0.028710667,0.31398472,-0.16493362,3
712778023383234,2024-03-21T19:40:05.267Z,gyroscope sensor uncalibrated,-0.01160644,0.34330627,-0.12522738,-0.01160644,0.34330627,-0.12522738,3
712778033383234,2024-03-21T19:40:05.276Z,gyroscope sensor uncalibrated,-0.0061086523,0.3378085,-0.095294975,-0.0061086523,0.3378085,-0.095294975,3
712778043383234,2024-03-21T19:40:05.287Z,gyroscope sensor uncalibrated,-0.002443461,0.28771752,-0.08002335,-0.002443461,0.28771752,-0.08002335,3
712778053383234,2024-03-21T19:40:05.297Z,gyroscope sensor uncalibrated,-0.0061086523,0.20463985,-0.07513642,-0.0061086523,0.20463985,-0.07513642,3
712778063383234,2024-03-21T19:40:05.306Z,gyroscope sensor uncalibrated,-0.0030543262,0.1142318,-0.08307768,-0.0030543262,0.1142318,-0.08307768,3
712778073383300,2024-03-21T19:40:05.317Z,gyroscope sensor uncalibrated,0.014660766,0.045814894,-0.09773844,0.014660766,0.045814894,-0.09773844,3
712778083383300,2024-03-21T19:40:05.326Z,gyroscope sensor uncalibrated,0.04886922,0.009773844,-0.116675265,0.04886922,0.009773844,-0.116675265,3
712778093383300,2024-03-21T19:40:05.336Z,gyroscope sensor uncalibrated,0.08674286,0.002443461,-0.1337795,0.08674286,0.002443461,-0.1337795,3
712778103383300,2024-03-21T19:40:05.346Z,gyroscope sensor uncalibrated,0.12339478,0.0067195175,-0.12705997,0.12339478,0.0067195175,-0.12705997,3
712778113383300,2024-03-21T19:40:05.356Z,gyroscope sensor uncalibrated,0.15577064,0.015882496,-0.1142318,0.15577064,0.015882496,-0.1142318,3
712778123383033,2024-03-21T19:40:05.367Z,gyroscope sensor uncalibrated,0.16187929,-0.013439035,-0.106901415,0.16187929,-0.013439035,-0.106901415,3
712778133383033,2024-03-21T19:40:05.377Z,gyroscope sensor uncalibrated,0.06841691,-0.1282817,-0.1337795,0.06841691,-0.1282817,-0.1337795,3
712778143383033,2024-03-21T19:40:05.387Z,gyroscope sensor uncalibrated,-0.018936822,-0.14538592,-0.23335053,-0.018936822,-0.14538592,-0.23335053,3
712778153383033,2024-03-21T19:40:05.396Z,gyroscope sensor uncalibrated,-0.06658431,-0.14477506,-0.36896262,-0.06658431,-0.14477506,-0.36896262,3
712778163383033,2024-03-21T19:40:05.407Z,gyroscope sensor uncalibrated,-0.058643065,-0.20158553,-0.4746423,-0.058643065,-0.20158553,-0.4746423,3
712778173383033,2024-03-21T19:40:05.417Z,gyroscope sensor uncalibrated,-0.008552114,-0.33658674,-0.49541172,-0.008552114,-0.33658674,-0.49541172,3
712778183383033,2024-03-21T19:40:05.427Z,gyroscope sensor uncalibrated,0.06047566,-0.51251596,-0.398895,0.06047566,-0.51251596,-0.398895,3
712778193383033,2024-03-21T19:40:05.436Z,gyroscope sensor uncalibrated,0.15393804,-0.6536258,-0.2180789,0.15393804,-0.6536258,-0.2180789,3
712778203383033,2024-03-21T19:40:05.446Z,gyroscope sensor uncalibrated,0.21074851,-0.63529986,-0.08124508,0.21074851,-0.63529986,-0.08124508,3
712778213383033,2024-03-21T19:40:05.457Z,gyroscope sensor uncalibrated,0.21746802,-0.5448918,-0.040927973,0.21746802,-0.5448918,-0.040927973,3
712778223383033,2024-03-21T19:40:05.466Z,gyroscope sensor uncalibrated,0.21746802,-0.44043383,-0.09896017,0.21746802,-0.44043383,-0.09896017,3
712778233383033,2024-03-21T19:40:05.477Z,gyroscope sensor uncalibrated,0.25961772,-0.25350907,-0.1777618,0.25961772,-0.25350907,-0.1777618,3
712778243383033,2024-03-21T19:40:05.487Z,gyroscope sensor uncalibrated,0.3145956,-0.086132,-0.2180789,0.3145956,-0.086132,-0.2180789,3
712778253382299,2024-03-21T19:40:05.496Z,gyroscope sensor uncalibrated,0.36651915,-0.1386664,-0.18570304,0.36651915,-0.1386664,-0.18570304,3
712778263381599,2024-03-21T19:40:05.506Z,gyroscope sensor uncalibrated,0.30848694,-0.20463985,-0.16371189,0.30848694,-0.20463985,-0.16371189,3
712778273381632,2024-03-21T19:40:05.516Z,gyroscope sensor uncalibrated,0.100792766,-0.076358154,-0.22968534,0.100792766,-0.076358154,-0.22968534,3
712778283381298,2024-03-21T19:40:05.526Z,gyroscope sensor uncalibrated,-0.12644911,0.25350907,-0.41050145,-0.12644911,0.25350907,-0.41050145,3
712778293380898,2024-03-21T19:40:05.537Z,gyroscope sensor uncalibrated,-0.26206118,0.6462954,-0.5992588,-0.26206118,0.6462954,-0.5992588,3
712778303380498,2024-03-21T19:40:05.547Z,gyroscope sensor uncalibrated,-0.2602286,0.8912524,-0.643852,-0.2602286,0.8912524,-0.643852,3
712778313380031,2024-03-21T19:40:05.557Z,gyroscope sensor uncalibrated,-0.15577064,0.8753699,-0.516792,-0.15577064,0.8753699,-0.516792,3
712778323379497,2024-03-21T19:40:05.567Z,gyroscope sensor uncalibrated,-0.02321288,0.7629707,-0.2846632,-0.02321288,0.7629707,-0.2846632,3
712778333379463,2024-03-21T19:40:05.576Z,gyroscope sensor uncalibrated,0.084910266,0.711658,0.0061086523,0.084910266,0.711658,0.0061086523,3
712778343379396,2024-03-21T19:40:05.586Z,gyroscope sensor uncalibrated,0.21380283,0.6914995,0.4538729,0.21380283,0.6914995,0.4538729,3
712778353379329,2024-03-21T19:40:05.597Z,gyroscope sensor uncalibrated,0.29810223,0.5314528,0.634689,0.29810223,0.5314528,0.634689,3
712778363379229,2024-03-21T19:40:05.606Z,gyroscope sensor uncalibrated,0.36285394,0.24495697,0.6743952,0.36285394,0.24495697,0.6743952,3
712778373379029,2024-03-21T19:40:05.617Z,gyroscope sensor uncalibrated,0.34147367,-0.116675265,0.5839872,0.34147367,-0.116675265,0.5839872,3
712778383378895,2024-03-21T19:40:05.626Z,gyroscope sensor uncalibrated,0.18081611,-0.47952923,0.41050145,0.18081611,-0.47952923,0.41050145,3
712778393378728,2024-03-21T19:40:05.636Z,gyroscope sensor uncalibrated,-0.065973446,-0.77091193,0.18081611,-0.065973446,-0.77091193,0.18081611,3
712778403378561,2024-03-21T19:40:05.646Z,gyroscope sensor uncalibrated,-0.3005457,-0.9443977,-0.052534413,-0.3005457,-0.9443977,-0.052534413,3
712778413378394,2024-03-21T19:40:05.657Z,gyroscope sensor uncalibrated,-0.4709771,-1.0097603,-0.22907446,-0.4709771,-1.0097603,-0.22907446,3
712778423378160,2024-03-21T19:40:05.666Z,gyroscope sensor uncalibrated,-0.5290093,-1.033584,-0.33536503,-0.5290093,-1.033584,-0.33536503,3
712778433377860,2024-03-21T19:40:05.677Z,gyroscope sensor uncalibrated,-0.32436943,-1.0671816,-0.3555236,-0.32436943,-1.0671816,-0.3555236,3
712778443377560,2024-03-21T19:40:05.687Z,gyroscope sensor uncalibrated,-0.06963864,-0.9101892,-0.24556783,-0.06963864,-0.9101892,-0.24556783,3
712778453377193,2024-03-21T19:40:05.696Z,gyroscope sensor uncalibrated,-0.12644911,-0.6096435,-0.08124508,-0.12644911,-0.6096435,-0.08124508,3
712778463376826,2024-03-21T19:40:05.706Z,gyroscope sensor uncalibrated,-0.20463985,-0.27366763,0.037873644,-0.20463985,-0.27366763,0.037873644,3
712778473376392,2024-03-21T19:40:05.717Z,gyroscope sensor uncalibrated,-0.17104226,0.02076942,0.07147124,-0.17104226,0.02076942,0.07147124,3
712778483375892,2024-03-21T19:40:05.727Z,gyroscope sensor uncalibrated,-0.11362094,0.25289822,0.05131268,-0.11362094,0.25289822,0.05131268,3
712778493375392,2024-03-21T19:40:05.736Z,gyroscope sensor uncalibrated,-0.13805555,0.42394048,0.03359759,-0.13805555,0.42394048,0.03359759,3
712778503374825,2024-03-21T19:40:05.747Z,gyroscope sensor uncalibrated,-0.2864958,0.50885075,0.007941248,-0.2864958,0.50885075,0.007941248,3
712778513374191,2024-03-21T19:40:05.756Z,gyroscope sensor uncalibrated,-0.37323865,0.48624873,-0.047647487,-0.37323865,0.48624873,-0.047647487,3
712778523373557,2024-03-21T19:40:05.767Z,gyroscope sensor uncalibrated,-0.39278635,0.4007276,-0.11362094,-0.39278635,0.4007276,-0.11362094,3
712778533372857,2024-03-21T19:40:05.776Z,gyroscope sensor uncalibrated,-0.4129449,0.29932398,-0.16676621,-0.4129449,0.29932398,-0.16676621,3
712778543372090,2024-03-21T19:40:05.787Z,gyroscope sensor uncalibrated,-0.41783184,0.20097467,-0.20097467,-0.41783184,0.20097467,-0.20097467,3
712778553371790,2024-03-21T19:40:05.797Z,gyroscope sensor uncalibrated,-0.3915646,0.106901415,-0.22296582,-0.3915646,0.106901415,-0.22296582,3
712778563371990,2024-03-21T19:40:05.807Z,gyroscope sensor uncalibrated,-0.3494149,-0.027488936,-0.21685717,-0.3494149,-0.027488936,-0.21685717,3
712778573371056,2024-03-21T19:40:05.816Z,gyroscope sensor uncalibrated,-0.29993483,-0.108123146,-0.17898351,-0.29993483,-0.108123146,-0.17898351,3
712778583369789,2024-03-21T19:40:05.826Z,gyroscope sensor uncalibrated,-0.23884831,-0.1704314,-0.12095132,-0.23884831,-0.1704314,-0.12095132,3
712778593368522,2024-03-21T19:40:05.836Z,gyroscope sensor uncalibrated,-0.19364429,-0.22418754,-0.058643065,-0.19364429,-0.22418754,-0.058643065,3
712778603367255,2024-03-21T19:40:05.846Z,gyroscope sensor uncalibrated,-0.1704314,-0.25534168,-0.02321288,-0.1704314,-0.25534168,-0.02321288,3
712778613365988,2024-03-21T19:40:05.857Z,gyroscope sensor uncalibrated,-0.15577064,-0.24251351,-0.013439035,-0.15577064,-0.24251351,-0.013439035,3
712778623365421,2024-03-21T19:40:05.866Z,gyroscope sensor uncalibrated,-0.14477506,-0.16920967,-0.02565634,-0.14477506,-0.16920967,-0.02565634,3
712778633363621,2024-03-21T19:40:05.877Z,gyroscope sensor uncalibrated,-0.14966199,-0.059864793,-0.050701816,-0.14966199,-0.059864793,-0.050701816,3
712778643362521,2024-03-21T19:40:05.886Z,gyroscope sensor uncalibrated,-0.17715092,0.025045475,-0.09712757,-0.17715092,0.025045475,-0.09712757,3
712778653361354,2024-03-21T19:40:05.897Z,gyroscope sensor uncalibrated,-0.21502456,0.07696902,-0.16432275,-0.21502456,0.07696902,-0.16432275,3
712778663360187,2024-03-21T19:40:05.907Z,gyroscope sensor uncalibrated,-0.22357668,0.093462385,-0.204029,-0.22357668,0.093462385,-0.204029,3
712778673358320,2024-03-21T19:40:05.917Z,gyroscope sensor uncalibrated,-0.20097467,0.09162979,-0.18325958,-0.20097467,0.09162979,-0.18325958,3
712778683357086,2024-03-21T19:40:05.926Z,gyroscope sensor uncalibrated,-0.16249016,0.09773844,-0.10629055,-0.16249016,0.09773844,-0.10629055,3
712778693355886,2024-03-21T19:40:05.936Z,gyroscope sensor uncalibrated,-0.10751228,0.043982297,0.023823744,-0.10751228,0.043982297,0.023823744,3
712778703354619,2024-03-21T19:40:05.947Z,gyroscope sensor uncalibrated,-0.03359759,-0.064751714,0.2125811,-0.03359759,-0.064751714,0.2125811,3
712778713353352,2024-03-21T19:40:05.957Z,gyroscope sensor uncalibrated,0.05375614,-0.13255776,0.38912117,0.05375614,-0.13255776,0.38912117,3
712778723352085,2024-03-21T19:40:05.967Z,gyroscope sensor uncalibrated,0.112399206,-0.18875736,0.5290093,0.112399206,-0.18875736,0.5290093,3
712778733350818,2024-03-21T19:40:05.977Z,gyroscope sensor uncalibrated,0.15210545,-0.30115658,0.63224554,0.15210545,-0.30115658,0.63224554,3
712778743348851,2024-03-21T19:40:05.986Z,gyroscope sensor uncalibrated,0.17531833,-0.38362336,0.6603453,0.17531833,-0.38362336,0.6603453,3
712778753346951,2024-03-21T19:40:05.997Z,gyroscope sensor uncalibrated,0.17531833,-0.36774087,0.6096435,0.17531833,-0.36774087,0.6096435,3
712778763345651,2024-03-21T19:40:06.007Z,gyroscope sensor uncalibrated,0.12644911,-0.21135938,0.5534439,0.12644911,-0.21135938,0.5534439,3
712778773344417,2024-03-21T19:40:06.016Z,gyroscope sensor uncalibrated,-0.032986723,0.21563543,0.44959682,-0.032986723,0.21563543,0.44959682,3
712778783343183,2024-03-21T19:40:06.027Z,gyroscope sensor uncalibrated,-0.23151793,0.49602258,0.36041048,-0.23151793,0.49602258,0.36041048,3
712778793341883,2024-03-21T19:40:06.037Z,gyroscope sensor uncalibrated,-0.4550946,0.5021312,0.16798794,-0.4550946,0.5021312,0.16798794,3
712778803340649,2024-03-21T19:40:06.046Z,gyroscope sensor uncalibrated,-0.52412236,0.3921755,-0.03176499,-0.52412236,0.3921755,-0.03176499,3
712778813339415,2024-03-21T19:40:06.057Z,gyroscope sensor uncalibrated,-0.47708577,0.21746802,-0.10629055,-0.47708577,0.21746802,-0.10629055,3
712778823338115,2024-03-21T19:40:06.066Z,gyroscope sensor uncalibrated,-0.36651915,0.051923547,-0.035430185,-0.36651915,0.051923547,-0.035430185,3
712778833336881,2024-03-21T19:40:06.077Z,gyroscope sensor uncalibrated,-0.1685988,-0.018325957,0.18448131,-0.1685988,-0.018325957,0.18448131,3
712778843335647,2024-03-21T19:40:06.086Z,gyroscope sensor uncalibrated,0.100792766,-0.043982297,0.44165558,0.100792766,-0.043982297,0.44165558,3
712778853334913,2024-03-21T19:40:06.096Z,gyroscope sensor uncalibrated,0.28221974,-0.08368854,0.5839872,0.28221974,-0.08368854,0.5839872,3
712778863332613,2024-03-21T19:40:06.106Z,gyroscope sensor uncalibrated,0.24495697,-0.10140363,0.54733527,0.24495697,-0.10140363,0.54733527,3
712778873330446,2024-03-21T19:40:06.116Z,gyroscope sensor uncalibrated,0.07880162,-0.106901415,0.37568212,0.07880162,-0.106901415,0.37568212,3
712778883329912,2024-03-21T19:40:06.127Z,gyroscope sensor uncalibrated,-0.09468412,-0.043982297,0.10629055,-0.09468412,-0.043982297,0.10629055,3
712778893329378,2024-03-21T19:40:06.136Z,gyroscope sensor uncalibrated,-0.2938262,0.065973446,-0.1563815,-0.2938262,0.065973446,-0.1563815,3
712778903328778,2024-03-21T19:40:06.146Z,gyroscope sensor uncalibrated,-0.46609017,0.08979719,-0.3268129,-0.46609017,0.08979719,-0.3268129,3
712778913328244,2024-03-21T19:40:06.157Z,gyroscope sensor uncalibrated,-0.54061574,-0.0030543262,-0.37873647,-0.54061574,-0.0030543262,-0.37873647,3
712778923327010,2024-03-21T19:40:06.167Z,gyroscope sensor uncalibrated,-0.46181414,-0.18142697,-0.376293,-0.46181414,-0.18142697,-0.376293,3
712778933326443,2024-03-21T19:40:06.177Z,gyroscope sensor uncalibrated,-0.32925636,-0.34391713,-0.34025195,-0.32925636,-0.34391713,-0.34025195,3
712778943325209,2024-03-21T19:40:06.187Z,gyroscope sensor uncalibrated,-0.25717425,-0.45998153,-0.23884831,-0.25717425,-0.45998153,-0.23884831,3
712778953323909,2024-03-21T19:40:06.197Z,gyroscope sensor uncalibrated,-0.20586158,-0.5656612,-0.1020145,-0.20586158,-0.5656612,-0.1020145,3
712778963322009,2024-03-21T19:40:06.207Z,gyroscope sensor uncalibrated,-0.07391469,-0.66767573,0.0,-0.07391469,-0.66767573,0.0,3
712778973321475,2024-03-21T19:40:06.217Z,gyroscope sensor uncalibrated,0.07147124,-0.72143185,0.032375857,0.07147124,-0.72143185,0.032375857,3
712778983319541,2024-03-21T19:40:06.227Z,gyroscope sensor uncalibrated,0.19730948,-0.7244862,0.029932396,0.19730948,-0.7244862,0.029932396,3
712778993318941,2024-03-21T19:40:06.236Z,gyroscope sensor uncalibrated,0.27000242,-0.68661255,0.009162978,0.27000242,-0.68661255,0.009162978,3
712779003317707,2024-03-21T19:40:06.247Z,gyroscope sensor uncalibrated,0.34391713,-0.62796944,-0.02076942,0.34391713,-0.62796944,-0.02076942,3
712779013316407,2024-03-21T19:40:06.257Z,gyroscope sensor uncalibrated,0.40439278,-0.5467244,-0.055588737,0.40439278,-0.5467244,-0.055588737,3
712779023315173,2024-03-21T19:40:06.267Z,gyroscope sensor uncalibrated,0.45631635,-0.42943826,-0.052534413,0.45631635,-0.42943826,-0.052534413,3
712779033313239,2024-03-21T19:40:06.277Z,gyroscope sensor uncalibrated,0.4746423,-0.2761111,-0.017715093,0.4746423,-0.2761111,-0.017715093,3
712779043312639,2024-03-21T19:40:06.287Z,gyroscope sensor uncalibrated,0.4569272,-0.09468412,0.032375857,0.4569272,-0.09468412,0.032375857,3
712779053312039,2024-03-21T19:40:06.296Z,gyroscope sensor uncalibrated,0.4465425,0.09407325,0.0842994,0.4465425,0.09407325,0.0842994,3
712779063310772,2024-03-21T19:40:06.307Z,gyroscope sensor uncalibrated,0.44348818,0.27855456,0.11362094,0.44348818,0.27855456,0.11362094,3
712779073309438,2024-03-21T19:40:06.317Z,gyroscope sensor uncalibrated,0.42088616,0.44776422,0.11484267,0.42088616,0.44776422,0.11484267,3
712779083308171,2024-03-21T19:40:06.327Z,gyroscope sensor uncalibrated,0.36896262,0.58276546,0.08002335,0.36896262,0.58276546,0.08002335,3
712779093306904,2024-03-21T19:40:06.336Z,gyroscope sensor uncalibrated,0.3231477,0.68477994,0.031154128,0.3231477,0.68477994,0.031154128,3
712779103305637,2024-03-21T19:40:06.347Z,gyroscope sensor uncalibrated,0.30909783,0.75319684,0.0018325958,0.30909783,0.75319684,0.0018325958,3
712779113304370,2024-03-21T19:40:06.356Z,gyroscope sensor uncalibrated,0.3200934,0.77824235,0.03176499,0.3200934,0.77824235,0.03176499,3
712779123303103,2024-03-21T19:40:06.367Z,gyroscope sensor uncalibrated,0.3549127,0.76174897,0.12034045,0.3549127,0.76174897,0.12034045,3
712779133301836,2024-03-21T19:40:06.377Z,gyroscope sensor uncalibrated,0.3885103,0.711658,0.23273966,0.3885103,0.711658,0.23273966,3
712779143300569,2024-03-21T19:40:06.386Z,gyroscope sensor uncalibrated,0.40439278,0.6817256,0.31703907,0.40439278,0.6817256,0.31703907,3
712779153298735,2024-03-21T19:40:06.396Z,gyroscope sensor uncalibrated,0.45814893,0.711658,0.34391713,0.45814893,0.711658,0.34391713,3
712779163298201,2024-03-21T19:40:06.407Z,gyroscope sensor uncalibrated,0.5876524,0.79534656,0.30482176,0.5876524,0.79534656,0.30482176,3
712779173297901,2024-03-21T19:40:06.416Z,gyroscope sensor uncalibrated,0.74464476,0.79168135,0.21563543,0.74464476,0.79168135,0.21563543,3
712779183296601,2024-03-21T19:40:06.426Z,gyroscope sensor uncalibrated,0.75625116,0.59620446,0.116675265,0.75625116,0.59620446,0.116675265,3
712779193295367,2024-03-21T19:40:06.436Z,gyroscope sensor uncalibrated,0.61819565,0.3481932,0.012217305,0.61819565,0.3481932,0.012217305,3
712779203294133,2024-03-21T19:40:06.447Z,gyroscope sensor uncalibrated,0.43004912,0.036651913,-0.14844026,0.43004912,0.036651913,-0.14844026,3
712779213292533,2024-03-21T19:40:06.457Z,gyroscope sensor uncalibrated,0.376293,-0.12339478,-0.2144137,0.376293,-0.12339478,-0.2144137,3
712779223290599,2024-03-21T19:40:06.467Z,gyroscope sensor uncalibrated,0.3817908,-0.24495697,-0.23518312,0.3817908,-0.24495697,-0.23518312,3
712779233289365,2024-03-21T19:40:06.476Z,gyroscope sensor uncalibrated,0.3811799,-0.35308012,-0.2180789,0.3811799,-0.35308012,-0.2180789,3
712779243288131,2024-03-21T19:40:06.486Z,gyroscope sensor uncalibrated,0.3323107,-0.49602258,-0.17959438,0.3323107,-0.49602258,-0.17959438,3
712779253286964,2024-03-21T19:40:06.496Z,gyroscope sensor uncalibrated,0.27916542,-0.7318166,-0.13744467,0.27916542,-0.7318166,-0.13744467,3
712779263286364,2024-03-21T19:40:06.506Z,gyroscope sensor uncalibrated,0.27000242,-1.0647382,-0.087964594,0.27000242,-1.0647382,-0.087964594,3
712779273284430,2024-03-21T19:40:06.517Z,gyroscope sensor uncalibrated,0.31398472,-1.3182472,-0.027488936,0.31398472,-1.3182472,-0.027488936,3
712779283283896,2024-03-21T19:40:06.527Z,gyroscope sensor uncalibrated,0.43066,-1.409877,0.026267206,0.43066,-1.409877,0.026267206,3
712779293281962,2024-03-21T19:40:06.536Z,gyroscope sensor uncalibrated,0.548557,-1.3652838,0.04642576,0.548557,-1.3652838,0.04642576,3
712779303280728,2024-03-21T19:40:06.547Z,gyroscope sensor uncalibrated,0.625526,-1.1026118,-0.023823744,0.625526,-1.1026118,-0.023823744,3
712779313279494,2024-03-21T19:40:06.556Z,gyroscope sensor uncalibrated,0.6542367,-0.70371675,-0.17837265,0.6542367,-0.70371675,-0.17837265,3
712779323278194,2024-03-21T19:40:06.566Z,gyroscope sensor uncalibrated,0.602924,-0.4728097,-0.30543262,0.602924,-0.4728097,-0.30543262,3
712779333277660,2024-03-21T19:40:06.577Z,gyroscope sensor uncalibrated,0.44776422,-0.35308012,-0.37323865,0.44776422,-0.35308012,-0.37323865,3
712779343276426,2024-03-21T19:40:06.586Z,gyroscope sensor uncalibrated,0.24251351,-0.051923547,-0.46303585,0.24251351,-0.051923547,-0.46303585,3
712779353275192,2024-03-21T19:40:06.597Z,gyroscope sensor uncalibrated,0.073303826,0.45265114,-0.6078109,0.073303826,0.45265114,-0.6078109,3
712779363273958,2024-03-21T19:40:06.606Z,gyroscope sensor uncalibrated,0.031154128,0.87964594,-0.68844515,0.031154128,0.87964594,-0.68844515,3
712779373272724,2024-03-21T19:40:06.616Z,gyroscope sensor uncalibrated,0.24007004,1.0928379,-0.571159,0.24007004,1.0928379,-0.571159,3
712779383271490,2024-03-21T19:40:06.626Z,gyroscope sensor uncalibrated,0.52778757,1.2437216,-0.25534168,0.52778757,1.2437216,-0.25534168,3
712779393270256,2024-03-21T19:40:06.637Z,gyroscope sensor uncalibrated,0.6872234,1.4294246,0.15271631,0.6872234,1.4294246,0.15271631,3
712779403268989,2024-03-21T19:40:06.646Z,gyroscope sensor uncalibrated,0.8723156,1.5613716,0.54244834,0.8723156,1.5613716,0.54244834,3
712779413267789,2024-03-21T19:40:06.657Z,gyroscope sensor uncalibrated,0.8014552,1.2211196,0.93401295,0.8014552,1.2211196,0.93401295,3
712779423266689,2024-03-21T19:40:06.667Z,gyroscope sensor uncalibrated,0.59437186,0.7360926,0.91324353,0.59437186,0.7360926,0.91324353,3
712779433265589,2024-03-21T19:40:06.677Z,gyroscope sensor uncalibrated,0.44043383,0.28038713,0.68477994,0.44043383,0.28038713,0.68477994,3
712779443264555,2024-03-21T19:40:06.686Z,gyroscope sensor uncalibrated,0.26633725,-0.14721853,0.37140608,0.26633725,-0.14721853,0.37140608,3
712779453263555,2024-03-21T19:40:06.697Z,gyroscope sensor uncalibrated,-0.042760566,-0.4392121,0.10445796,-0.042760566,-0.4392121,0.10445796,3
712779463262555,2024-03-21T19:40:06.707Z,gyroscope sensor uncalibrated,-0.37018433,-0.5516113,-0.12217305,-0.37018433,-0.5516113,-0.12217305,3
712779473261555,2024-03-21T19:40:06.716Z,gyroscope sensor uncalibrated,-0.6151413,-0.57604593,-0.26450464,-0.6151413,-0.57604593,-0.26450464,3
712779483260621,2024-03-21T19:40:06.726Z,gyroscope sensor uncalibrated,-0.6035349,-0.6933321,-0.37690386,-0.6035349,-0.6933321,-0.37690386,3
712779493259687,2024-03-21T19:40:06.737Z,gyroscope sensor uncalibrated,-0.17531833,-0.77396625,-0.37507126,-0.17531833,-0.77396625,-0.37507126,3
712779503258753,2024-03-21T19:40:06.747Z,gyroscope sensor uncalibrated,0.00061086525,-0.57910025,-0.25411993,0.00061086525,-0.57910025,-0.25411993,3
712779513258119,2024-03-21T19:40:06.756Z,gyroscope sensor uncalibrated,-0.09896017,-0.23090707,-0.06658431,-0.09896017,-0.23090707,-0.06658431,3
712779523257885,2024-03-21T19:40:06.767Z,gyroscope sensor uncalibrated,-0.12705997,0.14782938,0.07696902,-0.12705997,0.14782938,0.07696902,3
712779533257085,2024-03-21T19:40:06.777Z,gyroscope sensor uncalibrated,-0.016493361,0.47525316,0.12095132,-0.016493361,0.47525316,0.12095132,3
712779543256085,2024-03-21T19:40:06.787Z,gyroscope sensor uncalibrated,0.05497787,0.74220127,0.13439035,0.05497787,0.74220127,0.13439035,3
712779553255151,2024-03-21T19:40:06.797Z,gyroscope sensor uncalibrated,-0.00061086525,0.93401295,0.18387043,-0.00061086525,0.93401295,0.18387043,3
712779563254217,2024-03-21T19:40:06.807Z,gyroscope sensor uncalibrated,-0.1600467,1.0195341,0.20525073,-0.1600467,1.0195341,0.20525073,3
712779573253917,2024-03-21T19:40:06.817Z,gyroscope sensor uncalibrated,-0.24251351,0.9737192,0.16615535,-0.24251351,0.9737192,0.16615535,3
712779583252983,2024-03-21T19:40:06.826Z,gyroscope sensor uncalibrated,-0.2773328,0.87109387,0.09040806,-0.2773328,0.87109387,0.09040806,3
712779593252049,2024-03-21T19:40:06.837Z,gyroscope sensor uncalibrated,-0.3567453,0.7684685,0.012217305,-0.3567453,0.7684685,0.012217305,3
712779603251115,2024-03-21T19:40:06.846Z,gyroscope sensor uncalibrated,-0.44532076,0.68844515,-0.06719518,-0.44532076,0.68844515,-0.06719518,3
712779613250181,2024-03-21T19:40:06.856Z,gyroscope sensor uncalibrated,-0.5112942,0.61758476,-0.1423316,-0.5112942,0.61758476,-0.1423316,3
712779623249247,2024-03-21T19:40:06.866Z,gyroscope sensor uncalibrated,-0.5516113,0.46914452,-0.204029,-0.5516113,0.46914452,-0.204029,3
712779633248313,2024-03-21T19:40:06.876Z,gyroscope sensor uncalibrated,-0.5674938,0.4092797,-0.20097467,-0.5674938,0.4092797,-0.20097467,3
712779643246679,2024-03-21T19:40:06.887Z,gyroscope sensor uncalibrated,-0.56138515,0.36835176,-0.17654006,-0.56138515,0.36835176,-0.17654006,3
712779653245679,2024-03-21T19:40:06.896Z,gyroscope sensor uncalibrated,-0.5296202,0.34208453,-0.14294247,-0.5296202,0.34208453,-0.14294247,3
712779663244745,2024-03-21T19:40:06.906Z,gyroscope sensor uncalibrated,-0.49418998,0.37751472,-0.12583824,-0.49418998,0.37751472,-0.12583824,3
712779673243811,2024-03-21T19:40:06.916Z,gyroscope sensor uncalibrated,-0.48197266,0.42760566,-0.12217305,-0.48197266,0.42760566,-0.12217305,3
712779683242811,2024-03-21T19:40:06.926Z,gyroscope sensor uncalibrated,-0.47952923,0.42332962,-0.087964594,-0.47952923,0.42332962,-0.087964594,3
712779693241877,2024-03-21T19:40:06.937Z,gyroscope sensor uncalibrated,-0.43371433,0.37690386,-0.007941248,-0.43371433,0.37690386,-0.007941248,3
712779703240910,2024-03-21T19:40:06.947Z,gyroscope sensor uncalibrated,-0.3481932,0.32070425,0.11362094,-0.3481932,0.32070425,0.11362094,3
712779713239943,2024-03-21T19:40:06.956Z,gyroscope sensor uncalibrated,-0.28527406,0.24678956,0.25350907,-0.28527406,0.24678956,0.25350907,3
712779723238409,2024-03-21T19:40:06.967Z,gyroscope sensor uncalibrated,-0.23762658,0.17165314,0.4007276,-0.23762658,0.17165314,0.4007276,3
712779733237275,2024-03-21T19:40:06.977Z,gyroscope sensor uncalibrated,-0.17654006,0.08857546,0.5174029,-0.17654006,0.08857546,0.5174029,3
712779743236141,2024-03-21T19:40:06.986Z,gyroscope sensor uncalibrated,-0.1160644,-0.054367006,0.57910025,-0.1160644,-0.054367006,0.57910025,3
712779753234974,2024-03-21T19:40:06.996Z,gyroscope sensor uncalibrated,-0.07819075,-0.25228736,0.6017023,-0.07819075,-0.25228736,0.6017023,3
712779763233740,2024-03-21T19:40:07.007Z,gyroscope sensor uncalibrated,-0.05131268,-0.49602258,0.6206391,-0.05131268,-0.49602258,0.6206391,3
712779773232540,2024-03-21T19:40:07.017Z,gyroscope sensor uncalibrated,-0.02321288,-0.72204274,0.6542367,-0.02321288,-0.72204274,0.6542367,3
712779783231273,2024-03-21T19:40:07.027Z,gyroscope sensor uncalibrated,0.002443461,-0.829555,0.70188415,0.002443461,-0.829555,0.70188415,3
712779793229939,2024-03-21T19:40:07.037Z,gyroscope sensor uncalibrated,0.002443461,-0.7849618,0.7281514,0.002443461,-0.7849618,0.7281514,3
712779803228672,2024-03-21T19:40:07.047Z,gyroscope sensor uncalibrated,-0.027488936,-0.61391956,0.71776664,-0.027488936,-0.61391956,0.71776664,3
712779813227405,2024-03-21T19:40:07.057Z,gyroscope sensor uncalibrated,-0.061086524,-0.37751472,0.68416905,-0.061086524,-0.37751472,0.68416905,3
712779823226071,2024-03-21T19:40:07.066Z,gyroscope sensor uncalibrated,-0.10140363,-0.15943582,0.6377433,-0.10140363,-0.15943582,0.6377433,3
712779833224671,2024-03-21T19:40:07.076Z,gyroscope sensor uncalibrated,-0.13805555,0.015882496,0.59681535,-0.13805555,0.015882496,0.59681535,3
712779843223404,2024-03-21T19:40:07.087Z,gyroscope sensor uncalibrated,-0.1600467,0.22602014,0.5821546,-0.1600467,0.22602014,0.5821546,3
712779853222137,2024-03-21T19:40:07.097Z,gyroscope sensor uncalibrated,-0.17470746,0.2724459,0.5888741,-0.17470746,0.2724459,0.5888741,3
712779863220537,2024-03-21T19:40:07.107Z,gyroscope sensor uncalibrated,-0.14294247,0.30787608,0.5308419,-0.14294247,0.30787608,0.5308419,3
712779873219303,2024-03-21T19:40:07.116Z,gyroscope sensor uncalibrated,-0.07391469,0.43554693,0.44715336,-0.07391469,0.43554693,0.44715336,3
712779883218069,2024-03-21T19:40:07.126Z,gyroscope sensor uncalibrated,-0.053145275,0.54367006,0.34330627,-0.053145275,0.54367006,0.34330627,3
712779893216835,2024-03-21T19:40:07.137Z,gyroscope sensor uncalibrated,-0.089186326,0.5119051,0.18570304,-0.089186326,0.5119051,0.18570304,3
712779903215535,2024-03-21T19:40:07.147Z,gyroscope sensor uncalibrated,-0.09162979,0.3213151,0.013439035,-0.09162979,0.3213151,0.013439035,3
712779913214301,2024-03-21T19:40:07.157Z,gyroscope sensor uncalibrated,-0.06658431,0.093462385,-0.09162979,-0.06658431,0.093462385,-0.09162979,3
712779923213067,2024-03-21T19:40:07.166Z,gyroscope sensor uncalibrated,-0.021380283,-0.13622294,-0.12034045,-0.021380283,-0.13622294,-0.12034045,3
712779933211067,2024-03-21T19:40:07.176Z,gyroscope sensor uncalibrated,0.007330383,-0.27000242,-0.0983493,0.007330383,-0.27000242,-0.0983493,3
712779943210533,2024-03-21T19:40:07.186Z,gyroscope sensor uncalibrated,-0.0036651916,-0.35613444,-0.077579886,-0.0036651916,-0.35613444,-0.077579886,3
712779953209299,2024-03-21T19:40:07.196Z,gyroscope sensor uncalibrated,-0.019547688,-0.4465425,-0.08307768,-0.019547688,-0.4465425,-0.08307768,3
712739978946547,2024-03-21T19:39:27.221Z,uncalibrated magnetic sensor,271.02,-9.9,-230.87999,271.02,-9.9,-230.87999,3
712739998946547,2024-03-21T19:39:27.241Z,uncalibrated magnetic sensor,270.84,-9.179999,-230.58,270.84,-9.179999,-230.58,3
712740018946547,2024-03-21T19:39:27.261Z,uncalibrated magnetic sensor,270.78,-9.0,-229.86,270.78,-9.0,-229.86,3
712740038946580,2024-03-21T19:39:27.281Z,uncalibrated magnetic sensor,270.78,-9.54,-229.37999,270.78,-9.54,-229.37999,3
712740058946546,2024-03-21T19:39:27.302Z,uncalibrated magnetic sensor,270.36,-10.139999,-228.72,270.36,-10.139999,-228.72,3
712740078946579,2024-03-21T19:39:27.322Z,uncalibrated magnetic sensor,270.66,-10.32,-229.31999,270.66,-10.32,-229.31999,3
712740098946545,2024-03-21T19:39:27.342Z,uncalibrated magnetic sensor,270.9,-10.08,-229.92,270.9,-10.08,-229.92,3
712740118946578,2024-03-21T19:39:27.362Z,uncalibrated magnetic sensor,270.12,-10.5,-229.56,270.12,-10.5,-229.56,3
712740138946578,2024-03-21T19:39:27.382Z,uncalibrated magnetic sensor,270.06,-10.8,-229.31999,270.06,-10.8,-229.31999,3
712740158946544,2024-03-21T19:39:27.401Z,uncalibrated magnetic sensor,270.41998,-10.2,-229.44,270.41998,-10.2,-229.44,3
712740178946544,2024-03-21T19:39:27.422Z,uncalibrated magnetic sensor,270.36,-10.62,-229.08,270.36,-10.62,-229.08,3
712740198946544,2024-03-21T19:39:27.441Z,uncalibrated magnetic sensor,270.18,-11.16,-229.01999,270.18,-11.16,-229.01999,3
712740218946544,2024-03-21T19:39:27.462Z,uncalibrated magnetic sensor,270.72,-10.74,-229.26,270.72,-10.74,-229.26,3
712740238946577,2024-03-21T19:39:27.482Z,uncalibrated magnetic sensor,270.66,-11.04,-229.08,270.66,-11.04,-229.08,3
712740258946543,2024-03-21T19:39:27.502Z,uncalibrated magnetic sensor,270.12,-11.16,-229.2,270.12,-11.16,-229.2,3
712740278946576,2024-03-21T19:39:27.522Z,uncalibrated magnetic sensor,270.18,-11.4,-229.31999,270.18,-11.4,-229.31999,3
712740298946576,2024-03-21T19:39:27.542Z,uncalibrated magnetic sensor,270.41998,-11.5199995,-229.2,270.41998,-11.5199995,-229.2,3
712740318946542,2024-03-21T19:39:27.562Z,uncalibrated magnetic sensor,270.9,-10.2,-228.48,270.9,-10.2,-228.48,3
712740338947275,2024-03-21T19:39:27.582Z,uncalibrated magnetic sensor,270.84,-9.84,-228.48,270.84,-9.84,-228.48,3
712740358947375,2024-03-21T19:39:27.601Z,uncalibrated magnetic sensor,270.24,-11.28,-228.84,270.24,-11.28,-228.84,3
712740378947375,2024-03-21T19:39:27.622Z,uncalibrated magnetic sensor,270.41998,-11.5199995,-229.31999,270.41998,-11.5199995,-229.31999,3
712740398947408,2024-03-21T19:39:27.642Z,uncalibrated magnetic sensor,270.3,-11.099999,-229.68,270.3,-11.099999,-229.68,3
712740418947374,2024-03-21T19:39:27.661Z,uncalibrated magnetic sensor,269.69998,-11.7,-229.44,269.69998,-11.7,-229.44,3
712740438947407,2024-03-21T19:39:27.681Z,uncalibrated magnetic sensor,269.52,-12.24,-230.04,269.52,-12.24,-230.04,3
712740458947407,2024-03-21T19:39:27.701Z,uncalibrated magnetic sensor,269.52,-12.96,-230.04,269.52,-12.96,-230.04,3
712740478947373,2024-03-21T19:39:27.722Z,uncalibrated magnetic sensor,269.88,-12.24,-229.31999,269.88,-12.24,-229.31999,3
712740498947406,2024-03-21T19:39:27.741Z,uncalibrated magnetic sensor,269.4,-10.86,-229.31999,269.4,-10.86,-229.31999,3
712740518947372,2024-03-21T19:39:27.762Z,uncalibrated magnetic sensor,268.97998,-11.099999,-229.31999,268.97998,-11.099999,-229.31999,3
712740538947372,2024-03-21T19:39:27.781Z,uncalibrated magnetic sensor,269.34,-12.059999,-229.73999,269.34,-12.059999,-229.73999,3
712740558947372,2024-03-21T19:39:27.801Z,uncalibrated magnetic sensor,269.16,-12.12,-229.92,269.16,-12.12,-229.92,3
712740578947372,2024-03-21T19:39:27.821Z,uncalibrated magnetic sensor,269.04,-12.059999,-230.45999,269.04,-12.059999,-230.45999,3
712740598947405,2024-03-21T19:39:27.842Z,uncalibrated magnetic sensor,268.86,-11.88,-231.29999,268.86,-11.88,-231.29999,3
712740618947405,2024-03-21T19:39:27.862Z,uncalibrated magnetic sensor,269.04,-11.28,-231.18,269.04,-11.28,-231.18,3
712740638947371,2024-03-21T19:39:27.881Z,uncalibrated magnetic sensor,269.58,-11.16,-231.18,269.58,-11.16,-231.18,3
712740658947404,2024-03-21T19:39:27.902Z,uncalibrated magnetic sensor,269.52,-10.559999,-231.42,269.52,-10.559999,-231.42,3
712740678947370,2024-03-21T19:39:27.922Z,uncalibrated magnetic sensor,269.58,-10.0199995,-231.18,269.58,-10.0199995,-231.18,3
712740698947403,2024-03-21T19:39:27.942Z,uncalibrated magnetic sensor,269.82,-10.38,-231.0,269.82,-10.38,-231.0,3
712740718947369,2024-03-21T19:39:27.962Z,uncalibrated magnetic sensor,270.12,-11.099999,-230.87999,270.12,-11.099999,-230.87999,3
712740738947369,2024-03-21T19:39:27.981Z,uncalibrated magnetic sensor,270.54,-10.38,-231.06,270.54,-10.38,-231.06,3
712740758946669,2024-03-21T19:39:28.001Z,uncalibrated magnetic sensor,270.6,-10.62,-231.06,270.6,-10.62,-231.06,3
712740778946669,2024-03-21T19:39:28.021Z,uncalibrated magnetic sensor,270.6,-11.94,-230.76,270.6,-11.94,-230.76,3
712740798946235,2024-03-21T19:39:28.042Z,uncalibrated magnetic sensor,270.47998,-11.34,-230.76,270.47998,-11.34,-230.76,3
712740818945568,2024-03-21T19:39:28.061Z,uncalibrated magnetic sensor,270.24,-11.58,-231.29999,270.24,-11.58,-231.29999,3
712740838944834,2024-03-21T19:39:28.081Z,uncalibrated magnetic sensor,270.47998,-12.12,-230.81999,270.47998,-12.12,-230.81999,3
712740858944867,2024-03-21T19:39:28.102Z,uncalibrated magnetic sensor,270.9,-12.179999,-229.79999,270.9,-12.179999,-229.79999,3
712740878944833,2024-03-21T19:39:28.121Z,uncalibrated magnetic sensor,270.72,-12.24,-230.28,270.72,-12.24,-230.28,3
712740898944833,2024-03-21T19:39:28.142Z,uncalibrated magnetic sensor,270.3,-12.42,-230.28,270.3,-12.42,-230.28,3
712740918944833,2024-03-21T19:39:28.161Z,uncalibrated magnetic sensor,270.6,-12.42,-229.31999,270.6,-12.42,-229.31999,3
712740938944799,2024-03-21T19:39:28.182Z,uncalibrated magnetic sensor,270.6,-12.059999,-229.14,270.6,-12.059999,-229.14,3
712740958944799,2024-03-21T19:39:28.202Z,uncalibrated magnetic sensor,270.6,-12.3,-229.62,270.6,-12.3,-229.62,3
712740978944799,2024-03-21T19:39:28.221Z,uncalibrated magnetic sensor,271.25998,-12.12,-229.56,271.25998,-12.12,-229.56,3
712740998944765,2024-03-21T19:39:28.242Z,uncalibrated magnetic sensor,271.08,-11.94,-230.28,271.08,-11.94,-230.28,3
712741018944798,2024-03-21T19:39:28.262Z,uncalibrated magnetic sensor,270.78,-11.88,-230.87999,270.78,-11.88,-230.87999,3
712741038944764,2024-03-21T19:39:28.282Z,uncalibrated magnetic sensor,270.9,-11.16,-230.51999,270.9,-11.16,-230.51999,3
712741058944797,2024-03-21T19:39:28.301Z,uncalibrated magnetic sensor,270.84,-10.86,-230.28,270.84,-10.86,-230.28,3
712741078944797,2024-03-21T19:39:28.322Z,uncalibrated magnetic sensor,271.5,-11.46,-231.12,271.5,-11.46,-231.12,3
712741098944763,2024-03-21T19:39:28.342Z,uncalibrated magnetic sensor,272.22,-10.98,-231.84,272.22,-10.98,-231.84,3
712741118944796,2024-03-21T19:39:28.362Z,uncalibrated magnetic sensor,272.22,-10.74,-231.23999,272.22,-10.74,-231.23999,3
712741138944796,2024-03-21T19:39:28.382Z,uncalibrated magnetic sensor,271.19998,-12.0,-230.28,271.19998,-12.0,-230.28,3
712741158944796,2024-03-21T19:39:28.402Z,uncalibrated magnetic sensor,270.72,-12.42,-230.15999,270.72,-12.42,-230.15999,3
712741178944829,2024-03-21T19:39:28.422Z,uncalibrated magnetic sensor,270.6,-13.08,-230.45999,270.6,-13.08,-230.45999,3
712741198944795,2024-03-21T19:39:28.442Z,uncalibrated magnetic sensor,269.58,-13.0199995,-230.81999,269.58,-13.0199995,-230.81999,3
712741218944828,2024-03-21T19:39:28.461Z,uncalibrated magnetic sensor,270.0,-12.36,-231.36,270.0,-12.36,-231.36,3
712741238944828,2024-03-21T19:39:28.481Z,uncalibrated magnetic sensor,270.47998,-12.0,-231.42,270.47998,-12.0,-231.42,3
712741258944794,2024-03-21T19:39:28.501Z,uncalibrated magnetic sensor,270.54,-12.12,-231.23999,270.54,-12.12,-231.23999,3
712741278944827,2024-03-21T19:39:28.521Z,uncalibrated magnetic sensor,270.47998,-13.259999,-230.34,270.47998,-13.259999,-230.34,3
712741298944793,2024-03-21T19:39:28.541Z,uncalibrated magnetic sensor,269.94,-13.559999,-230.15999,269.94,-13.559999,-230.15999,3
712741318944793,2024-03-21T19:39:28.562Z,uncalibrated magnetic sensor,270.06,-13.44,-230.22,270.06,-13.44,-230.22,3
712741338944793,2024-03-21T19:39:28.581Z,uncalibrated magnetic sensor,270.18,-13.2,-229.92,270.18,-13.2,-229.92,3
712741358945493,2024-03-21T19:39:28.601Z,uncalibrated magnetic sensor,270.6,-13.139999,-229.56,270.6,-13.139999,-229.56,3
712741378945526,2024-03-21T19:39:28.621Z,uncalibrated magnetic sensor,271.13998,-13.32,-228.84,271.13998,-13.32,-228.84,3
712741398945959,2024-03-21T19:39:28.642Z,uncalibrated magnetic sensor,270.96,-13.5,-229.62,270.96,-13.5,-229.62,3
712741418946625,2024-03-21T19:39:28.662Z,uncalibrated magnetic sensor,270.9,-13.74,-230.22,270.9,-13.74,-230.22,3
712741438947358,2024-03-21T19:39:28.681Z,uncalibrated magnetic sensor,270.6,-13.92,-229.73999,270.6,-13.92,-229.73999,3
712741458947324,2024-03-21T19:39:28.702Z,uncalibrated magnetic sensor,270.78,-13.74,-230.15999,270.78,-13.74,-230.15999,3
712741478947357,2024-03-21T19:39:28.721Z,uncalibrated magnetic sensor,270.84,-14.58,-231.0,270.84,-14.58,-231.0,3
712741498947357,2024-03-21T19:39:28.742Z,uncalibrated magnetic sensor,270.12,-15.179999,-231.29999,270.12,-15.179999,-231.29999,3
712741518947357,2024-03-21T19:39:28.762Z,uncalibrated magnetic sensor,270.66,-14.88,-231.65999,270.66,-14.88,-231.65999,3
712741538947390,2024-03-21T19:39:28.782Z,uncalibrated magnetic sensor,271.32,-14.759999,-231.54,271.32,-14.759999,-231.54,3
712741558947390,2024-03-21T19:39:28.802Z,uncalibrated magnetic sensor,270.54,-15.719999,-231.65999,270.54,-15.719999,-231.65999,3
712741578947390,2024-03-21T19:39:28.821Z,uncalibrated magnetic sensor,270.41998,-16.08,-231.95999,270.41998,-16.08,-231.95999,3
712741598947423,2024-03-21T19:39:28.841Z,uncalibrated magnetic sensor,270.41998,-15.24,-232.26,270.41998,-15.24,-232.26,3
712741618947389,2024-03-21T19:39:28.862Z,uncalibrated magnetic sensor,270.0,-15.179999,-231.9,270.0,-15.179999,-231.9,3
712741638947422,2024-03-21T19:39:28.881Z,uncalibrated magnetic sensor,269.69998,-15.719999,-231.29999,269.69998,-15.719999,-231.29999,3
712741658947388,2024-03-21T19:39:28.901Z,uncalibrated magnetic sensor,270.0,-15.599999,-232.08,270.0,-15.599999,-232.08,3
712741678947388,2024-03-21T19:39:28.921Z,uncalibrated magnetic sensor,271.08,-15.48,-232.62,271.08,-15.48,-232.62,3
712741698947388,2024-03-21T19:39:28.941Z,uncalibrated magnetic sensor,271.32,-16.02,-232.98,271.32,-16.02,-232.98,3
712741718947354,2024-03-21T19:39:28.962Z,uncalibrated magnetic sensor,270.66,-15.299999,-233.51999,270.66,-15.299999,-233.51999,3
712741738946654,2024-03-21T19:39:28.981Z,uncalibrated magnetic sensor,270.06,-14.94,-233.51999,270.06,-14.94,-233.51999,3
712741758946654,2024-03-21T19:39:29.001Z,uncalibrated magnetic sensor,270.18,-15.12,-233.81999,270.18,-15.12,-233.81999,3
712741778946620,2024-03-21T19:39:29.022Z,uncalibrated magnetic sensor,269.52,-15.059999,-234.59999,269.52,-15.059999,-234.59999,3
712741798946220,2024-03-21T19:39:29.041Z,uncalibrated magnetic sensor,268.91998,-15.42,-234.42,268.91998,-15.42,-234.42,3
712741818946186,2024-03-21T19:39:29.061Z,uncalibrated magnetic sensor,269.52,-16.02,-233.93999,269.52,-16.02,-233.93999,3
712741838946219,2024-03-21T19:39:29.082Z,uncalibrated magnetic sensor,269.82,-16.8,-233.93999,269.82,-16.8,-233.93999,3
712741858946219,2024-03-21T19:39:29.101Z,uncalibrated magnetic sensor,269.82,-16.68,-233.45999,269.82,-16.68,-233.45999,3
712741878945485,2024-03-21T19:39:29.122Z,uncalibrated magnetic sensor,269.52,-17.22,-233.09999,269.52,-17.22,-233.09999,3
712741898945485,2024-03-21T19:39:29.142Z,uncalibrated magnetic sensor,269.58,-17.58,-232.92,269.58,-17.58,-232.92,3
712741918945485,2024-03-21T19:39:29.162Z,uncalibrated magnetic sensor,269.16,-18.3,-232.68,269.16,-18.3,-232.68,3
712741938944751,2024-03-21T19:39:29.181Z,uncalibrated magnetic sensor,269.63998,-19.68,-232.56,269.63998,-19.68,-232.56,3
712741958944784,2024-03-21T19:39:29.201Z,uncalibrated magnetic sensor,271.13998,-19.8,-232.14,271.13998,-19.8,-232.14,3
712741978944750,2024-03-21T19:39:29.222Z,uncalibrated magnetic sensor,270.41998,-20.1,-232.26,270.41998,-20.1,-232.26,3
712741998944750,2024-03-21T19:39:29.241Z,uncalibrated magnetic sensor,269.1,-21.66,-231.36,269.1,-21.66,-231.36,3
712742018944750,2024-03-21T19:39:29.261Z,uncalibrated magnetic sensor,268.8,-22.5,-230.51999,268.8,-22.5,-230.51999,3
712742038944716,2024-03-21T19:39:29.281Z,uncalibrated magnetic sensor,269.16,-22.02,-230.4,269.16,-22.02,-230.4,3
712742058944716,2024-03-21T19:39:29.301Z,uncalibrated magnetic sensor,268.97998,-21.9,-230.4,268.97998,-21.9,-230.4,3
712742078944682,2024-03-21T19:39:29.322Z,uncalibrated magnetic sensor,268.62,-22.26,-230.64,268.62,-22.26,-230.64,3
712742098944682,2024-03-21T19:39:29.341Z,uncalibrated magnetic sensor,268.44,-22.74,-229.01999,268.44,-22.74,-229.01999,3
712742118944982,2024-03-21T19:39:29.362Z,uncalibrated magnetic sensor,268.32,-23.16,-228.9,268.32,-23.16,-228.9,3
712742138944948,2024-03-21T19:39:29.381Z,uncalibrated magnetic sensor,268.25998,-24.3,-229.5,268.25998,-24.3,-229.5,3
712742158944948,2024-03-21T19:39:29.401Z,uncalibrated magnetic sensor,267.84,-25.08,-228.12,267.84,-25.08,-228.12,3
712742178944948,2024-03-21T19:39:29.421Z,uncalibrated magnetic sensor,267.84,-24.779999,-226.68,267.84,-24.779999,-226.68,3
712742198944914,2024-03-21T19:39:29.442Z,uncalibrated magnetic sensor,267.6,-24.9,-225.72,267.6,-24.9,-225.72,3
712742218944914,2024-03-21T19:39:29.462Z,uncalibrated magnetic sensor,266.63998,-25.98,-225.48,266.63998,-25.98,-225.48,3
712742238944880,2024-03-21T19:39:29.482Z,uncalibrated magnetic sensor,266.28,-25.92,-224.87999,266.28,-25.92,-224.87999,3
712742258945180,2024-03-21T19:39:29.502Z,uncalibrated magnetic sensor,266.04,-24.9,-224.58,266.04,-24.9,-224.58,3
712742278945180,2024-03-21T19:39:29.522Z,uncalibrated magnetic sensor,265.74,-24.06,-224.28,265.74,-24.06,-224.28,3
712742298945180,2024-03-21T19:39:29.541Z,uncalibrated magnetic sensor,265.56,-23.58,-223.73999,265.56,-23.58,-223.73999,3
712742318945180,2024-03-21T19:39:29.562Z,uncalibrated magnetic sensor,265.02,-23.76,-223.79999,265.02,-23.76,-223.79999,3
712742338945880,2024-03-21T19:39:29.581Z,uncalibrated magnetic sensor,264.78,-24.0,-223.56,264.78,-24.0,-223.56,3
712742358945880,2024-03-21T19:39:29.601Z,uncalibrated magnetic sensor,264.78,-23.4,-222.9,264.78,-23.4,-222.9,3
712742378945880,2024-03-21T19:39:29.622Z,uncalibrated magnetic sensor,264.12,-23.1,-222.72,264.12,-23.1,-222.72,3
712742398946280,2024-03-21T19:39:29.641Z,uncalibrated magnetic sensor,264.41998,-22.26,-222.23999,264.41998,-22.26,-222.23999,3
712742418946280,2024-03-21T19:39:29.662Z,uncalibrated magnetic sensor,265.62,-21.3,-221.7,265.62,-21.3,-221.7,3
712742438946246,2024-03-21T19:39:29.681Z,uncalibrated magnetic sensor,265.32,-21.119999,-222.54,265.32,-21.119999,-222.54,3
712742458946246,2024-03-21T19:39:29.701Z,uncalibrated magnetic sensor,264.96,-20.52,-222.78,264.96,-20.52,-222.78,3
712742478946946,2024-03-21T19:39:29.721Z,uncalibrated magnetic sensor,264.78,-19.92,-221.94,264.78,-19.92,-221.94,3
712742498946946,2024-03-21T19:39:29.742Z,uncalibrated magnetic sensor,264.9,-19.439999,-221.58,264.9,-19.439999,-221.58,3
712742518946946,2024-03-21T19:39:29.761Z,uncalibrated magnetic sensor,264.84,-19.26,-222.0,264.84,-19.26,-222.0,3
712742538947679,2024-03-21T19:39:29.782Z,uncalibrated magnetic sensor,264.66,-18.6,-221.58,264.66,-18.6,-221.58,3
712742558947645,2024-03-21T19:39:29.801Z,uncalibrated magnetic sensor,264.84,-18.96,-221.28,264.84,-18.96,-221.28,3
712742578947645,2024-03-21T19:39:29.821Z,uncalibrated magnetic sensor,264.72,-19.619999,-221.81999,264.72,-19.619999,-221.81999,3
712742598947645,2024-03-21T19:39:29.842Z,uncalibrated magnetic sensor,265.02,-18.18,-222.18,265.02,-18.18,-222.18,3
712742618947911,2024-03-21T19:39:29.862Z,uncalibrated magnetic sensor,265.02,-17.16,-222.36,265.02,-17.16,-222.36,3
712742638947911,2024-03-21T19:39:29.882Z,uncalibrated magnetic sensor,265.19998,-17.22,-222.48,265.19998,-17.22,-222.48,3
712742658947911,2024-03-21T19:39:29.901Z,uncalibrated magnetic sensor,265.32,-17.76,-222.95999,265.32,-17.76,-222.95999,3
712742678947911,2024-03-21T19:39:29.921Z,uncalibrated magnetic sensor,265.38,-17.88,-223.73999,265.38,-17.88,-223.73999,3
712742698947911,2024-03-21T19:39:29.941Z,uncalibrated magnetic sensor,265.38,-17.82,-224.34,265.38,-17.82,-224.34,3
712742718947611,2024-03-21T19:39:29.962Z,uncalibrated magnetic sensor,265.32,-17.76,-224.15999,265.32,-17.76,-224.15999,3
712742738947611,2024-03-21T19:39:29.982Z,uncalibrated magnetic sensor,265.56,-16.98,-223.79999,265.56,-16.98,-223.79999,3
712742758947877,2024-03-21T19:39:30.001Z,uncalibrated magnetic sensor,266.16,-16.68,-223.79999,266.16,-16.68,-223.79999,3
712742778947877,2024-03-21T19:39:30.021Z,uncalibrated magnetic sensor,266.63998,-16.38,-223.92,266.63998,-16.38,-223.92,3
712742798947877,2024-03-21T19:39:30.042Z,uncalibrated magnetic sensor,266.28,-16.14,-224.76,266.28,-16.14,-224.76,3
712742818947877,2024-03-21T19:39:30.061Z,uncalibrated magnetic sensor,266.16,-15.719999,-225.29999,266.16,-15.719999,-225.29999,3
712742838947877,2024-03-21T19:39:30.081Z,uncalibrated magnetic sensor,266.4,-15.0,-225.59999,266.4,-15.0,-225.59999,3
712742858947577,2024-03-21T19:39:30.102Z,uncalibrated magnetic sensor,266.82,-14.4,-225.95999,266.82,-14.4,-225.95999,3
712742878947577,2024-03-21T19:39:30.121Z,uncalibrated magnetic sensor,267.12,-14.5199995,-226.5,267.12,-14.5199995,-226.5,3
712742898947577,2024-03-21T19:39:30.142Z,uncalibrated magnetic sensor,267.3,-14.58,-226.31999,267.3,-14.58,-226.31999,3
712742918947577,2024-03-21T19:39:30.161Z,uncalibrated magnetic sensor,267.96,-13.86,-226.37999,267.96,-13.86,-226.37999,3
712742938947577,2024-03-21T19:39:30.182Z,uncalibrated magnetic sensor,267.78,-13.0199995,-227.09999,267.78,-13.0199995,-227.09999,3
712742958947577,2024-03-21T19:39:30.201Z,uncalibrated magnetic sensor,267.78,-12.48,-227.28,267.78,-12.48,-227.28,3
712742978947577,2024-03-21T19:39:30.221Z,uncalibrated magnetic sensor,267.96,-13.2,-227.09999,267.96,-13.2,-227.09999,3
712742998947577,2024-03-21T19:39:30.242Z,uncalibrated magnetic sensor,267.66,-14.28,-226.56,267.66,-14.28,-226.56,3
712743018947577,2024-03-21T19:39:30.261Z,uncalibrated magnetic sensor,267.6,-13.38,-226.86,267.6,-13.38,-226.86,3
712743038947577,2024-03-21T19:39:30.282Z,uncalibrated magnetic sensor,267.6,-12.78,-226.98,267.6,-12.78,-226.98,3
712743058947577,2024-03-21T19:39:30.302Z,uncalibrated magnetic sensor,268.13998,-13.86,-226.73999,268.13998,-13.86,-226.73999,3
712743078947577,2024-03-21T19:39:30.322Z,uncalibrated magnetic sensor,268.08,-13.98,-226.62,268.08,-13.98,-226.62,3
712743098947577,2024-03-21T19:39:30.342Z,uncalibrated magnetic sensor,267.72,-13.2,-226.26,267.72,-13.2,-226.26,3
712743118947843,2024-03-21T19:39:30.362Z,uncalibrated magnetic sensor,268.08,-12.84,-226.98,268.08,-12.84,-226.98,3
712743138947843,2024-03-21T19:39:30.381Z,uncalibrated magnetic sensor,269.1,-12.059999,-227.64,269.1,-12.059999,-227.64,3
712743158947843,2024-03-21T19:39:30.401Z,uncalibrated magnetic sensor,269.58,-11.94,-227.64,269.58,-11.94,-227.64,3
712743178947843,2024-03-21T19:39:30.421Z,uncalibrated magnetic sensor,268.97998,-11.88,-227.64,268.97998,-11.88,-227.64,3
712743198947843,2024-03-21T19:39:30.442Z,uncalibrated magnetic sensor,268.86,-11.16,-228.42,268.86,-11.16,-228.42,3
712743218947576,2024-03-21T19:39:30.461Z,uncalibrated magnetic sensor,269.1,-11.7,-228.48,269.1,-11.7,-228.48,3
712743238947576,2024-03-21T19:39:30.481Z,uncalibrated magnetic sensor,269.28,-11.759999,-227.81999,269.28,-11.759999,-227.81999,3
712743258947809,2024-03-21T19:39:30.501Z,uncalibrated magnetic sensor,270.12,-10.74,-227.51999,270.12,-10.74,-227.51999,3
712743278947809,2024-03-21T19:39:30.521Z,uncalibrated magnetic sensor,270.06,-10.5,-227.28,270.06,-10.5,-227.28,3
712743298947809,2024-03-21T19:39:30.541Z,uncalibrated magnetic sensor,269.94,-10.38,-227.34,269.94,-10.38,-227.34,3
712743318947809,2024-03-21T19:39:30.561Z,uncalibrated magnetic sensor,270.41998,-10.32,-227.64,270.41998,-10.32,-227.64,3
712743338947809,2024-03-21T19:39:30.581Z,uncalibrated magnetic sensor,269.88,-10.44,-228.23999,269.88,-10.44,-228.23999,3
712743358947542,2024-03-21T19:39:30.601Z,uncalibrated magnetic sensor,269.16,-10.38,-228.54,269.16,-10.38,-228.54,3
712743378947542,2024-03-21T19:39:30.621Z,uncalibrated magnetic sensor,269.88,-11.099999,-229.62,269.88,-11.099999,-229.62,3
712743398947542,2024-03-21T19:39:30.642Z,uncalibrated magnetic sensor,270.0,-11.04,-230.15999,270.0,-11.04,-230.15999,3
712743418947542,2024-03-21T19:39:30.662Z,uncalibrated magnetic sensor,269.46,-10.08,-229.44,269.46,-10.08,-229.44,3
712743438947542,2024-03-21T19:39:30.681Z,uncalibrated magnetic sensor,269.63998,-10.0199995,-228.42,269.63998,-10.0199995,-228.42,3
712743458947542,2024-03-21T19:39:30.701Z,uncalibrated magnetic sensor,269.82,-10.38,-228.12,269.82,-10.38,-228.12,3
712743478947542,2024-03-21T19:39:30.722Z,uncalibrated magnetic sensor,270.0,-10.86,-229.31999,270.0,-10.86,-229.31999,3
712743498947542,2024-03-21T19:39:30.741Z,uncalibrated magnetic sensor,270.12,-10.8,-229.26,270.12,-10.8,-229.26,3
712743518947542,2024-03-21T19:39:30.761Z,uncalibrated magnetic sensor,270.47998,-10.2,-229.01999,270.47998,-10.2,-229.01999,3
712743538947542,2024-03-21T19:39:30.781Z,uncalibrated magnetic sensor,270.47998,-10.62,-229.37999,270.47998,-10.62,-229.37999,3
712743558947542,2024-03-21T19:39:30.801Z,uncalibrated magnetic sensor,270.41998,-10.44,-229.01999,270.41998,-10.44,-229.01999,3
712743578947542,2024-03-21T19:39:30.821Z,uncalibrated magnetic sensor,270.96,-9.84,-228.9,270.96,-9.84,-228.9,3
712743598947542,2024-03-21T19:39:30.841Z,uncalibrated magnetic sensor,270.9,-10.0199995,-228.65999,270.9,-10.0199995,-228.65999,3
712743618947808,2024-03-21T19:39:30.861Z,uncalibrated magnetic sensor,270.54,-10.2,-228.65999,270.54,-10.2,-228.65999,3
712743638947808,2024-03-21T19:39:30.881Z,uncalibrated magnetic sensor,270.9,-10.08,-228.84,270.9,-10.08,-228.84,3
712743658947808,2024-03-21T19:39:30.902Z,uncalibrated magnetic sensor,271.19998,-10.2,-229.2,271.19998,-10.2,-229.2,3
712743678947808,2024-03-21T19:39:30.921Z,uncalibrated magnetic sensor,270.84,-10.74,-229.37999,270.84,-10.74,-229.37999,3
712743698947808,2024-03-21T19:39:30.941Z,uncalibrated magnetic sensor,270.72,-10.2,-229.44,270.72,-10.2,-229.44,3
712743718947541,2024-03-21T19:39:30.961Z,uncalibrated magnetic sensor,270.12,-10.38,-229.31999,270.12,-10.38,-229.31999,3
712743738947541,2024-03-21T19:39:30.981Z,uncalibrated magnetic sensor,269.58,-11.04,-228.84,269.58,-11.04,-228.84,3
712743758947807,2024-03-21T19:39:31.001Z,uncalibrated magnetic sensor,269.82,-11.34,-229.14,269.82,-11.34,-229.14,3
712743778947807,2024-03-21T19:39:31.021Z,uncalibrated magnetic sensor,269.94,-11.219999,-228.9,269.94,-11.219999,-228.9,3
712743798947807,2024-03-21T19:39:31.042Z,uncalibrated magnetic sensor,270.36,-11.099999,-228.54,270.36,-11.099999,-228.54,3
712743818947807,2024-03-21T19:39:31.062Z,uncalibrated magnetic sensor,270.78,-11.16,-229.56,270.78,-11.16,-229.56,3
712743838947807,2024-03-21T19:39:31.082Z,uncalibrated magnetic sensor,270.66,-10.92,-229.92,270.66,-10.92,-229.92,3
712743858947573,2024-03-21T19:39:31.102Z,uncalibrated magnetic sensor,270.96,-10.679999,-229.44,270.96,-10.679999,-229.44,3
712743878947573,2024-03-21T19:39:31.121Z,uncalibrated magnetic sensor,271.02,-10.139999,-229.14,271.02,-10.139999,-229.14,3
712743898947573,2024-03-21T19:39:31.141Z,uncalibrated magnetic sensor,270.6,-10.62,-229.73999,270.6,-10.62,-229.73999,3
712743918947573,2024-03-21T19:39:31.162Z,uncalibrated magnetic sensor,270.78,-10.8,-230.09999,270.78,-10.8,-230.09999,3
712743938947573,2024-03-21T19:39:31.181Z,uncalibrated magnetic sensor,270.72,-10.62,-229.79999,270.72,-10.62,-229.79999,3
712743958947573,2024-03-21T19:39:31.201Z,uncalibrated magnetic sensor,271.13998,-10.98,-230.34,271.13998,-10.98,-230.34,3
712743978947573,2024-03-21T19:39:31.222Z,uncalibrated magnetic sensor,271.44,-10.8,-230.34,271.44,-10.8,-230.34,3
712743998947573,2024-03-21T19:39:31.242Z,uncalibrated magnetic sensor,271.08,-10.679999,-229.56,271.08,-10.679999,-229.56,3
712744018947573,2024-03-21T19:39:31.262Z,uncalibrated magnetic sensor,270.9,-10.679999,-229.31999,270.9,-10.679999,-229.31999,3
712744038947573,2024-03-21T19:39:31.282Z,uncalibrated magnetic sensor,270.84,-10.62,-228.78,270.84,-10.62,-228.78,3
712744058947573,2024-03-21T19:39:31.302Z,uncalibrated magnetic sensor,270.96,-10.559999,-228.72,270.96,-10.559999,-228.72,3
712744078947573,2024-03-21T19:39:31.321Z,uncalibrated magnetic sensor,271.25998,-10.0199995,-228.29999,271.25998,-10.0199995,-228.29999,3
712744098947573,2024-03-21T19:39:31.341Z,uncalibrated magnetic sensor,271.62,-10.38,-227.76,271.62,-10.38,-227.76,3
712744118947606,2024-03-21T19:39:31.361Z,uncalibrated magnetic sensor,271.38,-11.46,-227.51999,271.38,-11.46,-227.51999,3
712744138947606,2024-03-21T19:39:31.381Z,uncalibrated magnetic sensor,270.47998,-12.12,-226.86,270.47998,-12.12,-226.86,3
712744158947606,2024-03-21T19:39:31.401Z,uncalibrated magnetic sensor,271.44,-12.179999,-227.04,271.44,-12.179999,-227.04,3
712744178947606,2024-03-21T19:39:31.422Z,uncalibrated magnetic sensor,272.52,-11.46,-227.45999,272.52,-11.46,-227.45999,3
712744198947606,2024-03-21T19:39:31.441Z,uncalibrated magnetic sensor,271.44,-11.46,-227.15999,271.44,-11.46,-227.15999,3
712744218947339,2024-03-21T19:39:31.461Z,uncalibrated magnetic sensor,270.54,-11.5199995,-226.86,270.54,-11.5199995,-226.86,3
712744238947339,2024-03-21T19:39:31.481Z,uncalibrated magnetic sensor,270.6,-11.759999,-226.98,270.6,-11.759999,-226.98,3
712744258947605,2024-03-21T19:39:31.502Z,uncalibrated magnetic sensor,271.08,-11.759999,-227.34,271.08,-11.759999,-227.34,3
712744278947605,2024-03-21T19:39:31.522Z,uncalibrated magnetic sensor,271.02,-11.34,-227.4,271.02,-11.34,-227.4,3
712744298947605,2024-03-21T19:39:31.541Z,uncalibrated magnetic sensor,271.56,-11.82,-227.15999,271.56,-11.82,-227.15999,3
712744318947605,2024-03-21T19:39:31.561Z,uncalibrated magnetic sensor,271.91998,-11.28,-227.58,271.91998,-11.28,-227.58,3
712744338947605,2024-03-21T19:39:31.582Z,uncalibrated magnetic sensor,271.25998,-11.04,-227.04,271.25998,-11.04,-227.04,3
712744358947338,2024-03-21T19:39:31.601Z,uncalibrated magnetic sensor,271.62,-12.36,-225.78,271.62,-12.36,-225.78,3
712744378947338,2024-03-21T19:39:31.622Z,uncalibrated magnetic sensor,271.74,-12.66,-226.08,271.74,-12.66,-226.08,3
712744398947338,2024-03-21T19:39:31.641Z,uncalibrated magnetic sensor,270.3,-12.54,-225.95999,270.3,-12.54,-225.95999,3
712744418947338,2024-03-21T19:39:31.661Z,uncalibrated magnetic sensor,270.0,-12.599999,-225.42,270.0,-12.599999,-225.42,3
712744438947338,2024-03-21T19:39:31.682Z,uncalibrated magnetic sensor,270.84,-12.0,-225.95999,270.84,-12.0,-225.95999,3
712744458947338,2024-03-21T19:39:31.702Z,uncalibrated magnetic sensor,270.96,-11.88,-226.73999,270.96,-11.88,-226.73999,3
712744478947338,2024-03-21T19:39:31.721Z,uncalibrated magnetic sensor,270.12,-12.36,-227.04,270.12,-12.36,-227.04,3
712744498947338,2024-03-21T19:39:31.742Z,uncalibrated magnetic sensor,269.52,-12.84,-226.79999,269.52,-12.84,-226.79999,3
712744518947338,2024-03-21T19:39:31.761Z,uncalibrated magnetic sensor,269.82,-13.2,-227.09999,269.82,-13.2,-227.09999,3
712744538947338,2024-03-21T19:39:31.781Z,uncalibrated magnetic sensor,270.06,-12.66,-226.56,270.06,-12.66,-226.56,3
712744558947338,2024-03-21T19:39:31.802Z,uncalibrated magnetic sensor,270.24,-12.66,-226.2,270.24,-12.66,-226.2,3
712744578947338,2024-03-21T19:39:31.822Z,uncalibrated magnetic sensor,270.78,-13.44,-225.95999,270.78,-13.44,-225.95999,3
712744598947338,2024-03-21T19:39:31.842Z,uncalibrated magnetic sensor,270.84,-13.559999,-225.65999,270.84,-13.559999,-225.65999,3
712744618947571,2024-03-21T19:39:31.861Z,uncalibrated magnetic sensor,270.54,-13.38,-226.14,270.54,-13.38,-226.14,3
712744638947571,2024-03-21T19:39:31.881Z,uncalibrated magnetic sensor,269.52,-13.259999,-226.37999,269.52,-13.259999,-226.37999,3
712744658947571,2024-03-21T19:39:31.902Z,uncalibrated magnetic sensor,268.97998,-13.0199995,-226.31999,268.97998,-13.0199995,-226.31999,3
712744678947571,2024-03-21T19:39:31.921Z,uncalibrated magnetic sensor,270.0,-12.719999,-226.26,270.0,-12.719999,-226.26,3
712744698947571,2024-03-21T19:39:31.942Z,uncalibrated magnetic sensor,270.0,-12.9,-227.09999,270.0,-12.9,-227.09999,3
712744718947537,2024-03-21T19:39:31.961Z,uncalibrated magnetic sensor,269.52,-12.9,-226.62,269.52,-12.9,-226.62,3
712744738947537,2024-03-21T19:39:31.982Z,uncalibrated magnetic sensor,269.46,-13.08,-225.95999,269.46,-13.08,-225.95999,3
712744758947803,2024-03-21T19:39:32.001Z,uncalibrated magnetic sensor,269.46,-14.46,-225.95999,269.46,-14.46,-225.95999,3
712744778947803,2024-03-21T19:39:32.021Z,uncalibrated magnetic sensor,269.82,-15.0,-225.65999,269.82,-15.0,-225.65999,3
712744798947803,2024-03-21T19:39:32.042Z,uncalibrated magnetic sensor,269.28,-13.799999,-225.84,269.28,-13.799999,-225.84,3
712744818947803,2024-03-21T19:39:32.061Z,uncalibrated magnetic sensor,269.69998,-13.08,-225.9,269.69998,-13.08,-225.9,3
712744838947803,2024-03-21T19:39:32.081Z,uncalibrated magnetic sensor,269.82,-14.099999,-226.5,269.82,-14.099999,-226.5,3
712744858947536,2024-03-21T19:39:32.102Z,uncalibrated magnetic sensor,268.68,-14.4,-227.04,268.68,-14.4,-227.04,3
712744878947536,2024-03-21T19:39:32.121Z,uncalibrated magnetic sensor,268.74,-13.98,-226.98,268.74,-13.98,-226.98,3
712744898947536,2024-03-21T19:39:32.142Z,uncalibrated magnetic sensor,269.28,-13.98,-227.34,269.28,-13.98,-227.34,3
712744918947536,2024-03-21T19:39:32.161Z,uncalibrated magnetic sensor,269.16,-12.84,-227.45999,269.16,-12.84,-227.45999,3
712744938947536,2024-03-21T19:39:32.182Z,uncalibrated magnetic sensor,269.46,-12.12,-227.58,269.46,-12.12,-227.58,3
712744958947536,2024-03-21T19:39:32.202Z,uncalibrated magnetic sensor,269.88,-12.179999,-227.4,269.88,-12.179999,-227.4,3
712744978947536,2024-03-21T19:39:32.221Z,uncalibrated magnetic sensor,269.46,-12.059999,-227.22,269.46,-12.059999,-227.22,3
712744998947536,2024-03-21T19:39:32.241Z,uncalibrated magnetic sensor,268.68,-12.0,-227.58,268.68,-12.0,-227.58,3
712745018947802,2024-03-21T19:39:32.261Z,uncalibrated magnetic sensor,268.02,-11.759999,-228.18,268.02,-11.759999,-228.18,3
712745038947802,2024-03-21T19:39:32.282Z,uncalibrated magnetic sensor,269.22,-11.58,-228.65999,269.22,-11.58,-228.65999,3
712745058947802,2024-03-21T19:39:32.301Z,uncalibrated magnetic sensor,270.06,-11.4,-228.84,270.06,-11.4,-228.84,3
712745078947802,2024-03-21T19:39:32.321Z,uncalibrated magnetic sensor,270.18,-10.98,-228.59999,270.18,-10.98,-228.59999,3
712745098947802,2024-03-21T19:39:32.342Z,uncalibrated magnetic sensor,270.41998,-10.86,-228.18,270.41998,-10.86,-228.18,3
712745118948068,2024-03-21T19:39:32.361Z,uncalibrated magnetic sensor,269.94,-11.82,-227.81999,269.94,-11.82,-227.81999,3
712745138948068,2024-03-21T19:39:32.381Z,uncalibrated magnetic sensor,270.41998,-12.42,-228.12,270.41998,-12.42,-228.12,3
712745158948068,2024-03-21T19:39:32.401Z,uncalibrated magnetic sensor,270.3,-12.0,-228.0,270.3,-12.0,-228.0,3
712745178948068,2024-03-21T19:39:32.422Z,uncalibrated magnetic sensor,270.78,-11.7,-228.0,270.78,-11.7,-228.0,3
712745198948068,2024-03-21T19:39:32.442Z,uncalibrated magnetic sensor,271.08,-10.98,-228.42,271.08,-10.98,-228.42,3
712745218947834,2024-03-21T19:39:32.461Z,uncalibrated magnetic sensor,270.24,-11.639999,-228.23999,270.24,-11.639999,-228.23999,3
712745238947834,2024-03-21T19:39:32.481Z,uncalibrated magnetic sensor,270.47998,-12.12,-228.54,270.47998,-12.12,-228.54,3
712745258948100,2024-03-21T19:39:32.502Z,uncalibrated magnetic sensor,270.41998,-11.28,-228.78,270.41998,-11.28,-228.78,3
712745278948100,2024-03-21T19:39:32.522Z,uncalibrated magnetic sensor,270.06,-10.38,-228.42,270.06,-10.38,-228.42,3
712745298948100,2024-03-21T19:39:32.542Z,uncalibrated magnetic sensor,270.66,-9.84,-228.0,270.66,-9.84,-228.0,3
712745318948100,2024-03-21T19:39:32.561Z,uncalibrated magnetic sensor,271.08,-10.5,-227.22,271.08,-10.5,-227.22,3
712745338948100,2024-03-21T19:39:32.581Z,uncalibrated magnetic sensor,270.84,-10.62,-226.73999,270.84,-10.62,-226.73999,3
712745358947833,2024-03-21T19:39:32.601Z,uncalibrated magnetic sensor,272.04,-10.44,-226.5,272.04,-10.44,-226.5,3
712745378947833,2024-03-21T19:39:32.622Z,uncalibrated magnetic sensor,272.34,-10.32,-226.37999,272.34,-10.32,-226.37999,3
712745398947833,2024-03-21T19:39:32.642Z,uncalibrated magnetic sensor,271.08,-10.8,-227.51999,271.08,-10.8,-227.51999,3
712745418947833,2024-03-21T19:39:32.661Z,uncalibrated magnetic sensor,271.08,-11.28,-228.0,271.08,-11.28,-228.0,3
712745438947833,2024-03-21T19:39:32.682Z,uncalibrated magnetic sensor,271.13998,-11.16,-227.28,271.13998,-11.16,-227.28,3
712745458947833,2024-03-21T19:39:32.701Z,uncalibrated magnetic sensor,270.47998,-11.219999,-227.51999,270.47998,-11.219999,-227.51999,3
712745478947833,2024-03-21T19:39:32.721Z,uncalibrated magnetic sensor,270.78,-11.759999,-227.81999,270.78,-11.759999,-227.81999,3
712745498947833,2024-03-21T19:39:32.742Z,uncalibrated magnetic sensor,270.84,-11.639999,-227.7,270.84,-11.639999,-227.7,3
712745518947833,2024-03-21T19:39:32.761Z,uncalibrated magnetic sensor,270.78,-10.92,-228.06,270.78,-10.92,-228.06,3
712745538947833,2024-03-21T19:39:32.781Z,uncalibrated magnetic sensor,270.47998,-11.34,-227.7,270.47998,-11.34,-227.7,3
712745558947833,2024-03-21T19:39:32.801Z,uncalibrated magnetic sensor,269.82,-11.16,-227.58,269.82,-11.16,-227.58,3
712745578947833,2024-03-21T19:39:32.822Z,uncalibrated magnetic sensor,270.6,-11.28,-227.94,270.6,-11.28,-227.94,3
712745598947833,2024-03-21T19:39:32.841Z,uncalibrated magnetic sensor,270.6,-11.759999,-228.0,270.6,-11.759999,-228.0,3
712745618947833,2024-03-21T19:39:32.862Z,uncalibrated magnetic sensor,270.41998,-10.74,-226.73999,270.41998,-10.74,-226.73999,3
712745638947833,2024-03-21T19:39:32.881Z,uncalibrated magnetic sensor,269.94,-10.32,-226.08,269.94,-10.32,-226.08,3
712745658947833,2024-03-21T19:39:32.901Z,uncalibrated magnetic sensor,269.88,-10.8,-226.86,269.88,-10.8,-226.86,3
712745678947833,2024-03-21T19:39:32.921Z,uncalibrated magnetic sensor,270.18,-10.86,-227.22,270.18,-10.86,-227.22,3
712745698947833,2024-03-21T19:39:32.941Z,uncalibrated magnetic sensor,270.47998,-10.559999,-227.34,270.47998,-10.559999,-227.34,3
712745718947566,2024-03-21T19:39:32.961Z,uncalibrated magnetic sensor,270.66,-10.26,-227.28,270.66,-10.26,-227.28,3
712745738947566,2024-03-21T19:39:32.981Z,uncalibrated magnetic sensor,269.63998,-10.08,-227.58,269.63998,-10.08,-227.58,3
712745758947832,2024-03-21T19:39:33.001Z,uncalibrated magnetic sensor,270.12,-10.2,-227.34,270.12,-10.2,-227.34,3
712745778947832,2024-03-21T19:39:33.021Z,uncalibrated magnetic sensor,270.6,-10.679999,-227.58,270.6,-10.679999,-227.58,3
712745798947832,2024-03-21T19:39:33.042Z,uncalibrated magnetic sensor,269.63998,-10.98,-228.95999,269.63998,-10.98,-228.95999,3
712745818947832,2024-03-21T19:39:33.062Z,uncalibrated magnetic sensor,269.4,-10.98,-229.56,269.4,-10.98,-229.56,3
712745838947832,2024-03-21T19:39:33.082Z,uncalibrated magnetic sensor,269.46,-10.8,-229.08,269.46,-10.8,-229.08,3
712745858947565,2024-03-21T19:39:33.102Z,uncalibrated magnetic sensor,269.4,-10.86,-229.01999,269.4,-10.86,-229.01999,3
712745878947565,2024-03-21T19:39:33.122Z,uncalibrated magnetic sensor,269.88,-11.219999,-229.01999,269.88,-11.219999,-229.01999,3
712745898947565,2024-03-21T19:39:33.141Z,uncalibrated magnetic sensor,269.28,-11.219999,-228.54,269.28,-11.219999,-228.54,3
712745918947565,2024-03-21T19:39:33.162Z,uncalibrated magnetic sensor,269.63998,-10.8,-229.01999,269.63998,-10.8,-229.01999,3
712745938947565,2024-03-21T19:39:33.182Z,uncalibrated magnetic sensor,270.3,-10.559999,-228.95999,270.3,-10.559999,-228.95999,3
712745958947565,2024-03-21T19:39:33.201Z,uncalibrated magnetic sensor,269.34,-10.559999,-228.95999,269.34,-10.559999,-228.95999,3
712745978947565,2024-03-21T19:39:33.221Z,uncalibrated magnetic sensor,269.46,-10.26,-230.04,269.46,-10.26,-230.04,3
712745998947565,2024-03-21T19:39:33.242Z,uncalibrated magnetic sensor,269.88,-10.26,-230.7,269.88,-10.26,-230.7,3
712746018947565,2024-03-21T19:39:33.262Z,uncalibrated magnetic sensor,269.69998,-10.44,-230.94,269.69998,-10.44,-230.94,3
712746038947565,2024-03-21T19:39:33.281Z,uncalibrated magnetic sensor,269.82,-9.96,-231.06,269.82,-9.96,-231.06,3
712746058947565,2024-03-21T19:39:33.301Z,uncalibrated magnetic sensor,269.52,-9.42,-230.58,269.52,-9.42,-230.58,3
712746078947565,2024-03-21T19:39:33.321Z,uncalibrated magnetic sensor,269.75998,-9.24,-230.04,269.75998,-9.24,-230.04,3
712746098947565,2024-03-21T19:39:33.341Z,uncalibrated magnetic sensor,270.84,-9.96,-230.04,270.84,-9.96,-230.04,3
712746118947831,2024-03-21T19:39:33.362Z,uncalibrated magnetic sensor,270.6,-10.62,-229.5,270.6,-10.62,-229.5,3
712746138947831,2024-03-21T19:39:33.381Z,uncalibrated magnetic sensor,269.88,-10.32,-229.44,269.88,-10.32,-229.44,3
712746158947831,2024-03-21T19:39:33.401Z,uncalibrated magnetic sensor,270.66,-10.679999,-228.84,270.66,-10.679999,-228.84,3
712746178947831,2024-03-21T19:39:33.421Z,uncalibrated magnetic sensor,271.08,-10.98,-228.42,271.08,-10.98,-228.42,3
712746198947831,2024-03-21T19:39:33.441Z,uncalibrated magnetic sensor,269.82,-10.5,-228.72,269.82,-10.5,-228.72,3
712746218947564,2024-03-21T19:39:33.461Z,uncalibrated magnetic sensor,269.34,-10.8,-228.54,269.34,-10.8,-228.54,3
712746238947564,2024-03-21T19:39:33.482Z,uncalibrated magnetic sensor,269.63998,-11.88,-228.12,269.63998,-11.88,-228.12,3
712746258947830,2024-03-21T19:39:33.501Z,uncalibrated magnetic sensor,269.69998,-11.82,-227.7,269.69998,-11.82,-227.7,3
712746278947830,2024-03-21T19:39:33.522Z,uncalibrated magnetic sensor,270.0,-10.92,-227.28,270.0,-10.92,-227.28,3
712746298947830,2024-03-21T19:39:33.542Z,uncalibrated magnetic sensor,270.84,-10.32,-227.15999,270.84,-10.32,-227.15999,3
712746318947830,2024-03-21T19:39:33.562Z,uncalibrated magnetic sensor,271.32,-10.86,-228.18,271.32,-10.86,-228.18,3
712746338947830,2024-03-21T19:39:33.581Z,uncalibrated magnetic sensor,270.54,-10.679999,-228.84,270.54,-10.679999,-228.84,3
712746358947563,2024-03-21T19:39:33.601Z,uncalibrated magnetic sensor,270.12,-10.08,-228.78,270.12,-10.08,-228.78,3
712746378947563,2024-03-21T19:39:33.621Z,uncalibrated magnetic sensor,270.41998,-10.26,-228.9,270.41998,-10.26,-228.9,3
712746398947563,2024-03-21T19:39:33.641Z,uncalibrated magnetic sensor,269.82,-10.44,-228.84,269.82,-10.44,-228.84,3
712746418947563,2024-03-21T19:39:33.661Z,uncalibrated magnetic sensor,269.1,-10.8,-228.36,269.1,-10.8,-228.36,3
712746438947563,2024-03-21T19:39:33.682Z,uncalibrated magnetic sensor,269.69998,-11.28,-227.64,269.69998,-11.28,-227.64,3
712746458947563,2024-03-21T19:39:33.702Z,uncalibrated magnetic sensor,270.66,-11.219999,-226.79999,270.66,-11.219999,-226.79999,3
712746478947563,2024-03-21T19:39:33.721Z,uncalibrated magnetic sensor,270.12,-11.099999,-226.73999,270.12,-11.099999,-226.73999,3
712746498947563,2024-03-21T19:39:33.742Z,uncalibrated magnetic sensor,269.58,-10.92,-226.98,269.58,-10.92,-226.98,3
712746518947563,2024-03-21T19:39:33.761Z,uncalibrated magnetic sensor,269.34,-10.98,-227.64,269.34,-10.98,-227.64,3
712746538947563,2024-03-21T19:39:33.781Z,uncalibrated magnetic sensor,269.04,-11.28,-228.54,269.04,-11.28,-228.54,3
712746558947563,2024-03-21T19:39:33.801Z,uncalibrated magnetic sensor,269.88,-10.559999,-228.65999,269.88,-10.559999,-228.65999,3
712746578947563,2024-03-21T19:39:33.822Z,uncalibrated magnetic sensor,270.54,-11.4,-228.18,270.54,-11.4,-228.18,3
712746598947563,2024-03-21T19:39:33.841Z,uncalibrated magnetic sensor,270.72,-11.82,-227.87999,270.72,-11.82,-227.87999,3
712746618947829,2024-03-21T19:39:33.861Z,uncalibrated magnetic sensor,269.94,-11.28,-228.23999,269.94,-11.28,-228.23999,3
712746638947829,2024-03-21T19:39:33.881Z,uncalibrated magnetic sensor,268.97998,-11.099999,-227.94,268.97998,-11.099999,-227.94,3
712746658947829,2024-03-21T19:39:33.902Z,uncalibrated magnetic sensor,269.58,-11.94,-227.34,269.58,-11.94,-227.34,3
712746678947829,2024-03-21T19:39:33.922Z,uncalibrated magnetic sensor,269.58,-12.3,-227.58,269.58,-12.3,-227.58,3
712746698947829,2024-03-21T19:39:33.942Z,uncalibrated magnetic sensor,269.46,-11.28,-227.76,269.46,-11.28,-227.76,3
712746718947562,2024-03-21T19:39:33.962Z,uncalibrated magnetic sensor,270.24,-11.639999,-226.92,270.24,-11.639999,-226.92,3
712746738947562,2024-03-21T19:39:33.981Z,uncalibrated magnetic sensor,270.41998,-11.759999,-226.68,270.41998,-11.759999,-226.68,3
712746758947795,2024-03-21T19:39:34.001Z,uncalibrated magnetic sensor,270.54,-11.46,-227.34,270.54,-11.46,-227.34,3
712746778947795,2024-03-21T19:39:34.022Z,uncalibrated magnetic sensor,270.54,-11.5199995,-227.28,270.54,-11.5199995,-227.28,3
712746798947795,2024-03-21T19:39:34.042Z,uncalibrated magnetic sensor,269.88,-12.179999,-227.45999,269.88,-12.179999,-227.45999,3
712746818947795,2024-03-21T19:39:34.062Z,uncalibrated magnetic sensor,269.58,-12.54,-227.15999,269.58,-12.54,-227.15999,3
712746838947795,2024-03-21T19:39:34.081Z,uncalibrated magnetic sensor,269.16,-12.599999,-226.01999,269.16,-12.599999,-226.01999,3
712746858947528,2024-03-21T19:39:34.102Z,uncalibrated magnetic sensor,269.28,-12.3,-226.08,269.28,-12.3,-226.08,3
712746878947528,2024-03-21T19:39:34.122Z,uncalibrated magnetic sensor,269.34,-12.059999,-226.68,269.34,-12.059999,-226.68,3
712746898947528,2024-03-21T19:39:34.141Z,uncalibrated magnetic sensor,269.52,-12.719999,-227.09999,269.52,-12.719999,-227.09999,3
712746918947528,2024-03-21T19:39:34.162Z,uncalibrated magnetic sensor,269.94,-13.0199995,-227.04,269.94,-13.0199995,-227.04,3
712746938947528,2024-03-21T19:39:34.181Z,uncalibrated magnetic sensor,269.58,-13.139999,-226.73999,269.58,-13.139999,-226.73999,3
712746958947528,2024-03-21T19:39:34.201Z,uncalibrated magnetic sensor,270.06,-13.559999,-226.98,270.06,-13.559999,-226.98,3
712746978947528,2024-03-21T19:39:34.221Z,uncalibrated magnetic sensor,269.75998,-12.66,-226.92,269.75998,-12.66,-226.92,3
712746998947528,2024-03-21T19:39:34.241Z,uncalibrated magnetic sensor,268.62,-11.82,-227.09999,268.62,-11.82,-227.09999,3
712747018947528,2024-03-21T19:39:34.262Z,uncalibrated magnetic sensor,269.46,-12.0,-227.28,269.46,-12.0,-227.28,3
712747038947528,2024-03-21T19:39:34.282Z,uncalibrated magnetic sensor,270.18,-11.58,-227.87999,270.18,-11.58,-227.87999,3
712747058947528,2024-03-21T19:39:34.301Z,uncalibrated magnetic sensor,269.4,-11.28,-229.01999,269.4,-11.28,-229.01999,3
712747078947528,2024-03-21T19:39:34.322Z,uncalibrated magnetic sensor,269.04,-11.58,-228.78,269.04,-11.58,-228.78,3
712747098947528,2024-03-21T19:39:34.342Z,uncalibrated magnetic sensor,269.28,-11.94,-228.06,269.28,-11.94,-228.06,3
712747118947794,2024-03-21T19:39:34.362Z,uncalibrated magnetic sensor,269.88,-11.759999,-228.72,269.88,-11.759999,-228.72,3
712747138947794,2024-03-21T19:39:34.381Z,uncalibrated magnetic sensor,269.88,-11.4,-228.9,269.88,-11.4,-228.9,3
712747158947794,2024-03-21T19:39:34.401Z,uncalibrated magnetic sensor,269.52,-11.099999,-227.94,269.52,-11.099999,-227.94,3
712747178947794,2024-03-21T19:39:34.422Z,uncalibrated magnetic sensor,269.94,-10.98,-228.06,269.94,-10.98,-228.06,3
712747198947794,2024-03-21T19:39:34.441Z,uncalibrated magnetic sensor,269.69998,-10.559999,-228.36,269.69998,-10.559999,-228.36,3
712747218947527,2024-03-21T19:39:34.462Z,uncalibrated magnetic sensor,269.82,-10.74,-227.64,269.82,-10.74,-227.64,3
712747238947527,2024-03-21T19:39:34.482Z,uncalibrated magnetic sensor,269.94,-11.82,-227.09999,269.94,-11.82,-227.09999,3
712747258947793,2024-03-21T19:39:34.502Z,uncalibrated magnetic sensor,269.75998,-12.3,-227.81999,269.75998,-12.3,-227.81999,3
712747278947793,2024-03-21T19:39:34.521Z,uncalibrated magnetic sensor,269.75998,-12.3,-227.34,269.75998,-12.3,-227.34,3
712747298947793,2024-03-21T19:39:34.541Z,uncalibrated magnetic sensor,269.82,-11.639999,-226.68,269.82,-11.639999,-226.68,3
712747318947793,2024-03-21T19:39:34.562Z,uncalibrated magnetic sensor,270.84,-11.58,-227.15999,270.84,-11.58,-227.15999,3
712747338947793,2024-03-21T19:39:34.581Z,uncalibrated magnetic sensor,271.02,-12.0,-226.98,271.02,-12.0,-226.98,3
712747358947559,2024-03-21T19:39:34.601Z,uncalibrated magnetic sensor,270.72,-11.759999,-226.73999,270.72,-11.759999,-226.73999,3
712747378947559,2024-03-21T19:39:34.621Z,uncalibrated magnetic sensor,270.6,-11.219999,-226.44,270.6,-11.219999,-226.44,3
712747398947559,2024-03-21T19:39:34.642Z,uncalibrated magnetic sensor,271.38,-10.98,-226.86,271.38,-10.98,-226.86,3
712747418947559,2024-03-21T19:39:34.661Z,uncalibrated magnetic sensor,271.91998,-10.62,-226.68,271.91998,-10.62,-226.68,3
712747438947559,2024-03-21T19:39:34.681Z,uncalibrated magnetic sensor,270.9,-10.92,-226.79999,270.9,-10.92,-226.79999,3
712747458947559,2024-03-21T19:39:34.702Z,uncalibrated magnetic sensor,271.19998,-11.04,-228.06,271.19998,-11.04,-228.06,3
712747478947559,2024-03-21T19:39:34.721Z,uncalibrated magnetic sensor,271.74,-10.559999,-227.51999,271.74,-10.559999,-227.51999,3
712747498947559,2024-03-21T19:39:34.742Z,uncalibrated magnetic sensor,271.02,-10.86,-226.79999,271.02,-10.86,-226.79999,3
712747518947559,2024-03-21T19:39:34.761Z,uncalibrated magnetic sensor,271.19998,-10.74,-226.79999,271.19998,-10.74,-226.79999,3
712747538947559,2024-03-21T19:39:34.782Z,uncalibrated magnetic sensor,271.74,-10.679999,-226.56,271.74,-10.679999,-226.56,3
712747558947559,2024-03-21T19:39:34.802Z,uncalibrated magnetic sensor,271.19998,-10.62,-226.73999,271.19998,-10.62,-226.73999,3
712747578947559,2024-03-21T19:39:34.821Z,uncalibrated magnetic sensor,270.9,-10.679999,-226.2,270.9,-10.679999,-226.2,3
712747598947559,2024-03-21T19:39:34.841Z,uncalibrated magnetic sensor,270.78,-10.74,-226.26,270.78,-10.74,-226.26,3
712747618947825,2024-03-21T19:39:34.862Z,uncalibrated magnetic sensor,271.13998,-10.679999,-227.45999,271.13998,-10.679999,-227.45999,3
712747638947825,2024-03-21T19:39:34.881Z,uncalibrated magnetic sensor,271.44,-10.62,-226.56,271.44,-10.62,-226.56,3
712747658947825,2024-03-21T19:39:34.901Z,uncalibrated magnetic sensor,270.66,-10.5,-226.31999,270.66,-10.5,-226.31999,3
712747678947825,2024-03-21T19:39:34.922Z,uncalibrated magnetic sensor,270.47998,-10.98,-227.09999,270.47998,-10.98,-227.09999,3
712747698947825,2024-03-21T19:39:34.941Z,uncalibrated magnetic sensor,270.72,-10.98,-226.98,270.72,-10.98,-226.98,3
712747718947558,2024-03-21T19:39:34.961Z,uncalibrated magnetic sensor,271.32,-11.34,-227.09999,271.32,-11.34,-227.09999,3
712747738947558,2024-03-21T19:39:34.982Z,uncalibrated magnetic sensor,271.25998,-11.88,-227.09999,271.25998,-11.88,-227.09999,3
712747758947824,2024-03-21T19:39:35.002Z,uncalibrated magnetic sensor,271.19998,-11.58,-226.44,271.19998,-11.58,-226.44,3
712747778947824,2024-03-21T19:39:35.021Z,uncalibrated magnetic sensor,271.02,-11.16,-226.62,271.02,-11.16,-226.62,3
712747798947824,2024-03-21T19:39:35.042Z,uncalibrated magnetic sensor,270.66,-10.86,-227.04,270.66,-10.86,-227.04,3
712747818947824,2024-03-21T19:39:35.062Z,uncalibrated magnetic sensor,270.78,-10.8,-226.73999,270.78,-10.8,-226.73999,3
712747838947824,2024-03-21T19:39:35.082Z,uncalibrated magnetic sensor,270.96,-11.16,-226.44,270.96,-11.16,-226.44,3
712747858947557,2024-03-21T19:39:35.101Z,uncalibrated magnetic sensor,271.44,-11.28,-226.86,271.44,-11.28,-226.86,3
712747878947557,2024-03-21T19:39:35.122Z,uncalibrated magnetic sensor,271.38,-10.86,-227.15999,271.38,-10.86,-227.15999,3
712747898947557,2024-03-21T19:39:35.142Z,uncalibrated magnetic sensor,270.96,-10.32,-227.15999,270.96,-10.32,-227.15999,3
712747918947557,2024-03-21T19:39:35.162Z,uncalibrated magnetic sensor,270.96,-10.5,-228.0,270.96,-10.5,-228.0,3
712747938947557,2024-03-21T19:39:35.181Z,uncalibrated magnetic sensor,270.96,-11.28,-228.06,270.96,-11.28,-228.06,3
712747958947557,2024-03-21T19:39:35.201Z,uncalibrated magnetic sensor,270.47998,-12.0,-227.09999,270.47998,-12.0,-227.09999,3
712747978947557,2024-03-21T19:39:35.221Z,uncalibrated magnetic sensor,270.18,-12.3,-227.22,270.18,-12.3,-227.22,3
712747998947557,2024-03-21T19:39:35.241Z,uncalibrated magnetic sensor,270.18,-12.059999,-227.81999,270.18,-12.059999,-227.81999,3
712748018947557,2024-03-21T19:39:35.262Z,uncalibrated magnetic sensor,270.3,-11.82,-227.58,270.3,-11.82,-227.58,3
712748038947190,2024-03-21T19:39:35.282Z,uncalibrated magnetic sensor,270.72,-11.88,-227.51999,270.72,-11.88,-227.51999,3
712748058947190,2024-03-21T19:39:35.302Z,uncalibrated magnetic sensor,270.3,-11.7,-227.94,270.3,-11.7,-227.94,3
712748078947190,2024-03-21T19:39:35.322Z,uncalibrated magnetic sensor,269.94,-11.639999,-227.94,269.94,-11.639999,-227.94,3
712748098947190,2024-03-21T19:39:35.342Z,uncalibrated magnetic sensor,270.24,-12.3,-227.87999,270.24,-12.3,-227.87999,3
712748118947256,2024-03-21T19:39:35.361Z,uncalibrated magnetic sensor,270.9,-12.42,-228.12,270.9,-12.42,-228.12,3
712748138947256,2024-03-21T19:39:35.381Z,uncalibrated magnetic sensor,271.44,-12.42,-228.06,271.44,-12.42,-228.06,3
712748158947256,2024-03-21T19:39:35.402Z,uncalibrated magnetic sensor,271.91998,-12.3,-228.59999,271.91998,-12.3,-228.59999,3
712748178947256,2024-03-21T19:39:35.422Z,uncalibrated magnetic sensor,272.28,-11.5199995,-229.14,272.28,-11.5199995,-229.14,3
712748198947256,2024-03-21T19:39:35.441Z,uncalibrated magnetic sensor,272.58,-11.88,-229.98,272.58,-11.88,-229.98,3
712748218946989,2024-03-21T19:39:35.461Z,uncalibrated magnetic sensor,272.94,-12.12,-230.09999,272.94,-12.12,-230.09999,3
712748238946989,2024-03-21T19:39:35.481Z,uncalibrated magnetic sensor,272.69998,-11.58,-229.79999,272.69998,-11.58,-229.79999,3
712748258947255,2024-03-21T19:39:35.501Z,uncalibrated magnetic sensor,272.94,-11.58,-230.45999,272.94,-11.58,-230.45999,3
712748278947255,2024-03-21T19:39:35.522Z,uncalibrated magnetic sensor,272.82,-11.7,-230.28,272.82,-11.7,-230.28,3
712748298947255,2024-03-21T19:39:35.542Z,uncalibrated magnetic sensor,272.75998,-12.179999,-229.56,272.75998,-12.179999,-229.56,3
712748318947255,2024-03-21T19:39:35.562Z,uncalibrated magnetic sensor,272.52,-12.84,-229.26,272.52,-12.84,-229.26,3
712748338947255,2024-03-21T19:39:35.582Z,uncalibrated magnetic sensor,271.5,-12.36,-229.08,271.5,-12.36,-229.08,3
712748358946988,2024-03-21T19:39:35.602Z,uncalibrated magnetic sensor,271.38,-12.059999,-227.94,271.38,-12.059999,-227.94,3
712748378946988,2024-03-21T19:39:35.622Z,uncalibrated magnetic sensor,272.4,-12.719999,-227.76,272.4,-12.719999,-227.76,3
712748398946988,2024-03-21T19:39:35.641Z,uncalibrated magnetic sensor,273.0,-12.719999,-228.65999,273.0,-12.719999,-228.65999,3
712748418946988,2024-03-21T19:39:35.661Z,uncalibrated magnetic sensor,273.06,-12.179999,-228.9,273.06,-12.179999,-228.9,3
712748438946988,2024-03-21T19:39:35.682Z,uncalibrated magnetic sensor,272.58,-12.719999,-228.59999,272.58,-12.719999,-228.59999,3
712748458946988,2024-03-21T19:39:35.702Z,uncalibrated magnetic sensor,272.22,-12.42,-229.08,272.22,-12.42,-229.08,3
712748478946988,2024-03-21T19:39:35.721Z,uncalibrated magnetic sensor,272.75998,-11.28,-228.95999,272.75998,-11.28,-228.95999,3
712748498946988,2024-03-21T19:39:35.742Z,uncalibrated magnetic sensor,272.88,-11.7,-228.29999,272.88,-11.7,-228.29999,3
712748518946988,2024-03-21T19:39:35.761Z,uncalibrated magnetic sensor,272.82,-12.24,-229.37999,272.82,-12.24,-229.37999,3
712748538946988,2024-03-21T19:39:35.782Z,uncalibrated magnetic sensor,272.75998,-11.46,-229.79999,272.75998,-11.46,-229.79999,3
712748558946988,2024-03-21T19:39:35.802Z,uncalibrated magnetic sensor,272.58,-10.679999,-229.56,272.58,-10.679999,-229.56,3
712748578946988,2024-03-21T19:39:35.822Z,uncalibrated magnetic sensor,273.06,-11.94,-229.14,273.06,-11.94,-229.14,3
712748598946988,2024-03-21T19:39:35.841Z,uncalibrated magnetic sensor,273.47998,-12.599999,-228.95999,273.47998,-12.599999,-228.95999,3
712748618947221,2024-03-21T19:39:35.861Z,uncalibrated magnetic sensor,273.54,-12.54,-228.42,273.54,-12.54,-228.42,3
712748638947587,2024-03-21T19:39:35.882Z,uncalibrated magnetic sensor,272.94,-12.719999,-228.0,272.94,-12.719999,-228.0,3
712748658947587,2024-03-21T19:39:35.901Z,uncalibrated magnetic sensor,272.75998,-12.24,-228.59999,272.75998,-12.24,-228.59999,3
712748678947587,2024-03-21T19:39:35.921Z,uncalibrated magnetic sensor,272.46,-11.759999,-228.42,272.46,-11.759999,-228.42,3
712748698947587,2024-03-21T19:39:35.941Z,uncalibrated magnetic sensor,271.86,-11.7,-227.64,271.86,-11.7,-227.64,3
712748718947520,2024-03-21T19:39:35.961Z,uncalibrated magnetic sensor,272.04,-12.84,-228.42,272.04,-12.84,-228.42,3
712748738947520,2024-03-21T19:39:35.982Z,uncalibrated magnetic sensor,272.34,-12.9,-228.36,272.34,-12.9,-228.36,3
712748758947786,2024-03-21T19:39:36.002Z,uncalibrated magnetic sensor,272.34,-12.42,-227.58,272.34,-12.42,-227.58,3
712748778947786,2024-03-21T19:39:36.022Z,uncalibrated magnetic sensor,272.22,-12.48,-228.42,272.22,-12.48,-228.42,3
712748798947786,2024-03-21T19:39:36.042Z,uncalibrated magnetic sensor,272.4,-12.9,-227.76,272.4,-12.9,-227.76,3
712748818947786,2024-03-21T19:39:36.061Z,uncalibrated magnetic sensor,272.58,-13.2,-226.44,272.58,-13.2,-226.44,3
712748838948019,2024-03-21T19:39:36.081Z,uncalibrated magnetic sensor,272.34,-13.679999,-226.68,272.34,-13.679999,-226.68,3
712748858947752,2024-03-21T19:39:36.101Z,uncalibrated magnetic sensor,271.62,-13.679999,-226.68,271.62,-13.679999,-226.68,3
712748878947752,2024-03-21T19:39:36.121Z,uncalibrated magnetic sensor,273.12,-12.54,-226.5,273.12,-12.54,-226.5,3
712748898947752,2024-03-21T19:39:36.141Z,uncalibrated magnetic sensor,273.18,-12.48,-226.37999,273.18,-12.48,-226.37999,3
712748918947752,2024-03-21T19:39:36.162Z,uncalibrated magnetic sensor,271.68,-12.96,-225.95999,271.68,-12.96,-225.95999,3
712748938947752,2024-03-21T19:39:36.181Z,uncalibrated magnetic sensor,271.32,-13.559999,-225.78,271.32,-13.559999,-225.78,3
712748958947752,2024-03-21T19:39:36.201Z,uncalibrated magnetic sensor,271.32,-14.219999,-226.14,271.32,-14.219999,-226.14,3
712748978947752,2024-03-21T19:39:36.221Z,uncalibrated magnetic sensor,271.8,-14.16,-226.98,271.8,-14.16,-226.98,3
712748998947752,2024-03-21T19:39:36.241Z,uncalibrated magnetic sensor,271.02,-13.98,-227.04,271.02,-13.98,-227.04,3
712749018947752,2024-03-21T19:39:36.262Z,uncalibrated magnetic sensor,271.08,-13.679999,-227.15999,271.08,-13.679999,-227.15999,3
712749038947752,2024-03-21T19:39:36.282Z,uncalibrated magnetic sensor,272.34,-13.44,-226.86,272.34,-13.44,-226.86,3
712749058947752,2024-03-21T19:39:36.302Z,uncalibrated magnetic sensor,272.1,-14.16,-226.44,272.1,-14.16,-226.44,3
712749078947752,2024-03-21T19:39:36.321Z,uncalibrated magnetic sensor,271.02,-14.88,-226.92,271.02,-14.88,-226.92,3
712749098947752,2024-03-21T19:39:36.341Z,uncalibrated magnetic sensor,270.9,-14.5199995,-226.56,270.9,-14.5199995,-226.56,3
712749118948018,2024-03-21T19:39:36.361Z,uncalibrated magnetic sensor,271.5,-14.4,-227.22,271.5,-14.4,-227.22,3
712749138948018,2024-03-21T19:39:36.381Z,uncalibrated magnetic sensor,271.44,-14.34,-227.7,271.44,-14.34,-227.7,3
712749158948018,2024-03-21T19:39:36.401Z,uncalibrated magnetic sensor,272.04,-13.08,-227.09999,272.04,-13.08,-227.09999,3
712749178948018,2024-03-21T19:39:36.422Z,uncalibrated magnetic sensor,273.0,-12.78,-227.04,273.0,-12.78,-227.04,3
712749198948018,2024-03-21T19:39:36.442Z,uncalibrated magnetic sensor,272.28,-13.259999,-227.45999,272.28,-13.259999,-227.45999,3
712749218947784,2024-03-21T19:39:36.462Z,uncalibrated magnetic sensor,271.25998,-13.5,-228.23999,271.25998,-13.5,-228.23999,3
712749238947784,2024-03-21T19:39:36.482Z,uncalibrated magnetic sensor,271.5,-13.08,-227.64,271.5,-13.08,-227.64,3
712749258948050,2024-03-21T19:39:36.501Z,uncalibrated magnetic sensor,272.28,-12.78,-227.58,272.28,-12.78,-227.58,3
712749278947616,2024-03-21T19:39:36.521Z,uncalibrated magnetic sensor,272.58,-12.24,-228.42,272.58,-12.24,-228.42,3
712749298947616,2024-03-21T19:39:36.541Z,uncalibrated magnetic sensor,272.4,-11.04,-227.87999,272.4,-11.04,-227.87999,3
712749318947616,2024-03-21T19:39:36.561Z,uncalibrated magnetic sensor,272.28,-12.059999,-228.06,272.28,-12.059999,-228.06,3
712749338947616,2024-03-21T19:39:36.582Z,uncalibrated magnetic sensor,271.97998,-12.78,-229.26,271.97998,-12.78,-229.26,3
712749358947349,2024-03-21T19:39:36.601Z,uncalibrated magnetic sensor,271.56,-11.88,-229.2,271.56,-11.88,-229.2,3
712749378947349,2024-03-21T19:39:36.622Z,uncalibrated magnetic sensor,271.13998,-11.94,-228.42,271.13998,-11.94,-228.42,3
712749398947349,2024-03-21T19:39:36.641Z,uncalibrated magnetic sensor,271.25998,-12.12,-227.94,271.25998,-12.12,-227.94,3
712749418947349,2024-03-21T19:39:36.661Z,uncalibrated magnetic sensor,271.5,-11.58,-228.0,271.5,-11.58,-228.0,3
712749438947115,2024-03-21T19:39:36.682Z,uncalibrated magnetic sensor,271.38,-11.16,-227.94,271.38,-11.16,-227.94,3
712749458947115,2024-03-21T19:39:36.702Z,uncalibrated magnetic sensor,271.86,-11.28,-227.45999,271.86,-11.28,-227.45999,3
712749478947115,2024-03-21T19:39:36.722Z,uncalibrated magnetic sensor,272.28,-11.88,-227.58,272.28,-11.88,-227.58,3
712749498947115,2024-03-21T19:39:36.742Z,uncalibrated magnetic sensor,272.58,-11.759999,-228.23999,272.58,-11.759999,-228.23999,3
712749518947115,2024-03-21T19:39:36.761Z,uncalibrated magnetic sensor,272.28,-12.24,-228.42,272.28,-12.24,-228.42,3
712749538947115,2024-03-21T19:39:36.781Z,uncalibrated magnetic sensor,272.16,-11.5199995,-227.94,272.16,-11.5199995,-227.94,3
712749558947115,2024-03-21T19:39:36.802Z,uncalibrated magnetic sensor,272.22,-10.74,-227.81999,272.22,-10.74,-227.81999,3
712749578947115,2024-03-21T19:39:36.821Z,uncalibrated magnetic sensor,271.8,-11.28,-227.87999,271.8,-11.28,-227.87999,3
712749598947115,2024-03-21T19:39:36.842Z,uncalibrated magnetic sensor,272.22,-10.92,-227.87999,272.22,-10.92,-227.87999,3
712749618947348,2024-03-21T19:39:36.861Z,uncalibrated magnetic sensor,272.16,-10.62,-228.54,272.16,-10.62,-228.54,3
712749638947348,2024-03-21T19:39:36.881Z,uncalibrated magnetic sensor,272.16,-10.74,-229.14,272.16,-10.74,-229.14,3
712749658947348,2024-03-21T19:39:36.902Z,uncalibrated magnetic sensor,272.88,-11.28,-229.44,272.88,-11.28,-229.44,3
712749678947348,2024-03-21T19:39:36.921Z,uncalibrated magnetic sensor,273.36,-11.58,-229.44,273.36,-11.58,-229.44,3
712749698947348,2024-03-21T19:39:36.942Z,uncalibrated magnetic sensor,273.36,-11.82,-228.65999,273.36,-11.82,-228.65999,3
712749718947081,2024-03-21T19:39:36.962Z,uncalibrated magnetic sensor,272.88,-11.639999,-228.23999,272.88,-11.639999,-228.23999,3
712749738947081,2024-03-21T19:39:36.981Z,uncalibrated magnetic sensor,272.28,-11.639999,-227.64,272.28,-11.639999,-227.64,3
712749758947347,2024-03-21T19:39:37.002Z,uncalibrated magnetic sensor,272.46,-11.58,-228.06,272.46,-11.58,-228.06,3
712749778948047,2024-03-21T19:39:37.022Z,uncalibrated magnetic sensor,272.46,-11.28,-229.01999,272.46,-11.28,-229.01999,3
712749798947313,2024-03-21T19:39:37.041Z,uncalibrated magnetic sensor,272.04,-11.82,-228.54,272.04,-11.82,-228.54,3
712749818947013,2024-03-21T19:39:37.062Z,uncalibrated magnetic sensor,272.04,-11.639999,-227.94,272.04,-11.639999,-227.94,3
712749838946579,2024-03-21T19:39:37.081Z,uncalibrated magnetic sensor,271.19998,-11.46,-227.76,271.19998,-11.46,-227.76,3
712749858946312,2024-03-21T19:39:37.102Z,uncalibrated magnetic sensor,271.86,-11.82,-227.09999,271.86,-11.82,-227.09999,3
712749878946712,2024-03-21T19:39:37.121Z,uncalibrated magnetic sensor,272.69998,-12.12,-226.73999,272.69998,-12.12,-226.73999,3
712749898946678,2024-03-21T19:39:37.141Z,uncalibrated magnetic sensor,272.4,-11.82,-226.37999,272.4,-11.82,-226.37999,3
712749918946611,2024-03-21T19:39:37.161Z,uncalibrated magnetic sensor,272.69998,-12.96,-226.2,272.69998,-12.96,-226.2,3
712749938946477,2024-03-21T19:39:37.182Z,uncalibrated magnetic sensor,272.1,-12.9,-226.44,272.1,-12.9,-226.44,3
712749958946277,2024-03-21T19:39:37.201Z,uncalibrated magnetic sensor,272.22,-11.7,-226.31999,272.22,-11.7,-226.31999,3
712749978945943,2024-03-21T19:39:37.222Z,uncalibrated magnetic sensor,272.75998,-11.94,-226.26,272.75998,-11.94,-226.26,3
712749998945543,2024-03-21T19:39:37.241Z,uncalibrated magnetic sensor,272.52,-11.639999,-226.37999,272.52,-11.639999,-226.37999,3
712750018945076,2024-03-21T19:39:37.262Z,uncalibrated magnetic sensor,272.63998,-11.88,-226.68,272.63998,-11.88,-226.68,3
712750038944542,2024-03-21T19:39:37.282Z,uncalibrated magnetic sensor,272.28,-12.0,-226.26,272.28,-12.0,-226.26,3
712750058943875,2024-03-21T19:39:37.301Z,uncalibrated magnetic sensor,271.86,-11.5199995,-225.54,271.86,-11.5199995,-225.54,3
712750078943141,2024-03-21T19:39:37.322Z,uncalibrated magnetic sensor,271.32,-12.12,-225.9,271.32,-12.12,-225.9,3
712750098942341,2024-03-21T19:39:37.342Z,uncalibrated magnetic sensor,271.13998,-12.96,-226.5,271.13998,-12.96,-226.5,3
712750118941674,2024-03-21T19:39:37.362Z,uncalibrated magnetic sensor,271.8,-12.719999,-226.56,271.8,-12.719999,-226.56,3
712750138940674,2024-03-21T19:39:37.381Z,uncalibrated magnetic sensor,271.97998,-12.3,-226.37999,271.97998,-12.3,-226.37999,3
712750158938907,2024-03-21T19:39:37.402Z,uncalibrated magnetic sensor,272.04,-12.0,-226.37999,272.04,-12.0,-226.37999,3
712750178937073,2024-03-21T19:39:37.421Z,uncalibrated magnetic sensor,272.22,-12.24,-226.01999,272.22,-12.24,-226.01999,3
712750198935806,2024-03-21T19:39:37.442Z,uncalibrated magnetic sensor,272.28,-11.7,-226.5,272.28,-11.7,-226.5,3
712750218933539,2024-03-21T19:39:37.462Z,uncalibrated magnetic sensor,272.28,-10.62,-227.34,272.28,-10.62,-227.34,3
712750238932139,2024-03-21T19:39:37.482Z,uncalibrated magnetic sensor,272.46,-10.92,-227.09999,272.46,-10.92,-227.09999,3
712750258930705,2024-03-21T19:39:37.502Z,uncalibrated magnetic sensor,272.1,-11.16,-227.4,272.1,-11.16,-227.4,3
712750278929138,2024-03-21T19:39:37.521Z,uncalibrated magnetic sensor,271.8,-10.8,-227.76,271.8,-10.8,-227.76,3
712750298927504,2024-03-21T19:39:37.541Z,uncalibrated magnetic sensor,272.46,-10.26,-227.58,272.46,-10.26,-227.58,3
712750318925804,2024-03-21T19:39:37.562Z,uncalibrated magnetic sensor,271.74,-9.96,-227.7,271.74,-9.96,-227.7,3
712750338923970,2024-03-21T19:39:37.582Z,uncalibrated magnetic sensor,271.56,-9.9,-227.81999,271.56,-9.9,-227.81999,3
712750358921803,2024-03-21T19:39:37.602Z,uncalibrated magnetic sensor,272.94,-9.3,-228.42,272.94,-9.3,-228.42,3
712750378919136,2024-03-21T19:39:37.622Z,uncalibrated magnetic sensor,273.18,-9.36,-228.84,273.18,-9.36,-228.84,3
712750398917836,2024-03-21T19:39:37.642Z,uncalibrated magnetic sensor,272.58,-9.78,-228.84,272.58,-9.78,-228.84,3
712750418915536,2024-03-21T19:39:37.661Z,uncalibrated magnetic sensor,272.52,-10.0199995,-228.48,272.52,-10.0199995,-228.48,3
712750438913736,2024-03-21T19:39:37.681Z,uncalibrated magnetic sensor,272.28,-10.08,-227.15999,272.28,-10.08,-227.15999,3
712750458911436,2024-03-21T19:39:37.702Z,uncalibrated magnetic sensor,271.91998,-9.9,-226.79999,271.91998,-9.9,-226.79999,3
712750478909036,2024-03-21T19:39:37.722Z,uncalibrated magnetic sensor,271.97998,-10.26,-226.98,271.97998,-10.26,-226.98,3
712750498906136,2024-03-21T19:39:37.741Z,uncalibrated magnetic sensor,272.63998,-10.8,-226.73999,272.63998,-10.8,-226.73999,3
712750518903636,2024-03-21T19:39:37.762Z,uncalibrated magnetic sensor,273.3,-11.16,-226.37999,273.3,-11.16,-226.37999,3
712750538900702,2024-03-21T19:39:37.782Z,uncalibrated magnetic sensor,273.66,-11.16,-226.31999,273.66,-11.16,-226.31999,3
712750558897435,2024-03-21T19:39:37.801Z,uncalibrated magnetic sensor,273.41998,-11.219999,-226.62,273.41998,-11.219999,-226.62,3
712750578894235,2024-03-21T19:39:37.821Z,uncalibrated magnetic sensor,272.69998,-11.219999,-226.44,272.69998,-11.219999,-226.44,3
712750598891735,2024-03-21T19:39:37.841Z,uncalibrated magnetic sensor,272.63998,-10.2,-226.44,272.63998,-10.2,-226.44,3
712750618889168,2024-03-21T19:39:37.862Z,uncalibrated magnetic sensor,272.94,-9.24,-226.56,272.94,-9.24,-226.56,3
712750638886601,2024-03-21T19:39:37.881Z,uncalibrated magnetic sensor,272.88,-8.82,-226.56,272.88,-8.82,-226.56,3
712750658884134,2024-03-21T19:39:37.901Z,uncalibrated magnetic sensor,272.52,-9.54,-226.62,272.52,-9.54,-226.62,3
712750678881667,2024-03-21T19:39:37.922Z,uncalibrated magnetic sensor,272.4,-9.059999,-225.95999,272.4,-9.059999,-225.95999,3
712750698879133,2024-03-21T19:39:37.942Z,uncalibrated magnetic sensor,272.88,-8.58,-225.29999,272.88,-8.58,-225.29999,3
712750718876399,2024-03-21T19:39:37.961Z,uncalibrated magnetic sensor,273.41998,-9.66,-224.58,273.41998,-9.66,-224.58,3
712750738873932,2024-03-21T19:39:37.982Z,uncalibrated magnetic sensor,272.52,-10.139999,-224.64,272.52,-10.139999,-224.64,3
712750758872165,2024-03-21T19:39:38.002Z,uncalibrated magnetic sensor,272.34,-10.38,-224.51999,272.34,-10.38,-224.51999,3
712750778869631,2024-03-21T19:39:38.022Z,uncalibrated magnetic sensor,272.4,-10.139999,-223.2,272.4,-10.139999,-223.2,3
712750798867164,2024-03-21T19:39:38.041Z,uncalibrated magnetic sensor,271.86,-9.96,-223.5,271.86,-9.96,-223.5,3
712750818865397,2024-03-21T19:39:38.061Z,uncalibrated magnetic sensor,272.1,-10.44,-224.87999,272.1,-10.44,-224.87999,3
712750838862863,2024-03-21T19:39:38.081Z,uncalibrated magnetic sensor,271.62,-10.2,-224.76,271.62,-10.2,-224.76,3
712750858859596,2024-03-21T19:39:38.101Z,uncalibrated magnetic sensor,271.25998,-9.54,-224.04,271.25998,-9.54,-224.04,3
712750878857096,2024-03-21T19:39:38.122Z,uncalibrated magnetic sensor,271.08,-9.059999,-223.5,271.08,-9.059999,-223.5,3
712750898854596,2024-03-21T19:39:38.142Z,uncalibrated magnetic sensor,270.84,-9.42,-223.68,270.84,-9.42,-223.68,3
712750918852029,2024-03-21T19:39:38.162Z,uncalibrated magnetic sensor,271.13998,-9.96,-223.5,271.13998,-9.96,-223.5,3
712750938849562,2024-03-21T19:39:38.181Z,uncalibrated magnetic sensor,271.68,-8.82,-222.9,271.68,-8.82,-222.9,3
712750958847195,2024-03-21T19:39:38.202Z,uncalibrated magnetic sensor,272.1,-8.46,-223.44,272.1,-8.46,-223.44,3
712750978844861,2024-03-21T19:39:38.222Z,uncalibrated magnetic sensor,272.4,-9.059999,-222.72,272.4,-9.059999,-222.72,3
712750998842561,2024-03-21T19:39:38.241Z,uncalibrated magnetic sensor,271.97998,-8.82,-221.28,271.97998,-8.82,-221.28,3
712751018840827,2024-03-21T19:39:38.262Z,uncalibrated magnetic sensor,271.86,-8.46,-222.36,271.86,-8.46,-222.36,3
712751038838660,2024-03-21T19:39:38.282Z,uncalibrated magnetic sensor,271.38,-7.9199996,-223.86,271.38,-7.9199996,-223.86,3
712751058836426,2024-03-21T19:39:38.301Z,uncalibrated magnetic sensor,270.9,-8.34,-223.37999,270.9,-8.34,-223.37999,3
712751078834259,2024-03-21T19:39:38.321Z,uncalibrated magnetic sensor,271.25998,-8.4,-222.84,271.25998,-8.4,-222.84,3
712751098832525,2024-03-21T19:39:38.342Z,uncalibrated magnetic sensor,271.02,-7.9199996,-222.65999,271.02,-7.9199996,-222.65999,3
712751118830291,2024-03-21T19:39:38.361Z,uncalibrated magnetic sensor,271.19998,-7.7999997,-223.5,271.19998,-7.7999997,-223.5,3
712751138828491,2024-03-21T19:39:38.382Z,uncalibrated magnetic sensor,271.25998,-7.3799996,-224.04,271.25998,-7.3799996,-224.04,3
712751158827024,2024-03-21T19:39:38.402Z,uncalibrated magnetic sensor,270.96,-7.44,-223.62,270.96,-7.44,-223.62,3
712751178825557,2024-03-21T19:39:38.422Z,uncalibrated magnetic sensor,271.32,-7.3199997,-223.14,271.32,-7.3199997,-223.14,3
712751198822623,2024-03-21T19:39:38.441Z,uncalibrated magnetic sensor,271.08,-7.3799996,-223.37999,271.08,-7.3799996,-223.37999,3
712751218819756,2024-03-21T19:39:38.461Z,uncalibrated magnetic sensor,271.25998,-7.8599997,-223.98,271.25998,-7.8599997,-223.98,3
712751238817589,2024-03-21T19:39:38.481Z,uncalibrated magnetic sensor,271.13998,-7.74,-223.68,271.13998,-7.74,-223.68,3
712751258815389,2024-03-21T19:39:38.502Z,uncalibrated magnetic sensor,271.13998,-7.2599998,-223.31999,271.13998,-7.2599998,-223.31999,3
712751278812422,2024-03-21T19:39:38.521Z,uncalibrated magnetic sensor,272.34,-6.96,-223.98,272.34,-6.96,-223.98,3
712751298810222,2024-03-21T19:39:38.542Z,uncalibrated magnetic sensor,272.4,-6.12,-224.76,272.4,-6.12,-224.76,3
712751318808022,2024-03-21T19:39:38.562Z,uncalibrated magnetic sensor,271.68,-5.4,-224.45999,271.68,-5.4,-224.45999,3
712751338805755,2024-03-21T19:39:38.581Z,uncalibrated magnetic sensor,271.44,-5.58,-224.4,271.44,-5.58,-224.4,3
712751358802788,2024-03-21T19:39:38.601Z,uncalibrated magnetic sensor,272.46,-5.58,-225.84,272.46,-5.58,-225.84,3
712751378801321,2024-03-21T19:39:38.621Z,uncalibrated magnetic sensor,273.0,-4.92,-226.56,273.0,-4.92,-226.56,3
712751398799154,2024-03-21T19:39:38.641Z,uncalibrated magnetic sensor,272.22,-4.92,-226.2,272.22,-4.92,-226.2,3
712751418796220,2024-03-21T19:39:38.662Z,uncalibrated magnetic sensor,272.1,-5.58,-227.04,272.1,-5.58,-227.04,3
712751438794053,2024-03-21T19:39:38.681Z,uncalibrated magnetic sensor,273.41998,-6.0,-226.68,273.41998,-6.0,-226.68,3
712751458791886,2024-03-21T19:39:38.701Z,uncalibrated magnetic sensor,273.41998,-5.2799997,-226.14,273.41998,-5.2799997,-226.14,3
712751478789652,2024-03-21T19:39:38.721Z,uncalibrated magnetic sensor,272.46,-4.74,-225.95999,272.46,-4.74,-225.95999,3
712751498787418,2024-03-21T19:39:38.741Z,uncalibrated magnetic sensor,272.1,-4.56,-225.78,272.1,-4.56,-225.78,3
712751518785251,2024-03-21T19:39:38.761Z,uncalibrated magnetic sensor,272.63998,-4.62,-226.37999,272.63998,-4.62,-226.37999,3
712751538783051,2024-03-21T19:39:38.782Z,uncalibrated magnetic sensor,273.24,-4.74,-226.26,273.24,-4.74,-226.26,3
712751558780684,2024-03-21T19:39:38.801Z,uncalibrated magnetic sensor,273.41998,-4.68,-226.79999,273.41998,-4.68,-226.79999,3
712751578778284,2024-03-21T19:39:38.822Z,uncalibrated magnetic sensor,273.54,-4.8599997,-227.09999,273.54,-4.8599997,-227.09999,3
712751598775150,2024-03-21T19:39:38.841Z,uncalibrated magnetic sensor,272.69998,-4.8599997,-226.92,272.69998,-4.8599997,-226.92,3
712751618771883,2024-03-21T19:39:38.862Z,uncalibrated magnetic sensor,272.58,-4.7999997,-227.22,272.58,-4.7999997,-227.22,3
712751638769316,2024-03-21T19:39:38.881Z,uncalibrated magnetic sensor,273.36,-3.84,-227.28,273.36,-3.84,-227.28,3
712751658766816,2024-03-21T19:39:38.901Z,uncalibrated magnetic sensor,273.24,-3.9599998,-228.0,273.24,-3.9599998,-228.0,3
712751678764316,2024-03-21T19:39:38.922Z,uncalibrated magnetic sensor,272.69998,-4.44,-228.18,272.69998,-4.44,-228.18,3
712751698761749,2024-03-21T19:39:38.941Z,uncalibrated magnetic sensor,273.06,-4.2,-227.45999,273.06,-4.2,-227.45999,3
712751718759249,2024-03-21T19:39:38.961Z,uncalibrated magnetic sensor,274.25998,-4.5,-227.76,274.25998,-4.5,-227.76,3
712751738756749,2024-03-21T19:39:38.981Z,uncalibrated magnetic sensor,274.38,-4.92,-228.29999,274.38,-4.92,-228.29999,3
712751758754249,2024-03-21T19:39:39.002Z,uncalibrated magnetic sensor,274.13998,-5.46,-228.42,274.13998,-5.46,-228.42,3
712751778751682,2024-03-21T19:39:39.021Z,uncalibrated magnetic sensor,274.68,-5.22,-228.54,274.68,-5.22,-228.54,3
712751798749915,2024-03-21T19:39:39.041Z,uncalibrated magnetic sensor,275.1,-4.7999997,-228.12,275.1,-4.7999997,-228.12,3
712751818748148,2024-03-21T19:39:39.061Z,uncalibrated magnetic sensor,274.86,-5.64,-228.18,274.86,-5.64,-228.18,3
712751838745614,2024-03-21T19:39:39.082Z,uncalibrated magnetic sensor,274.97998,-6.18,-228.48,274.97998,-6.18,-228.48,3
712751858743080,2024-03-21T19:39:39.102Z,uncalibrated magnetic sensor,275.16,-5.7599998,-228.42,275.16,-5.7599998,-228.42,3
712751878741313,2024-03-21T19:39:39.121Z,uncalibrated magnetic sensor,274.44,-6.2999997,-228.72,274.44,-6.2999997,-228.72,3
712751898738846,2024-03-21T19:39:39.141Z,uncalibrated magnetic sensor,274.38,-6.72,-228.42,274.38,-6.72,-228.42,3
712751918736312,2024-03-21T19:39:39.161Z,uncalibrated magnetic sensor,274.86,-7.2,-228.54,274.86,-7.2,-228.54,3
712751938733845,2024-03-21T19:39:39.182Z,uncalibrated magnetic sensor,274.19998,-6.7799997,-229.2,274.19998,-6.7799997,-229.2,3
712751958732078,2024-03-21T19:39:39.202Z,uncalibrated magnetic sensor,273.36,-6.8999996,-228.9,273.36,-6.8999996,-228.9,3
712751978729511,2024-03-21T19:39:39.221Z,uncalibrated magnetic sensor,273.41998,-7.8599997,-229.08,273.41998,-7.8599997,-229.08,3
712751998726944,2024-03-21T19:39:39.241Z,uncalibrated magnetic sensor,274.08,-7.2599998,-229.31999,274.08,-7.2599998,-229.31999,3
712752018725144,2024-03-21T19:39:39.262Z,uncalibrated magnetic sensor,274.38,-6.72,-229.56,274.38,-6.72,-229.56,3
712752038722677,2024-03-21T19:39:39.281Z,uncalibrated magnetic sensor,273.72,-7.3799996,-229.37999,273.72,-7.3799996,-229.37999,3
712752058720943,2024-03-21T19:39:39.301Z,uncalibrated magnetic sensor,273.66,-7.62,-228.72,273.66,-7.62,-228.72,3
712752078718576,2024-03-21T19:39:39.321Z,uncalibrated magnetic sensor,274.13998,-7.8599997,-228.48,274.13998,-7.8599997,-228.48,3
712752098716209,2024-03-21T19:39:39.341Z,uncalibrated magnetic sensor,273.3,-7.68,-228.78,273.3,-7.68,-228.78,3
712752118713775,2024-03-21T19:39:39.362Z,uncalibrated magnetic sensor,273.41998,-7.68,-229.5,273.41998,-7.68,-229.5,3
712752138711341,2024-03-21T19:39:39.381Z,uncalibrated magnetic sensor,273.96,-8.76,-229.79999,273.96,-8.76,-229.79999,3
712752158708974,2024-03-21T19:39:39.402Z,uncalibrated magnetic sensor,273.0,-8.76,-230.64,273.0,-8.76,-230.64,3
712752178706607,2024-03-21T19:39:39.421Z,uncalibrated magnetic sensor,272.58,-8.099999,-229.73999,272.58,-8.099999,-229.73999,3
712752198704873,2024-03-21T19:39:39.441Z,uncalibrated magnetic sensor,272.63998,-8.639999,-229.2,272.63998,-8.639999,-229.2,3
712752218703206,2024-03-21T19:39:39.462Z,uncalibrated magnetic sensor,272.63998,-9.9,-230.45999,272.63998,-9.9,-230.45999,3
712752238700839,2024-03-21T19:39:39.481Z,uncalibrated magnetic sensor,272.22,-9.66,-230.64,272.22,-9.66,-230.64,3
712752258731739,2024-03-21T19:39:39.502Z,uncalibrated magnetic sensor,272.1,-9.599999,-230.45999,272.1,-9.599999,-230.45999,3
712752278762639,2024-03-21T19:39:39.522Z,uncalibrated magnetic sensor,272.22,-10.2,-230.28,272.22,-10.2,-230.28,3
712752298793605,2024-03-21T19:39:39.542Z,uncalibrated magnetic sensor,272.1,-10.5,-229.08,272.1,-10.5,-229.08,3
712752318824571,2024-03-21T19:39:39.562Z,uncalibrated magnetic sensor,272.88,-10.679999,-228.54,272.88,-10.679999,-228.54,3
712752338855471,2024-03-21T19:39:39.582Z,uncalibrated magnetic sensor,272.94,-11.099999,-228.65999,272.94,-11.099999,-228.65999,3
712752358886371,2024-03-21T19:39:39.601Z,uncalibrated magnetic sensor,271.86,-10.92,-229.62,271.86,-10.92,-229.62,3
712752378917337,2024-03-21T19:39:39.622Z,uncalibrated magnetic sensor,271.74,-10.2,-230.76,271.74,-10.2,-230.76,3
712752398948203,2024-03-21T19:39:39.641Z,uncalibrated magnetic sensor,271.62,-9.78,-229.98,271.62,-9.78,-229.98,3
712752418978403,2024-03-21T19:39:39.661Z,uncalibrated magnetic sensor,272.1,-10.559999,-229.26,272.1,-10.559999,-229.26,3
712752439009369,2024-03-21T19:39:39.682Z,uncalibrated magnetic sensor,272.63998,-10.559999,-229.37999,272.63998,-10.559999,-229.37999,3
712752459040335,2024-03-21T19:39:39.702Z,uncalibrated magnetic sensor,271.97998,-10.139999,-229.98,271.97998,-10.139999,-229.98,3
712752479071235,2024-03-21T19:39:39.723Z,uncalibrated magnetic sensor,271.86,-10.86,-229.98,271.86,-10.86,-229.98,3
712752499101701,2024-03-21T19:39:39.742Z,uncalibrated magnetic sensor,272.22,-11.28,-230.45999,272.22,-11.28,-230.45999,3
712752519131967,2024-03-21T19:39:39.763Z,uncalibrated magnetic sensor,272.69998,-11.58,-229.92,272.69998,-11.58,-229.92,3
712752539162933,2024-03-21T19:39:39.783Z,uncalibrated magnetic sensor,272.28,-12.96,-228.72,272.28,-12.96,-228.72,3
712752559193833,2024-03-21T19:39:39.803Z,uncalibrated magnetic sensor,271.44,-13.38,-228.84,271.44,-13.38,-228.84,3
712752579224366,2024-03-21T19:39:39.822Z,uncalibrated magnetic sensor,271.68,-12.78,-227.22,271.68,-12.78,-227.22,3
712752599255332,2024-03-21T19:39:39.842Z,uncalibrated magnetic sensor,272.04,-13.559999,-226.37999,272.04,-13.559999,-226.37999,3
712752619286232,2024-03-21T19:39:39.862Z,uncalibrated magnetic sensor,271.91998,-13.0199995,-226.62,271.91998,-13.0199995,-226.62,3
712752639317098,2024-03-21T19:39:39.882Z,uncalibrated magnetic sensor,271.32,-12.78,-226.62,271.32,-12.78,-226.62,3
712752659347931,2024-03-21T19:39:39.902Z,uncalibrated magnetic sensor,271.02,-14.219999,-226.98,271.02,-14.219999,-226.98,3
712752679378764,2024-03-21T19:39:39.922Z,uncalibrated magnetic sensor,270.96,-14.4,-226.92,270.96,-14.4,-226.92,3
712752699409530,2024-03-21T19:39:39.943Z,uncalibrated magnetic sensor,270.18,-14.5199995,-226.08,270.18,-14.5199995,-226.08,3
712752719440363,2024-03-21T19:39:39.962Z,uncalibrated magnetic sensor,269.82,-14.4,-225.9,269.82,-14.4,-225.9,3
712752739471196,2024-03-21T19:39:39.982Z,uncalibrated magnetic sensor,270.0,-13.74,-226.31999,270.0,-13.74,-226.31999,3
712752759501962,2024-03-21T19:39:40.003Z,uncalibrated magnetic sensor,270.3,-13.86,-226.44,270.3,-13.86,-226.44,3
712752779532728,2024-03-21T19:39:40.022Z,uncalibrated magnetic sensor,270.41998,-14.28,-226.79999,270.41998,-14.28,-226.79999,3
712752799563561,2024-03-21T19:39:40.043Z,uncalibrated magnetic sensor,270.6,-13.86,-226.98,270.6,-13.86,-226.98,3
712752819594394,2024-03-21T19:39:40.063Z,uncalibrated magnetic sensor,270.66,-13.5,-226.98,270.66,-13.5,-226.98,3
712752839625194,2024-03-21T19:39:40.083Z,uncalibrated magnetic sensor,270.96,-13.74,-226.79999,270.96,-13.74,-226.79999,3
712752859622727,2024-03-21T19:39:40.102Z,uncalibrated magnetic sensor,271.5,-13.98,-226.62,271.5,-13.98,-226.62,3
712752879620260,2024-03-21T19:39:40.123Z,uncalibrated magnetic sensor,271.62,-14.16,-225.72,271.62,-14.16,-225.72,3
712752899617726,2024-03-21T19:39:40.143Z,uncalibrated magnetic sensor,271.25998,-14.58,-225.42,271.25998,-14.58,-225.42,3
712752919615192,2024-03-21T19:39:40.163Z,uncalibrated magnetic sensor,270.6,-14.94,-224.4,270.6,-14.94,-224.4,3
712752939612725,2024-03-21T19:39:40.183Z,uncalibrated magnetic sensor,270.6,-14.4,-223.44,270.6,-14.4,-223.44,3
712752959609558,2024-03-21T19:39:40.202Z,uncalibrated magnetic sensor,270.3,-14.5199995,-224.45999,270.3,-14.5199995,-224.45999,3
712752979607024,2024-03-21T19:39:40.222Z,uncalibrated magnetic sensor,270.12,-14.58,-225.18,270.12,-14.58,-225.18,3
712752999604557,2024-03-21T19:39:40.243Z,uncalibrated magnetic sensor,270.6,-14.28,-225.36,270.6,-14.28,-225.36,3
712753019602257,2024-03-21T19:39:40.263Z,uncalibrated magnetic sensor,269.88,-14.16,-225.06,269.88,-14.16,-225.06,3
712753039599757,2024-03-21T19:39:40.282Z,uncalibrated magnetic sensor,269.75998,-14.16,-223.92,269.75998,-14.16,-223.92,3
712753059597190,2024-03-21T19:39:40.303Z,uncalibrated magnetic sensor,269.94,-14.94,-223.26,269.94,-14.94,-223.26,3
712753079594723,2024-03-21T19:39:40.322Z,uncalibrated magnetic sensor,269.63998,-15.24,-223.44,269.63998,-15.24,-223.44,3
712753099592789,2024-03-21T19:39:40.343Z,uncalibrated magnetic sensor,270.06,-15.24,-223.37999,270.06,-15.24,-223.37999,3
712753119591155,2024-03-21T19:39:40.362Z,uncalibrated magnetic sensor,269.46,-15.42,-223.31999,269.46,-15.42,-223.31999,3
712753139588855,2024-03-21T19:39:40.383Z,uncalibrated magnetic sensor,269.28,-14.88,-223.2,269.28,-14.88,-223.2,3
712753159586688,2024-03-21T19:39:40.402Z,uncalibrated magnetic sensor,269.75998,-14.759999,-223.37999,269.75998,-14.759999,-223.37999,3
712753179584954,2024-03-21T19:39:40.422Z,uncalibrated magnetic sensor,269.88,-15.12,-224.04,269.88,-15.12,-224.04,3
712753199582720,2024-03-21T19:39:40.442Z,uncalibrated magnetic sensor,269.34,-15.299999,-224.4,269.34,-15.299999,-224.4,3
712753219580553,2024-03-21T19:39:40.462Z,uncalibrated magnetic sensor,269.52,-15.719999,-224.09999,269.52,-15.719999,-224.09999,3
712753239578386,2024-03-21T19:39:40.483Z,uncalibrated magnetic sensor,269.75998,-15.9,-223.56,269.75998,-15.9,-223.56,3
712753259576152,2024-03-21T19:39:40.502Z,uncalibrated magnetic sensor,269.04,-15.299999,-223.08,269.04,-15.299999,-223.08,3
712753279573918,2024-03-21T19:39:40.523Z,uncalibrated magnetic sensor,268.32,-15.42,-224.22,268.32,-15.42,-224.22,3
712753299571751,2024-03-21T19:39:40.542Z,uncalibrated magnetic sensor,268.25998,-16.02,-224.87999,268.25998,-16.02,-224.87999,3
712753319569584,2024-03-21T19:39:40.563Z,uncalibrated magnetic sensor,269.4,-15.78,-223.79999,269.4,-15.78,-223.79999,3
712753339567350,2024-03-21T19:39:40.582Z,uncalibrated magnetic sensor,269.22,-15.78,-223.26,269.22,-15.78,-223.26,3
712753359565183,2024-03-21T19:39:40.603Z,uncalibrated magnetic sensor,267.54,-16.26,-223.62,267.54,-16.26,-223.62,3
712753379563016,2024-03-21T19:39:40.622Z,uncalibrated magnetic sensor,268.13998,-16.32,-223.79999,268.13998,-16.32,-223.79999,3
712753399560849,2024-03-21T19:39:40.643Z,uncalibrated magnetic sensor,269.16,-15.96,-223.56,269.16,-15.96,-223.56,3
712753419558015,2024-03-21T19:39:40.662Z,uncalibrated magnetic sensor,268.44,-15.179999,-224.04,268.44,-15.179999,-224.04,3
712753439555815,2024-03-21T19:39:40.683Z,uncalibrated magnetic sensor,268.56,-14.94,-224.28,268.56,-14.94,-224.28,3
712753459553615,2024-03-21T19:39:40.702Z,uncalibrated magnetic sensor,269.34,-14.94,-225.59999,269.34,-14.94,-225.59999,3
712753479551148,2024-03-21T19:39:40.723Z,uncalibrated magnetic sensor,269.63998,-14.4,-227.04,269.63998,-14.4,-227.04,3
712753499548948,2024-03-21T19:39:40.742Z,uncalibrated magnetic sensor,269.34,-13.74,-226.31999,269.34,-13.74,-226.31999,3
712753519546748,2024-03-21T19:39:40.763Z,uncalibrated magnetic sensor,269.22,-13.38,-226.5,269.22,-13.38,-226.5,3
712753539544548,2024-03-21T19:39:40.783Z,uncalibrated magnetic sensor,269.46,-13.559999,-226.86,269.46,-13.559999,-226.86,3
712753559542314,2024-03-21T19:39:40.803Z,uncalibrated magnetic sensor,268.5,-14.34,-227.4,268.5,-14.34,-227.4,3
712753579540147,2024-03-21T19:39:40.823Z,uncalibrated magnetic sensor,268.32,-14.5199995,-227.4,268.32,-14.5199995,-227.4,3
712753599537980,2024-03-21T19:39:40.843Z,uncalibrated magnetic sensor,270.24,-14.4,-226.62,270.24,-14.4,-226.62,3
712753619536246,2024-03-21T19:39:40.863Z,uncalibrated magnetic sensor,270.72,-14.5199995,-226.79999,270.72,-14.5199995,-226.79999,3
712753639534012,2024-03-21T19:39:40.882Z,uncalibrated magnetic sensor,270.12,-14.04,-226.08,270.12,-14.04,-226.08,3
712753659531845,2024-03-21T19:39:40.903Z,uncalibrated magnetic sensor,270.0,-13.62,-225.9,270.0,-13.62,-225.9,3
712753679529645,2024-03-21T19:39:40.923Z,uncalibrated magnetic sensor,270.18,-13.74,-226.26,270.18,-13.74,-226.26,3
712753699527278,2024-03-21T19:39:40.943Z,uncalibrated magnetic sensor,270.18,-13.86,-226.44,270.18,-13.86,-226.44,3
712753719524878,2024-03-21T19:39:40.962Z,uncalibrated magnetic sensor,270.06,-13.2,-225.9,270.06,-13.2,-225.9,3
712753739522444,2024-03-21T19:39:40.982Z,uncalibrated magnetic sensor,270.18,-13.0199995,-226.01999,270.18,-13.0199995,-226.01999,3
712753759519877,2024-03-21T19:39:41.002Z,uncalibrated magnetic sensor,269.75998,-13.32,-226.56,269.75998,-13.32,-226.56,3
712753779517310,2024-03-21T19:39:41.022Z,uncalibrated magnetic sensor,270.36,-13.5,-226.31999,270.36,-13.5,-226.31999,3
712753799514810,2024-03-21T19:39:41.043Z,uncalibrated magnetic sensor,270.96,-13.08,-226.56,270.96,-13.08,-226.56,3
712753819512310,2024-03-21T19:39:41.062Z,uncalibrated magnetic sensor,270.66,-12.78,-227.22,270.66,-12.78,-227.22,3
712753839509743,2024-03-21T19:39:41.082Z,uncalibrated magnetic sensor,270.54,-11.94,-227.94,270.54,-11.94,-227.94,3
712753859507243,2024-03-21T19:39:41.102Z,uncalibrated magnetic sensor,270.24,-10.98,-228.12,270.24,-10.98,-228.12,3
712753879504743,2024-03-21T19:39:41.123Z,uncalibrated magnetic sensor,270.36,-11.46,-227.64,270.36,-11.46,-227.64,3
712753899502243,2024-03-21T19:39:41.143Z,uncalibrated magnetic sensor,270.96,-11.58,-226.79999,270.96,-11.58,-226.79999,3
712753919499676,2024-03-21T19:39:41.162Z,uncalibrated magnetic sensor,271.02,-11.219999,-226.26,271.02,-11.219999,-226.26,3
712753939497209,2024-03-21T19:39:41.183Z,uncalibrated magnetic sensor,270.96,-11.58,-226.08,270.96,-11.58,-226.08,3
712753959494742,2024-03-21T19:39:41.203Z,uncalibrated magnetic sensor,270.6,-12.12,-225.48,270.6,-12.12,-225.48,3
712753979492208,2024-03-21T19:39:41.223Z,uncalibrated magnetic sensor,270.6,-12.48,-225.72,270.6,-12.48,-225.72,3
712753999489674,2024-03-21T19:39:41.242Z,uncalibrated magnetic sensor,270.3,-11.639999,-226.98,270.3,-11.639999,-226.98,3
712754019487807,2024-03-21T19:39:41.263Z,uncalibrated magnetic sensor,270.36,-10.62,-227.45999,270.36,-10.62,-227.45999,3
712754039485340,2024-03-21T19:39:41.282Z,uncalibrated magnetic sensor,271.02,-11.34,-227.51999,271.02,-11.34,-227.51999,3
712754059482806,2024-03-21T19:39:41.302Z,uncalibrated magnetic sensor,270.78,-11.759999,-228.72,270.78,-11.759999,-228.72,3
712754079480539,2024-03-21T19:39:41.323Z,uncalibrated magnetic sensor,270.41998,-11.88,-228.18,270.41998,-11.88,-228.18,3
712754099478072,2024-03-21T19:39:41.343Z,uncalibrated magnetic sensor,270.47998,-12.42,-226.68,270.47998,-12.42,-226.68,3
712754119508872,2024-03-21T19:39:41.363Z,uncalibrated magnetic sensor,270.66,-12.78,-226.98,270.66,-12.78,-226.98,3
712754139539672,2024-03-21T19:39:41.382Z,uncalibrated magnetic sensor,270.47998,-12.3,-227.15999,270.47998,-12.3,-227.15999,3
712754159604538,2024-03-21T19:39:41.403Z,uncalibrated magnetic sensor,269.94,-12.36,-226.92,269.94,-12.36,-226.92,3
712754179668704,2024-03-21T19:39:41.422Z,uncalibrated magnetic sensor,270.3,-12.12,-226.79999,270.3,-12.12,-226.79999,3
712754199732937,2024-03-21T19:39:41.442Z,uncalibrated magnetic sensor,270.72,-11.219999,-227.7,270.72,-11.219999,-227.7,3
712754219797237,2024-03-21T19:39:41.463Z,uncalibrated magnetic sensor,270.9,-11.4,-228.59999,270.9,-11.4,-228.59999,3
712754239861537,2024-03-21T19:39:41.482Z,uncalibrated magnetic sensor,270.36,-11.82,-228.23999,270.36,-11.82,-228.23999,3
712754259925770,2024-03-21T19:39:41.502Z,uncalibrated magnetic sensor,270.12,-12.0,-227.45999,270.12,-12.0,-227.45999,3
712754279990003,2024-03-21T19:39:41.522Z,uncalibrated magnetic sensor,271.02,-12.78,-227.04,271.02,-12.78,-227.04,3
712754300054303,2024-03-21T19:39:41.544Z,uncalibrated magnetic sensor,270.41998,-13.0199995,-226.86,270.41998,-13.0199995,-226.86,3
712754320118536,2024-03-21T19:39:41.564Z,uncalibrated magnetic sensor,269.69998,-12.42,-226.62,269.69998,-12.42,-226.62,3
712754340182769,2024-03-21T19:39:41.584Z,uncalibrated magnetic sensor,270.3,-12.66,-227.22,270.3,-12.66,-227.22,3
712754360247069,2024-03-21T19:39:41.604Z,uncalibrated magnetic sensor,269.63998,-13.38,-227.64,269.63998,-13.38,-227.64,3
712754380311369,2024-03-21T19:39:41.624Z,uncalibrated magnetic sensor,269.52,-13.2,-227.28,269.52,-13.2,-227.28,3
712754400375602,2024-03-21T19:39:41.643Z,uncalibrated magnetic sensor,270.66,-12.48,-226.98,270.66,-12.48,-226.98,3
712754420439835,2024-03-21T19:39:41.664Z,uncalibrated magnetic sensor,270.12,-13.139999,-227.76,270.12,-13.139999,-227.76,3
712754440504135,2024-03-21T19:39:41.684Z,uncalibrated magnetic sensor,269.58,-13.5,-228.06,269.58,-13.5,-228.06,3
712754460568435,2024-03-21T19:39:41.704Z,uncalibrated magnetic sensor,270.18,-12.84,-228.0,270.18,-12.84,-228.0,3
712754480632668,2024-03-21T19:39:41.724Z,uncalibrated magnetic sensor,270.36,-12.78,-227.64,270.36,-12.78,-227.64,3
712754500696901,2024-03-21T19:39:41.743Z,uncalibrated magnetic sensor,270.24,-12.179999,-226.79999,270.24,-12.179999,-226.79999,3
712754520760567,2024-03-21T19:39:41.764Z,uncalibrated magnetic sensor,270.41998,-11.82,-227.28,270.41998,-11.82,-227.28,3
712754540824767,2024-03-21T19:39:41.784Z,uncalibrated magnetic sensor,270.18,-12.059999,-228.12,270.18,-12.059999,-228.12,3
712754560888967,2024-03-21T19:39:41.804Z,uncalibrated magnetic sensor,269.94,-11.5199995,-228.78,269.94,-11.5199995,-228.78,3
712754580953267,2024-03-21T19:39:41.823Z,uncalibrated magnetic sensor,269.58,-10.679999,-228.78,269.58,-10.679999,-228.78,3
712754601017567,2024-03-21T19:39:41.844Z,uncalibrated magnetic sensor,269.04,-10.5,-228.65999,269.04,-10.5,-228.65999,3
712754621081800,2024-03-21T19:39:41.865Z,uncalibrated magnetic sensor,269.52,-10.98,-228.84,269.52,-10.98,-228.84,3
712754641146033,2024-03-21T19:39:41.884Z,uncalibrated magnetic sensor,270.72,-11.46,-228.78,270.72,-11.46,-228.78,3
712754661210333,2024-03-21T19:39:41.904Z,uncalibrated magnetic sensor,270.72,-11.16,-229.08,270.72,-11.16,-229.08,3
712754681274566,2024-03-21T19:39:41.924Z,uncalibrated magnetic sensor,270.41998,-11.219999,-229.37999,270.41998,-11.219999,-229.37999,3
712754701338799,2024-03-21T19:39:41.945Z,uncalibrated magnetic sensor,270.24,-12.24,-228.65999,270.24,-12.24,-228.65999,3
712754721369765,2024-03-21T19:39:41.964Z,uncalibrated magnetic sensor,271.02,-12.3,-228.18,271.02,-12.3,-228.18,3
712754741400731,2024-03-21T19:39:41.985Z,uncalibrated magnetic sensor,271.91998,-11.7,-228.48,271.91998,-11.7,-228.48,3
712754761398297,2024-03-21T19:39:42.004Z,uncalibrated magnetic sensor,270.9,-11.88,-228.23999,270.9,-11.88,-228.23999,3
712754781395563,2024-03-21T19:39:42.024Z,uncalibrated magnetic sensor,270.78,-11.46,-227.64,270.78,-11.46,-227.64,3
712754801393063,2024-03-21T19:39:42.045Z,uncalibrated magnetic sensor,270.78,-10.8,-227.64,270.78,-10.8,-227.64,3
712754821390563,2024-03-21T19:39:42.065Z,uncalibrated magnetic sensor,270.78,-11.46,-227.58,270.78,-11.46,-227.58,3
712754841387996,2024-03-21T19:39:42.084Z,uncalibrated magnetic sensor,271.08,-11.88,-227.76,271.08,-11.88,-227.76,3
712754861385496,2024-03-21T19:39:42.104Z,uncalibrated magnetic sensor,270.96,-12.0,-228.12,270.96,-12.0,-228.12,3
712754881382996,2024-03-21T19:39:42.124Z,uncalibrated magnetic sensor,271.02,-11.82,-228.36,271.02,-11.82,-228.36,3
712754901380429,2024-03-21T19:39:42.145Z,uncalibrated magnetic sensor,271.13998,-11.16,-228.12,271.13998,-11.16,-228.12,3
712754921377929,2024-03-21T19:39:42.165Z,uncalibrated magnetic sensor,271.5,-10.5,-228.0,271.5,-10.5,-228.0,3
712754941375429,2024-03-21T19:39:42.185Z,uncalibrated magnetic sensor,271.19998,-9.84,-228.36,271.19998,-9.84,-228.36,3
712754961372929,2024-03-21T19:39:42.205Z,uncalibrated magnetic sensor,270.96,-10.38,-228.12,270.96,-10.38,-228.12,3
712754981370395,2024-03-21T19:39:42.224Z,uncalibrated magnetic sensor,271.68,-10.0199995,-228.29999,271.68,-10.0199995,-228.29999,3
712755001367928,2024-03-21T19:39:42.244Z,uncalibrated magnetic sensor,271.32,-10.32,-228.12,271.32,-10.32,-228.12,3
712755021365461,2024-03-21T19:39:42.265Z,uncalibrated magnetic sensor,271.38,-11.16,-227.64,271.38,-11.16,-227.64,3
712755041362927,2024-03-21T19:39:42.285Z,uncalibrated magnetic sensor,272.1,-10.38,-227.7,272.1,-10.38,-227.7,3
712755061360393,2024-03-21T19:39:42.305Z,uncalibrated magnetic sensor,271.97998,-10.38,-227.22,271.97998,-10.38,-227.22,3
712755081357926,2024-03-21T19:39:42.324Z,uncalibrated magnetic sensor,271.38,-10.679999,-227.7,271.38,-10.679999,-227.7,3
712755101355459,2024-03-21T19:39:42.344Z,uncalibrated magnetic sensor,271.02,-11.04,-228.48,271.02,-11.04,-228.48,3
712755121353559,2024-03-21T19:39:42.365Z,uncalibrated magnetic sensor,270.96,-11.34,-228.54,270.96,-11.34,-228.54,3
712755141351092,2024-03-21T19:39:42.385Z,uncalibrated magnetic sensor,271.32,-11.04,-228.18,271.32,-11.04,-228.18,3
712755161348625,2024-03-21T19:39:42.404Z,uncalibrated magnetic sensor,271.38,-10.38,-227.76,271.38,-10.38,-227.76,3
712755181346058,2024-03-21T19:39:42.424Z,uncalibrated magnetic sensor,270.9,-10.92,-228.12,270.9,-10.92,-228.12,3
712755201343491,2024-03-21T19:39:42.444Z,uncalibrated magnetic sensor,270.6,-10.98,-228.72,270.6,-10.98,-228.72,3
712755221374357,2024-03-21T19:39:42.465Z,uncalibrated magnetic sensor,270.54,-10.44,-229.37999,270.54,-10.44,-229.37999,3
712755241405323,2024-03-21T19:39:42.484Z,uncalibrated magnetic sensor,271.13998,-10.38,-228.12,271.13998,-10.38,-228.12,3
712755261436323,2024-03-21T19:39:42.504Z,uncalibrated magnetic sensor,271.02,-10.8,-226.62,271.02,-10.8,-226.62,3
712755281467423,2024-03-21T19:39:42.524Z,uncalibrated magnetic sensor,270.36,-11.46,-227.45999,270.36,-11.46,-227.45999,3
712755301498589,2024-03-21T19:39:42.545Z,uncalibrated magnetic sensor,270.18,-11.219999,-228.42,270.18,-11.219999,-228.42,3
712755321529689,2024-03-21T19:39:42.565Z,uncalibrated magnetic sensor,270.78,-10.5,-228.18,270.78,-10.5,-228.18,3
712755341560789,2024-03-21T19:39:42.584Z,uncalibrated magnetic sensor,270.9,-10.86,-227.58,270.9,-10.86,-227.58,3
712755361591955,2024-03-21T19:39:42.605Z,uncalibrated magnetic sensor,270.66,-11.16,-227.51999,270.66,-11.16,-227.51999,3
712755381623421,2024-03-21T19:39:42.625Z,uncalibrated magnetic sensor,270.84,-10.26,-227.58,270.84,-10.26,-227.58,3
712755401654521,2024-03-21T19:39:42.644Z,uncalibrated magnetic sensor,270.6,-10.559999,-227.34,270.6,-10.559999,-227.34,3
712755421684921,2024-03-21T19:39:42.665Z,uncalibrated magnetic sensor,270.24,-12.3,-226.92,270.24,-12.3,-226.92,3
712755441715387,2024-03-21T19:39:42.685Z,uncalibrated magnetic sensor,270.0,-12.54,-227.28,270.0,-12.54,-227.28,3
712755461746487,2024-03-21T19:39:42.704Z,uncalibrated magnetic sensor,269.88,-12.059999,-227.58,269.88,-12.059999,-227.58,3
712755481777587,2024-03-21T19:39:42.724Z,uncalibrated magnetic sensor,270.06,-12.179999,-227.34,270.06,-12.179999,-227.34,3
712755501808753,2024-03-21T19:39:42.744Z,uncalibrated magnetic sensor,270.12,-12.719999,-226.92,270.12,-12.719999,-226.92,3
712755521839219,2024-03-21T19:39:42.765Z,uncalibrated magnetic sensor,270.24,-12.719999,-227.28,270.24,-12.719999,-227.28,3
712755541870319,2024-03-21T19:39:42.785Z,uncalibrated magnetic sensor,270.54,-11.88,-227.87999,270.54,-11.88,-227.87999,3
712755561901419,2024-03-21T19:39:42.804Z,uncalibrated magnetic sensor,270.78,-12.3,-228.0,270.78,-12.3,-228.0,3
712755581932552,2024-03-21T19:39:42.825Z,uncalibrated magnetic sensor,270.72,-12.54,-228.42,270.72,-12.54,-228.42,3
712755601963685,2024-03-21T19:39:42.845Z,uncalibrated magnetic sensor,270.6,-12.0,-228.65999,270.6,-12.0,-228.65999,3
712755621994751,2024-03-21T19:39:42.864Z,uncalibrated magnetic sensor,270.24,-11.5199995,-228.78,270.24,-11.5199995,-228.78,3
712755642025884,2024-03-21T19:39:42.886Z,uncalibrated magnetic sensor,269.94,-11.04,-228.42,269.94,-11.04,-228.42,3
712755662057017,2024-03-21T19:39:42.906Z,uncalibrated magnetic sensor,270.12,-11.04,-227.76,270.12,-11.04,-227.76,3
712755682088083,2024-03-21T19:39:42.926Z,uncalibrated magnetic sensor,270.54,-11.34,-228.36,270.54,-11.34,-228.36,3
712755702119183,2024-03-21T19:39:42.946Z,uncalibrated magnetic sensor,269.75998,-11.4,-228.78,269.75998,-11.4,-228.78,3
712755722150349,2024-03-21T19:39:42.966Z,uncalibrated magnetic sensor,269.69998,-11.759999,-228.78,269.69998,-11.759999,-228.78,3
712755742181515,2024-03-21T19:39:42.986Z,uncalibrated magnetic sensor,270.24,-11.82,-228.54,270.24,-11.82,-228.54,3
712755762704430,2024-03-21T19:39:43.005Z,uncalibrated magnetic sensor,270.41998,-11.639999,-227.15999,270.41998,-11.639999,-227.15999,3
712755782735596,2024-03-21T19:39:43.026Z,uncalibrated magnetic sensor,271.02,-11.759999,-227.28,271.02,-11.759999,-227.28,3
712755802766762,2024-03-21T19:39:43.046Z,uncalibrated magnetic sensor,271.08,-11.759999,-227.81999,271.08,-11.759999,-227.81999,3
712755822764495,2024-03-21T19:39:43.065Z,uncalibrated magnetic sensor,271.5,-12.24,-227.22,271.5,-12.24,-227.22,3
712755842762128,2024-03-21T19:39:43.086Z,uncalibrated magnetic sensor,271.32,-13.0199995,-227.28,271.32,-13.0199995,-227.28,3
712755862759728,2024-03-21T19:39:43.105Z,uncalibrated magnetic sensor,270.36,-12.78,-226.79999,270.36,-12.78,-226.79999,3
712755882757294,2024-03-21T19:39:43.126Z,uncalibrated magnetic sensor,270.72,-12.059999,-226.44,270.72,-12.059999,-226.44,3
712755902754727,2024-03-21T19:39:43.145Z,uncalibrated magnetic sensor,270.96,-11.94,-227.45999,270.96,-11.94,-227.45999,3
712755922752227,2024-03-21T19:39:43.166Z,uncalibrated magnetic sensor,270.96,-11.82,-227.87999,270.96,-11.82,-227.87999,3
712755942749727,2024-03-21T19:39:43.186Z,uncalibrated magnetic sensor,270.66,-11.639999,-227.64,270.66,-11.639999,-227.64,3
712755962747160,2024-03-21T19:39:43.205Z,uncalibrated magnetic sensor,270.3,-11.759999,-228.12,270.3,-11.759999,-228.12,3
712755982744593,2024-03-21T19:39:43.226Z,uncalibrated magnetic sensor,271.13998,-12.3,-227.87999,271.13998,-12.3,-227.87999,3
712756002742093,2024-03-21T19:39:43.246Z,uncalibrated magnetic sensor,270.96,-12.24,-227.09999,270.96,-12.24,-227.09999,3
712756022740293,2024-03-21T19:39:43.266Z,uncalibrated magnetic sensor,270.96,-10.8,-228.18,270.96,-10.8,-228.18,3
712756042738426,2024-03-21T19:39:43.286Z,uncalibrated magnetic sensor,271.13998,-10.92,-228.65999,271.13998,-10.92,-228.65999,3
712756062735926,2024-03-21T19:39:43.306Z,uncalibrated magnetic sensor,271.02,-11.46,-227.64,271.02,-11.46,-227.64,3
712756082733426,2024-03-21T19:39:43.325Z,uncalibrated magnetic sensor,271.8,-10.92,-226.44,271.8,-10.92,-226.44,3
712756102730926,2024-03-21T19:39:43.345Z,uncalibrated magnetic sensor,271.8,-10.92,-226.5,271.8,-10.92,-226.5,3
712756122729092,2024-03-21T19:39:43.366Z,uncalibrated magnetic sensor,271.5,-11.5199995,-227.04,271.5,-11.5199995,-227.04,3
712756142726625,2024-03-21T19:39:43.386Z,uncalibrated magnetic sensor,271.44,-11.82,-226.68,271.44,-11.82,-226.68,3
712756162724158,2024-03-21T19:39:43.406Z,uncalibrated magnetic sensor,270.96,-11.58,-226.56,270.96,-11.58,-226.56,3
712756182721624,2024-03-21T19:39:43.426Z,uncalibrated magnetic sensor,270.6,-11.16,-226.37999,270.6,-11.16,-226.37999,3
712756202719090,2024-03-21T19:39:43.446Z,uncalibrated magnetic sensor,270.84,-10.62,-227.15999,270.84,-10.62,-227.15999,3
712756222716623,2024-03-21T19:39:43.465Z,uncalibrated magnetic sensor,270.9,-11.4,-228.18,270.9,-11.4,-228.18,3
712756242714156,2024-03-21T19:39:43.486Z,uncalibrated magnetic sensor,270.72,-11.88,-227.4,270.72,-11.88,-227.4,3
712756262711622,2024-03-21T19:39:43.505Z,uncalibrated magnetic sensor,270.96,-11.94,-226.37999,270.96,-11.94,-226.37999,3
712756282709155,2024-03-21T19:39:43.526Z,uncalibrated magnetic sensor,270.54,-11.5199995,-226.37999,270.54,-11.5199995,-226.37999,3
712756302706655,2024-03-21T19:39:43.546Z,uncalibrated magnetic sensor,270.41998,-10.86,-226.37999,270.41998,-10.86,-226.37999,3
712756322704155,2024-03-21T19:39:43.566Z,uncalibrated magnetic sensor,271.38,-11.5199995,-226.14,271.38,-11.5199995,-226.14,3
712756342701721,2024-03-21T19:39:43.586Z,uncalibrated magnetic sensor,271.62,-11.7,-226.14,271.62,-11.7,-226.14,3
712756362699354,2024-03-21T19:39:43.605Z,uncalibrated magnetic sensor,270.84,-12.0,-226.92,270.84,-12.0,-226.92,3
712756382696987,2024-03-21T19:39:43.625Z,uncalibrated magnetic sensor,270.66,-12.059999,-226.86,270.66,-12.059999,-226.86,3
712756402694553,2024-03-21T19:39:43.645Z,uncalibrated magnetic sensor,270.96,-10.8,-227.09999,270.96,-10.8,-227.09999,3
712756422691486,2024-03-21T19:39:43.665Z,uncalibrated magnetic sensor,271.44,-11.04,-227.34,271.44,-11.04,-227.34,3
712756442689119,2024-03-21T19:39:43.685Z,uncalibrated magnetic sensor,271.74,-11.94,-226.73999,271.74,-11.94,-226.73999,3
712756462686685,2024-03-21T19:39:43.706Z,uncalibrated magnetic sensor,270.9,-11.58,-226.73999,270.9,-11.58,-226.73999,3
712756482684251,2024-03-21T19:39:43.725Z,uncalibrated magnetic sensor,270.18,-12.0,-226.37999,270.18,-12.0,-226.37999,3
712756502681184,2024-03-21T19:39:43.745Z,uncalibrated magnetic sensor,269.88,-12.54,-226.86,269.88,-12.54,-226.86,3
712756522678817,2024-03-21T19:39:43.766Z,uncalibrated magnetic sensor,269.75998,-12.78,-227.34,269.75998,-12.78,-227.34,3
712756542676383,2024-03-21T19:39:43.786Z,uncalibrated magnetic sensor,269.75998,-12.48,-226.31999,269.75998,-12.48,-226.31999,3
712756562674016,2024-03-21T19:39:43.806Z,uncalibrated magnetic sensor,269.46,-12.24,-225.59999,269.46,-12.24,-225.59999,3
712756582671649,2024-03-21T19:39:43.826Z,uncalibrated magnetic sensor,270.18,-12.42,-226.01999,270.18,-12.42,-226.01999,3
712756602669282,2024-03-21T19:39:43.845Z,uncalibrated magnetic sensor,269.94,-12.78,-226.26,269.94,-12.78,-226.26,3
712756622666848,2024-03-21T19:39:43.865Z,uncalibrated magnetic sensor,269.4,-13.0199995,-226.5,269.4,-13.0199995,-226.5,3
712756642664481,2024-03-21T19:39:43.885Z,uncalibrated magnetic sensor,269.88,-12.78,-227.87999,269.88,-12.78,-227.87999,3
712756662662114,2024-03-21T19:39:43.905Z,uncalibrated magnetic sensor,270.12,-11.7,-228.12,270.12,-11.7,-228.12,3
712756682659680,2024-03-21T19:39:43.926Z,uncalibrated magnetic sensor,270.54,-10.92,-228.48,270.54,-10.92,-228.48,3
712756702657246,2024-03-21T19:39:43.946Z,uncalibrated magnetic sensor,270.3,-11.5199995,-229.14,270.3,-11.5199995,-229.14,3
712756722654846,2024-03-21T19:39:43.965Z,uncalibrated magnetic sensor,270.06,-11.4,-228.65999,270.06,-11.4,-228.65999,3
712756742652479,2024-03-21T19:39:43.986Z,uncalibrated magnetic sensor,270.0,-11.94,-227.81999,270.0,-11.94,-227.81999,3
712756762650045,2024-03-21T19:39:44.006Z,uncalibrated magnetic sensor,270.54,-11.88,-227.94,270.54,-11.88,-227.94,3
712756782647678,2024-03-21T19:39:44.025Z,uncalibrated magnetic sensor,271.13998,-11.16,-228.42,271.13998,-11.16,-228.42,3
712756802645311,2024-03-21T19:39:44.045Z,uncalibrated magnetic sensor,270.78,-11.759999,-227.76,270.78,-11.759999,-227.76,3
712756822642877,2024-03-21T19:39:44.066Z,uncalibrated magnetic sensor,270.54,-12.48,-227.22,270.54,-12.48,-227.22,3
712756842640443,2024-03-21T19:39:44.085Z,uncalibrated magnetic sensor,270.9,-12.24,-226.5,270.9,-12.24,-226.5,3
712756862638076,2024-03-21T19:39:44.105Z,uncalibrated magnetic sensor,270.96,-12.599999,-226.79999,270.96,-12.599999,-226.79999,3
712756882635709,2024-03-21T19:39:44.126Z,uncalibrated magnetic sensor,269.94,-13.139999,-227.22,269.94,-13.139999,-227.22,3
712756902633275,2024-03-21T19:39:44.145Z,uncalibrated magnetic sensor,270.06,-13.0199995,-226.86,270.06,-13.0199995,-226.86,3
712756922630841,2024-03-21T19:39:44.165Z,uncalibrated magnetic sensor,270.3,-12.719999,-226.2,270.3,-12.719999,-226.2,3
712756942628341,2024-03-21T19:39:44.186Z,uncalibrated magnetic sensor,269.34,-13.139999,-226.31999,269.34,-13.139999,-226.31999,3
712756962625774,2024-03-21T19:39:44.205Z,uncalibrated magnetic sensor,269.1,-13.32,-227.64,269.1,-13.32,-227.64,3
712756982623207,2024-03-21T19:39:44.225Z,uncalibrated magnetic sensor,269.82,-12.059999,-227.81999,269.82,-12.059999,-227.81999,3
712757002620707,2024-03-21T19:39:44.246Z,uncalibrated magnetic sensor,270.18,-11.759999,-227.28,270.18,-11.759999,-227.28,3
712757022618907,2024-03-21T19:39:44.265Z,uncalibrated magnetic sensor,269.75998,-11.5199995,-227.7,269.75998,-11.5199995,-227.7,3
712757042616340,2024-03-21T19:39:44.285Z,uncalibrated magnetic sensor,269.52,-11.82,-227.51999,269.52,-11.82,-227.51999,3
712757062613840,2024-03-21T19:39:44.306Z,uncalibrated magnetic sensor,270.66,-12.42,-226.62,270.66,-12.42,-226.62,3
712757082611340,2024-03-21T19:39:44.325Z,uncalibrated magnetic sensor,271.25998,-12.12,-226.62,271.25998,-12.12,-226.62,3
712757102609540,2024-03-21T19:39:44.346Z,uncalibrated magnetic sensor,271.08,-11.94,-226.37999,271.08,-11.94,-226.37999,3
712757122606973,2024-03-21T19:39:44.365Z,uncalibrated magnetic sensor,271.32,-11.88,-226.73999,271.32,-11.88,-226.73999,3
712757142604506,2024-03-21T19:39:44.386Z,uncalibrated magnetic sensor,270.84,-11.88,-226.98,270.84,-11.88,-226.98,3
712757162602039,2024-03-21T19:39:44.406Z,uncalibrated magnetic sensor,270.54,-12.179999,-226.2,270.54,-12.179999,-226.2,3
712757182599505,2024-03-21T19:39:44.426Z,uncalibrated magnetic sensor,270.9,-12.78,-226.2,270.9,-12.78,-226.2,3
712757202596971,2024-03-21T19:39:44.446Z,uncalibrated magnetic sensor,270.18,-12.719999,-226.62,270.18,-12.719999,-226.62,3
712757222594504,2024-03-21T19:39:44.466Z,uncalibrated magnetic sensor,269.28,-12.36,-226.86,269.28,-12.36,-226.86,3
712757242592037,2024-03-21T19:39:44.485Z,uncalibrated magnetic sensor,270.06,-12.3,-227.4,270.06,-12.3,-227.4,3
712757262589503,2024-03-21T19:39:44.505Z,uncalibrated magnetic sensor,270.72,-12.179999,-228.0,270.72,-12.179999,-228.0,3
712757282587036,2024-03-21T19:39:44.525Z,uncalibrated magnetic sensor,270.24,-12.599999,-227.64,270.24,-12.599999,-227.64,3
712757302584569,2024-03-21T19:39:44.545Z,uncalibrated magnetic sensor,270.6,-12.12,-227.04,270.6,-12.12,-227.04,3
712757322582035,2024-03-21T19:39:44.566Z,uncalibrated magnetic sensor,270.72,-11.7,-227.45999,270.72,-11.7,-227.45999,3
712757342579468,2024-03-21T19:39:44.585Z,uncalibrated magnetic sensor,270.6,-12.059999,-226.86,270.6,-12.059999,-226.86,3
712757362577001,2024-03-21T19:39:44.605Z,uncalibrated magnetic sensor,270.36,-12.78,-226.26,270.36,-12.78,-226.26,3
712757382574634,2024-03-21T19:39:44.626Z,uncalibrated magnetic sensor,269.88,-13.259999,-226.62,269.88,-13.259999,-226.62,3
712757402572300,2024-03-21T19:39:44.646Z,uncalibrated magnetic sensor,270.06,-12.66,-226.92,270.06,-12.66,-226.92,3
712757422569366,2024-03-21T19:39:44.666Z,uncalibrated magnetic sensor,270.3,-12.42,-227.51999,270.3,-12.42,-227.51999,3
712757442566232,2024-03-21T19:39:44.685Z,uncalibrated magnetic sensor,270.47998,-12.3,-227.34,270.47998,-12.3,-227.34,3
712757462564032,2024-03-21T19:39:44.706Z,uncalibrated magnetic sensor,270.96,-12.48,-226.79999,270.96,-12.48,-226.79999,3
712757482561832,2024-03-21T19:39:44.726Z,uncalibrated magnetic sensor,270.36,-12.12,-226.92,270.36,-12.12,-226.92,3
712757502559698,2024-03-21T19:39:44.746Z,uncalibrated magnetic sensor,269.28,-11.88,-226.26,269.28,-11.88,-226.26,3
712757522557898,2024-03-21T19:39:44.766Z,uncalibrated magnetic sensor,269.46,-13.259999,-226.14,269.46,-13.259999,-226.14,3
712757542555698,2024-03-21T19:39:44.786Z,uncalibrated magnetic sensor,270.12,-13.92,-226.5,270.12,-13.92,-226.5,3
712757562553564,2024-03-21T19:39:44.806Z,uncalibrated magnetic sensor,270.78,-13.559999,-226.92,270.78,-13.559999,-226.92,3
712757582551430,2024-03-21T19:39:44.826Z,uncalibrated magnetic sensor,270.24,-13.38,-227.09999,270.24,-13.38,-227.09999,3
712757602549296,2024-03-21T19:39:44.846Z,uncalibrated magnetic sensor,270.0,-12.9,-226.92,270.0,-12.9,-226.92,3
712757622547096,2024-03-21T19:39:44.866Z,uncalibrated magnetic sensor,270.24,-12.78,-227.58,270.24,-12.78,-227.58,3
712757642544962,2024-03-21T19:39:44.885Z,uncalibrated magnetic sensor,270.6,-12.24,-228.12,270.6,-12.24,-228.12,3
712757662542828,2024-03-21T19:39:44.906Z,uncalibrated magnetic sensor,270.84,-11.639999,-226.92,270.84,-11.639999,-226.92,3
712757682540628,2024-03-21T19:39:44.925Z,uncalibrated magnetic sensor,269.88,-11.88,-226.86,269.88,-11.88,-226.86,3
712757702538428,2024-03-21T19:39:44.946Z,uncalibrated magnetic sensor,269.52,-11.099999,-227.64,269.52,-11.099999,-227.64,3
712757722536294,2024-03-21T19:39:44.966Z,uncalibrated magnetic sensor,270.0,-11.099999,-227.15999,270.0,-11.099999,-227.15999,3
712757742534127,2024-03-21T19:39:44.985Z,uncalibrated magnetic sensor,270.66,-11.5199995,-227.87999,270.66,-11.5199995,-227.87999,3
712757762531893,2024-03-21T19:39:45.005Z,uncalibrated magnetic sensor,270.78,-11.58,-228.78,270.78,-11.58,-228.78,3
712757782529726,2024-03-21T19:39:45.026Z,uncalibrated magnetic sensor,270.6,-11.28,-228.65999,270.6,-11.28,-228.65999,3
712757802527092,2024-03-21T19:39:45.045Z,uncalibrated magnetic sensor,270.84,-10.2,-228.9,270.84,-10.2,-228.9,3
712757822524392,2024-03-21T19:39:45.066Z,uncalibrated magnetic sensor,270.9,-10.38,-228.78,270.9,-10.38,-228.78,3
712757842520458,2024-03-21T19:39:45.086Z,uncalibrated magnetic sensor,271.38,-10.86,-227.81999,271.38,-10.86,-227.81999,3
712757862516658,2024-03-21T19:39:45.106Z,uncalibrated magnetic sensor,271.8,-10.86,-227.87999,271.8,-10.86,-227.87999,3
712757882512924,2024-03-21T19:39:45.126Z,uncalibrated magnetic sensor,271.38,-10.74,-228.23999,271.38,-10.74,-228.23999,3
712757902509257,2024-03-21T19:39:45.146Z,uncalibrated magnetic sensor,270.41998,-10.74,-228.23999,270.41998,-10.74,-228.23999,3
712757922505723,2024-03-21T19:39:45.165Z,uncalibrated magnetic sensor,270.0,-11.099999,-228.65999,270.0,-11.099999,-228.65999,3
712757942502256,2024-03-21T19:39:45.185Z,uncalibrated magnetic sensor,270.72,-11.759999,-228.0,270.72,-11.759999,-228.0,3
712757962498822,2024-03-21T19:39:45.206Z,uncalibrated magnetic sensor,270.78,-12.0,-227.04,270.78,-12.0,-227.04,3
712757982495355,2024-03-21T19:39:45.225Z,uncalibrated magnetic sensor,270.54,-11.5199995,-227.94,270.54,-11.5199995,-227.94,3
712758002491921,2024-03-21T19:39:45.245Z,uncalibrated magnetic sensor,271.25998,-11.58,-228.36,271.25998,-11.58,-228.36,3
712758022489221,2024-03-21T19:39:45.266Z,uncalibrated magnetic sensor,271.5,-11.88,-228.72,271.5,-11.88,-228.72,3
712758042486787,2024-03-21T19:39:45.286Z,uncalibrated magnetic sensor,270.96,-11.16,-228.42,270.96,-11.16,-228.42,3
712758062483487,2024-03-21T19:39:45.305Z,uncalibrated magnetic sensor,271.02,-10.62,-227.58,271.02,-10.62,-227.58,3
712758082480253,2024-03-21T19:39:45.326Z,uncalibrated magnetic sensor,271.44,-10.679999,-227.64,271.44,-10.679999,-227.64,3
712758102477086,2024-03-21T19:39:45.345Z,uncalibrated magnetic sensor,271.08,-10.74,-227.7,271.08,-10.74,-227.7,3
712758122473652,2024-03-21T19:39:45.365Z,uncalibrated magnetic sensor,270.72,-11.46,-227.87999,270.72,-11.46,-227.87999,3
712758142470685,2024-03-21T19:39:45.385Z,uncalibrated magnetic sensor,271.02,-11.34,-227.45999,271.02,-11.34,-227.45999,3
712758162467785,2024-03-21T19:39:45.406Z,uncalibrated magnetic sensor,271.19998,-10.8,-226.26,271.19998,-10.8,-226.26,3
712758182465218,2024-03-21T19:39:45.425Z,uncalibrated magnetic sensor,271.32,-11.099999,-226.08,271.32,-11.099999,-226.08,3
712758202462451,2024-03-21T19:39:45.445Z,uncalibrated magnetic sensor,271.19998,-10.92,-226.5,271.19998,-10.92,-226.5,3
712758222459817,2024-03-21T19:39:45.465Z,uncalibrated magnetic sensor,271.56,-11.46,-226.2,271.56,-11.46,-226.2,3
712758242457250,2024-03-21T19:39:45.485Z,uncalibrated magnetic sensor,271.5,-11.58,-226.62,271.5,-11.58,-226.62,3
712758262454750,2024-03-21T19:39:45.506Z,uncalibrated magnetic sensor,270.78,-11.4,-227.15999,270.78,-11.4,-227.15999,3
712758282452383,2024-03-21T19:39:45.526Z,uncalibrated magnetic sensor,271.32,-11.82,-227.04,271.32,-11.82,-227.04,3
712758302450083,2024-03-21T19:39:45.545Z,uncalibrated magnetic sensor,271.44,-11.219999,-226.37999,271.44,-11.219999,-226.37999,3
712758322448116,2024-03-21T19:39:45.565Z,uncalibrated magnetic sensor,271.25998,-11.28,-227.04,271.25998,-11.28,-227.04,3
712758342445949,2024-03-21T19:39:45.585Z,uncalibrated magnetic sensor,271.74,-11.5199995,-227.4,271.74,-11.5199995,-227.4,3
712758362443915,2024-03-21T19:39:45.605Z,uncalibrated magnetic sensor,271.02,-11.34,-226.26,271.02,-11.34,-226.26,3
712758382441948,2024-03-21T19:39:45.626Z,uncalibrated magnetic sensor,270.84,-10.74,-226.73999,270.84,-10.74,-226.73999,3
712758402440514,2024-03-21T19:39:45.646Z,uncalibrated magnetic sensor,270.84,-10.74,-227.15999,270.84,-10.74,-227.15999,3
712758422439214,2024-03-21T19:39:45.666Z,uncalibrated magnetic sensor,270.72,-12.179999,-227.04,270.72,-12.179999,-227.04,3
712758442439214,2024-03-21T19:39:45.686Z,uncalibrated magnetic sensor,271.62,-12.0,-227.58,271.62,-12.0,-227.58,3
712758462439214,2024-03-21T19:39:45.705Z,uncalibrated magnetic sensor,271.91998,-11.34,-226.92,271.91998,-11.34,-226.92,3
712758482439214,2024-03-21T19:39:45.725Z,uncalibrated magnetic sensor,271.02,-12.12,-227.22,271.02,-12.12,-227.22,3
712758502439214,2024-03-21T19:39:45.746Z,uncalibrated magnetic sensor,270.41998,-11.88,-227.7,270.41998,-11.88,-227.7,3
712758522439214,2024-03-21T19:39:45.766Z,uncalibrated magnetic sensor,270.84,-11.28,-227.28,270.84,-11.28,-227.28,3
712758542439214,2024-03-21T19:39:45.786Z,uncalibrated magnetic sensor,271.25998,-11.219999,-226.98,271.25998,-11.219999,-226.98,3
712758562439214,2024-03-21T19:39:45.806Z,uncalibrated magnetic sensor,270.78,-11.94,-227.04,270.78,-11.94,-227.04,3
712758582439214,2024-03-21T19:39:45.826Z,uncalibrated magnetic sensor,270.0,-12.059999,-228.23999,270.0,-12.059999,-228.23999,3
712758602439214,2024-03-21T19:39:45.845Z,uncalibrated magnetic sensor,270.24,-11.94,-228.48,270.24,-11.94,-228.48,3
712758622439214,2024-03-21T19:39:45.865Z,uncalibrated magnetic sensor,270.3,-12.599999,-227.51999,270.3,-12.599999,-227.51999,3
712758642439214,2024-03-21T19:39:45.886Z,uncalibrated magnetic sensor,270.36,-12.9,-226.86,270.36,-12.9,-226.86,3
712758662439214,2024-03-21T19:39:45.906Z,uncalibrated magnetic sensor,270.66,-12.9,-227.04,270.66,-12.9,-227.04,3
712758682439214,2024-03-21T19:39:45.925Z,uncalibrated magnetic sensor,270.24,-12.24,-227.7,270.24,-12.24,-227.7,3
712758702439214,2024-03-21T19:39:45.946Z,uncalibrated magnetic sensor,270.18,-11.5199995,-228.9,270.18,-11.5199995,-228.9,3
712758722439214,2024-03-21T19:39:45.966Z,uncalibrated magnetic sensor,270.24,-11.58,-229.5,270.24,-11.58,-229.5,3
712758742439214,2024-03-21T19:39:45.985Z,uncalibrated magnetic sensor,270.0,-11.219999,-229.31999,270.0,-11.219999,-229.31999,3
712758762439214,2024-03-21T19:39:46.005Z,uncalibrated magnetic sensor,270.06,-10.559999,-229.5,270.06,-10.559999,-229.5,3
712758782438947,2024-03-21T19:39:46.026Z,uncalibrated magnetic sensor,270.12,-10.679999,-230.04,270.12,-10.679999,-230.04,3
712758802438947,2024-03-21T19:39:46.046Z,uncalibrated magnetic sensor,270.24,-10.74,-229.44,270.24,-10.74,-229.44,3
712758822439213,2024-03-21T19:39:46.066Z,uncalibrated magnetic sensor,270.24,-10.8,-229.37999,270.24,-10.8,-229.37999,3
712758842439213,2024-03-21T19:39:46.085Z,uncalibrated magnetic sensor,269.82,-11.219999,-230.09999,269.82,-11.219999,-230.09999,3
712758862439213,2024-03-21T19:39:46.105Z,uncalibrated magnetic sensor,270.18,-11.82,-230.15999,270.18,-11.82,-230.15999,3
712758882439213,2024-03-21T19:39:46.125Z,uncalibrated magnetic sensor,270.78,-11.219999,-230.4,270.78,-11.219999,-230.4,3
712758902439213,2024-03-21T19:39:46.146Z,uncalibrated magnetic sensor,270.41998,-10.98,-230.58,270.41998,-10.98,-230.58,3
712758922438946,2024-03-21T19:39:46.166Z,uncalibrated magnetic sensor,270.66,-11.16,-229.92,270.66,-11.16,-229.92,3
712758942438946,2024-03-21T19:39:46.185Z,uncalibrated magnetic sensor,271.02,-11.28,-229.79999,271.02,-11.28,-229.79999,3
712758962438946,2024-03-21T19:39:46.206Z,uncalibrated magnetic sensor,270.9,-12.599999,-229.98,270.9,-12.599999,-229.98,3
712758982438946,2024-03-21T19:39:46.226Z,uncalibrated magnetic sensor,271.02,-12.059999,-229.73999,271.02,-12.059999,-229.73999,3
712759002438946,2024-03-21T19:39:46.246Z,uncalibrated magnetic sensor,270.78,-11.58,-229.56,270.78,-11.58,-229.56,3
712759022438946,2024-03-21T19:39:46.265Z,uncalibrated magnetic sensor,271.02,-12.059999,-229.79999,271.02,-12.059999,-229.79999,3
712759042438946,2024-03-21T19:39:46.285Z,uncalibrated magnetic sensor,271.86,-11.82,-229.5,271.86,-11.82,-229.5,3
712759062438946,2024-03-21T19:39:46.306Z,uncalibrated magnetic sensor,271.25998,-11.759999,-229.5,271.25998,-11.759999,-229.5,3
712759082438946,2024-03-21T19:39:46.326Z,uncalibrated magnetic sensor,270.84,-11.46,-229.31999,270.84,-11.46,-229.31999,3
712759102438946,2024-03-21T19:39:46.345Z,uncalibrated magnetic sensor,271.25998,-11.16,-228.54,271.25998,-11.16,-228.54,3
712759122438946,2024-03-21T19:39:46.366Z,uncalibrated magnetic sensor,270.96,-11.5199995,-229.37999,270.96,-11.5199995,-229.37999,3
712759142438946,2024-03-21T19:39:46.386Z,uncalibrated magnetic sensor,270.66,-11.58,-229.01999,270.66,-11.58,-229.01999,3
712759162438946,2024-03-21T19:39:46.405Z,uncalibrated magnetic sensor,271.38,-11.46,-227.81999,271.38,-11.46,-227.81999,3
712759182438946,2024-03-21T19:39:46.425Z,uncalibrated magnetic sensor,271.86,-11.099999,-228.18,271.86,-11.099999,-228.18,3
712759202438946,2024-03-21T19:39:46.445Z,uncalibrated magnetic sensor,271.86,-10.98,-227.94,271.86,-10.98,-227.94,3
712759222438946,2024-03-21T19:39:46.466Z,uncalibrated magnetic sensor,271.68,-12.24,-227.34,271.68,-12.24,-227.34,3
712759242438946,2024-03-21T19:39:46.486Z,uncalibrated magnetic sensor,272.22,-12.36,-227.04,272.22,-12.36,-227.04,3
712759262438946,2024-03-21T19:39:46.506Z,uncalibrated magnetic sensor,271.68,-12.42,-227.34,271.68,-12.42,-227.34,3
712759282438946,2024-03-21T19:39:46.526Z,uncalibrated magnetic sensor,270.9,-12.48,-228.06,270.9,-12.48,-228.06,3
712759302438946,2024-03-21T19:39:46.545Z,uncalibrated magnetic sensor,271.32,-11.4,-228.23999,271.32,-11.4,-228.23999,3
712759322439246,2024-03-21T19:39:46.566Z,uncalibrated magnetic sensor,272.1,-11.5199995,-227.34,272.1,-11.5199995,-227.34,3
712759342439246,2024-03-21T19:39:46.585Z,uncalibrated magnetic sensor,272.16,-12.48,-226.62,272.16,-12.48,-226.62,3
712759362439246,2024-03-21T19:39:46.605Z,uncalibrated magnetic sensor,271.13998,-12.0,-226.86,271.13998,-12.0,-226.86,3
712759382439246,2024-03-21T19:39:46.626Z,uncalibrated magnetic sensor,270.84,-12.0,-226.5,270.84,-12.0,-226.5,3
712759402439246,2024-03-21T19:39:46.646Z,uncalibrated magnetic sensor,271.32,-12.78,-226.86,271.32,-12.78,-226.86,3
712759422438979,2024-03-21T19:39:46.666Z,uncalibrated magnetic sensor,271.62,-12.179999,-228.12,271.62,-12.179999,-228.12,3
712759442438979,2024-03-21T19:39:46.685Z,uncalibrated magnetic sensor,271.68,-12.0,-227.51999,271.68,-12.0,-227.51999,3
712759462438979,2024-03-21T19:39:46.706Z,uncalibrated magnetic sensor,271.86,-12.48,-227.09999,271.86,-12.48,-227.09999,3
712759482438979,2024-03-21T19:39:46.725Z,uncalibrated magnetic sensor,271.91998,-13.44,-227.58,271.91998,-13.44,-227.58,3
712759502438979,2024-03-21T19:39:46.746Z,uncalibrated magnetic sensor,271.91998,-12.719999,-227.64,271.91998,-12.719999,-227.64,3
712759522438979,2024-03-21T19:39:46.766Z,uncalibrated magnetic sensor,271.5,-11.7,-227.81999,271.5,-11.7,-227.81999,3
712759542438979,2024-03-21T19:39:46.786Z,uncalibrated magnetic sensor,271.13998,-12.059999,-227.7,271.13998,-12.059999,-227.7,3
712759562438979,2024-03-21T19:39:46.805Z,uncalibrated magnetic sensor,271.02,-12.9,-227.45999,271.02,-12.9,-227.45999,3
712759582438979,2024-03-21T19:39:46.826Z,uncalibrated magnetic sensor,270.54,-13.139999,-227.87999,270.54,-13.139999,-227.87999,3
712759602438979,2024-03-21T19:39:46.845Z,uncalibrated magnetic sensor,270.41998,-12.719999,-227.7,270.41998,-12.719999,-227.7,3
712759622438979,2024-03-21T19:39:46.865Z,uncalibrated magnetic sensor,270.9,-13.0199995,-227.45999,270.9,-13.0199995,-227.45999,3
712759642438979,2024-03-21T19:39:46.885Z,uncalibrated magnetic sensor,270.84,-13.38,-227.94,270.84,-13.38,-227.94,3
712759662438979,2024-03-21T19:39:46.905Z,uncalibrated magnetic sensor,270.06,-13.259999,-227.81999,270.06,-13.259999,-227.81999,3
712759682438979,2024-03-21T19:39:46.925Z,uncalibrated magnetic sensor,270.0,-14.04,-227.58,270.0,-14.04,-227.58,3
712759702438979,2024-03-21T19:39:46.945Z,uncalibrated magnetic sensor,270.36,-13.44,-227.64,270.36,-13.44,-227.64,3
712759722438979,2024-03-21T19:39:46.965Z,uncalibrated magnetic sensor,270.78,-12.66,-228.54,270.78,-12.66,-228.54,3
712759742438979,2024-03-21T19:39:46.985Z,uncalibrated magnetic sensor,270.72,-13.5,-228.54,270.72,-13.5,-228.54,3
712759762438979,2024-03-21T19:39:47.005Z,uncalibrated magnetic sensor,270.66,-13.32,-228.54,270.66,-13.32,-228.54,3
712759782438979,2024-03-21T19:39:47.026Z,uncalibrated magnetic sensor,270.6,-12.84,-228.95999,270.6,-12.84,-228.95999,3
712759802438979,2024-03-21T19:39:47.046Z,uncalibrated magnetic sensor,270.18,-12.66,-228.59999,270.18,-12.66,-228.59999,3
712759822439245,2024-03-21T19:39:47.065Z,uncalibrated magnetic sensor,270.24,-12.96,-229.14,270.24,-12.96,-229.14,3
712759842439245,2024-03-21T19:39:47.085Z,uncalibrated magnetic sensor,270.36,-12.9,-229.86,270.36,-12.9,-229.86,3
712759862439245,2024-03-21T19:39:47.106Z,uncalibrated magnetic sensor,270.0,-12.66,-229.44,270.0,-12.66,-229.44,3
712759882439245,2024-03-21T19:39:47.125Z,uncalibrated magnetic sensor,269.52,-12.66,-229.31999,269.52,-12.66,-229.31999,3
712759902439245,2024-03-21T19:39:47.145Z,uncalibrated magnetic sensor,270.18,-12.42,-229.14,270.18,-12.42,-229.14,3
712759922438945,2024-03-21T19:39:47.166Z,uncalibrated magnetic sensor,270.72,-12.66,-228.42,270.72,-12.66,-228.42,3
712759942438945,2024-03-21T19:39:47.185Z,uncalibrated magnetic sensor,270.24,-12.84,-228.65999,270.24,-12.84,-228.65999,3
712759962438945,2024-03-21T19:39:47.205Z,uncalibrated magnetic sensor,269.52,-13.44,-228.84,269.52,-13.44,-228.84,3
712759982438945,2024-03-21T19:39:47.225Z,uncalibrated magnetic sensor,269.28,-13.62,-228.84,269.28,-13.62,-228.84,3
712760002438945,2024-03-21T19:39:47.245Z,uncalibrated magnetic sensor,269.63998,-13.679999,-228.9,269.63998,-13.679999,-228.9,3
712760022438945,2024-03-21T19:39:47.266Z,uncalibrated magnetic sensor,270.06,-14.58,-227.58,270.06,-14.58,-227.58,3
712760042439178,2024-03-21T19:39:47.285Z,uncalibrated magnetic sensor,269.4,-13.679999,-227.15999,269.4,-13.679999,-227.15999,3
712760062439178,2024-03-21T19:39:47.306Z,uncalibrated magnetic sensor,269.63998,-12.84,-227.76,269.63998,-12.84,-227.76,3
712760082439178,2024-03-21T19:39:47.326Z,uncalibrated magnetic sensor,270.24,-12.84,-227.45999,270.24,-12.84,-227.45999,3
712760102439178,2024-03-21T19:39:47.345Z,uncalibrated magnetic sensor,269.75998,-12.66,-226.98,269.75998,-12.66,-226.98,3
712760122439178,2024-03-21T19:39:47.365Z,uncalibrated magnetic sensor,269.34,-13.44,-227.81999,269.34,-13.44,-227.81999,3
712760142439178,2024-03-21T19:39:47.386Z,uncalibrated magnetic sensor,268.97998,-13.98,-228.18,268.97998,-13.98,-228.18,3
712760162439178,2024-03-21T19:39:47.405Z,uncalibrated magnetic sensor,270.0,-14.16,-227.51999,270.0,-14.16,-227.51999,3
712760182439178,2024-03-21T19:39:47.426Z,uncalibrated magnetic sensor,270.78,-13.62,-227.7,270.78,-13.62,-227.7,3
712760202439178,2024-03-21T19:39:47.445Z,uncalibrated magnetic sensor,270.47998,-13.38,-228.0,270.47998,-13.38,-228.0,3
712760222439178,2024-03-21T19:39:47.465Z,uncalibrated magnetic sensor,270.96,-14.04,-227.58,270.96,-14.04,-227.58,3
712760242439178,2024-03-21T19:39:47.486Z,uncalibrated magnetic sensor,271.38,-13.32,-226.37999,271.38,-13.32,-226.37999,3
712760262439178,2024-03-21T19:39:47.505Z,uncalibrated magnetic sensor,270.78,-13.259999,-225.59999,270.78,-13.259999,-225.59999,3
712760282439178,2024-03-21T19:39:47.525Z,uncalibrated magnetic sensor,270.72,-12.599999,-226.01999,270.72,-12.599999,-226.01999,3
712760302439178,2024-03-21T19:39:47.545Z,uncalibrated magnetic sensor,270.6,-11.5199995,-226.5,270.6,-11.5199995,-226.5,3
712760322439444,2024-03-21T19:39:47.566Z,uncalibrated magnetic sensor,269.63998,-11.82,-226.98,269.63998,-11.82,-226.98,3
712760342439444,2024-03-21T19:39:47.585Z,uncalibrated magnetic sensor,269.88,-11.58,-226.14,269.88,-11.58,-226.14,3
712760362439444,2024-03-21T19:39:47.606Z,uncalibrated magnetic sensor,270.54,-11.34,-225.84,270.54,-11.34,-225.84,3
712760382439444,2024-03-21T19:39:47.626Z,uncalibrated magnetic sensor,270.41998,-11.4,-227.22,270.41998,-11.4,-227.22,3
712760402439444,2024-03-21T19:39:47.646Z,uncalibrated magnetic sensor,269.69998,-11.04,-227.7,269.69998,-11.04,-227.7,3
712760422439177,2024-03-21T19:39:47.665Z,uncalibrated magnetic sensor,269.58,-11.46,-227.87999,269.58,-11.46,-227.87999,3
712760442439177,2024-03-21T19:39:47.685Z,uncalibrated magnetic sensor,270.24,-11.5199995,-228.0,270.24,-11.5199995,-228.0,3
712760462439177,2024-03-21T19:39:47.705Z,uncalibrated magnetic sensor,270.41998,-11.28,-227.28,270.41998,-11.28,-227.28,3
712760482439177,2024-03-21T19:39:47.725Z,uncalibrated magnetic sensor,269.94,-11.34,-227.81999,269.94,-11.34,-227.81999,3
712760502439177,2024-03-21T19:39:47.745Z,uncalibrated magnetic sensor,269.75998,-10.86,-228.29999,269.75998,-10.86,-228.29999,3
712760522439177,2024-03-21T19:39:47.765Z,uncalibrated magnetic sensor,270.41998,-10.5,-228.84,270.41998,-10.5,-228.84,3
712760542439177,2024-03-21T19:39:47.786Z,uncalibrated magnetic sensor,270.66,-10.0199995,-229.56,270.66,-10.0199995,-229.56,3
712760562439177,2024-03-21T19:39:47.805Z,uncalibrated magnetic sensor,270.66,-10.32,-228.95999,270.66,-10.32,-228.95999,3
712760582439177,2024-03-21T19:39:47.825Z,uncalibrated magnetic sensor,270.47998,-9.96,-228.36,270.47998,-9.96,-228.36,3
712760602439177,2024-03-21T19:39:47.846Z,uncalibrated magnetic sensor,270.0,-9.36,-228.42,270.0,-9.36,-228.42,3
712760622439177,2024-03-21T19:39:47.866Z,uncalibrated magnetic sensor,271.02,-9.84,-229.01999,271.02,-9.84,-229.01999,3
712760642438943,2024-03-21T19:39:47.885Z,uncalibrated magnetic sensor,271.68,-10.26,-228.9,271.68,-10.26,-228.9,3
712760662438943,2024-03-21T19:39:47.905Z,uncalibrated magnetic sensor,270.84,-10.679999,-228.48,270.84,-10.679999,-228.48,3
712760682438943,2024-03-21T19:39:47.925Z,uncalibrated magnetic sensor,270.12,-10.8,-227.45999,270.12,-10.8,-227.45999,3
712760702438943,2024-03-21T19:39:47.946Z,uncalibrated magnetic sensor,270.24,-10.62,-227.04,270.24,-10.62,-227.04,3
712760722438943,2024-03-21T19:39:47.966Z,uncalibrated magnetic sensor,270.47998,-10.44,-227.04,270.47998,-10.44,-227.04,3
712760742438943,2024-03-21T19:39:47.985Z,uncalibrated magnetic sensor,270.84,-10.0199995,-226.56,270.84,-10.0199995,-226.56,3
712760762438943,2024-03-21T19:39:48.005Z,uncalibrated magnetic sensor,271.5,-9.84,-226.62,271.5,-9.84,-226.62,3
712760782438943,2024-03-21T19:39:48.026Z,uncalibrated magnetic sensor,271.32,-10.26,-227.09999,271.32,-10.26,-227.09999,3
712760802438943,2024-03-21T19:39:48.045Z,uncalibrated magnetic sensor,271.32,-9.78,-227.04,271.32,-9.78,-227.04,3
712760822439209,2024-03-21T19:39:48.065Z,uncalibrated magnetic sensor,271.74,-8.58,-227.34,271.74,-8.58,-227.34,3
712760842439209,2024-03-21T19:39:48.085Z,uncalibrated magnetic sensor,271.86,-8.22,-228.78,271.86,-8.22,-228.78,3
712760862439209,2024-03-21T19:39:48.105Z,uncalibrated magnetic sensor,271.91998,-8.04,-229.01999,271.91998,-8.04,-229.01999,3
712760882439209,2024-03-21T19:39:48.125Z,uncalibrated magnetic sensor,271.56,-7.98,-228.42,271.56,-7.98,-228.42,3
712760902439209,2024-03-21T19:39:48.146Z,uncalibrated magnetic sensor,270.66,-7.14,-228.9,270.66,-7.14,-228.9,3
712760922438942,2024-03-21T19:39:48.165Z,uncalibrated magnetic sensor,271.13998,-6.54,-229.86,271.13998,-6.54,-229.86,3
712760942438942,2024-03-21T19:39:48.186Z,uncalibrated magnetic sensor,271.74,-6.66,-230.28,271.74,-6.66,-230.28,3
712760962438942,2024-03-21T19:39:48.206Z,uncalibrated magnetic sensor,271.86,-6.8999996,-229.62,271.86,-6.8999996,-229.62,3
712760982438942,2024-03-21T19:39:48.226Z,uncalibrated magnetic sensor,272.4,-6.42,-229.68,272.4,-6.42,-229.68,3
712761002438942,2024-03-21T19:39:48.245Z,uncalibrated magnetic sensor,271.97998,-6.2999997,-229.68,271.97998,-6.2999997,-229.68,3
712761022438942,2024-03-21T19:39:48.266Z,uncalibrated magnetic sensor,271.86,-6.3599997,-229.68,271.86,-6.3599997,-229.68,3
712761042438942,2024-03-21T19:39:48.285Z,uncalibrated magnetic sensor,272.16,-6.18,-229.98,272.16,-6.18,-229.98,3
712761062438942,2024-03-21T19:39:48.305Z,uncalibrated magnetic sensor,272.1,-6.7799997,-229.31999,272.1,-6.7799997,-229.31999,3
712761082438942,2024-03-21T19:39:48.325Z,uncalibrated magnetic sensor,272.4,-6.72,-229.5,272.4,-6.72,-229.5,3
712761102438942,2024-03-21T19:39:48.345Z,uncalibrated magnetic sensor,272.16,-6.8999996,-229.86,272.16,-6.8999996,-229.86,3
712761122438942,2024-03-21T19:39:48.365Z,uncalibrated magnetic sensor,272.28,-6.96,-229.56,272.28,-6.96,-229.56,3
712761142438942,2024-03-21T19:39:48.386Z,uncalibrated magnetic sensor,272.52,-5.64,-229.37999,272.52,-5.64,-229.37999,3
712761162438942,2024-03-21T19:39:48.406Z,uncalibrated magnetic sensor,272.94,-4.8599997,-230.45999,272.94,-4.8599997,-230.45999,3
712761182438942,2024-03-21T19:39:48.425Z,uncalibrated magnetic sensor,273.12,-5.4,-230.7,273.12,-5.4,-230.7,3
712761202438942,2024-03-21T19:39:48.446Z,uncalibrated magnetic sensor,273.0,-5.64,-229.86,273.0,-5.64,-229.86,3
712761222438942,2024-03-21T19:39:48.466Z,uncalibrated magnetic sensor,272.94,-5.52,-230.09999,272.94,-5.52,-230.09999,3
712761242438942,2024-03-21T19:39:48.485Z,uncalibrated magnetic sensor,273.72,-4.92,-230.15999,273.72,-4.92,-230.15999,3
712761262438942,2024-03-21T19:39:48.505Z,uncalibrated magnetic sensor,273.9,-4.7999997,-229.37999,273.9,-4.7999997,-229.37999,3
712761282438942,2024-03-21T19:39:48.526Z,uncalibrated magnetic sensor,273.12,-5.3399997,-228.84,273.12,-5.3399997,-228.84,3
712761302438942,2024-03-21T19:39:48.546Z,uncalibrated magnetic sensor,273.24,-5.52,-227.51999,273.24,-5.52,-227.51999,3
712761322439175,2024-03-21T19:39:48.566Z,uncalibrated magnetic sensor,274.02,-5.4,-227.09999,274.02,-5.4,-227.09999,3
712761342439175,2024-03-21T19:39:48.586Z,uncalibrated magnetic sensor,273.96,-5.16,-227.94,273.96,-5.16,-227.94,3
712761362439175,2024-03-21T19:39:48.606Z,uncalibrated magnetic sensor,273.3,-5.64,-227.76,273.3,-5.64,-227.76,3
712761382439175,2024-03-21T19:39:48.626Z,uncalibrated magnetic sensor,273.47998,-6.18,-228.42,273.47998,-6.18,-228.42,3
712761402439175,2024-03-21T19:39:48.645Z,uncalibrated magnetic sensor,272.46,-5.94,-229.31999,272.46,-5.94,-229.31999,3
712761422438908,2024-03-21T19:39:48.665Z,uncalibrated magnetic sensor,272.63998,-5.8799996,-229.92,272.63998,-5.8799996,-229.92,3
712761442438908,2024-03-21T19:39:48.686Z,uncalibrated magnetic sensor,274.02,-6.66,-230.34,274.02,-6.66,-230.34,3
712761462438908,2024-03-21T19:39:48.706Z,uncalibrated magnetic sensor,272.94,-7.44,-229.86,272.94,-7.44,-229.86,3
712761482438908,2024-03-21T19:39:48.725Z,uncalibrated magnetic sensor,272.16,-7.3799996,-229.31999,272.16,-7.3799996,-229.31999,3
712761502438908,2024-03-21T19:39:48.745Z,uncalibrated magnetic sensor,272.58,-6.8399997,-228.72,272.58,-6.8399997,-228.72,3
712761522438908,2024-03-21T19:39:48.766Z,uncalibrated magnetic sensor,272.63998,-6.12,-229.31999,272.63998,-6.12,-229.31999,3
712761542438908,2024-03-21T19:39:48.785Z,uncalibrated magnetic sensor,272.52,-6.48,-229.68,272.52,-6.48,-229.68,3
712761562438908,2024-03-21T19:39:48.806Z,uncalibrated magnetic sensor,272.82,-7.8599997,-229.31999,272.82,-7.8599997,-229.31999,3
712761582438908,2024-03-21T19:39:48.825Z,uncalibrated magnetic sensor,273.18,-8.28,-229.08,273.18,-8.28,-229.08,3
712761602438908,2024-03-21T19:39:48.845Z,uncalibrated magnetic sensor,272.69998,-7.56,-229.01999,272.69998,-7.56,-229.01999,3
712761622438908,2024-03-21T19:39:48.866Z,uncalibrated magnetic sensor,272.34,-6.72,-229.2,272.34,-6.72,-229.2,3
712761642438908,2024-03-21T19:39:48.886Z,uncalibrated magnetic sensor,272.63998,-7.2,-229.68,272.63998,-7.2,-229.68,3
712761662438908,2024-03-21T19:39:48.906Z,uncalibrated magnetic sensor,272.16,-7.74,-229.68,272.16,-7.74,-229.68,3
712761682438908,2024-03-21T19:39:48.925Z,uncalibrated magnetic sensor,272.04,-7.44,-229.68,272.04,-7.44,-229.68,3
712761702438908,2024-03-21T19:39:48.946Z,uncalibrated magnetic sensor,272.22,-7.2599998,-229.92,272.22,-7.2599998,-229.92,3
712761722438908,2024-03-21T19:39:48.966Z,uncalibrated magnetic sensor,272.58,-8.04,-229.92,272.58,-8.04,-229.92,3
712761742438908,2024-03-21T19:39:48.986Z,uncalibrated magnetic sensor,272.88,-8.04,-229.86,272.88,-8.04,-229.86,3
712761762438908,2024-03-21T19:39:49.005Z,uncalibrated magnetic sensor,272.63998,-7.44,-228.78,272.63998,-7.44,-228.78,3
712761782438908,2024-03-21T19:39:49.025Z,uncalibrated magnetic sensor,272.69998,-7.68,-227.64,272.69998,-7.68,-227.64,3
712761802438908,2024-03-21T19:39:49.045Z,uncalibrated magnetic sensor,272.28,-7.68,-227.09999,272.28,-7.68,-227.09999,3
712761822439174,2024-03-21T19:39:49.065Z,uncalibrated magnetic sensor,272.34,-7.56,-226.68,272.34,-7.56,-226.68,3
712761842439174,2024-03-21T19:39:49.085Z,uncalibrated magnetic sensor,272.63998,-7.2599998,-227.28,272.63998,-7.2599998,-227.28,3
712761862439174,2024-03-21T19:39:49.105Z,uncalibrated magnetic sensor,272.52,-7.5,-228.36,272.52,-7.5,-228.36,3
712761882439174,2024-03-21T19:39:49.126Z,uncalibrated magnetic sensor,271.97998,-7.5,-228.9,271.97998,-7.5,-228.9,3
712761902439174,2024-03-21T19:39:49.145Z,uncalibrated magnetic sensor,271.97998,-6.7799997,-230.09999,271.97998,-6.7799997,-230.09999,3
712761922438940,2024-03-21T19:39:49.165Z,uncalibrated magnetic sensor,272.34,-6.3599997,-230.64,272.34,-6.3599997,-230.64,3
712761942438940,2024-03-21T19:39:49.185Z,uncalibrated magnetic sensor,271.86,-6.54,-230.51999,271.86,-6.54,-230.51999,3
712761962438940,2024-03-21T19:39:49.205Z,uncalibrated magnetic sensor,271.8,-6.6,-230.4,271.8,-6.6,-230.4,3
712761982438940,2024-03-21T19:39:49.225Z,uncalibrated magnetic sensor,272.28,-6.72,-229.56,272.28,-6.72,-229.56,3
712762002438940,2024-03-21T19:39:49.245Z,uncalibrated magnetic sensor,272.46,-7.8599997,-229.37999,272.46,-7.8599997,-229.37999,3
712762022438940,2024-03-21T19:39:49.266Z,uncalibrated magnetic sensor,272.4,-7.8599997,-229.86,272.4,-7.8599997,-229.86,3
712762042438940,2024-03-21T19:39:49.286Z,uncalibrated magnetic sensor,272.28,-7.62,-229.5,272.28,-7.62,-229.5,3
712762062438940,2024-03-21T19:39:49.305Z,uncalibrated magnetic sensor,272.58,-8.16,-229.44,272.58,-8.16,-229.44,3
712762082438940,2024-03-21T19:39:49.325Z,uncalibrated magnetic sensor,272.4,-8.4,-229.79999,272.4,-8.4,-229.79999,3
712762102438940,2024-03-21T19:39:49.346Z,uncalibrated magnetic sensor,271.91998,-8.82,-228.78,271.91998,-8.82,-228.78,3
712762122438940,2024-03-21T19:39:49.365Z,uncalibrated magnetic sensor,271.97998,-9.12,-228.54,271.97998,-9.12,-228.54,3
712762142438940,2024-03-21T19:39:49.385Z,uncalibrated magnetic sensor,272.1,-8.7,-228.84,272.1,-8.7,-228.84,3
712762162438940,2024-03-21T19:39:49.406Z,uncalibrated magnetic sensor,272.46,-7.74,-229.56,272.46,-7.74,-229.56,3
712762182438940,2024-03-21T19:39:49.425Z,uncalibrated magnetic sensor,271.97998,-8.22,-230.28,271.97998,-8.22,-230.28,3
712762202438940,2024-03-21T19:39:49.445Z,uncalibrated magnetic sensor,271.62,-8.22,-229.86,271.62,-8.22,-229.86,3
712762222438940,2024-03-21T19:39:49.466Z,uncalibrated magnetic sensor,272.04,-7.8599997,-229.68,272.04,-7.8599997,-229.68,3
712762242438940,2024-03-21T19:39:49.485Z,uncalibrated magnetic sensor,271.97998,-7.74,-229.08,271.97998,-7.74,-229.08,3
712762262438940,2024-03-21T19:39:49.506Z,uncalibrated magnetic sensor,271.86,-7.74,-228.36,271.86,-7.74,-228.36,3
712762282438940,2024-03-21T19:39:49.525Z,uncalibrated magnetic sensor,272.16,-7.7999997,-228.54,272.16,-7.7999997,-228.54,3
712762302438940,2024-03-21T19:39:49.545Z,uncalibrated magnetic sensor,272.16,-7.8599997,-228.78,272.16,-7.8599997,-228.78,3
712762322439206,2024-03-21T19:39:49.566Z,uncalibrated magnetic sensor,272.34,-7.74,-227.64,272.34,-7.74,-227.64,3
712762342439206,2024-03-21T19:39:49.586Z,uncalibrated magnetic sensor,272.69998,-7.68,-227.34,272.69998,-7.68,-227.34,3
712762362439206,2024-03-21T19:39:49.606Z,uncalibrated magnetic sensor,272.52,-8.4,-228.18,272.52,-8.4,-228.18,3
712762382439206,2024-03-21T19:39:49.626Z,uncalibrated magnetic sensor,272.63998,-8.34,-228.54,272.63998,-8.34,-228.54,3
712762402439206,2024-03-21T19:39:49.646Z,uncalibrated magnetic sensor,272.22,-8.5199995,-229.14,272.22,-8.5199995,-229.14,3
712762422438939,2024-03-21T19:39:49.666Z,uncalibrated magnetic sensor,271.68,-8.5199995,-229.92,271.68,-8.5199995,-229.92,3
712762442438939,2024-03-21T19:39:49.685Z,uncalibrated magnetic sensor,271.56,-8.94,-230.4,271.56,-8.94,-230.4,3
712762462438939,2024-03-21T19:39:49.705Z,uncalibrated magnetic sensor,271.74,-9.3,-229.98,271.74,-9.3,-229.98,3
712762482438939,2024-03-21T19:39:49.726Z,uncalibrated magnetic sensor,272.04,-8.94,-229.73999,272.04,-8.94,-229.73999,3
712762502438939,2024-03-21T19:39:49.745Z,uncalibrated magnetic sensor,271.5,-8.94,-228.78,271.5,-8.94,-228.78,3
712762522438939,2024-03-21T19:39:49.766Z,uncalibrated magnetic sensor,272.04,-8.46,-228.18,272.04,-8.46,-228.18,3
712762542438939,2024-03-21T19:39:49.785Z,uncalibrated magnetic sensor,272.69998,-8.34,-229.2,272.69998,-8.34,-229.2,3
712762562438939,2024-03-21T19:39:49.805Z,uncalibrated magnetic sensor,272.22,-7.98,-230.09999,272.22,-7.98,-230.09999,3
712762582438939,2024-03-21T19:39:49.825Z,uncalibrated magnetic sensor,271.86,-8.5199995,-229.73999,271.86,-8.5199995,-229.73999,3
712762602438939,2024-03-21T19:39:49.845Z,uncalibrated magnetic sensor,272.1,-9.24,-229.08,272.1,-9.24,-229.08,3
712762622438939,2024-03-21T19:39:49.866Z,uncalibrated magnetic sensor,272.4,-8.82,-229.5,272.4,-8.82,-229.5,3
712762642438939,2024-03-21T19:39:49.886Z,uncalibrated magnetic sensor,272.4,-8.639999,-229.92,272.4,-8.639999,-229.92,3
712762662438939,2024-03-21T19:39:49.905Z,uncalibrated magnetic sensor,271.8,-8.82,-229.44,271.8,-8.82,-229.44,3
712762682438939,2024-03-21T19:39:49.925Z,uncalibrated magnetic sensor,271.91998,-9.24,-228.78,271.91998,-9.24,-228.78,3
712762702438939,2024-03-21T19:39:49.946Z,uncalibrated magnetic sensor,271.5,-8.82,-229.68,271.5,-8.82,-229.68,3
712762722438939,2024-03-21T19:39:49.966Z,uncalibrated magnetic sensor,270.36,-9.24,-230.4,270.36,-9.24,-230.4,3
712762742438939,2024-03-21T19:39:49.985Z,uncalibrated magnetic sensor,271.19998,-9.36,-229.56,271.19998,-9.36,-229.56,3
712762762438939,2024-03-21T19:39:50.006Z,uncalibrated magnetic sensor,271.32,-9.24,-229.68,271.32,-9.24,-229.68,3
712762782438939,2024-03-21T19:39:50.026Z,uncalibrated magnetic sensor,271.62,-9.96,-229.68,271.62,-9.96,-229.68,3
712762802438939,2024-03-21T19:39:50.046Z,uncalibrated magnetic sensor,271.97998,-9.059999,-229.01999,271.97998,-9.059999,-229.01999,3
712762822439205,2024-03-21T19:39:50.066Z,uncalibrated magnetic sensor,271.19998,-8.88,-228.78,271.19998,-8.88,-228.78,3
712762842439205,2024-03-21T19:39:50.086Z,uncalibrated magnetic sensor,271.56,-9.719999,-228.54,271.56,-9.719999,-228.54,3
712762862439205,2024-03-21T19:39:50.106Z,uncalibrated magnetic sensor,272.1,-9.42,-228.54,272.1,-9.42,-228.54,3
712762882439205,2024-03-21T19:39:50.126Z,uncalibrated magnetic sensor,271.91998,-9.12,-228.48,271.91998,-9.12,-228.48,3
712762902439205,2024-03-21T19:39:50.145Z,uncalibrated magnetic sensor,272.04,-8.58,-229.26,272.04,-8.58,-229.26,3
712762922438938,2024-03-21T19:39:50.166Z,uncalibrated magnetic sensor,271.74,-8.4,-230.64,271.74,-8.4,-230.64,3
712762942438938,2024-03-21T19:39:50.185Z,uncalibrated magnetic sensor,271.02,-8.34,-231.23999,271.02,-8.34,-231.23999,3
712762962438938,2024-03-21T19:39:50.205Z,uncalibrated magnetic sensor,270.9,-8.5199995,-230.76,270.9,-8.5199995,-230.76,3
712762982438938,2024-03-21T19:39:50.225Z,uncalibrated magnetic sensor,271.32,-9.42,-230.64,271.32,-9.42,-230.64,3
712763002438938,2024-03-21T19:39:50.246Z,uncalibrated magnetic sensor,271.08,-8.58,-231.0,271.08,-8.58,-231.0,3
712763022438938,2024-03-21T19:39:50.265Z,uncalibrated magnetic sensor,271.02,-7.9199996,-230.76,271.02,-7.9199996,-230.76,3
712763042438938,2024-03-21T19:39:50.286Z,uncalibrated magnetic sensor,271.38,-8.22,-230.58,271.38,-8.22,-230.58,3
712763062438938,2024-03-21T19:39:50.306Z,uncalibrated magnetic sensor,271.56,-8.639999,-230.28,271.56,-8.639999,-230.28,3
712763082438938,2024-03-21T19:39:50.326Z,uncalibrated magnetic sensor,271.56,-9.3,-229.56,271.56,-9.3,-229.56,3
712763102438938,2024-03-21T19:39:50.346Z,uncalibrated magnetic sensor,271.86,-8.88,-229.68,271.86,-8.88,-229.68,3
712763122438938,2024-03-21T19:39:50.366Z,uncalibrated magnetic sensor,272.4,-9.0,-229.92,272.4,-9.0,-229.92,3
712763142438938,2024-03-21T19:39:50.385Z,uncalibrated magnetic sensor,271.91998,-9.54,-229.5,271.91998,-9.54,-229.5,3
712763162438938,2024-03-21T19:39:50.406Z,uncalibrated magnetic sensor,271.56,-9.719999,-228.54,271.56,-9.719999,-228.54,3
712763182438938,2024-03-21T19:39:50.425Z,uncalibrated magnetic sensor,272.04,-10.0199995,-228.23999,272.04,-10.0199995,-228.23999,3
712763202438938,2024-03-21T19:39:50.446Z,uncalibrated magnetic sensor,272.75998,-9.42,-229.31999,272.75998,-9.42,-229.31999,3
712763222438938,2024-03-21T19:39:50.465Z,uncalibrated magnetic sensor,273.36,-9.719999,-230.09999,273.36,-9.719999,-230.09999,3
712763242438938,2024-03-21T19:39:50.486Z,uncalibrated magnetic sensor,273.06,-9.78,-229.68,273.06,-9.78,-229.68,3
712763262439171,2024-03-21T19:39:50.506Z,uncalibrated magnetic sensor,272.46,-9.42,-229.79999,272.46,-9.42,-229.79999,3
712763282439171,2024-03-21T19:39:50.525Z,uncalibrated magnetic sensor,273.18,-9.719999,-230.09999,273.18,-9.719999,-230.09999,3
712763302439171,2024-03-21T19:39:50.546Z,uncalibrated magnetic sensor,273.6,-9.48,-229.37999,273.6,-9.48,-229.37999,3
712763322439437,2024-03-21T19:39:50.566Z,uncalibrated magnetic sensor,273.84,-9.059999,-229.73999,273.84,-9.059999,-229.73999,3
712763342439437,2024-03-21T19:39:50.585Z,uncalibrated magnetic sensor,274.5,-9.179999,-230.09999,274.5,-9.179999,-230.09999,3
712763362439437,2024-03-21T19:39:50.605Z,uncalibrated magnetic sensor,274.13998,-9.42,-229.2,274.13998,-9.42,-229.2,3
712763382439437,2024-03-21T19:39:50.625Z,uncalibrated magnetic sensor,273.78,-10.08,-228.12,273.78,-10.08,-228.12,3
712763402439437,2024-03-21T19:39:50.645Z,uncalibrated magnetic sensor,273.78,-10.62,-227.7,273.78,-10.62,-227.7,3
712763422439170,2024-03-21T19:39:50.666Z,uncalibrated magnetic sensor,273.3,-10.2,-228.12,273.3,-10.2,-228.12,3
712763442439170,2024-03-21T19:39:50.685Z,uncalibrated magnetic sensor,273.12,-9.66,-228.29999,273.12,-9.66,-228.29999,3
712763462439170,2024-03-21T19:39:50.705Z,uncalibrated magnetic sensor,273.3,-9.3,-228.95999,273.3,-9.3,-228.95999,3
712763482439403,2024-03-21T19:39:50.725Z,uncalibrated magnetic sensor,273.18,-9.78,-229.92,273.18,-9.78,-229.92,3
712763502439403,2024-03-21T19:39:50.745Z,uncalibrated magnetic sensor,273.18,-10.139999,-229.5,273.18,-10.139999,-229.5,3
712763522439403,2024-03-21T19:39:50.766Z,uncalibrated magnetic sensor,273.06,-10.44,-229.08,273.06,-10.44,-229.08,3
712763542439403,2024-03-21T19:39:50.785Z,uncalibrated magnetic sensor,272.52,-11.04,-229.5,272.52,-11.04,-229.5,3
712763562439403,2024-03-21T19:39:50.806Z,uncalibrated magnetic sensor,272.52,-11.7,-229.37999,272.52,-11.7,-229.37999,3
712763582439403,2024-03-21T19:39:50.826Z,uncalibrated magnetic sensor,272.82,-11.58,-228.23999,272.82,-11.58,-228.23999,3
712763602439403,2024-03-21T19:39:50.846Z,uncalibrated magnetic sensor,272.88,-10.74,-227.87999,272.88,-10.74,-227.87999,3
712763622439403,2024-03-21T19:39:50.866Z,uncalibrated magnetic sensor,272.82,-10.5,-227.81999,272.82,-10.5,-227.81999,3
712763642439403,2024-03-21T19:39:50.886Z,uncalibrated magnetic sensor,272.58,-10.2,-228.42,272.58,-10.2,-228.42,3
712763662439403,2024-03-21T19:39:50.906Z,uncalibrated magnetic sensor,272.75998,-9.96,-228.65999,272.75998,-9.96,-228.65999,3
712763682439403,2024-03-21T19:39:50.925Z,uncalibrated magnetic sensor,273.06,-9.48,-228.18,273.06,-9.48,-228.18,3
712763702438569,2024-03-21T19:39:50.946Z,uncalibrated magnetic sensor,272.69998,-9.78,-228.18,272.69998,-9.78,-228.18,3
712763722438569,2024-03-21T19:39:50.966Z,uncalibrated magnetic sensor,272.88,-11.04,-227.51999,272.88,-11.04,-227.51999,3
712763742438569,2024-03-21T19:39:50.986Z,uncalibrated magnetic sensor,273.0,-10.86,-227.81999,273.0,-10.86,-227.81999,3
712763762438569,2024-03-21T19:39:51.005Z,uncalibrated magnetic sensor,272.16,-10.559999,-228.95999,272.16,-10.559999,-228.95999,3
712763782438569,2024-03-21T19:39:51.026Z,uncalibrated magnetic sensor,273.0,-11.46,-229.5,273.0,-11.46,-229.5,3
712763802438569,2024-03-21T19:39:51.045Z,uncalibrated magnetic sensor,273.36,-11.759999,-228.59999,273.36,-11.759999,-228.59999,3
712763822438835,2024-03-21T19:39:51.066Z,uncalibrated magnetic sensor,272.34,-11.16,-228.18,272.34,-11.16,-228.18,3
712763842438835,2024-03-21T19:39:51.086Z,uncalibrated magnetic sensor,271.91998,-11.28,-228.54,271.91998,-11.28,-228.54,3
712763862438601,2024-03-21T19:39:51.105Z,uncalibrated magnetic sensor,272.88,-11.7,-228.0,272.88,-11.7,-228.0,3
712763882438601,2024-03-21T19:39:51.126Z,uncalibrated magnetic sensor,273.9,-11.46,-227.09999,273.9,-11.46,-227.09999,3
712763902438601,2024-03-21T19:39:51.146Z,uncalibrated magnetic sensor,273.0,-10.86,-227.58,273.0,-10.86,-227.58,3
712763922438334,2024-03-21T19:39:51.165Z,uncalibrated magnetic sensor,272.28,-10.8,-228.95999,272.28,-10.8,-228.95999,3
712763942438334,2024-03-21T19:39:51.185Z,uncalibrated magnetic sensor,272.58,-10.679999,-229.5,272.58,-10.679999,-229.5,3
712763962438334,2024-03-21T19:39:51.205Z,uncalibrated magnetic sensor,273.12,-10.92,-229.5,273.12,-10.92,-229.5,3
712763982438334,2024-03-21T19:39:51.226Z,uncalibrated magnetic sensor,273.06,-10.98,-229.5,273.06,-10.98,-229.5,3
712764002438334,2024-03-21T19:39:51.246Z,uncalibrated magnetic sensor,272.28,-10.559999,-230.4,272.28,-10.559999,-230.4,3
712764022438334,2024-03-21T19:39:51.265Z,uncalibrated magnetic sensor,271.8,-10.44,-230.58,271.8,-10.44,-230.58,3
712764042438567,2024-03-21T19:39:51.286Z,uncalibrated magnetic sensor,272.69998,-9.66,-230.76,272.69998,-9.66,-230.76,3
712764062438567,2024-03-21T19:39:51.306Z,uncalibrated magnetic sensor,273.0,-9.599999,-231.29999,273.0,-9.599999,-231.29999,3
712764082438333,2024-03-21T19:39:51.326Z,uncalibrated magnetic sensor,272.46,-10.2,-230.4,272.46,-10.2,-230.4,3
712764102438333,2024-03-21T19:39:51.345Z,uncalibrated magnetic sensor,272.52,-10.44,-229.86,272.52,-10.44,-229.86,3
712764122438333,2024-03-21T19:39:51.365Z,uncalibrated magnetic sensor,271.56,-10.5,-230.34,271.56,-10.5,-230.34,3
712764142438333,2024-03-21T19:39:51.385Z,uncalibrated magnetic sensor,271.8,-11.16,-230.28,271.8,-11.16,-230.28,3
712764162438333,2024-03-21T19:39:51.406Z,uncalibrated magnetic sensor,273.12,-11.28,-229.92,273.12,-11.28,-229.92,3
712764182438333,2024-03-21T19:39:51.426Z,uncalibrated magnetic sensor,273.06,-10.86,-230.4,273.06,-10.86,-230.4,3
712764202438333,2024-03-21T19:39:51.446Z,uncalibrated magnetic sensor,272.52,-11.5199995,-230.15999,272.52,-11.5199995,-230.15999,3
712764222438333,2024-03-21T19:39:51.465Z,uncalibrated magnetic sensor,272.22,-12.3,-229.86,272.22,-12.3,-229.86,3
712764242438333,2024-03-21T19:39:51.485Z,uncalibrated magnetic sensor,272.28,-12.0,-229.5,272.28,-12.0,-229.5,3
712764262438566,2024-03-21T19:39:51.506Z,uncalibrated magnetic sensor,271.97998,-10.86,-228.95999,271.97998,-10.86,-228.95999,3
712764282438566,2024-03-21T19:39:51.525Z,uncalibrated magnetic sensor,273.0,-10.8,-229.37999,273.0,-10.8,-229.37999,3
712764302439399,2024-03-21T19:39:51.545Z,uncalibrated magnetic sensor,273.18,-11.34,-228.59999,273.18,-11.34,-228.59999,3
712764322439665,2024-03-21T19:39:51.566Z,uncalibrated magnetic sensor,271.97998,-11.219999,-229.08,271.97998,-11.219999,-229.08,3
712764342439665,2024-03-21T19:39:51.585Z,uncalibrated magnetic sensor,272.46,-10.92,-229.31999,272.46,-10.92,-229.31999,3
712764362439665,2024-03-21T19:39:51.606Z,uncalibrated magnetic sensor,273.3,-10.62,-228.59999,273.3,-10.62,-228.59999,3
712764382439665,2024-03-21T19:39:51.626Z,uncalibrated magnetic sensor,273.84,-10.5,-229.2,273.84,-10.5,-229.2,3
712764402439665,2024-03-21T19:39:51.645Z,uncalibrated magnetic sensor,273.84,-10.679999,-228.06,273.84,-10.679999,-228.06,3
712764422439398,2024-03-21T19:39:51.665Z,uncalibrated magnetic sensor,273.72,-11.16,-227.51999,273.72,-11.16,-227.51999,3
712764442439398,2024-03-21T19:39:51.686Z,uncalibrated magnetic sensor,273.6,-11.28,-227.4,273.6,-11.28,-227.4,3
712764462439398,2024-03-21T19:39:51.705Z,uncalibrated magnetic sensor,273.12,-11.58,-226.73999,273.12,-11.58,-226.73999,3
712764482439398,2024-03-21T19:39:51.726Z,uncalibrated magnetic sensor,272.88,-11.099999,-227.22,272.88,-11.099999,-227.22,3
712764502439398,2024-03-21T19:39:51.745Z,uncalibrated magnetic sensor,272.69998,-10.5,-228.18,272.69998,-10.5,-228.18,3
712764522439398,2024-03-21T19:39:51.765Z,uncalibrated magnetic sensor,272.75998,-10.8,-228.59999,272.75998,-10.8,-228.59999,3
712764542439398,2024-03-21T19:39:51.785Z,uncalibrated magnetic sensor,272.58,-10.44,-228.65999,272.58,-10.44,-228.65999,3
712764562439398,2024-03-21T19:39:51.806Z,uncalibrated magnetic sensor,271.97998,-10.32,-228.84,271.97998,-10.32,-228.84,3
712764582439398,2024-03-21T19:39:51.826Z,uncalibrated magnetic sensor,270.96,-10.86,-228.48,270.96,-10.86,-228.48,3
712764602439398,2024-03-21T19:39:51.846Z,uncalibrated magnetic sensor,271.32,-10.98,-227.81999,271.32,-10.98,-227.81999,3
712764622439398,2024-03-21T19:39:51.865Z,uncalibrated magnetic sensor,272.69998,-10.92,-227.64,272.69998,-10.92,-227.64,3
712764642439164,2024-03-21T19:39:51.885Z,uncalibrated magnetic sensor,273.36,-11.099999,-227.94,273.36,-11.099999,-227.94,3
712764662439164,2024-03-21T19:39:51.906Z,uncalibrated magnetic sensor,273.3,-11.099999,-228.29999,273.3,-11.099999,-228.29999,3
712764682439164,2024-03-21T19:39:51.926Z,uncalibrated magnetic sensor,272.63998,-10.92,-228.12,272.63998,-10.92,-228.12,3
712764702439164,2024-03-21T19:39:51.946Z,uncalibrated magnetic sensor,271.74,-10.86,-227.94,271.74,-10.86,-227.94,3
712764722439164,2024-03-21T19:39:51.966Z,uncalibrated magnetic sensor,271.62,-11.34,-227.81999,271.62,-11.34,-227.81999,3
712764742439164,2024-03-21T19:39:51.986Z,uncalibrated magnetic sensor,271.8,-11.58,-228.95999,271.8,-11.58,-228.95999,3
712764762439164,2024-03-21T19:39:52.006Z,uncalibrated magnetic sensor,272.34,-11.219999,-228.84,272.34,-11.219999,-228.84,3
712764782439164,2024-03-21T19:39:52.026Z,uncalibrated magnetic sensor,272.58,-11.82,-227.87999,272.58,-11.82,-227.87999,3
712764802439164,2024-03-21T19:39:52.046Z,uncalibrated magnetic sensor,271.97998,-12.48,-227.34,271.97998,-12.48,-227.34,3
712764822439397,2024-03-21T19:39:52.065Z,uncalibrated magnetic sensor,272.04,-12.24,-227.28,272.04,-12.24,-227.28,3
712764842439397,2024-03-21T19:39:52.085Z,uncalibrated magnetic sensor,271.91998,-12.24,-228.18,271.91998,-12.24,-228.18,3
712764862439163,2024-03-21T19:39:52.105Z,uncalibrated magnetic sensor,271.44,-12.179999,-227.94,271.44,-12.179999,-227.94,3
712764882439163,2024-03-21T19:39:52.126Z,uncalibrated magnetic sensor,271.74,-11.82,-227.94,271.74,-11.82,-227.94,3
712764902439163,2024-03-21T19:39:52.146Z,uncalibrated magnetic sensor,271.91998,-11.82,-228.18,271.91998,-11.82,-228.18,3
712764922438963,2024-03-21T19:39:52.165Z,uncalibrated magnetic sensor,272.82,-11.58,-228.54,272.82,-11.58,-228.54,3
712764942438963,2024-03-21T19:39:52.186Z,uncalibrated magnetic sensor,273.12,-11.639999,-228.12,273.12,-11.639999,-228.12,3
712764962438963,2024-03-21T19:39:52.205Z,uncalibrated magnetic sensor,271.25998,-11.46,-228.36,271.25998,-11.46,-228.36,3
712764982438963,2024-03-21T19:39:52.226Z,uncalibrated magnetic sensor,271.44,-10.98,-229.56,271.44,-10.98,-229.56,3
712765002438963,2024-03-21T19:39:52.246Z,uncalibrated magnetic sensor,272.58,-11.4,-229.37999,272.58,-11.4,-229.37999,3
712765022438963,2024-03-21T19:39:52.265Z,uncalibrated magnetic sensor,272.34,-10.679999,-229.92,272.34,-10.679999,-229.92,3
712765042438963,2024-03-21T19:39:52.286Z,uncalibrated magnetic sensor,271.91998,-9.48,-229.92,271.91998,-9.48,-229.92,3
712765062438963,2024-03-21T19:39:52.305Z,uncalibrated magnetic sensor,271.91998,-10.08,-230.15999,271.91998,-10.08,-230.15999,3
712765082438963,2024-03-21T19:39:52.326Z,uncalibrated magnetic sensor,272.4,-10.559999,-230.22,272.4,-10.559999,-230.22,3
712765102438963,2024-03-21T19:39:52.345Z,uncalibrated magnetic sensor,272.34,-9.9,-229.56,272.34,-9.9,-229.56,3
712765122439263,2024-03-21T19:39:52.365Z,uncalibrated magnetic sensor,272.88,-10.139999,-229.14,272.88,-10.139999,-229.14,3
712765142439263,2024-03-21T19:39:52.386Z,uncalibrated magnetic sensor,273.36,-10.38,-228.65999,273.36,-10.38,-228.65999,3
712765162439263,2024-03-21T19:39:52.405Z,uncalibrated magnetic sensor,272.94,-9.9,-229.08,272.94,-9.9,-229.08,3
712765182439263,2024-03-21T19:39:52.425Z,uncalibrated magnetic sensor,272.22,-10.679999,-229.37999,272.22,-10.679999,-229.37999,3
712765202439263,2024-03-21T19:39:52.446Z,uncalibrated magnetic sensor,271.56,-10.74,-228.84,271.56,-10.74,-228.84,3
712765222439263,2024-03-21T19:39:52.466Z,uncalibrated magnetic sensor,271.38,-10.74,-229.26,271.38,-10.74,-229.26,3
712765242439263,2024-03-21T19:39:52.486Z,uncalibrated magnetic sensor,271.38,-11.219999,-229.92,271.38,-11.219999,-229.92,3
712765262439263,2024-03-21T19:39:52.506Z,uncalibrated magnetic sensor,272.88,-10.74,-229.86,272.88,-10.74,-229.86,3
712765282439263,2024-03-21T19:39:52.525Z,uncalibrated magnetic sensor,273.47998,-10.98,-229.01999,273.47998,-10.98,-229.01999,3
712765302439263,2024-03-21T19:39:52.546Z,uncalibrated magnetic sensor,272.28,-11.28,-228.29999,272.28,-11.28,-228.29999,3
712765322439529,2024-03-21T19:39:52.566Z,uncalibrated magnetic sensor,272.58,-11.16,-228.42,272.58,-11.16,-228.42,3
712765342439529,2024-03-21T19:39:52.585Z,uncalibrated magnetic sensor,273.12,-10.559999,-229.01999,273.12,-10.559999,-229.01999,3
712765362439529,2024-03-21T19:39:52.605Z,uncalibrated magnetic sensor,273.06,-10.679999,-229.79999,273.06,-10.679999,-229.79999,3
712765382439529,2024-03-21T19:39:52.625Z,uncalibrated magnetic sensor,272.1,-11.16,-229.37999,272.1,-11.16,-229.37999,3
712765402439529,2024-03-21T19:39:52.645Z,uncalibrated magnetic sensor,271.68,-10.8,-228.42,271.68,-10.8,-228.42,3
712765422439295,2024-03-21T19:39:52.665Z,uncalibrated magnetic sensor,272.63998,-11.639999,-228.0,272.63998,-11.639999,-228.0,3
712765442439295,2024-03-21T19:39:52.686Z,uncalibrated magnetic sensor,272.82,-12.0,-227.4,272.82,-12.0,-227.4,3
712765462439295,2024-03-21T19:39:52.705Z,uncalibrated magnetic sensor,272.46,-11.16,-226.73999,272.46,-11.16,-226.73999,3
712765482439295,2024-03-21T19:39:52.725Z,uncalibrated magnetic sensor,272.58,-10.559999,-227.4,272.58,-10.559999,-227.4,3
712765502439295,2024-03-21T19:39:52.745Z,uncalibrated magnetic sensor,272.46,-11.219999,-227.58,272.46,-11.219999,-227.58,3
712765522439228,2024-03-21T19:39:52.766Z,uncalibrated magnetic sensor,271.86,-11.94,-227.58,271.86,-11.94,-227.58,3
712765542439228,2024-03-21T19:39:52.785Z,uncalibrated magnetic sensor,271.62,-11.34,-228.84,271.62,-11.34,-228.84,3
712765562439228,2024-03-21T19:39:52.805Z,uncalibrated magnetic sensor,271.86,-11.4,-230.09999,271.86,-11.4,-230.09999,3
712765582439228,2024-03-21T19:39:52.825Z,uncalibrated magnetic sensor,272.04,-11.46,-229.62,272.04,-11.46,-229.62,3
712765602439228,2024-03-21T19:39:52.846Z,uncalibrated magnetic sensor,271.86,-10.98,-228.06,271.86,-10.98,-228.06,3
712765622439228,2024-03-21T19:39:52.866Z,uncalibrated magnetic sensor,272.28,-10.86,-228.23999,272.28,-10.86,-228.23999,3
712765642439228,2024-03-21T19:39:52.885Z,uncalibrated magnetic sensor,272.69998,-10.98,-229.26,272.69998,-10.98,-229.26,3
712765662439228,2024-03-21T19:39:52.905Z,uncalibrated magnetic sensor,272.88,-11.639999,-229.31999,272.88,-11.639999,-229.31999,3
712765682439228,2024-03-21T19:39:52.925Z,uncalibrated magnetic sensor,272.4,-11.7,-228.59999,272.4,-11.7,-228.59999,3
712765702439228,2024-03-21T19:39:52.946Z,uncalibrated magnetic sensor,272.16,-11.16,-227.81999,272.16,-11.16,-227.81999,3
712765722438928,2024-03-21T19:39:52.965Z,uncalibrated magnetic sensor,272.22,-10.62,-228.78,272.22,-10.62,-228.78,3
712765742438928,2024-03-21T19:39:52.986Z,uncalibrated magnetic sensor,271.74,-10.26,-229.73999,271.74,-10.26,-229.73999,3
712765762438928,2024-03-21T19:39:53.006Z,uncalibrated magnetic sensor,271.86,-10.139999,-229.2,271.86,-10.139999,-229.2,3
712765782438928,2024-03-21T19:39:53.025Z,uncalibrated magnetic sensor,271.8,-10.5,-228.84,271.8,-10.5,-228.84,3
712765802438928,2024-03-21T19:39:53.045Z,uncalibrated magnetic sensor,272.04,-10.44,-229.37999,272.04,-10.44,-229.37999,3
712765822439194,2024-03-21T19:39:53.066Z,uncalibrated magnetic sensor,271.91998,-9.9,-229.44,271.91998,-9.9,-229.44,3
712765842439194,2024-03-21T19:39:53.085Z,uncalibrated magnetic sensor,272.22,-10.32,-228.48,272.22,-10.32,-228.48,3
712765862439194,2024-03-21T19:39:53.106Z,uncalibrated magnetic sensor,273.06,-10.92,-228.06,273.06,-10.92,-228.06,3
712765882439194,2024-03-21T19:39:53.125Z,uncalibrated magnetic sensor,272.28,-10.92,-228.12,272.28,-10.92,-228.12,3
712765902439194,2024-03-21T19:39:53.145Z,uncalibrated magnetic sensor,271.74,-10.38,-228.54,271.74,-10.38,-228.54,3
712765922438960,2024-03-21T19:39:53.166Z,uncalibrated magnetic sensor,271.02,-10.5,-227.87999,271.02,-10.5,-227.87999,3
712765942438960,2024-03-21T19:39:53.186Z,uncalibrated magnetic sensor,270.66,-11.639999,-227.51999,270.66,-11.639999,-227.51999,3
712765962438960,2024-03-21T19:39:53.205Z,uncalibrated magnetic sensor,271.74,-11.28,-227.76,271.74,-11.28,-227.76,3
712765982438960,2024-03-21T19:39:53.226Z,uncalibrated magnetic sensor,271.8,-10.2,-227.87999,271.8,-10.2,-227.87999,3
712766002438960,2024-03-21T19:39:53.245Z,uncalibrated magnetic sensor,271.68,-9.48,-228.06,271.68,-9.48,-228.06,3
712766022438960,2024-03-21T19:39:53.265Z,uncalibrated magnetic sensor,271.74,-8.639999,-228.65999,271.74,-8.639999,-228.65999,3
712766042438960,2024-03-21T19:39:53.286Z,uncalibrated magnetic sensor,271.19998,-9.599999,-229.73999,271.19998,-9.599999,-229.73999,3
712766062438960,2024-03-21T19:39:53.306Z,uncalibrated magnetic sensor,271.13998,-9.84,-230.51999,271.13998,-9.84,-230.51999,3
712766082438960,2024-03-21T19:39:53.325Z,uncalibrated magnetic sensor,270.66,-9.12,-231.06,270.66,-9.12,-231.06,3
712766102438960,2024-03-21T19:39:53.345Z,uncalibrated magnetic sensor,270.06,-9.179999,-230.4,270.06,-9.179999,-230.4,3
712766122438960,2024-03-21T19:39:53.366Z,uncalibrated magnetic sensor,270.36,-9.179999,-230.76,270.36,-9.179999,-230.76,3
712766142438960,2024-03-21T19:39:53.386Z,uncalibrated magnetic sensor,270.78,-8.88,-230.7,270.78,-8.88,-230.7,3
712766162438960,2024-03-21T19:39:53.406Z,uncalibrated magnetic sensor,271.13998,-8.34,-229.92,271.13998,-8.34,-229.92,3
712766182438960,2024-03-21T19:39:53.425Z,uncalibrated magnetic sensor,271.68,-8.76,-229.73999,271.68,-8.76,-229.73999,3
712766202438960,2024-03-21T19:39:53.446Z,uncalibrated magnetic sensor,271.19998,-9.12,-229.98,271.19998,-9.12,-229.98,3
712766222438960,2024-03-21T19:39:53.465Z,uncalibrated magnetic sensor,270.6,-9.719999,-230.76,270.6,-9.719999,-230.76,3
712766242438960,2024-03-21T19:39:53.486Z,uncalibrated magnetic sensor,271.25998,-9.96,-230.58,271.25998,-9.96,-230.58,3
712766262438960,2024-03-21T19:39:53.505Z,uncalibrated magnetic sensor,271.44,-9.24,-230.45999,271.44,-9.24,-230.45999,3
712766282438960,2024-03-21T19:39:53.526Z,uncalibrated magnetic sensor,270.84,-9.719999,-230.64,270.84,-9.719999,-230.64,3
712766302438960,2024-03-21T19:39:53.545Z,uncalibrated magnetic sensor,270.6,-10.38,-231.18,270.6,-10.38,-231.18,3
712766322439226,2024-03-21T19:39:53.566Z,uncalibrated magnetic sensor,271.25998,-10.139999,-231.06,271.25998,-10.139999,-231.06,3
712766342439226,2024-03-21T19:39:53.585Z,uncalibrated magnetic sensor,271.74,-10.26,-229.98,271.74,-10.26,-229.98,3
712766362439226,2024-03-21T19:39:53.605Z,uncalibrated magnetic sensor,271.44,-10.8,-229.62,271.44,-10.8,-229.62,3
712766382439226,2024-03-21T19:39:53.626Z,uncalibrated magnetic sensor,271.19998,-10.62,-229.14,271.19998,-10.62,-229.14,3
712766402439492,2024-03-21T19:39:53.646Z,uncalibrated magnetic sensor,271.25998,-10.139999,-228.65999,271.25998,-10.139999,-228.65999,3
712766422439225,2024-03-21T19:39:53.665Z,uncalibrated magnetic sensor,271.08,-9.84,-228.54,271.08,-9.84,-228.54,3
712766442439225,2024-03-21T19:39:53.685Z,uncalibrated magnetic sensor,271.32,-9.9,-228.72,271.32,-9.9,-228.72,3
712766462439225,2024-03-21T19:39:53.705Z,uncalibrated magnetic sensor,272.4,-9.84,-228.65999,272.4,-9.84,-228.65999,3
712766482439225,2024-03-21T19:39:53.725Z,uncalibrated magnetic sensor,271.8,-9.48,-228.65999,271.8,-9.48,-228.65999,3
712766502439225,2024-03-21T19:39:53.746Z,uncalibrated magnetic sensor,270.78,-10.08,-229.31999,270.78,-10.08,-229.31999,3
712766522439191,2024-03-21T19:39:53.765Z,uncalibrated magnetic sensor,271.19998,-9.96,-229.73999,271.19998,-9.96,-229.73999,3
712766542439191,2024-03-21T19:39:53.786Z,uncalibrated magnetic sensor,271.5,-10.26,-230.09999,271.5,-10.26,-230.09999,3
712766562439191,2024-03-21T19:39:53.805Z,uncalibrated magnetic sensor,271.32,-11.46,-229.73999,271.32,-11.46,-229.73999,3
712766582439191,2024-03-21T19:39:53.826Z,uncalibrated magnetic sensor,270.72,-11.88,-229.44,270.72,-11.88,-229.44,3
712766602439191,2024-03-21T19:39:53.845Z,uncalibrated magnetic sensor,270.18,-12.24,-229.98,270.18,-12.24,-229.98,3
712766622439191,2024-03-21T19:39:53.866Z,uncalibrated magnetic sensor,270.24,-10.679999,-229.14,270.24,-10.679999,-229.14,3
712766642439191,2024-03-21T19:39:53.886Z,uncalibrated magnetic sensor,270.6,-9.96,-228.29999,270.6,-9.96,-228.29999,3
712766662439191,2024-03-21T19:39:53.906Z,uncalibrated magnetic sensor,269.82,-11.28,-228.54,269.82,-11.28,-228.54,3
712766682439191,2024-03-21T19:39:53.926Z,uncalibrated magnetic sensor,269.34,-11.639999,-228.65999,269.34,-11.639999,-228.65999,3
712766702439191,2024-03-21T19:39:53.946Z,uncalibrated magnetic sensor,269.63998,-11.4,-229.08,269.63998,-11.4,-229.08,3
712766722439191,2024-03-21T19:39:53.966Z,uncalibrated magnetic sensor,269.58,-11.28,-229.08,269.58,-11.28,-229.08,3
712766742439191,2024-03-21T19:39:53.985Z,uncalibrated magnetic sensor,270.72,-11.099999,-228.78,270.72,-11.099999,-228.78,3
712766762439191,2024-03-21T19:39:54.006Z,uncalibrated magnetic sensor,270.66,-10.62,-228.78,270.66,-10.62,-228.78,3
712766782439191,2024-03-21T19:39:54.026Z,uncalibrated magnetic sensor,270.06,-11.28,-228.59999,270.06,-11.28,-228.59999,3
712766802438757,2024-03-21T19:39:54.046Z,uncalibrated magnetic sensor,270.12,-11.759999,-228.65999,270.12,-11.759999,-228.65999,3
712766822439023,2024-03-21T19:39:54.065Z,uncalibrated magnetic sensor,270.24,-11.58,-228.65999,270.24,-11.58,-228.65999,3
712766842439023,2024-03-21T19:39:54.086Z,uncalibrated magnetic sensor,269.4,-12.12,-228.23999,269.4,-12.12,-228.23999,3
712766862439023,2024-03-21T19:39:54.106Z,uncalibrated magnetic sensor,268.44,-12.179999,-228.48,268.44,-12.179999,-228.48,3
712766882439023,2024-03-21T19:39:54.125Z,uncalibrated magnetic sensor,269.1,-11.82,-229.14,269.1,-11.82,-229.14,3
712766902439023,2024-03-21T19:39:54.146Z,uncalibrated magnetic sensor,269.34,-11.58,-228.95999,269.34,-11.58,-228.95999,3
712766922438756,2024-03-21T19:39:54.165Z,uncalibrated magnetic sensor,269.34,-11.34,-228.29999,269.34,-11.34,-228.29999,3
712766942438756,2024-03-21T19:39:54.186Z,uncalibrated magnetic sensor,269.28,-11.16,-228.36,269.28,-11.16,-228.36,3
712766962438756,2024-03-21T19:39:54.205Z,uncalibrated magnetic sensor,269.22,-11.5199995,-228.84,269.22,-11.5199995,-228.84,3
712766982438756,2024-03-21T19:39:54.226Z,uncalibrated magnetic sensor,268.68,-12.78,-228.78,268.68,-12.78,-228.78,3
712767002438489,2024-03-21T19:39:54.245Z,uncalibrated magnetic sensor,268.62,-12.48,-227.58,268.62,-12.48,-227.58,3
712767022438489,2024-03-21T19:39:54.265Z,uncalibrated magnetic sensor,268.97998,-11.759999,-227.45999,268.97998,-11.759999,-227.45999,3
712767042438489,2024-03-21T19:39:54.285Z,uncalibrated magnetic sensor,268.56,-11.94,-228.29999,268.56,-11.94,-228.29999,3
712767062438489,2024-03-21T19:39:54.306Z,uncalibrated magnetic sensor,268.5,-11.7,-228.36,268.5,-11.7,-228.36,3
712767082438489,2024-03-21T19:39:54.326Z,uncalibrated magnetic sensor,268.86,-11.16,-228.78,268.86,-11.16,-228.78,3
712767102438489,2024-03-21T19:39:54.346Z,uncalibrated magnetic sensor,268.74,-10.44,-229.26,268.74,-10.44,-229.26,3
712767122438489,2024-03-21T19:39:54.365Z,uncalibrated magnetic sensor,269.22,-10.2,-229.26,269.22,-10.2,-229.26,3
712767142438489,2024-03-21T19:39:54.385Z,uncalibrated magnetic sensor,269.58,-10.559999,-229.08,269.58,-10.559999,-229.08,3
712767162438489,2024-03-21T19:39:54.406Z,uncalibrated magnetic sensor,268.62,-10.44,-228.84,268.62,-10.44,-228.84,3
712767182438489,2024-03-21T19:39:54.425Z,uncalibrated magnetic sensor,269.34,-10.8,-229.2,269.34,-10.8,-229.2,3
712767202438489,2024-03-21T19:39:54.445Z,uncalibrated magnetic sensor,270.47998,-11.04,-229.14,270.47998,-11.04,-229.14,3
712767222438489,2024-03-21T19:39:54.466Z,uncalibrated magnetic sensor,270.36,-10.32,-227.64,270.36,-10.32,-227.64,3
712767242438489,2024-03-21T19:39:54.485Z,uncalibrated magnetic sensor,269.4,-11.4,-227.28,269.4,-11.4,-227.28,3
712767262438489,2024-03-21T19:39:54.505Z,uncalibrated magnetic sensor,269.04,-13.08,-228.06,269.04,-13.08,-228.06,3
712767282438489,2024-03-21T19:39:54.525Z,uncalibrated magnetic sensor,269.28,-13.559999,-228.84,269.28,-13.559999,-228.84,3
712767302438489,2024-03-21T19:39:54.545Z,uncalibrated magnetic sensor,268.19998,-12.84,-228.48,268.19998,-12.84,-228.48,3
712767322438722,2024-03-21T19:39:54.566Z,uncalibrated magnetic sensor,268.38,-12.42,-227.7,268.38,-12.42,-227.7,3
712767342438722,2024-03-21T19:39:54.586Z,uncalibrated magnetic sensor,268.91998,-12.78,-226.68,268.91998,-12.78,-226.68,3
712767362438722,2024-03-21T19:39:54.606Z,uncalibrated magnetic sensor,268.97998,-12.54,-226.01999,268.97998,-12.54,-226.01999,3
712767382438722,2024-03-21T19:39:54.625Z,uncalibrated magnetic sensor,269.22,-13.259999,-226.62,269.22,-13.259999,-226.62,3
712767402439155,2024-03-21T19:39:54.645Z,uncalibrated magnetic sensor,268.86,-13.38,-226.08,268.86,-13.38,-226.08,3
712767422438888,2024-03-21T19:39:54.665Z,uncalibrated magnetic sensor,269.4,-12.42,-226.08,269.4,-12.42,-226.08,3
712767442438888,2024-03-21T19:39:54.686Z,uncalibrated magnetic sensor,270.18,-12.24,-226.37999,270.18,-12.24,-226.37999,3
712767462438888,2024-03-21T19:39:54.705Z,uncalibrated magnetic sensor,270.47998,-12.36,-225.72,270.47998,-12.36,-225.72,3
712767482438888,2024-03-21T19:39:54.725Z,uncalibrated magnetic sensor,270.12,-12.719999,-225.42,270.12,-12.719999,-225.42,3
712767502438888,2024-03-21T19:39:54.745Z,uncalibrated magnetic sensor,269.94,-12.78,-225.59999,269.94,-12.78,-225.59999,3
712767522438888,2024-03-21T19:39:54.765Z,uncalibrated magnetic sensor,269.34,-13.08,-225.65999,269.34,-13.08,-225.65999,3
712767542438888,2024-03-21T19:39:54.786Z,uncalibrated magnetic sensor,269.1,-13.679999,-225.0,269.1,-13.679999,-225.0,3
712767562438888,2024-03-21T19:39:54.806Z,uncalibrated magnetic sensor,269.46,-13.799999,-224.64,269.46,-13.799999,-224.64,3
712767582438888,2024-03-21T19:39:54.826Z,uncalibrated magnetic sensor,269.28,-13.92,-224.28,269.28,-13.92,-224.28,3
712767602438888,2024-03-21T19:39:54.845Z,uncalibrated magnetic sensor,269.28,-13.86,-223.62,269.28,-13.86,-223.62,3
712767622438888,2024-03-21T19:39:54.866Z,uncalibrated magnetic sensor,269.69998,-13.259999,-224.15999,269.69998,-13.259999,-224.15999,3
712767642438888,2024-03-21T19:39:54.886Z,uncalibrated magnetic sensor,269.63998,-13.74,-224.76,269.63998,-13.74,-224.76,3
712767662438888,2024-03-21T19:39:54.906Z,uncalibrated magnetic sensor,268.62,-14.46,-224.51999,268.62,-14.46,-224.51999,3
712767682438888,2024-03-21T19:39:54.926Z,uncalibrated magnetic sensor,268.32,-14.16,-224.45999,268.32,-14.16,-224.45999,3
712767702438888,2024-03-21T19:39:54.946Z,uncalibrated magnetic sensor,268.38,-14.759999,-224.45999,268.38,-14.759999,-224.45999,3
712767722438888,2024-03-21T19:39:54.966Z,uncalibrated magnetic sensor,267.9,-14.88,-224.04,267.9,-14.88,-224.04,3
712767742438888,2024-03-21T19:39:54.985Z,uncalibrated magnetic sensor,267.96,-14.34,-223.08,267.96,-14.34,-223.08,3
712767762438888,2024-03-21T19:39:55.005Z,uncalibrated magnetic sensor,267.96,-14.58,-222.23999,267.96,-14.58,-222.23999,3
712767782438888,2024-03-21T19:39:55.025Z,uncalibrated magnetic sensor,267.54,-14.88,-222.59999,267.54,-14.88,-222.59999,3
712767802438888,2024-03-21T19:39:55.045Z,uncalibrated magnetic sensor,267.72,-15.059999,-222.42,267.72,-15.059999,-222.42,3
712767822439121,2024-03-21T19:39:55.065Z,uncalibrated magnetic sensor,268.32,-15.299999,-221.7,268.32,-15.299999,-221.7,3
712767842439121,2024-03-21T19:39:55.086Z,uncalibrated magnetic sensor,268.56,-15.059999,-222.9,268.56,-15.059999,-222.9,3
712767862439121,2024-03-21T19:39:55.105Z,uncalibrated magnetic sensor,267.54,-15.059999,-223.26,267.54,-15.059999,-223.26,3
712767882439121,2024-03-21T19:39:55.126Z,uncalibrated magnetic sensor,267.72,-15.12,-221.87999,267.72,-15.12,-221.87999,3
712767902439121,2024-03-21T19:39:55.146Z,uncalibrated magnetic sensor,268.19998,-15.54,-221.76,268.19998,-15.54,-221.76,3
712767922438887,2024-03-21T19:39:55.166Z,uncalibrated magnetic sensor,268.08,-15.66,-222.06,268.08,-15.66,-222.06,3
712767942438887,2024-03-21T19:39:55.185Z,uncalibrated magnetic sensor,268.32,-15.12,-222.48,268.32,-15.12,-222.48,3
712767962438887,2024-03-21T19:39:55.206Z,uncalibrated magnetic sensor,267.66,-15.54,-222.65999,267.66,-15.54,-222.65999,3
712767982438887,2024-03-21T19:39:55.226Z,uncalibrated magnetic sensor,267.84,-15.96,-222.78,267.84,-15.96,-222.78,3
712768002438887,2024-03-21T19:39:55.245Z,uncalibrated magnetic sensor,268.19998,-15.48,-223.5,268.19998,-15.48,-223.5,3
712768022438887,2024-03-21T19:39:55.265Z,uncalibrated magnetic sensor,267.66,-15.839999,-223.68,267.66,-15.839999,-223.68,3
712768042438887,2024-03-21T19:39:55.286Z,uncalibrated magnetic sensor,268.08,-16.02,-223.37999,268.08,-16.02,-223.37999,3
712768062438887,2024-03-21T19:39:55.306Z,uncalibrated magnetic sensor,268.32,-14.639999,-223.2,268.32,-14.639999,-223.2,3
712768082438887,2024-03-21T19:39:55.325Z,uncalibrated magnetic sensor,267.9,-14.28,-223.26,267.9,-14.28,-223.26,3
712768102438887,2024-03-21T19:39:55.346Z,uncalibrated magnetic sensor,268.32,-15.0,-223.5,268.32,-15.0,-223.5,3
712768122438920,2024-03-21T19:39:55.366Z,uncalibrated magnetic sensor,268.91998,-14.82,-224.04,268.91998,-14.82,-224.04,3
712768142438920,2024-03-21T19:39:55.386Z,uncalibrated magnetic sensor,268.86,-13.62,-225.0,268.86,-13.62,-225.0,3
712768162438920,2024-03-21T19:39:55.406Z,uncalibrated magnetic sensor,268.56,-13.5,-225.42,268.56,-13.5,-225.42,3
712768182438920,2024-03-21T19:39:55.425Z,uncalibrated magnetic sensor,268.74,-13.799999,-225.18,268.74,-13.799999,-225.18,3
712768202438920,2024-03-21T19:39:55.446Z,uncalibrated magnetic sensor,269.34,-13.44,-225.12,269.34,-13.44,-225.12,3
712768222438920,2024-03-21T19:39:55.465Z,uncalibrated magnetic sensor,269.4,-13.38,-225.23999,269.4,-13.38,-225.23999,3
712768242438920,2024-03-21T19:39:55.485Z,uncalibrated magnetic sensor,269.22,-13.44,-225.36,269.22,-13.44,-225.36,3
712768262438920,2024-03-21T19:39:55.506Z,uncalibrated magnetic sensor,268.62,-13.74,-225.0,268.62,-13.74,-225.0,3
712768282438920,2024-03-21T19:39:55.526Z,uncalibrated magnetic sensor,268.08,-13.62,-225.65999,268.08,-13.62,-225.65999,3
712768302438920,2024-03-21T19:39:55.546Z,uncalibrated magnetic sensor,268.38,-13.559999,-225.9,268.38,-13.559999,-225.9,3
712768322439153,2024-03-21T19:39:55.566Z,uncalibrated magnetic sensor,268.91998,-14.16,-225.54,268.91998,-14.16,-225.54,3
712768342439153,2024-03-21T19:39:55.585Z,uncalibrated magnetic sensor,269.1,-14.4,-225.48,269.1,-14.4,-225.48,3
712768362683499,2024-03-21T19:39:55.606Z,uncalibrated magnetic sensor,268.86,-14.04,-223.92,268.86,-14.04,-223.92,3
712768382683499,2024-03-21T19:39:55.626Z,uncalibrated magnetic sensor,268.56,-14.16,-223.62,268.56,-14.16,-223.62,3
712768402683499,2024-03-21T19:39:55.645Z,uncalibrated magnetic sensor,268.5,-14.4,-225.12,268.5,-14.4,-225.12,3
712768422683265,2024-03-21T19:39:55.665Z,uncalibrated magnetic sensor,269.28,-13.5,-225.36,269.28,-13.5,-225.36,3
712768442683265,2024-03-21T19:39:55.686Z,uncalibrated magnetic sensor,269.82,-12.78,-224.81999,269.82,-12.78,-224.81999,3
712768462683265,2024-03-21T19:39:55.706Z,uncalibrated magnetic sensor,269.52,-13.62,-224.94,269.52,-13.62,-224.94,3
712768482683265,2024-03-21T19:39:55.725Z,uncalibrated magnetic sensor,269.75998,-14.16,-225.18,269.75998,-14.16,-225.18,3
712768502683265,2024-03-21T19:39:55.746Z,uncalibrated magnetic sensor,269.58,-14.5199995,-224.87999,269.58,-14.5199995,-224.87999,3
712768522683265,2024-03-21T19:39:55.765Z,uncalibrated magnetic sensor,269.22,-14.46,-225.42,269.22,-14.46,-225.42,3
712768542683265,2024-03-21T19:39:55.786Z,uncalibrated magnetic sensor,269.1,-14.16,-225.48,269.1,-14.16,-225.48,3
712768562683265,2024-03-21T19:39:55.805Z,uncalibrated magnetic sensor,268.97998,-14.28,-225.65999,268.97998,-14.28,-225.65999,3
712768582683265,2024-03-21T19:39:55.826Z,uncalibrated magnetic sensor,269.28,-14.58,-225.18,269.28,-14.58,-225.18,3
712768602683265,2024-03-21T19:39:55.846Z,uncalibrated magnetic sensor,269.82,-14.4,-223.26,269.82,-14.4,-223.26,3
712768622683265,2024-03-21T19:39:55.865Z,uncalibrated magnetic sensor,269.1,-13.74,-223.01999,269.1,-13.74,-223.01999,3
712768642683265,2024-03-21T19:39:55.885Z,uncalibrated magnetic sensor,268.5,-14.4,-223.44,268.5,-14.4,-223.44,3
712768662683265,2024-03-21T19:39:55.906Z,uncalibrated magnetic sensor,269.22,-14.82,-223.62,269.22,-14.82,-223.62,3
712768682683265,2024-03-21T19:39:55.925Z,uncalibrated magnetic sensor,268.5,-13.98,-223.79999,268.5,-13.98,-223.79999,3
712768702683265,2024-03-21T19:39:55.946Z,uncalibrated magnetic sensor,267.96,-13.98,-224.04,267.96,-13.98,-224.04,3
712768722683231,2024-03-21T19:39:55.966Z,uncalibrated magnetic sensor,268.25998,-14.759999,-224.15999,268.25998,-14.759999,-224.15999,3
712768742683231,2024-03-21T19:39:55.986Z,uncalibrated magnetic sensor,268.5,-14.4,-223.98,268.5,-14.4,-223.98,3
712768762683231,2024-03-21T19:39:56.005Z,uncalibrated magnetic sensor,268.68,-13.679999,-223.31999,268.68,-13.679999,-223.31999,3
712768782683231,2024-03-21T19:39:56.025Z,uncalibrated magnetic sensor,268.86,-13.98,-223.68,268.86,-13.98,-223.68,3
712768802683231,2024-03-21T19:39:56.045Z,uncalibrated magnetic sensor,268.44,-14.58,-223.79999,268.44,-14.58,-223.79999,3
712768822683464,2024-03-21T19:39:56.065Z,uncalibrated magnetic sensor,268.19998,-14.5199995,-223.56,268.19998,-14.5199995,-223.56,3
712768842683464,2024-03-21T19:39:56.085Z,uncalibrated magnetic sensor,268.44,-13.92,-224.94,268.44,-13.92,-224.94,3
712768862683464,2024-03-21T19:39:56.105Z,uncalibrated magnetic sensor,268.5,-13.86,-225.23999,268.5,-13.86,-225.23999,3
712768882683464,2024-03-21T19:39:56.126Z,uncalibrated magnetic sensor,268.25998,-14.219999,-224.51999,268.25998,-14.219999,-224.51999,3
712768902683464,2024-03-21T19:39:56.146Z,uncalibrated magnetic sensor,268.13998,-14.58,-224.81999,268.13998,-14.58,-224.81999,3
712768922683230,2024-03-21T19:39:56.165Z,uncalibrated magnetic sensor,268.13998,-14.58,-225.36,268.13998,-14.58,-225.36,3
712768942683230,2024-03-21T19:39:56.186Z,uncalibrated magnetic sensor,267.54,-14.16,-224.58,267.54,-14.16,-224.58,3
712768962683230,2024-03-21T19:39:56.206Z,uncalibrated magnetic sensor,267.41998,-14.04,-224.15999,267.41998,-14.04,-224.15999,3
712768982683230,2024-03-21T19:39:56.225Z,uncalibrated magnetic sensor,267.6,-14.58,-224.4,267.6,-14.58,-224.4,3
712769002683230,2024-03-21T19:39:56.246Z,uncalibrated magnetic sensor,267.3,-14.4,-223.62,267.3,-14.4,-223.62,3
712769022683230,2024-03-21T19:39:56.265Z,uncalibrated magnetic sensor,267.18,-14.34,-224.09999,267.18,-14.34,-224.09999,3
712769042683230,2024-03-21T19:39:56.286Z,uncalibrated magnetic sensor,267.78,-14.58,-224.94,267.78,-14.58,-224.94,3
712769062683230,2024-03-21T19:39:56.305Z,uncalibrated magnetic sensor,268.32,-14.82,-225.0,268.32,-14.82,-225.0,3
712769082683230,2024-03-21T19:39:56.325Z,uncalibrated magnetic sensor,268.8,-14.82,-225.36,268.8,-14.82,-225.36,3
712769102683230,2024-03-21T19:39:56.346Z,uncalibrated magnetic sensor,268.56,-14.639999,-225.72,268.56,-14.639999,-225.72,3
712769122683230,2024-03-21T19:39:56.366Z,uncalibrated magnetic sensor,267.6,-15.179999,-226.01999,267.6,-15.179999,-226.01999,3
712769142683230,2024-03-21T19:39:56.386Z,uncalibrated magnetic sensor,267.0,-14.7,-225.54,267.0,-14.7,-225.54,3
712769162683230,2024-03-21T19:39:56.406Z,uncalibrated magnetic sensor,267.6,-14.28,-225.0,267.6,-14.28,-225.0,3
712769182683230,2024-03-21T19:39:56.426Z,uncalibrated magnetic sensor,268.32,-14.82,-225.18,268.32,-14.82,-225.18,3
712769202683230,2024-03-21T19:39:56.445Z,uncalibrated magnetic sensor,267.66,-14.88,-225.42,267.66,-14.88,-225.42,3
712769222683230,2024-03-21T19:39:56.465Z,uncalibrated magnetic sensor,268.19998,-14.04,-225.59999,268.19998,-14.04,-225.59999,3
712769242683230,2024-03-21T19:39:56.486Z,uncalibrated magnetic sensor,269.04,-13.86,-226.92,269.04,-13.86,-226.92,3
712769262683230,2024-03-21T19:39:56.505Z,uncalibrated magnetic sensor,268.19998,-14.639999,-227.34,268.19998,-14.639999,-227.34,3
712769282683230,2024-03-21T19:39:56.525Z,uncalibrated magnetic sensor,267.9,-14.58,-227.04,267.9,-14.58,-227.04,3
712769302683230,2024-03-21T19:39:56.546Z,uncalibrated magnetic sensor,267.96,-14.16,-227.34,267.96,-14.16,-227.34,3
712769322683463,2024-03-21T19:39:56.565Z,uncalibrated magnetic sensor,267.0,-14.28,-227.22,267.0,-14.28,-227.22,3
712769342683463,2024-03-21T19:39:56.586Z,uncalibrated magnetic sensor,267.24,-14.88,-227.15999,267.24,-14.88,-227.15999,3
712769362683463,2024-03-21T19:39:56.605Z,uncalibrated magnetic sensor,268.8,-14.94,-226.26,268.8,-14.94,-226.26,3
712769382683463,2024-03-21T19:39:56.626Z,uncalibrated magnetic sensor,268.44,-14.7,-226.44,268.44,-14.7,-226.44,3
712769402683463,2024-03-21T19:39:56.646Z,uncalibrated magnetic sensor,267.9,-14.759999,-227.4,267.9,-14.759999,-227.4,3
712769422683229,2024-03-21T19:39:56.666Z,uncalibrated magnetic sensor,267.96,-14.58,-227.15999,267.96,-14.58,-227.15999,3
712769442683229,2024-03-21T19:39:56.686Z,uncalibrated magnetic sensor,267.84,-15.059999,-226.68,267.84,-15.059999,-226.68,3
712769462683229,2024-03-21T19:39:56.705Z,uncalibrated magnetic sensor,267.66,-15.0,-226.73999,267.66,-15.0,-226.73999,3
712769482683229,2024-03-21T19:39:56.726Z,uncalibrated magnetic sensor,267.18,-14.759999,-226.08,267.18,-14.759999,-226.08,3
712769502683229,2024-03-21T19:39:56.745Z,uncalibrated magnetic sensor,267.3,-15.059999,-225.12,267.3,-15.059999,-225.12,3
712769522683229,2024-03-21T19:39:56.766Z,uncalibrated magnetic sensor,267.47998,-15.24,-225.48,267.47998,-15.24,-225.48,3
712769542683229,2024-03-21T19:39:56.786Z,uncalibrated magnetic sensor,267.36,-15.66,-225.84,267.36,-15.66,-225.84,3
712769562683229,2024-03-21T19:39:56.805Z,uncalibrated magnetic sensor,268.19998,-15.78,-225.95999,268.19998,-15.78,-225.95999,3
712769582683229,2024-03-21T19:39:56.826Z,uncalibrated magnetic sensor,268.68,-15.12,-225.78,268.68,-15.12,-225.78,3
712769602683229,2024-03-21T19:39:56.845Z,uncalibrated magnetic sensor,268.08,-15.54,-225.65999,268.08,-15.54,-225.65999,3
712769622683229,2024-03-21T19:39:56.866Z,uncalibrated magnetic sensor,267.6,-15.839999,-225.29999,267.6,-15.839999,-225.29999,3
712769642683229,2024-03-21T19:39:56.885Z,uncalibrated magnetic sensor,268.08,-15.299999,-224.58,268.08,-15.299999,-224.58,3
712769662683229,2024-03-21T19:39:56.905Z,uncalibrated magnetic sensor,267.66,-15.42,-224.64,267.66,-15.42,-224.64,3
712769682683229,2024-03-21T19:39:56.926Z,uncalibrated magnetic sensor,266.46,-15.179999,-225.36,266.46,-15.179999,-225.36,3
712769702683229,2024-03-21T19:39:56.946Z,uncalibrated magnetic sensor,266.88,-15.24,-225.72,266.88,-15.24,-225.72,3
712769722683229,2024-03-21T19:39:56.966Z,uncalibrated magnetic sensor,267.47998,-16.14,-225.65999,267.47998,-16.14,-225.65999,3
712769742683229,2024-03-21T19:39:56.986Z,uncalibrated magnetic sensor,267.12,-16.08,-225.12,267.12,-16.08,-225.12,3
712769762683229,2024-03-21T19:39:57.005Z,uncalibrated magnetic sensor,267.18,-15.66,-224.15999,267.18,-15.66,-224.15999,3
712769782683229,2024-03-21T19:39:57.025Z,uncalibrated magnetic sensor,267.24,-16.619999,-224.45999,267.24,-16.619999,-224.45999,3
712769802683229,2024-03-21T19:39:57.046Z,uncalibrated magnetic sensor,267.12,-17.1,-224.51999,267.12,-17.1,-224.51999,3
712769822683462,2024-03-21T19:39:57.066Z,uncalibrated magnetic sensor,267.06,-16.5,-223.98,267.06,-16.5,-223.98,3
712769842683462,2024-03-21T19:39:57.086Z,uncalibrated magnetic sensor,266.46,-16.92,-224.87999,266.46,-16.92,-224.87999,3
712769862683462,2024-03-21T19:39:57.105Z,uncalibrated magnetic sensor,266.52,-16.56,-224.94,266.52,-16.56,-224.94,3
712769882683462,2024-03-21T19:39:57.125Z,uncalibrated magnetic sensor,266.69998,-15.96,-223.5,266.69998,-15.96,-223.5,3
712769902683462,2024-03-21T19:39:57.146Z,uncalibrated magnetic sensor,266.1,-16.26,-223.44,266.1,-16.26,-223.44,3
712769922683228,2024-03-21T19:39:57.166Z,uncalibrated magnetic sensor,265.86,-16.5,-223.98,265.86,-16.5,-223.98,3
712769942683228,2024-03-21T19:39:57.185Z,uncalibrated magnetic sensor,265.91998,-16.68,-223.92,265.91998,-16.68,-223.92,3
712769962683228,2024-03-21T19:39:57.205Z,uncalibrated magnetic sensor,265.97998,-16.26,-224.04,265.97998,-16.26,-224.04,3
712769982683228,2024-03-21T19:39:57.225Z,uncalibrated magnetic sensor,265.8,-16.14,-224.87999,265.8,-16.14,-224.87999,3
712770002683228,2024-03-21T19:39:57.245Z,uncalibrated magnetic sensor,265.32,-16.38,-225.18,265.32,-16.38,-225.18,3
712770022683228,2024-03-21T19:39:57.266Z,uncalibrated magnetic sensor,265.62,-16.32,-224.04,265.62,-16.32,-224.04,3
712770042683228,2024-03-21T19:39:57.286Z,uncalibrated magnetic sensor,266.34,-16.38,-223.62,266.34,-16.38,-223.62,3
712770062683228,2024-03-21T19:39:57.305Z,uncalibrated magnetic sensor,266.63998,-16.56,-224.28,266.63998,-16.56,-224.28,3
712770082683228,2024-03-21T19:39:57.325Z,uncalibrated magnetic sensor,266.52,-16.56,-223.73999,266.52,-16.56,-223.73999,3
712770102683228,2024-03-21T19:39:57.345Z,uncalibrated magnetic sensor,266.58,-16.14,-223.79999,266.58,-16.14,-223.79999,3
712770122683228,2024-03-21T19:39:57.365Z,uncalibrated magnetic sensor,266.58,-16.14,-223.86,266.58,-16.14,-223.86,3
712770142683228,2024-03-21T19:39:57.386Z,uncalibrated magnetic sensor,266.34,-16.32,-223.2,266.34,-16.32,-223.2,3
712770162683228,2024-03-21T19:39:57.406Z,uncalibrated magnetic sensor,265.91998,-16.14,-223.5,265.91998,-16.14,-223.5,3
712770182683228,2024-03-21T19:39:57.425Z,uncalibrated magnetic sensor,265.08,-16.199999,-224.15999,265.08,-16.199999,-224.15999,3
712770202683228,2024-03-21T19:39:57.446Z,uncalibrated magnetic sensor,264.9,-15.9,-224.09999,264.9,-15.9,-224.09999,3
712770222683228,2024-03-21T19:39:57.466Z,uncalibrated magnetic sensor,265.62,-15.9,-224.22,265.62,-15.9,-224.22,3
712770242683228,2024-03-21T19:39:57.485Z,uncalibrated magnetic sensor,265.97998,-16.26,-224.09999,265.97998,-16.26,-224.09999,3
712770262683228,2024-03-21T19:39:57.505Z,uncalibrated magnetic sensor,265.97998,-16.32,-223.79999,265.97998,-16.32,-223.79999,3
712770282683228,2024-03-21T19:39:57.526Z,uncalibrated magnetic sensor,265.97998,-17.039999,-223.92,265.97998,-17.039999,-223.92,3
712770302683228,2024-03-21T19:39:57.546Z,uncalibrated magnetic sensor,265.97998,-17.4,-223.5,265.97998,-17.4,-223.5,3
712770322683461,2024-03-21T19:39:57.565Z,uncalibrated magnetic sensor,266.04,-16.619999,-223.73999,266.04,-16.619999,-223.73999,3
712770342683461,2024-03-21T19:39:57.586Z,uncalibrated magnetic sensor,266.69998,-16.56,-224.58,266.69998,-16.56,-224.58,3
712770362683461,2024-03-21T19:39:57.605Z,uncalibrated magnetic sensor,266.69998,-16.92,-224.34,266.69998,-16.92,-224.34,3
712770382683461,2024-03-21T19:39:57.626Z,uncalibrated magnetic sensor,266.16,-16.32,-224.34,266.16,-16.32,-224.34,3
712770402683461,2024-03-21T19:39:57.646Z,uncalibrated magnetic sensor,266.1,-16.08,-224.28,266.1,-16.08,-224.28,3
712770422683227,2024-03-21T19:39:57.666Z,uncalibrated magnetic sensor,265.62,-16.199999,-223.86,265.62,-16.199999,-223.86,3
712770442683227,2024-03-21T19:39:57.686Z,uncalibrated magnetic sensor,265.97998,-16.38,-223.73999,265.97998,-16.38,-223.73999,3
712770462683227,2024-03-21T19:39:57.706Z,uncalibrated magnetic sensor,266.58,-16.92,-223.14,266.58,-16.92,-223.14,3
712770482683227,2024-03-21T19:39:57.726Z,uncalibrated magnetic sensor,266.28,-16.619999,-223.14,266.28,-16.619999,-223.14,3
712770502683227,2024-03-21T19:39:57.745Z,uncalibrated magnetic sensor,265.91998,-16.32,-222.36,265.91998,-16.32,-222.36,3
712770522683227,2024-03-21T19:39:57.766Z,uncalibrated magnetic sensor,266.1,-17.279999,-221.28,266.1,-17.279999,-221.28,3
712770542683227,2024-03-21T19:39:57.786Z,uncalibrated magnetic sensor,265.97998,-17.34,-220.62,265.97998,-17.34,-220.62,3
712770562683227,2024-03-21T19:39:57.805Z,uncalibrated magnetic sensor,265.8,-16.619999,-219.59999,265.8,-16.619999,-219.59999,3
712770582683227,2024-03-21T19:39:57.826Z,uncalibrated magnetic sensor,264.96,-16.619999,-220.08,264.96,-16.619999,-220.08,3
712770602683227,2024-03-21T19:39:57.845Z,uncalibrated magnetic sensor,264.24,-17.4,-220.14,264.24,-17.4,-220.14,3
712770622683227,2024-03-21T19:39:57.866Z,uncalibrated magnetic sensor,264.47998,-17.699999,-219.18,264.47998,-17.699999,-219.18,3
712770642683227,2024-03-21T19:39:57.885Z,uncalibrated magnetic sensor,264.3,-17.279999,-218.76,264.3,-17.279999,-218.76,3
712770662683227,2024-03-21T19:39:57.905Z,uncalibrated magnetic sensor,263.63998,-17.16,-218.87999,263.63998,-17.16,-218.87999,3
712770682683227,2024-03-21T19:39:57.926Z,uncalibrated magnetic sensor,262.97998,-17.46,-218.09999,262.97998,-17.46,-218.09999,3
712770702683227,2024-03-21T19:39:57.945Z,uncalibrated magnetic sensor,262.32,-17.279999,-217.01999,262.32,-17.279999,-217.01999,3
712770722683227,2024-03-21T19:39:57.965Z,uncalibrated magnetic sensor,261.96,-16.98,-216.95999,261.96,-16.98,-216.95999,3
712770742683227,2024-03-21T19:39:57.985Z,uncalibrated magnetic sensor,262.08,-16.619999,-215.94,262.08,-16.619999,-215.94,3
712770762683227,2024-03-21T19:39:58.006Z,uncalibrated magnetic sensor,262.5,-16.8,-215.4,262.5,-16.8,-215.4,3
712770782683227,2024-03-21T19:39:58.026Z,uncalibrated magnetic sensor,262.8,-17.279999,-215.09999,262.8,-17.279999,-215.09999,3
712770802683227,2024-03-21T19:39:58.045Z,uncalibrated magnetic sensor,261.96,-16.98,-214.44,261.96,-16.98,-214.44,3
712770822683460,2024-03-21T19:39:58.066Z,uncalibrated magnetic sensor,261.24,-16.56,-214.31999,261.24,-16.56,-214.31999,3
712770842683460,2024-03-21T19:39:58.085Z,uncalibrated magnetic sensor,260.58,-16.56,-214.14,260.58,-16.56,-214.14,3
712770862683460,2024-03-21T19:39:58.106Z,uncalibrated magnetic sensor,260.75998,-16.8,-213.36,260.75998,-16.8,-213.36,3
712770882683460,2024-03-21T19:39:58.126Z,uncalibrated magnetic sensor,260.88,-16.8,-211.37999,260.88,-16.8,-211.37999,3
712770902683460,2024-03-21T19:39:58.145Z,uncalibrated magnetic sensor,260.46,-15.66,-211.08,260.46,-15.66,-211.08,3
712770922683226,2024-03-21T19:39:58.165Z,uncalibrated magnetic sensor,260.58,-14.7,-212.09999,260.58,-14.7,-212.09999,3
712770942683226,2024-03-21T19:39:58.185Z,uncalibrated magnetic sensor,260.34,-14.94,-211.31999,260.34,-14.94,-211.31999,3
712770962683226,2024-03-21T19:39:58.206Z,uncalibrated magnetic sensor,259.44,-14.88,-210.0,259.44,-14.88,-210.0,3
712770982683226,2024-03-21T19:39:58.226Z,uncalibrated magnetic sensor,259.44,-14.7,-209.7,259.44,-14.7,-209.7,3
712771002683226,2024-03-21T19:39:58.246Z,uncalibrated magnetic sensor,259.68,-15.0,-209.15999,259.68,-15.0,-209.15999,3
712771022683226,2024-03-21T19:39:58.266Z,uncalibrated magnetic sensor,259.86,-14.46,-208.44,259.86,-14.46,-208.44,3
712771042683226,2024-03-21T19:39:58.285Z,uncalibrated magnetic sensor,259.74,-13.5,-209.04,259.74,-13.5,-209.04,3
712771062683226,2024-03-21T19:39:58.305Z,uncalibrated magnetic sensor,259.5,-13.74,-209.22,259.5,-13.74,-209.22,3
712771082683226,2024-03-21T19:39:58.325Z,uncalibrated magnetic sensor,259.97998,-14.219999,-208.31999,259.97998,-14.219999,-208.31999,3
712771102683226,2024-03-21T19:39:58.346Z,uncalibrated magnetic sensor,260.1,-13.86,-208.14,260.1,-13.86,-208.14,3
712771122683226,2024-03-21T19:39:58.365Z,uncalibrated magnetic sensor,259.8,-13.259999,-208.01999,259.8,-13.259999,-208.01999,3
712771142683226,2024-03-21T19:39:58.385Z,uncalibrated magnetic sensor,259.02,-13.86,-208.14,259.02,-13.86,-208.14,3
712771162683226,2024-03-21T19:39:58.406Z,uncalibrated magnetic sensor,258.18,-14.16,-208.68,258.18,-14.16,-208.68,3
712771182683226,2024-03-21T19:39:58.426Z,uncalibrated magnetic sensor,258.3,-13.559999,-208.79999,258.3,-13.559999,-208.79999,3
712771202683226,2024-03-21T19:39:58.445Z,uncalibrated magnetic sensor,258.78,-13.74,-209.04,258.78,-13.74,-209.04,3
712771222683226,2024-03-21T19:39:58.465Z,uncalibrated magnetic sensor,259.02,-13.2,-209.09999,259.02,-13.2,-209.09999,3
712771242683226,2024-03-21T19:39:58.486Z,uncalibrated magnetic sensor,258.66,-13.559999,-208.68,258.66,-13.559999,-208.68,3
712771262683226,2024-03-21T19:39:58.505Z,uncalibrated magnetic sensor,258.47998,-14.5199995,-208.68,258.47998,-14.5199995,-208.68,3
712771282683226,2024-03-21T19:39:58.525Z,uncalibrated magnetic sensor,259.08,-13.98,-209.09999,259.08,-13.98,-209.09999,3
712771302683226,2024-03-21T19:39:58.545Z,uncalibrated magnetic sensor,258.18,-14.16,-209.28,258.18,-14.16,-209.28,3
712771322683459,2024-03-21T19:39:58.566Z,uncalibrated magnetic sensor,257.4,-14.7,-208.68,257.4,-14.7,-208.68,3
712771342683459,2024-03-21T19:39:58.585Z,uncalibrated magnetic sensor,257.52,-14.04,-208.68,257.52,-14.04,-208.68,3
712771362683459,2024-03-21T19:39:58.605Z,uncalibrated magnetic sensor,257.94,-13.74,-208.62,257.94,-13.74,-208.62,3
712771382683459,2024-03-21T19:39:58.626Z,uncalibrated magnetic sensor,258.96,-14.34,-208.14,258.96,-14.34,-208.14,3
712771402683459,2024-03-21T19:39:58.646Z,uncalibrated magnetic sensor,259.56,-14.88,-208.44,259.56,-14.88,-208.44,3
712771422683225,2024-03-21T19:39:58.666Z,uncalibrated magnetic sensor,259.38,-15.0,-208.5,259.38,-15.0,-208.5,3
712771442683225,2024-03-21T19:39:58.686Z,uncalibrated magnetic sensor,258.24,-14.46,-208.68,258.24,-14.46,-208.68,3
712771462683225,2024-03-21T19:39:58.705Z,uncalibrated magnetic sensor,258.47998,-13.38,-209.15999,258.47998,-13.38,-209.15999,3
712771482683225,2024-03-21T19:39:58.725Z,uncalibrated magnetic sensor,258.47998,-13.98,-209.15999,258.47998,-13.98,-209.15999,3
712771502683225,2024-03-21T19:39:58.745Z,uncalibrated magnetic sensor,258.0,-13.679999,-208.44,258.0,-13.679999,-208.44,3
712771522683225,2024-03-21T19:39:58.766Z,uncalibrated magnetic sensor,258.24,-12.78,-208.31999,258.24,-12.78,-208.31999,3
712771542683225,2024-03-21T19:39:58.786Z,uncalibrated magnetic sensor,257.82,-13.559999,-208.37999,257.82,-13.559999,-208.37999,3
712771562683225,2024-03-21T19:39:58.806Z,uncalibrated magnetic sensor,258.36,-14.04,-207.72,258.36,-14.04,-207.72,3
712771582683225,2024-03-21T19:39:58.825Z,uncalibrated magnetic sensor,259.13998,-13.92,-207.59999,259.13998,-13.92,-207.59999,3
712771602683225,2024-03-21T19:39:58.846Z,uncalibrated magnetic sensor,259.38,-13.32,-207.9,259.38,-13.32,-207.9,3
712771622683225,2024-03-21T19:39:58.866Z,uncalibrated magnetic sensor,259.44,-13.44,-207.9,259.44,-13.44,-207.9,3
712771642683225,2024-03-21T19:39:58.885Z,uncalibrated magnetic sensor,259.38,-13.559999,-207.65999,259.38,-13.559999,-207.65999,3
712771662683225,2024-03-21T19:39:58.906Z,uncalibrated magnetic sensor,259.19998,-13.259999,-207.54,259.19998,-13.259999,-207.54,3
712771682683225,2024-03-21T19:39:58.925Z,uncalibrated magnetic sensor,258.72,-13.0199995,-207.72,258.72,-13.0199995,-207.72,3
712771702683225,2024-03-21T19:39:58.945Z,uncalibrated magnetic sensor,259.02,-12.719999,-207.48,259.02,-12.719999,-207.48,3
712771722683225,2024-03-21T19:39:58.965Z,uncalibrated magnetic sensor,259.56,-12.9,-207.23999,259.56,-12.9,-207.23999,3
712771742683225,2024-03-21T19:39:58.985Z,uncalibrated magnetic sensor,258.96,-12.84,-207.59999,258.96,-12.84,-207.59999,3
712771762683225,2024-03-21T19:39:59.005Z,uncalibrated magnetic sensor,257.63998,-12.36,-207.72,257.63998,-12.36,-207.72,3
712771782683225,2024-03-21T19:39:59.025Z,uncalibrated magnetic sensor,258.06,-11.7,-207.06,258.06,-11.7,-207.06,3
712771802683225,2024-03-21T19:39:59.045Z,uncalibrated magnetic sensor,258.3,-11.46,-206.15999,258.3,-11.46,-206.15999,3
712771822683458,2024-03-21T19:39:59.066Z,uncalibrated magnetic sensor,258.24,-11.88,-206.45999,258.24,-11.88,-206.45999,3
712771842683458,2024-03-21T19:39:59.085Z,uncalibrated magnetic sensor,258.66,-11.34,-206.81999,258.66,-11.34,-206.81999,3
712771862683458,2024-03-21T19:39:59.105Z,uncalibrated magnetic sensor,258.36,-10.86,-206.28,258.36,-10.86,-206.28,3
712771882683458,2024-03-21T19:39:59.126Z,uncalibrated magnetic sensor,258.41998,-11.219999,-205.86,258.41998,-11.219999,-205.86,3
712771902683458,2024-03-21T19:39:59.146Z,uncalibrated magnetic sensor,258.72,-11.34,-205.98,258.72,-11.34,-205.98,3
712771922683224,2024-03-21T19:39:59.166Z,uncalibrated magnetic sensor,258.18,-11.219999,-206.76,258.18,-11.219999,-206.76,3
712771942683224,2024-03-21T19:39:59.185Z,uncalibrated magnetic sensor,258.06,-11.099999,-205.98,258.06,-11.099999,-205.98,3
712771962683224,2024-03-21T19:39:59.206Z,uncalibrated magnetic sensor,259.25998,-10.679999,-204.84,259.25998,-10.679999,-204.84,3
712771982683224,2024-03-21T19:39:59.225Z,uncalibrated magnetic sensor,259.56,-10.38,-205.79999,259.56,-10.38,-205.79999,3
712772002683224,2024-03-21T19:39:59.245Z,uncalibrated magnetic sensor,258.9,-10.5,-205.79999,258.9,-10.5,-205.79999,3
712772022683224,2024-03-21T19:39:59.265Z,uncalibrated magnetic sensor,257.58,-10.679999,-204.84,257.58,-10.679999,-204.84,3
712772042683224,2024-03-21T19:39:59.285Z,uncalibrated magnetic sensor,256.74,-10.26,-204.84,256.74,-10.26,-204.84,3
712772062683224,2024-03-21T19:39:59.305Z,uncalibrated magnetic sensor,257.4,-10.8,-205.01999,257.4,-10.8,-205.01999,3
712772082683224,2024-03-21T19:39:59.325Z,uncalibrated magnetic sensor,257.82,-11.04,-205.98,257.82,-11.04,-205.98,3
712772102683224,2024-03-21T19:39:59.345Z,uncalibrated magnetic sensor,257.82,-10.86,-205.73999,257.82,-10.86,-205.73999,3
712772122683224,2024-03-21T19:39:59.365Z,uncalibrated magnetic sensor,258.18,-10.8,-205.08,258.18,-10.8,-205.08,3
712772142683224,2024-03-21T19:39:59.385Z,uncalibrated magnetic sensor,258.47998,-10.26,-205.68,258.47998,-10.26,-205.68,3
712772162683224,2024-03-21T19:39:59.405Z,uncalibrated magnetic sensor,257.75998,-9.96,-205.86,257.75998,-9.96,-205.86,3
712772182683224,2024-03-21T19:39:59.425Z,uncalibrated magnetic sensor,257.28,-10.559999,-205.37999,257.28,-10.559999,-205.37999,3
712772202683224,2024-03-21T19:39:59.445Z,uncalibrated magnetic sensor,257.58,-10.86,-204.78,257.58,-10.86,-204.78,3
712772222683224,2024-03-21T19:39:59.466Z,uncalibrated magnetic sensor,256.8,-10.5,-205.26,256.8,-10.5,-205.26,3
712772242683224,2024-03-21T19:39:59.485Z,uncalibrated magnetic sensor,256.91998,-11.219999,-205.68,256.91998,-11.219999,-205.68,3
712772262683224,2024-03-21T19:39:59.506Z,uncalibrated magnetic sensor,257.52,-11.04,-204.65999,257.52,-11.04,-204.65999,3
712772282683224,2024-03-21T19:39:59.525Z,uncalibrated magnetic sensor,257.28,-10.139999,-205.44,257.28,-10.139999,-205.44,3
712772302683224,2024-03-21T19:39:59.546Z,uncalibrated magnetic sensor,257.69998,-10.62,-206.51999,257.69998,-10.62,-206.51999,3
712772322683457,2024-03-21T19:39:59.566Z,uncalibrated magnetic sensor,257.52,-11.58,-205.92,257.52,-11.58,-205.92,3
712772342683457,2024-03-21T19:39:59.586Z,uncalibrated magnetic sensor,256.97998,-11.28,-205.56,256.97998,-11.28,-205.56,3
712772362683457,2024-03-21T19:39:59.606Z,uncalibrated magnetic sensor,256.32,-10.679999,-204.95999,256.32,-10.679999,-204.95999,3
712772382683457,2024-03-21T19:39:59.625Z,uncalibrated magnetic sensor,255.59999,-11.04,-204.72,255.59999,-11.04,-204.72,3
712772402683457,2024-03-21T19:39:59.646Z,uncalibrated magnetic sensor,255.18,-11.16,-204.95999,255.18,-11.16,-204.95999,3
712772422683223,2024-03-21T19:39:59.665Z,uncalibrated magnetic sensor,255.29999,-11.219999,-205.44,255.29999,-11.219999,-205.44,3
712772442683223,2024-03-21T19:39:59.685Z,uncalibrated magnetic sensor,256.02,-12.24,-206.28,256.02,-12.24,-206.28,3
712772462683223,2024-03-21T19:39:59.705Z,uncalibrated magnetic sensor,256.5,-12.599999,-207.18,256.5,-12.599999,-207.18,3
712772482683223,2024-03-21T19:39:59.726Z,uncalibrated magnetic sensor,256.74,-12.3,-208.01999,256.74,-12.3,-208.01999,3
712772502683223,2024-03-21T19:39:59.746Z,uncalibrated magnetic sensor,256.91998,-13.5,-208.31999,256.91998,-13.5,-208.31999,3
712772522683223,2024-03-21T19:39:59.766Z,uncalibrated magnetic sensor,256.56,-13.74,-208.31999,256.56,-13.74,-208.31999,3
712772542683223,2024-03-21T19:39:59.785Z,uncalibrated magnetic sensor,256.02,-13.2,-208.86,256.02,-13.2,-208.86,3
712772562683223,2024-03-21T19:39:59.806Z,uncalibrated magnetic sensor,255.29999,-13.62,-208.62,255.29999,-13.62,-208.62,3
712772582683223,2024-03-21T19:39:59.825Z,uncalibrated magnetic sensor,255.65999,-13.98,-208.56,255.65999,-13.98,-208.56,3
712772602683223,2024-03-21T19:39:59.845Z,uncalibrated magnetic sensor,256.97998,-14.4,-208.44,256.97998,-14.4,-208.44,3
712772622683489,2024-03-21T19:39:59.866Z,uncalibrated magnetic sensor,257.69998,-13.5,-208.01999,257.69998,-13.5,-208.01999,3
712772642683489,2024-03-21T19:39:59.885Z,uncalibrated magnetic sensor,257.22,-13.679999,-208.68,257.22,-13.679999,-208.68,3
712772662683489,2024-03-21T19:39:59.906Z,uncalibrated magnetic sensor,256.91998,-15.059999,-209.45999,256.91998,-15.059999,-209.45999,3
712772682683489,2024-03-21T19:39:59.926Z,uncalibrated magnetic sensor,257.88,-14.7,-209.04,257.88,-14.7,-209.04,3
712772702683489,2024-03-21T19:39:59.946Z,uncalibrated magnetic sensor,257.46,-13.98,-208.08,257.46,-13.98,-208.08,3
712772722683489,2024-03-21T19:39:59.966Z,uncalibrated magnetic sensor,256.68,-13.799999,-207.54,256.68,-13.799999,-207.54,3
712772742683489,2024-03-21T19:39:59.985Z,uncalibrated magnetic sensor,256.86,-14.46,-207.23999,256.86,-14.46,-207.23999,3
712772762683489,2024-03-21T19:40:00.005Z,uncalibrated magnetic sensor,257.04,-14.34,-208.01999,257.04,-14.34,-208.01999,3
712772782683489,2024-03-21T19:40:00.025Z,uncalibrated magnetic sensor,257.52,-14.16,-208.62,257.52,-14.16,-208.62,3
712772802683489,2024-03-21T19:40:00.045Z,uncalibrated magnetic sensor,257.88,-14.099999,-208.5,257.88,-14.099999,-208.5,3
712772822683722,2024-03-21T19:40:00.065Z,uncalibrated magnetic sensor,258.24,-14.04,-208.44,258.24,-14.04,-208.44,3
712772842683722,2024-03-21T19:40:00.085Z,uncalibrated magnetic sensor,258.3,-14.099999,-208.01999,258.3,-14.099999,-208.01999,3
712772862683722,2024-03-21T19:40:00.106Z,uncalibrated magnetic sensor,257.82,-13.62,-207.72,257.82,-13.62,-207.72,3
712772882683722,2024-03-21T19:40:00.126Z,uncalibrated magnetic sensor,257.94,-13.86,-207.78,257.94,-13.86,-207.78,3
712772902683722,2024-03-21T19:40:00.146Z,uncalibrated magnetic sensor,258.12,-13.38,-207.42,258.12,-13.38,-207.42,3
712772922683488,2024-03-21T19:40:00.166Z,uncalibrated magnetic sensor,258.06,-13.2,-207.48,258.06,-13.2,-207.48,3
712772942683488,2024-03-21T19:40:00.186Z,uncalibrated magnetic sensor,259.13998,-13.44,-208.14,259.13998,-13.44,-208.14,3
712772962683488,2024-03-21T19:40:00.205Z,uncalibrated magnetic sensor,260.52,-13.08,-208.2,260.52,-13.08,-208.2,3
712772982683488,2024-03-21T19:40:00.226Z,uncalibrated magnetic sensor,260.52,-13.08,-208.37999,260.52,-13.08,-208.37999,3
712773002683488,2024-03-21T19:40:00.246Z,uncalibrated magnetic sensor,259.5,-13.5,-207.95999,259.5,-13.5,-207.95999,3
712773022683488,2024-03-21T19:40:00.266Z,uncalibrated magnetic sensor,259.13998,-13.799999,-207.9,259.13998,-13.799999,-207.9,3
712773042683488,2024-03-21T19:40:00.285Z,uncalibrated magnetic sensor,258.6,-13.679999,-207.9,258.6,-13.679999,-207.9,3
712773062683488,2024-03-21T19:40:00.305Z,uncalibrated magnetic sensor,257.94,-13.799999,-207.48,257.94,-13.799999,-207.48,3
712773082683488,2024-03-21T19:40:00.325Z,uncalibrated magnetic sensor,258.72,-13.559999,-207.42,258.72,-13.559999,-207.42,3
712773102683488,2024-03-21T19:40:00.346Z,uncalibrated magnetic sensor,259.32,-13.32,-207.23999,259.32,-13.32,-207.23999,3
712773122683488,2024-03-21T19:40:00.365Z,uncalibrated magnetic sensor,259.08,-12.9,-207.18,259.08,-12.9,-207.18,3
712773142683488,2024-03-21T19:40:00.386Z,uncalibrated magnetic sensor,258.36,-12.66,-207.59999,258.36,-12.66,-207.59999,3
712773162683488,2024-03-21T19:40:00.405Z,uncalibrated magnetic sensor,258.12,-13.62,-208.14,258.12,-13.62,-208.14,3
712773182683488,2024-03-21T19:40:00.426Z,uncalibrated magnetic sensor,257.82,-14.099999,-207.59999,257.82,-14.099999,-207.59999,3
712773202683488,2024-03-21T19:40:00.446Z,uncalibrated magnetic sensor,257.63998,-12.9,-207.29999,257.63998,-12.9,-207.29999,3
712773222683221,2024-03-21T19:40:00.465Z,uncalibrated magnetic sensor,258.06,-12.3,-207.29999,258.06,-12.3,-207.29999,3
712773242683221,2024-03-21T19:40:00.485Z,uncalibrated magnetic sensor,258.06,-13.2,-206.76,258.06,-13.2,-206.76,3
712773262683221,2024-03-21T19:40:00.505Z,uncalibrated magnetic sensor,258.0,-14.28,-207.06,258.0,-14.28,-207.06,3
712773282683221,2024-03-21T19:40:00.525Z,uncalibrated magnetic sensor,257.82,-14.219999,-207.9,257.82,-14.219999,-207.9,3
712773302683221,2024-03-21T19:40:00.546Z,uncalibrated magnetic sensor,257.46,-13.32,-207.9,257.46,-13.32,-207.9,3
712773322683454,2024-03-21T19:40:00.566Z,uncalibrated magnetic sensor,257.94,-13.559999,-207.23999,257.94,-13.559999,-207.23999,3
712773342683454,2024-03-21T19:40:00.586Z,uncalibrated magnetic sensor,258.06,-13.74,-207.06,258.06,-13.74,-207.06,3
712773362683454,2024-03-21T19:40:00.605Z,uncalibrated magnetic sensor,257.69998,-13.139999,-207.48,257.69998,-13.139999,-207.48,3
712773382683454,2024-03-21T19:40:00.625Z,uncalibrated magnetic sensor,257.75998,-13.08,-207.65999,257.75998,-13.08,-207.65999,3
712773402683454,2024-03-21T19:40:00.646Z,uncalibrated magnetic sensor,257.58,-13.32,-207.78,257.58,-13.32,-207.78,3
712773422683220,2024-03-21T19:40:00.665Z,uncalibrated magnetic sensor,257.82,-13.38,-207.84,257.82,-13.38,-207.84,3
712773442683220,2024-03-21T19:40:00.686Z,uncalibrated magnetic sensor,258.41998,-13.799999,-207.84,258.41998,-13.799999,-207.84,3
712773462683220,2024-03-21T19:40:00.706Z,uncalibrated magnetic sensor,258.3,-13.559999,-207.78,258.3,-13.559999,-207.78,3
712773482683220,2024-03-21T19:40:00.726Z,uncalibrated magnetic sensor,257.75998,-13.44,-206.76,257.75998,-13.44,-206.76,3
712773502683220,2024-03-21T19:40:00.745Z,uncalibrated magnetic sensor,257.1,-14.4,-206.7,257.1,-14.4,-206.7,3
712773522683220,2024-03-21T19:40:00.766Z,uncalibrated magnetic sensor,257.1,-14.219999,-207.06,257.1,-14.219999,-207.06,3
712773542683220,2024-03-21T19:40:00.785Z,uncalibrated magnetic sensor,257.4,-13.98,-207.54,257.4,-13.98,-207.54,3
712773562683220,2024-03-21T19:40:00.806Z,uncalibrated magnetic sensor,257.88,-13.86,-208.5,257.88,-13.86,-208.5,3
712773582683220,2024-03-21T19:40:00.826Z,uncalibrated magnetic sensor,258.41998,-13.259999,-208.73999,258.41998,-13.259999,-208.73999,3
712773602683220,2024-03-21T19:40:00.846Z,uncalibrated magnetic sensor,258.12,-13.259999,-208.01999,258.12,-13.259999,-208.01999,3
712773622683220,2024-03-21T19:40:00.865Z,uncalibrated magnetic sensor,258.3,-13.44,-208.08,258.3,-13.44,-208.08,3
712773642683220,2024-03-21T19:40:00.885Z,uncalibrated magnetic sensor,258.72,-14.5199995,-208.37999,258.72,-14.5199995,-208.37999,3
712773662683220,2024-03-21T19:40:00.905Z,uncalibrated magnetic sensor,258.84,-14.759999,-207.18,258.84,-14.759999,-207.18,3
712773682683220,2024-03-21T19:40:00.925Z,uncalibrated magnetic sensor,259.62,-13.92,-206.58,259.62,-13.92,-206.58,3
712773702683220,2024-03-21T19:40:00.946Z,uncalibrated magnetic sensor,259.44,-14.16,-207.23999,259.44,-14.16,-207.23999,3
712773722683220,2024-03-21T19:40:00.965Z,uncalibrated magnetic sensor,258.36,-13.74,-207.9,258.36,-13.74,-207.9,3
712773742683220,2024-03-21T19:40:00.986Z,uncalibrated magnetic sensor,257.52,-13.74,-208.2,257.52,-13.74,-208.2,3
712773762683220,2024-03-21T19:40:01.006Z,uncalibrated magnetic sensor,258.24,-14.34,-208.08,258.24,-14.34,-208.08,3
712773782683220,2024-03-21T19:40:01.026Z,uncalibrated magnetic sensor,258.72,-13.86,-207.23999,258.72,-13.86,-207.23999,3
712773802683220,2024-03-21T19:40:01.045Z,uncalibrated magnetic sensor,258.12,-13.92,-206.87999,258.12,-13.92,-206.87999,3
712773822683453,2024-03-21T19:40:01.066Z,uncalibrated magnetic sensor,258.3,-13.74,-206.76,258.3,-13.74,-206.76,3
712773842683453,2024-03-21T19:40:01.085Z,uncalibrated magnetic sensor,258.18,-12.54,-206.64,258.18,-12.54,-206.64,3
712773862683453,2024-03-21T19:40:01.106Z,uncalibrated magnetic sensor,257.94,-12.42,-206.7,257.94,-12.42,-206.7,3
712773882683453,2024-03-21T19:40:01.125Z,uncalibrated magnetic sensor,258.6,-12.3,-206.7,258.6,-12.3,-206.7,3
712773902683453,2024-03-21T19:40:01.146Z,uncalibrated magnetic sensor,258.47998,-12.42,-206.15999,258.47998,-12.42,-206.15999,3
712773922683219,2024-03-21T19:40:01.166Z,uncalibrated magnetic sensor,258.0,-13.38,-206.15999,258.0,-13.38,-206.15999,3
712773942683219,2024-03-21T19:40:01.186Z,uncalibrated magnetic sensor,257.28,-13.139999,-206.58,257.28,-13.139999,-206.58,3
712773962683219,2024-03-21T19:40:01.205Z,uncalibrated magnetic sensor,257.69998,-12.78,-206.28,257.69998,-12.78,-206.28,3
712773982683219,2024-03-21T19:40:01.225Z,uncalibrated magnetic sensor,259.08,-12.9,-206.76,259.08,-12.9,-206.76,3
712774002683219,2024-03-21T19:40:01.245Z,uncalibrated magnetic sensor,259.56,-13.08,-206.94,259.56,-13.08,-206.94,3
712774022683219,2024-03-21T19:40:01.265Z,uncalibrated magnetic sensor,259.44,-13.139999,-206.94,259.44,-13.139999,-206.94,3
712774042683219,2024-03-21T19:40:01.285Z,uncalibrated magnetic sensor,258.96,-12.96,-207.23999,258.96,-12.96,-207.23999,3
712774062683219,2024-03-21T19:40:01.305Z,uncalibrated magnetic sensor,259.25998,-12.719999,-206.81999,259.25998,-12.719999,-206.81999,3
712774082683219,2024-03-21T19:40:01.325Z,uncalibrated magnetic sensor,259.74,-12.24,-206.87999,259.74,-12.24,-206.87999,3
712774102683219,2024-03-21T19:40:01.345Z,uncalibrated magnetic sensor,258.9,-11.759999,-207.42,258.9,-11.759999,-207.42,3
712774122683219,2024-03-21T19:40:01.366Z,uncalibrated magnetic sensor,258.18,-11.58,-207.0,258.18,-11.58,-207.0,3
712774142683219,2024-03-21T19:40:01.386Z,uncalibrated magnetic sensor,258.0,-11.94,-207.0,258.0,-11.94,-207.0,3
712774162683219,2024-03-21T19:40:01.406Z,uncalibrated magnetic sensor,258.54,-12.24,-206.45999,258.54,-12.24,-206.45999,3
712774182683219,2024-03-21T19:40:01.426Z,uncalibrated magnetic sensor,259.56,-12.54,-205.79999,259.56,-12.54,-205.79999,3
712774202683219,2024-03-21T19:40:01.445Z,uncalibrated magnetic sensor,259.19998,-12.24,-205.62,259.19998,-12.24,-205.62,3
712774222683219,2024-03-21T19:40:01.465Z,uncalibrated magnetic sensor,258.96,-12.0,-205.98,258.96,-12.0,-205.98,3
712774242683219,2024-03-21T19:40:01.485Z,uncalibrated magnetic sensor,258.3,-12.36,-205.98,258.3,-12.36,-205.98,3
712774262683219,2024-03-21T19:40:01.505Z,uncalibrated magnetic sensor,257.82,-12.48,-206.04,257.82,-12.48,-206.04,3
712774282683219,2024-03-21T19:40:01.525Z,uncalibrated magnetic sensor,257.75998,-12.179999,-206.09999,257.75998,-12.179999,-206.09999,3
712774302683219,2024-03-21T19:40:01.545Z,uncalibrated magnetic sensor,257.63998,-12.42,-205.5,257.63998,-12.42,-205.5,3
712774322683452,2024-03-21T19:40:01.565Z,uncalibrated magnetic sensor,257.22,-12.42,-206.04,257.22,-12.42,-206.04,3
712774342683452,2024-03-21T19:40:01.586Z,uncalibrated magnetic sensor,256.62,-11.34,-205.73999,256.62,-11.34,-205.73999,3
712774362683452,2024-03-21T19:40:01.606Z,uncalibrated magnetic sensor,257.1,-11.82,-205.31999,257.1,-11.82,-205.31999,3
712774382683452,2024-03-21T19:40:01.626Z,uncalibrated magnetic sensor,257.46,-12.36,-205.79999,257.46,-12.36,-205.79999,3
712774402683452,2024-03-21T19:40:01.646Z,uncalibrated magnetic sensor,256.97998,-12.0,-206.45999,256.97998,-12.0,-206.45999,3
712774422683218,2024-03-21T19:40:01.665Z,uncalibrated magnetic sensor,256.44,-12.3,-206.81999,256.44,-12.3,-206.81999,3
712774442683218,2024-03-21T19:40:01.686Z,uncalibrated magnetic sensor,256.86,-12.36,-206.15999,256.86,-12.36,-206.15999,3
712774462683218,2024-03-21T19:40:01.705Z,uncalibrated magnetic sensor,257.52,-11.7,-205.2,257.52,-11.7,-205.2,3
712774482683218,2024-03-21T19:40:01.725Z,uncalibrated magnetic sensor,256.91998,-11.82,-205.86,256.91998,-11.82,-205.86,3
712774502683218,2024-03-21T19:40:01.746Z,uncalibrated magnetic sensor,256.13998,-12.54,-206.7,256.13998,-12.54,-206.7,3
712774522683218,2024-03-21T19:40:01.766Z,uncalibrated magnetic sensor,257.1,-12.719999,-206.34,257.1,-12.719999,-206.34,3
712774542683218,2024-03-21T19:40:01.786Z,uncalibrated magnetic sensor,257.46,-11.639999,-205.56,257.46,-11.639999,-205.56,3
712774562683218,2024-03-21T19:40:01.806Z,uncalibrated magnetic sensor,256.56,-10.8,-205.01999,256.56,-10.8,-205.01999,3
712774582683218,2024-03-21T19:40:01.826Z,uncalibrated magnetic sensor,256.44,-12.0,-205.26,256.44,-12.0,-205.26,3
712774602683218,2024-03-21T19:40:01.846Z,uncalibrated magnetic sensor,257.1,-12.12,-205.86,257.1,-12.12,-205.86,3
712774622683218,2024-03-21T19:40:01.866Z,uncalibrated magnetic sensor,257.46,-11.46,-206.51999,257.46,-11.46,-206.51999,3
712774642683218,2024-03-21T19:40:01.885Z,uncalibrated magnetic sensor,257.22,-12.0,-205.98,257.22,-12.0,-205.98,3
712774662683218,2024-03-21T19:40:01.905Z,uncalibrated magnetic sensor,257.52,-12.48,-205.37999,257.52,-12.48,-205.37999,3
712774682683218,2024-03-21T19:40:01.926Z,uncalibrated magnetic sensor,258.18,-12.78,-205.73999,258.18,-12.78,-205.73999,3
712774702683218,2024-03-21T19:40:01.945Z,uncalibrated magnetic sensor,258.54,-12.179999,-206.09999,258.54,-12.179999,-206.09999,3
712774722683218,2024-03-21T19:40:01.966Z,uncalibrated magnetic sensor,257.94,-12.54,-206.45999,257.94,-12.54,-206.45999,3
712774742683218,2024-03-21T19:40:01.986Z,uncalibrated magnetic sensor,257.46,-13.32,-206.34,257.46,-13.32,-206.34,3
712774762683218,2024-03-21T19:40:02.005Z,uncalibrated magnetic sensor,258.47998,-12.3,-205.73999,258.47998,-12.3,-205.73999,3
712774782683218,2024-03-21T19:40:02.026Z,uncalibrated magnetic sensor,258.36,-12.66,-205.86,258.36,-12.66,-205.86,3
712774802683218,2024-03-21T19:40:02.045Z,uncalibrated magnetic sensor,257.52,-12.66,-206.09999,257.52,-12.66,-206.09999,3
712774822683451,2024-03-21T19:40:02.066Z,uncalibrated magnetic sensor,257.69998,-12.3,-205.56,257.69998,-12.3,-205.56,3
712774842683451,2024-03-21T19:40:02.086Z,uncalibrated magnetic sensor,256.91998,-12.66,-205.73999,256.91998,-12.66,-205.73999,3
712774862683451,2024-03-21T19:40:02.105Z,uncalibrated magnetic sensor,256.56,-12.3,-206.4,256.56,-12.3,-206.4,3
712774882683451,2024-03-21T19:40:02.126Z,uncalibrated magnetic sensor,257.58,-12.36,-206.76,257.58,-12.36,-206.76,3
712774902683451,2024-03-21T19:40:02.146Z,uncalibrated magnetic sensor,257.58,-12.66,-206.04,257.58,-12.66,-206.04,3
712774922683217,2024-03-21T19:40:02.165Z,uncalibrated magnetic sensor,257.69998,-12.0,-205.08,257.69998,-12.0,-205.08,3
712774942683217,2024-03-21T19:40:02.186Z,uncalibrated magnetic sensor,258.24,-11.7,-205.44,258.24,-11.7,-205.44,3
712774962683217,2024-03-21T19:40:02.205Z,uncalibrated magnetic sensor,257.75998,-12.42,-205.86,257.75998,-12.42,-205.86,3
712774982683217,2024-03-21T19:40:02.225Z,uncalibrated magnetic sensor,257.58,-11.82,-205.79999,257.58,-11.82,-205.79999,3
712775002683217,2024-03-21T19:40:02.245Z,uncalibrated magnetic sensor,258.0,-11.28,-205.08,258.0,-11.28,-205.08,3
712775022683217,2024-03-21T19:40:02.265Z,uncalibrated magnetic sensor,258.41998,-11.34,-204.3,258.41998,-11.34,-204.3,3
712775042683217,2024-03-21T19:40:02.286Z,uncalibrated magnetic sensor,258.36,-11.04,-204.23999,258.36,-11.04,-204.23999,3
712775062683217,2024-03-21T19:40:02.305Z,uncalibrated magnetic sensor,258.12,-11.099999,-205.26,258.12,-11.099999,-205.26,3
712775082683217,2024-03-21T19:40:02.325Z,uncalibrated magnetic sensor,258.78,-11.219999,-206.58,258.78,-11.219999,-206.58,3
712775102683217,2024-03-21T19:40:02.346Z,uncalibrated magnetic sensor,258.54,-11.28,-206.09999,258.54,-11.28,-206.09999,3
712775122683217,2024-03-21T19:40:02.366Z,uncalibrated magnetic sensor,258.0,-11.16,-204.9,258.0,-11.16,-204.9,3
712775142683217,2024-03-21T19:40:02.385Z,uncalibrated magnetic sensor,258.96,-10.8,-205.37999,258.96,-10.8,-205.37999,3
712775162683217,2024-03-21T19:40:02.405Z,uncalibrated magnetic sensor,258.3,-10.8,-205.08,258.3,-10.8,-205.08,3
712775182683217,2024-03-21T19:40:02.426Z,uncalibrated magnetic sensor,258.12,-10.98,-204.06,258.12,-10.98,-204.06,3
712775202683217,2024-03-21T19:40:02.446Z,uncalibrated magnetic sensor,258.36,-10.8,-204.23999,258.36,-10.8,-204.23999,3
712775222683217,2024-03-21T19:40:02.465Z,uncalibrated magnetic sensor,257.94,-10.5,-204.65999,257.94,-10.5,-204.65999,3
712775242683217,2024-03-21T19:40:02.485Z,uncalibrated magnetic sensor,258.6,-10.38,-205.37999,258.6,-10.38,-205.37999,3
712775262683217,2024-03-21T19:40:02.505Z,uncalibrated magnetic sensor,258.47998,-10.2,-205.5,258.47998,-10.2,-205.5,3
712775282683217,2024-03-21T19:40:02.525Z,uncalibrated magnetic sensor,258.47998,-10.44,-205.08,258.47998,-10.44,-205.08,3
712775302683217,2024-03-21T19:40:02.546Z,uncalibrated magnetic sensor,258.06,-10.86,-205.01999,258.06,-10.86,-205.01999,3
712775322683450,2024-03-21T19:40:02.565Z,uncalibrated magnetic sensor,257.69998,-11.099999,-205.31999,257.69998,-11.099999,-205.31999,3
712775342683450,2024-03-21T19:40:02.585Z,uncalibrated magnetic sensor,257.94,-10.92,-205.01999,257.94,-10.92,-205.01999,3
712775362683450,2024-03-21T19:40:02.606Z,uncalibrated magnetic sensor,257.16,-11.099999,-204.42,257.16,-11.099999,-204.42,3
712775382683450,2024-03-21T19:40:02.625Z,uncalibrated magnetic sensor,256.86,-11.28,-204.3,256.86,-11.28,-204.3,3
712775402683450,2024-03-21T19:40:02.645Z,uncalibrated magnetic sensor,256.97998,-10.74,-204.36,256.97998,-10.74,-204.36,3
712775422683216,2024-03-21T19:40:02.665Z,uncalibrated magnetic sensor,257.04,-10.32,-204.9,257.04,-10.32,-204.9,3
712775442683216,2024-03-21T19:40:02.685Z,uncalibrated magnetic sensor,257.63998,-10.32,-205.79999,257.63998,-10.32,-205.79999,3
712775462683216,2024-03-21T19:40:02.705Z,uncalibrated magnetic sensor,257.58,-10.679999,-206.28,257.58,-10.679999,-206.28,3
712775482683216,2024-03-21T19:40:02.725Z,uncalibrated magnetic sensor,256.97998,-11.099999,-205.92,256.97998,-11.099999,-205.92,3
712775502683216,2024-03-21T19:40:02.745Z,uncalibrated magnetic sensor,257.28,-11.34,-205.14,257.28,-11.34,-205.14,3
712775522683216,2024-03-21T19:40:02.766Z,uncalibrated magnetic sensor,257.69998,-10.74,-204.3,257.69998,-10.74,-204.3,3
712775542683216,2024-03-21T19:40:02.786Z,uncalibrated magnetic sensor,257.94,-10.559999,-203.7,257.94,-10.559999,-203.7,3
712775562683216,2024-03-21T19:40:02.805Z,uncalibrated magnetic sensor,257.88,-10.86,-203.81999,257.88,-10.86,-203.81999,3
712775582683216,2024-03-21T19:40:02.825Z,uncalibrated magnetic sensor,257.58,-10.62,-204.54,257.58,-10.62,-204.54,3
712775602683216,2024-03-21T19:40:02.845Z,uncalibrated magnetic sensor,257.52,-10.8,-205.14,257.52,-10.8,-205.14,3
712775622683216,2024-03-21T19:40:02.865Z,uncalibrated magnetic sensor,257.4,-11.28,-204.65999,257.4,-11.28,-204.65999,3
712775642683216,2024-03-21T19:40:02.886Z,uncalibrated magnetic sensor,257.16,-10.86,-203.28,257.16,-10.86,-203.28,3
712775662683216,2024-03-21T19:40:02.905Z,uncalibrated magnetic sensor,256.91998,-9.96,-203.64,256.91998,-9.96,-203.64,3
712775682683216,2024-03-21T19:40:02.925Z,uncalibrated magnetic sensor,256.86,-10.5,-204.78,256.86,-10.5,-204.78,3
712775702683216,2024-03-21T19:40:02.946Z,uncalibrated magnetic sensor,256.68,-10.5,-204.84,256.68,-10.5,-204.84,3
712775722683216,2024-03-21T19:40:02.966Z,uncalibrated magnetic sensor,257.4,-9.96,-205.01999,257.4,-9.96,-205.01999,3
712775742683216,2024-03-21T19:40:02.985Z,uncalibrated magnetic sensor,258.24,-10.8,-205.44,258.24,-10.8,-205.44,3
712775762683216,2024-03-21T19:40:03.005Z,uncalibrated magnetic sensor,258.3,-10.98,-205.31999,258.3,-10.98,-205.31999,3
712775782683216,2024-03-21T19:40:03.026Z,uncalibrated magnetic sensor,258.41998,-10.92,-205.31999,258.41998,-10.92,-205.31999,3
712775802683216,2024-03-21T19:40:03.045Z,uncalibrated magnetic sensor,258.0,-10.86,-205.26,258.0,-10.86,-205.26,3
712775822683449,2024-03-21T19:40:03.065Z,uncalibrated magnetic sensor,258.6,-10.86,-205.37999,258.6,-10.86,-205.37999,3
712775842683449,2024-03-21T19:40:03.086Z,uncalibrated magnetic sensor,258.54,-10.92,-205.79999,258.54,-10.92,-205.79999,3
712775862683449,2024-03-21T19:40:03.106Z,uncalibrated magnetic sensor,257.4,-10.74,-205.2,257.4,-10.74,-205.2,3
712775882683449,2024-03-21T19:40:03.126Z,uncalibrated magnetic sensor,258.06,-10.62,-205.26,258.06,-10.62,-205.26,3
712775902683449,2024-03-21T19:40:03.146Z,uncalibrated magnetic sensor,258.72,-11.7,-205.62,258.72,-11.7,-205.62,3
712775922683215,2024-03-21T19:40:03.165Z,uncalibrated magnetic sensor,258.12,-11.82,-206.04,258.12,-11.82,-206.04,3
712775942683215,2024-03-21T19:40:03.186Z,uncalibrated magnetic sensor,257.22,-11.099999,-206.04,257.22,-11.099999,-206.04,3
712775962683215,2024-03-21T19:40:03.206Z,uncalibrated magnetic sensor,257.52,-11.34,-205.2,257.52,-11.34,-205.2,3
712775982683215,2024-03-21T19:40:03.226Z,uncalibrated magnetic sensor,258.41998,-11.46,-204.65999,258.41998,-11.46,-204.65999,3
712776002683215,2024-03-21T19:40:03.245Z,uncalibrated magnetic sensor,258.12,-11.4,-204.72,258.12,-11.4,-204.72,3
712776022683215,2024-03-21T19:40:03.266Z,uncalibrated magnetic sensor,257.58,-10.679999,-204.72,257.58,-10.679999,-204.72,3
712776042683215,2024-03-21T19:40:03.285Z,uncalibrated magnetic sensor,257.82,-10.26,-204.95999,257.82,-10.26,-204.95999,3
712776062683215,2024-03-21T19:40:03.306Z,uncalibrated magnetic sensor,258.78,-10.26,-204.95999,258.78,-10.26,-204.95999,3
712776082683215,2024-03-21T19:40:03.326Z,uncalibrated magnetic sensor,259.5,-9.78,-204.78,259.5,-9.78,-204.78,3
712776102683215,2024-03-21T19:40:03.345Z,uncalibrated magnetic sensor,259.74,-9.66,-205.56,259.74,-9.66,-205.56,3
712776122683215,2024-03-21T19:40:03.366Z,uncalibrated magnetic sensor,259.74,-10.139999,-205.98,259.74,-10.139999,-205.98,3
712776142683215,2024-03-21T19:40:03.385Z,uncalibrated magnetic sensor,259.62,-10.86,-206.15999,259.62,-10.86,-206.15999,3
712776162683215,2024-03-21T19:40:03.405Z,uncalibrated magnetic sensor,259.56,-11.219999,-206.22,259.56,-11.219999,-206.22,3
712776182683215,2024-03-21T19:40:03.425Z,uncalibrated magnetic sensor,259.74,-10.8,-206.09999,259.74,-10.8,-206.09999,3
712776202683215,2024-03-21T19:40:03.446Z,uncalibrated magnetic sensor,259.62,-10.5,-205.2,259.62,-10.5,-205.2,3
712776222683215,2024-03-21T19:40:03.465Z,uncalibrated magnetic sensor,259.19998,-10.139999,-204.42,259.19998,-10.139999,-204.42,3
712776242683215,2024-03-21T19:40:03.485Z,uncalibrated magnetic sensor,259.38,-9.48,-204.59999,259.38,-9.48,-204.59999,3
712776262683215,2024-03-21T19:40:03.505Z,uncalibrated magnetic sensor,258.84,-9.719999,-205.37999,258.84,-9.719999,-205.37999,3
712776282683215,2024-03-21T19:40:03.526Z,uncalibrated magnetic sensor,258.41998,-10.44,-205.5,258.41998,-10.44,-205.5,3
712776302683215,2024-03-21T19:40:03.545Z,uncalibrated magnetic sensor,258.47998,-10.679999,-204.3,258.47998,-10.679999,-204.3,3
712776322683448,2024-03-21T19:40:03.565Z,uncalibrated magnetic sensor,258.47998,-10.86,-204.59999,258.47998,-10.86,-204.59999,3
712776342683448,2024-03-21T19:40:03.586Z,uncalibrated magnetic sensor,258.6,-10.86,-205.08,258.6,-10.86,-205.08,3
712776362683448,2024-03-21T19:40:03.606Z,uncalibrated magnetic sensor,258.84,-10.44,-204.54,258.84,-10.44,-204.54,3
712776382683448,2024-03-21T19:40:03.625Z,uncalibrated magnetic sensor,258.12,-10.0199995,-204.36,258.12,-10.0199995,-204.36,3
712776402683448,2024-03-21T19:40:03.645Z,uncalibrated magnetic sensor,256.44,-10.44,-204.42,256.44,-10.44,-204.42,3
712776422683214,2024-03-21T19:40:03.666Z,uncalibrated magnetic sensor,256.56,-10.86,-204.84,256.56,-10.86,-204.84,3
712776442683214,2024-03-21T19:40:03.686Z,uncalibrated magnetic sensor,256.62,-10.98,-205.26,256.62,-10.98,-205.26,3
712776462683214,2024-03-21T19:40:03.706Z,uncalibrated magnetic sensor,256.86,-10.8,-204.9,256.86,-10.8,-204.9,3
712776482683214,2024-03-21T19:40:03.725Z,uncalibrated magnetic sensor,257.82,-10.92,-205.5,257.82,-10.92,-205.5,3
712776502683214,2024-03-21T19:40:03.746Z,uncalibrated magnetic sensor,257.1,-10.8,-205.44,257.1,-10.8,-205.44,3
712776522683214,2024-03-21T19:40:03.765Z,uncalibrated magnetic sensor,256.86,-10.8,-204.06,256.86,-10.8,-204.06,3
712776542683214,2024-03-21T19:40:03.785Z,uncalibrated magnetic sensor,256.91998,-11.28,-203.51999,256.91998,-11.28,-203.51999,3
712776562683214,2024-03-21T19:40:03.805Z,uncalibrated magnetic sensor,256.5,-11.219999,-203.58,256.5,-11.219999,-203.58,3
712776582683214,2024-03-21T19:40:03.825Z,uncalibrated magnetic sensor,256.19998,-11.5199995,-204.78,256.19998,-11.5199995,-204.78,3
712776602683214,2024-03-21T19:40:03.845Z,uncalibrated magnetic sensor,256.44,-11.639999,-205.44,256.44,-11.639999,-205.44,3
712776622683214,2024-03-21T19:40:03.865Z,uncalibrated magnetic sensor,257.1,-11.639999,-204.65999,257.1,-11.639999,-204.65999,3
712776642683214,2024-03-21T19:40:03.886Z,uncalibrated magnetic sensor,256.86,-11.099999,-204.3,256.86,-11.099999,-204.3,3
712776662683214,2024-03-21T19:40:03.905Z,uncalibrated magnetic sensor,256.74,-10.5,-204.18,256.74,-10.5,-204.18,3
712776682683214,2024-03-21T19:40:03.925Z,uncalibrated magnetic sensor,256.02,-10.44,-204.42,256.02,-10.44,-204.42,3
712776702683214,2024-03-21T19:40:03.945Z,uncalibrated magnetic sensor,255.78,-10.5,-204.65999,255.78,-10.5,-204.65999,3
712776722683214,2024-03-21T19:40:03.965Z,uncalibrated magnetic sensor,256.8,-11.04,-204.42,256.8,-11.04,-204.42,3
712776742683214,2024-03-21T19:40:03.985Z,uncalibrated magnetic sensor,256.97998,-12.12,-204.9,256.97998,-12.12,-204.9,3
712776762683214,2024-03-21T19:40:04.005Z,uncalibrated magnetic sensor,257.34,-12.54,-206.09999,257.34,-12.54,-206.09999,3
712776782683214,2024-03-21T19:40:04.025Z,uncalibrated magnetic sensor,257.58,-13.259999,-206.34,257.58,-13.259999,-206.34,3
712776802683214,2024-03-21T19:40:04.045Z,uncalibrated magnetic sensor,257.46,-13.08,-205.86,257.46,-13.08,-205.86,3
712776822683447,2024-03-21T19:40:04.065Z,uncalibrated magnetic sensor,257.16,-12.719999,-205.68,257.16,-12.719999,-205.68,3
712776842683447,2024-03-21T19:40:04.086Z,uncalibrated magnetic sensor,257.69998,-12.599999,-205.56,257.69998,-12.599999,-205.56,3
712776862683447,2024-03-21T19:40:04.105Z,uncalibrated magnetic sensor,257.94,-12.66,-205.73999,257.94,-12.66,-205.73999,3
712776882683447,2024-03-21T19:40:04.125Z,uncalibrated magnetic sensor,257.46,-13.44,-206.45999,257.46,-13.44,-206.45999,3
712776902683447,2024-03-21T19:40:04.146Z,uncalibrated magnetic sensor,257.69998,-12.599999,-206.15999,257.69998,-12.599999,-206.15999,3
712776922683213,2024-03-21T19:40:04.165Z,uncalibrated magnetic sensor,258.0,-11.5199995,-205.98,258.0,-11.5199995,-205.98,3
712776942683213,2024-03-21T19:40:04.186Z,uncalibrated magnetic sensor,257.75998,-12.3,-206.45999,257.75998,-12.3,-206.45999,3
712776962683213,2024-03-21T19:40:04.206Z,uncalibrated magnetic sensor,258.06,-12.96,-206.28,258.06,-12.96,-206.28,3
712776982683213,2024-03-21T19:40:04.226Z,uncalibrated magnetic sensor,258.36,-12.3,-206.22,258.36,-12.3,-206.22,3
712777002683213,2024-03-21T19:40:04.245Z,uncalibrated magnetic sensor,257.34,-12.48,-205.5,257.34,-12.48,-205.5,3
712777022683213,2024-03-21T19:40:04.265Z,uncalibrated magnetic sensor,257.4,-13.08,-205.56,257.4,-13.08,-205.56,3
712777042683213,2024-03-21T19:40:04.285Z,uncalibrated magnetic sensor,257.4,-13.0199995,-206.04,257.4,-13.0199995,-206.04,3
712777062683213,2024-03-21T19:40:04.305Z,uncalibrated magnetic sensor,257.28,-13.139999,-206.22,257.28,-13.139999,-206.22,3
712777082683213,2024-03-21T19:40:04.325Z,uncalibrated magnetic sensor,256.97998,-13.32,-206.04,256.97998,-13.32,-206.04,3
712777102683213,2024-03-21T19:40:04.345Z,uncalibrated magnetic sensor,257.04,-12.719999,-205.92,257.04,-12.719999,-205.92,3
712777122683213,2024-03-21T19:40:04.366Z,uncalibrated magnetic sensor,257.46,-12.54,-206.22,257.46,-12.54,-206.22,3
712777142683213,2024-03-21T19:40:04.385Z,uncalibrated magnetic sensor,257.63998,-12.179999,-206.51999,257.63998,-12.179999,-206.51999,3
712777162683213,2024-03-21T19:40:04.406Z,uncalibrated magnetic sensor,258.41998,-12.0,-206.51999,258.41998,-12.0,-206.51999,3
712777182683213,2024-03-21T19:40:04.425Z,uncalibrated magnetic sensor,258.96,-12.3,-207.12,258.96,-12.3,-207.12,3
712777202683213,2024-03-21T19:40:04.445Z,uncalibrated magnetic sensor,258.9,-11.94,-207.29999,258.9,-11.94,-207.29999,3
712777222683213,2024-03-21T19:40:04.466Z,uncalibrated magnetic sensor,259.44,-11.219999,-206.87999,259.44,-11.219999,-206.87999,3
712777242683213,2024-03-21T19:40:04.485Z,uncalibrated magnetic sensor,258.9,-10.92,-206.04,258.9,-10.92,-206.04,3
712777262683213,2024-03-21T19:40:04.506Z,uncalibrated magnetic sensor,258.96,-11.34,-205.92,258.96,-11.34,-205.92,3
712777282683213,2024-03-21T19:40:04.525Z,uncalibrated magnetic sensor,260.16,-11.16,-206.4,260.16,-11.16,-206.4,3
712777302683213,2024-03-21T19:40:04.546Z,uncalibrated magnetic sensor,260.1,-11.5199995,-205.79999,260.1,-11.5199995,-205.79999,3
712777322683446,2024-03-21T19:40:04.566Z,uncalibrated magnetic sensor,259.38,-11.5199995,-205.31999,259.38,-11.5199995,-205.31999,3
712777342683446,2024-03-21T19:40:04.585Z,uncalibrated magnetic sensor,258.78,-10.8,-205.68,258.78,-10.8,-205.68,3
712777362683446,2024-03-21T19:40:04.605Z,uncalibrated magnetic sensor,258.84,-11.16,-206.51999,258.84,-11.16,-206.51999,3
712777382683446,2024-03-21T19:40:04.625Z,uncalibrated magnetic sensor,259.62,-11.04,-206.4,259.62,-11.04,-206.4,3
712777402683446,2024-03-21T19:40:04.646Z,uncalibrated magnetic sensor,259.97998,-10.74,-206.7,259.97998,-10.74,-206.7,3
712777422683212,2024-03-21T19:40:04.665Z,uncalibrated magnetic sensor,259.8,-11.5199995,-206.7,259.8,-11.5199995,-206.7,3
712777442683212,2024-03-21T19:40:04.685Z,uncalibrated magnetic sensor,259.19998,-11.94,-206.15999,259.19998,-11.94,-206.15999,3
712777462683212,2024-03-21T19:40:04.705Z,uncalibrated magnetic sensor,258.78,-11.34,-206.4,258.78,-11.34,-206.4,3
712777482683212,2024-03-21T19:40:04.725Z,uncalibrated magnetic sensor,259.74,-10.8,-206.87999,259.74,-10.8,-206.87999,3
712777502683212,2024-03-21T19:40:04.746Z,uncalibrated magnetic sensor,259.91998,-11.5199995,-206.94,259.91998,-11.5199995,-206.94,3
712777522683212,2024-03-21T19:40:04.766Z,uncalibrated magnetic sensor,259.38,-11.7,-206.87999,259.38,-11.7,-206.87999,3
712777542683212,2024-03-21T19:40:04.786Z,uncalibrated magnetic sensor,259.38,-11.16,-206.15999,259.38,-11.16,-206.15999,3
712777562683212,2024-03-21T19:40:04.806Z,uncalibrated magnetic sensor,259.02,-12.059999,-205.73999,259.02,-12.059999,-205.73999,3
712777582683212,2024-03-21T19:40:04.825Z,uncalibrated magnetic sensor,259.44,-11.639999,-205.56,259.44,-11.639999,-205.56,3
712777602683212,2024-03-21T19:40:04.845Z,uncalibrated magnetic sensor,259.32,-10.8,-205.5,259.32,-10.8,-205.5,3
712777622683312,2024-03-21T19:40:04.865Z,uncalibrated magnetic sensor,258.36,-11.4,-206.22,258.36,-11.4,-206.22,3
712777642683312,2024-03-21T19:40:04.885Z,uncalibrated magnetic sensor,258.6,-11.28,-206.34,258.6,-11.28,-206.34,3
712777662683312,2024-03-21T19:40:04.906Z,uncalibrated magnetic sensor,259.44,-10.74,-206.04,259.44,-10.74,-206.04,3
712777682683312,2024-03-21T19:40:04.926Z,uncalibrated magnetic sensor,259.5,-11.099999,-206.22,259.5,-11.099999,-206.22,3
712777702683312,2024-03-21T19:40:04.946Z,uncalibrated magnetic sensor,259.13998,-11.5199995,-206.09999,259.13998,-11.5199995,-206.09999,3
712777722683312,2024-03-21T19:40:04.965Z,uncalibrated magnetic sensor,259.08,-12.12,-206.4,259.08,-12.12,-206.4,3
712777742683312,2024-03-21T19:40:04.985Z,uncalibrated magnetic sensor,258.36,-12.719999,-206.64,258.36,-12.719999,-206.64,3
712777762683312,2024-03-21T19:40:05.006Z,uncalibrated magnetic sensor,258.3,-12.48,-206.81999,258.3,-12.48,-206.81999,3
712777782683312,2024-03-21T19:40:05.026Z,uncalibrated magnetic sensor,258.9,-13.0199995,-207.06,258.9,-13.0199995,-207.06,3
712777802683312,2024-03-21T19:40:05.045Z,uncalibrated magnetic sensor,258.72,-12.96,-206.94,258.72,-12.96,-206.94,3
712777822683578,2024-03-21T19:40:05.066Z,uncalibrated magnetic sensor,258.36,-12.78,-207.42,258.36,-12.78,-207.42,3
712777842683578,2024-03-21T19:40:05.085Z,uncalibrated magnetic sensor,258.78,-13.38,-207.9,258.78,-13.38,-207.9,3
712777862683578,2024-03-21T19:40:05.106Z,uncalibrated magnetic sensor,258.41998,-13.44,-208.01999,258.41998,-13.44,-208.01999,3
712777882683578,2024-03-21T19:40:05.125Z,uncalibrated magnetic sensor,258.47998,-13.08,-208.31999,258.47998,-13.08,-208.31999,3
712777902683578,2024-03-21T19:40:05.145Z,uncalibrated magnetic sensor,258.84,-13.259999,-208.92,258.84,-13.259999,-208.92,3
712777922683344,2024-03-21T19:40:05.165Z,uncalibrated magnetic sensor,259.02,-13.86,-208.26,259.02,-13.86,-208.26,3
712777942683344,2024-03-21T19:40:05.185Z,uncalibrated magnetic sensor,259.32,-13.74,-207.18,259.32,-13.74,-207.18,3
712777962683344,2024-03-21T19:40:05.205Z,uncalibrated magnetic sensor,258.9,-13.799999,-207.95999,258.9,-13.799999,-207.95999,3
712777982683344,2024-03-21T19:40:05.225Z,uncalibrated magnetic sensor,259.08,-13.74,-208.92,259.08,-13.74,-208.92,3
712778002683344,2024-03-21T19:40:05.246Z,uncalibrated magnetic sensor,258.78,-13.62,-208.44,258.78,-13.62,-208.44,3
712778022683344,2024-03-21T19:40:05.265Z,uncalibrated magnetic sensor,258.47998,-13.62,-208.37999,258.47998,-13.62,-208.37999,3
712778042683344,2024-03-21T19:40:05.285Z,uncalibrated magnetic sensor,258.9,-13.559999,-208.44,258.9,-13.559999,-208.44,3
712778062683344,2024-03-21T19:40:05.306Z,uncalibrated magnetic sensor,259.08,-13.98,-208.31999,259.08,-13.98,-208.31999,3
712778082683344,2024-03-21T19:40:05.326Z,uncalibrated magnetic sensor,259.91998,-13.92,-208.86,259.91998,-13.92,-208.86,3
712778102683344,2024-03-21T19:40:05.346Z,uncalibrated magnetic sensor,259.74,-14.099999,-208.5,259.74,-14.099999,-208.5,3
712778122683344,2024-03-21T19:40:05.366Z,uncalibrated magnetic sensor,259.08,-14.7,-207.78,259.08,-14.7,-207.78,3
712778142683344,2024-03-21T19:40:05.385Z,uncalibrated magnetic sensor,259.25998,-14.88,-207.12,259.25998,-14.88,-207.12,3
712778162683344,2024-03-21T19:40:05.405Z,uncalibrated magnetic sensor,258.9,-13.44,-207.23999,258.9,-13.44,-207.23999,3
712778182683344,2024-03-21T19:40:05.426Z,uncalibrated magnetic sensor,259.56,-12.42,-207.78,259.56,-12.42,-207.78,3
712778202683344,2024-03-21T19:40:05.445Z,uncalibrated magnetic sensor,259.68,-12.84,-207.95999,259.68,-12.84,-207.95999,3
712778222683244,2024-03-21T19:40:05.465Z,uncalibrated magnetic sensor,259.56,-12.9,-207.95999,259.56,-12.9,-207.95999,3
712778242683244,2024-03-21T19:40:05.485Z,uncalibrated magnetic sensor,260.58,-12.84,-207.95999,260.58,-12.84,-207.95999,3
712778262682544,2024-03-21T19:40:05.506Z,uncalibrated magnetic sensor,260.52,-13.08,-208.2,260.52,-13.08,-208.2,3
712778282682210,2024-03-21T19:40:05.526Z,uncalibrated magnetic sensor,261.6,-13.86,-207.72,261.6,-13.86,-207.72,3
712778302681810,2024-03-21T19:40:05.545Z,uncalibrated magnetic sensor,262.5,-15.059999,-206.94,262.5,-15.059999,-206.94,3
712778322681276,2024-03-21T19:40:05.566Z,uncalibrated magnetic sensor,261.54,-15.12,-207.72,261.54,-15.12,-207.72,3
712778342681209,2024-03-21T19:40:05.586Z,uncalibrated magnetic sensor,261.18,-14.639999,-208.37999,261.18,-14.639999,-208.37999,3
712778362681109,2024-03-21T19:40:05.606Z,uncalibrated magnetic sensor,260.75998,-14.5199995,-208.26,260.75998,-14.5199995,-208.26,3
712778382680975,2024-03-21T19:40:05.626Z,uncalibrated magnetic sensor,260.4,-14.4,-207.59999,260.4,-14.4,-207.59999,3
712778402680808,2024-03-21T19:40:05.645Z,uncalibrated magnetic sensor,260.75998,-14.16,-207.23999,260.75998,-14.16,-207.23999,3
712778422680308,2024-03-21T19:40:05.666Z,uncalibrated magnetic sensor,261.06,-13.799999,-208.56,261.06,-13.799999,-208.56,3
712778442680008,2024-03-21T19:40:05.685Z,uncalibrated magnetic sensor,261.24,-13.74,-209.04,261.24,-13.74,-209.04,3
712778462679641,2024-03-21T19:40:05.706Z,uncalibrated magnetic sensor,262.8,-13.92,-209.04,262.8,-13.92,-209.04,3
712778482679141,2024-03-21T19:40:05.725Z,uncalibrated magnetic sensor,263.34,-14.219999,-208.73999,263.34,-14.219999,-208.73999,3
712778502678574,2024-03-21T19:40:05.745Z,uncalibrated magnetic sensor,261.66,-14.5199995,-208.01999,261.66,-14.5199995,-208.01999,3
712778522677940,2024-03-21T19:40:05.765Z,uncalibrated magnetic sensor,261.3,-15.059999,-208.56,261.3,-15.059999,-208.56,3
712778542677173,2024-03-21T19:40:05.785Z,uncalibrated magnetic sensor,261.66,-14.639999,-209.76,261.66,-14.639999,-209.76,3
712778562676673,2024-03-21T19:40:05.805Z,uncalibrated magnetic sensor,261.24,-14.16,-209.15999,261.24,-14.16,-209.15999,3
712778582675073,2024-03-21T19:40:05.825Z,uncalibrated magnetic sensor,261.18,-14.34,-208.31999,261.18,-14.34,-208.31999,3
712778602673406,2024-03-21T19:40:05.846Z,uncalibrated magnetic sensor,261.9,-14.759999,-208.44,261.9,-14.759999,-208.44,3
712778622672306,2024-03-21T19:40:05.865Z,uncalibrated magnetic sensor,261.6,-14.94,-208.44,261.6,-14.94,-208.44,3
712778642671139,2024-03-21T19:40:05.885Z,uncalibrated magnetic sensor,261.54,-14.639999,-208.98,261.54,-14.639999,-208.98,3
712778662669872,2024-03-21T19:40:05.905Z,uncalibrated magnetic sensor,261.96,-14.7,-209.09999,261.96,-14.7,-209.09999,3
712778682668505,2024-03-21T19:40:05.926Z,uncalibrated magnetic sensor,262.38,-14.58,-209.04,262.38,-14.58,-209.04,3
712778702667071,2024-03-21T19:40:05.945Z,uncalibrated magnetic sensor,262.08,-14.94,-209.15999,262.08,-14.94,-209.15999,3
712778722665571,2024-03-21T19:40:05.965Z,uncalibrated magnetic sensor,261.3,-14.88,-209.45999,261.3,-14.88,-209.45999,3
712778742663304,2024-03-21T19:40:05.986Z,uncalibrated magnetic sensor,261.18,-14.82,-208.86,261.18,-14.82,-208.86,3
712778762661637,2024-03-21T19:40:06.006Z,uncalibrated magnetic sensor,261.54,-15.299999,-209.45999,261.54,-15.299999,-209.45999,3
712778782659903,2024-03-21T19:40:06.025Z,uncalibrated magnetic sensor,261.3,-15.36,-209.94,261.3,-15.36,-209.94,3
712778802658103,2024-03-21T19:40:06.045Z,uncalibrated magnetic sensor,260.88,-15.179999,-208.73999,260.88,-15.179999,-208.73999,3
712778822656169,2024-03-21T19:40:06.066Z,uncalibrated magnetic sensor,261.12,-15.299999,-209.09999,261.12,-15.299999,-209.09999,3
712778842654169,2024-03-21T19:40:06.085Z,uncalibrated magnetic sensor,261.06,-15.54,-208.98,261.06,-15.54,-208.98,3
712778862652069,2024-03-21T19:40:06.106Z,uncalibrated magnetic sensor,261.18,-15.0,-209.28,261.18,-15.0,-209.28,3
712778882650269,2024-03-21T19:40:06.125Z,uncalibrated magnetic sensor,261.36,-14.94,-210.06,261.36,-14.94,-210.06,3
712778902648402,2024-03-21T19:40:06.146Z,uncalibrated magnetic sensor,261.3,-15.719999,-208.79999,261.3,-15.719999,-208.79999,3
712778922646602,2024-03-21T19:40:06.165Z,uncalibrated magnetic sensor,261.47998,-16.199999,-209.34,261.47998,-16.199999,-209.34,3
712778942644268,2024-03-21T19:40:06.185Z,uncalibrated magnetic sensor,261.6,-16.26,-209.81999,261.6,-16.26,-209.81999,3
712778962641201,2024-03-21T19:40:06.206Z,uncalibrated magnetic sensor,261.66,-16.199999,-209.76,261.66,-16.199999,-209.76,3
712778982638034,2024-03-21T19:40:06.226Z,uncalibrated magnetic sensor,261.72,-16.02,-210.12,261.72,-16.02,-210.12,3
712779002635534,2024-03-21T19:40:06.245Z,uncalibrated magnetic sensor,261.18,-15.299999,-209.76,261.18,-15.299999,-209.76,3
712779022633034,2024-03-21T19:40:06.265Z,uncalibrated magnetic sensor,261.6,-14.759999,-209.81999,261.6,-14.759999,-209.81999,3
712779042630467,2024-03-21T19:40:06.286Z,uncalibrated magnetic sensor,262.62,-15.36,-209.81999,262.62,-15.36,-209.81999,3
712779062627900,2024-03-21T19:40:06.305Z,uncalibrated magnetic sensor,262.74,-15.54,-210.06,262.74,-15.54,-210.06,3
712779082625400,2024-03-21T19:40:06.325Z,uncalibrated magnetic sensor,262.19998,-15.36,-209.58,262.19998,-15.36,-209.58,3
712779102622900,2024-03-21T19:40:06.346Z,uncalibrated magnetic sensor,261.9,-15.299999,-209.76,261.9,-15.299999,-209.76,3
712779122620333,2024-03-21T19:40:06.365Z,uncalibrated magnetic sensor,261.47998,-15.66,-209.76,261.47998,-15.66,-209.76,3
712779142617833,2024-03-21T19:40:06.386Z,uncalibrated magnetic sensor,261.36,-16.02,-209.45999,261.36,-16.02,-209.45999,3
712779162614999,2024-03-21T19:40:06.405Z,uncalibrated magnetic sensor,261.36,-15.839999,-209.81999,261.36,-15.839999,-209.81999,3
712779182613165,2024-03-21T19:40:06.425Z,uncalibrated magnetic sensor,260.52,-15.599999,-209.45999,260.52,-15.599999,-209.45999,3
712779202611331,2024-03-21T19:40:06.445Z,uncalibrated magnetic sensor,260.1,-15.24,-208.79999,260.1,-15.24,-208.79999,3
712779222608164,2024-03-21T19:40:06.466Z,uncalibrated magnetic sensor,260.63998,-15.12,-208.73999,260.63998,-15.12,-208.73999,3
712779242605697,2024-03-21T19:40:06.486Z,uncalibrated magnetic sensor,260.82,-15.66,-208.86,260.82,-15.66,-208.86,3
712779262603197,2024-03-21T19:40:06.506Z,uncalibrated magnetic sensor,260.63998,-15.42,-208.86,260.63998,-15.42,-208.86,3
712779282600730,2024-03-21T19:40:06.526Z,uncalibrated magnetic sensor,260.94,-15.059999,-208.73999,260.94,-15.059999,-208.73999,3
712779302598263,2024-03-21T19:40:06.545Z,uncalibrated magnetic sensor,261.9,-14.88,-208.26,261.9,-14.88,-208.26,3
712779322595729,2024-03-21T19:40:06.566Z,uncalibrated magnetic sensor,262.56,-14.46,-208.01999,262.56,-14.46,-208.01999,3
712779342593895,2024-03-21T19:40:06.585Z,uncalibrated magnetic sensor,261.6,-14.82,-208.2,261.6,-14.82,-208.2,3
712779362591395,2024-03-21T19:40:06.605Z,uncalibrated magnetic sensor,261.78,-14.28,-208.62,261.78,-14.28,-208.62,3
712779382588895,2024-03-21T19:40:06.626Z,uncalibrated magnetic sensor,262.68,-14.46,-208.79999,262.68,-14.46,-208.79999,3
712779402586361,2024-03-21T19:40:06.646Z,uncalibrated magnetic sensor,261.9,-14.5199995,-207.72,261.9,-14.5199995,-207.72,3
712779422583994,2024-03-21T19:40:06.665Z,uncalibrated magnetic sensor,261.18,-14.219999,-206.51999,261.18,-14.219999,-206.51999,3
712779442581694,2024-03-21T19:40:06.686Z,uncalibrated magnetic sensor,260.58,-13.98,-206.64,260.58,-13.98,-206.64,3
712779462580160,2024-03-21T19:40:06.706Z,uncalibrated magnetic sensor,260.28,-13.98,-206.51999,260.28,-13.98,-206.51999,3
712779482577926,2024-03-21T19:40:06.726Z,uncalibrated magnetic sensor,259.8,-14.28,-207.0,259.8,-14.28,-207.0,3
712779502575759,2024-03-21T19:40:06.745Z,uncalibrated magnetic sensor,259.62,-13.2,-206.58,259.62,-13.2,-206.58,3
712779522573592,2024-03-21T19:40:06.765Z,uncalibrated magnetic sensor,259.97998,-12.599999,-206.04,259.97998,-12.599999,-206.04,3
712779542571358,2024-03-21T19:40:06.786Z,uncalibrated magnetic sensor,260.4,-13.32,-207.06,260.4,-13.32,-207.06,3
712779562569824,2024-03-21T19:40:06.805Z,uncalibrated magnetic sensor,260.34,-13.2,-206.94,260.34,-13.2,-206.94,3
712779582568357,2024-03-21T19:40:06.826Z,uncalibrated magnetic sensor,260.1,-12.9,-207.0,260.1,-12.9,-207.0,3
712779602566190,2024-03-21T19:40:06.846Z,uncalibrated magnetic sensor,259.25998,-13.38,-207.42,259.25998,-13.38,-207.42,3
712779622563956,2024-03-21T19:40:06.866Z,uncalibrated magnetic sensor,258.41998,-13.86,-207.18,258.41998,-13.86,-207.18,3
712779642561089,2024-03-21T19:40:06.885Z,uncalibrated magnetic sensor,258.54,-14.219999,-207.06,258.54,-14.219999,-207.06,3
712779662558922,2024-03-21T19:40:06.905Z,uncalibrated magnetic sensor,258.3,-13.679999,-206.94,258.3,-13.679999,-206.94,3
712779682556688,2024-03-21T19:40:06.926Z,uncalibrated magnetic sensor,258.47998,-13.92,-207.0,258.47998,-13.92,-207.0,3
712779702554454,2024-03-21T19:40:06.945Z,uncalibrated magnetic sensor,258.66,-14.099999,-206.76,258.66,-14.099999,-206.76,3
712779722551820,2024-03-21T19:40:06.966Z,uncalibrated magnetic sensor,258.3,-14.099999,-206.45999,258.3,-14.099999,-206.45999,3
712779742549653,2024-03-21T19:40:06.986Z,uncalibrated magnetic sensor,258.0,-15.36,-207.0,258.0,-15.36,-207.0,3
712779762547419,2024-03-21T19:40:07.005Z,uncalibrated magnetic sensor,258.24,-16.08,-207.95999,258.24,-16.08,-207.95999,3
712779782545219,2024-03-21T19:40:07.025Z,uncalibrated magnetic sensor,259.25998,-15.839999,-208.08,259.25998,-15.839999,-208.08,3
712779802543019,2024-03-21T19:40:07.045Z,uncalibrated magnetic sensor,259.08,-15.839999,-208.14,259.08,-15.839999,-208.14,3
712779822541452,2024-03-21T19:40:07.066Z,uncalibrated magnetic sensor,258.0,-15.42,-207.95999,258.0,-15.42,-207.95999,3
712779842539185,2024-03-21T19:40:07.085Z,uncalibrated magnetic sensor,257.22,-15.179999,-207.0,257.22,-15.179999,-207.0,3
712779862536651,2024-03-21T19:40:07.105Z,uncalibrated magnetic sensor,256.86,-15.66,-207.18,256.86,-15.66,-207.18,3
712779882534484,2024-03-21T19:40:07.125Z,uncalibrated magnetic sensor,256.68,-16.14,-207.0,256.68,-16.14,-207.0,3
712779902532250,2024-03-21T19:40:07.145Z,uncalibrated magnetic sensor,256.5,-16.02,-206.28,256.5,-16.02,-206.28,3
712779922530083,2024-03-21T19:40:07.165Z,uncalibrated magnetic sensor,256.91998,-16.08,-207.12,256.91998,-16.08,-207.12,3
712779942527916,2024-03-21T19:40:07.186Z,uncalibrated magnetic sensor,257.4,-16.32,-207.65999,257.4,-16.32,-207.65999,3
712779962525749,2024-03-21T19:40:07.205Z,uncalibrated magnetic sensor,257.34,-15.839999,-207.78,257.34,-15.839999,-207.78,3
