timestamp_nano,datetime_utc,name,axis_x,axis_y,axis_z,accuracy
867226040229434,2024-03-07T17:41:37.169Z,lsm6dso acceleration sensor,10.395923,-1.3000516,4.7740383,3
867226062175064,2024-03-07T17:41:37.191Z,lsm6dso acceleration sensor,10.297761,-1.3192052,4.31914,3
867226082172597,2024-03-07T17:41:37.211Z,lsm6dso acceleration sensor,9.725547,-0.4261679,3.9624038,3
867226102170730,2024-03-07T17:41:37.230Z,lsm6dso acceleration sensor,8.12622,1.0366893,4.036624,3
867226122168230,2024-03-07T17:41:37.251Z,lsm6dso acceleration sensor,7.31698,1.5490485,1.6136919,3
867226142165730,2024-03-07T17:41:37.271Z,lsm6dso acceleration sensor,7.424719,0.9600749,1.6208745,3
867226162163263,2024-03-07T17:41:37.291Z,lsm6dso acceleration sensor,7.1134725,0.6847417,1.8100165,3
867226182160896,2024-03-07T17:41:37.311Z,lsm6dso acceleration sensor,7.2355766,0.50278234,2.6910827,3
867226202158629,2024-03-07T17:41:37.331Z,lsm6dso acceleration sensor,7.8868,0.19871874,3.016694,3
867226222156395,2024-03-07T17:41:37.351Z,lsm6dso acceleration sensor,8.430284,-0.035913024,3.016694,3
867226242154161,2024-03-07T17:41:37.371Z,lsm6dso acceleration sensor,8.937854,-0.23702596,2.5689783,3
867226262151927,2024-03-07T17:41:37.391Z,lsm6dso acceleration sensor,8.674492,-0.10055647,2.3702598,3
867226282149760,2024-03-07T17:41:37.411Z,lsm6dso acceleration sensor,8.095096,0.24660277,2.1140802,3
867226302147960,2024-03-07T17:41:37.431Z,lsm6dso acceleration sensor,8.2315645,0.40940848,2.2266076,3
867226322145726,2024-03-07T17:41:37.451Z,lsm6dso acceleration sensor,8.971373,0.37828386,2.1787236,3
867226342143559,2024-03-07T17:41:37.471Z,lsm6dso acceleration sensor,10.513239,0.25857377,2.3989902,3
867226362141392,2024-03-07T17:41:37.491Z,lsm6dso acceleration sensor,10.45099,0.8451532,3.8139634,3
867226382139158,2024-03-07T17:41:37.511Z,lsm6dso acceleration sensor,9.708787,1.4101849,4.855441,3
867226402136924,2024-03-07T17:41:37.531Z,lsm6dso acceleration sensor,10.443807,1.8100165,4.4843397,3
867226422134757,2024-03-07T17:41:37.551Z,lsm6dso acceleration sensor,13.185168,1.6927006,3.3973722,3
867226442132590,2024-03-07T17:41:37.571Z,lsm6dso acceleration sensor,13.532328,0.45729253,4.3478703,3
867226462130356,2024-03-07T17:41:37.591Z,lsm6dso acceleration sensor,14.049475,-0.9864111,5.0496707,3
867226482128189,2024-03-07T17:41:37.611Z,lsm6dso acceleration sensor,13.53951,-0.9864111,5.645827,3
867226502125255,2024-03-07T17:41:37.631Z,lsm6dso acceleration sensor,10.745477,0.35194764,5.3776765,3
867226522122988,2024-03-07T17:41:37.650Z,lsm6dso acceleration sensor,7.412748,0.17956513,5.052065,3
867226542120721,2024-03-07T17:41:37.670Z,lsm6dso acceleration sensor,5.861305,-1.8866309,4.0462008,3
867226562118521,2024-03-07T17:41:37.690Z,lsm6dso acceleration sensor,7.618649,-4.0318356,3.4596214,3
867226582116321,2024-03-07T17:41:37.711Z,lsm6dso acceleration sensor,10.082283,-4.5920787,3.028665,3
867226602114054,2024-03-07T17:41:37.731Z,lsm6dso acceleration sensor,10.096648,-2.6360161,4.4364557,3
867226622111887,2024-03-07T17:41:37.751Z,lsm6dso acceleration sensor,10.429441,-0.023942016,6.344934,3
867226642109720,2024-03-07T17:41:37.771Z,lsm6dso acceleration sensor,9.1868515,1.5466543,5.978621,3
867226700804064,2024-03-07T17:41:37.829Z,lsm6dso acceleration sensor,6.7711015,-1.3910311,1.9177556,3
867226710802064,2024-03-07T17:41:37.839Z,lsm6dso acceleration sensor,6.366482,-1.2641385,1.5514427,3
867226720802064,2024-03-07T17:41:37.849Z,lsm6dso acceleration sensor,5.940314,-1.1851299,1.5634137,3
867226730801064,2024-03-07T17:41:37.858Z,lsm6dso acceleration sensor,6.368876,-1.0390835,1.8507179,3
867226740799730,2024-03-07T17:41:37.869Z,lsm6dso acceleration sensor,6.842928,-0.60812724,1.7764976,3
867226750798730,2024-03-07T17:41:37.879Z,lsm6dso acceleration sensor,6.61069,-0.39743748,1.7884687,3
867226760797530,2024-03-07T17:41:37.889Z,lsm6dso acceleration sensor,6.4335194,-0.12210429,2.5905263,3
867226770796196,2024-03-07T17:41:37.899Z,lsm6dso acceleration sensor,6.6035075,-0.16998832,2.89459,3
867226780795053,2024-03-07T17:41:37.909Z,lsm6dso acceleration sensor,7.1589622,-0.320823,3.3399115,3
867226790793803,2024-03-07T17:41:37.919Z,lsm6dso acceleration sensor,7.3145857,-0.39983168,3.4237084,3
867226800792691,2024-03-07T17:41:37.929Z,lsm6dso acceleration sensor,7.285855,-0.8379706,3.2273839,3
867226810791491,2024-03-07T17:41:37.939Z,lsm6dso acceleration sensor,7.568371,-1.1324574,2.9400797,3
867226820790218,2024-03-07T17:41:37.949Z,lsm6dso acceleration sensor,7.855675,-1.6783354,2.554613,3
867226830789051,2024-03-07T17:41:37.959Z,lsm6dso acceleration sensor,9.052776,-1.2473791,2.3391352,3
867226840787820,2024-03-07T17:41:37.969Z,lsm6dso acceleration sensor,9.354445,-0.7158663,1.8267759,3
867226850786534,2024-03-07T17:41:37.978Z,lsm6dso acceleration sensor,9.2347355,-0.260968,1.4460979,3
867226860785334,2024-03-07T17:41:37.989Z,lsm6dso acceleration sensor,8.523658,-0.055066638,2.8203697,3
867226870784084,2024-03-07T17:41:37.999Z,lsm6dso acceleration sensor,8.042423,-0.0023942017,3.1052797,3
867226880782789,2024-03-07T17:41:38.009Z,lsm6dso acceleration sensor,7.939472,0.16759412,2.554613,3
867226890781566,2024-03-07T17:41:38.019Z,lsm6dso acceleration sensor,8.061577,-0.08140286,2.4971523,3
867226900780302,2024-03-07T17:41:38.029Z,lsm6dso acceleration sensor,9.225159,-0.47165772,2.2960393,3
867226910779102,2024-03-07T17:41:38.039Z,lsm6dso acceleration sensor,9.9099,-0.81402856,2.2122424,3
867226920777863,2024-03-07T17:41:38.049Z,lsm6dso acceleration sensor,10.671256,-1.448492,1.9321208,3
867226930776590,2024-03-07T17:41:38.059Z,lsm6dso acceleration sensor,10.960955,-1.6304513,1.4915876,3
867226940775372,2024-03-07T17:41:38.069Z,lsm6dso acceleration sensor,11.707946,-1.3694834,1.8842367,3
867226950774122,2024-03-07T17:41:38.079Z,lsm6dso acceleration sensor,10.858004,-1.7621324,2.336741,3
867226960772842,2024-03-07T17:41:38.089Z,lsm6dso acceleration sensor,11.336844,-1.3718776,3.0142999,3
867226970771611,2024-03-07T17:41:38.099Z,lsm6dso acceleration sensor,11.389517,-1.376666,3.383007,3
867226980770351,2024-03-07T17:41:38.109Z,lsm6dso acceleration sensor,12.083836,-1.520318,3.9073372,3
867226990769065,2024-03-07T17:41:38.118Z,lsm6dso acceleration sensor,12.89547,-1.5849615,4.7046065,3
867227000767823,2024-03-07T17:41:38.129Z,lsm6dso acceleration sensor,14.310443,-1.4891934,4.6782703,3
867227010766556,2024-03-07T17:41:38.139Z,lsm6dso acceleration sensor,14.365509,-1.1468226,3.7493198,3
867227020765256,2024-03-07T17:41:38.148Z,lsm6dso acceleration sensor,12.715904,-0.45010993,3.0621839,3
867227030764022,2024-03-07T17:41:38.158Z,lsm6dso acceleration sensor,11.968914,0.08140286,3.1004913,3
867227040762788,2024-03-07T17:41:38.169Z,lsm6dso acceleration sensor,10.731112,0.61770403,3.2513258,3
867227050761554,2024-03-07T17:41:38.179Z,lsm6dso acceleration sensor,10.020034,0.34715924,3.1771057,3
867227060760320,2024-03-07T17:41:38.189Z,lsm6dso acceleration sensor,11.044752,0.34237084,2.1212628,3
867227070759086,2024-03-07T17:41:38.198Z,lsm6dso acceleration sensor,11.485285,-0.5386954,2.2984335,3
867227080757852,2024-03-07T17:41:38.210Z,lsm6dso acceleration sensor,12.328044,-1.1252748,2.1787236,3
867227090756618,2024-03-07T17:41:38.219Z,lsm6dso acceleration sensor,12.002433,-0.5602432,3.6942532,3
867227100755318,2024-03-07T17:41:38.229Z,lsm6dso acceleration sensor,9.373599,0.7781156,6.644209,3
867227110754084,2024-03-07T17:41:38.239Z,lsm6dso acceleration sensor,7.826945,1.7932571,6.977003,3
867227120752850,2024-03-07T17:41:38.249Z,lsm6dso acceleration sensor,6.8716583,3.1148565,6.476615,3
867227130751550,2024-03-07T17:41:38.258Z,lsm6dso acceleration sensor,7.000945,3.3327289,6.5101337,3
867227140750316,2024-03-07T17:41:38.269Z,lsm6dso acceleration sensor,8.41113,2.5594015,6.3377514,3
867227150749082,2024-03-07T17:41:38.279Z,lsm6dso acceleration sensor,8.88997,1.7764976,5.2364182,3
867227160747848,2024-03-07T17:41:38.289Z,lsm6dso acceleration sensor,9.304167,0.0,3.3375173,3
867227170746614,2024-03-07T17:41:38.299Z,lsm6dso acceleration sensor,9.589077,-0.80205756,2.6503813,3
867227180745380,2024-03-07T17:41:38.309Z,lsm6dso acceleration sensor,9.859622,-1.7166426,2.3223755,3
867227190744146,2024-03-07T17:41:38.319Z,lsm6dso acceleration sensor,9.577106,-1.8435353,2.1643584,3
867227200742912,2024-03-07T17:41:38.329Z,lsm6dso acceleration sensor,8.53084,-1.2665327,2.44448,3
867227210741612,2024-03-07T17:41:38.339Z,lsm6dso acceleration sensor,7.927501,-0.79726917,3.2872388,3
867227220740378,2024-03-07T17:41:38.349Z,lsm6dso acceleration sensor,7.364864,0.11492168,4.0533834,3
867227230739144,2024-03-07T17:41:38.359Z,lsm6dso acceleration sensor,7.3457103,0.58418524,3.9624038,3
867227240737877,2024-03-07T17:41:38.368Z,lsm6dso acceleration sensor,7.4702086,1.0845734,3.4045548,3
867227250736677,2024-03-07T17:41:38.379Z,lsm6dso acceleration sensor,7.5396404,1.1611878,2.956839,3
867227260735510,2024-03-07T17:41:38.389Z,lsm6dso acceleration sensor,7.4055653,0.9911995,2.4756045,3
867227270734343,2024-03-07T17:41:38.399Z,lsm6dso acceleration sensor,7.295432,0.8283938,2.2242134,3
867227280733243,2024-03-07T17:41:38.409Z,lsm6dso acceleration sensor,6.9841857,0.44771573,1.9991584,3
867227290732143,2024-03-07T17:41:38.419Z,lsm6dso acceleration sensor,6.988974,0.12928689,1.8626889,3
867227300731043,2024-03-07T17:41:38.429Z,lsm6dso acceleration sensor,7.034464,-0.25857377,1.6519991,3
867227310729943,2024-03-07T17:41:38.438Z,lsm6dso acceleration sensor,6.98658,-0.3878607,1.7118542,3
867227320728809,2024-03-07T17:41:38.449Z,lsm6dso acceleration sensor,7.0679827,-0.22744916,1.9512744,3
867227330727675,2024-03-07T17:41:38.459Z,lsm6dso acceleration sensor,7.0991073,0.0,1.9416976,3
867227340726541,2024-03-07T17:41:38.469Z,lsm6dso acceleration sensor,6.742371,0.45489833,2.6431987,3
867227350725341,2024-03-07T17:41:38.478Z,lsm6dso acceleration sensor,6.5795655,0.58897364,2.918532,3
867227360724207,2024-03-07T17:41:38.489Z,lsm6dso acceleration sensor,6.5077395,0.7158663,2.7389667,3
867227370723073,2024-03-07T17:41:38.499Z,lsm6dso acceleration sensor,6.998551,0.8403648,2.3247697,3
867227380721873,2024-03-07T17:41:38.509Z,lsm6dso acceleration sensor,8.226776,0.9528923,1.9057846,3
867227390720739,2024-03-07T17:41:38.519Z,lsm6dso acceleration sensor,9.225159,1.2737153,1.364695,3
867227400719605,2024-03-07T17:41:38.529Z,lsm6dso acceleration sensor,8.5260515,0.8355764,1.7238252,3
867227410718471,2024-03-07T17:41:38.538Z,lsm6dso acceleration sensor,7.994539,0.7398083,1.436521,3
867227420717337,2024-03-07T17:41:38.549Z,lsm6dso acceleration sensor,7.534852,0.641646,1.2090719,3
867227430716203,2024-03-07T17:41:38.559Z,lsm6dso acceleration sensor,7.867646,0.81163436,1.3192052,3
867227440715069,2024-03-07T17:41:38.569Z,lsm6dso acceleration sensor,9.663298,1.6543933,1.6759412,3
867227450713935,2024-03-07T17:41:38.579Z,lsm6dso acceleration sensor,9.962572,1.5682021,2.15957,3
867227460712735,2024-03-07T17:41:38.589Z,lsm6dso acceleration sensor,10.448595,0.81881696,3.3399115,3
867227470711601,2024-03-07T17:41:38.599Z,lsm6dso acceleration sensor,10.901099,0.5482722,3.3327289,3
867227480710467,2024-03-07T17:41:38.609Z,lsm6dso acceleration sensor,11.26023,0.011971008,3.8714242,3
867227490709267,2024-03-07T17:41:38.619Z,lsm6dso acceleration sensor,11.535563,-0.110133275,4.5561657,3
867227500707433,2024-03-07T17:41:38.629Z,lsm6dso acceleration sensor,11.353603,-0.37349546,4.932355,3
867227510705933,2024-03-07T17:41:38.639Z,lsm6dso acceleration sensor,11.693581,-0.36152446,4.3598413,3
867227520704733,2024-03-07T17:41:38.649Z,lsm6dso acceleration sensor,12.632108,-0.62488663,3.7325604,3
867227530703233,2024-03-07T17:41:38.659Z,lsm6dso acceleration sensor,13.441348,-0.78290397,3.6487634,3
867227540702066,2024-03-07T17:41:38.668Z,lsm6dso acceleration sensor,14.566623,-1.70946,3.5098996,3
867227550700899,2024-03-07T17:41:38.679Z,lsm6dso acceleration sensor,15.548544,-2.1571758,3.122039,3
867227560699699,2024-03-07T17:41:38.688Z,lsm6dso acceleration sensor,16.135124,-2.765303,3.5529952,3
867227570698432,2024-03-07T17:41:38.699Z,lsm6dso acceleration sensor,14.973936,-2.669535,4.4460325,3
867227580697165,2024-03-07T17:41:38.709Z,lsm6dso acceleration sensor,12.098201,-1.7812861,5.597943,3
867227590695898,2024-03-07T17:41:38.719Z,lsm6dso acceleration sensor,10.541969,-1.3335704,6.368876,3
867227600694564,2024-03-07T17:41:38.729Z,lsm6dso acceleration sensor,9.900323,0.38307226,6.13185,3
867227610693297,2024-03-07T17:41:38.739Z,lsm6dso acceleration sensor,4.8722005,-2.2649148,6.6178727,3
867227620692030,2024-03-07T17:41:38.749Z,lsm6dso acceleration sensor,6.3114147,0.37349546,2.135628,3
867227630690696,2024-03-07T17:41:38.759Z,lsm6dso acceleration sensor,7.678504,-0.2705448,5.4159837,3
867227640689429,2024-03-07T17:41:38.769Z,lsm6dso acceleration sensor,8.2315645,-1.496376,3.821146,3
867227650688195,2024-03-07T17:41:38.778Z,lsm6dso acceleration sensor,8.506898,-2.2768857,2.9017725,3
867227660686961,2024-03-07T17:41:38.789Z,lsm6dso acceleration sensor,10.058341,-3.809175,4.345476,3
867227670685727,2024-03-07T17:41:38.799Z,lsm6dso acceleration sensor,10.520422,-4.4101195,4.968268,3
867227680684493,2024-03-07T17:41:38.809Z,lsm6dso acceleration sensor,11.018415,-4.5992613,5.5931544,3
867227690683259,2024-03-07T17:41:38.819Z,lsm6dso acceleration sensor,11.300931,-4.3766007,5.952285,3
867227700682025,2024-03-07T17:41:38.829Z,lsm6dso acceleration sensor,12.019192,-3.4835634,6.526893,3
867227710680725,2024-03-07T17:41:38.838Z,lsm6dso acceleration sensor,12.414235,-2.7150247,6.562806,3
867227720679491,2024-03-07T17:41:38.849Z,lsm6dso acceleration sensor,12.067076,-1.2162545,6.218041,3
867227730678257,2024-03-07T17:41:38.859Z,lsm6dso acceleration sensor,11.308114,-0.49081135,5.9020066,3
867227740676957,2024-03-07T17:41:38.869Z,lsm6dso acceleration sensor,10.151714,0.25378537,5.8086324,3
867227750675723,2024-03-07T17:41:38.878Z,lsm6dso acceleration sensor,9.474155,0.22984336,5.454291,3
867227760674489,2024-03-07T17:41:38.889Z,lsm6dso acceleration sensor,8.602666,-0.58418524,4.6136265,3
867227770673189,2024-03-07T17:41:38.899Z,lsm6dso acceleration sensor,8.2794485,-0.8499416,3.323152,3
867227780671955,2024-03-07T17:41:38.909Z,lsm6dso acceleration sensor,8.099884,-1.6567876,2.873042,3
867227790670721,2024-03-07T17:41:38.919Z,lsm6dso acceleration sensor,7.819762,-1.9009962,2.5881321,3
867227800670054,2024-03-07T17:41:38.929Z,lsm6dso acceleration sensor,6.9195423,-1.9847932,1.8555063,3
867227810669187,2024-03-07T17:41:38.939Z,lsm6dso acceleration sensor,6.344934,-1.9177556,1.5035586,3
867227820667953,2024-03-07T17:41:38.949Z,lsm6dso acceleration sensor,5.490204,-1.4389153,0.7278373,3
867227830667086,2024-03-07T17:41:38.959Z,lsm6dso acceleration sensor,5.1334677,-1.0510546,0.6344634,3
867227840665852,2024-03-07T17:41:38.969Z,lsm6dso acceleration sensor,4.5418005,-0.30166942,0.272939,3
867227850664552,2024-03-07T17:41:38.979Z,lsm6dso acceleration sensor,3.9217024,0.21308395,0.06703765,3
867227860663318,2024-03-07T17:41:38.989Z,lsm6dso acceleration sensor,3.7086184,1.0271125,1.1707647,3
867227870662084,2024-03-07T17:41:38.999Z,lsm6dso acceleration sensor,3.7325604,1.2665327,1.1755531,3
867227880660784,2024-03-07T17:41:39.008Z,lsm6dso acceleration sensor,4.096479,1.4317327,0.9768343,3
867227890659550,2024-03-07T17:41:39.019Z,lsm6dso acceleration sensor,4.7740383,1.7118542,0.8595184,3
867227900658316,2024-03-07T17:41:39.029Z,lsm6dso acceleration sensor,4.968268,1.316811,1.4676456,3
867227910657082,2024-03-07T17:41:39.039Z,lsm6dso acceleration sensor,5.6410384,1.3790601,1.4700398,3
867227920655848,2024-03-07T17:41:39.049Z,lsm6dso acceleration sensor,7.168539,1.5370775,1.6280571,3
867227930654614,2024-03-07T17:41:39.059Z,lsm6dso acceleration sensor,7.4462667,1.2856863,1.3575124,3
867227940653380,2024-03-07T17:41:39.069Z,lsm6dso acceleration sensor,7.96102,0.272939,3.145981,3
867227950652113,2024-03-07T17:41:39.079Z,lsm6dso acceleration sensor,8.933065,0.6344634,1.5370775,3
867227960650779,2024-03-07T17:41:39.089Z,lsm6dso acceleration sensor,8.861239,-1.1013328,2.7006595,3
867227970649512,2024-03-07T17:41:39.098Z,lsm6dso acceleration sensor,9.598654,-1.3790601,2.267309,3
867227980648245,2024-03-07T17:41:39.108Z,lsm6dso acceleration sensor,10.913071,-1.8459295,0.92655605,3
867227990646911,2024-03-07T17:41:39.119Z,lsm6dso acceleration sensor,11.794137,-1.5825673,0.6536171,3
867228000645644,2024-03-07T17:41:39.129Z,lsm6dso acceleration sensor,12.80449,-1.0726024,1.7429788,3
867228010644377,2024-03-07T17:41:39.139Z,lsm6dso acceleration sensor,12.811672,-0.79487497,3.0119057,3
867228020643043,2024-03-07T17:41:39.149Z,lsm6dso acceleration sensor,12.289737,-0.25139117,4.2521024,3
867228030641776,2024-03-07T17:41:39.159Z,lsm6dso acceleration sensor,12.076653,-0.21068975,4.2904096,3
867228040640509,2024-03-07T17:41:39.169Z,lsm6dso acceleration sensor,12.256218,-0.4189853,4.2066126,3
867228050639242,2024-03-07T17:41:39.179Z,lsm6dso acceleration sensor,12.237064,-0.78529817,3.9839516,3
867228060638008,2024-03-07T17:41:39.189Z,lsm6dso acceleration sensor,12.414235,-1.4820108,3.1435869,3
867228070636774,2024-03-07T17:41:39.199Z,lsm6dso acceleration sensor,12.8332205,-1.6927006,2.585738,3
867228080635540,2024-03-07T17:41:39.209Z,lsm6dso acceleration sensor,13.477261,-1.6687586,1.9440918,3
867228090634306,2024-03-07T17:41:39.219Z,lsm6dso acceleration sensor,13.606547,-1.472434,1.8339585,3
867228100633139,2024-03-07T17:41:39.229Z,lsm6dso acceleration sensor,13.295301,-0.85473,2.0207062,3
867228110631905,2024-03-07T17:41:39.239Z,lsm6dso acceleration sensor,12.926594,-0.45489833,2.4013844,3
867228120630671,2024-03-07T17:41:39.249Z,lsm6dso acceleration sensor,11.976096,0.021547815,3.0095115,3
867228130629371,2024-03-07T17:41:39.259Z,lsm6dso acceleration sensor,11.377545,0.076614454,3.2034419,3
867228140628137,2024-03-07T17:41:39.269Z,lsm6dso acceleration sensor,10.34325,-0.08619126,2.5330653,3
867228150626903,2024-03-07T17:41:39.279Z,lsm6dso acceleration sensor,10.111013,-0.16998832,2.8754363,3
867228160625669,2024-03-07T17:41:39.289Z,lsm6dso acceleration sensor,10.180445,0.29688102,2.9783869,3
867228170624435,2024-03-07T17:41:39.299Z,lsm6dso acceleration sensor,9.591472,0.6344634,3.502717,3
867228180623201,2024-03-07T17:41:39.309Z,lsm6dso acceleration sensor,8.990526,1.6831238,4.5058875,3
867228190621967,2024-03-07T17:41:39.319Z,lsm6dso acceleration sensor,8.722376,2.1571758,5.2388124,3
867228200620733,2024-03-07T17:41:39.328Z,lsm6dso acceleration sensor,8.372823,3.3997664,6.01214,3
867228210619433,2024-03-07T17:41:39.339Z,lsm6dso acceleration sensor,8.044817,3.7828386,6.2467713,3
867228220618199,2024-03-07T17:41:39.349Z,lsm6dso acceleration sensor,7.546823,3.775656,5.782296,3
867228230616965,2024-03-07T17:41:39.359Z,lsm6dso acceleration sensor,7.237971,3.1771057,5.5476646,3
867228240615665,2024-03-07T17:41:39.369Z,lsm6dso acceleration sensor,8.612243,2.1404164,4.76925,3
867228250614431,2024-03-07T17:41:39.379Z,lsm6dso acceleration sensor,9.737517,1.8124107,4.3957543,3
867228260613197,2024-03-07T17:41:39.389Z,lsm6dso acceleration sensor,10.618584,0.30406362,4.333505,3
867228270611897,2024-03-07T17:41:39.399Z,lsm6dso acceleration sensor,10.69041,-0.06464344,4.582502,3
867228280610663,2024-03-07T17:41:39.408Z,lsm6dso acceleration sensor,10.33128,-0.39743748,4.745308,3
867228290609463,2024-03-07T17:41:39.419Z,lsm6dso acceleration sensor,9.823709,-0.45968673,4.474763,3
867228300608263,2024-03-07T17:41:39.429Z,lsm6dso acceleration sensor,8.791808,-0.5626374,3.6583402,3
867228310607163,2024-03-07T17:41:39.439Z,lsm6dso acceleration sensor,8.317756,-0.7134721,3.3135753,3
867228320606129,2024-03-07T17:41:39.449Z,lsm6dso acceleration sensor,7.6976576,-0.62488663,2.7868507,3
867228330605095,2024-03-07T17:41:39.459Z,lsm6dso acceleration sensor,7.5156984,-0.4213795,2.5689783,3
867228340604095,2024-03-07T17:41:39.469Z,lsm6dso acceleration sensor,7.1374145,0.12449849,2.087744,3
867228350603061,2024-03-07T17:41:39.479Z,lsm6dso acceleration sensor,6.751948,0.44771573,1.9273324,3
867228360602061,2024-03-07T17:41:39.489Z,lsm6dso acceleration sensor,6.016928,1.3120226,1.6496049,3
867228370601127,2024-03-07T17:41:39.499Z,lsm6dso acceleration sensor,5.59076,1.6400281,1.9847932,3
867228380600127,2024-03-07T17:41:39.509Z,lsm6dso acceleration sensor,5.222053,1.8866309,2.2146366,3
867228390599193,2024-03-07T17:41:39.519Z,lsm6dso acceleration sensor,4.908413,1.8674773,1.8698715,3
867228400598259,2024-03-07T17:41:39.529Z,lsm6dso acceleration sensor,5.018546,1.436521,1.6208745,3
867228410597325,2024-03-07T17:41:39.538Z,lsm6dso acceleration sensor,5.2483892,0.9744401,1.42455,3
867228420596391,2024-03-07T17:41:39.549Z,lsm6dso acceleration sensor,5.71047,0.11252748,1.0175357,3
867228430595457,2024-03-07T17:41:39.559Z,lsm6dso acceleration sensor,6.0073514,-0.30645782,0.9768343,3
867228440594523,2024-03-07T17:41:39.568Z,lsm6dso acceleration sensor,6.4814034,-0.6560113,1.0606314,3
867228450593589,2024-03-07T17:41:39.579Z,lsm6dso acceleration sensor,6.7016697,-0.7637503,1.1563994,3
867228460592589,2024-03-07T17:41:39.589Z,lsm6dso acceleration sensor,7.412748,-0.6392518,1.2330139,3
867228470591655,2024-03-07T17:41:39.599Z,lsm6dso acceleration sensor,8.03524,-0.45489833,1.1923125,3
867228480590721,2024-03-07T17:41:39.609Z,lsm6dso acceleration sensor,9.1389675,-0.30406362,1.1947067,3
867228490589721,2024-03-07T17:41:39.619Z,lsm6dso acceleration sensor,9.660903,-0.1364695,1.3814543,3
867228500588554,2024-03-07T17:41:39.629Z,lsm6dso acceleration sensor,9.5531645,0.23702596,1.9752164,3
867228510587620,2024-03-07T17:41:39.639Z,lsm6dso acceleration sensor,9.107842,0.59855044,1.982399,3
867228520586620,2024-03-07T17:41:39.649Z,lsm6dso acceleration sensor,9.17488,1.1061212,1.8195933,3
867228530585686,2024-03-07T17:41:39.659Z,lsm6dso acceleration sensor,9.639356,1.2641385,1.9608512,3
867228540584752,2024-03-07T17:41:39.669Z,lsm6dso acceleration sensor,9.976937,1.3718776,2.4827871,3
867228550583818,2024-03-07T17:41:39.679Z,lsm6dso acceleration sensor,10.053553,1.2761095,2.5833437,3
867228560582884,2024-03-07T17:41:39.689Z,lsm6dso acceleration sensor,10.441413,1.2306197,2.8107927,3
867228570581950,2024-03-07T17:41:39.699Z,lsm6dso acceleration sensor,10.795754,1.292869,3.0190883,3
867228580580783,2024-03-07T17:41:39.709Z,lsm6dso acceleration sensor,11.655273,1.685518,3.560178,3
867228590579816,2024-03-07T17:41:39.719Z,lsm6dso acceleration sensor,11.956943,1.9536686,3.904943,3
867228600578782,2024-03-07T17:41:39.728Z,lsm6dso acceleration sensor,12.363956,2.4660277,4.6591167,3
867228610577715,2024-03-07T17:41:39.739Z,lsm6dso acceleration sensor,12.715904,2.6288335,5.0257287,3
867228620576581,2024-03-07T17:41:39.749Z,lsm6dso acceleration sensor,13.022363,2.4612393,5.1047373,3
867228630575381,2024-03-07T17:41:39.759Z,lsm6dso acceleration sensor,13.182774,2.1404164,5.1095257,3
867228640574214,2024-03-07T17:41:39.769Z,lsm6dso acceleration sensor,14.150031,1.4030021,5.0089693,3
867228650573014,2024-03-07T17:41:39.779Z,lsm6dso acceleration sensor,14.470855,0.60573304,4.711789,3
867228660571814,2024-03-07T17:41:39.789Z,lsm6dso acceleration sensor,13.49402,-0.90740246,3.892972,3
867228670570547,2024-03-07T17:41:39.799Z,lsm6dso acceleration sensor,12.483667,-1.8674773,3.7972038,3
867228680569280,2024-03-07T17:41:39.809Z,lsm6dso acceleration sensor,11.107001,-3.2944214,4.010288,3
867228690568013,2024-03-07T17:41:39.819Z,lsm6dso acceleration sensor,10.278607,-3.7948096,4.0438066,3
867228700566746,2024-03-07T17:41:39.829Z,lsm6dso acceleration sensor,8.743924,-3.8546648,4.2042184,3
867228710565412,2024-03-07T17:41:39.839Z,lsm6dso acceleration sensor,8.619426,-3.442862,4.249708,3
867228720564145,2024-03-07T17:41:39.849Z,lsm6dso acceleration sensor,8.952219,-3.229778,5.0855837,3
867228730562878,2024-03-07T17:41:39.859Z,lsm6dso acceleration sensor,9.493309,-3.0238767,5.478233,3
867228740561544,2024-03-07T17:41:39.869Z,lsm6dso acceleration sensor,9.838074,-2.4971523,6.1055136,3
867228750560277,2024-03-07T17:41:39.879Z,lsm6dso acceleration sensor,9.833285,-2.1787236,6.514922,3
867228760559010,2024-03-07T17:41:39.889Z,lsm6dso acceleration sensor,10.180445,-1.4628572,7.0296755,3
867228770557710,2024-03-07T17:41:39.899Z,lsm6dso acceleration sensor,10.36001,-1.1061212,7.3361335,3
867228780556476,2024-03-07T17:41:39.909Z,lsm6dso acceleration sensor,10.697593,-0.4333505,7.7982144,3
867228790555242,2024-03-07T17:41:39.918Z,lsm6dso acceleration sensor,10.771812,-0.08140286,7.486968,3
867228800554242,2024-03-07T17:41:39.929Z,lsm6dso acceleration sensor,10.43423,0.059855044,6.77589,3
867228810553008,2024-03-07T17:41:39.939Z,lsm6dso acceleration sensor,10.12059,-0.088585466,6.4095774,3
867228820551774,2024-03-07T17:41:39.949Z,lsm6dso acceleration sensor,9.584289,-0.5386954,6.1510034,3
867228830550540,2024-03-07T17:41:39.959Z,lsm6dso acceleration sensor,9.342474,-0.7469909,5.880459,3
867228840549306,2024-03-07T17:41:39.969Z,lsm6dso acceleration sensor,8.990526,-1.0582372,4.8386817,3
867228850548006,2024-03-07T17:41:39.979Z,lsm6dso acceleration sensor,8.684069,-1.2880806,4.2066126,3
867228860546772,2024-03-07T17:41:39.988Z,lsm6dso acceleration sensor,8.39437,-1.5179238,2.837129,3
867228870545538,2024-03-07T17:41:39.998Z,lsm6dso acceleration sensor,8.210017,-1.5682021,2.1643584,3
867228880544471,2024-03-07T17:41:40.009Z,lsm6dso acceleration sensor,7.6952634,-1.2282255,1.6256629,3
867228890543237,2024-03-07T17:41:40.019Z,lsm6dso acceleration sensor,7.2475476,-1.0103531,1.745373,3
867228900542003,2024-03-07T17:41:40.029Z,lsm6dso acceleration sensor,6.380847,-0.4141969,1.7501614,3
867228910540769,2024-03-07T17:41:40.039Z,lsm6dso acceleration sensor,5.758354,0.0,1.7884687,3
867228920539535,2024-03-07T17:41:40.049Z,lsm6dso acceleration sensor,4.793192,0.6607997,1.7310078,3
867228930538301,2024-03-07T17:41:40.059Z,lsm6dso acceleration sensor,4.369418,0.9816227,1.8315643,3
867228940537067,2024-03-07T17:41:40.069Z,lsm6dso acceleration sensor,3.9791632,1.2569559,2.030283,3
867228950535833,2024-03-07T17:41:40.079Z,lsm6dso acceleration sensor,3.86903,1.2808979,1.8219875,3
867228960534533,2024-03-07T17:41:40.089Z,lsm6dso acceleration sensor,3.9552212,1.115698,1.4293385,3
867228970533299,2024-03-07T17:41:40.098Z,lsm6dso acceleration sensor,4.1299977,0.9959879,1.1492168,3
867228980532065,2024-03-07T17:41:40.109Z,lsm6dso acceleration sensor,4.7500963,0.7374141,0.8690952,3
867228990530765,2024-03-07T17:41:40.119Z,lsm6dso acceleration sensor,5.210082,0.58418524,0.7350199,3
867229000529531,2024-03-07T17:41:40.129Z,lsm6dso acceleration sensor,6.0911484,0.44771573,0.85473,3
867229010528297,2024-03-07T17:41:40.139Z,lsm6dso acceleration sensor,6.3736644,0.48602295,1.1611878,3
867229020526997,2024-03-07T17:41:40.149Z,lsm6dso acceleration sensor,6.950667,0.5626374,1.103727,3
867229030525763,2024-03-07T17:41:40.159Z,lsm6dso acceleration sensor,7.688081,0.5291186,1.2138603,3
867229040524529,2024-03-07T17:41:40.169Z,lsm6dso acceleration sensor,8.985738,0.2657564,2.183512,3
867229050523295,2024-03-07T17:41:40.179Z,lsm6dso acceleration sensor,9.332897,0.0,2.885013,3
867229060522061,2024-03-07T17:41:40.189Z,lsm6dso acceleration sensor,9.809343,-0.56982,3.727772,3
867229070520794,2024-03-07T17:41:40.199Z,lsm6dso acceleration sensor,10.470143,-1.0127473,3.9815574,3
867229080519527,2024-03-07T17:41:40.209Z,lsm6dso acceleration sensor,12.107778,-1.9249382,4.1946416,3
867229090518260,2024-03-07T17:41:40.219Z,lsm6dso acceleration sensor,13.091794,-2.456451,4.0797195,3
867229100516926,2024-03-07T17:41:40.229Z,lsm6dso acceleration sensor,13.642461,-3.193865,2.9712043,3
867229110515659,2024-03-07T17:41:40.239Z,lsm6dso acceleration sensor,13.570635,-3.4165258,2.7030537,3
867229120514392,2024-03-07T17:41:40.248Z,lsm6dso acceleration sensor,13.443742,-3.4237084,2.9616275,3
867229130513058,2024-03-07T17:41:40.259Z,lsm6dso acceleration sensor,13.379098,-3.2321723,3.0597897,3
867229140511791,2024-03-07T17:41:40.269Z,lsm6dso acceleration sensor,13.144466,-2.3463178,3.8738184,3
867229150510524,2024-03-07T17:41:40.278Z,lsm6dso acceleration sensor,12.919412,-1.8004397,4.1299977,3
867229160509257,2024-03-07T17:41:40.289Z,lsm6dso acceleration sensor,12.452542,-0.18914193,4.084508,3
867229170507990,2024-03-07T17:41:40.299Z,lsm6dso acceleration sensor,12.41184,0.6727707,4.06296,3
867229180506756,2024-03-07T17:41:40.309Z,lsm6dso acceleration sensor,12.378322,1.9847932,3.9432502,3
867229190505522,2024-03-07T17:41:40.319Z,lsm6dso acceleration sensor,11.9497595,2.5210943,3.9839516,3
867229200504288,2024-03-07T17:41:40.329Z,lsm6dso acceleration sensor,10.582671,2.6072857,3.8067808,3
867229210502988,2024-03-07T17:41:40.339Z,lsm6dso acceleration sensor,10.130167,2.1404164,3.4763808,3
867229220501754,2024-03-07T17:41:40.349Z,lsm6dso acceleration sensor,10.733505,0.8379706,3.3183637,3
867229230500520,2024-03-07T17:41:40.359Z,lsm6dso acceleration sensor,11.035175,0.08379706,3.359065,3
867229240499220,2024-03-07T17:41:40.369Z,lsm6dso acceleration sensor,10.3336735,-0.557849,4.1826706,3
867229250497986,2024-03-07T17:41:40.379Z,lsm6dso acceleration sensor,9.517251,-0.36631286,4.7668557,3
867229260496752,2024-03-07T17:41:40.388Z,lsm6dso acceleration sensor,7.9897504,0.25139117,5.9977746,3
867229270495452,2024-03-07T17:41:40.399Z,lsm6dso acceleration sensor,7.43669,0.7374141,6.196493,3
867229280494218,2024-03-07T17:41:40.409Z,lsm6dso acceleration sensor,7.534852,1.5993267,6.6394205,3
867229290492984,2024-03-07T17:41:40.419Z,lsm6dso acceleration sensor,8.056788,1.9512744,6.680122,3
867229300491750,2024-03-07T17:41:40.429Z,lsm6dso acceleration sensor,9.524434,2.327164,6.7567363,3
867229310490516,2024-03-07T17:41:40.439Z,lsm6dso acceleration sensor,10.1660795,2.2840683,7.010522,3
867229320489282,2024-03-07T17:41:40.449Z,lsm6dso acceleration sensor,10.783784,1.5753847,7.1350203,3
867229330488048,2024-03-07T17:41:40.459Z,lsm6dso acceleration sensor,10.656891,1.0031705,6.586748,3
867229340486814,2024-03-07T17:41:40.469Z,lsm6dso acceleration sensor,10.355222,0.038307227,5.514146,3
867229350485514,2024-03-07T17:41:40.479Z,lsm6dso acceleration sensor,9.981726,-0.44771573,5.0113635,3
867229360484280,2024-03-07T17:41:40.489Z,lsm6dso acceleration sensor,8.712799,-1.1444284,4.189853,3
867229370483046,2024-03-07T17:41:40.499Z,lsm6dso acceleration sensor,8.169315,-1.292869,3.739743,3
867229380481779,2024-03-07T17:41:40.509Z,lsm6dso acceleration sensor,7.8365216,-1.091756,3.0023289,3
867229390480579,2024-03-07T17:41:40.519Z,lsm6dso acceleration sensor,7.656956,-0.82121116,2.657564,3
867229400479412,2024-03-07T17:41:40.528Z,lsm6dso acceleration sensor,7.1613564,-0.20111294,2.3702598,3
867229410478245,2024-03-07T17:41:40.539Z,lsm6dso acceleration sensor,7.108684,0.21068975,2.585738,3
867229420477145,2024-03-07T17:41:40.549Z,lsm6dso acceleration sensor,7.036858,0.8619126,2.7246015,3
867229430476045,2024-03-07T17:41:40.559Z,lsm6dso acceleration sensor,6.787861,1.0654198,2.5210943,3
867229440474945,2024-03-07T17:41:40.568Z,lsm6dso acceleration sensor,6.1893106,1.1851299,2.2361844,3
867229450473845,2024-03-07T17:41:40.579Z,lsm6dso acceleration sensor,5.753566,1.0319009,2.1906946,3
867229460472678,2024-03-07T17:41:40.589Z,lsm6dso acceleration sensor,5.1789575,0.4237737,1.8938135,3
867229470471578,2024-03-07T17:41:40.599Z,lsm6dso acceleration sensor,4.9993925,0.1364695,1.5466543,3
867229480470444,2024-03-07T17:41:40.609Z,lsm6dso acceleration sensor,4.9036245,-0.46686932,0.8762778,3
867229490469244,2024-03-07T17:41:40.619Z,lsm6dso acceleration sensor,5.054459,-0.6727707,0.6751649,3
867229500467410,2024-03-07T17:41:40.629Z,lsm6dso acceleration sensor,5.5117517,-0.6631939,0.5722142,3
867229510465576,2024-03-07T17:41:40.639Z,lsm6dso acceleration sensor,5.8277864,-0.48841715,0.6799533,3
867229520466276,2024-03-07T17:41:40.649Z,lsm6dso acceleration sensor,6.100725,0.08619126,1.3383588,3
867229530465142,2024-03-07T17:41:40.659Z,lsm6dso acceleration sensor,6.1629744,0.5386954,1.8267759,3
867229540464008,2024-03-07T17:41:40.669Z,lsm6dso acceleration sensor,6.426337,1.316811,1.9632454,3
867229550462874,2024-03-07T17:41:40.679Z,lsm6dso acceleration sensor,6.988974,1.5921441,1.99437,3
867229560461740,2024-03-07T17:41:40.689Z,lsm6dso acceleration sensor,8.492533,1.8794483,2.054225,3
867229570460606,2024-03-07T17:41:40.699Z,lsm6dso acceleration sensor,9.074324,1.9177556,2.303222,3
867229580459472,2024-03-07T17:41:40.709Z,lsm6dso acceleration sensor,9.040805,1.9273324,2.815581,3
867229590457905,2024-03-07T17:41:40.719Z,lsm6dso acceleration sensor,9.000103,1.946486,3.1483753,3
867229600456005,2024-03-07T17:41:40.729Z,lsm6dso acceleration sensor,9.395146,2.0111294,3.3399115,3
867229610454871,2024-03-07T17:41:40.739Z,lsm6dso acceleration sensor,10.077495,2.018312,3.2513258,3
867229620453737,2024-03-07T17:41:40.749Z,lsm6dso acceleration sensor,11.305719,2.018312,3.359065,3
867229630452537,2024-03-07T17:41:40.759Z,lsm6dso acceleration sensor,11.492468,2.0566192,3.596091,3
867229640451403,2024-03-07T17:41:40.769Z,lsm6dso acceleration sensor,10.881946,2.207454,4.0054994,3
867229650450269,2024-03-07T17:41:40.779Z,lsm6dso acceleration sensor,10.541969,2.327164,4.321534,3
867229660449135,2024-03-07T17:41:40.789Z,lsm6dso acceleration sensor,10.69041,2.6623523,4.5082817,3
867229670448001,2024-03-07T17:41:40.799Z,lsm6dso acceleration sensor,11.336844,2.7485435,4.4939165,3
867229680446834,2024-03-07T17:41:40.809Z,lsm6dso acceleration sensor,13.592182,2.6767175,4.510676,3
867229690445667,2024-03-07T17:41:40.819Z,lsm6dso acceleration sensor,14.458883,2.3870192,4.6782703,3
867229700444467,2024-03-07T17:41:40.829Z,lsm6dso acceleration sensor,15.038579,1.6567876,5.1430445,3
867229710443200,2024-03-07T17:41:40.839Z,lsm6dso acceleration sensor,14.961965,1.2473791,5.334581,3
867229720441933,2024-03-07T17:41:40.849Z,lsm6dso acceleration sensor,14.157214,0.19393034,4.8841715,3
867229730440666,2024-03-07T17:41:40.859Z,lsm6dso acceleration sensor,13.386281,-0.23223756,4.343082,3
867229740439332,2024-03-07T17:41:40.869Z,lsm6dso acceleration sensor,11.791742,-1.2952632,2.9257145,3
867229750438065,2024-03-07T17:41:40.879Z,lsm6dso acceleration sensor,11.152491,-1.8531121,2.1068976,3
867229760436798,2024-03-07T17:41:40.888Z,lsm6dso acceleration sensor,9.5292225,-3.0262709,2.0590134,3
867229770435464,2024-03-07T17:41:40.899Z,lsm6dso acceleration sensor,8.300997,-3.6367924,2.6024973,3
867229780434197,2024-03-07T17:41:40.908Z,lsm6dso acceleration sensor,6.6537857,-4.0342298,2.5929205,3
867229790432930,2024-03-07T17:41:40.919Z,lsm6dso acceleration sensor,6.7926493,-3.8067808,2.123657,3
867229800432363,2024-03-07T17:41:40.929Z,lsm6dso acceleration sensor,9.632173,-2.944868,3.0573955,3
867229810431829,2024-03-07T17:41:40.939Z,lsm6dso acceleration sensor,10.64492,-2.6599581,4.4580035,3
867229820428695,2024-03-07T17:41:40.949Z,lsm6dso acceleration sensor,8.605061,-2.0638018,6.742371,3
867229830427461,2024-03-07T17:41:40.959Z,lsm6dso acceleration sensor,6.2731075,-1.8243817,7.616255,3
867229840426227,2024-03-07T17:41:40.969Z,lsm6dso acceleration sensor,4.331111,-1.4772224,8.312967,3
867229850424927,2024-03-07T17:41:40.979Z,lsm6dso acceleration sensor,5.06643,-1.2425907,8.739136,3
867229860423693,2024-03-07T17:41:40.989Z,lsm6dso acceleration sensor,8.8205385,-0.581791,8.624214,3
867229870422459,2024-03-07T17:41:40.999Z,lsm6dso acceleration sensor,11.542746,0.009576807,8.418312,3
867229880421159,2024-03-07T17:41:41.008Z,lsm6dso acceleration sensor,14.322413,1.0295067,8.300997,3
867229890420359,2024-03-07T17:41:41.019Z,lsm6dso acceleration sensor,14.322413,1.2761095,8.001721,3
867229900419825,2024-03-07T17:41:41.029Z,lsm6dso acceleration sensor,12.256218,1.2162545,7.6018896,3
867229910418858,2024-03-07T17:41:41.039Z,lsm6dso acceleration sensor,11.083059,1.1228806,7.79582,3
867229920417624,2024-03-07T17:41:41.049Z,lsm6dso acceleration sensor,9.555558,0.6488287,7.1230493,3
867229930416390,2024-03-07T17:41:41.059Z,lsm6dso acceleration sensor,8.825327,-0.107739076,6.000169,3
867229940415156,2024-03-07T17:41:41.069Z,lsm6dso acceleration sensor,8.145373,-1.8698715,3.4237084,3
867229950413922,2024-03-07T17:41:41.078Z,lsm6dso acceleration sensor,8.2794485,-2.56419,2.087744,3
867229960412622,2024-03-07T17:41:41.089Z,lsm6dso acceleration sensor,8.135797,-3.2513258,0.8355764,3
867229970411388,2024-03-07T17:41:41.099Z,lsm6dso acceleration sensor,7.633014,-3.335123,0.521936,3
867229980410154,2024-03-07T17:41:41.109Z,lsm6dso acceleration sensor,6.526893,-2.9783869,0.7422025,3
867229990408854,2024-03-07T17:41:41.119Z,lsm6dso acceleration sensor,5.897218,-2.4971523,0.9696517,3
867230000407620,2024-03-07T17:41:41.129Z,lsm6dso acceleration sensor,4.534618,-1.3958195,1.2114661,3
867230010406386,2024-03-07T17:41:41.139Z,lsm6dso acceleration sensor,3.9097314,-0.6847417,1.352724,3
867230020405086,2024-03-07T17:41:41.149Z,lsm6dso acceleration sensor,3.1483753,0.6607997,1.5346833,3
867230030403852,2024-03-07T17:41:41.159Z,lsm6dso acceleration sensor,3.0909145,1.1587936,1.541866,3
867230040402618,2024-03-07T17:41:41.169Z,lsm6dso acceleration sensor,3.1196449,1.7477672,1.5705963,3
867230050400451,2024-03-07T17:41:41.179Z,lsm6dso acceleration sensor,3.217807,1.7836803,1.3670892,3
867230060398517,2024-03-07T17:41:41.189Z,lsm6dso acceleration sensor,3.7852328,1.5346833,0.8643068,3
867230070397283,2024-03-07T17:41:41.199Z,lsm6dso acceleration sensor,4.31914,1.2330139,0.91219085,3
867230080396049,2024-03-07T17:41:41.209Z,lsm6dso acceleration sensor,5.293879,0.61530983,1.1731589,3
867230090394815,2024-03-07T17:41:41.218Z,lsm6dso acceleration sensor,5.832575,0.22266077,0.9576807,3
867230100393515,2024-03-07T17:41:41.229Z,lsm6dso acceleration sensor,7.2355766,-0.62249243,0.62728083,3
867230110392248,2024-03-07T17:41:41.239Z,lsm6dso acceleration sensor,8.248324,-1.0462662,0.7637503,3
867230120390981,2024-03-07T17:41:41.249Z,lsm6dso acceleration sensor,9.565135,-1.6232687,1.3718776,3
867230130389647,2024-03-07T17:41:41.259Z,lsm6dso acceleration sensor,9.976937,-1.8531121,1.8722657,3
867230140388380,2024-03-07T17:41:41.269Z,lsm6dso acceleration sensor,10.59943,-2.078167,2.906561,3
867230150387113,2024-03-07T17:41:41.279Z,lsm6dso acceleration sensor,11.109395,-2.2146366,3.751714,3
867230160385846,2024-03-07T17:41:41.289Z,lsm6dso acceleration sensor,12.390293,-2.6288335,4.548983,3
867230170384579,2024-03-07T17:41:41.299Z,lsm6dso acceleration sensor,12.890681,-2.8395233,4.3646297,3
867230180383312,2024-03-07T17:41:41.309Z,lsm6dso acceleration sensor,13.726257,-3.1052797,4.0557775,3
867230190382045,2024-03-07T17:41:41.319Z,lsm6dso acceleration sensor,14.298471,-3.0933087,3.9863458,3
867230200380778,2024-03-07T17:41:41.329Z,lsm6dso acceleration sensor,14.9068985,-2.6144683,4.0318356,3
867230210379211,2024-03-07T17:41:41.339Z,lsm6dso acceleration sensor,14.686333,-2.291251,3.904943,3
867230220377977,2024-03-07T17:41:41.349Z,lsm6dso acceleration sensor,14.190733,-1.6352397,4.122815,3
867230230376743,2024-03-07T17:41:41.359Z,lsm6dso acceleration sensor,14.075811,-1.292869,4.0318356,3
867230240374743,2024-03-07T17:41:41.369Z,lsm6dso acceleration sensor,13.716681,-0.8738836,3.739743,3
867230250373509,2024-03-07T17:41:41.379Z,lsm6dso acceleration sensor,13.501203,-0.7565677,3.6750996,3
867230260372275,2024-03-07T17:41:41.389Z,lsm6dso acceleration sensor,13.611336,-0.6967127,3.655946,3
867230270370975,2024-03-07T17:41:41.399Z,lsm6dso acceleration sensor,13.702315,-0.60333884,3.6607344,3
867230280369741,2024-03-07T17:41:41.409Z,lsm6dso acceleration sensor,13.412617,-0.39264908,4.039018,3
867230290368507,2024-03-07T17:41:41.419Z,lsm6dso acceleration sensor,13.189957,-0.11731588,4.783615,3
867230300367273,2024-03-07T17:41:41.429Z,lsm6dso acceleration sensor,11.8300495,0.50278234,5.89243,3
867230310366039,2024-03-07T17:41:41.439Z,lsm6dso acceleration sensor,10.307338,0.93373865,6.6059017,3
867230320364805,2024-03-07T17:41:41.449Z,lsm6dso acceleration sensor,7.4534492,1.7238252,7.604284,3
867230330363571,2024-03-07T17:41:41.459Z,lsm6dso acceleration sensor,6.5221047,2.1212628,7.3864117,3
867230340362337,2024-03-07T17:41:41.469Z,lsm6dso acceleration sensor,6.028899,2.822764,6.596325,3
867230350361970,2024-03-07T17:41:41.479Z,lsm6dso acceleration sensor,6.6059017,3.1866825,6.414366,3
867230360361436,2024-03-07T17:41:41.489Z,lsm6dso acceleration sensor,8.26269,3.1914709,6.194099,3
867230370360202,2024-03-07T17:41:41.499Z,lsm6dso acceleration sensor,9.141361,3.0478187,6.2731075,3
867230380358902,2024-03-07T17:41:41.509Z,lsm6dso acceleration sensor,10.369587,2.7150247,6.172551,3
867230390357668,2024-03-07T17:41:41.519Z,lsm6dso acceleration sensor,10.290578,2.5330653,5.8900356,3
867230400356434,2024-03-07T17:41:41.529Z,lsm6dso acceleration sensor,9.881169,1.9273324,5.746383,3
867230410355200,2024-03-07T17:41:41.539Z,lsm6dso acceleration sensor,9.601048,1.328782,5.6434326,3
867230420353966,2024-03-07T17:41:41.549Z,lsm6dso acceleration sensor,8.877999,0.059855044,4.560954,3
867230430352766,2024-03-07T17:41:41.559Z,lsm6dso acceleration sensor,8.5499935,-0.61052144,4.1395745,3
867230440351566,2024-03-07T17:41:41.569Z,lsm6dso acceleration sensor,7.728782,-1.6160861,4.010288,3
867230450350466,2024-03-07T17:41:41.579Z,lsm6dso acceleration sensor,7.240365,-2.0111294,3.596091,3
867230460349366,2024-03-07T17:41:41.589Z,lsm6dso acceleration sensor,6.8237743,-2.2050598,2.1811178,3
867230470348332,2024-03-07T17:41:41.599Z,lsm6dso acceleration sensor,6.8141975,-2.0087352,1.5131354,3
867230480347332,2024-03-07T17:41:41.609Z,lsm6dso acceleration sensor,6.7734957,-1.3335704,1.4413095,3
867230490345598,2024-03-07T17:41:41.618Z,lsm6dso acceleration sensor,6.572383,-0.81402856,1.6400281,3
867230500377264,2024-03-07T17:41:41.629Z,lsm6dso acceleration sensor,5.897218,0.31603462,1.9057846,3
867230510408930,2024-03-07T17:41:41.639Z,lsm6dso acceleration sensor,5.3537345,0.9552865,1.9249382,3
867230520440596,2024-03-07T17:41:41.648Z,lsm6dso acceleration sensor,4.3981485,1.8674773,1.6687586,3
867230530472629,2024-03-07T17:41:41.659Z,lsm6dso acceleration sensor,3.8977604,2.2505496,1.5682021,3
867230540505762,2024-03-07T17:41:41.669Z,lsm6dso acceleration sensor,3.2561142,2.4468741,1.3311762,3
867230550538195,2024-03-07T17:41:41.679Z,lsm6dso acceleration sensor,3.2465374,2.2625206,1.2569559,3
867230560570628,2024-03-07T17:41:41.689Z,lsm6dso acceleration sensor,4.036624,1.5634137,0.7565677,3
867230570603061,2024-03-07T17:41:41.699Z,lsm6dso acceleration sensor,4.656722,1.1228806,0.4405331,3
867230580635494,2024-03-07T17:41:41.709Z,lsm6dso acceleration sensor,6.1510034,0.24899697,0.19153613,3
867230590667927,2024-03-07T17:41:41.719Z,lsm6dso acceleration sensor,6.742371,0.021547815,0.2825158,3
867230600700293,2024-03-07T17:41:41.729Z,lsm6dso acceleration sensor,7.774272,-0.10055647,0.8762778,3
867230610732826,2024-03-07T17:41:41.739Z,lsm6dso acceleration sensor,8.3512745,-0.0023942017,1.3934253,3
867230620765259,2024-03-07T17:41:41.748Z,lsm6dso acceleration sensor,9.366416,0.31603462,1.9632454,3
867230630797625,2024-03-07T17:41:41.759Z,lsm6dso acceleration sensor,10.04637,0.545878,2.2768857,3
867230640830058,2024-03-07T17:41:41.769Z,lsm6dso acceleration sensor,11.051934,0.81163436,3.0358477,3
867230650862491,2024-03-07T17:41:41.779Z,lsm6dso acceleration sensor,11.221923,0.92655605,3.5075054,3
867230660894857,2024-03-07T17:41:41.789Z,lsm6dso acceleration sensor,11.056723,1.0510546,3.9312792,3
867230670927290,2024-03-07T17:41:41.799Z,lsm6dso acceleration sensor,10.819696,1.1085154,3.6894648,3
867230680959723,2024-03-07T17:41:41.808Z,lsm6dso acceleration sensor,10.805331,1.2018893,3.0909145,3
867230690991823,2024-03-07T17:41:41.819Z,lsm6dso acceleration sensor,10.910676,1.2617443,2.96881,3
867230701024256,2024-03-07T17:41:41.830Z,lsm6dso acceleration sensor,10.767024,1.484405,2.681506,3
867230711056622,2024-03-07T17:41:41.839Z,lsm6dso acceleration sensor,10.676044,1.6017209,2.5378537,3
867230721089055,2024-03-07T17:41:41.850Z,lsm6dso acceleration sensor,10.984897,1.8722657,2.621651,3
867230731121455,2024-03-07T17:41:41.860Z,lsm6dso acceleration sensor,11.569082,2.0566192,2.7509377,3
867230741153788,2024-03-07T17:41:41.870Z,lsm6dso acceleration sensor,12.917017,2.1906946,3.0502129,3
867230751186088,2024-03-07T17:41:41.880Z,lsm6dso acceleration sensor,13.177985,2.0829554,3.2345665,3
867230761218321,2024-03-07T17:41:41.890Z,lsm6dso acceleration sensor,13.067852,1.5682021,3.9145198,3
867230771250487,2024-03-07T17:41:41.900Z,lsm6dso acceleration sensor,13.446136,1.2473791,4.3861775,3
867230781282687,2024-03-07T17:41:41.910Z,lsm6dso acceleration sensor,13.455713,0.39743748,4.958691,3
867230791315553,2024-03-07T17:41:41.920Z,lsm6dso acceleration sensor,12.871528,-0.06943185,5.490204,3
867230801315086,2024-03-07T17:41:41.930Z,lsm6dso acceleration sensor,11.537957,-0.9983821,6.4335194,3
867230811314586,2024-03-07T17:41:41.940Z,lsm6dso acceleration sensor,10.609007,-1.532289,6.5939307,3
867230821314019,2024-03-07T17:41:41.950Z,lsm6dso acceleration sensor,9.663298,-1.4867992,6.0552354,3
867230831346485,2024-03-07T17:41:41.960Z,lsm6dso acceleration sensor,9.335292,-1.5897499,6.5915365,3
867230841378551,2024-03-07T17:41:41.970Z,lsm6dso acceleration sensor,9.088689,-2.2122424,6.9913683,3
867230851410551,2024-03-07T17:41:41.980Z,lsm6dso acceleration sensor,9.182063,-2.7461493,6.869264,3
867230861442617,2024-03-07T17:41:41.990Z,lsm6dso acceleration sensor,9.912294,-3.4021606,6.2108583,3
867230871474717,2024-03-07T17:41:42.000Z,lsm6dso acceleration sensor,10.393529,-3.5625722,6.134244,3
867230881506750,2024-03-07T17:41:42.010Z,lsm6dso acceleration sensor,10.757447,-3.289633,6.110302,3
867230891538850,2024-03-07T17:41:42.020Z,lsm6dso acceleration sensor,10.458172,-2.870648,6.1390324,3
867230901570950,2024-03-07T17:41:42.030Z,lsm6dso acceleration sensor,10.618584,-2.0733786,6.3736644,3
867230911602883,2024-03-07T17:41:42.040Z,lsm6dso acceleration sensor,11.135732,-1.532289,6.4598556,3
867230921634983,2024-03-07T17:41:42.050Z,lsm6dso acceleration sensor,11.339238,-0.6943185,6.6753335,3
867230931667083,2024-03-07T17:41:42.060Z,lsm6dso acceleration sensor,10.692804,-0.31124622,6.7016697,3
867230945173139,2024-03-07T17:41:42.074Z,lsm6dso acceleration sensor,9.462184,0.05746084,6.716035,3
867230955205239,2024-03-07T17:41:42.084Z,lsm6dso acceleration sensor,8.990526,0.088585466,6.3377514,3
867230965237339,2024-03-07T17:41:42.094Z,lsm6dso acceleration sensor,8.636185,-0.08379706,5.3633113,3
867230975269439,2024-03-07T17:41:42.104Z,lsm6dso acceleration sensor,8.676887,-0.36391866,4.76925,3
867230985301539,2024-03-07T17:41:42.114Z,lsm6dso acceleration sensor,8.674492,-0.8643068,3.4691982,3
867230995333905,2024-03-07T17:41:42.124Z,lsm6dso acceleration sensor,8.57633,-1.0295067,2.9113493,3
867231005366005,2024-03-07T17:41:42.133Z,lsm6dso acceleration sensor,7.8963766,-1.1133038,2.6168625,3
867231015398105,2024-03-07T17:41:42.144Z,lsm6dso acceleration sensor,7.319374,-1.0247183,2.492364,3
867231025430138,2024-03-07T17:41:42.154Z,lsm6dso acceleration sensor,6.301838,-0.40940848,2.3199813,3
867231035462238,2024-03-07T17:41:42.163Z,lsm6dso acceleration sensor,5.684134,-0.05267244,2.4540567,3
867231045494338,2024-03-07T17:41:42.174Z,lsm6dso acceleration sensor,5.030517,0.35913026,2.7748797,3
867231055526371,2024-03-07T17:41:42.184Z,lsm6dso acceleration sensor,4.6782703,0.5363012,2.456451,3
867231065557837,2024-03-07T17:41:42.194Z,lsm6dso acceleration sensor,4.3646297,0.5674258,1.970428,3
867231075589937,2024-03-07T17:41:42.204Z,lsm6dso acceleration sensor,4.3837833,0.3854665,1.757344,3
867231085622037,2024-03-07T17:41:42.214Z,lsm6dso acceleration sensor,4.510676,-0.18914193,1.0366893,3
867231095654137,2024-03-07T17:41:42.224Z,lsm6dso acceleration sensor,4.6232033,-0.5386954,0.5746084,3
867231105686170,2024-03-07T17:41:42.234Z,lsm6dso acceleration sensor,4.8003745,-0.92655605,0.062249243,3
867231115718270,2024-03-07T17:41:42.244Z,lsm6dso acceleration sensor,4.8386817,-1.0319009,0.1340753,3
867231125750370,2024-03-07T17:41:42.254Z,lsm6dso acceleration sensor,4.8386817,-0.91697925,0.5291186,3
867231135749070,2024-03-07T17:41:42.263Z,lsm6dso acceleration sensor,4.9012303,-0.7445967,0.7589619,3
867231145747836,2024-03-07T17:41:42.274Z,lsm6dso acceleration sensor,5.4255605,-0.32321724,0.9840169,3
867231155746602,2024-03-07T17:41:42.284Z,lsm6dso acceleration sensor,5.8493342,-0.15322891,1.1899183,3
867231165745302,2024-03-07T17:41:42.294Z,lsm6dso acceleration sensor,6.6130843,0.031124622,1.7190368,3
867231175744035,2024-03-07T17:41:42.304Z,lsm6dso acceleration sensor,7.0296755,0.06703765,2.0207062,3
867231185742768,2024-03-07T17:41:42.314Z,lsm6dso acceleration sensor,8.040029,-0.0023942017,2.4181437,3
867231195741434,2024-03-07T17:41:42.324Z,lsm6dso acceleration sensor,8.899547,0.031124622,2.3942018,3
867231205740167,2024-03-07T17:41:42.334Z,lsm6dso acceleration sensor,10.575488,0.011971008,2.3918076,3
867231215738900,2024-03-07T17:41:42.344Z,lsm6dso acceleration sensor,11.549929,-0.074220255,2.540248,3
867231225737633,2024-03-07T17:41:42.354Z,lsm6dso acceleration sensor,12.301707,-0.33997664,3.016694,3
867231235736366,2024-03-07T17:41:42.364Z,lsm6dso acceleration sensor,12.517186,-0.533907,3.4476504,3
867231245735099,2024-03-07T17:41:42.374Z,lsm6dso acceleration sensor,12.701539,-1.0534488,3.6463692,3
867231255733832,2024-03-07T17:41:42.383Z,lsm6dso acceleration sensor,12.90744,-1.316811,3.514688,3
867231265732565,2024-03-07T17:41:42.394Z,lsm6dso acceleration sensor,13.130101,-1.745373,3.4715924,3
867231275731265,2024-03-07T17:41:42.404Z,lsm6dso acceleration sensor,13.371916,-1.982399,3.4883518,3
867231285730031,2024-03-07T17:41:42.414Z,lsm6dso acceleration sensor,14.6169,-2.3127987,3.6631286,3
867231295728797,2024-03-07T17:41:42.424Z,lsm6dso acceleration sensor,14.9547825,-2.336741,3.9312792,3
867231305727497,2024-03-07T17:41:42.433Z,lsm6dso acceleration sensor,14.279318,-1.8124107,4.414908,3
867231315726263,2024-03-07T17:41:42.444Z,lsm6dso acceleration sensor,13.599365,-1.2210429,4.3478703,3
867231325725029,2024-03-07T17:41:42.454Z,lsm6dso acceleration sensor,13.182774,0.090979666,4.2042184,3
867231335723795,2024-03-07T17:41:42.464Z,lsm6dso acceleration sensor,12.751818,0.79726917,4.158728,3
867231345722561,2024-03-07T17:41:42.474Z,lsm6dso acceleration sensor,12.01201,1.9608512,3.9791632,3
867231355721327,2024-03-07T17:41:42.484Z,lsm6dso acceleration sensor,11.303326,2.1452048,3.8642416,3
867231365720727,2024-03-07T17:41:42.494Z,lsm6dso acceleration sensor,10.010457,1.8315643,3.7181952,3
867231375719493,2024-03-07T17:41:42.504Z,lsm6dso acceleration sensor,9.244312,1.6089035,3.739743,3
867231385718193,2024-03-07T17:41:42.514Z,lsm6dso acceleration sensor,8.152556,1.7549498,4.510676,3
867231395716959,2024-03-07T17:41:42.524Z,lsm6dso acceleration sensor,7.4438725,2.0135236,4.8937483,3
867231405715725,2024-03-07T17:41:42.534Z,lsm6dso acceleration sensor,6.802226,2.7389667,5.2866964,3
867231415714425,2024-03-07T17:41:42.544Z,lsm6dso acceleration sensor,6.974609,2.9831753,5.669769,3
867231425713191,2024-03-07T17:41:42.554Z,lsm6dso acceleration sensor,7.5540056,3.1028855,5.9738326,3
867231435711957,2024-03-07T17:41:42.564Z,lsm6dso acceleration sensor,8.24593,3.0478187,6.1174846,3
867231445710657,2024-03-07T17:41:42.573Z,lsm6dso acceleration sensor,9.747094,2.767697,6.4981627,3
867231455709423,2024-03-07T17:41:42.584Z,lsm6dso acceleration sensor,10.245089,2.4468741,6.8357453,3
867231465708189,2024-03-07T17:41:42.594Z,lsm6dso acceleration sensor,10.812514,1.376666,7.573159,3
867231475706955,2024-03-07T17:41:42.604Z,lsm6dso acceleration sensor,10.841245,0.7158663,7.4654202,3
867231485705721,2024-03-07T17:41:42.614Z,lsm6dso acceleration sensor,10.515634,-0.56982,6.2395887,3
867231495703787,2024-03-07T17:41:42.624Z,lsm6dso acceleration sensor,10.206781,-1.1611878,5.2292356,3
867231505701853,2024-03-07T17:41:42.634Z,lsm6dso acceleration sensor,9.775825,-1.6831238,3.763685,3
867231515699686,2024-03-07T17:41:42.644Z,lsm6dso acceleration sensor,9.601048,-1.6783354,2.966416,3
867231525697719,2024-03-07T17:41:42.654Z,lsm6dso acceleration sensor,8.887576,-1.0941502,1.9201498,3
867231535695819,2024-03-07T17:41:42.664Z,lsm6dso acceleration sensor,8.078336,-0.44771573,1.4748282,3
867231545695885,2024-03-07T17:41:42.674Z,lsm6dso acceleration sensor,6.751948,0.81642276,1.3024458,3
867231555694785,2024-03-07T17:41:42.684Z,lsm6dso acceleration sensor,6.3090205,1.352724,1.2378023,3
867231565693051,2024-03-07T17:41:42.693Z,lsm6dso acceleration sensor,5.5213284,2.1763294,1.4317327,3
867231575692017,2024-03-07T17:41:42.704Z,lsm6dso acceleration sensor,5.2292356,2.4301147,1.4891934,3
867231585690983,2024-03-07T17:41:42.714Z,lsm6dso acceleration sensor,4.644751,2.504335,1.1444284,3
867231595689983,2024-03-07T17:41:42.724Z,lsm6dso acceleration sensor,4.357447,2.3104045,1.0702082,3
867231605689049,2024-03-07T17:41:42.734Z,lsm6dso acceleration sensor,4.1036615,1.340753,0.9888053,3
867231615688115,2024-03-07T17:41:42.744Z,lsm6dso acceleration sensor,4.1826706,0.6512229,0.81402856,3
867231625687181,2024-03-07T17:41:42.754Z,lsm6dso acceleration sensor,4.560954,-0.36870706,0.35913026,3
867231635686181,2024-03-07T17:41:42.764Z,lsm6dso acceleration sensor,4.9012303,-0.82599956,0.30406362,3
867231645685247,2024-03-07T17:41:42.774Z,lsm6dso acceleration sensor,5.609914,-1.2138603,0.5530606,3
867231655684313,2024-03-07T17:41:42.784Z,lsm6dso acceleration sensor,5.957073,-1.1420342,0.7398083,3
867231665683313,2024-03-07T17:41:42.794Z,lsm6dso acceleration sensor,6.809409,-0.6368576,1.2593501,3
867231675682379,2024-03-07T17:41:42.804Z,lsm6dso acceleration sensor,7.2571244,-0.22026655,1.5562311,3
867231685681445,2024-03-07T17:41:42.814Z,lsm6dso acceleration sensor,7.874829,0.60812724,1.934515,3
867231695680511,2024-03-07T17:41:42.824Z,lsm6dso acceleration sensor,8.174104,1.0654198,2.0805612,3
867231705679577,2024-03-07T17:41:42.834Z,lsm6dso acceleration sensor,8.727164,1.6950948,2.1404164,3
867231715678643,2024-03-07T17:41:42.844Z,lsm6dso acceleration sensor,9.136573,1.8315643,2.0805612,3
867231725677709,2024-03-07T17:41:42.854Z,lsm6dso acceleration sensor,10.125379,1.9081788,2.0973208,3
867231735676775,2024-03-07T17:41:42.864Z,lsm6dso acceleration sensor,10.5084505,1.9177556,2.183512,3
867231745675841,2024-03-07T17:41:42.874Z,lsm6dso acceleration sensor,10.52521,2.0231004,2.4420857,3
867231755674907,2024-03-07T17:41:42.884Z,lsm6dso acceleration sensor,10.417471,2.1547816,2.7700913,3
867231765673973,2024-03-07T17:41:42.894Z,lsm6dso acceleration sensor,10.609007,2.3989902,3.383007,3
867231775672973,2024-03-07T17:41:42.904Z,lsm6dso acceleration sensor,10.858004,2.432509,3.6463692,3
867231785672039,2024-03-07T17:41:42.914Z,lsm6dso acceleration sensor,11.071088,2.4947581,4.2281604,3
867231795671805,2024-03-07T17:41:42.924Z,lsm6dso acceleration sensor,11.102213,2.5330653,4.501099,3
867231805671505,2024-03-07T17:41:42.934Z,lsm6dso acceleration sensor,11.26023,2.6384103,4.5537715,3
867231815671505,2024-03-07T17:41:42.944Z,lsm6dso acceleration sensor,11.52838,2.6168625,4.4101195,3
867231825671238,2024-03-07T17:41:42.954Z,lsm6dso acceleration sensor,12.845191,2.267309,4.110844,3
867231835670971,2024-03-07T17:41:42.963Z,lsm6dso acceleration sensor,13.529933,1.9129672,4.0462008,3
867231845668737,2024-03-07T17:41:42.974Z,lsm6dso acceleration sensor,13.546693,1.2258313,4.122815,3
867231855667603,2024-03-07T17:41:42.984Z,lsm6dso acceleration sensor,13.132496,0.830788,4.086902,3
867231865667169,2024-03-07T17:41:42.994Z,lsm6dso acceleration sensor,12.122143,-0.15083471,4.333505,3
867231875666002,2024-03-07T17:41:43.004Z,lsm6dso acceleration sensor,11.229105,-0.5386954,4.2425256,3
867231885664768,2024-03-07T17:41:43.014Z,lsm6dso acceleration sensor,9.215582,-1.388637,3.572149,3
867231895663568,2024-03-07T17:41:43.024Z,lsm6dso acceleration sensor,8.583512,-1.9512744,3.5098996,3
867231905662301,2024-03-07T17:41:43.034Z,lsm6dso acceleration sensor,8.585907,-2.4396915,4.5537715,3
867231915660967,2024-03-07T17:41:43.044Z,lsm6dso acceleration sensor,8.763078,-2.3511062,4.8602295,3
867231925659700,2024-03-07T17:41:43.054Z,lsm6dso acceleration sensor,8.81575,-1.910573,5.162198,3
867231935658433,2024-03-07T17:41:43.064Z,lsm6dso acceleration sensor,9.031228,-1.9560628,6.2395887,3
867231945657166,2024-03-07T17:41:43.073Z,lsm6dso acceleration sensor,9.440637,-2.0853498,8.061577,3
867231955655899,2024-03-07T17:41:43.084Z,lsm6dso acceleration sensor,9.213187,-2.219425,8.923489,3
867231965654632,2024-03-07T17:41:43.094Z,lsm6dso acceleration sensor,8.861239,-2.5953147,9.270648,3
867231975653365,2024-03-07T17:41:43.104Z,lsm6dso acceleration sensor,9.344869,-2.7581203,9.107842,3
867231985652098,2024-03-07T17:41:43.114Z,lsm6dso acceleration sensor,12.328044,-2.6120741,8.360851,3
867231995650798,2024-03-07T17:41:43.124Z,lsm6dso acceleration sensor,13.776536,-2.2002714,7.927501,3
867232005649564,2024-03-07T17:41:43.134Z,lsm6dso acceleration sensor,13.8603325,-1.4221559,7.776666,3
867232015648330,2024-03-07T17:41:43.144Z,lsm6dso acceleration sensor,13.149255,-1.115698,7.898771,3
867232025647030,2024-03-07T17:41:43.154Z,lsm6dso acceleration sensor,11.207558,-0.31603462,7.925107,3
867232035645796,2024-03-07T17:41:43.164Z,lsm6dso acceleration sensor,10.041581,0.1388637,7.67611,3
867232045644562,2024-03-07T17:41:43.174Z,lsm6dso acceleration sensor,8.585907,0.60094464,6.53647,3
867232055643262,2024-03-07T17:41:43.184Z,lsm6dso acceleration sensor,8.315362,0.5770026,5.600337,3
867232065642028,2024-03-07T17:41:43.194Z,lsm6dso acceleration sensor,8.219594,0.1412579,3.799598,3
867232075640794,2024-03-07T17:41:43.204Z,lsm6dso acceleration sensor,8.150162,-0.22266077,2.633622,3
867232085639560,2024-03-07T17:41:43.214Z,lsm6dso acceleration sensor,7.774272,-0.61770403,1.1827357,3
867232095638326,2024-03-07T17:41:43.224Z,lsm6dso acceleration sensor,7.5396404,-0.6560113,1.1899183,3
867232105637092,2024-03-07T17:41:43.234Z,lsm6dso acceleration sensor,6.7734957,-0.62009823,1.673547,3
867232115635858,2024-03-07T17:41:43.244Z,lsm6dso acceleration sensor,6.196493,-0.5530606,1.7884687,3
867232125634624,2024-03-07T17:41:43.254Z,lsm6dso acceleration sensor,5.332186,-0.21068975,1.8674773,3
867232135633324,2024-03-07T17:41:43.264Z,lsm6dso acceleration sensor,4.879383,0.062249243,2.030283,3
867232145631390,2024-03-07T17:41:43.274Z,lsm6dso acceleration sensor,4.3143516,0.62249243,2.5354595,3
867232155630156,2024-03-07T17:41:43.284Z,lsm6dso acceleration sensor,4.0701427,0.85473,2.6312277,3
867232165627922,2024-03-07T17:41:43.294Z,lsm6dso acceleration sensor,3.8618474,1.0845734,2.5905263,3
867232175626688,2024-03-07T17:41:43.304Z,lsm6dso acceleration sensor,3.9145198,1.0773908,2.3654714,3
867232185624754,2024-03-07T17:41:43.314Z,lsm6dso acceleration sensor,4.2784386,0.9552865,1.6711528,3
867232195623520,2024-03-07T17:41:43.324Z,lsm6dso acceleration sensor,4.5298295,0.7445967,1.6304513,3
867232205622286,2024-03-07T17:41:43.334Z,lsm6dso acceleration sensor,5.1167083,0.1436521,1.4173675,3
867232215621052,2024-03-07T17:41:43.344Z,lsm6dso acceleration sensor,5.4518967,-0.12449849,1.1563994,3
867232225619818,2024-03-07T17:41:43.354Z,lsm6dso acceleration sensor,6.1917048,-0.5363012,0.91458505,3
867232235618584,2024-03-07T17:41:43.364Z,lsm6dso acceleration sensor,6.6513915,-0.7398083,0.8810662,3
867232245617284,2024-03-07T17:41:43.374Z,lsm6dso acceleration sensor,7.484574,-0.93852705,1.1731589,3
867232255616050,2024-03-07T17:41:43.384Z,lsm6dso acceleration sensor,7.9442606,-0.92895025,1.4580688,3
867232265614816,2024-03-07T17:41:43.393Z,lsm6dso acceleration sensor,8.676887,-0.8738836,2.111686,3
867232275613516,2024-03-07T17:41:43.404Z,lsm6dso acceleration sensor,9.1868515,-0.8499416,2.480393,3
867232285612282,2024-03-07T17:41:43.414Z,lsm6dso acceleration sensor,10.288184,-0.94092125,2.9616275,3
867232295611015,2024-03-07T17:41:43.424Z,lsm6dso acceleration sensor,11.054329,-1.1587936,3.3135753,3
867232305609681,2024-03-07T17:41:43.434Z,lsm6dso acceleration sensor,12.344803,-2.0350714,4.146757,3
867232315608414,2024-03-07T17:41:43.444Z,lsm6dso acceleration sensor,12.694357,-2.5330653,4.3837833,3
867232325607147,2024-03-07T17:41:43.454Z,lsm6dso acceleration sensor,12.768577,-3.1627405,4.3598413,3
867232335605880,2024-03-07T17:41:43.464Z,lsm6dso acceleration sensor,12.96969,-3.4284968,4.4125137,3
867232345604613,2024-03-07T17:41:43.474Z,lsm6dso acceleration sensor,14.042293,-3.5362358,4.7884035,3
867232355603346,2024-03-07T17:41:43.484Z,lsm6dso acceleration sensor,14.4014225,-3.2704794,4.8841715,3
867232365602079,2024-03-07T17:41:43.494Z,lsm6dso acceleration sensor,14.399028,-2.0733786,4.3742065,3
867232375600812,2024-03-07T17:41:43.504Z,lsm6dso acceleration sensor,14.221857,-1.2904748,4.268862,3
867232385599478,2024-03-07T17:41:43.514Z,lsm6dso acceleration sensor,14.217069,0.6560113,4.453215,3
867232395598211,2024-03-07T17:41:43.523Z,lsm6dso acceleration sensor,13.872304,1.6567876,4.5513773,3
867232405596977,2024-03-07T17:41:43.533Z,lsm6dso acceleration sensor,14.037504,2.6886885,5.1645923,3
867232415595677,2024-03-07T17:41:43.544Z,lsm6dso acceleration sensor,14.090177,2.7150247,6.2252235,3
867232425594443,2024-03-07T17:41:43.554Z,lsm6dso acceleration sensor,9.866804,2.0278888,7.1996636,3
867232435593209,2024-03-07T17:41:43.564Z,lsm6dso acceleration sensor,7.0560117,1.7669208,7.367258,3
867232445592675,2024-03-07T17:41:43.574Z,lsm6dso acceleration sensor,5.7846904,2.0709844,7.1158667,3
867232455591441,2024-03-07T17:41:43.584Z,lsm6dso acceleration sensor,5.8301806,2.099715,6.7375827,3
867232465591141,2024-03-07T17:41:43.594Z,lsm6dso acceleration sensor,8.188469,2.1883004,5.8373632,3
867232475589907,2024-03-07T17:41:43.604Z,lsm6dso acceleration sensor,10.175656,2.0949266,5.7248354,3
867232485589373,2024-03-07T17:41:43.614Z,lsm6dso acceleration sensor,12.296919,1.8842367,7.474997,3
867232495588073,2024-03-07T17:41:43.624Z,lsm6dso acceleration sensor,12.095806,1.910573,9.361628,3
867232505586839,2024-03-07T17:41:43.634Z,lsm6dso acceleration sensor,10.2139635,2.3391352,9.725547,3
867232515585605,2024-03-07T17:41:43.644Z,lsm6dso acceleration sensor,9.682451,2.504335,8.516475,3
867232525584305,2024-03-07T17:41:43.654Z,lsm6dso acceleration sensor,9.112631,2.1930888,6.8165917,3
867232535583071,2024-03-07T17:41:43.664Z,lsm6dso acceleration sensor,8.973767,1.7046716,6.062418,3
867232545581837,2024-03-07T17:41:43.674Z,lsm6dso acceleration sensor,8.3273325,0.6799533,4.745308,3
867232555580537,2024-03-07T17:41:43.684Z,lsm6dso acceleration sensor,7.628226,0.2753332,4.1611223,3
867232565579303,2024-03-07T17:41:43.693Z,lsm6dso acceleration sensor,6.01214,-0.074220255,2.9400797,3
867232575578069,2024-03-07T17:41:43.704Z,lsm6dso acceleration sensor,5.526117,-0.019153614,2.3822308,3
867232585576835,2024-03-07T17:41:43.714Z,lsm6dso acceleration sensor,5.614702,0.36152446,1.7262194,3
867232595575601,2024-03-07T17:41:43.724Z,lsm6dso acceleration sensor,5.9858036,0.7015011,1.6519991,3
867232605574367,2024-03-07T17:41:43.734Z,lsm6dso acceleration sensor,6.7088523,1.1611878,2.018312,3
867232615573133,2024-03-07T17:41:43.744Z,lsm6dso acceleration sensor,6.8525047,1.4101849,2.1906946,3
867232625571933,2024-03-07T17:41:43.754Z,lsm6dso acceleration sensor,6.5316815,1.6759412,2.5354595,3
867232635570699,2024-03-07T17:41:43.764Z,lsm6dso acceleration sensor,6.158186,1.6759412,2.7246015,3
867232645569532,2024-03-07T17:41:43.773Z,lsm6dso acceleration sensor,5.332186,1.3311762,2.6886885,3
867232655568432,2024-03-07T17:41:43.784Z,lsm6dso acceleration sensor,4.99221,0.9983821,2.695871,3
867232665567265,2024-03-07T17:41:43.794Z,lsm6dso acceleration sensor,4.6591167,0.29927522,2.3942018,3
867232675566165,2024-03-07T17:41:43.804Z,lsm6dso acceleration sensor,4.606444,-0.06703765,2.0326772,3
867232685565065,2024-03-07T17:41:43.814Z,lsm6dso acceleration sensor,4.6950297,-0.44771573,1.5179238,3
867232695563965,2024-03-07T17:41:43.824Z,lsm6dso acceleration sensor,4.819528,-0.51235914,1.364695,3
867232705562831,2024-03-07T17:41:43.834Z,lsm6dso acceleration sensor,4.968268,-0.46686932,1.2330139,3
867232715561697,2024-03-07T17:41:43.844Z,lsm6dso acceleration sensor,5.016152,-0.31124622,1.1803415,3
867232725560563,2024-03-07T17:41:43.854Z,lsm6dso acceleration sensor,5.4231663,0.06943185,0.93373865,3
867232735559429,2024-03-07T17:41:43.864Z,lsm6dso acceleration sensor,5.818209,0.31124622,0.7254431,3
867232745558229,2024-03-07T17:41:43.874Z,lsm6dso acceleration sensor,6.739977,0.61291564,0.5674258,3
867232755557095,2024-03-07T17:41:43.884Z,lsm6dso acceleration sensor,7.3696523,0.7685388,0.7206547,3
867232765555961,2024-03-07T17:41:43.894Z,lsm6dso acceleration sensor,8.289025,0.9528923,1.1875241,3
867232775554761,2024-03-07T17:41:43.904Z,lsm6dso acceleration sensor,8.617031,1.0103531,1.4101849,3
867232785553627,2024-03-07T17:41:43.914Z,lsm6dso acceleration sensor,9.024046,1.0606314,2.0087352,3
867232795552493,2024-03-07T17:41:43.924Z,lsm6dso acceleration sensor,9.239524,1.1468226,2.566584,3
867232805551293,2024-03-07T17:41:43.934Z,lsm6dso acceleration sensor,9.538799,1.2593501,3.620033,3
867232815550159,2024-03-07T17:41:43.944Z,lsm6dso acceleration sensor,9.766248,1.3958195,3.9240966,3
867232825549025,2024-03-07T17:41:43.953Z,lsm6dso acceleration sensor,10.510845,1.8291701,4.036624,3
867232835547891,2024-03-07T17:41:43.964Z,lsm6dso acceleration sensor,11.006445,2.1930888,4.0773253,3
867232845546757,2024-03-07T17:41:43.974Z,lsm6dso acceleration sensor,11.435006,2.8060043,4.3766007,3
867232855545623,2024-03-07T17:41:43.983Z,lsm6dso acceleration sensor,11.47092,3.122039,4.656722,3
867232865544489,2024-03-07T17:41:43.994Z,lsm6dso acceleration sensor,11.597813,3.323152,4.9969983,3
867232875543355,2024-03-07T17:41:44.004Z,lsm6dso acceleration sensor,12.057499,3.1052797,5.040094,3
867232885542155,2024-03-07T17:41:44.014Z,lsm6dso acceleration sensor,13.362339,2.1164744,4.292804,3
867232895541021,2024-03-07T17:41:44.024Z,lsm6dso acceleration sensor,13.85315,1.2904748,3.7948096,3
867232905539887,2024-03-07T17:41:44.034Z,lsm6dso acceleration sensor,14.621689,-0.24420857,3.6248214,3
867232915538687,2024-03-07T17:41:44.043Z,lsm6dso acceleration sensor,14.406211,-1.0175357,4.120421,3
867232925537520,2024-03-07T17:41:44.054Z,lsm6dso acceleration sensor,12.105383,-2.4660277,5.0353055,3
867232935536320,2024-03-07T17:41:44.063Z,lsm6dso acceleration sensor,10.575488,-3.110068,4.8338933,3
867232945535120,2024-03-07T17:41:44.074Z,lsm6dso acceleration sensor,10.269031,-3.181894,5.0616417,3
867232955533853,2024-03-07T17:41:44.084Z,lsm6dso acceleration sensor,11.130943,-2.5905263,5.669769,3
867232965532586,2024-03-07T17:41:44.094Z,lsm6dso acceleration sensor,10.95856,-1.8267759,6.94109,3
867232975531319,2024-03-07T17:41:44.104Z,lsm6dso acceleration sensor,10.04637,-1.6783354,8.054394,3
867232985530052,2024-03-07T17:41:44.114Z,lsm6dso acceleration sensor,8.55957,-1.8195933,9.392753,3
867232995528718,2024-03-07T17:41:44.124Z,lsm6dso acceleration sensor,8.147768,-1.982399,9.694422,3
867233005527451,2024-03-07T17:41:44.134Z,lsm6dso acceleration sensor,8.674492,-2.3199813,9.727941,3
867233015526184,2024-03-07T17:41:44.144Z,lsm6dso acceleration sensor,9.723152,-2.480393,9.067142,3
867233025524884,2024-03-07T17:41:44.154Z,lsm6dso acceleration sensor,12.14369,-2.6168625,7.8125796,3
867233035523650,2024-03-07T17:41:44.164Z,lsm6dso acceleration sensor,13.44853,-2.5354595,7.496545,3
867233045522416,2024-03-07T17:41:44.174Z,lsm6dso acceleration sensor,13.474867,-1.9608512,7.814974,3
867233055521116,2024-03-07T17:41:44.184Z,lsm6dso acceleration sensor,12.325649,-1.5179238,8.075942,3
867233065519882,2024-03-07T17:41:44.194Z,lsm6dso acceleration sensor,10.565911,-0.6967127,8.243536,3
867233075518648,2024-03-07T17:41:44.204Z,lsm6dso acceleration sensor,10.010457,-0.1364695,8.061577,3
867233085517414,2024-03-07T17:41:44.214Z,lsm6dso acceleration sensor,9.332897,0.3878607,7.4055653,3
867233095516180,2024-03-07T17:41:44.224Z,lsm6dso acceleration sensor,8.866028,0.17956513,7.0081277,3
867233105514946,2024-03-07T17:41:44.233Z,lsm6dso acceleration sensor,8.552388,0.038307227,5.291485,3
867233115513712,2024-03-07T17:41:44.244Z,lsm6dso acceleration sensor,8.308179,-0.30885202,4.735731,3
867233125512478,2024-03-07T17:41:44.254Z,lsm6dso acceleration sensor,7.654562,-0.80445176,2.980781,3
867233135511178,2024-03-07T17:41:44.264Z,lsm6dso acceleration sensor,7.4342957,-0.94331545,1.9752164,3
867233145509244,2024-03-07T17:41:44.273Z,lsm6dso acceleration sensor,7.319374,-1.0773908,1.0821792,3
867233155507077,2024-03-07T17:41:44.284Z,lsm6dso acceleration sensor,6.9315133,-1.1109096,1.1372458,3
867233165505077,2024-03-07T17:41:44.294Z,lsm6dso acceleration sensor,5.315427,-0.8834604,0.9864111,3
867233175502910,2024-03-07T17:41:44.303Z,lsm6dso acceleration sensor,4.501099,-0.5482722,0.92655605,3
867233185501676,2024-03-07T17:41:44.314Z,lsm6dso acceleration sensor,3.3207579,0.12689269,1.0582372,3
867233195500442,2024-03-07T17:41:44.324Z,lsm6dso acceleration sensor,2.9759927,0.38067806,0.9624691,3
867233205499208,2024-03-07T17:41:44.334Z,lsm6dso acceleration sensor,2.6120741,0.6344634,0.5291186,3
867233215497541,2024-03-07T17:41:44.344Z,lsm6dso acceleration sensor,2.72939,0.6607997,0.1388637,3
867233225496307,2024-03-07T17:41:44.354Z,lsm6dso acceleration sensor,3.2273839,0.45729253,-0.23223756,3
867233235495073,2024-03-07T17:41:44.364Z,lsm6dso acceleration sensor,3.5913026,0.33518824,-0.22026655,3
867233245493773,2024-03-07T17:41:44.374Z,lsm6dso acceleration sensor,4.235343,0.1436521,0.038307227,3
867233255492539,2024-03-07T17:41:44.384Z,lsm6dso acceleration sensor,4.6495395,0.08619126,0.25857377,3
867233265491305,2024-03-07T17:41:44.394Z,lsm6dso acceleration sensor,5.822998,0.011971008,0.6368576,3
867233275490005,2024-03-07T17:41:44.404Z,lsm6dso acceleration sensor,6.6418147,-0.016759412,0.91937345,3
867233285488771,2024-03-07T17:41:44.414Z,lsm6dso acceleration sensor,7.826945,-0.009576807,1.4149733,3
867233295487537,2024-03-07T17:41:44.423Z,lsm6dso acceleration sensor,8.451831,-0.06703765,1.7860745,3
867233305486237,2024-03-07T17:41:44.434Z,lsm6dso acceleration sensor,9.2347355,-0.20111294,2.44448,3
867233315485003,2024-03-07T17:41:44.444Z,lsm6dso acceleration sensor,9.565135,-0.2801216,2.834735,3
867233325483736,2024-03-07T17:41:44.454Z,lsm6dso acceleration sensor,10.233117,-0.4309563,3.2609026,3
867233335482469,2024-03-07T17:41:44.464Z,lsm6dso acceleration sensor,10.922647,-0.521936,3.3638535,3
867233345481202,2024-03-07T17:41:44.474Z,lsm6dso acceleration sensor,12.390293,-0.6799533,3.3446999,3
867233355479935,2024-03-07T17:41:44.484Z,lsm6dso acceleration sensor,12.950537,-0.78769237,3.2704794,3
867233365478668,2024-03-07T17:41:44.494Z,lsm6dso acceleration sensor,13.204322,-1.151611,3.0789435,3
867233375477401,2024-03-07T17:41:44.504Z,lsm6dso acceleration sensor,13.07264,-1.352724,2.8993783,3
867233385476067,2024-03-07T17:41:44.514Z,lsm6dso acceleration sensor,12.912229,-1.7501614,2.707842,3
867233395474800,2024-03-07T17:41:44.524Z,lsm6dso acceleration sensor,12.960114,-1.9033904,2.815581,3
867233405473533,2024-03-07T17:41:44.534Z,lsm6dso acceleration sensor,13.711892,-1.9033904,3.2130187,3
867233415472199,2024-03-07T17:41:44.544Z,lsm6dso acceleration sensor,14.145243,-1.6496049,3.2872388,3
867233425470932,2024-03-07T17:41:44.554Z,lsm6dso acceleration sensor,14.952388,-0.80924016,3.3518825,3
867233435469698,2024-03-07T17:41:44.564Z,lsm6dso acceleration sensor,14.959571,-0.272939,3.4117374,3
867233445469164,2024-03-07T17:41:44.574Z,lsm6dso acceleration sensor,14.324808,0.7445967,4.1683054,3
867233455468864,2024-03-07T17:41:44.584Z,lsm6dso acceleration sensor,14.030321,1.1061212,4.757279,3
867233465468330,2024-03-07T17:41:44.593Z,lsm6dso acceleration sensor,13.65922,1.5298948,6.6011133,3
867233475468030,2024-03-07T17:41:44.604Z,lsm6dso acceleration sensor,13.168408,1.4676456,7.048829,3
867233485466796,2024-03-07T17:41:44.614Z,lsm6dso acceleration sensor,10.2139635,1.0055647,6.359299,3
867233495465496,2024-03-07T17:41:44.624Z,lsm6dso acceleration sensor,8.894758,0.93613285,7.118261,3
867233505464262,2024-03-07T17:41:44.634Z,lsm6dso acceleration sensor,7.486968,1.3192052,7.664139,3
867233515463462,2024-03-07T17:41:44.644Z,lsm6dso acceleration sensor,6.428731,1.5753847,7.439084,3
867233525462162,2024-03-07T17:41:44.654Z,lsm6dso acceleration sensor,5.882853,1.7980455,6.8860235,3
867233535460928,2024-03-07T17:41:44.664Z,lsm6dso acceleration sensor,7.0081277,1.9919758,6.208464,3
867233545459694,2024-03-07T17:41:44.673Z,lsm6dso acceleration sensor,8.961796,2.1045034,5.382465,3
867233555458394,2024-03-07T17:41:44.684Z,lsm6dso acceleration sensor,9.9434185,2.1763294,5.538088,3
867233565457160,2024-03-07T17:41:44.694Z,lsm6dso acceleration sensor,10.276213,2.3415294,6.136638,3
867233575455926,2024-03-07T17:41:44.704Z,lsm6dso acceleration sensor,10.077495,2.4516625,6.1677628,3
867233585454692,2024-03-07T17:41:44.713Z,lsm6dso acceleration sensor,9.44303,2.3199813,5.8397574,3
867233595453458,2024-03-07T17:41:44.724Z,lsm6dso acceleration sensor,9.103054,1.8148049,5.777508,3
867233605452224,2024-03-07T17:41:44.734Z,lsm6dso acceleration sensor,8.253113,0.6512229,4.5633483,3
867233615450990,2024-03-07T17:41:44.744Z,lsm6dso acceleration sensor,7.4438725,-0.1388637,3.8139634,3
867233625449756,2024-03-07T17:41:44.754Z,lsm6dso acceleration sensor,6.598719,-1.4437037,3.6631286,3
867233635448456,2024-03-07T17:41:44.764Z,lsm6dso acceleration sensor,6.323386,-1.8866309,3.3638535,3
867233645447222,2024-03-07T17:41:44.774Z,lsm6dso acceleration sensor,6.1055136,-2.1691468,2.384625,3
867233655445988,2024-03-07T17:41:44.784Z,lsm6dso acceleration sensor,6.2611365,-2.0087352,1.6879122,3
867233665444721,2024-03-07T17:41:44.794Z,lsm6dso acceleration sensor,6.6513915,-1.2234371,0.9888053,3
867233675443521,2024-03-07T17:41:44.804Z,lsm6dso acceleration sensor,6.857293,-0.7350199,1.2689269,3
867233685442421,2024-03-07T17:41:44.814Z,lsm6dso acceleration sensor,6.8405337,0.5315128,1.9656396,3
867233695441321,2024-03-07T17:41:44.824Z,lsm6dso acceleration sensor,6.438308,1.2090719,2.1667526,3
867233705440287,2024-03-07T17:41:44.834Z,lsm6dso acceleration sensor,5.758354,2.111686,2.4636335,3
867233715439287,2024-03-07T17:41:44.844Z,lsm6dso acceleration sensor,5.3920417,2.3175871,2.7126305,3
867233725438287,2024-03-07T17:41:44.854Z,lsm6dso acceleration sensor,5.2364182,2.1499932,3.1747115,3
867233735437287,2024-03-07T17:41:44.864Z,lsm6dso acceleration sensor,5.2483892,1.8267759,3.0095115,3
867233745436287,2024-03-07T17:41:44.874Z,lsm6dso acceleration sensor,5.3561287,1.2617443,2.3056161,3
867233755435353,2024-03-07T17:41:44.884Z,lsm6dso acceleration sensor,5.538088,0.8882488,1.7477672,3
867233765434419,2024-03-07T17:41:44.894Z,lsm6dso acceleration sensor,6.1174846,0.4357447,1.2090719,3
867233775433419,2024-03-07T17:41:44.904Z,lsm6dso acceleration sensor,6.368876,0.2681506,1.0965444,3
867233785432485,2024-03-07T17:41:44.914Z,lsm6dso acceleration sensor,6.3521166,0.19153613,1.1252748,3
867233795431551,2024-03-07T17:41:44.924Z,lsm6dso acceleration sensor,6.404789,0.2633622,1.1061212,3
867233805430551,2024-03-07T17:41:44.934Z,lsm6dso acceleration sensor,6.8477163,0.51954174,1.2354081,3
867233815429617,2024-03-07T17:41:44.944Z,lsm6dso acceleration sensor,7.1374145,0.641646,1.2856863,3
867233825428683,2024-03-07T17:41:44.954Z,lsm6dso acceleration sensor,7.901165,0.8331822,1.0606314,3
867233835427749,2024-03-07T17:41:44.963Z,lsm6dso acceleration sensor,8.360851,0.91219085,0.8571242,3
867233845426815,2024-03-07T17:41:44.974Z,lsm6dso acceleration sensor,8.9641905,0.8571242,0.56982,3
867233855425881,2024-03-07T17:41:44.983Z,lsm6dso acceleration sensor,9.182063,0.79966336,0.6703765,3
867233865424947,2024-03-07T17:41:44.993Z,lsm6dso acceleration sensor,9.364022,0.770933,0.9959879,3
867233875424013,2024-03-07T17:41:45.004Z,lsm6dso acceleration sensor,9.31135,0.7613561,1.2593501,3
867233885423013,2024-03-07T17:41:45.014Z,lsm6dso acceleration sensor,9.541193,0.878672,2.006341,3
867233895422079,2024-03-07T17:41:45.024Z,lsm6dso acceleration sensor,9.773431,0.89064306,2.2816741,3
867233905421145,2024-03-07T17:41:45.034Z,lsm6dso acceleration sensor,10.518027,0.94570965,2.789245,3
867233915420145,2024-03-07T17:41:45.044Z,lsm6dso acceleration sensor,10.8987055,1.0031705,3.2632968,3
867233925419211,2024-03-07T17:41:45.054Z,lsm6dso acceleration sensor,11.748647,1.2808979,3.9336734,3
867233935418277,2024-03-07T17:41:45.064Z,lsm6dso acceleration sensor,12.387898,1.5658079,4.000711,3
867233945417343,2024-03-07T17:41:45.074Z,lsm6dso acceleration sensor,14.181156,2.0015526,3.9863458,3
867233955416409,2024-03-07T17:41:45.084Z,lsm6dso acceleration sensor,15.474324,2.2098482,4.1659107,3
867233965415442,2024-03-07T17:41:45.094Z,lsm6dso acceleration sensor,15.859791,2.195483,4.9515085,3
867233975414475,2024-03-07T17:41:45.104Z,lsm6dso acceleration sensor,15.237298,2.0278888,5.5237226,3
867233985413408,2024-03-07T17:41:45.113Z,lsm6dso acceleration sensor,14.3774805,1.3838485,6.426337,3
867233995412274,2024-03-07T17:41:45.124Z,lsm6dso acceleration sensor,14.173973,0.92176765,6.6418147,3
867234005411140,2024-03-07T17:41:45.134Z,lsm6dso acceleration sensor,13.168408,-0.4405331,6.914754,3
867234015409973,2024-03-07T17:41:45.144Z,lsm6dso acceleration sensor,12.184392,-1.4796166,7.156568,3
867234025408739,2024-03-07T17:41:45.154Z,lsm6dso acceleration sensor,10.118196,-2.1571758,6.8165917,3
867234035407539,2024-03-07T17:41:45.163Z,lsm6dso acceleration sensor,8.672098,-2.7126305,7.319374,3
867234045406272,2024-03-07T17:41:45.174Z,lsm6dso acceleration sensor,7.307403,-3.4931402,6.938696,3
867234055404938,2024-03-07T17:41:45.184Z,lsm6dso acceleration sensor,7.532458,-4.0318356,6.739977,3
867234065403671,2024-03-07T17:41:45.194Z,lsm6dso acceleration sensor,9.213187,-4.474763,6.4478846,3
867234075402404,2024-03-07T17:41:45.204Z,lsm6dso acceleration sensor,10.448595,-4.453215,6.1893106,3
867234085401137,2024-03-07T17:41:45.214Z,lsm6dso acceleration sensor,12.351986,-4.122815,6.320992,3
867234095399870,2024-03-07T17:41:45.224Z,lsm6dso acceleration sensor,13.130101,-3.6152446,6.9817915,3
867234105398603,2024-03-07T17:41:45.234Z,lsm6dso acceleration sensor,12.725481,-2.2625206,8.236353,3
867234115397336,2024-03-07T17:41:45.244Z,lsm6dso acceleration sensor,12.062287,-1.3311762,8.53084,3
867234125396069,2024-03-07T17:41:45.254Z,lsm6dso acceleration sensor,10.948983,0.031124622,8.899547,3
867234135394735,2024-03-07T17:41:45.264Z,lsm6dso acceleration sensor,9.850045,0.6991069,9.067142,3
867234145393468,2024-03-07T17:41:45.274Z,lsm6dso acceleration sensor,7.925107,1.0414777,8.059182,3
867234155391534,2024-03-07T17:41:45.284Z,lsm6dso acceleration sensor,7.3385277,0.9935937,7.4917564,3
867234165389534,2024-03-07T17:41:45.294Z,lsm6dso acceleration sensor,7.084742,0.51954174,5.868488,3
867234175387600,2024-03-07T17:41:45.304Z,lsm6dso acceleration sensor,7.0919247,0.009576807,4.8841715,3
867234185385433,2024-03-07T17:41:45.314Z,lsm6dso acceleration sensor,6.9219365,-0.9600749,2.9879637,3
867234195384199,2024-03-07T17:41:45.324Z,lsm6dso acceleration sensor,6.902783,-1.2641385,1.5729905,3
867234205382965,2024-03-07T17:41:45.334Z,lsm6dso acceleration sensor,6.905177,-1.5969325,0.90021986,3
867234215381731,2024-03-07T17:41:45.344Z,lsm6dso acceleration sensor,6.548441,-1.5634137,1.055843,3
867234225380497,2024-03-07T17:41:45.354Z,lsm6dso acceleration sensor,5.360917,-1.2904748,1.3862427,3
867234235379263,2024-03-07T17:41:45.364Z,lsm6dso acceleration sensor,4.5657425,-1.0390835,1.484405,3
867234245377963,2024-03-07T17:41:45.374Z,lsm6dso acceleration sensor,3.5529952,-0.5770026,1.4437037,3
867234255376729,2024-03-07T17:41:45.384Z,lsm6dso acceleration sensor,3.4284968,-0.34715924,1.4293385,3
867234265375495,2024-03-07T17:41:45.394Z,lsm6dso acceleration sensor,3.655946,-0.02633622,1.4341269,3
867234275374195,2024-03-07T17:41:45.404Z,lsm6dso acceleration sensor,3.940856,0.050278235,1.340753,3
867234285372961,2024-03-07T17:41:45.414Z,lsm6dso acceleration sensor,4.5777135,0.11971009,1.2138603,3
867234295371727,2024-03-07T17:41:45.424Z,lsm6dso acceleration sensor,5.0113635,0.11252748,1.2761095,3
867234305370427,2024-03-07T17:41:45.434Z,lsm6dso acceleration sensor,5.564424,0.0023942017,1.340753,3
867234315369193,2024-03-07T17:41:45.444Z,lsm6dso acceleration sensor,5.80145,0.016759412,1.3934253,3
867234325367959,2024-03-07T17:41:45.453Z,lsm6dso acceleration sensor,6.2826843,0.074220255,1.7621324,3
867234335366725,2024-03-07T17:41:45.464Z,lsm6dso acceleration sensor,6.6896987,0.09816227,1.8890251,3
867234345365491,2024-03-07T17:41:45.473Z,lsm6dso acceleration sensor,7.606678,0.04070143,1.9416976,3
867234355364257,2024-03-07T17:41:45.484Z,lsm6dso acceleration sensor,7.939472,0.016759412,2.087744,3
867234365363023,2024-03-07T17:41:45.494Z,lsm6dso acceleration sensor,8.652945,-0.01436521,2.8778305,3
867234375361789,2024-03-07T17:41:45.504Z,lsm6dso acceleration sensor,9.076718,-0.01436521,3.2561142,3
867234385360489,2024-03-07T17:41:45.514Z,lsm6dso acceleration sensor,10.201993,-0.19632454,3.6966474,3
867234395359255,2024-03-07T17:41:45.524Z,lsm6dso acceleration sensor,11.248259,-0.45010993,3.9911342,3
867234405358021,2024-03-07T17:41:45.534Z,lsm6dso acceleration sensor,12.612954,-1.1061212,4.4460325,3
867234415356721,2024-03-07T17:41:45.544Z,lsm6dso acceleration sensor,12.991238,-1.6017209,4.501099,3
867234425355487,2024-03-07T17:41:45.554Z,lsm6dso acceleration sensor,13.343185,-2.516306,4.1659107,3
867234435354253,2024-03-07T17:41:45.564Z,lsm6dso acceleration sensor,13.683162,-2.8658595,3.8139634,3
867234445353019,2024-03-07T17:41:45.573Z,lsm6dso acceleration sensor,14.382269,-3.0334535,3.4261026,3
867234455352452,2024-03-07T17:41:45.584Z,lsm6dso acceleration sensor,14.717756,-2.9783869,3.6272156,3
867234465351885,2024-03-07T17:41:45.594Z,lsm6dso acceleration sensor,14.961965,-2.4588451,3.9097314,3
867234475351318,2024-03-07T17:41:45.604Z,lsm6dso acceleration sensor,14.904504,-2.0111294,3.8762126,3
867234485350984,2024-03-07T17:41:45.614Z,lsm6dso acceleration sensor,14.1308775,-1.0749966,4.369418,3
867234495349650,2024-03-07T17:41:45.624Z,lsm6dso acceleration sensor,13.714287,-0.4165911,4.94672,3
867234505348383,2024-03-07T17:41:45.634Z,lsm6dso acceleration sensor,12.545917,0.7015011,5.308244,3
867234515347116,2024-03-07T17:41:45.643Z,lsm6dso acceleration sensor,11.796531,1.2497733,5.23163,3
867234525345782,2024-03-07T17:41:45.654Z,lsm6dso acceleration sensor,11.485285,1.6400281,5.3800707,3
867234535344515,2024-03-07T17:41:45.664Z,lsm6dso acceleration sensor,11.030387,1.4580688,5.372888,3
867234545343248,2024-03-07T17:41:45.674Z,lsm6dso acceleration sensor,9.012074,1.1228806,5.418378,3
867234555341948,2024-03-07T17:41:45.684Z,lsm6dso acceleration sensor,8.01848,1.0965444,5.957073,3
867234565340714,2024-03-07T17:41:45.694Z,lsm6dso acceleration sensor,6.3736644,1.3311762,6.2108583,3
867234575339480,2024-03-07T17:41:45.704Z,lsm6dso acceleration sensor,5.777508,1.5658079,5.964256,3
867234585338246,2024-03-07T17:41:45.714Z,lsm6dso acceleration sensor,7.0799537,2.066196,5.976227,3
867234595337012,2024-03-07T17:41:45.724Z,lsm6dso acceleration sensor,8.585907,2.3894134,5.9977746,3
867234605335778,2024-03-07T17:41:45.733Z,lsm6dso acceleration sensor,10.106225,2.5570073,6.1988873,3
867234615334544,2024-03-07T17:41:45.744Z,lsm6dso acceleration sensor,10.594642,2.6288335,6.9123597,3
867234625333310,2024-03-07T17:41:45.753Z,lsm6dso acceleration sensor,10.601825,2.4851813,8.178892,3
867234635332010,2024-03-07T17:41:45.764Z,lsm6dso acceleration sensor,10.290578,2.1523874,8.380005,3
867234645330776,2024-03-07T17:41:45.774Z,lsm6dso acceleration sensor,9.411906,1.3335704,7.690475,3
867234655329542,2024-03-07T17:41:45.784Z,lsm6dso acceleration sensor,9.069535,0.81402856,6.7136407,3
867234665328242,2024-03-07T17:41:45.794Z,lsm6dso acceleration sensor,8.427889,-0.08379706,5.1765633,3
867234675327008,2024-03-07T17:41:45.804Z,lsm6dso acceleration sensor,7.9658084,-0.5386954,4.4436383,3
867234685325774,2024-03-07T17:41:45.814Z,lsm6dso acceleration sensor,7.0272813,-0.94331545,2.9376855,3
867234695324540,2024-03-07T17:41:45.824Z,lsm6dso acceleration sensor,6.6873045,-0.8451532,2.1428106,3
867234705323306,2024-03-07T17:41:45.834Z,lsm6dso acceleration sensor,6.2874727,-0.21547815,1.1659763,3
867234715322072,2024-03-07T17:41:45.844Z,lsm6dso acceleration sensor,6.292261,0.1436521,1.2569559,3
867234725320838,2024-03-07T17:41:45.853Z,lsm6dso acceleration sensor,6.2395887,0.9840169,1.5275006,3
867234735319604,2024-03-07T17:41:45.864Z,lsm6dso acceleration sensor,6.002563,1.4460979,1.5945383,3
867234745318304,2024-03-07T17:41:45.874Z,lsm6dso acceleration sensor,5.2172647,2.1930888,1.757344,3
867234755317070,2024-03-07T17:41:45.883Z,lsm6dso acceleration sensor,4.582502,2.3319526,1.7741034,3
867234765315870,2024-03-07T17:41:45.894Z,lsm6dso acceleration sensor,4.0054994,2.1883004,1.8004397,3
867234775314636,2024-03-07T17:41:45.904Z,lsm6dso acceleration sensor,3.86903,1.8602947,1.673547,3
867234785313469,2024-03-07T17:41:45.914Z,lsm6dso acceleration sensor,4.120421,1.0271125,1.3934253,3
867234795312369,2024-03-07T17:41:45.924Z,lsm6dso acceleration sensor,4.4364557,0.5626374,1.2186487,3
867234805311202,2024-03-07T17:41:45.934Z,lsm6dso acceleration sensor,4.841076,0.007182605,0.91697925,3
867234815310102,2024-03-07T17:41:45.944Z,lsm6dso acceleration sensor,5.1191025,-0.20590134,0.9744401,3
867234825309002,2024-03-07T17:41:45.954Z,lsm6dso acceleration sensor,5.6410384,-0.24420857,1.1611878,3
867234835307902,2024-03-07T17:41:45.963Z,lsm6dso acceleration sensor,5.9379196,-0.17477672,1.2234371,3
867234845306802,2024-03-07T17:41:45.973Z,lsm6dso acceleration sensor,6.4957685,0.1364695,1.3239936,3
867234855305668,2024-03-07T17:41:45.984Z,lsm6dso acceleration sensor,6.914754,0.35434186,1.3982137,3
867234865304534,2024-03-07T17:41:45.994Z,lsm6dso acceleration sensor,7.913136,0.6607997,1.3192052,3
867234875303400,2024-03-07T17:41:46.004Z,lsm6dso acceleration sensor,8.717587,0.830788,1.2497733,3
867234885302200,2024-03-07T17:41:46.014Z,lsm6dso acceleration sensor,10.132561,0.9672575,1.5634137,3
867234895301066,2024-03-07T17:41:46.024Z,lsm6dso acceleration sensor,10.5563345,1.0702082,2.018312,3
867234905299932,2024-03-07T17:41:46.034Z,lsm6dso acceleration sensor,10.865187,1.3311762,3.2561142,3
867234915298732,2024-03-07T17:41:46.044Z,lsm6dso acceleration sensor,10.88434,1.5777789,3.4572272,3
867234925297598,2024-03-07T17:41:46.054Z,lsm6dso acceleration sensor,10.8029375,1.8770541,3.217807,3
867234935296464,2024-03-07T17:41:46.063Z,lsm6dso acceleration sensor,10.999262,1.9632454,3.3087866,3
867234945295330,2024-03-07T17:41:46.074Z,lsm6dso acceleration sensor,11.753435,2.006341,3.7253778,3
867234955294196,2024-03-07T17:41:46.084Z,lsm6dso acceleration sensor,12.277765,2.0326772,3.9240966,3
867234965293062,2024-03-07T17:41:46.094Z,lsm6dso acceleration sensor,13.0798235,2.0254946,4.367024,3
867234975291928,2024-03-07T17:41:46.104Z,lsm6dso acceleration sensor,13.333609,2.0566192,4.783615,3
867234985290794,2024-03-07T17:41:46.114Z,lsm6dso acceleration sensor,13.20911,2.0518308,5.076007,3
867234995289594,2024-03-07T17:41:46.124Z,lsm6dso acceleration sensor,13.077429,1.9680338,5.0329113,3
867235005288460,2024-03-07T17:41:46.134Z,lsm6dso acceleration sensor,12.957719,1.6903064,5.207688,3
867235015287326,2024-03-07T17:41:46.144Z,lsm6dso acceleration sensor,12.653655,1.4341269,5.588366,3
867235025286126,2024-03-07T17:41:46.154Z,lsm6dso acceleration sensor,12.198757,0.80924016,6.6633625,3
867235035284992,2024-03-07T17:41:46.163Z,lsm6dso acceleration sensor,11.662456,0.41180268,6.977003,3
867235045283858,2024-03-07T17:41:46.174Z,lsm6dso acceleration sensor,9.98412,-0.05746084,7.276278,3
867235055282658,2024-03-07T17:41:46.184Z,lsm6dso acceleration sensor,9.325715,-0.30166942,7.498939,3
867235065281491,2024-03-07T17:41:46.194Z,lsm6dso acceleration sensor,8.614637,-1.1420342,7.7192054,3
867235075280291,2024-03-07T17:41:46.204Z,lsm6dso acceleration sensor,8.65055,-1.8555063,7.3864117,3
867235085279091,2024-03-07T17:41:46.214Z,lsm6dso acceleration sensor,9.852439,-3.3638535,6.1414266,3
867235095277824,2024-03-07T17:41:46.224Z,lsm6dso acceleration sensor,11.341633,-4.3502645,5.7631426,3
867235105276557,2024-03-07T17:41:46.234Z,lsm6dso acceleration sensor,12.89547,-5.5237226,5.3561287,3
867235115275290,2024-03-07T17:41:46.244Z,lsm6dso acceleration sensor,12.622531,-5.585972,5.394436,3
867235125274023,2024-03-07T17:41:46.253Z,lsm6dso acceleration sensor,11.36318,-4.5154643,6.107908,3
867235135272689,2024-03-07T17:41:46.264Z,lsm6dso acceleration sensor,10.185233,-3.6008794,6.9195423,3
867235145271422,2024-03-07T17:41:46.274Z,lsm6dso acceleration sensor,9.45979,-1.922544,8.451831,3
867235155269455,2024-03-07T17:41:46.284Z,lsm6dso acceleration sensor,9.617807,-0.9983821,8.789413,3
867235165267188,2024-03-07T17:41:46.294Z,lsm6dso acceleration sensor,10.003274,0.29688102,8.655338,3
867235175265221,2024-03-07T17:41:46.304Z,lsm6dso acceleration sensor,9.941025,0.6727707,8.090307,3
867235185263054,2024-03-07T17:41:46.314Z,lsm6dso acceleration sensor,9.569923,1.0845734,6.905177,3
867235195260887,2024-03-07T17:41:46.324Z,lsm6dso acceleration sensor,9.285013,1.1851299,6.407183,3
867235205260253,2024-03-07T17:41:46.333Z,lsm6dso acceleration sensor,8.284237,0.8571242,5.6170964,3
867235215259019,2024-03-07T17:41:46.344Z,lsm6dso acceleration sensor,7.728782,0.5506664,5.1047373,3
867235225257785,2024-03-07T17:41:46.354Z,lsm6dso acceleration sensor,7.190087,-0.24420857,3.881001,3
867235235255851,2024-03-07T17:41:46.364Z,lsm6dso acceleration sensor,7.156568,-0.60094464,3.335123,3
867235245254551,2024-03-07T17:41:46.374Z,lsm6dso acceleration sensor,7.0033393,-1.1133038,2.7964275,3
867235255253317,2024-03-07T17:41:46.384Z,lsm6dso acceleration sensor,6.7926493,-1.2258313,2.6431987,3
867235265252083,2024-03-07T17:41:46.393Z,lsm6dso acceleration sensor,6.052841,-1.1468226,2.315193,3
867235275250783,2024-03-07T17:41:46.404Z,lsm6dso acceleration sensor,5.633856,-0.9576807,2.2050598,3
867235285249549,2024-03-07T17:41:46.414Z,lsm6dso acceleration sensor,5.0448823,-0.59376204,2.1140802,3
867235295248315,2024-03-07T17:41:46.424Z,lsm6dso acceleration sensor,4.735731,-0.40701428,2.0925324,3
867235305247015,2024-03-07T17:41:46.433Z,lsm6dso acceleration sensor,4.333505,-0.08619126,1.9512744,3
867235315245781,2024-03-07T17:41:46.444Z,lsm6dso acceleration sensor,4.110844,0.10055647,1.7070658,3
867235325244547,2024-03-07T17:41:46.454Z,lsm6dso acceleration sensor,3.6990416,0.50278234,1.4269443,3
867235335243313,2024-03-07T17:41:46.464Z,lsm6dso acceleration sensor,3.5936968,0.6464345,1.5370775,3
867235345242079,2024-03-07T17:41:46.473Z,lsm6dso acceleration sensor,3.5697548,0.81402856,1.4460979,3
867235355240845,2024-03-07T17:41:46.484Z,lsm6dso acceleration sensor,3.6463692,0.878672,1.316811,3
867235365239611,2024-03-07T17:41:46.494Z,lsm6dso acceleration sensor,4.132392,0.94810385,1.0007763,3
867235375238377,2024-03-07T17:41:46.504Z,lsm6dso acceleration sensor,4.5034933,0.9696517,0.94570965,3
867235385237077,2024-03-07T17:41:46.514Z,lsm6dso acceleration sensor,5.5069633,0.8810662,1.1300632,3
867235395235843,2024-03-07T17:41:46.524Z,lsm6dso acceleration sensor,6.1150904,0.7374141,1.2904748,3
867235405234609,2024-03-07T17:41:46.534Z,lsm6dso acceleration sensor,7.000945,0.46208093,1.5442601,3
867235415233309,2024-03-07T17:41:46.544Z,lsm6dso acceleration sensor,7.2930374,0.23942018,1.8243817,3
867235425232075,2024-03-07T17:41:46.554Z,lsm6dso acceleration sensor,7.728782,-0.11731588,2.5187001,3
867235435230841,2024-03-07T17:41:46.564Z,lsm6dso acceleration sensor,8.15495,-0.23942018,2.873042,3
867235445229607,2024-03-07T17:41:46.574Z,lsm6dso acceleration sensor,9.325715,-0.45729253,3.3614593,3
867235455229073,2024-03-07T17:41:46.583Z,lsm6dso acceleration sensor,10.225935,-0.6392518,3.7086184,3
867235465228773,2024-03-07T17:41:46.594Z,lsm6dso acceleration sensor,12.177209,-1.0366893,4.027047,3
867235475228239,2024-03-07T17:41:46.604Z,lsm6dso acceleration sensor,13.098977,-1.3838485,4.1395745,3
867235485227905,2024-03-07T17:41:46.614Z,lsm6dso acceleration sensor,13.798083,-2.006341,4.5920787,3
867235495227505,2024-03-07T17:41:46.624Z,lsm6dso acceleration sensor,13.671191,-2.1978772,4.55856,3
867235505225638,2024-03-07T17:41:46.634Z,lsm6dso acceleration sensor,13.874698,-2.291251,3.9384618,3
867235515224371,2024-03-07T17:41:46.643Z,lsm6dso acceleration sensor,14.169185,-2.336741,3.4500446,3
867235525223037,2024-03-07T17:41:46.654Z,lsm6dso acceleration sensor,14.592958,-2.4181437,3.2273839,3
867235535222470,2024-03-07T17:41:46.664Z,lsm6dso acceleration sensor,14.67915,-2.3319526,3.3638535,3
867235545221203,2024-03-07T17:41:46.674Z,lsm6dso acceleration sensor,14.322413,-2.0231004,3.6176388,3
867235555219869,2024-03-07T17:41:46.684Z,lsm6dso acceleration sensor,13.750199,-1.6400281,3.7110126,3
867235565218602,2024-03-07T17:41:46.694Z,lsm6dso acceleration sensor,12.390293,-0.7398083,3.8355112,3
867235575217335,2024-03-07T17:41:46.704Z,lsm6dso acceleration sensor,11.485285,-0.19393034,3.787627,3
867235585216068,2024-03-07T17:41:46.714Z,lsm6dso acceleration sensor,10.391134,0.7326257,3.3494883,3
867235595214834,2024-03-07T17:41:46.724Z,lsm6dso acceleration sensor,10.264242,1.1779473,3.347094,3
867235605213600,2024-03-07T17:41:46.734Z,lsm6dso acceleration sensor,10.008062,1.7621324,3.3782187,3
867235615212366,2024-03-07T17:41:46.744Z,lsm6dso acceleration sensor,9.768642,1.8579005,3.4165258,3
867235625211132,2024-03-07T17:41:46.754Z,lsm6dso acceleration sensor,9.2586775,1.7046716,3.6966474,3
867235635209832,2024-03-07T17:41:46.764Z,lsm6dso acceleration sensor,8.69604,1.5586253,4.3167458,3
867235645208598,2024-03-07T17:41:46.774Z,lsm6dso acceleration sensor,7.633014,1.8818425,5.75596,3
867235655207364,2024-03-07T17:41:46.784Z,lsm6dso acceleration sensor,6.977003,2.0853498,6.2156467,3
867235665206064,2024-03-07T17:41:46.794Z,lsm6dso acceleration sensor,6.347328,2.6240451,5.818209,3
867235675204830,2024-03-07T17:41:46.803Z,lsm6dso acceleration sensor,6.4239426,2.528277,6.4598556,3
867235685203596,2024-03-07T17:41:46.814Z,lsm6dso acceleration sensor,7.6617446,2.789245,6.790255,3
867235695202362,2024-03-07T17:41:46.824Z,lsm6dso acceleration sensor,8.396765,2.8491,7.0081277,3
867235705201128,2024-03-07T17:41:46.834Z,lsm6dso acceleration sensor,9.574712,2.516306,7.621043,3
867235715199894,2024-03-07T17:41:46.844Z,lsm6dso acceleration sensor,10.158897,2.2625206,7.951443,3
867235725198660,2024-03-07T17:41:46.854Z,lsm6dso acceleration sensor,10.946589,1.6663644,8.377611,3
867235735197426,2024-03-07T17:41:46.864Z,lsm6dso acceleration sensor,11.197981,1.3263878,8.186075,3
867235745196126,2024-03-07T17:41:46.874Z,lsm6dso acceleration sensor,10.656891,0.8475474,6.682516,3
867235755194892,2024-03-07T17:41:46.884Z,lsm6dso acceleration sensor,10.017639,0.60333884,5.880459,3
867235765193658,2024-03-07T17:41:46.893Z,lsm6dso acceleration sensor,9.134179,0.34715924,4.6902413,3
867235775192358,2024-03-07T17:41:46.903Z,lsm6dso acceleration sensor,8.672098,0.2777274,3.7325604,3
867235785191124,2024-03-07T17:41:46.914Z,lsm6dso acceleration sensor,7.84131,0.39025488,2.5450363,3
867235795189890,2024-03-07T17:41:46.924Z,lsm6dso acceleration sensor,7.484574,0.5482722,2.2888567,3
867235805188623,2024-03-07T17:41:46.934Z,lsm6dso acceleration sensor,6.7016697,1.0031705,2.4372973,3
867235815187423,2024-03-07T17:41:46.943Z,lsm6dso acceleration sensor,6.4502788,1.1971009,2.6144683,3
867235825186323,2024-03-07T17:41:46.954Z,lsm6dso acceleration sensor,5.904401,1.5275006,2.2122424,3
867235835185223,2024-03-07T17:41:46.964Z,lsm6dso acceleration sensor,5.552453,1.5945383,1.8531121,3
867235845184189,2024-03-07T17:41:46.974Z,lsm6dso acceleration sensor,5.0448823,1.4149733,1.3335704,3
867235855183189,2024-03-07T17:41:46.984Z,lsm6dso acceleration sensor,4.771644,1.1659763,1.0773908,3
867235865182189,2024-03-07T17:41:46.994Z,lsm6dso acceleration sensor,4.4795513,0.6512229,0.80924016,3
867235875181222,2024-03-07T17:41:47.004Z,lsm6dso acceleration sensor,4.441244,0.3184288,0.8451532,3
867235885180222,2024-03-07T17:41:47.014Z,lsm6dso acceleration sensor,4.4939165,-0.06464344,1.0079589,3
867235895179255,2024-03-07T17:41:47.024Z,lsm6dso acceleration sensor,4.584896,-0.18674773,1.043872,3
867235905178355,2024-03-07T17:41:47.034Z,lsm6dso acceleration sensor,5.087978,-0.24420857,1.3239936,3
867235915177388,2024-03-07T17:41:47.044Z,lsm6dso acceleration sensor,5.550059,-0.1604115,1.508347,3
867235925176488,2024-03-07T17:41:47.054Z,lsm6dso acceleration sensor,6.378453,0.07182605,1.5729905,3
867235935175588,2024-03-07T17:41:47.064Z,lsm6dso acceleration sensor,6.8860235,0.30166942,1.4556746,3
867235945174688,2024-03-07T17:41:47.074Z,lsm6dso acceleration sensor,7.867646,0.6919243,1.3120226,3
867235955173788,2024-03-07T17:41:47.084Z,lsm6dso acceleration sensor,8.293814,0.8523358,1.3359646,3
867235965172888,2024-03-07T17:41:47.094Z,lsm6dso acceleration sensor,9.17488,1.0630256,1.685518,3
867235975171988,2024-03-07T17:41:47.104Z,lsm6dso acceleration sensor,9.45979,1.1252748,1.9488802,3
867235985171088,2024-03-07T17:41:47.114Z,lsm6dso acceleration sensor,9.426271,1.2042835,2.267309,3
867235995170121,2024-03-07T17:41:47.124Z,lsm6dso acceleration sensor,9.196428,1.30484,2.3942018,3
867236005169221,2024-03-07T17:41:47.134Z,lsm6dso acceleration sensor,8.942642,1.6041151,2.540248,3
867236015168321,2024-03-07T17:41:47.144Z,lsm6dso acceleration sensor,9.086295,1.7238252,2.5785553,3
867236025167354,2024-03-07T17:41:47.154Z,lsm6dso acceleration sensor,9.876381,1.8746599,2.645593,3
867236035166454,2024-03-07T17:41:47.164Z,lsm6dso acceleration sensor,10.4845085,1.9297266,2.7964275,3
867236045165554,2024-03-07T17:41:47.173Z,lsm6dso acceleration sensor,11.305719,1.9776106,3.2441432,3
867236055164587,2024-03-07T17:41:47.184Z,lsm6dso acceleration sensor,11.566688,1.99437,3.5482068,3
867236065163687,2024-03-07T17:41:47.194Z,lsm6dso acceleration sensor,11.52838,2.1164744,4.050989,3
867236075162787,2024-03-07T17:41:47.204Z,lsm6dso acceleration sensor,11.365575,2.1930888,4.1683054,3
867236085161887,2024-03-07T17:41:47.214Z,lsm6dso acceleration sensor,11.66485,2.1332338,4.036624,3
867236095160987,2024-03-07T17:41:47.224Z,lsm6dso acceleration sensor,12.222699,1.8866309,3.8402996,3
867236105160053,2024-03-07T17:41:47.234Z,lsm6dso acceleration sensor,13.166015,1.2737153,3.371036,3
867236115159119,2024-03-07T17:41:47.244Z,lsm6dso acceleration sensor,13.362339,0.8762778,3.0334535,3
867236125158085,2024-03-07T17:41:47.254Z,lsm6dso acceleration sensor,12.928988,0.079008654,2.5905263,3
867236135156985,2024-03-07T17:41:47.263Z,lsm6dso acceleration sensor,12.63929,-0.3184288,2.56419,3
867236145155885,2024-03-07T17:41:47.274Z,lsm6dso acceleration sensor,11.269807,-1.460463,2.9233203,3
867236155154051,2024-03-07T17:41:47.284Z,lsm6dso acceleration sensor,10.494085,-1.9369092,3.0621839,3
867236165152351,2024-03-07T17:41:47.294Z,lsm6dso acceleration sensor,8.942642,-2.6551697,3.5362358,3
867236175150484,2024-03-07T17:41:47.303Z,lsm6dso acceleration sensor,8.427889,-2.7030537,3.5553896,3
867236185148350,2024-03-07T17:41:47.314Z,lsm6dso acceleration sensor,9.124602,-1.7357962,3.6631286,3
867236195147150,2024-03-07T17:41:47.324Z,lsm6dso acceleration sensor,9.708787,-1.3958195,4.3239284,3
867236205145883,2024-03-07T17:41:47.333Z,lsm6dso acceleration sensor,10.269031,-1.388637,6.0911484,3
867236215144616,2024-03-07T17:41:47.343Z,lsm6dso acceleration sensor,9.816526,-1.3814543,7.012916,3
867236225143349,2024-03-07T17:41:47.354Z,lsm6dso acceleration sensor,8.482956,-1.4460979,8.15495,3
867236235141382,2024-03-07T17:41:47.364Z,lsm6dso acceleration sensor,8.600272,-1.4532804,8.48535,3
867236245140082,2024-03-07T17:41:47.374Z,lsm6dso acceleration sensor,10.405499,-1.2473791,8.408735,3
867236255138848,2024-03-07T17:41:47.384Z,lsm6dso acceleration sensor,12.107778,-0.9552865,8.205229,3
867236265137614,2024-03-07T17:41:47.393Z,lsm6dso acceleration sensor,14.51395,-0.08619126,8.293814,3
867236275136314,2024-03-07T17:41:47.404Z,lsm6dso acceleration sensor,14.676756,0.47644615,8.475773,3
867236285135080,2024-03-07T17:41:47.414Z,lsm6dso acceleration sensor,12.627319,0.8475474,8.708011,3
867236295133846,2024-03-07T17:41:47.424Z,lsm6dso acceleration sensor,11.188404,0.7613561,8.957007,3
867236305132546,2024-03-07T17:41:47.434Z,lsm6dso acceleration sensor,9.660903,0.61770403,8.51408,3
867236315131312,2024-03-07T17:41:47.444Z,lsm6dso acceleration sensor,9.306561,0.46447513,7.522881,3
867236325130078,2024-03-07T17:41:47.454Z,lsm6dso acceleration sensor,9.270648,-0.02633622,5.7248354,3
867236335128844,2024-03-07T17:41:47.464Z,lsm6dso acceleration sensor,9.036016,-0.59376204,4.817134,3
867236345127610,2024-03-07T17:41:47.474Z,lsm6dso acceleration sensor,8.636185,-1.0726024,2.4779987,3
867236355126376,2024-03-07T17:41:47.484Z,lsm6dso acceleration sensor,8.518868,-1.2282255,1.733402,3
867236365125142,2024-03-07T17:41:47.494Z,lsm6dso acceleration sensor,8.037635,-1.2378023,1.4317327,3
867236375123908,2024-03-07T17:41:47.504Z,lsm6dso acceleration sensor,7.460632,-1.0821792,1.412579,3
867236385122608,2024-03-07T17:41:47.514Z,lsm6dso acceleration sensor,6.124667,-0.58897364,1.3670892,3
867236395121374,2024-03-07T17:41:47.524Z,lsm6dso acceleration sensor,5.406407,-0.24660277,1.5729905,3
867236405120140,2024-03-07T17:41:47.534Z,lsm6dso acceleration sensor,4.4101195,0.20590134,1.6639702,3
867236415118840,2024-03-07T17:41:47.544Z,lsm6dso acceleration sensor,3.8187518,0.4309563,1.4317327,3
867236425117606,2024-03-07T17:41:47.554Z,lsm6dso acceleration sensor,3.383007,0.7062895,1.2162545,3
867236435116372,2024-03-07T17:41:47.564Z,lsm6dso acceleration sensor,3.3566709,0.7517793,1.283292,3
867236445115138,2024-03-07T17:41:47.574Z,lsm6dso acceleration sensor,3.4811692,0.6991069,1.2593501,3
867236455114604,2024-03-07T17:41:47.584Z,lsm6dso acceleration sensor,3.5913026,0.641646,1.0319009,3
867236465113870,2024-03-07T17:41:47.594Z,lsm6dso acceleration sensor,4.177882,0.51954174,0.9600749,3
867236475113336,2024-03-07T17:41:47.604Z,lsm6dso acceleration sensor,4.72376,0.39743748,0.94570965,3
867236485113036,2024-03-07T17:41:47.614Z,lsm6dso acceleration sensor,5.779902,0.1436521,1.0175357,3
867236495111736,2024-03-07T17:41:47.624Z,lsm6dso acceleration sensor,6.3521166,0.009576807,1.1300632,3
867236505110502,2024-03-07T17:41:47.634Z,lsm6dso acceleration sensor,7.3457103,-0.2873042,1.364695,3
867236515109268,2024-03-07T17:41:47.644Z,lsm6dso acceleration sensor,7.7862434,-0.45010993,1.4939818,3
867236525107968,2024-03-07T17:41:47.653Z,lsm6dso acceleration sensor,8.660127,-0.7158663,2.042254,3
867236535107434,2024-03-07T17:41:47.664Z,lsm6dso acceleration sensor,9.095872,-0.85473,2.4660277,3
867236545106167,2024-03-07T17:41:47.674Z,lsm6dso acceleration sensor,9.751883,-1.1420342,3.3039982,3
867236555104833,2024-03-07T17:41:47.683Z,lsm6dso acceleration sensor,10.391134,-1.3383588,3.6487634,3
867236565103566,2024-03-07T17:41:47.694Z,lsm6dso acceleration sensor,11.638514,-1.7764976,3.5482068,3
867236575102299,2024-03-07T17:41:47.704Z,lsm6dso acceleration sensor,12.498033,-2.0614076,3.7325604,3
867236585101032,2024-03-07T17:41:47.714Z,lsm6dso acceleration sensor,13.486837,-2.3558946,4.134786,3
867236595099765,2024-03-07T17:41:47.724Z,lsm6dso acceleration sensor,13.716681,-2.3702598,4.050989,3
867236605098498,2024-03-07T17:41:47.734Z,lsm6dso acceleration sensor,13.65922,-2.1092918,3.7229836,3
867236615097231,2024-03-07T17:41:47.744Z,lsm6dso acceleration sensor,13.424588,-1.910573,4.0198646,3
867236625095964,2024-03-07T17:41:47.754Z,lsm6dso acceleration sensor,13.070247,-1.6304513,4.8865657,3
867236635094630,2024-03-07T17:41:47.764Z,lsm6dso acceleration sensor,12.931382,-1.4748282,5.064036,3
867236645093363,2024-03-07T17:41:47.774Z,lsm6dso acceleration sensor,13.367127,-1.0199299,4.8745947,3
867236655092129,2024-03-07T17:41:47.784Z,lsm6dso acceleration sensor,13.869909,-0.6895301,4.620809,3
867236665090829,2024-03-07T17:41:47.794Z,lsm6dso acceleration sensor,15.131953,0.090979666,4.5753193,3
867236675089595,2024-03-07T17:41:47.804Z,lsm6dso acceleration sensor,15.9100685,0.5770026,4.9132013,3
867236685088361,2024-03-07T17:41:47.814Z,lsm6dso acceleration sensor,14.557046,0.7015011,5.7727194,3
867236695087127,2024-03-07T17:41:47.823Z,lsm6dso acceleration sensor,12.665627,0.46686932,5.9977746,3
867236705085893,2024-03-07T17:41:47.834Z,lsm6dso acceleration sensor,9.150938,0.47884035,7.012916,3
867236715084659,2024-03-07T17:41:47.844Z,lsm6dso acceleration sensor,7.9682026,0.82360536,7.058406,3
867236725083425,2024-03-07T17:41:47.854Z,lsm6dso acceleration sensor,6.8596873,1.7764976,6.488586,3
867236735082191,2024-03-07T17:41:47.864Z,lsm6dso acceleration sensor,6.320992,2.1499932,6.218041,3
867236745080891,2024-03-07T17:41:47.874Z,lsm6dso acceleration sensor,7.415142,3.3399115,5.9139776,3
867236755079657,2024-03-07T17:41:47.884Z,lsm6dso acceleration sensor,8.226776,3.940856,5.92116,3
867236765078423,2024-03-07T17:41:47.894Z,lsm6dso acceleration sensor,9.019258,4.5154643,6.5915365,3
867236775077123,2024-03-07T17:41:47.904Z,lsm6dso acceleration sensor,9.148544,4.9060187,6.9243307,3
867236785075889,2024-03-07T17:41:47.914Z,lsm6dso acceleration sensor,8.063971,4.9754505,6.7375827,3
867236795074655,2024-03-07T17:41:47.924Z,lsm6dso acceleration sensor,7.910742,5.0017867,6.5412583,3
867236805073355,2024-03-07T17:41:47.933Z,lsm6dso acceleration sensor,8.681675,4.477157,6.301838,3
867236815072121,2024-03-07T17:41:47.944Z,lsm6dso acceleration sensor,9.332897,3.8235402,5.8277864,3
867236825070887,2024-03-07T17:41:47.953Z,lsm6dso acceleration sensor,9.67048,2.2816741,4.7405195,3
867236835069653,2024-03-07T17:41:47.964Z,lsm6dso acceleration sensor,9.469367,1.271321,4.498705,3
867236845068419,2024-03-07T17:41:47.974Z,lsm6dso acceleration sensor,8.638579,-0.2896984,4.1706996,3
867236855067185,2024-03-07T17:41:47.984Z,lsm6dso acceleration sensor,8.193257,-0.80445176,3.8905778,3
867236865065951,2024-03-07T17:41:47.994Z,lsm6dso acceleration sensor,7.5180926,-1.5490485,3.6176388,3
867236875064717,2024-03-07T17:41:48.004Z,lsm6dso acceleration sensor,7.2571244,-1.7070658,3.4500446,3
867236885063417,2024-03-07T17:41:48.013Z,lsm6dso acceleration sensor,6.799832,-1.5035586,3.0454245,3
867236895062183,2024-03-07T17:41:48.024Z,lsm6dso acceleration sensor,6.476615,-1.2162545,2.779668,3
867236905060983,2024-03-07T17:41:48.034Z,lsm6dso acceleration sensor,6.064812,-0.5793968,2.4708161,3
867236915059816,2024-03-07T17:41:48.044Z,lsm6dso acceleration sensor,5.8780646,-0.29688102,2.2266076,3
867236925058716,2024-03-07T17:41:48.054Z,lsm6dso acceleration sensor,5.5309052,0.12928689,1.8794483,3
867236935057682,2024-03-07T17:41:48.064Z,lsm6dso acceleration sensor,5.336975,0.39504328,1.7717092,3
867236945056648,2024-03-07T17:41:48.073Z,lsm6dso acceleration sensor,4.8482585,0.79726917,1.5586253,3
867236955055614,2024-03-07T17:41:48.084Z,lsm6dso acceleration sensor,4.5202527,1.0247183,1.4293385,3
867236965054614,2024-03-07T17:41:48.094Z,lsm6dso acceleration sensor,3.9911342,1.3838485,1.1827357,3
867236975053614,2024-03-07T17:41:48.104Z,lsm6dso acceleration sensor,3.86903,1.5179238,1.127669,3
867236985052680,2024-03-07T17:41:48.114Z,lsm6dso acceleration sensor,4.1156325,1.6663644,0.9888053,3
867236995051680,2024-03-07T17:41:48.124Z,lsm6dso acceleration sensor,4.5298295,1.7190368,0.90500826,3
867237005050746,2024-03-07T17:41:48.134Z,lsm6dso acceleration sensor,5.600337,1.7932571,0.8379706,3
867237015049812,2024-03-07T17:41:48.144Z,lsm6dso acceleration sensor,6.1150904,1.7884687,1.0127473,3
867237025048812,2024-03-07T17:41:48.154Z,lsm6dso acceleration sensor,7.3744407,1.6783354,1.5107412,3
867237035047878,2024-03-07T17:41:48.164Z,lsm6dso acceleration sensor,7.9538374,1.6184803,1.7501614,3
867237045046944,2024-03-07T17:41:48.174Z,lsm6dso acceleration sensor,8.911518,1.3479356,2.2050598,3
867237055046010,2024-03-07T17:41:48.184Z,lsm6dso acceleration sensor,9.201217,1.1540052,2.4468741,3
867237065045076,2024-03-07T17:41:48.194Z,lsm6dso acceleration sensor,9.481338,0.6751649,2.9041667,3
867237075044142,2024-03-07T17:41:48.204Z,lsm6dso acceleration sensor,9.536405,0.48841715,2.9520507,3
867237085043208,2024-03-07T17:41:48.214Z,lsm6dso acceleration sensor,9.653721,0.37588966,2.8538885,3
867237095042274,2024-03-07T17:41:48.224Z,lsm6dso acceleration sensor,9.964967,0.33997664,2.9400797,3
867237105041340,2024-03-07T17:41:48.234Z,lsm6dso acceleration sensor,10.673651,0.4429273,2.846706,3
867237115040406,2024-03-07T17:41:48.243Z,lsm6dso acceleration sensor,11.044752,0.61052144,2.885013,3
867237125039472,2024-03-07T17:41:48.254Z,lsm6dso acceleration sensor,11.291354,1.163582,3.4620156,3
867237135038472,2024-03-07T17:41:48.263Z,lsm6dso acceleration sensor,11.279384,1.6232687,3.8498764,3
867237145037538,2024-03-07T17:41:48.274Z,lsm6dso acceleration sensor,11.320085,2.3391352,4.211401,3
867237155036404,2024-03-07T17:41:48.284Z,lsm6dso acceleration sensor,11.308114,2.6862943,4.3718123,3
867237165035404,2024-03-07T17:41:48.294Z,lsm6dso acceleration sensor,11.396699,2.9520507,4.4460325,3
867237175033537,2024-03-07T17:41:48.304Z,lsm6dso acceleration sensor,11.604995,2.8275523,4.343082,3
867237185031903,2024-03-07T17:41:48.314Z,lsm6dso acceleration sensor,12.4429655,2.183512,3.5577838,3
867237195030036,2024-03-07T17:41:48.324Z,lsm6dso acceleration sensor,13.091794,1.541866,3.0262709,3
867237205029069,2024-03-07T17:41:48.334Z,lsm6dso acceleration sensor,14.46846,0.1316811,2.9281087,3
867237215028002,2024-03-07T17:41:48.344Z,lsm6dso acceleration sensor,15.067309,-0.7086837,3.229778,3
867237225026935,2024-03-07T17:41:48.354Z,lsm6dso acceleration sensor,14.607324,-1.9800048,4.5154643,3
867237235025801,2024-03-07T17:41:48.364Z,lsm6dso acceleration sensor,13.551481,-2.4779987,5.2771196,3
867237245024601,2024-03-07T17:41:48.374Z,lsm6dso acceleration sensor,11.913847,-2.27928,5.468656,3
867237255023434,2024-03-07T17:41:48.384Z,lsm6dso acceleration sensor,10.704775,-2.0231004,6.01214,3
867237265022234,2024-03-07T17:41:48.394Z,lsm6dso acceleration sensor,9.359234,-1.9057846,7.048829,3
867237275020967,2024-03-07T17:41:48.404Z,lsm6dso acceleration sensor,8.882788,-1.9680338,7.4678144,3
867237285019700,2024-03-07T17:41:48.414Z,lsm6dso acceleration sensor,8.391976,-2.243367,7.865252,3
867237295018433,2024-03-07T17:41:48.424Z,lsm6dso acceleration sensor,8.248324,-2.4372973,7.668927,3
867237305017166,2024-03-07T17:41:48.434Z,lsm6dso acceleration sensor,8.348881,-2.7150247,6.5675945,3
867237315015899,2024-03-07T17:41:48.444Z,lsm6dso acceleration sensor,8.758289,-2.8203697,5.8301806,3
867237325014632,2024-03-07T17:41:48.454Z,lsm6dso acceleration sensor,10.2379055,-2.5833437,4.9850273,3
867237335013365,2024-03-07T17:41:48.464Z,lsm6dso acceleration sensor,10.709563,-2.2697031,4.8698063,3
867237345012098,2024-03-07T17:41:48.473Z,lsm6dso acceleration sensor,10.881946,-1.2114661,5.1310735,3
867237355010764,2024-03-07T17:41:48.484Z,lsm6dso acceleration sensor,10.836456,-0.5770026,5.44232,3
867237365009497,2024-03-07T17:41:48.494Z,lsm6dso acceleration sensor,10.101437,0.34955344,6.1533976,3
867237375008263,2024-03-07T17:41:48.504Z,lsm6dso acceleration sensor,9.522039,0.6655881,6.4598556,3
867237385006963,2024-03-07T17:41:48.514Z,lsm6dso acceleration sensor,8.578724,0.79726917,6.4981627,3
867237395005729,2024-03-07T17:41:48.524Z,lsm6dso acceleration sensor,8.243536,0.6967127,6.330569,3
867237405004495,2024-03-07T17:41:48.534Z,lsm6dso acceleration sensor,8.339304,0.33997664,5.633856,3
867237415003195,2024-03-07T17:41:48.544Z,lsm6dso acceleration sensor,8.463802,-0.0047884034,5.2052937,3
867237425001961,2024-03-07T17:41:48.554Z,lsm6dso acceleration sensor,8.676887,-0.81402856,3.7852328,3
867237435000727,2024-03-07T17:41:48.564Z,lsm6dso acceleration sensor,8.782231,-1.1971009,2.906561,3
867237444999493,2024-03-07T17:41:48.573Z,lsm6dso acceleration sensor,8.751106,-1.6687586,2.2984335,3
867237454998459,2024-03-07T17:41:48.583Z,lsm6dso acceleration sensor,8.387188,-1.7836803,2.3199813,3
867237464997225,2024-03-07T17:41:48.593Z,lsm6dso acceleration sensor,7.288249,-1.6448165,2.267309,3
867237474996925,2024-03-07T17:41:48.603Z,lsm6dso acceleration sensor,6.61069,-1.400608,2.2218192,3
867237484996391,2024-03-07T17:41:48.613Z,lsm6dso acceleration sensor,5.698499,-0.81642276,2.2002714,3
867237494996024,2024-03-07T17:41:48.623Z,lsm6dso acceleration sensor,5.4471083,-0.49320555,2.15957,3
867237504994790,2024-03-07T17:41:48.633Z,lsm6dso acceleration sensor,4.9275665,0.23463176,1.6232687,3
867237514993556,2024-03-07T17:41:48.643Z,lsm6dso acceleration sensor,4.7740383,0.58897364,1.5275006,3
867237524992256,2024-03-07T17:41:48.653Z,lsm6dso acceleration sensor,4.7907977,1.067814,1.5179238,3
867237534991022,2024-03-07T17:41:48.663Z,lsm6dso acceleration sensor,4.7405195,1.2521675,1.4269443,3
867237544989788,2024-03-07T17:41:48.673Z,lsm6dso acceleration sensor,4.9155955,1.4293385,1.3000516,3
867237554988554,2024-03-07T17:41:48.683Z,lsm6dso acceleration sensor,5.0089693,1.4173675,1.340753,3
867237564987320,2024-03-07T17:41:48.693Z,lsm6dso acceleration sensor,5.4231663,1.2569559,1.5729905,3
867237574986086,2024-03-07T17:41:48.703Z,lsm6dso acceleration sensor,5.7607484,1.0319009,1.5969325,3
867237584984852,2024-03-07T17:41:48.713Z,lsm6dso acceleration sensor,6.500557,0.5410896,1.472434,3
867237594983618,2024-03-07T17:41:48.723Z,lsm6dso acceleration sensor,6.890812,0.30166942,1.4149733,3
867237604982318,2024-03-07T17:41:48.733Z,lsm6dso acceleration sensor,7.7455416,-0.1364695,1.4317327,3
867237614981084,2024-03-07T17:41:48.743Z,lsm6dso acceleration sensor,8.207623,-0.33039984,1.5825673,3
867237624979850,2024-03-07T17:41:48.753Z,lsm6dso acceleration sensor,8.985738,-0.58657944,1.9847932,3
867237634978550,2024-03-07T17:41:48.763Z,lsm6dso acceleration sensor,9.510069,-0.7517793,2.3295584,3
867237644977316,2024-03-07T17:41:48.773Z,lsm6dso acceleration sensor,10.482115,-1.0342951,3.0693667,3
867237654976082,2024-03-07T17:41:48.783Z,lsm6dso acceleration sensor,10.996868,-1.1947067,3.2752678,3
867237664974782,2024-03-07T17:41:48.793Z,lsm6dso acceleration sensor,12.098201,-1.5969325,3.7421372,3
867237674973515,2024-03-07T17:41:48.803Z,lsm6dso acceleration sensor,12.459725,-1.8914193,3.739743,3
867237684972248,2024-03-07T17:41:48.813Z,lsm6dso acceleration sensor,12.715904,-2.123657,3.2704794,3
867237694970981,2024-03-07T17:41:48.823Z,lsm6dso acceleration sensor,13.154043,-2.0494366,3.1603463,3
867237704969714,2024-03-07T17:41:48.833Z,lsm6dso acceleration sensor,13.975255,-1.697489,3.2249897,3
867237714968447,2024-03-07T17:41:48.843Z,lsm6dso acceleration sensor,13.865121,-1.4269443,3.1794999,3
867237724967180,2024-03-07T17:41:48.853Z,lsm6dso acceleration sensor,13.359944,-1.0390835,3.1723173,3
867237734965913,2024-03-07T17:41:48.862Z,lsm6dso acceleration sensor,13.177985,-0.8283938,3.2130187,3
867237744964579,2024-03-07T17:41:48.873Z,lsm6dso acceleration sensor,13.225869,-0.4381389,3.4093432,3
867237754963312,2024-03-07T17:41:48.883Z,lsm6dso acceleration sensor,13.596971,-0.18674773,3.5338416,3
867237764962045,2024-03-07T17:41:48.893Z,lsm6dso acceleration sensor,13.817237,0.46926352,3.3303347,3
867237774960745,2024-03-07T17:41:48.903Z,lsm6dso acceleration sensor,13.489232,0.6991069,3.323152,3
867237784959511,2024-03-07T17:41:48.913Z,lsm6dso acceleration sensor,13.101371,0.7589619,3.6104562,3
867237794958277,2024-03-07T17:41:48.923Z,lsm6dso acceleration sensor,12.715904,0.6679823,4.0222588,3
867237804957043,2024-03-07T17:41:48.933Z,lsm6dso acceleration sensor,11.114183,0.45968673,4.9060187,3
867237814955809,2024-03-07T17:41:48.943Z,lsm6dso acceleration sensor,10.036793,0.49559975,5.2148705,3
867237824954575,2024-03-07T17:41:48.953Z,lsm6dso acceleration sensor,7.7814546,0.8571242,5.6194906,3
867237834953341,2024-03-07T17:41:48.963Z,lsm6dso acceleration sensor,6.9434843,1.1707647,5.612308,3
867237844952107,2024-03-07T17:41:48.973Z,lsm6dso acceleration sensor,6.5412583,2.0685902,5.444714,3
867237854950807,2024-03-07T17:41:48.983Z,lsm6dso acceleration sensor,6.7806783,2.6288335,5.5309052,3
867237864949573,2024-03-07T17:41:48.993Z,lsm6dso acceleration sensor,7.568371,3.3327289,5.8397574,3
867237874948339,2024-03-07T17:41:49.003Z,lsm6dso acceleration sensor,8.001721,3.608062,5.930737,3
867237884947039,2024-03-07T17:41:49.013Z,lsm6dso acceleration sensor,8.6457615,3.9312792,6.799832,3
867237894945805,2024-03-07T17:41:49.023Z,lsm6dso acceleration sensor,8.461408,3.9240966,7.072771,3
867237904944571,2024-03-07T17:41:49.033Z,lsm6dso acceleration sensor,7.6976576,3.7181952,6.878841,3
867237914943271,2024-03-07T17:41:49.043Z,lsm6dso acceleration sensor,7.621043,3.3901896,6.608296,3
867237924942037,2024-03-07T17:41:49.053Z,lsm6dso acceleration sensor,8.293814,2.2337902,5.729624,3
867237934940803,2024-03-07T17:41:49.063Z,lsm6dso acceleration sensor,8.767866,1.4676456,4.9850273,3
867237944939569,2024-03-07T17:41:49.073Z,lsm6dso acceleration sensor,9.387964,0.09816227,4.2784386,3
867237954938335,2024-03-07T17:41:49.083Z,lsm6dso acceleration sensor,9.356839,-0.40940848,4.1036615,3
867237964937101,2024-03-07T17:41:49.093Z,lsm6dso acceleration sensor,8.241141,-1.1659763,3.4644098,3
867237974935867,2024-03-07T17:41:49.103Z,lsm6dso acceleration sensor,7.716811,-1.30484,3.3758245,3
867237984934633,2024-03-07T17:41:49.113Z,lsm6dso acceleration sensor,7.216423,-1.2234371,3.13401,3
867237994933366,2024-03-07T17:41:49.123Z,lsm6dso acceleration sensor,7.082348,-0.9792285,2.8898015,3
867238004932166,2024-03-07T17:41:49.133Z,lsm6dso acceleration sensor,7.0871363,-0.44532153,2.846706,3
867238014930999,2024-03-07T17:41:49.143Z,lsm6dso acceleration sensor,7.0799537,-0.09816227,3.0430303,3
867238024929832,2024-03-07T17:41:49.153Z,lsm6dso acceleration sensor,6.6609683,0.4309563,2.9712043,3
867238034928732,2024-03-07T17:41:49.163Z,lsm6dso acceleration sensor,6.2946553,0.6607997,2.8419175,3
867238044927632,2024-03-07T17:41:49.172Z,lsm6dso acceleration sensor,5.7607484,0.9959879,2.6503813,3
867238054926532,2024-03-07T17:41:49.183Z,lsm6dso acceleration sensor,5.4734445,1.1085154,2.542642,3
867238064925432,2024-03-07T17:41:49.193Z,lsm6dso acceleration sensor,5.2412066,1.163582,2.3918076,3
867238074924298,2024-03-07T17:41:49.203Z,lsm6dso acceleration sensor,5.2028995,1.1180922,2.1883004,3
867238084923164,2024-03-07T17:41:49.213Z,lsm6dso acceleration sensor,5.327398,0.9792285,1.721431,3
867238094922030,2024-03-07T17:41:49.223Z,lsm6dso acceleration sensor,5.514146,0.9600749,1.5753847,3
867238104920830,2024-03-07T17:41:49.233Z,lsm6dso acceleration sensor,6.0456586,0.9935937,1.5849615,3
867238114919696,2024-03-07T17:41:49.242Z,lsm6dso acceleration sensor,6.4694324,1.0869676,1.7429788,3
867238124918562,2024-03-07T17:41:49.253Z,lsm6dso acceleration sensor,7.3864117,1.3311762,2.0254946,3
867238134917362,2024-03-07T17:41:49.263Z,lsm6dso acceleration sensor,7.8939824,1.4197617,2.1691468,3
867238144916228,2024-03-07T17:41:49.273Z,lsm6dso acceleration sensor,8.629003,1.5035586,2.5091233,3
867238154914628,2024-03-07T17:41:49.283Z,lsm6dso acceleration sensor,8.925883,1.448492,2.7724855,3
867238164913428,2024-03-07T17:41:49.293Z,lsm6dso acceleration sensor,9.2347355,1.3239936,3.25372,3
867238174911594,2024-03-07T17:41:49.303Z,lsm6dso acceleration sensor,9.22037,1.292869,3.4572272,3
867238184909760,2024-03-07T17:41:49.313Z,lsm6dso acceleration sensor,9.019258,1.2018893,3.490746,3
867238194907693,2024-03-07T17:41:49.323Z,lsm6dso acceleration sensor,8.971373,1.1659763,3.3901896,3
867238204905859,2024-03-07T17:41:49.333Z,lsm6dso acceleration sensor,9.285013,1.1133038,3.2632968,3
867238214904025,2024-03-07T17:41:49.343Z,lsm6dso acceleration sensor,9.545981,1.1109096,3.1507695,3
867238224902191,2024-03-07T17:41:49.353Z,lsm6dso acceleration sensor,10.043976,1.0749966,2.9281087,3
867238234901057,2024-03-07T17:41:49.363Z,lsm6dso acceleration sensor,10.304943,1.091756,2.837129,3
867238244899857,2024-03-07T17:41:49.373Z,lsm6dso acceleration sensor,10.582671,1.2976574,2.8802247,3
867238254898723,2024-03-07T17:41:49.383Z,lsm6dso acceleration sensor,10.656891,1.5634137,3.0573955,3
867238264897589,2024-03-07T17:41:49.393Z,lsm6dso acceleration sensor,10.8029375,2.111686,3.5314474,3
867238274896389,2024-03-07T17:41:49.403Z,lsm6dso acceleration sensor,11.013627,2.4133554,3.8786068,3
867238284895255,2024-03-07T17:41:49.412Z,lsm6dso acceleration sensor,12.007221,2.6144683,4.474763,3
867238294894088,2024-03-07T17:41:49.423Z,lsm6dso acceleration sensor,12.651261,2.4612393,4.5896845,3
867238304892921,2024-03-07T17:41:49.433Z,lsm6dso acceleration sensor,13.67598,1.8267759,4.5202527,3
867238314891721,2024-03-07T17:41:49.443Z,lsm6dso acceleration sensor,13.869909,1.460463,4.4125137,3
867238324890454,2024-03-07T17:41:49.452Z,lsm6dso acceleration sensor,13.527539,0.7350199,4.6016555,3
867238334889187,2024-03-07T17:41:49.463Z,lsm6dso acceleration sensor,13.087006,0.37349546,4.865018,3
867238344887920,2024-03-07T17:41:49.473Z,lsm6dso acceleration sensor,12.311284,0.023942016,4.891354,3
867238354886586,2024-03-07T17:41:49.483Z,lsm6dso acceleration sensor,11.365575,-0.24181437,4.8937483,3
867238364885319,2024-03-07T17:41:49.493Z,lsm6dso acceleration sensor,10.084677,-0.39743748,4.771644,3
867238374884052,2024-03-07T17:41:49.503Z,lsm6dso acceleration sensor,9.98412,-0.093373865,4.675876,3
867238384882718,2024-03-07T17:41:49.512Z,lsm6dso acceleration sensor,10.099042,0.4189853,5.0137577,3
867238394881451,2024-03-07T17:41:49.523Z,lsm6dso acceleration sensor,9.859622,0.5770026,5.597943,3
867238404880217,2024-03-07T17:41:49.533Z,lsm6dso acceleration sensor,8.073547,0.5793968,6.6154785,3
867238414878917,2024-03-07T17:41:49.543Z,lsm6dso acceleration sensor,7.1709332,0.33997664,6.842928,3
867238424877683,2024-03-07T17:41:49.553Z,lsm6dso acceleration sensor,7.0200987,-0.32321724,6.4478846,3
867238434877549,2024-03-07T17:41:49.562Z,lsm6dso acceleration sensor,7.6617446,-0.8571242,6.016928,3
867238444876315,2024-03-07T17:41:49.573Z,lsm6dso acceleration sensor,9.615414,-1.7381904,5.2483892,3
867238454875548,2024-03-07T17:41:49.583Z,lsm6dso acceleration sensor,10.716746,-1.9512744,4.9898157,3
867238464874314,2024-03-07T17:41:49.592Z,lsm6dso acceleration sensor,11.863568,-1.5586253,5.054459,3
867238474873780,2024-03-07T17:41:49.603Z,lsm6dso acceleration sensor,11.918635,-0.9864111,5.540482,3
867238484873246,2024-03-07T17:41:49.613Z,lsm6dso acceleration sensor,11.253047,0.3854665,7.1038957,3
867238494872879,2024-03-07T17:41:49.623Z,lsm6dso acceleration sensor,10.709563,0.93373865,7.4678144,3
867238504872345,2024-03-07T17:41:49.633Z,lsm6dso acceleration sensor,9.514857,1.7142484,7.439084,3
867238514871811,2024-03-07T17:41:49.643Z,lsm6dso acceleration sensor,9.29459,1.9177556,7.2092404,3
867238524871211,2024-03-07T17:41:49.653Z,lsm6dso acceleration sensor,9.38557,1.8171991,6.5771713,3
867238534869977,2024-03-07T17:41:49.663Z,lsm6dso acceleration sensor,9.383176,1.5346833,5.9738326,3
867238544868743,2024-03-07T17:41:49.673Z,lsm6dso acceleration sensor,8.861239,0.7254431,4.381389,3
867238554867509,2024-03-07T17:41:49.683Z,lsm6dso acceleration sensor,8.5978775,0.40940848,3.691859,3
867238564866275,2024-03-07T17:41:49.693Z,lsm6dso acceleration sensor,8.317756,0.02873042,2.8538885,3
867238574865041,2024-03-07T17:41:49.703Z,lsm6dso acceleration sensor,8.054394,-0.10534488,2.542642,3
867238584863807,2024-03-07T17:41:49.713Z,lsm6dso acceleration sensor,7.376835,-0.22744916,1.8219875,3
867238594862573,2024-03-07T17:41:49.723Z,lsm6dso acceleration sensor,7.1254435,-0.23223756,1.6017209,3
867238604861273,2024-03-07T17:41:49.733Z,lsm6dso acceleration sensor,6.548441,-0.095768064,1.5873557,3
867238614860039,2024-03-07T17:41:49.742Z,lsm6dso acceleration sensor,6.112696,0.093373865,1.8483237,3
867238624858805,2024-03-07T17:41:49.753Z,lsm6dso acceleration sensor,5.317821,0.47405192,2.1859062,3
867238634857505,2024-03-07T17:41:49.763Z,lsm6dso acceleration sensor,4.9036245,0.62249243,2.291251,3
867238644856271,2024-03-07T17:41:49.773Z,lsm6dso acceleration sensor,4.6112323,0.79726917,2.3918076,3
867238654855037,2024-03-07T17:41:49.783Z,lsm6dso acceleration sensor,4.6902413,0.82599956,2.4971523,3
867238664853737,2024-03-07T17:41:49.792Z,lsm6dso acceleration sensor,5.2292356,0.7230489,2.4277205,3
867238674852503,2024-03-07T17:41:49.803Z,lsm6dso acceleration sensor,5.7368064,0.62009823,2.3127987,3
867238684851269,2024-03-07T17:41:49.813Z,lsm6dso acceleration sensor,6.7136407,0.32321724,2.1619642,3
867238694850035,2024-03-07T17:41:49.822Z,lsm6dso acceleration sensor,7.226,0.1316811,2.195483,3
867238704848768,2024-03-07T17:41:49.833Z,lsm6dso acceleration sensor,7.8580694,-0.21787235,2.5378537,3
867238714847501,2024-03-07T17:41:49.843Z,lsm6dso acceleration sensor,7.975385,-0.39983168,2.6886885,3
867238724846234,2024-03-07T17:41:49.853Z,lsm6dso acceleration sensor,8.12622,-0.62249243,2.9281087,3
867238734843867,2024-03-07T17:41:49.863Z,lsm6dso acceleration sensor,8.243536,-0.7206547,3.0238767,3
867238744842533,2024-03-07T17:41:49.872Z,lsm6dso acceleration sensor,8.51408,-0.8858546,3.2034419,3
867238754841266,2024-03-07T17:41:49.883Z,lsm6dso acceleration sensor,8.674492,-0.92176765,3.311181,3
867238764839999,2024-03-07T17:41:49.893Z,lsm6dso acceleration sensor,8.782231,-0.9504981,3.5170822,3
867238774838665,2024-03-07T17:41:49.903Z,lsm6dso acceleration sensor,8.901941,-0.8882488,3.6343982,3
867238784837398,2024-03-07T17:41:49.913Z,lsm6dso acceleration sensor,9.206005,-0.7302315,3.8786068,3
867238794836131,2024-03-07T17:41:49.923Z,lsm6dso acceleration sensor,9.488521,-0.59376204,3.9121256,3
867238804834864,2024-03-07T17:41:49.933Z,lsm6dso acceleration sensor,10.027216,-0.37349546,3.8498764,3
867238814833630,2024-03-07T17:41:49.943Z,lsm6dso acceleration sensor,10.2379055,-0.2825158,3.86903,3
867238824832396,2024-03-07T17:41:49.953Z,lsm6dso acceleration sensor,10.125379,-0.18435353,3.952827,3
867238834831162,2024-03-07T17:41:49.963Z,lsm6dso acceleration sensor,9.814132,-0.2753332,3.8714242,3
867238844829928,2024-03-07T17:41:49.973Z,lsm6dso acceleration sensor,9.708787,-0.6488287,3.6128504,3
867238854828628,2024-03-07T17:41:49.983Z,lsm6dso acceleration sensor,9.962572,-1.0007763,3.41892,3
867238864827394,2024-03-07T17:41:49.993Z,lsm6dso acceleration sensor,10.563518,-1.6663644,3.0358477,3
867238874826160,2024-03-07T17:41:50.003Z,lsm6dso acceleration sensor,10.92983,-1.9393034,2.954445,3
867238884824860,2024-03-07T17:41:50.013Z,lsm6dso acceleration sensor,12.035952,-2.0326772,3.265691,3
867238894823626,2024-03-07T17:41:50.023Z,lsm6dso acceleration sensor,12.900258,-1.8028339,3.8379054,3
867238904822392,2024-03-07T17:41:50.032Z,lsm6dso acceleration sensor,13.9154,-0.9720459,4.9275665,3
867238914821092,2024-03-07T17:41:50.043Z,lsm6dso acceleration sensor,13.781324,-0.32800564,5.2124763,3
867238924819858,2024-03-07T17:41:50.053Z,lsm6dso acceleration sensor,13.400646,1.5921441,6.184522,3
867238934818624,2024-03-07T17:41:50.063Z,lsm6dso acceleration sensor,13.249811,2.7844565,6.65618,3
867238944817390,2024-03-07T17:41:50.072Z,lsm6dso acceleration sensor,11.638514,4.3718123,7.2092404,3
867238954816156,2024-03-07T17:41:50.083Z,lsm6dso acceleration sensor,9.92666,4.829105,7.680898,3
867238964814922,2024-03-07T17:41:50.093Z,lsm6dso acceleration sensor,7.3361335,4.9036245,8.265083,3
867238974813688,2024-03-07T17:41:50.103Z,lsm6dso acceleration sensor,6.359299,4.7668557,8.403947,3
867238984812454,2024-03-07T17:41:50.113Z,lsm6dso acceleration sensor,6.194099,4.618415,7.460632,3
867238994811154,2024-03-07T17:41:50.123Z,lsm6dso acceleration sensor,6.778284,4.572925,6.632238,3
867239004809920,2024-03-07T17:41:50.133Z,lsm6dso acceleration sensor,7.901165,4.546589,5.1286793,3
867239014808686,2024-03-07T17:41:50.143Z,lsm6dso acceleration sensor,8.435072,4.4915223,4.745308,3
867239024807386,2024-03-07T17:41:50.153Z,lsm6dso acceleration sensor,9.335292,4.1659107,4.5920787,3
867239034806152,2024-03-07T17:41:50.163Z,lsm6dso acceleration sensor,9.7447,3.833117,4.501099,3
867239044804952,2024-03-07T17:41:50.173Z,lsm6dso acceleration sensor,9.605837,3.0813377,4.249708,3
867239054803752,2024-03-07T17:41:50.183Z,lsm6dso acceleration sensor,9.330503,2.6360161,4.4915223,3
867239064802652,2024-03-07T17:41:50.193Z,lsm6dso acceleration sensor,8.521263,1.8626889,5.743989,3
867239074801618,2024-03-07T17:41:50.203Z,lsm6dso acceleration sensor,8.075942,1.5107412,6.0552354,3
867239084800584,2024-03-07T17:41:50.213Z,lsm6dso acceleration sensor,7.855675,1.1540052,5.578789,3
867239094799584,2024-03-07T17:41:50.223Z,lsm6dso acceleration sensor,8.109461,1.0055647,5.4159837,3
867239104798550,2024-03-07T17:41:50.232Z,lsm6dso acceleration sensor,8.557177,0.7685388,4.934749,3
867239114797550,2024-03-07T17:41:50.243Z,lsm6dso acceleration sensor,8.444649,0.62488663,4.522647,3
867239124795816,2024-03-07T17:41:50.253Z,lsm6dso acceleration sensor,8.025663,0.40940848,3.9336734,3
867239134794816,2024-03-07T17:41:50.263Z,lsm6dso acceleration sensor,7.747936,0.33039984,3.7014358,3
867239144793882,2024-03-07T17:41:50.273Z,lsm6dso acceleration sensor,7.10629,0.25378537,3.3255463,3
867239154792948,2024-03-07T17:41:50.283Z,lsm6dso acceleration sensor,6.8165917,0.31124622,3.0478187,3
867239164791948,2024-03-07T17:41:50.293Z,lsm6dso acceleration sensor,6.598719,0.47644615,2.4875755,3
867239174791014,2024-03-07T17:41:50.303Z,lsm6dso acceleration sensor,6.5652003,0.6775591,2.2577322,3
867239184790080,2024-03-07T17:41:50.312Z,lsm6dso acceleration sensor,6.3976064,1.1755531,1.9201498,3
867239194789146,2024-03-07T17:41:50.323Z,lsm6dso acceleration sensor,6.208464,1.4676456,1.946486,3
867239204788212,2024-03-07T17:41:50.333Z,lsm6dso acceleration sensor,5.894824,1.8746599,2.3199813,3
867239214787278,2024-03-07T17:41:50.343Z,lsm6dso acceleration sensor,5.8541226,2.0015526,2.5019407,3
867239224786344,2024-03-07T17:41:50.353Z,lsm6dso acceleration sensor,6.28029,2.1092918,2.7868507,3
867239234785410,2024-03-07T17:41:50.363Z,lsm6dso acceleration sensor,6.634632,2.0518308,2.8754363,3
867239244784410,2024-03-07T17:41:50.373Z,lsm6dso acceleration sensor,7.3121915,1.7501614,3.2249897,3
867239254816810,2024-03-07T17:41:50.383Z,lsm6dso acceleration sensor,7.6737156,1.316811,3.4572272,3
867239264849210,2024-03-07T17:41:50.393Z,lsm6dso acceleration sensor,8.068759,0.7302315,3.3877954,3
867239274881543,2024-03-07T17:41:50.403Z,lsm6dso acceleration sensor,8.193257,0.37588966,3.2704794,3
867239284913943,2024-03-07T17:41:50.412Z,lsm6dso acceleration sensor,8.322544,-0.23942018,3.0765493,3
867239294946343,2024-03-07T17:41:50.423Z,lsm6dso acceleration sensor,8.451831,-0.59855044,2.8443117,3
867239304978676,2024-03-07T17:41:50.433Z,lsm6dso acceleration sensor,8.913912,-1.0845734,2.384625,3
867239315011076,2024-03-07T17:41:50.444Z,lsm6dso acceleration sensor,9.110237,-1.2545617,2.2218192,3
867239325043476,2024-03-07T17:41:50.454Z,lsm6dso acceleration sensor,9.251494,-1.3670892,1.8914193,3
867239335075876,2024-03-07T17:41:50.464Z,lsm6dso acceleration sensor,9.158121,-1.364695,1.5562311,3
867239345108242,2024-03-07T17:41:50.474Z,lsm6dso acceleration sensor,8.818144,-1.2282255,0.8379706,3
867239355140542,2024-03-07T17:41:50.484Z,lsm6dso acceleration sensor,8.588301,-1.1109096,0.6895301,3
867239365172808,2024-03-07T17:41:50.494Z,lsm6dso acceleration sensor,8.14298,-0.80924016,0.37588966,3
867239375205008,2024-03-07T17:41:50.504Z,lsm6dso acceleration sensor,8.0089035,-0.62249243,0.16759412,3
867239385237141,2024-03-07T17:41:50.514Z,lsm6dso acceleration sensor,7.949049,-0.19153613,0.023942016,3
867239395269307,2024-03-07T17:41:50.524Z,lsm6dso acceleration sensor,8.123826,0.05746084,0.10055647,3
867239405301440,2024-03-07T17:41:50.534Z,lsm6dso acceleration sensor,8.6218195,0.51714754,0.49081135,3
867239415333506,2024-03-07T17:41:50.544Z,lsm6dso acceleration sensor,9.141361,0.7589619,0.8858546,3
867239425366372,2024-03-07T17:41:50.554Z,lsm6dso acceleration sensor,9.754277,0.7374141,1.8315643,3
867239435398438,2024-03-07T17:41:50.564Z,lsm6dso acceleration sensor,9.9194765,0.5482722,2.4971523,3
867239445430438,2024-03-07T17:41:50.574Z,lsm6dso acceleration sensor,10.00088,0.18914193,3.2848446,3
867239455462504,2024-03-07T17:41:50.584Z,lsm6dso acceleration sensor,10.161291,-0.0047884034,3.3638535,3
867239465494570,2024-03-07T17:41:50.594Z,lsm6dso acceleration sensor,11.26023,-0.3184288,2.9376855,3
867239475526636,2024-03-07T17:41:50.604Z,lsm6dso acceleration sensor,12.203546,-0.40222588,2.719813,3
867239485558702,2024-03-07T17:41:50.614Z,lsm6dso acceleration sensor,13.544298,-0.36870706,2.9017725,3
867239495590702,2024-03-07T17:41:50.624Z,lsm6dso acceleration sensor,13.841179,-0.30645782,3.3662477,3
867239505622768,2024-03-07T17:41:50.634Z,lsm6dso acceleration sensor,13.424588,-0.09816227,4.0797195,3
867239515654834,2024-03-07T17:41:50.644Z,lsm6dso acceleration sensor,13.16362,-0.02633622,4.355053,3
867239525686867,2024-03-07T17:41:50.654Z,lsm6dso acceleration sensor,12.864345,0.2873042,4.51307,3
867239535718967,2024-03-07T17:41:50.664Z,lsm6dso acceleration sensor,12.7613945,0.6392518,4.6830587,3
867239545751067,2024-03-07T17:41:50.674Z,lsm6dso acceleration sensor,12.447754,1.436521,4.7046065,3
867239555749767,2024-03-07T17:41:50.684Z,lsm6dso acceleration sensor,12.153267,1.99437,4.6279917,3
867239565748533,2024-03-07T17:41:50.694Z,lsm6dso acceleration sensor,11.174039,2.7341783,4.855441,3
867239575747299,2024-03-07T17:41:50.704Z,lsm6dso acceleration sensor,10.371981,2.7988217,5.1909285,3
867239585746065,2024-03-07T17:41:50.714Z,lsm6dso acceleration sensor,8.69604,2.255338,5.348946,3
867239595744831,2024-03-07T17:41:50.724Z,lsm6dso acceleration sensor,8.037635,1.6256629,4.9969983,3
867239605743597,2024-03-07T17:41:50.734Z,lsm6dso acceleration sensor,7.913136,0.3184288,4.197036,3
867239615742363,2024-03-07T17:41:50.744Z,lsm6dso acceleration sensor,8.219594,-0.2657564,3.8714242,3
867239625741129,2024-03-07T17:41:50.754Z,lsm6dso acceleration sensor,9.589077,-1.3910311,3.2369606,3
867239635739829,2024-03-07T17:41:50.764Z,lsm6dso acceleration sensor,10.369587,-1.8100165,3.1507695,3
867239645738595,2024-03-07T17:41:50.774Z,lsm6dso acceleration sensor,11.011233,-2.0278888,3.9456444,3
867239655737361,2024-03-07T17:41:50.784Z,lsm6dso acceleration sensor,10.726323,-1.9416976,4.4819455,3
867239665736061,2024-03-07T17:41:50.794Z,lsm6dso acceleration sensor,9.912294,-1.5993267,5.39683,3
867239675734827,2024-03-07T17:41:50.804Z,lsm6dso acceleration sensor,9.718364,-1.4772224,5.650615,3
867239685733593,2024-03-07T17:41:50.813Z,lsm6dso acceleration sensor,9.692028,-1.0031705,5.933131,3
867239695732293,2024-03-07T17:41:50.824Z,lsm6dso acceleration sensor,9.83568,-0.6679823,5.873276,3
867239705731059,2024-03-07T17:41:50.834Z,lsm6dso acceleration sensor,10.36001,0.08619126,5.8301806,3
867239715729825,2024-03-07T17:41:50.844Z,lsm6dso acceleration sensor,10.513239,0.4189853,6.071995,3
867239725728591,2024-03-07T17:41:50.854Z,lsm6dso acceleration sensor,10.491692,1.0749966,5.9977746,3
867239735727357,2024-03-07T17:41:50.864Z,lsm6dso acceleration sensor,10.367192,1.3455414,5.5811834,3
867239745726123,2024-03-07T17:41:50.874Z,lsm6dso acceleration sensor,10.12059,1.4867992,4.8698063,3
867239755724889,2024-03-07T17:41:50.884Z,lsm6dso acceleration sensor,9.768642,1.42455,4.5154643,3
867239765723655,2024-03-07T17:41:50.894Z,lsm6dso acceleration sensor,8.782231,1.1468226,4.1276035,3
867239775721921,2024-03-07T17:41:50.904Z,lsm6dso acceleration sensor,8.03524,0.9552865,3.9911342,3
867239785720687,2024-03-07T17:41:50.914Z,lsm6dso acceleration sensor,6.65618,0.6488287,3.3877954,3
867239795719453,2024-03-07T17:41:50.924Z,lsm6dso acceleration sensor,6.1629744,0.50757074,2.9496565,3
867239805718153,2024-03-07T17:41:50.934Z,lsm6dso acceleration sensor,5.834969,0.23942018,2.2050598,3
867239815716919,2024-03-07T17:41:50.944Z,lsm6dso acceleration sensor,5.767931,0.095768064,1.6663644,3
867239825715652,2024-03-07T17:41:50.953Z,lsm6dso acceleration sensor,5.8876414,-0.1340753,0.8403648,3
867239835714385,2024-03-07T17:41:50.964Z,lsm6dso acceleration sensor,5.918766,-0.23223756,0.6703765,3
867239845713118,2024-03-07T17:41:50.974Z,lsm6dso acceleration sensor,5.789479,-0.34476504,0.6392518,3
867239855711851,2024-03-07T17:41:50.984Z,lsm6dso acceleration sensor,5.621885,-0.40462008,0.6919243,3
867239865710584,2024-03-07T17:41:50.994Z,lsm6dso acceleration sensor,5.3393693,-0.4285621,0.7685388,3
867239875709317,2024-03-07T17:41:51.004Z,lsm6dso acceleration sensor,5.3657055,-0.4261679,0.7661445,3
867239885707983,2024-03-07T17:41:51.014Z,lsm6dso acceleration sensor,5.8780646,-0.46447513,0.7158663,3
867239895706716,2024-03-07T17:41:51.024Z,lsm6dso acceleration sensor,6.241983,-0.46208093,0.7374141,3
867239905705449,2024-03-07T17:41:51.034Z,lsm6dso acceleration sensor,6.7591305,-0.35673606,0.9744401,3
867239915704115,2024-03-07T17:41:51.044Z,lsm6dso acceleration sensor,6.9219365,-0.31124622,1.1779473,3
867239925702848,2024-03-07T17:41:51.054Z,lsm6dso acceleration sensor,7.2834606,-0.11731588,1.5131354,3
867239935701614,2024-03-07T17:41:51.064Z,lsm6dso acceleration sensor,7.463026,-0.045489833,1.5825673,3
867239945700314,2024-03-07T17:41:51.074Z,lsm6dso acceleration sensor,7.8604636,-0.009576807,1.5514427,3
867239955699080,2024-03-07T17:41:51.084Z,lsm6dso acceleration sensor,8.092701,-0.05746084,1.532289,3
867239965697846,2024-03-07T17:41:51.094Z,lsm6dso acceleration sensor,8.540417,-0.20590134,1.5131354,3
867239975696612,2024-03-07T17:41:51.104Z,lsm6dso acceleration sensor,8.832509,-0.4141969,1.4293385,3
867239985695378,2024-03-07T17:41:51.114Z,lsm6dso acceleration sensor,9.450213,-0.80205756,1.3838485,3
867239995694144,2024-03-07T17:41:51.124Z,lsm6dso acceleration sensor,9.814132,-0.94570965,1.4197617,3
867240005692910,2024-03-07T17:41:51.133Z,lsm6dso acceleration sensor,10.759842,-1.0271125,1.4748282,3
867240015691676,2024-03-07T17:41:51.144Z,lsm6dso acceleration sensor,11.241076,-1.103727,1.5610195,3
867240025690376,2024-03-07T17:41:51.154Z,lsm6dso acceleration sensor,11.930606,-1.2018893,1.7621324,3
867240035689142,2024-03-07T17:41:51.163Z,lsm6dso acceleration sensor,12.272977,-1.2497733,1.9512744,3
867240045687908,2024-03-07T17:41:51.174Z,lsm6dso acceleration sensor,12.66802,-1.3670892,2.44448,3
867240055686608,2024-03-07T17:41:51.184Z,lsm6dso acceleration sensor,12.605771,-1.4628572,2.779668,3
867240065685374,2024-03-07T17:41:51.194Z,lsm6dso acceleration sensor,12.337621,-1.5921441,3.0550013,3
867240075684574,2024-03-07T17:41:51.204Z,lsm6dso acceleration sensor,12.181997,-1.6519991,3.193865,3
867240085683340,2024-03-07T17:41:51.214Z,lsm6dso acceleration sensor,12.021586,-1.697489,3.205836,3
867240095682106,2024-03-07T17:41:51.224Z,lsm6dso acceleration sensor,12.031163,-1.661576,3.181894,3
867240105680872,2024-03-07T17:41:51.234Z,lsm6dso acceleration sensor,12.16045,-1.5131354,3.0933087,3
867240115679638,2024-03-07T17:41:51.243Z,lsm6dso acceleration sensor,12.150873,-1.2976574,3.1172507,3
867240125678404,2024-03-07T17:41:51.253Z,lsm6dso acceleration sensor,11.983279,-0.50757074,3.2082303,3
867240135677137,2024-03-07T17:41:51.264Z,lsm6dso acceleration sensor,11.600206,0.021547815,3.1794999,3
867240145675937,2024-03-07T17:41:51.274Z,lsm6dso acceleration sensor,10.59943,0.8643068,2.9616275,3
867240155674070,2024-03-07T17:41:51.284Z,lsm6dso acceleration sensor,10.173263,1.1228806,2.89459,3
867240165672903,2024-03-07T17:41:51.294Z,lsm6dso acceleration sensor,8.6936455,1.0965444,2.4875755,3
867240175671803,2024-03-07T17:41:51.304Z,lsm6dso acceleration sensor,8.063971,0.9792285,2.0087352,3
867240185670703,2024-03-07T17:41:51.314Z,lsm6dso acceleration sensor,7.2331824,0.5650316,1.067814,3
867240195669603,2024-03-07T17:41:51.324Z,lsm6dso acceleration sensor,7.012916,0.49799395,0.6488287,3
867240205668503,2024-03-07T17:41:51.334Z,lsm6dso acceleration sensor,6.8956003,0.62967503,0.40222588,3
867240215667403,2024-03-07T17:41:51.344Z,lsm6dso acceleration sensor,7.5276694,0.82121116,0.7086837,3
867240225666303,2024-03-07T17:41:51.354Z,lsm6dso acceleration sensor,9.416695,1.2449849,2.0733786,3
867240235665169,2024-03-07T17:41:51.364Z,lsm6dso acceleration sensor,10.726323,1.532289,2.930503,3
867240245664035,2024-03-07T17:41:51.373Z,lsm6dso acceleration sensor,12.136508,1.8555063,4.9778447,3
867240255662901,2024-03-07T17:41:51.384Z,lsm6dso acceleration sensor,11.473314,1.8195933,6.3401456,3
867240265661767,2024-03-07T17:41:51.394Z,lsm6dso acceleration sensor,10.070312,2.4899697,9.514857,3
867240275660567,2024-03-07T17:41:51.404Z,lsm6dso acceleration sensor,8.571542,2.5330653,11.0495405,3
867240285659433,2024-03-07T17:41:51.413Z,lsm6dso acceleration sensor,9.646538,3.3518825,12.1245365,3
867240295658299,2024-03-07T17:41:51.424Z,lsm6dso acceleration sensor,10.886734,3.0430303,11.954549,3
867240305657099,2024-03-07T17:41:51.433Z,lsm6dso acceleration sensor,13.233052,1.376666,11.365575,3
867240315655965,2024-03-07T17:41:51.444Z,lsm6dso acceleration sensor,14.118907,-0.24660277,11.772589,3
867240325654831,2024-03-07T17:41:51.454Z,lsm6dso acceleration sensor,14.382269,-2.2026656,11.552322,3
867240335653697,2024-03-07T17:41:51.464Z,lsm6dso acceleration sensor,13.877092,-2.873042,10.125379,3
867240345652563,2024-03-07T17:41:51.474Z,lsm6dso acceleration sensor,12.198757,-3.1172507,5.770325,3
867240355651429,2024-03-07T17:41:51.483Z,lsm6dso acceleration sensor,10.522816,-2.9879637,3.7301662,3
867240365650295,2024-03-07T17:41:51.494Z,lsm6dso acceleration sensor,8.166922,-2.3750482,1.151611,3
867240375649161,2024-03-07T17:41:51.504Z,lsm6dso acceleration sensor,7.305009,-1.7741034,0.34237084,3
867240385647961,2024-03-07T17:41:51.514Z,lsm6dso acceleration sensor,6.378453,-0.1364695,-0.92176765,3
867240395646827,2024-03-07T17:41:51.524Z,lsm6dso acceleration sensor,6.232406,1.1300632,-1.5993267,3
867240405645693,2024-03-07T17:41:51.534Z,lsm6dso acceleration sensor,5.308244,3.1052797,-1.1827357,3
867240415644493,2024-03-07T17:41:51.544Z,lsm6dso acceleration sensor,4.6662993,3.7349546,-0.5722142,3
867240425643359,2024-03-07T17:41:51.554Z,lsm6dso acceleration sensor,3.3327289,4.3646297,0.59615624,3
867240435642192,2024-03-07T17:41:51.564Z,lsm6dso acceleration sensor,2.9999347,4.132392,1.1133038,3
867240445641025,2024-03-07T17:41:51.574Z,lsm6dso acceleration sensor,3.5242648,2.9281087,2.195483,3
867240455640525,2024-03-07T17:41:51.584Z,lsm6dso acceleration sensor,4.3406878,1.8962077,2.6288335,3
867240465639258,2024-03-07T17:41:51.594Z,lsm6dso acceleration sensor,5.7607484,-0.055066638,2.2840683,3
867240475637991,2024-03-07T17:41:51.604Z,lsm6dso acceleration sensor,6.4861917,-0.91219085,2.5833437,3
867240485636724,2024-03-07T17:41:51.614Z,lsm6dso acceleration sensor,7.728782,-1.8674773,3.1627405,3
867240495635390,2024-03-07T17:41:51.624Z,lsm6dso acceleration sensor,8.20044,-2.0685902,3.550601,3
867240505634123,2024-03-07T17:41:51.634Z,lsm6dso acceleration sensor,8.401553,-2.1260512,3.7325604,3
867240515632856,2024-03-07T17:41:51.644Z,lsm6dso acceleration sensor,8.3824,-1.8483237,3.3997664,3
867240525631522,2024-03-07T17:41:51.654Z,lsm6dso acceleration sensor,8.432677,-0.8810662,3.0382419,3
867240535630255,2024-03-07T17:41:51.664Z,lsm6dso acceleration sensor,8.425495,-0.20590134,3.2920272,3
867240545628555,2024-03-07T17:41:51.674Z,lsm6dso acceleration sensor,8.959402,1.0893618,3.8043866,3
867240555627255,2024-03-07T17:41:51.684Z,lsm6dso acceleration sensor,9.347262,1.8459295,3.7062242,3
867240565626021,2024-03-07T17:41:51.694Z,lsm6dso acceleration sensor,9.67048,2.813187,3.6224272,3
867240575624787,2024-03-07T17:41:51.704Z,lsm6dso acceleration sensor,9.627384,3.074155,3.8498764,3
867240585623553,2024-03-07T17:41:51.714Z,lsm6dso acceleration sensor,9.375993,3.3279405,4.4699745,3
867240595622319,2024-03-07T17:41:51.724Z,lsm6dso acceleration sensor,9.474155,3.2513258,4.546589,3
867240605621085,2024-03-07T17:41:51.734Z,lsm6dso acceleration sensor,10.108619,2.741361,4.3406878,3
867240615619851,2024-03-07T17:41:51.743Z,lsm6dso acceleration sensor,10.812514,2.27928,4.450821,3
867240625618617,2024-03-07T17:41:51.754Z,lsm6dso acceleration sensor,12.28016,1.3503298,4.6399627,3
867240635617317,2024-03-07T17:41:51.764Z,lsm6dso acceleration sensor,12.986449,0.92895025,4.661511,3
867240645616083,2024-03-07T17:41:51.774Z,lsm6dso acceleration sensor,14.169185,0.45250413,4.7620673,3
867240655614849,2024-03-07T17:41:51.784Z,lsm6dso acceleration sensor,14.516344,0.30885202,4.891354,3
867240665613549,2024-03-07T17:41:51.794Z,lsm6dso acceleration sensor,14.717756,0.2657564,4.72376,3
867240675612315,2024-03-07T17:41:51.804Z,lsm6dso acceleration sensor,14.264953,0.36870706,4.654328,3
867240685611081,2024-03-07T17:41:51.814Z,lsm6dso acceleration sensor,12.967296,0.61052144,4.548983,3
867240695609847,2024-03-07T17:41:51.824Z,lsm6dso acceleration sensor,12.35438,0.91219085,4.27365,3
867240705608613,2024-03-07T17:41:51.834Z,lsm6dso acceleration sensor,11.736676,1.364695,4.144363,3
867240715607379,2024-03-07T17:41:51.844Z,lsm6dso acceleration sensor,11.403882,1.5059528,4.525041,3
867240725606145,2024-03-07T17:41:51.854Z,lsm6dso acceleration sensor,10.618584,1.6831238,5.2148705,3
867240735604911,2024-03-07T17:41:51.863Z,lsm6dso acceleration sensor,10.082283,1.7286136,5.4111953,3
867240745603611,2024-03-07T17:41:51.874Z,lsm6dso acceleration sensor,8.605061,1.7597382,6.08636,3
867240755602377,2024-03-07T17:41:51.884Z,lsm6dso acceleration sensor,7.8221564,1.5155296,6.3066263,3
867240765601143,2024-03-07T17:41:51.894Z,lsm6dso acceleration sensor,6.8740525,0.5674258,6.2348003,3
867240775599843,2024-03-07T17:41:51.904Z,lsm6dso acceleration sensor,6.53647,-0.35673606,6.268319,3
867240785598609,2024-03-07T17:41:51.914Z,lsm6dso acceleration sensor,6.9123597,-2.303222,6.2395887,3
867240795597375,2024-03-07T17:41:51.924Z,lsm6dso acceleration sensor,7.853281,-3.229778,5.80145,3
867240805596075,2024-03-07T17:41:51.934Z,lsm6dso acceleration sensor,10.2139635,-4.390966,5.741595,3
867240815594841,2024-03-07T17:41:51.944Z,lsm6dso acceleration sensor,11.063906,-4.817134,5.9259486,3
867240825593607,2024-03-07T17:41:51.954Z,lsm6dso acceleration sensor,10.798149,-4.7668557,5.6194906,3
867240835592373,2024-03-07T17:41:51.964Z,lsm6dso acceleration sensor,10.391134,-4.450821,5.420772,3
867240845591573,2024-03-07T17:41:51.974Z,lsm6dso acceleration sensor,9.747094,-3.4021606,6.1629744,3
867240855590306,2024-03-07T17:41:51.984Z,lsm6dso acceleration sensor,9.682451,-2.6767175,6.512528,3
867240865589039,2024-03-07T17:41:51.994Z,lsm6dso acceleration sensor,9.581895,-1.4772224,6.2348003,3
867240875587772,2024-03-07T17:41:52.004Z,lsm6dso acceleration sensor,9.534011,-0.93852705,5.7870846,3
867240885586438,2024-03-07T17:41:52.014Z,lsm6dso acceleration sensor,9.514857,-0.19153613,4.618415,3
867240895585171,2024-03-07T17:41:52.024Z,lsm6dso acceleration sensor,9.289802,0.074220255,4.24492,3
867240905583904,2024-03-07T17:41:52.034Z,lsm6dso acceleration sensor,8.415918,0.47884035,3.881001,3
867240915582570,2024-03-07T17:41:52.044Z,lsm6dso acceleration sensor,7.5755534,0.6368576,3.5170822,3
867240925581303,2024-03-07T17:41:52.054Z,lsm6dso acceleration sensor,6.289867,0.60333884,3.2369606,3
867240935580036,2024-03-07T17:41:52.064Z,lsm6dso acceleration sensor,5.8206034,0.46447513,3.301604,3
867240945578769,2024-03-07T17:41:52.074Z,lsm6dso acceleration sensor,5.360917,0.062249243,3.2010477,3
867240955577502,2024-03-07T17:41:52.084Z,lsm6dso acceleration sensor,5.284302,-0.107739076,2.9879637,3
867240965576268,2024-03-07T17:41:52.094Z,lsm6dso acceleration sensor,5.267543,-0.4189853,2.6048915,3
867240975575034,2024-03-07T17:41:52.104Z,lsm6dso acceleration sensor,5.303456,-0.62249243,2.3319526,3
867240985573800,2024-03-07T17:41:52.114Z,lsm6dso acceleration sensor,5.3250036,-0.8595184,1.7860745,3
867240995572500,2024-03-07T17:41:52.124Z,lsm6dso acceleration sensor,5.332186,-0.91219085,1.541866,3
867241005571266,2024-03-07T17:41:52.134Z,lsm6dso acceleration sensor,5.171775,-0.89543146,1.1348516,3
867241015570032,2024-03-07T17:41:52.143Z,lsm6dso acceleration sensor,5.0855837,-0.770933,0.9983821,3
867241025568732,2024-03-07T17:41:52.154Z,lsm6dso acceleration sensor,4.932355,-0.40462008,0.8571242,3
867241035567498,2024-03-07T17:41:52.164Z,lsm6dso acceleration sensor,4.8698063,-0.110133275,0.7302315,3
867241045566264,2024-03-07T17:41:52.174Z,lsm6dso acceleration sensor,4.9036245,0.5386954,0.6368576,3
867241055564964,2024-03-07T17:41:52.184Z,lsm6dso acceleration sensor,5.040094,0.80924016,0.7350199,3
867241065563730,2024-03-07T17:41:52.194Z,lsm6dso acceleration sensor,5.4590793,1.3311762,0.8882488,3
867241075562496,2024-03-07T17:41:52.204Z,lsm6dso acceleration sensor,5.708076,1.5586253,1.0175357,3
867241085561262,2024-03-07T17:41:52.214Z,lsm6dso acceleration sensor,6.5173163,1.6831238,1.3311762,3
867241095560028,2024-03-07T17:41:52.224Z,lsm6dso acceleration sensor,7.261913,1.6519991,1.5634137,3
867241105558794,2024-03-07T17:41:52.234Z,lsm6dso acceleration sensor,8.954614,1.3072342,1.8722657,3
867241115557560,2024-03-07T17:41:52.244Z,lsm6dso acceleration sensor,9.79019,1.0295067,2.078167,3
867241125556326,2024-03-07T17:41:52.254Z,lsm6dso acceleration sensor,11.083059,0.4357447,2.8658595,3
867241135555026,2024-03-07T17:41:52.264Z,lsm6dso acceleration sensor,11.715128,-0.14604631,3.7014358,3
867241145553792,2024-03-07T17:41:52.274Z,lsm6dso acceleration sensor,13.53951,-1.1133038,4.757279,3
867241155552558,2024-03-07T17:41:52.284Z,lsm6dso acceleration sensor,13.951313,-1.9057846,5.0688243,3
867241165551258,2024-03-07T17:41:52.294Z,lsm6dso acceleration sensor,14.123695,-2.992752,5.195717,3
867241175550024,2024-03-07T17:41:52.304Z,lsm6dso acceleration sensor,14.310443,-3.430891,5.0927663,3
867241185548824,2024-03-07T17:41:52.314Z,lsm6dso acceleration sensor,15.105618,-4.134786,4.807557,3
867241195547624,2024-03-07T17:41:52.324Z,lsm6dso acceleration sensor,15.728109,-4.261679,4.9993925,3
867241205546524,2024-03-07T17:41:52.334Z,lsm6dso acceleration sensor,16.791136,-4.1802764,6.332963,3
867241215545490,2024-03-07T17:41:52.344Z,lsm6dso acceleration sensor,16.860567,-3.7205894,6.5460467,3
867241225544456,2024-03-07T17:41:52.354Z,lsm6dso acceleration sensor,15.47193,-2.5737667,5.9858036,3
867241235543456,2024-03-07T17:41:52.364Z,lsm6dso acceleration sensor,14.571411,-1.8507179,6.002563,3
867241245542422,2024-03-07T17:41:52.374Z,lsm6dso acceleration sensor,13.168408,-0.7517793,5.7631426,3
867241255541455,2024-03-07T17:41:52.384Z,lsm6dso acceleration sensor,12.478879,-0.22505496,5.384859,3
867241265540488,2024-03-07T17:41:52.394Z,lsm6dso acceleration sensor,11.011233,0.39743748,5.0688243,3
867241275539521,2024-03-07T17:41:52.404Z,lsm6dso acceleration sensor,10.185233,0.6607997,5.1909285,3
867241285538621,2024-03-07T17:41:52.414Z,lsm6dso acceleration sensor,8.391976,1.0630256,5.624279,3
867241295537721,2024-03-07T17:41:52.424Z,lsm6dso acceleration sensor,7.3241625,1.3239936,6.1533976,3
867241305536754,2024-03-07T17:41:52.434Z,lsm6dso acceleration sensor,5.609914,1.9177556,7.0057335,3
867241315535854,2024-03-07T17:41:52.444Z,lsm6dso acceleration sensor,4.9491143,2.3918076,7.202058,3
867241325534954,2024-03-07T17:41:52.454Z,lsm6dso acceleration sensor,5.1550155,3.3518825,7.51091,3
867241335534054,2024-03-07T17:41:52.464Z,lsm6dso acceleration sensor,5.4518967,3.620033,7.5994954,3
867241345532754,2024-03-07T17:41:52.474Z,lsm6dso acceleration sensor,6.7447653,3.7253778,8.36564,3
867241355531854,2024-03-07T17:41:52.484Z,lsm6dso acceleration sensor,8.049605,3.7229836,8.851663,3
867241365530954,2024-03-07T17:41:52.494Z,lsm6dso acceleration sensor,9.347262,3.2728736,9.253889,3
867241375530054,2024-03-07T17:41:52.504Z,lsm6dso acceleration sensor,9.534011,2.8083985,9.040805,3
867241385529087,2024-03-07T17:41:52.514Z,lsm6dso acceleration sensor,9.275436,1.5011644,7.891588,3
867241395528187,2024-03-07T17:41:52.524Z,lsm6dso acceleration sensor,8.909123,0.58657944,6.644209,3
867241405527287,2024-03-07T17:41:52.533Z,lsm6dso acceleration sensor,8.557177,-0.80205756,4.55856,3
867241415526320,2024-03-07T17:41:52.544Z,lsm6dso acceleration sensor,8.322544,-1.4101849,3.5529952,3
867241425525420,2024-03-07T17:41:52.553Z,lsm6dso acceleration sensor,7.4414783,-1.9800048,2.3535004,3
867241435524520,2024-03-07T17:41:52.564Z,lsm6dso acceleration sensor,6.842928,-2.0470424,1.8866309,3
867241445523620,2024-03-07T17:41:52.574Z,lsm6dso acceleration sensor,5.906795,-1.6687586,1.4939818,3
867241455522720,2024-03-07T17:41:52.584Z,lsm6dso acceleration sensor,5.408801,-1.2545617,1.4413095,3
867241465521820,2024-03-07T17:41:52.594Z,lsm6dso acceleration sensor,4.9251723,-0.3184288,1.7166426,3
867241475520920,2024-03-07T17:41:52.604Z,lsm6dso acceleration sensor,4.644751,0.17238252,1.7717092,3
867241485519986,2024-03-07T17:41:52.614Z,lsm6dso acceleration sensor,4.5058875,1.0654198,1.5179238,3
867241495518986,2024-03-07T17:41:52.624Z,lsm6dso acceleration sensor,4.546589,1.4508862,1.6903064,3
867241505517952,2024-03-07T17:41:52.634Z,lsm6dso acceleration sensor,4.4436383,1.8243817,1.8507179,3
867241515516852,2024-03-07T17:41:52.644Z,lsm6dso acceleration sensor,4.357447,1.9033904,2.0638018,3
867241525515685,2024-03-07T17:41:52.654Z,lsm6dso acceleration sensor,4.3598413,1.7477672,2.2697031,3
867241535514551,2024-03-07T17:41:52.664Z,lsm6dso acceleration sensor,4.501099,1.5107412,2.183512,3
867241545513384,2024-03-07T17:41:52.673Z,lsm6dso acceleration sensor,4.9036245,1.0773908,1.9991584,3
867241555512150,2024-03-07T17:41:52.684Z,lsm6dso acceleration sensor,5.3130326,0.8690952,2.0614076,3
867241565510950,2024-03-07T17:41:52.694Z,lsm6dso acceleration sensor,5.916372,0.521936,1.982399,3
867241575509683,2024-03-07T17:41:52.703Z,lsm6dso acceleration sensor,6.268319,0.39504328,1.9416976,3
867241585508416,2024-03-07T17:41:52.714Z,lsm6dso acceleration sensor,7.273884,0.260968,1.9201498,3
867241595507149,2024-03-07T17:41:52.724Z,lsm6dso acceleration sensor,7.7814546,0.25857377,1.8435353,3
867241605505882,2024-03-07T17:41:52.734Z,lsm6dso acceleration sensor,8.387188,0.22026655,1.7286136,3
867241615504615,2024-03-07T17:41:52.744Z,lsm6dso acceleration sensor,8.66731,0.21547815,1.5993267,3
867241625503381,2024-03-07T17:41:52.754Z,lsm6dso acceleration sensor,9.02644,0.035913024,1.4772224,3
867241635502081,2024-03-07T17:41:52.764Z,lsm6dso acceleration sensor,9.478944,-0.12689269,1.5514427,3
867241645501247,2024-03-07T17:41:52.773Z,lsm6dso acceleration sensor,10.568306,-0.38307226,1.8171991,3
867241655500013,2024-03-07T17:41:52.784Z,lsm6dso acceleration sensor,10.972926,-0.40940848,2.1140802,3
867241665498713,2024-03-07T17:41:52.794Z,lsm6dso acceleration sensor,11.116578,-0.20350714,2.6360161,3
867241675497479,2024-03-07T17:41:52.804Z,lsm6dso acceleration sensor,10.76463,0.10055647,2.5115175,3
867241685496245,2024-03-07T17:41:52.813Z,lsm6dso acceleration sensor,10.652102,0.80205756,2.9472623,3
867241695495011,2024-03-07T17:41:52.824Z,lsm6dso acceleration sensor,10.819696,1.3742718,3.1723173,3
867241705493777,2024-03-07T17:41:52.834Z,lsm6dso acceleration sensor,11.212346,2.3175871,3.976769,3
867241715492543,2024-03-07T17:41:52.844Z,lsm6dso acceleration sensor,11.825261,2.7222073,4.6351743,3
867241725491309,2024-03-07T17:41:52.854Z,lsm6dso acceleration sensor,13.194745,3.0933087,5.5955486,3
867241735490075,2024-03-07T17:41:52.864Z,lsm6dso acceleration sensor,13.719075,3.040636,6.002563,3
867241745488775,2024-03-07T17:41:52.874Z,lsm6dso acceleration sensor,14.214675,2.6120741,6.5795655,3
867241755487541,2024-03-07T17:41:52.884Z,lsm6dso acceleration sensor,14.044686,2.1571758,6.6968813,3
867241765486307,2024-03-07T17:41:52.894Z,lsm6dso acceleration sensor,13.240234,1.3096284,6.464644,3
867241775485007,2024-03-07T17:41:52.904Z,lsm6dso acceleration sensor,13.077429,0.8379706,6.143821,3
867241785483773,2024-03-07T17:41:52.914Z,lsm6dso acceleration sensor,12.694357,-0.25617957,5.868488,3
867241795482539,2024-03-07T17:41:52.924Z,lsm6dso acceleration sensor,12.091018,-0.8690952,5.8756704,3
867241805481239,2024-03-07T17:41:52.934Z,lsm6dso acceleration sensor,10.783784,-2.0566192,5.5117517,3
867241815480005,2024-03-07T17:41:52.944Z,lsm6dso acceleration sensor,10.19481,-2.5091233,5.2005053,3
867241825478771,2024-03-07T17:41:52.954Z,lsm6dso acceleration sensor,9.237129,-2.7868507,5.054459,3
867241835477537,2024-03-07T17:41:52.964Z,lsm6dso acceleration sensor,8.909123,-3.0119057,5.219659,3
867241845476303,2024-03-07T17:41:52.974Z,lsm6dso acceleration sensor,9.285013,-3.3159695,5.0568533,3
867241855475069,2024-03-07T17:41:52.984Z,lsm6dso acceleration sensor,9.862016,-3.3446999,5.3920417,3
867241865473835,2024-03-07T17:41:52.994Z,lsm6dso acceleration sensor,9.979332,-3.1124623,6.7495537,3
867241875472601,2024-03-07T17:41:53.004Z,lsm6dso acceleration sensor,9.584289,-2.9592333,7.6593504,3
867241885471301,2024-03-07T17:41:53.014Z,lsm6dso acceleration sensor,8.885181,-2.5713725,8.882788,3
867241895470067,2024-03-07T17:41:53.024Z,lsm6dso acceleration sensor,8.782231,-2.2960393,9.129391,3
867241905468833,2024-03-07T17:41:53.034Z,lsm6dso acceleration sensor,10.352827,-1.5346833,9.296985,3
867241915467533,2024-03-07T17:41:53.044Z,lsm6dso acceleration sensor,11.466131,-0.92655605,9.1150255,3
867241925466266,2024-03-07T17:41:53.054Z,lsm6dso acceleration sensor,11.593024,-0.06943185,8.777443,3
867241935464999,2024-03-07T17:41:53.064Z,lsm6dso acceleration sensor,10.798149,0.36152446,8.602666,3
867241945463732,2024-03-07T17:41:53.074Z,lsm6dso acceleration sensor,9.019258,0.8690952,8.602666,3
867241955462465,2024-03-07T17:41:53.084Z,lsm6dso acceleration sensor,7.994539,1.043872,8.013692,3
867241965461198,2024-03-07T17:41:53.094Z,lsm6dso acceleration sensor,6.902783,0.91937345,6.004957,3
867241975459931,2024-03-07T17:41:53.104Z,lsm6dso acceleration sensor,6.790255,0.58418524,4.7644615,3
867241985458664,2024-03-07T17:41:53.113Z,lsm6dso acceleration sensor,6.6418147,-0.2801216,2.9400797,3
867241995457330,2024-03-07T17:41:53.124Z,lsm6dso acceleration sensor,6.124667,-0.7493851,1.8674773,3
867242005456063,2024-03-07T17:41:53.134Z,lsm6dso acceleration sensor,5.3680997,-1.2976574,0.92655605,3
867242015454796,2024-03-07T17:41:53.144Z,lsm6dso acceleration sensor,5.054459,-1.3862427,0.5746084,3
867242025453496,2024-03-07T17:41:53.154Z,lsm6dso acceleration sensor,4.4125137,-1.4293385,0.2825158,3
867242035452262,2024-03-07T17:41:53.163Z,lsm6dso acceleration sensor,4.0701427,-1.3838485,0.15562311,3
867242045451028,2024-03-07T17:41:53.174Z,lsm6dso acceleration sensor,3.643975,-1.1731589,-0.05746084,3
867242055449728,2024-03-07T17:41:53.184Z,lsm6dso acceleration sensor,3.5003228,-0.9935937,-0.16280572,3
867242065448494,2024-03-07T17:41:53.194Z,lsm6dso acceleration sensor,3.5458126,-0.62009823,-0.24660277,3
867242075447260,2024-03-07T17:41:53.204Z,lsm6dso acceleration sensor,3.7229836,-0.3854665,-0.25617957,3
867242085446026,2024-03-07T17:41:53.214Z,lsm6dso acceleration sensor,4.189853,0.107739076,0.08379706,3
867242095444792,2024-03-07T17:41:53.224Z,lsm6dso acceleration sensor,4.3143516,0.29209262,0.29688102,3
867242105443558,2024-03-07T17:41:53.234Z,lsm6dso acceleration sensor,4.7644615,0.8882488,0.79726917,3
867242115442324,2024-03-07T17:41:53.244Z,lsm6dso acceleration sensor,5.2244473,1.1204864,1.0630256,3
867242125441090,2024-03-07T17:41:53.254Z,lsm6dso acceleration sensor,6.218041,1.460463,1.5490485,3
867242135439790,2024-03-07T17:41:53.264Z,lsm6dso acceleration sensor,6.9578495,1.5179238,1.910573,3
867242145438556,2024-03-07T17:41:53.274Z,lsm6dso acceleration sensor,8.133403,1.3790601,2.492364,3
867242155437322,2024-03-07T17:41:53.284Z,lsm6dso acceleration sensor,8.758289,1.2018893,2.8395233,3
867242165436022,2024-03-07T17:41:53.294Z,lsm6dso acceleration sensor,9.845257,0.7589619,3.25372,3
867242175434788,2024-03-07T17:41:53.304Z,lsm6dso acceleration sensor,10.64492,0.50278234,3.58412,3
867242185433554,2024-03-07T17:41:53.314Z,lsm6dso acceleration sensor,12.153267,-0.12689269,4.4723687,3
867242195432320,2024-03-07T17:41:53.324Z,lsm6dso acceleration sensor,12.780548,-0.4429273,4.8865657,3
867242205431086,2024-03-07T17:41:53.333Z,lsm6dso acceleration sensor,13.20911,-1.1971009,5.18614,3
867242215429852,2024-03-07T17:41:53.343Z,lsm6dso acceleration sensor,13.166015,-1.6136919,5.1574097,3
867242225428618,2024-03-07T17:41:53.354Z,lsm6dso acceleration sensor,12.960114,-2.2888567,4.405331,3
867242235427384,2024-03-07T17:41:53.364Z,lsm6dso acceleration sensor,13.261783,-2.5594015,3.928885,3
867242245426084,2024-03-07T17:41:53.374Z,lsm6dso acceleration sensor,14.166791,-2.8754363,3.9432502,3
867242255424850,2024-03-07T17:41:53.384Z,lsm6dso acceleration sensor,14.664784,-2.980781,4.3861775,3
867242265423616,2024-03-07T17:41:53.394Z,lsm6dso acceleration sensor,14.592958,-2.554613,4.855441,3
867242275422349,2024-03-07T17:41:53.404Z,lsm6dso acceleration sensor,14.114119,-2.0111294,4.7907977,3
867242285421149,2024-03-07T17:41:53.414Z,lsm6dso acceleration sensor,13.46529,-0.4141969,5.1574097,3
867242295420915,2024-03-07T17:41:53.424Z,lsm6dso acceleration sensor,13.221081,0.5770026,5.4638677,3
867242305419815,2024-03-07T17:41:53.434Z,lsm6dso acceleration sensor,12.304102,1.9919758,5.588366,3
867242315418781,2024-03-07T17:41:53.443Z,lsm6dso acceleration sensor,11.367969,2.5354595,5.662586,3
867242325417747,2024-03-07T17:41:53.454Z,lsm6dso acceleration sensor,9.112631,2.9137435,6.4239426,3
867242335416713,2024-03-07T17:41:53.464Z,lsm6dso acceleration sensor,7.8963766,2.8874073,6.572383,3
867242345415713,2024-03-07T17:41:53.473Z,lsm6dso acceleration sensor,6.359299,2.7365725,6.467038,3
867242355414779,2024-03-07T17:41:53.484Z,lsm6dso acceleration sensor,5.612308,2.5785553,6.1174846,3
867242365413845,2024-03-07T17:41:53.494Z,lsm6dso acceleration sensor,5.574001,2.7509377,5.576395,3
867242375412911,2024-03-07T17:41:53.504Z,lsm6dso acceleration sensor,6.100725,2.9281087,5.394436,3
867242385411911,2024-03-07T17:41:53.514Z,lsm6dso acceleration sensor,8.193257,3.13401,6.0696006,3
867242395410977,2024-03-07T17:41:53.523Z,lsm6dso acceleration sensor,9.320927,3.311181,6.6370263,3
867242405410043,2024-03-07T17:41:53.534Z,lsm6dso acceleration sensor,10.575488,3.7301662,7.6737156,3
867242415409043,2024-03-07T17:41:53.544Z,lsm6dso acceleration sensor,10.563518,3.8738184,8.478168,3
867242425408109,2024-03-07T17:41:53.554Z,lsm6dso acceleration sensor,9.182063,3.727772,9.129391,3
867242435407175,2024-03-07T17:41:53.563Z,lsm6dso acceleration sensor,8.480561,3.4356794,8.983344,3
867242445406241,2024-03-07T17:41:53.574Z,lsm6dso acceleration sensor,7.891588,2.755726,8.092701,3
867242455405307,2024-03-07T17:41:53.583Z,lsm6dso acceleration sensor,7.723994,2.1164744,7.096713,3
867242465404373,2024-03-07T17:41:53.594Z,lsm6dso acceleration sensor,7.4103537,1.0630256,5.384859,3
867242475403439,2024-03-07T17:41:53.604Z,lsm6dso acceleration sensor,7.1493855,0.5482722,4.5154643,3
867242485402505,2024-03-07T17:41:53.614Z,lsm6dso acceleration sensor,6.6298437,0.021547815,3.4213142,3
867242495401505,2024-03-07T17:41:53.624Z,lsm6dso acceleration sensor,6.3114147,-0.04309563,2.9400797,3
867242505400571,2024-03-07T17:41:53.634Z,lsm6dso acceleration sensor,5.59076,0.12449849,2.255338,3
867242515399637,2024-03-07T17:41:53.644Z,lsm6dso acceleration sensor,5.267543,0.34237084,1.8962077,3
867242525398637,2024-03-07T17:41:53.654Z,lsm6dso acceleration sensor,5.1047373,0.7158663,1.532289,3
867242535397703,2024-03-07T17:41:53.664Z,lsm6dso acceleration sensor,5.0209403,0.94331545,1.3838485,3
867242545396769,2024-03-07T17:41:53.674Z,lsm6dso acceleration sensor,4.4436383,1.2856863,1.067814,3
867242555395769,2024-03-07T17:41:53.684Z,lsm6dso acceleration sensor,4.039018,1.412579,0.91697925,3
867242565394835,2024-03-07T17:41:53.694Z,lsm6dso acceleration sensor,3.560178,1.4532804,0.8403648,3
867242575393868,2024-03-07T17:41:53.704Z,lsm6dso acceleration sensor,3.430891,1.388637,0.91219085,3
867242585392901,2024-03-07T17:41:53.713Z,lsm6dso acceleration sensor,3.667917,1.079785,0.89303726,3
867242595390967,2024-03-07T17:41:53.724Z,lsm6dso acceleration sensor,3.976769,0.8690952,0.89543146,3
867242605389833,2024-03-07T17:41:53.734Z,lsm6dso acceleration sensor,5.064036,0.50038815,1.1372458,3
867242615388699,2024-03-07T17:41:53.744Z,lsm6dso acceleration sensor,5.789479,0.320823,1.4796166,3
867242625387532,2024-03-07T17:41:53.754Z,lsm6dso acceleration sensor,7.108684,0.17477672,2.1978772,3
867242635386298,2024-03-07T17:41:53.764Z,lsm6dso acceleration sensor,7.728782,0.19153613,2.6599581,3
867242645385098,2024-03-07T17:41:53.773Z,lsm6dso acceleration sensor,8.995315,0.33279404,3.3279405,3
867242655383831,2024-03-07T17:41:53.784Z,lsm6dso acceleration sensor,9.598654,0.49559975,3.4476504,3
867242665382497,2024-03-07T17:41:53.793Z,lsm6dso acceleration sensor,10.594642,0.878672,3.6822822,3
867242675381230,2024-03-07T17:41:53.804Z,lsm6dso acceleration sensor,11.035175,1.0510546,3.964798,3
867242685379963,2024-03-07T17:41:53.814Z,lsm6dso acceleration sensor,10.937013,1.2497733,4.6519337,3
867242695378696,2024-03-07T17:41:53.824Z,lsm6dso acceleration sensor,10.498874,1.3311762,4.8506527,3
867242705377429,2024-03-07T17:41:53.834Z,lsm6dso acceleration sensor,10.228329,1.4556746,5.1095257,3
867242715376162,2024-03-07T17:41:53.844Z,lsm6dso acceleration sensor,10.522816,1.5035586,5.028123,3
867242725374895,2024-03-07T17:41:53.854Z,lsm6dso acceleration sensor,11.367969,1.5753847,4.687847,3
867242735373628,2024-03-07T17:41:53.864Z,lsm6dso acceleration sensor,11.9497595,1.6017209,4.5992613,3
867242745372328,2024-03-07T17:41:53.874Z,lsm6dso acceleration sensor,12.778153,1.8722657,4.7141833,3
867242755371094,2024-03-07T17:41:53.884Z,lsm6dso acceleration sensor,12.852374,2.1452048,4.537012,3
867242765369860,2024-03-07T17:41:53.894Z,lsm6dso acceleration sensor,12.770971,2.4181437,4.5753193,3
867242775368560,2024-03-07T17:41:53.904Z,lsm6dso acceleration sensor,12.912229,2.4899697,4.4316673,3
867242785367326,2024-03-07T17:41:53.914Z,lsm6dso acceleration sensor,13.0079975,2.3894134,4.050989,3
867242795366092,2024-03-07T17:41:53.924Z,lsm6dso acceleration sensor,13.122919,2.0949266,4.2784386,3
867242805364792,2024-03-07T17:41:53.933Z,lsm6dso acceleration sensor,13.225869,1.1540052,5.1813517,3
867242815363558,2024-03-07T17:41:53.943Z,lsm6dso acceleration sensor,12.960114,0.56982,5.30585,3
867242825362324,2024-03-07T17:41:53.954Z,lsm6dso acceleration sensor,11.087848,-0.5650316,5.7032876,3
867242835361090,2024-03-07T17:41:53.964Z,lsm6dso acceleration sensor,9.823709,-1.2210429,6.2994437,3
867242845359856,2024-03-07T17:41:53.974Z,lsm6dso acceleration sensor,8.851663,-1.5825673,6.833351,3
867242855358622,2024-03-07T17:41:53.984Z,lsm6dso acceleration sensor,8.312967,-1.6519991,7.012916,3
867242865357388,2024-03-07T17:41:53.994Z,lsm6dso acceleration sensor,7.261913,-2.2050598,7.4055653,3
867242875356154,2024-03-07T17:41:54.004Z,lsm6dso acceleration sensor,7.3097973,-2.633622,7.288249,3
867242885354854,2024-03-07T17:41:54.013Z,lsm6dso acceleration sensor,8.322544,-3.3806129,6.6011133,3
867242895353620,2024-03-07T17:41:54.024Z,lsm6dso acceleration sensor,9.02644,-3.8522706,6.53647,3
867242905352386,2024-03-07T17:41:54.034Z,lsm6dso acceleration sensor,10.668862,-4.4603977,6.7854667,3
867242915351086,2024-03-07T17:41:54.044Z,lsm6dso acceleration sensor,11.415853,-4.2401314,6.622661,3
867242925349852,2024-03-07T17:41:54.053Z,lsm6dso acceleration sensor,12.634501,-3.1986535,7.0919247,3
867242935348618,2024-03-07T17:41:54.064Z,lsm6dso acceleration sensor,13.130101,-2.1164744,7.2355766,3
867242945347384,2024-03-07T17:41:54.074Z,lsm6dso acceleration sensor,12.177209,-0.23463176,7.7311764,3
867242955346150,2024-03-07T17:41:54.084Z,lsm6dso acceleration sensor,11.217134,0.7445967,8.037635,3
867242965344916,2024-03-07T17:41:54.094Z,lsm6dso acceleration sensor,8.983344,1.8291701,8.2555065,3
867242975343682,2024-03-07T17:41:54.104Z,lsm6dso acceleration sensor,7.9418664,2.054225,8.042423,3
867242985342448,2024-03-07T17:41:54.114Z,lsm6dso acceleration sensor,6.6394205,2.0446482,7.0320697,3
867242995341148,2024-03-07T17:41:54.124Z,lsm6dso acceleration sensor,6.335357,1.7645266,6.347328,3
867243005339914,2024-03-07T17:41:54.134Z,lsm6dso acceleration sensor,6.1294556,0.8355764,4.429273,3
867243015338680,2024-03-07T17:41:54.144Z,lsm6dso acceleration sensor,6.2252235,0.16998832,3.1052797,3
867243025337380,2024-03-07T17:41:54.154Z,lsm6dso acceleration sensor,6.7016697,-0.8331822,1.2521675,3
867243035336146,2024-03-07T17:41:54.164Z,lsm6dso acceleration sensor,6.9075713,-1.1803415,0.78050977,3
867243045334879,2024-03-07T17:41:54.174Z,lsm6dso acceleration sensor,6.61069,-1.3790601,0.7541735,3
867243055333545,2024-03-07T17:41:54.184Z,lsm6dso acceleration sensor,5.978621,-1.2258313,0.9959879,3
867243065332278,2024-03-07T17:41:54.194Z,lsm6dso acceleration sensor,4.6232033,-0.5315128,1.0271125,3
867243075331011,2024-03-07T17:41:54.204Z,lsm6dso acceleration sensor,4.06296,-0.07182605,1.0869676,3
867243085329744,2024-03-07T17:41:54.214Z,lsm6dso acceleration sensor,3.323152,0.58897364,1.3694834,3
867243095328477,2024-03-07T17:41:54.224Z,lsm6dso acceleration sensor,2.9281087,0.89782566,1.2808979,3
867243105327210,2024-03-07T17:41:54.234Z,lsm6dso acceleration sensor,2.743755,1.352724,0.8379706,3
867243115325943,2024-03-07T17:41:54.244Z,lsm6dso acceleration sensor,2.779668,1.496376,0.5746084,3
867243125324676,2024-03-07T17:41:54.254Z,lsm6dso acceleration sensor,3.2130187,1.6017209,0.055066638,3
867243135323342,2024-03-07T17:41:54.263Z,lsm6dso acceleration sensor,3.4476504,1.5466543,-0.29688102,3
867243145322075,2024-03-07T17:41:54.274Z,lsm6dso acceleration sensor,4.4580035,1.3431472,-0.4237737,3
867243155320108,2024-03-07T17:41:54.284Z,lsm6dso acceleration sensor,5.2124763,1.1611878,-0.4381389,3
867243165318108,2024-03-07T17:41:54.294Z,lsm6dso acceleration sensor,6.502951,0.5602432,-0.079008654,3
867243175316174,2024-03-07T17:41:54.304Z,lsm6dso acceleration sensor,7.190087,0.24181437,0.18914193,3
867243185314940,2024-03-07T17:41:54.313Z,lsm6dso acceleration sensor,8.538023,-0.37110126,1.0007763,3
867243195313706,2024-03-07T17:41:54.324Z,lsm6dso acceleration sensor,9.510069,-0.63206923,1.6232687,3
867243205311772,2024-03-07T17:41:54.334Z,lsm6dso acceleration sensor,10.834062,-1.0319009,2.4732103,3
867243215310538,2024-03-07T17:41:54.344Z,lsm6dso acceleration sensor,11.9497595,-1.3479356,3.0214825,3
867243225309304,2024-03-07T17:41:54.354Z,lsm6dso acceleration sensor,13.771748,-2.2840683,3.8019924,3
867243235308070,2024-03-07T17:41:54.364Z,lsm6dso acceleration sensor,14.590565,-2.6551697,4.630386,3
867243245306770,2024-03-07T17:41:54.374Z,lsm6dso acceleration sensor,13.714287,-3.0765493,5.317821,3
867243255305536,2024-03-07T17:41:54.384Z,lsm6dso acceleration sensor,13.106159,-3.1004913,5.3537345,3
867243265304302,2024-03-07T17:41:54.394Z,lsm6dso acceleration sensor,13.386281,-3.0190883,5.3513403,3
867243275303002,2024-03-07T17:41:54.403Z,lsm6dso acceleration sensor,14.274529,-3.004723,5.873276,3
867243285301768,2024-03-07T17:41:54.414Z,lsm6dso acceleration sensor,15.304336,-2.6910827,6.77589,3
867243295300534,2024-03-07T17:41:54.424Z,lsm6dso acceleration sensor,15.234904,-2.0829554,6.2036757,3
867243305299234,2024-03-07T17:41:54.434Z,lsm6dso acceleration sensor,14.296078,-0.6488287,5.39683,3
867243315298000,2024-03-07T17:41:54.443Z,lsm6dso acceleration sensor,13.719075,0.36152446,5.600337,3
867243325296766,2024-03-07T17:41:54.454Z,lsm6dso acceleration sensor,12.205939,2.1428106,6.1629744,3
867243335294632,2024-03-07T17:41:54.464Z,lsm6dso acceleration sensor,11.490073,2.777274,6.467038,3
867243345293398,2024-03-07T17:41:54.474Z,lsm6dso acceleration sensor,10.431836,3.2968156,7.0608,3
867243355292164,2024-03-07T17:41:54.484Z,lsm6dso acceleration sensor,8.933065,3.0382419,7.31698,3
867243365290930,2024-03-07T17:41:54.494Z,lsm6dso acceleration sensor,6.9793973,2.5761611,8.071154,3
867243375289730,2024-03-07T17:41:54.504Z,lsm6dso acceleration sensor,6.4478846,2.4708161,8.169315,3
867243385288496,2024-03-07T17:41:54.514Z,lsm6dso acceleration sensor,5.7487774,2.4157495,7.8460984,3
867243395287329,2024-03-07T17:41:54.524Z,lsm6dso acceleration sensor,6.2012815,2.4588451,7.9203186,3
867243405286229,2024-03-07T17:41:54.533Z,lsm6dso acceleration sensor,7.5659766,2.3989902,7.8700404,3
867243415285062,2024-03-07T17:41:54.544Z,lsm6dso acceleration sensor,8.676887,2.1643584,8.36564,3
867243425283962,2024-03-07T17:41:54.554Z,lsm6dso acceleration sensor,10.999262,2.1188686,9.627384,3
867243435282862,2024-03-07T17:41:54.564Z,lsm6dso acceleration sensor,11.846809,2.1859062,10.297761,3
867243445281762,2024-03-07T17:41:54.574Z,lsm6dso acceleration sensor,11.717523,2.1332338,9.672874,3
867243455281362,2024-03-07T17:41:54.584Z,lsm6dso acceleration sensor,10.908282,1.8028339,8.928277,3
867243465280928,2024-03-07T17:41:54.594Z,lsm6dso acceleration sensor,9.244312,1.0271125,7.1948752,3
867243475280494,2024-03-07T17:41:54.603Z,lsm6dso acceleration sensor,8.447042,0.50757074,6.124667,3
867243485279360,2024-03-07T17:41:54.614Z,lsm6dso acceleration sensor,7.355287,-0.23702596,4.4556093,3
867243495278160,2024-03-07T17:41:54.624Z,lsm6dso acceleration sensor,6.902783,-0.5650316,3.8738184,3
867243505277026,2024-03-07T17:41:54.634Z,lsm6dso acceleration sensor,6.122273,-0.9840169,2.5570073,3
867243515275892,2024-03-07T17:41:54.644Z,lsm6dso acceleration sensor,5.8996124,-1.0342951,1.8363527,3
867243525274692,2024-03-07T17:41:54.654Z,lsm6dso acceleration sensor,5.882853,-0.7469909,1.4197617,3
867243535273558,2024-03-07T17:41:54.664Z,lsm6dso acceleration sensor,5.9498906,-0.45968673,1.508347,3
867243545272424,2024-03-07T17:41:54.674Z,lsm6dso acceleration sensor,5.813421,0.16519992,1.7956513,3
867243555271224,2024-03-07T17:41:54.683Z,lsm6dso acceleration sensor,5.4878097,0.46208093,1.7286136,3
867243565270090,2024-03-07T17:41:54.694Z,lsm6dso acceleration sensor,5.078401,0.8283938,2.0733786,3
867243575268956,2024-03-07T17:41:54.704Z,lsm6dso acceleration sensor,4.7524905,0.8882488,2.3008277,3
867243585267822,2024-03-07T17:41:54.714Z,lsm6dso acceleration sensor,4.235343,0.7302315,2.5953147,3
867243595266688,2024-03-07T17:41:54.724Z,lsm6dso acceleration sensor,4.048595,0.59136784,2.633622,3
867243605265554,2024-03-07T17:41:54.734Z,lsm6dso acceleration sensor,3.976769,0.25857377,2.171541,3
867243615264420,2024-03-07T17:41:54.743Z,lsm6dso acceleration sensor,4.144363,0.06703765,2.0374656,3
867243624951398,2024-03-07T17:41:54.753Z,lsm6dso acceleration sensor,4.7309427,-0.08619126,1.8602947,3
867243634951098,2024-03-07T17:41:54.763Z,lsm6dso acceleration sensor,5.114314,-0.074220255,1.6687586,3
867243644949964,2024-03-07T17:41:54.773Z,lsm6dso acceleration sensor,5.660192,0.10534488,1.4317327,3
867243654948830,2024-03-07T17:41:54.783Z,lsm6dso acceleration sensor,5.957073,0.32561144,1.3096284,3
867243664947630,2024-03-07T17:41:54.793Z,lsm6dso acceleration sensor,6.751948,0.80924016,1.2976574,3
867243674946463,2024-03-07T17:41:54.802Z,lsm6dso acceleration sensor,7.2116346,1.103727,1.2689269,3
867243684945263,2024-03-07T17:41:54.813Z,lsm6dso acceleration sensor,8.056788,1.3838485,1.30484,3
867243694944063,2024-03-07T17:41:54.823Z,lsm6dso acceleration sensor,8.719982,1.4891934,1.4341269,3
867243704942796,2024-03-07T17:41:54.833Z,lsm6dso acceleration sensor,9.593865,1.541866,1.5873557,3
867243714941529,2024-03-07T17:41:54.843Z,lsm6dso acceleration sensor,9.775825,1.4437037,1.5514427,3
867243724940262,2024-03-07T17:41:54.853Z,lsm6dso acceleration sensor,9.969755,1.091756,1.8770541,3
867243734938995,2024-03-07T17:41:54.863Z,lsm6dso acceleration sensor,9.957784,0.92416185,2.2385786,3
867243744937661,2024-03-07T17:41:54.873Z,lsm6dso acceleration sensor,10.144532,0.59615624,2.7485435,3
867243754936394,2024-03-07T17:41:54.883Z,lsm6dso acceleration sensor,10.549152,0.48362875,2.9879637,3
867243764935127,2024-03-07T17:41:54.893Z,lsm6dso acceleration sensor,11.8300495,0.2705448,3.6391866,3
867243774933827,2024-03-07T17:41:54.903Z,lsm6dso acceleration sensor,12.414235,0.31364042,4.2664676,3
867243784932593,2024-03-07T17:41:54.912Z,lsm6dso acceleration sensor,12.811672,0.49320555,4.819528,3
867243794931359,2024-03-07T17:41:54.923Z,lsm6dso acceleration sensor,12.840403,0.78290397,5.0592475,3
867243804930759,2024-03-07T17:41:54.933Z,lsm6dso acceleration sensor,12.89547,1.6160861,5.8876414,3
867243814929525,2024-03-07T17:41:54.943Z,lsm6dso acceleration sensor,12.596194,2.0231004,6.1917048,3
867243824928291,2024-03-07T17:41:54.953Z,lsm6dso acceleration sensor,12.050317,2.3391352,5.6673746,3
867243834927057,2024-03-07T17:41:54.963Z,lsm6dso acceleration sensor,11.868357,2.2720973,5.0257287,3
867243844925823,2024-03-07T17:41:54.972Z,lsm6dso acceleration sensor,11.913847,1.5801731,4.1706996,3
867243854924589,2024-03-07T17:41:54.983Z,lsm6dso acceleration sensor,11.801319,0.80924016,3.9600096,3
867243864923355,2024-03-07T17:41:54.993Z,lsm6dso acceleration sensor,10.051158,-0.91219085,3.8738184,3
867243874922121,2024-03-07T17:41:55.003Z,lsm6dso acceleration sensor,8.877999,-1.3575124,3.4620156,3
867243884920821,2024-03-07T17:41:55.013Z,lsm6dso acceleration sensor,7.738359,-1.9297266,4.189853,3
867243894918887,2024-03-07T17:41:55.023Z,lsm6dso acceleration sensor,7.9203186,-2.0111294,4.307169,3
867243904917653,2024-03-07T17:41:55.033Z,lsm6dso acceleration sensor,8.583512,-2.767697,5.0712185,3
867243914916353,2024-03-07T17:41:55.043Z,lsm6dso acceleration sensor,9.404723,-3.3806129,5.5716066,3
867243924915119,2024-03-07T17:41:55.053Z,lsm6dso acceleration sensor,10.364799,-4.1036615,6.6753335,3
867243934913885,2024-03-07T17:41:55.063Z,lsm6dso acceleration sensor,10.254665,-4.1611223,7.070377,3
867243944912651,2024-03-07T17:41:55.073Z,lsm6dso acceleration sensor,9.692028,-3.9791632,7.7814546,3
867243954911417,2024-03-07T17:41:55.083Z,lsm6dso acceleration sensor,9.598654,-3.7852328,8.085519,3
867243964910183,2024-03-07T17:41:55.093Z,lsm6dso acceleration sensor,10.31452,-3.3423057,8.877999,3
867243974908949,2024-03-07T17:41:55.102Z,lsm6dso acceleration sensor,10.908282,-2.956839,9.368811,3
867243984907715,2024-03-07T17:41:55.113Z,lsm6dso acceleration sensor,11.734282,-2.0111294,9.771036,3
867243994906415,2024-03-07T17:41:55.123Z,lsm6dso acceleration sensor,11.968914,-1.2330139,9.792584,3
867244004905181,2024-03-07T17:41:55.133Z,lsm6dso acceleration sensor,11.818079,-0.1340753,9.701605,3
867244014903947,2024-03-07T17:41:55.143Z,lsm6dso acceleration sensor,11.291354,0.22266077,9.478944,3
867244024902647,2024-03-07T17:41:55.153Z,lsm6dso acceleration sensor,9.725547,0.090979666,8.612243,3
867244034901413,2024-03-07T17:41:55.162Z,lsm6dso acceleration sensor,8.990526,-0.17956513,7.9298954,3
867244044900179,2024-03-07T17:41:55.173Z,lsm6dso acceleration sensor,8.056788,-0.7733272,6.572383,3
867244054898879,2024-03-07T17:41:55.183Z,lsm6dso acceleration sensor,7.6114664,-1.2090719,5.597943,3
867244064897645,2024-03-07T17:41:55.193Z,lsm6dso acceleration sensor,7.522881,-1.7549498,3.5793316,3
867244074896378,2024-03-07T17:41:55.203Z,lsm6dso acceleration sensor,7.640197,-1.8507179,2.8682537,3
867244084895111,2024-03-07T17:41:55.213Z,lsm6dso acceleration sensor,7.520487,-1.6831238,1.8555063,3
867244094893844,2024-03-07T17:41:55.223Z,lsm6dso acceleration sensor,7.204452,-1.4341269,1.7238252,3
867244104892577,2024-03-07T17:41:55.233Z,lsm6dso acceleration sensor,6.392818,-0.79966336,1.8291701,3
867244114891310,2024-03-07T17:41:55.243Z,lsm6dso acceleration sensor,5.806238,-0.4141969,1.9033904,3
867244124890043,2024-03-07T17:41:55.252Z,lsm6dso acceleration sensor,4.8003745,0.18195933,1.970428,3
867244134888709,2024-03-07T17:41:55.263Z,lsm6dso acceleration sensor,4.381389,0.39264908,2.0949266,3
867244144887442,2024-03-07T17:41:55.272Z,lsm6dso acceleration sensor,3.7014358,0.51954174,2.1284454,3
867244154885475,2024-03-07T17:41:55.283Z,lsm6dso acceleration sensor,3.3063924,0.47405192,1.8052281,3
867244164884141,2024-03-07T17:41:55.293Z,lsm6dso acceleration sensor,3.2393548,0.17238252,1.4077905,3
867244174882874,2024-03-07T17:41:55.303Z,lsm6dso acceleration sensor,3.4739866,-0.033518825,1.3575124,3
867244184880940,2024-03-07T17:41:55.313Z,lsm6dso acceleration sensor,3.775656,-0.4261679,1.328782,3
867244194880373,2024-03-07T17:41:55.323Z,lsm6dso acceleration sensor,3.8714242,-0.521936,1.2425907,3
867244204879139,2024-03-07T17:41:55.333Z,lsm6dso acceleration sensor,4.4340615,-0.48602295,1.0486604,3
867244214877905,2024-03-07T17:41:55.343Z,lsm6dso acceleration sensor,5.054459,-0.38067806,0.9983821,3
867244224876671,2024-03-07T17:41:55.353Z,lsm6dso acceleration sensor,6.301838,-0.16280572,1.055843,3
867244234874737,2024-03-07T17:41:55.363Z,lsm6dso acceleration sensor,6.86687,-0.074220255,1.1420342,3
867244244873437,2024-03-07T17:41:55.373Z,lsm6dso acceleration sensor,8.159739,-0.007182605,1.436521,3
867244254871537,2024-03-07T17:41:55.383Z,lsm6dso acceleration sensor,8.743924,-0.12689269,1.8267759,3
867244264870303,2024-03-07T17:41:55.393Z,lsm6dso acceleration sensor,9.591472,-0.50038815,2.7485435,3
867244274869003,2024-03-07T17:41:55.403Z,lsm6dso acceleration sensor,10.134955,-0.7182605,3.3399115,3
867244284867769,2024-03-07T17:41:55.413Z,lsm6dso acceleration sensor,11.315296,-1.1324574,4.2664676,3
867244294866535,2024-03-07T17:41:55.422Z,lsm6dso acceleration sensor,12.06947,-1.4389153,4.8219223,3
867244304865235,2024-03-07T17:41:55.433Z,lsm6dso acceleration sensor,13.266571,-2.0231004,5.818209,3
867244314864001,2024-03-07T17:41:55.443Z,lsm6dso acceleration sensor,13.489232,-2.267309,5.84694,3
867244324862767,2024-03-07T17:41:55.453Z,lsm6dso acceleration sensor,13.407828,-2.408567,4.9419317,3
867244334861533,2024-03-07T17:41:55.463Z,lsm6dso acceleration sensor,13.635278,-2.3822308,4.4795513,3
867244344860299,2024-03-07T17:41:55.473Z,lsm6dso acceleration sensor,14.049475,-2.4301147,4.367024,3
867244354859065,2024-03-07T17:41:55.483Z,lsm6dso acceleration sensor,13.891458,-2.4756045,4.560954,3
867244364857831,2024-03-07T17:41:55.493Z,lsm6dso acceleration sensor,13.252206,-2.15957,4.5753193,3
867244374856597,2024-03-07T17:41:55.503Z,lsm6dso acceleration sensor,12.732664,-1.7118542,4.465186,3
867244384855297,2024-03-07T17:41:55.513Z,lsm6dso acceleration sensor,11.873145,-0.6631939,4.122815,3
867244394854063,2024-03-07T17:41:55.523Z,lsm6dso acceleration sensor,11.547534,-0.1436521,4.0677485,3
867244404852829,2024-03-07T17:41:55.533Z,lsm6dso acceleration sensor,10.901099,0.842759,3.9336734,3
867244414851562,2024-03-07T17:41:55.543Z,lsm6dso acceleration sensor,10.800543,1.2761095,4.1012673,3
867244424850362,2024-03-07T17:41:55.553Z,lsm6dso acceleration sensor,10.881946,1.685518,4.9610853,3
867244434849262,2024-03-07T17:41:55.563Z,lsm6dso acceleration sensor,10.410288,1.6663644,5.4590793,3
867244444848162,2024-03-07T17:41:55.573Z,lsm6dso acceleration sensor,8.473379,1.7190368,6.5316815,3
867244454847828,2024-03-07T17:41:55.583Z,lsm6dso acceleration sensor,7.424719,1.934515,6.6968813,3
867244464846828,2024-03-07T17:41:55.593Z,lsm6dso acceleration sensor,6.1797338,2.327164,6.938696,3
867244474845828,2024-03-07T17:41:55.603Z,lsm6dso acceleration sensor,5.6889224,2.4037786,7.000945,3
867244484845528,2024-03-07T17:41:55.613Z,lsm6dso acceleration sensor,5.7990556,2.3894134,7.364864,3
867244494844561,2024-03-07T17:41:55.623Z,lsm6dso acceleration sensor,6.77589,2.4708161,7.716811,3
867244504843627,2024-03-07T17:41:55.632Z,lsm6dso acceleration sensor,9.280225,2.9640217,7.96102,3
867244514842693,2024-03-07T17:41:55.643Z,lsm6dso acceleration sensor,10.364799,3.071761,8.3273325,3
867244524841693,2024-03-07T17:41:55.653Z,lsm6dso acceleration sensor,11.12376,2.9376855,8.490138,3
867244534841459,2024-03-07T17:41:55.663Z,lsm6dso acceleration sensor,11.071088,2.7030537,8.272266,3
867244544840525,2024-03-07T17:41:55.672Z,lsm6dso acceleration sensor,10.283396,2.2720973,7.5300636,3
867244554840191,2024-03-07T17:41:55.683Z,lsm6dso acceleration sensor,9.747094,2.0015526,6.9602437,3
867244564839257,2024-03-07T17:41:55.693Z,lsm6dso acceleration sensor,8.767866,1.2904748,5.732018,3
867244574838323,2024-03-07T17:41:55.703Z,lsm6dso acceleration sensor,8.449437,0.90500826,5.3226094,3
867244584837389,2024-03-07T17:41:55.713Z,lsm6dso acceleration sensor,7.877223,0.44771573,4.5992613,3
867244594836455,2024-03-07T17:41:55.723Z,lsm6dso acceleration sensor,7.472603,0.31124622,4.225766,3
867244604835521,2024-03-07T17:41:55.733Z,lsm6dso acceleration sensor,6.8381395,0.32800564,3.526659,3
867244614834587,2024-03-07T17:41:55.742Z,lsm6dso acceleration sensor,6.5292873,0.46926352,3.098097,3
867244624833653,2024-03-07T17:41:55.753Z,lsm6dso acceleration sensor,6.0696006,0.7158663,2.4037786,3
867244634832653,2024-03-07T17:41:55.763Z,lsm6dso acceleration sensor,5.794267,0.8571242,2.030283,3
867244644831719,2024-03-07T17:41:55.773Z,lsm6dso acceleration sensor,5.30585,0.9792285,1.448492,3
867244654830785,2024-03-07T17:41:55.782Z,lsm6dso acceleration sensor,4.994604,1.0031705,1.0941502,3
867244664829785,2024-03-07T17:41:55.793Z,lsm6dso acceleration sensor,4.259285,0.80684596,0.7062895,3
867244674828851,2024-03-07T17:41:55.803Z,lsm6dso acceleration sensor,3.8953662,0.6655881,0.8379706,3
867244684827917,2024-03-07T17:41:55.813Z,lsm6dso acceleration sensor,3.2561142,0.39025488,0.94810385,3
867244694826983,2024-03-07T17:41:55.823Z,lsm6dso acceleration sensor,2.9712043,0.2705448,0.7541735,3
867244704826049,2024-03-07T17:41:55.833Z,lsm6dso acceleration sensor,3.2561142,0.06943185,0.2681506,3
867244714825082,2024-03-07T17:41:55.843Z,lsm6dso acceleration sensor,3.6822822,0.009576807,0.06703765,3
867244724824115,2024-03-07T17:41:55.853Z,lsm6dso acceleration sensor,4.429273,-0.0047884034,-0.08379706,3
867244734823048,2024-03-07T17:41:55.863Z,lsm6dso acceleration sensor,4.663905,0.07182605,0.079008654,3
867244744821914,2024-03-07T17:41:55.873Z,lsm6dso acceleration sensor,5.2052937,0.3184288,0.59136784,3
867244754820780,2024-03-07T17:41:55.883Z,lsm6dso acceleration sensor,5.7727194,0.45729253,0.9720459,3
867244764819613,2024-03-07T17:41:55.893Z,lsm6dso acceleration sensor,7.5061216,0.61291564,1.3551182,3
867244774818379,2024-03-07T17:41:55.903Z,lsm6dso acceleration sensor,8.672098,0.6344634,1.5514427,3
867244784817179,2024-03-07T17:41:55.913Z,lsm6dso acceleration sensor,10.664074,0.641646,2.3247697,3
867244794815912,2024-03-07T17:41:55.923Z,lsm6dso acceleration sensor,11.262624,0.6895301,2.896984,3
867244804814578,2024-03-07T17:41:55.933Z,lsm6dso acceleration sensor,11.406276,0.93613285,4.1252093,3
867244814813311,2024-03-07T17:41:55.942Z,lsm6dso acceleration sensor,11.011233,1.1851299,4.8386817,3
867244824812044,2024-03-07T17:41:55.953Z,lsm6dso acceleration sensor,10.470143,1.7764976,5.468656,3
867244834810777,2024-03-07T17:41:55.963Z,lsm6dso acceleration sensor,10.486903,2.0446482,5.5596356,3
867244844809510,2024-03-07T17:41:55.973Z,lsm6dso acceleration sensor,10.987291,2.4756045,6.083966,3
867244854808243,2024-03-07T17:41:55.983Z,lsm6dso acceleration sensor,11.207558,2.7030537,6.3281746,3
867244864806976,2024-03-07T17:41:55.993Z,lsm6dso acceleration sensor,11.272201,3.1675289,6.37127,3
867244874805709,2024-03-07T17:41:56.003Z,lsm6dso acceleration sensor,11.195586,3.4284968,5.8517284,3
867244884804375,2024-03-07T17:41:56.013Z,lsm6dso acceleration sensor,11.607389,3.4332852,4.879383,3
867244894803108,2024-03-07T17:41:56.023Z,lsm6dso acceleration sensor,12.222699,3.2106245,4.3598413,3
867244904801874,2024-03-07T17:41:56.033Z,lsm6dso acceleration sensor,13.472472,2.4660277,3.8259344,3
867244914800574,2024-03-07T17:41:56.043Z,lsm6dso acceleration sensor,14.138061,1.7621324,4.247314,3
867244924799340,2024-03-07T17:41:56.053Z,lsm6dso acceleration sensor,14.85662,0.04309563,6.4359136,3
867244934798106,2024-03-07T17:41:56.063Z,lsm6dso acceleration sensor,14.592958,-0.61530983,7.522881,3
867244944796872,2024-03-07T17:41:56.073Z,lsm6dso acceleration sensor,12.098201,-0.61770403,7.3959885,3
867244954795638,2024-03-07T17:41:56.083Z,lsm6dso acceleration sensor,10.424653,-0.81642276,8.236353,3
867244964794404,2024-03-07T17:41:56.093Z,lsm6dso acceleration sensor,8.605061,-1.9752164,9.641749,3
867244974793170,2024-03-07T17:41:56.103Z,lsm6dso acceleration sensor,8.03524,-2.8323407,10.429441,3
867244984791936,2024-03-07T17:41:56.113Z,lsm6dso acceleration sensor,7.343316,-4.3766007,9.5795,3
867244994790636,2024-03-07T17:41:56.122Z,lsm6dso acceleration sensor,7.8604636,-5.1406503,8.729559,3
867245004789402,2024-03-07T17:41:56.133Z,lsm6dso acceleration sensor,10.379164,-6.0935426,7.216423,3
867245014788168,2024-03-07T17:41:56.143Z,lsm6dso acceleration sensor,12.162844,-6.2587423,6.320992,3
867245024786868,2024-03-07T17:41:56.153Z,lsm6dso acceleration sensor,13.743017,-5.6554036,4.8578353,3
867245034785634,2024-03-07T17:41:56.163Z,lsm6dso acceleration sensor,13.802872,-4.76925,4.757279,3
867245044784400,2024-03-07T17:41:56.173Z,lsm6dso acceleration sensor,13.067852,-2.8203697,6.1055136,3
867245054783100,2024-03-07T17:41:56.182Z,lsm6dso acceleration sensor,12.524368,-1.4293385,7.376835,3
867245064781866,2024-03-07T17:41:56.193Z,lsm6dso acceleration sensor,10.357615,0.5243302,8.968979,3
867245074780632,2024-03-07T17:41:56.203Z,lsm6dso acceleration sensor,8.585907,1.316811,9.00968,3
867245084779398,2024-03-07T17:41:56.213Z,lsm6dso acceleration sensor,6.1629744,1.9297266,8.29142,3
867245094778164,2024-03-07T17:41:56.223Z,lsm6dso acceleration sensor,5.63625,2.0015526,7.5516114,3
867245104776930,2024-03-07T17:41:56.233Z,lsm6dso acceleration sensor,5.791873,1.8674773,5.964256,3
867245114775696,2024-03-07T17:41:56.243Z,lsm6dso acceleration sensor,6.1797338,1.472434,4.9730563,3
867245124774462,2024-03-07T17:41:56.253Z,lsm6dso acceleration sensor,7.096713,0.62009823,2.930503,3
867245134773162,2024-03-07T17:41:56.263Z,lsm6dso acceleration sensor,7.5779476,0.260968,2.291251,3
867245144771928,2024-03-07T17:41:56.273Z,lsm6dso acceleration sensor,8.052,-0.47884035,1.8435353,3
867245154804028,2024-03-07T17:41:56.283Z,lsm6dso acceleration sensor,7.735965,-0.81881696,1.9680338,3
867245164835361,2024-03-07T17:41:56.293Z,lsm6dso acceleration sensor,6.6777277,-1.0199299,2.1883004,3
867245174866527,2024-03-07T17:41:56.303Z,lsm6dso acceleration sensor,5.880459,-1.0462662,2.291251,3
867245184897927,2024-03-07T17:41:56.313Z,lsm6dso acceleration sensor,4.757279,-0.8283938,2.2577322,3
867245194929260,2024-03-07T17:41:56.323Z,lsm6dso acceleration sensor,4.074931,-0.7637503,2.042254,3
867245204961326,2024-03-07T17:41:56.333Z,lsm6dso acceleration sensor,3.4811692,-0.5722142,1.436521,3
867245214993392,2024-03-07T17:41:56.343Z,lsm6dso acceleration sensor,3.2728736,-0.45250413,1.1085154,3
867245225025458,2024-03-07T17:41:56.354Z,lsm6dso acceleration sensor,3.1507695,-0.15801731,0.6703765,3
867245235057524,2024-03-07T17:41:56.364Z,lsm6dso acceleration sensor,3.2202013,-0.019153614,0.5746084,3
867245245089524,2024-03-07T17:41:56.374Z,lsm6dso acceleration sensor,3.5936968,0.30885202,0.36391866,3
867245255121590,2024-03-07T17:41:56.384Z,lsm6dso acceleration sensor,3.8738184,0.5770026,0.25617957,3
867245265153656,2024-03-07T17:41:56.394Z,lsm6dso acceleration sensor,4.2880154,0.92895025,0.4165911,3
867245275185656,2024-03-07T17:41:56.404Z,lsm6dso acceleration sensor,4.4939165,1.1180922,0.47644615,3
867245285217722,2024-03-07T17:41:56.414Z,lsm6dso acceleration sensor,5.030517,1.4508862,0.7062895,3
867245295249788,2024-03-07T17:41:56.424Z,lsm6dso acceleration sensor,5.5548472,1.5131354,0.7445967,3
867245305281821,2024-03-07T17:41:56.434Z,lsm6dso acceleration sensor,6.9482727,1.2976574,1.0223241,3
867245315312987,2024-03-07T17:41:56.444Z,lsm6dso acceleration sensor,7.642591,1.067814,1.2018893,3
867245325345087,2024-03-07T17:41:56.454Z,lsm6dso acceleration sensor,8.66731,0.50278234,1.6304513,3
867245335377187,2024-03-07T17:41:56.464Z,lsm6dso acceleration sensor,9.033623,0.19393034,2.0278888,3
867245345409287,2024-03-07T17:41:56.474Z,lsm6dso acceleration sensor,10.149321,-0.34715924,3.1268275,3
867245355441387,2024-03-07T17:41:56.484Z,lsm6dso acceleration sensor,11.090241,-0.62728083,3.7421372,3
867245365473487,2024-03-07T17:41:56.494Z,lsm6dso acceleration sensor,12.766183,-1.316811,4.390966,3
867245375505587,2024-03-07T17:41:56.504Z,lsm6dso acceleration sensor,13.640066,-1.8171991,4.7979803,3
867245385537620,2024-03-07T17:41:56.514Z,lsm6dso acceleration sensor,13.872304,-2.681506,4.8338933,3
867245395569720,2024-03-07T17:41:56.524Z,lsm6dso acceleration sensor,13.735834,-3.1411927,4.474763,3
867245405601820,2024-03-07T17:41:56.534Z,lsm6dso acceleration sensor,14.042293,-3.7660792,3.70383,3
867245415633853,2024-03-07T17:41:56.544Z,lsm6dso acceleration sensor,14.336779,-3.9097314,3.6128504,3
867245425665953,2024-03-07T17:41:56.554Z,lsm6dso acceleration sensor,14.250587,-3.6535518,3.8426938,3
867245435698053,2024-03-07T17:41:56.564Z,lsm6dso acceleration sensor,13.757382,-3.0119057,3.7349546,3
867245445730086,2024-03-07T17:41:56.574Z,lsm6dso acceleration sensor,13.336002,-1.3742718,3.739743,3
867245455728852,2024-03-07T17:41:56.583Z,lsm6dso acceleration sensor,13.44853,-0.2896984,3.964798,3
867245465728318,2024-03-07T17:41:56.594Z,lsm6dso acceleration sensor,13.46529,1.3335704,4.3406878,3
867245475728018,2024-03-07T17:41:56.604Z,lsm6dso acceleration sensor,13.867516,1.922544,4.76925,3
867245485727484,2024-03-07T17:41:56.614Z,lsm6dso acceleration sensor,13.331214,2.2888567,6.060024,3
867245495726950,2024-03-07T17:41:56.624Z,lsm6dso acceleration sensor,11.595418,2.4061728,6.5771713,3
867245505725716,2024-03-07T17:41:56.633Z,lsm6dso acceleration sensor,8.085519,2.5258827,7.285855,3
867245515724516,2024-03-07T17:41:56.644Z,lsm6dso acceleration sensor,6.9315133,2.5809495,7.3481045,3
867245525723282,2024-03-07T17:41:56.654Z,lsm6dso acceleration sensor,5.650615,2.5617957,7.67611,3
867245535722115,2024-03-07T17:41:56.664Z,lsm6dso acceleration sensor,6.586748,2.882619,7.91553,3
867245545721015,2024-03-07T17:41:56.674Z,lsm6dso acceleration sensor,8.324939,2.966416,8.380005,3
867245555719848,2024-03-07T17:41:56.684Z,lsm6dso acceleration sensor,9.632173,2.9281087,9.012074,3
867245565718748,2024-03-07T17:41:56.694Z,lsm6dso acceleration sensor,11.11179,2.9592333,10.199598,3
867245575717648,2024-03-07T17:41:56.703Z,lsm6dso acceleration sensor,11.370363,2.9520507,10.415076,3
867245585716548,2024-03-07T17:41:56.713Z,lsm6dso acceleration sensor,11.305719,2.6048915,9.833285,3
867245595715448,2024-03-07T17:41:56.724Z,lsm6dso acceleration sensor,10.920253,2.1045034,9.182063,3
867245605714314,2024-03-07T17:41:56.734Z,lsm6dso acceleration sensor,9.80695,1.0726024,6.950667,3
867245615714114,2024-03-07T17:41:56.744Z,lsm6dso acceleration sensor,9.217976,0.51714754,5.4638677,3
867245625712980,2024-03-07T17:41:56.754Z,lsm6dso acceleration sensor,8.463802,-0.34237084,3.6008794,3
867245635711780,2024-03-07T17:41:56.764Z,lsm6dso acceleration sensor,7.970597,-0.60094464,2.882619,3
867245645710646,2024-03-07T17:41:56.774Z,lsm6dso acceleration sensor,7.034464,-0.61770403,2.0685902,3
867245655709512,2024-03-07T17:41:56.784Z,lsm6dso acceleration sensor,6.5292873,-0.39264908,1.7741034,3
867245665708312,2024-03-07T17:41:56.794Z,lsm6dso acceleration sensor,5.8493342,0.22984336,1.5801731,3
867245675707178,2024-03-07T17:41:56.804Z,lsm6dso acceleration sensor,5.645827,0.6392518,1.745373,3
867245685706044,2024-03-07T17:41:56.813Z,lsm6dso acceleration sensor,4.9993925,1.2497733,1.8507179,3
867245695704844,2024-03-07T17:41:56.824Z,lsm6dso acceleration sensor,4.4699745,1.5658079,1.6352397,3
867245705703710,2024-03-07T17:41:56.834Z,lsm6dso acceleration sensor,3.7325604,1.7238252,0.62488663,3
867245715702576,2024-03-07T17:41:56.843Z,lsm6dso acceleration sensor,3.5003228,1.6232687,0.63206923,3
867245725701442,2024-03-07T17:41:56.854Z,lsm6dso acceleration sensor,3.4261026,1.1779473,0.89782566,3
867245735700308,2024-03-07T17:41:56.864Z,lsm6dso acceleration sensor,3.3399115,0.8355764,0.9864111,3
867245745699174,2024-03-07T17:41:56.874Z,lsm6dso acceleration sensor,3.2848446,0.36631286,1.043872,3
867245755698040,2024-03-07T17:41:56.884Z,lsm6dso acceleration sensor,3.5075054,0.1316811,1.1707647,3
867245765696906,2024-03-07T17:41:56.893Z,lsm6dso acceleration sensor,4.1802764,-0.14844051,1.3000516,3
867245775695706,2024-03-07T17:41:56.904Z,lsm6dso acceleration sensor,4.7860093,-0.17238252,1.1611878,3
867245785694572,2024-03-07T17:41:56.914Z,lsm6dso acceleration sensor,6.052841,-0.088585466,0.7517793,3
867245795693438,2024-03-07T17:41:56.924Z,lsm6dso acceleration sensor,7.048829,0.06464344,0.4237737,3
867245805692238,2024-03-07T17:41:56.934Z,lsm6dso acceleration sensor,8.834904,0.18914193,0.1604115,3
867245815691071,2024-03-07T17:41:56.944Z,lsm6dso acceleration sensor,10.12059,0.1436521,0.35673606,3
867245825689871,2024-03-07T17:41:56.954Z,lsm6dso acceleration sensor,11.990461,-0.36152446,1.733402,3
867245835688671,2024-03-07T17:41:56.963Z,lsm6dso acceleration sensor,12.057499,-0.5530606,2.2361844,3
867245845687404,2024-03-07T17:41:56.974Z,lsm6dso acceleration sensor,10.673651,-0.6799533,3.1244333,3
867245855686137,2024-03-07T17:41:56.984Z,lsm6dso acceleration sensor,9.957784,-0.48362875,3.3303347,3
867245865684870,2024-03-07T17:41:56.994Z,lsm6dso acceleration sensor,9.500492,0.095768064,3.9456444,3
867245875683603,2024-03-07T17:41:57.004Z,lsm6dso acceleration sensor,9.86441,0.5291186,4.6591167,3
867245885682269,2024-03-07T17:41:57.014Z,lsm6dso acceleration sensor,11.226711,1.8890251,6.6298437,3
867245895681002,2024-03-07T17:41:57.024Z,lsm6dso acceleration sensor,12.000038,2.7365725,7.484574,3
867245905679735,2024-03-07T17:41:57.034Z,lsm6dso acceleration sensor,12.110171,3.763685,7.4654202,3
867245915678401,2024-03-07T17:41:57.044Z,lsm6dso acceleration sensor,12.083836,4.3143516,7.214029,3
867245925677134,2024-03-07T17:41:57.054Z,lsm6dso acceleration sensor,12.512398,4.7740383,5.868488,3
867245935675900,2024-03-07T17:41:57.064Z,lsm6dso acceleration sensor,12.976872,4.5801077,4.9898157,3
867245945674600,2024-03-07T17:41:57.074Z,lsm6dso acceleration sensor,14.22904,3.8235402,4.2401314,3
867245955673366,2024-03-07T17:41:57.084Z,lsm6dso acceleration sensor,14.535498,3.4165258,3.6894648,3
867245965672132,2024-03-07T17:41:57.094Z,lsm6dso acceleration sensor,14.099753,2.870648,2.834735,3
867245975670898,2024-03-07T17:41:57.104Z,lsm6dso acceleration sensor,13.350368,2.3343468,2.5594015,3
867245985669664,2024-03-07T17:41:57.114Z,lsm6dso acceleration sensor,12.237064,1.079785,2.7581203,3
867245995668430,2024-03-07T17:41:57.124Z,lsm6dso acceleration sensor,11.348815,0.22505496,3.3901896,3
867246005667196,2024-03-07T17:41:57.134Z,lsm6dso acceleration sensor,9.246706,-2.4253263,4.7740383,3
867246015665962,2024-03-07T17:41:57.144Z,lsm6dso acceleration sensor,8.9187,-3.9983168,6.8118033,3
867246025664662,2024-03-07T17:41:57.154Z,lsm6dso acceleration sensor,7.8341274,-4.8745947,6.3090205,3
867246035663428,2024-03-07T17:41:57.164Z,lsm6dso acceleration sensor,8.004115,-3.8881836,6.7112465,3
867246045662194,2024-03-07T17:41:57.174Z,lsm6dso acceleration sensor,9.330503,-2.791639,8.535628,3
867246055660894,2024-03-07T17:41:57.184Z,lsm6dso acceleration sensor,9.804555,-2.9472623,8.533235,3
867246065659660,2024-03-07T17:41:57.194Z,lsm6dso acceleration sensor,11.509227,-3.2992098,9.814132,3
867246075658426,2024-03-07T17:41:57.204Z,lsm6dso acceleration sensor,12.7613945,-3.1244333,10.939406,3
867246085657192,2024-03-07T17:41:57.214Z,lsm6dso acceleration sensor,13.245023,-2.4875755,11.4876795,3
867246095655958,2024-03-07T17:41:57.224Z,lsm6dso acceleration sensor,12.799702,-1.9632454,10.489297,3
867246105654724,2024-03-07T17:41:57.234Z,lsm6dso acceleration sensor,11.803714,-1.0462662,8.784625,3
867246115653490,2024-03-07T17:41:57.244Z,lsm6dso acceleration sensor,11.430218,-0.82599956,8.810962,3
867246125652256,2024-03-07T17:41:57.254Z,lsm6dso acceleration sensor,11.090241,-0.272939,8.983344,3
867246135650956,2024-03-07T17:41:57.264Z,lsm6dso acceleration sensor,10.620978,0.35673606,7.910742,3
867246145649722,2024-03-07T17:41:57.274Z,lsm6dso acceleration sensor,9.134179,1.1755531,6.1270614,3
867246155647788,2024-03-07T17:41:57.283Z,lsm6dso acceleration sensor,8.066365,1.2737153,5.600337,3
867246165645788,2024-03-07T17:41:57.293Z,lsm6dso acceleration sensor,6.2395887,1.0606314,4.1802764,3
867246175643621,2024-03-07T17:41:57.304Z,lsm6dso acceleration sensor,5.2268414,0.6823475,3.1651347,3
867246185642387,2024-03-07T17:41:57.314Z,lsm6dso acceleration sensor,3.98874,0.05746084,1.4413095,3
867246195640387,2024-03-07T17:41:57.324Z,lsm6dso acceleration sensor,3.5122938,-0.260968,0.6967127,3
867246205638453,2024-03-07T17:41:57.334Z,lsm6dso acceleration sensor,2.930503,-0.6440403,0.079008654,3
867246215637219,2024-03-07T17:41:57.344Z,lsm6dso acceleration sensor,2.492364,-0.79008657,-0.079008654,3
867246225635985,2024-03-07T17:41:57.354Z,lsm6dso acceleration sensor,1.9321208,-0.78769237,-0.1604115,3
867246235634718,2024-03-07T17:41:57.364Z,lsm6dso acceleration sensor,1.8028339,-0.6536171,-0.1364695,3
867246245633451,2024-03-07T17:41:57.374Z,lsm6dso acceleration sensor,1.8076223,-0.2633622,0.21308395,3
867246255632184,2024-03-07T17:41:57.384Z,lsm6dso acceleration sensor,2.0446482,0.07182605,0.5291186,3
867246265630917,2024-03-07T17:41:57.394Z,lsm6dso acceleration sensor,2.6623523,0.61291564,1.0055647,3
867246275629583,2024-03-07T17:41:57.404Z,lsm6dso acceleration sensor,3.1387985,0.90021986,1.3215994,3
867246285628316,2024-03-07T17:41:57.414Z,lsm6dso acceleration sensor,3.9384618,1.2425907,2.0278888,3
867246295627049,2024-03-07T17:41:57.424Z,lsm6dso acceleration sensor,4.3239284,1.3239936,2.3104045,3
867246305625715,2024-03-07T17:41:57.434Z,lsm6dso acceleration sensor,5.466262,1.0845734,2.2577322,3
867246315624448,2024-03-07T17:41:57.444Z,lsm6dso acceleration sensor,6.4861917,0.8331822,2.1859062,3
867246325623181,2024-03-07T17:41:57.454Z,lsm6dso acceleration sensor,8.370428,0.24420857,2.2026656,3
867246335621914,2024-03-07T17:41:57.464Z,lsm6dso acceleration sensor,9.296985,-0.12689269,2.4540567,3
867246345620680,2024-03-07T17:41:57.473Z,lsm6dso acceleration sensor,10.647314,-0.94092125,3.0789435,3
867246355619446,2024-03-07T17:41:57.484Z,lsm6dso acceleration sensor,11.54514,-1.5011644,3.2489316,3
867246365618212,2024-03-07T17:41:57.494Z,lsm6dso acceleration sensor,13.256994,-2.837129,4.5154643,3
867246375616978,2024-03-07T17:41:57.504Z,lsm6dso acceleration sensor,14.056658,-3.4213142,4.9251723,3
867246385615678,2024-03-07T17:41:57.514Z,lsm6dso acceleration sensor,14.181156,-4.0222588,5.1214967,3
867246395614444,2024-03-07T17:41:57.524Z,lsm6dso acceleration sensor,14.094965,-4.185065,5.1885343,3
867246405613210,2024-03-07T17:41:57.534Z,lsm6dso acceleration sensor,14.890139,-4.5777135,5.858911,3
867246415611910,2024-03-07T17:41:57.544Z,lsm6dso acceleration sensor,15.675437,-4.76925,6.064812,3
867246425610676,2024-03-07T17:41:57.554Z,lsm6dso acceleration sensor,17.442358,-4.99221,5.334581,3
867246435609442,2024-03-07T17:41:57.564Z,lsm6dso acceleration sensor,18.380884,-4.771644,4.5896845,3
867246445608142,2024-03-07T17:41:57.574Z,lsm6dso acceleration sensor,18.962675,-3.6750996,3.5625722,3
867246455607608,2024-03-07T17:41:57.584Z,lsm6dso acceleration sensor,18.158224,-2.6767175,3.5865142,3
867246465607074,2024-03-07T17:41:57.593Z,lsm6dso acceleration sensor,15.072098,-0.6967127,5.0472765,3
867246475606774,2024-03-07T17:41:57.604Z,lsm6dso acceleration sensor,12.861951,0.107739076,5.5237226,3
867246485605540,2024-03-07T17:41:57.614Z,lsm6dso acceleration sensor,9.512463,0.5674258,5.8756704,3
867246495605006,2024-03-07T17:41:57.624Z,lsm6dso acceleration sensor,8.487744,0.51714754,5.7487774,3
867246505604472,2024-03-07T17:41:57.634Z,lsm6dso acceleration sensor,7.415142,0.6919243,5.430349,3
867246515603238,2024-03-07T17:41:57.644Z,lsm6dso acceleration sensor,6.9219365,1.0702082,5.5931544,3
867246525601938,2024-03-07T17:41:57.654Z,lsm6dso acceleration sensor,5.317821,2.0901382,6.2587423,3
867246535600704,2024-03-07T17:41:57.663Z,lsm6dso acceleration sensor,4.489128,2.566584,6.414366,3
867246545599470,2024-03-07T17:41:57.674Z,lsm6dso acceleration sensor,3.9815574,3.1172507,6.332963,3
867246555598203,2024-03-07T17:41:57.684Z,lsm6dso acceleration sensor,4.5274353,3.3854012,6.2587423,3
867246565597003,2024-03-07T17:41:57.693Z,lsm6dso acceleration sensor,7.226,3.8666358,7.084742,3
867246575595903,2024-03-07T17:41:57.704Z,lsm6dso acceleration sensor,9.074324,3.8498764,7.9562316,3
867246585594803,2024-03-07T17:41:57.714Z,lsm6dso acceleration sensor,10.771812,3.2513258,8.808567,3
867246595593769,2024-03-07T17:41:57.724Z,lsm6dso acceleration sensor,10.877157,2.7581203,8.710405,3
867246605592402,2024-03-07T17:41:57.734Z,lsm6dso acceleration sensor,10.738294,1.541866,8.27466,3
867246615591402,2024-03-07T17:41:57.744Z,lsm6dso acceleration sensor,10.158897,0.58418524,7.5540056,3
867246625590435,2024-03-07T17:41:57.754Z,lsm6dso acceleration sensor,8.708011,-0.8643068,5.7966614,3
867246635589435,2024-03-07T17:41:57.764Z,lsm6dso acceleration sensor,8.284237,-1.3144168,4.9754505,3
867246645588468,2024-03-07T17:41:57.774Z,lsm6dso acceleration sensor,7.702446,-1.6711528,3.9791632,3
867246655587568,2024-03-07T17:41:57.784Z,lsm6dso acceleration sensor,7.278672,-1.6352397,3.478775,3
867246665586601,2024-03-07T17:41:57.794Z,lsm6dso acceleration sensor,6.37127,-1.1348516,2.4588451,3
867246675585701,2024-03-07T17:41:57.804Z,lsm6dso acceleration sensor,5.8206034,-0.62728083,1.934515,3
867246685584801,2024-03-07T17:41:57.814Z,lsm6dso acceleration sensor,5.3393693,0.581791,1.9249382,3
867246695583834,2024-03-07T17:41:57.824Z,lsm6dso acceleration sensor,5.0233345,1.0989386,2.8419175,3
867246705582934,2024-03-07T17:41:57.834Z,lsm6dso acceleration sensor,4.134786,1.8555063,1.2521675,3
867246715582034,2024-03-07T17:41:57.844Z,lsm6dso acceleration sensor,3.8402996,1.9847932,0.93373865,3
867246725581134,2024-03-07T17:41:57.853Z,lsm6dso acceleration sensor,3.8259344,1.9153614,1.2761095,3
867246735580234,2024-03-07T17:41:57.864Z,lsm6dso acceleration sensor,3.8594532,1.7310078,1.4652514,3
867246745579334,2024-03-07T17:41:57.874Z,lsm6dso acceleration sensor,3.8307228,0.9720459,1.2234371,3
867246755578434,2024-03-07T17:41:57.884Z,lsm6dso acceleration sensor,3.9863458,0.4333505,0.9600749,3
867246765577534,2024-03-07T17:41:57.893Z,lsm6dso acceleration sensor,4.8506527,-0.33279404,1.5634137,3
867246775576567,2024-03-07T17:41:57.904Z,lsm6dso acceleration sensor,5.334581,-0.5746084,1.6903064,3
867246785575667,2024-03-07T17:41:57.914Z,lsm6dso acceleration sensor,6.682516,-0.8523358,1.4389153,3
867246795574767,2024-03-07T17:41:57.924Z,lsm6dso acceleration sensor,7.6234374,-0.8619126,1.4221559,3
867246805573800,2024-03-07T17:41:57.933Z,lsm6dso acceleration sensor,8.880393,-0.58418524,1.8986019,3
867246815572900,2024-03-07T17:41:57.944Z,lsm6dso acceleration sensor,9.232341,-0.2705448,2.3942018,3
867246825572000,2024-03-07T17:41:57.954Z,lsm6dso acceleration sensor,9.742306,0.29927522,3.2752678,3
867246835571100,2024-03-07T17:41:57.964Z,lsm6dso acceleration sensor,10.163686,0.58897364,3.8043866,3
867246845570200,2024-03-07T17:41:57.974Z,lsm6dso acceleration sensor,10.252271,1.0510546,5.06643,3
867246855569266,2024-03-07T17:41:57.983Z,lsm6dso acceleration sensor,9.854834,1.3072342,5.7272296,3
867246865568332,2024-03-07T17:41:57.994Z,lsm6dso acceleration sensor,9.225159,1.6112977,6.2467713,3
867246875567298,2024-03-07T17:41:58.004Z,lsm6dso acceleration sensor,9.26586,1.6950948,6.277896,3
867246885566198,2024-03-07T17:41:58.014Z,lsm6dso acceleration sensor,10.221147,1.4580688,6.5077395,3
867246895565098,2024-03-07T17:41:58.024Z,lsm6dso acceleration sensor,10.932224,1.2785037,6.6011133,3
867246905564331,2024-03-07T17:41:58.034Z,lsm6dso acceleration sensor,12.04074,0.9552865,6.809409,3
867246915563131,2024-03-07T17:41:58.044Z,lsm6dso acceleration sensor,12.256218,0.90500826,6.706458,3
867246925561964,2024-03-07T17:41:58.054Z,lsm6dso acceleration sensor,12.476484,0.92655605,6.644209,3
867246935560764,2024-03-07T17:41:58.064Z,lsm6dso acceleration sensor,12.65605,1.0079589,6.5532293,3
867246945559497,2024-03-07T17:41:58.074Z,lsm6dso acceleration sensor,13.268965,1.3814543,6.184522,3
867246955558230,2024-03-07T17:41:58.084Z,lsm6dso acceleration sensor,13.431771,1.6256629,6.0312934,3
867246965556963,2024-03-07T17:41:58.094Z,lsm6dso acceleration sensor,13.632884,1.9560628,6.304232,3
867246975555696,2024-03-07T17:41:58.104Z,lsm6dso acceleration sensor,13.565846,1.9416976,6.467038,3
867246985554429,2024-03-07T17:41:58.114Z,lsm6dso acceleration sensor,12.7853365,1.3599066,6.170157,3
867246995553195,2024-03-07T17:41:58.124Z,lsm6dso acceleration sensor,11.779772,0.4381389,6.4215484,3
867247005551961,2024-03-07T17:41:58.134Z,lsm6dso acceleration sensor,9.407118,-1.4532804,6.3497224,3
867247015550727,2024-03-07T17:41:58.144Z,lsm6dso acceleration sensor,8.14298,-2.2409728,6.1629744,3
867247025549427,2024-03-07T17:41:58.154Z,lsm6dso acceleration sensor,6.3281746,-3.1411927,6.107908,3
867247035548193,2024-03-07T17:41:58.164Z,lsm6dso acceleration sensor,5.5572414,-3.5865142,6.110302,3
867247045546959,2024-03-07T17:41:58.174Z,lsm6dso acceleration sensor,5.2986674,-4.1539397,5.600337,3
867247055545659,2024-03-07T17:41:58.184Z,lsm6dso acceleration sensor,5.650615,-4.285621,5.406407,3
867247065544425,2024-03-07T17:41:58.193Z,lsm6dso acceleration sensor,7.2116346,-4.2521024,5.099949,3
867247075543191,2024-03-07T17:41:58.204Z,lsm6dso acceleration sensor,8.289025,-3.9935284,5.3657055,3
867247085541957,2024-03-07T17:41:58.214Z,lsm6dso acceleration sensor,10.185233,-3.1004913,6.5316815,3
867247095540723,2024-03-07T17:41:58.224Z,lsm6dso acceleration sensor,10.85561,-2.4420857,7.496545,3
867247105539489,2024-03-07T17:41:58.234Z,lsm6dso acceleration sensor,11.437401,-1.0845734,8.65055,3
867247115538255,2024-03-07T17:41:58.244Z,lsm6dso acceleration sensor,11.614572,-0.24899697,8.842086,3
867247125537021,2024-03-07T17:41:58.253Z,lsm6dso acceleration sensor,11.051934,0.8714894,9.112631,3
867247135535721,2024-03-07T17:41:58.264Z,lsm6dso acceleration sensor,10.474932,1.1875241,9.14615,3
867247145534487,2024-03-07T17:41:58.274Z,lsm6dso acceleration sensor,9.057565,1.4748282,8.662521,3
867247155532553,2024-03-07T17:41:58.283Z,lsm6dso acceleration sensor,8.205229,1.4700398,8.0089035,3
867247165530553,2024-03-07T17:41:58.294Z,lsm6dso acceleration sensor,6.9722147,1.0295067,5.9834094,3
867247175528386,2024-03-07T17:41:58.304Z,lsm6dso acceleration sensor,6.5292873,0.7062895,4.6902413,3
867247185527152,2024-03-07T17:41:58.314Z,lsm6dso acceleration sensor,6.0552354,0.17717093,2.861071,3
867247195525152,2024-03-07T17:41:58.324Z,lsm6dso acceleration sensor,5.8110266,-0.05267244,1.9656396,3
867247205523485,2024-03-07T17:41:58.334Z,lsm6dso acceleration sensor,5.183746,-0.320823,1.1468226,3
867247215522251,2024-03-07T17:41:58.344Z,lsm6dso acceleration sensor,4.8243165,-0.37110126,1.0319009,3
867247225521017,2024-03-07T17:41:58.354Z,lsm6dso acceleration sensor,4.0677485,-0.272939,0.91219085,3
867247235519783,2024-03-07T17:41:58.364Z,lsm6dso acceleration sensor,3.7181952,-0.14604631,0.91458505,3
867247245518549,2024-03-07T17:41:58.374Z,lsm6dso acceleration sensor,3.4093432,0.11492168,1.163582,3
867247255517315,2024-03-07T17:41:58.384Z,lsm6dso acceleration sensor,3.4165258,0.23223756,1.292869,3
867247265516081,2024-03-07T17:41:58.394Z,lsm6dso acceleration sensor,3.9145198,0.33997664,1.103727,3
867247275514781,2024-03-07T17:41:58.404Z,lsm6dso acceleration sensor,4.642357,0.35913026,0.90740246,3
867247285513547,2024-03-07T17:41:58.413Z,lsm6dso acceleration sensor,6.3281746,0.37349546,0.79966336,3
867247295512280,2024-03-07T17:41:58.424Z,lsm6dso acceleration sensor,7.0919247,0.25617957,0.9720459,3
867247305510946,2024-03-07T17:41:58.434Z,lsm6dso acceleration sensor,7.012916,-0.15322891,2.2002714,3
867247315509679,2024-03-07T17:41:58.444Z,lsm6dso acceleration sensor,6.4957685,-0.2801216,2.7222073,3
867247325508412,2024-03-07T17:41:58.454Z,lsm6dso acceleration sensor,5.087978,-0.7398083,2.966416,3
867247335507145,2024-03-07T17:41:58.464Z,lsm6dso acceleration sensor,4.7429137,-1.151611,2.8179753,3
867247345505878,2024-03-07T17:41:58.474Z,lsm6dso acceleration sensor,5.7272296,-1.5682021,2.7724855,3
867247355504611,2024-03-07T17:41:58.483Z,lsm6dso acceleration sensor,7.1852984,-1.4987702,2.741361,3
867247365503344,2024-03-07T17:41:58.494Z,lsm6dso acceleration sensor,9.462184,-0.7158663,3.2489316,3
867247375502077,2024-03-07T17:41:58.503Z,lsm6dso acceleration sensor,9.897929,-0.20590134,3.70383,3
867247385500743,2024-03-07T17:41:58.514Z,lsm6dso acceleration sensor,10.788572,0.8523358,4.333505,3
867247395499476,2024-03-07T17:41:58.524Z,lsm6dso acceleration sensor,11.480496,1.2449849,4.5681367,3
867247405497542,2024-03-07T17:41:58.533Z,lsm6dso acceleration sensor,12.18918,1.400608,5.0951605,3
867247415496242,2024-03-07T17:41:58.544Z,lsm6dso acceleration sensor,12.093412,1.1348516,5.406407,3
867247425495008,2024-03-07T17:41:58.554Z,lsm6dso acceleration sensor,12.16045,-0.047884032,5.588366,3
867247435486608,2024-03-07T17:41:58.564Z,lsm6dso acceleration sensor,12.723087,-0.7182605,5.382465,3
867247445478208,2024-03-07T17:41:58.573Z,lsm6dso acceleration sensor,14.552258,-2.2026656,4.417302,3
867247455470574,2024-03-07T17:41:58.584Z,lsm6dso acceleration sensor,15.35222,-2.8299465,3.9073372,3
867247465463007,2024-03-07T17:41:58.594Z,lsm6dso acceleration sensor,16.044144,-3.265691,3.2130187,3
867247475455673,2024-03-07T17:41:58.604Z,lsm6dso acceleration sensor,15.902886,-3.1842883,3.107674,3
867247485447473,2024-03-07T17:41:58.614Z,lsm6dso acceleration sensor,14.971541,-2.4229321,3.7253778,3
867247495440039,2024-03-07T17:41:58.624Z,lsm6dso acceleration sensor,14.382269,-1.6831238,4.321534,3
867247505432339,2024-03-07T17:41:58.634Z,lsm6dso acceleration sensor,13.211504,-0.21787235,5.348946,3
867247515424505,2024-03-07T17:41:58.644Z,lsm6dso acceleration sensor,12.284948,0.557849,6.194099,3
867247525416705,2024-03-07T17:41:58.654Z,lsm6dso acceleration sensor,10.187628,1.661576,7.096713,3
867247535408705,2024-03-07T17:41:58.664Z,lsm6dso acceleration sensor,8.363246,2.042254,7.290643,3
867247545400771,2024-03-07T17:41:58.674Z,lsm6dso acceleration sensor,5.734412,2.5187001,7.8604636,3
867247555392871,2024-03-07T17:41:58.684Z,lsm6dso acceleration sensor,5.2124763,2.6599581,7.8341274,3
867247565385004,2024-03-07T17:41:58.694Z,lsm6dso acceleration sensor,5.791873,2.60968,7.5516114,3
867247575377204,2024-03-07T17:41:58.704Z,lsm6dso acceleration sensor,6.94109,2.4899697,7.486968,3
867247585369404,2024-03-07T17:41:58.714Z,lsm6dso acceleration sensor,9.572318,2.3822308,7.51091,3
867247595361670,2024-03-07T17:41:58.724Z,lsm6dso acceleration sensor,10.199598,2.135628,7.3816233,3
867247605354003,2024-03-07T17:41:58.734Z,lsm6dso acceleration sensor,10.034399,1.364695,7.0608,3
867247615346336,2024-03-07T17:41:58.744Z,lsm6dso acceleration sensor,9.646538,0.7469909,7.0440407,3
867247625338736,2024-03-07T17:41:58.754Z,lsm6dso acceleration sensor,8.897153,-0.34715924,6.586748,3
867247635331136,2024-03-07T17:41:58.764Z,lsm6dso acceleration sensor,8.447042,-0.94810385,5.9379196,3
867247645323602,2024-03-07T17:41:58.774Z,lsm6dso acceleration sensor,7.8365216,-1.7262194,4.4340615,3
867247655316135,2024-03-07T17:41:58.784Z,lsm6dso acceleration sensor,7.803003,-1.9871874,3.9025488,3
867247665308668,2024-03-07T17:41:58.793Z,lsm6dso acceleration sensor,7.63062,-2.1547816,3.0789435,3
867247675301268,2024-03-07T17:41:58.804Z,lsm6dso acceleration sensor,7.5540056,-1.9895816,2.7748797,3
867247685293934,2024-03-07T17:41:58.814Z,lsm6dso acceleration sensor,7.168539,-1.3311762,2.420538,3
867247695286600,2024-03-07T17:41:58.824Z,lsm6dso acceleration sensor,6.9554553,-0.8882488,2.4181437,3
867247705280000,2024-03-07T17:41:58.834Z,lsm6dso acceleration sensor,6.5173163,0.12449849,2.813187,3
867247715272766,2024-03-07T17:41:58.844Z,lsm6dso acceleration sensor,6.2467713,0.6392518,3.0454245,3
867247725265532,2024-03-07T17:41:58.854Z,lsm6dso acceleration sensor,5.600337,1.3814543,3.1004913,3
867247735265532,2024-03-07T17:41:58.864Z,lsm6dso acceleration sensor,5.284302,1.6663644,3.0095115,3
867247745265532,2024-03-07T17:41:58.874Z,lsm6dso acceleration sensor,4.934749,1.8195933,2.7246015,3
867247755265532,2024-03-07T17:41:58.884Z,lsm6dso acceleration sensor,4.8123455,1.7357962,2.6048915,3
867247765265532,2024-03-07T17:41:58.894Z,lsm6dso acceleration sensor,4.560954,1.3838485,2.3654714,3
867247775265532,2024-03-07T17:41:58.904Z,lsm6dso acceleration sensor,4.355053,1.1540052,2.0326772,3
867247785265532,2024-03-07T17:41:58.913Z,lsm6dso acceleration sensor,4.259285,0.8595184,1.5346833,3
867247795265532,2024-03-07T17:41:58.924Z,lsm6dso acceleration sensor,4.4220905,0.81163436,1.3982137,3
867247805265765,2024-03-07T17:41:58.934Z,lsm6dso acceleration sensor,5.1214967,0.842759,1.2617443,3
867247815265531,2024-03-07T17:41:58.944Z,lsm6dso acceleration sensor,5.566818,0.92655605,1.2042835,3
867247825265264,2024-03-07T17:41:58.954Z,lsm6dso acceleration sensor,6.4454904,1.1061212,1.3359646,3
867247835265264,2024-03-07T17:41:58.963Z,lsm6dso acceleration sensor,7.046435,1.1707647,1.4173675,3
867247845265264,2024-03-07T17:41:58.974Z,lsm6dso acceleration sensor,8.140585,1.1875241,1.5035586,3
867247855265230,2024-03-07T17:41:58.984Z,lsm6dso acceleration sensor,8.5499935,1.079785,1.6184803,3
867247865265230,2024-03-07T17:41:58.993Z,lsm6dso acceleration sensor,9.126996,0.59376204,1.9273324,3
867247875265230,2024-03-07T17:41:59.004Z,lsm6dso acceleration sensor,9.522039,0.17956513,2.2864625,3
867247885265230,2024-03-07T17:41:59.014Z,lsm6dso acceleration sensor,9.902718,-0.50757074,3.0382419,3
867247895265230,2024-03-07T17:41:59.023Z,lsm6dso acceleration sensor,9.86441,-0.79008657,3.3279405,3
867247905265230,2024-03-07T17:41:59.034Z,lsm6dso acceleration sensor,9.692028,-1.1611878,3.7325604,3
867247915265230,2024-03-07T17:41:59.044Z,lsm6dso acceleration sensor,9.969755,-1.2904748,3.916914,3
867247925265230,2024-03-07T17:41:59.054Z,lsm6dso acceleration sensor,10.920253,-1.3072342,4.1180267,3
867247935265230,2024-03-07T17:41:59.064Z,lsm6dso acceleration sensor,11.478103,-1.1348516,4.4675803,3
867247945265230,2024-03-07T17:41:59.074Z,lsm6dso acceleration sensor,11.801319,-0.37349546,5.0568533,3
867247955265230,2024-03-07T17:41:59.084Z,lsm6dso acceleration sensor,11.889905,0.37349546,5.2292356,3
867247965265230,2024-03-07T17:41:59.094Z,lsm6dso acceleration sensor,12.806884,1.7669208,5.4878097,3
867247975265230,2024-03-07T17:41:59.104Z,lsm6dso acceleration sensor,13.611336,2.303222,5.4734445,3
867247985265230,2024-03-07T17:41:59.114Z,lsm6dso acceleration sensor,14.569016,2.815581,5.3513403,3
867247995265230,2024-03-07T17:41:59.124Z,lsm6dso acceleration sensor,14.430153,2.870648,5.51654,3
867248005265230,2024-03-07T17:41:59.134Z,lsm6dso acceleration sensor,13.649643,2.4372973,5.9115834,3
867248015265230,2024-03-07T17:41:59.144Z,lsm6dso acceleration sensor,13.37431,1.9249382,5.7008934,3
867248025265230,2024-03-07T17:41:59.154Z,lsm6dso acceleration sensor,12.715904,0.17717093,5.822998,3
867248035265230,2024-03-07T17:41:59.164Z,lsm6dso acceleration sensor,12.028769,-0.91697925,5.9355254,3
867248045265230,2024-03-07T17:41:59.174Z,lsm6dso acceleration sensor,10.506057,-2.4301147,6.2036757,3
867248055265463,2024-03-07T17:41:59.184Z,lsm6dso acceleration sensor,9.308955,-3.040636,6.2276177,3
867248065265463,2024-03-07T17:41:59.194Z,lsm6dso acceleration sensor,7.1493855,-3.632004,6.100725,3
867248075265496,2024-03-07T17:41:59.204Z,lsm6dso acceleration sensor,6.869264,-3.809175,6.1055136,3
867248085265496,2024-03-07T17:41:59.214Z,lsm6dso acceleration sensor,7.9083476,-4.2544966,5.8206034,3
867248095265496,2024-03-07T17:41:59.223Z,lsm6dso acceleration sensor,8.839692,-4.4340615,5.51654,3
867248105265262,2024-03-07T17:41:59.234Z,lsm6dso acceleration sensor,10.21157,-4.1611223,5.336975,3
867248115265262,2024-03-07T17:41:59.244Z,lsm6dso acceleration sensor,10.501268,-3.7373488,5.5093575,3
867248125265262,2024-03-07T17:41:59.254Z,lsm6dso acceleration sensor,10.032004,-2.5929205,5.880459,3
867248135265262,2024-03-07T17:41:59.264Z,lsm6dso acceleration sensor,9.780613,-1.8866309,6.3138094,3
867248145265262,2024-03-07T17:41:59.273Z,lsm6dso acceleration sensor,9.976937,-0.8810662,7.0153103,3
867248155265495,2024-03-07T17:41:59.284Z,lsm6dso acceleration sensor,10.436625,-0.29688102,7.166145,3
867248165265495,2024-03-07T17:41:59.294Z,lsm6dso acceleration sensor,10.661679,0.36870706,7.1996636,3
867248175265495,2024-03-07T17:41:59.304Z,lsm6dso acceleration sensor,10.417471,0.47165772,7.252336,3
867248185265495,2024-03-07T17:41:59.314Z,lsm6dso acceleration sensor,9.545981,0.5554548,6.8501105,3
867248195265495,2024-03-07T17:41:59.324Z,lsm6dso acceleration sensor,9.004891,0.47644615,6.3162036,3
867248205265495,2024-03-07T17:41:59.334Z,lsm6dso acceleration sensor,8.300997,0.019153614,4.94672,3
867248215265495,2024-03-07T17:41:59.344Z,lsm6dso acceleration sensor,8.075942,-0.2633622,4.1922474,3
867248225265695,2024-03-07T17:41:59.354Z,lsm6dso acceleration sensor,7.690475,-0.89303726,2.6192567,3
867248235265695,2024-03-07T17:41:59.364Z,lsm6dso acceleration sensor,7.328951,-1.067814,2.006341,3
867248245265695,2024-03-07T17:41:59.374Z,lsm6dso acceleration sensor,6.5101337,-1.0702082,1.316811,3
867248255265695,2024-03-07T17:41:59.384Z,lsm6dso acceleration sensor,5.8780646,-0.9528923,1.1779473,3
867248265265695,2024-03-07T17:41:59.394Z,lsm6dso acceleration sensor,4.8578353,-0.6392518,1.13964,3
867248275265695,2024-03-07T17:41:59.404Z,lsm6dso acceleration sensor,4.3263226,-0.40222588,1.1587936,3
867248285265695,2024-03-07T17:41:59.414Z,lsm6dso acceleration sensor,3.5673606,0.059855044,1.3000516,3
867248295265695,2024-03-07T17:41:59.423Z,lsm6dso acceleration sensor,3.2992098,0.30885202,1.3934253,3
867248305265928,2024-03-07T17:41:59.434Z,lsm6dso acceleration sensor,3.1866825,0.6368576,1.4293385,3
867248315265928,2024-03-07T17:41:59.444Z,lsm6dso acceleration sensor,3.3854012,0.8403648,1.1971009,3
867248325265928,2024-03-07T17:41:59.454Z,lsm6dso acceleration sensor,4.0557775,1.1779473,0.9720459,3
867248335265928,2024-03-07T17:41:59.464Z,lsm6dso acceleration sensor,4.3502645,1.2521675,0.8499416,3
867248345265928,2024-03-07T17:41:59.474Z,lsm6dso acceleration sensor,4.8506527,1.3982137,0.6775591,3
867248355265694,2024-03-07T17:41:59.484Z,lsm6dso acceleration sensor,5.1454387,1.4341269,0.6368576,3
867248365265694,2024-03-07T17:41:59.493Z,lsm6dso acceleration sensor,5.815815,1.3024458,0.79487497,3
867248375265660,2024-03-07T17:41:59.504Z,lsm6dso acceleration sensor,6.1893106,1.103727,1.1013328,3
867248385265660,2024-03-07T17:41:59.514Z,lsm6dso acceleration sensor,6.488586,0.51954174,1.6328455,3
867248395265660,2024-03-07T17:41:59.524Z,lsm6dso acceleration sensor,6.7950435,0.1436521,1.7286136,3
867248405265660,2024-03-07T17:41:59.534Z,lsm6dso acceleration sensor,8.140585,-0.48602295,1.9321208,3
867248415265660,2024-03-07T17:41:59.544Z,lsm6dso acceleration sensor,9.330503,-0.8283938,2.1188686,3
867248425265660,2024-03-07T17:41:59.554Z,lsm6dso acceleration sensor,11.188404,-1.42455,2.4779987,3
867248435265660,2024-03-07T17:41:59.564Z,lsm6dso acceleration sensor,11.937789,-1.7741034,2.9472623,3
867248445265660,2024-03-07T17:41:59.573Z,lsm6dso acceleration sensor,13.063064,-2.2816741,3.9384618,3
867248455265426,2024-03-07T17:41:59.584Z,lsm6dso acceleration sensor,13.532328,-2.4827871,4.156334,3
867248465265426,2024-03-07T17:41:59.594Z,lsm6dso acceleration sensor,13.841179,-2.6431987,4.2185836,3
867248475265426,2024-03-07T17:41:59.604Z,lsm6dso acceleration sensor,13.958495,-2.657564,4.187459,3
867248485265426,2024-03-07T17:41:59.614Z,lsm6dso acceleration sensor,14.583382,-2.801216,4.0557775,3
867248495265426,2024-03-07T17:41:59.624Z,lsm6dso acceleration sensor,15.040974,-2.89459,3.928885,3
867248505265426,2024-03-07T17:41:59.634Z,lsm6dso acceleration sensor,15.330672,-2.9592333,3.4356794,3
867248515265426,2024-03-07T17:41:59.644Z,lsm6dso acceleration sensor,15.093646,-2.7006595,3.1411927,3
867248525265226,2024-03-07T17:41:59.654Z,lsm6dso acceleration sensor,14.241011,-1.7429788,3.2561142,3
867248535265226,2024-03-07T17:41:59.664Z,lsm6dso acceleration sensor,13.529933,-1.0031705,3.5649664,3
867248545265226,2024-03-07T17:41:59.674Z,lsm6dso acceleration sensor,12.524368,0.35194764,3.8762126,3
867248555265459,2024-03-07T17:41:59.684Z,lsm6dso acceleration sensor,12.170027,0.866701,4.1132383,3
867248565265459,2024-03-07T17:41:59.694Z,lsm6dso acceleration sensor,11.662456,1.388637,5.245995,3
867248575265692,2024-03-07T17:41:59.704Z,lsm6dso acceleration sensor,10.901099,1.5945383,5.6913166,3
867248585265692,2024-03-07T17:41:59.714Z,lsm6dso acceleration sensor,8.55957,2.171541,5.8277864,3
867248595265692,2024-03-07T17:41:59.724Z,lsm6dso acceleration sensor,7.4079595,2.4013844,5.806238,3
867248605265458,2024-03-07T17:41:59.734Z,lsm6dso acceleration sensor,6.347328,2.8538885,6.1510034,3
867248615265458,2024-03-07T17:41:59.744Z,lsm6dso acceleration sensor,6.4742208,3.1411927,6.196493,3
867248625265458,2024-03-07T17:41:59.754Z,lsm6dso acceleration sensor,7.206846,3.2249897,5.9714384,3
867248635265458,2024-03-07T17:41:59.764Z,lsm6dso acceleration sensor,8.286632,3.2034419,6.3497224,3
867248645265458,2024-03-07T17:41:59.774Z,lsm6dso acceleration sensor,10.015245,2.9233203,7.4295073,3
867248655265458,2024-03-07T17:41:59.783Z,lsm6dso acceleration sensor,10.247482,2.516306,7.7455416,3
867248665265458,2024-03-07T17:41:59.794Z,lsm6dso acceleration sensor,10.403106,1.5562311,7.618649,3
867248675265458,2024-03-07T17:41:59.804Z,lsm6dso acceleration sensor,10.477325,0.7733272,7.2595186,3
867248685265458,2024-03-07T17:41:59.814Z,lsm6dso acceleration sensor,10.053553,-0.4405331,6.01214,3
867248695265458,2024-03-07T17:41:59.824Z,lsm6dso acceleration sensor,9.610625,-0.9864111,5.2388124,3
867248705265458,2024-03-07T17:41:59.834Z,lsm6dso acceleration sensor,8.588301,-1.7764976,4.1706996,3
867248715265458,2024-03-07T17:41:59.844Z,lsm6dso acceleration sensor,8.068759,-1.9369092,3.5051112,3
867248725265458,2024-03-07T17:41:59.854Z,lsm6dso acceleration sensor,7.3816233,-1.8076223,2.693477,3
867248735265458,2024-03-07T17:41:59.864Z,lsm6dso acceleration sensor,7.0655885,-1.4939818,2.2744915,3
867248745265458,2024-03-07T17:41:59.874Z,lsm6dso acceleration sensor,6.596325,-0.59615624,1.8555063,3
867248755264524,2024-03-07T17:41:59.884Z,lsm6dso acceleration sensor,6.6729393,-0.107739076,2.0039468,3
867248765264524,2024-03-07T17:41:59.894Z,lsm6dso acceleration sensor,6.428731,0.90261406,2.1284454,3
867248775264524,2024-03-07T17:41:59.904Z,lsm6dso acceleration sensor,6.16058,1.3623008,1.9512744,3
867248785264524,2024-03-07T17:41:59.913Z,lsm6dso acceleration sensor,5.5452704,1.9416976,1.8028339,3
867248795264524,2024-03-07T17:41:59.924Z,lsm6dso acceleration sensor,4.9754505,2.135628,1.3934253,3
867248805264757,2024-03-07T17:41:59.934Z,lsm6dso acceleration sensor,4.0342298,1.8148049,1.0893618,3
867248815264757,2024-03-07T17:41:59.944Z,lsm6dso acceleration sensor,3.892972,1.364695,1.5131354,3
867248825264757,2024-03-07T17:41:59.954Z,lsm6dso acceleration sensor,3.940856,0.50757074,1.508347,3
867248835264757,2024-03-07T17:41:59.963Z,lsm6dso acceleration sensor,4.189853,0.0,1.3862427,3
867248845264757,2024-03-07T17:41:59.974Z,lsm6dso acceleration sensor,4.944326,-0.62488663,1.3311762,3
867248855264523,2024-03-07T17:41:59.983Z,lsm6dso acceleration sensor,5.490204,-0.80205756,1.2090719,3
867248865264523,2024-03-07T17:41:59.994Z,lsm6dso acceleration sensor,6.890812,-0.9672575,0.7158663,3
867248875264523,2024-03-07T17:42:00.004Z,lsm6dso acceleration sensor,7.738359,-0.89543146,0.6344634,3
867248885264523,2024-03-07T17:42:00.014Z,lsm6dso acceleration sensor,8.456619,-0.47644615,1.1683705,3
867248895264523,2024-03-07T17:42:00.024Z,lsm6dso acceleration sensor,8.425495,-0.059855044,1.7238252,3
867248905264523,2024-03-07T17:42:00.034Z,lsm6dso acceleration sensor,8.030452,0.8643068,2.8993783,3
867248915264523,2024-03-07T17:42:00.044Z,lsm6dso acceleration sensor,7.9322896,1.3096284,3.3159695,3
867248925264523,2024-03-07T17:42:00.054Z,lsm6dso acceleration sensor,8.873211,1.7764976,3.359065,3
867248935264523,2024-03-07T17:42:00.064Z,lsm6dso acceleration sensor,9.917083,1.8411411,3.3614593,3
867248945264523,2024-03-07T17:42:00.074Z,lsm6dso acceleration sensor,11.310508,1.8291701,3.691859,3
867248955264523,2024-03-07T17:42:00.084Z,lsm6dso acceleration sensor,11.715128,1.8219875,4.0222588,3
867248965264523,2024-03-07T17:42:00.094Z,lsm6dso acceleration sensor,11.554717,2.0087352,4.5202527,3
867248975264523,2024-03-07T17:42:00.104Z,lsm6dso acceleration sensor,11.083059,2.2409728,4.99221,3
867248985264523,2024-03-07T17:42:00.114Z,lsm6dso acceleration sensor,10.336068,2.7844565,5.8397574,3
867248995264523,2024-03-07T17:42:00.124Z,lsm6dso acceleration sensor,10.31452,3.0909145,6.052841,3
867249005264523,2024-03-07T17:42:00.134Z,lsm6dso acceleration sensor,11.387122,3.3135753,5.645827,3
867249015264523,2024-03-07T17:42:00.144Z,lsm6dso acceleration sensor,12.205939,3.1842883,5.4949923,3
867249025264523,2024-03-07T17:42:00.154Z,lsm6dso acceleration sensor,13.89864,2.5737667,5.303456,3
867249035264523,2024-03-07T17:42:00.164Z,lsm6dso acceleration sensor,14.195521,2.183512,5.3513403,3
867249045264523,2024-03-07T17:42:00.174Z,lsm6dso acceleration sensor,13.843574,1.5011644,5.087978,3
867249055265723,2024-03-07T17:42:00.184Z,lsm6dso acceleration sensor,13.877092,1.0749966,5.0209403,3
867249065265723,2024-03-07T17:42:00.194Z,lsm6dso acceleration sensor,14.554651,0.050278235,5.2890906,3
867249075265723,2024-03-07T17:42:00.204Z,lsm6dso acceleration sensor,14.193127,-0.46208093,5.3561287,3
867249085265723,2024-03-07T17:42:00.214Z,lsm6dso acceleration sensor,11.485285,-1.8674773,5.9139776,3
867249095265723,2024-03-07T17:42:00.224Z,lsm6dso acceleration sensor,9.890746,-2.3535004,6.344934,3
867249105265489,2024-03-07T17:42:00.234Z,lsm6dso acceleration sensor,7.2092404,-2.3942018,7.024887,3
867249115265489,2024-03-07T17:42:00.244Z,lsm6dso acceleration sensor,5.858911,-2.3008277,7.144597,3
867249125265489,2024-03-07T17:42:00.254Z,lsm6dso acceleration sensor,4.4101195,-2.2337902,7.340922,3
867249135265489,2024-03-07T17:42:00.264Z,lsm6dso acceleration sensor,5.0209403,-2.3822308,7.400777,3
867249145265489,2024-03-07T17:42:00.274Z,lsm6dso acceleration sensor,7.3002205,-2.7461493,6.7615247,3
867249155265489,2024-03-07T17:42:00.284Z,lsm6dso acceleration sensor,9.047988,-2.8634653,6.4598556,3
867249165265489,2024-03-07T17:42:00.294Z,lsm6dso acceleration sensor,11.324873,-2.906561,7.4462667,3
867249175265255,2024-03-07T17:42:00.304Z,lsm6dso acceleration sensor,11.494862,-2.6910827,8.095096,3
867249185265255,2024-03-07T17:42:00.314Z,lsm6dso acceleration sensor,11.679215,-1.5825673,8.763078,3
867249195265255,2024-03-07T17:42:00.324Z,lsm6dso acceleration sensor,11.758224,-0.7589619,8.885181,3
867249205265255,2024-03-07T17:42:00.334Z,lsm6dso acceleration sensor,11.284172,0.45729253,9.584289,3
867249215265255,2024-03-07T17:42:00.344Z,lsm6dso acceleration sensor,10.5084505,1.0247183,9.732729,3
867249225265255,2024-03-07T17:42:00.354Z,lsm6dso acceleration sensor,9.004891,1.7956513,9.613019,3
867249235265255,2024-03-07T17:42:00.364Z,lsm6dso acceleration sensor,8.145373,1.9895816,9.064747,3
867249245265255,2024-03-07T17:42:00.374Z,lsm6dso acceleration sensor,7.094319,2.0015526,7.496545,3
867249255265255,2024-03-07T17:42:00.384Z,lsm6dso acceleration sensor,6.7088523,1.6663644,6.4000006,3
867249265265255,2024-03-07T17:42:00.394Z,lsm6dso acceleration sensor,6.622661,0.8331822,4.2281604,3
867249275265255,2024-03-07T17:42:00.404Z,lsm6dso acceleration sensor,6.778284,0.29209262,2.825158,3
867249285265255,2024-03-07T17:42:00.414Z,lsm6dso acceleration sensor,6.8644757,-0.5554548,1.1827357,3
867249295265255,2024-03-07T17:42:00.424Z,lsm6dso acceleration sensor,6.596325,-0.82599956,0.8331822,3
867249305265488,2024-03-07T17:42:00.434Z,lsm6dso acceleration sensor,5.662586,-0.9959879,0.8451532,3
867249315265488,2024-03-07T17:42:00.444Z,lsm6dso acceleration sensor,4.9132013,-1.0007763,0.90500826,3
867249325265488,2024-03-07T17:42:00.454Z,lsm6dso acceleration sensor,3.4835634,-0.92895025,1.055843,3
867249335265488,2024-03-07T17:42:00.464Z,lsm6dso acceleration sensor,2.9999347,-0.8834604,1.043872,3
867249345265488,2024-03-07T17:42:00.474Z,lsm6dso acceleration sensor,2.4636335,-0.6703765,1.1827357,3
867249355265221,2024-03-07T17:42:00.484Z,lsm6dso acceleration sensor,2.6264393,-0.5363012,1.3000516,3
867249365265221,2024-03-07T17:42:00.494Z,lsm6dso acceleration sensor,3.3877954,-0.24660277,1.4460979,3
867249375265221,2024-03-07T17:42:00.504Z,lsm6dso acceleration sensor,3.9911342,-0.038307227,1.6112977,3
867249385265221,2024-03-07T17:42:00.514Z,lsm6dso acceleration sensor,5.0233345,0.35913026,1.9416976,3
867249395265221,2024-03-07T17:42:00.524Z,lsm6dso acceleration sensor,5.4854155,0.61052144,2.1188686,3
867249405265221,2024-03-07T17:42:00.534Z,lsm6dso acceleration sensor,6.1797338,1.0031705,2.4420857,3
867249415265487,2024-03-07T17:42:00.544Z,lsm6dso acceleration sensor,6.5077395,1.1492168,2.7030537,3
867249425265487,2024-03-07T17:42:00.554Z,lsm6dso acceleration sensor,6.845322,1.1899183,3.1794999,3
867249435265720,2024-03-07T17:42:00.564Z,lsm6dso acceleration sensor,7.0177045,1.0989386,3.442862,3
867249445265720,2024-03-07T17:42:00.574Z,lsm6dso acceleration sensor,7.6234374,0.6895301,3.7110126,3
867249455265720,2024-03-07T17:42:00.584Z,lsm6dso acceleration sensor,8.29142,0.40940848,3.6990416,3
867249465265720,2024-03-07T17:42:00.594Z,lsm6dso acceleration sensor,10.225935,-0.24660277,3.8043866,3
867249475265720,2024-03-07T17:42:00.604Z,lsm6dso acceleration sensor,11.087848,-0.5770026,3.857059,3
867249485265720,2024-03-07T17:42:00.614Z,lsm6dso acceleration sensor,12.622531,-1.2737153,3.7660792,3
867249495265953,2024-03-07T17:42:00.624Z,lsm6dso acceleration sensor,13.144466,-1.6232687,3.7708676,3
867249505265953,2024-03-07T17:42:00.634Z,lsm6dso acceleration sensor,13.30009,-1.9512744,3.98874,3
867249515265953,2024-03-07T17:42:00.644Z,lsm6dso acceleration sensor,13.249811,-2.0733786,4.1683054,3
867249525265953,2024-03-07T17:42:00.654Z,lsm6dso acceleration sensor,13.522751,-2.0901382,4.098873,3
867249535265953,2024-03-07T17:42:00.664Z,lsm6dso acceleration sensor,13.848362,-1.9752164,4.1180267,3
867249545265953,2024-03-07T17:42:00.674Z,lsm6dso acceleration sensor,14.272136,-1.6065093,4.1706996,3
867249555266186,2024-03-07T17:42:00.684Z,lsm6dso acceleration sensor,14.22904,-1.2497733,4.050989,3
867249565266186,2024-03-07T17:42:00.694Z,lsm6dso acceleration sensor,13.415011,-0.6775591,3.964798,3
867249575266186,2024-03-07T17:42:00.704Z,lsm6dso acceleration sensor,12.80449,-0.45729253,3.8067808,3
867249585266186,2024-03-07T17:42:00.714Z,lsm6dso acceleration sensor,11.983279,-0.45250413,3.8594532,3
867249595266186,2024-03-07T17:42:00.724Z,lsm6dso acceleration sensor,11.451766,-0.5770026,3.8857894,3
867249605265952,2024-03-07T17:42:00.734Z,lsm6dso acceleration sensor,10.709563,-0.6943185,3.8379054,3
867249615265952,2024-03-07T17:42:00.744Z,lsm6dso acceleration sensor,10.788572,-0.6464345,4.19943,3
867249625265952,2024-03-07T17:42:00.754Z,lsm6dso acceleration sensor,10.893917,-0.38067806,4.582502,3
867249635265952,2024-03-07T17:42:00.764Z,lsm6dso acceleration sensor,10.020034,-0.18435353,4.441244,3
867249645265952,2024-03-07T17:42:00.774Z,lsm6dso acceleration sensor,8.461408,0.40462008,5.909189,3
867249655265952,2024-03-07T17:42:00.784Z,lsm6dso acceleration sensor,8.480561,1.0893618,7.252336,3
867249665265952,2024-03-07T17:42:00.794Z,lsm6dso acceleration sensor,8.040029,2.1859062,8.602666,3
867249675265952,2024-03-07T17:42:00.804Z,lsm6dso acceleration sensor,7.451055,2.980781,8.241141,3
867249685265952,2024-03-07T17:42:00.814Z,lsm6dso acceleration sensor,7.264307,4.2760444,8.097489,3
867249695265952,2024-03-07T17:42:00.824Z,lsm6dso acceleration sensor,7.484574,4.7884035,8.265083,3
867249705265952,2024-03-07T17:42:00.834Z,lsm6dso acceleration sensor,7.305009,4.9610853,8.535628,3
867249715265685,2024-03-07T17:42:00.844Z,lsm6dso acceleration sensor,7.4534492,4.4699745,9.380781,3
867249725265685,2024-03-07T17:42:00.853Z,lsm6dso acceleration sensor,8.921095,3.4955344,9.878776,3
867249735265451,2024-03-07T17:42:00.864Z,lsm6dso acceleration sensor,9.83568,2.681506,9.402329,3
867249745265451,2024-03-07T17:42:00.874Z,lsm6dso acceleration sensor,10.752659,1.0486604,8.463802,3
867249755265451,2024-03-07T17:42:00.884Z,lsm6dso acceleration sensor,10.714352,0.06464344,7.549217,3
867249765265451,2024-03-07T17:42:00.894Z,lsm6dso acceleration sensor,9.488521,-1.376666,4.7070007,3
867249775266384,2024-03-07T17:42:00.904Z,lsm6dso acceleration sensor,8.851663,-1.8579005,3.4859576,3
867249785266384,2024-03-07T17:42:00.914Z,lsm6dso acceleration sensor,7.723994,-2.4516625,1.7286136,3
867249795266384,2024-03-07T17:42:00.923Z,lsm6dso acceleration sensor,7.2212114,-2.4492683,1.055843,3
867249805266617,2024-03-07T17:42:00.933Z,lsm6dso acceleration sensor,6.404789,-1.721431,0.59376204,3
867249815266617,2024-03-07T17:42:00.944Z,lsm6dso acceleration sensor,6.052841,-1.0247183,0.92416185,3
867249825266617,2024-03-07T17:42:00.953Z,lsm6dso acceleration sensor,5.96665,0.49799395,2.6719291,3
867249835266617,2024-03-07T17:42:00.964Z,lsm6dso acceleration sensor,5.741595,1.1947067,2.1260512,3
867249845266617,2024-03-07T17:42:00.974Z,lsm6dso acceleration sensor,5.219659,1.982399,1.13964,3
867249855266383,2024-03-07T17:42:00.984Z,lsm6dso acceleration sensor,5.099949,2.1523874,1.4437037,3
867249865266383,2024-03-07T17:42:00.994Z,lsm6dso acceleration sensor,4.8147397,1.9321208,2.2361844,3
867249875266383,2024-03-07T17:42:01.004Z,lsm6dso acceleration sensor,4.7070007,1.5682021,2.504335,3
867249885266383,2024-03-07T17:42:01.013Z,lsm6dso acceleration sensor,4.51307,0.82360536,2.705448,3
867249895266383,2024-03-07T17:42:01.024Z,lsm6dso acceleration sensor,4.5322237,0.45729253,2.767697,3
867249905266383,2024-03-07T17:42:01.034Z,lsm6dso acceleration sensor,4.745308,-0.038307227,2.7030537,3
867249915266383,2024-03-07T17:42:01.044Z,lsm6dso acceleration sensor,4.980239,-0.1604115,2.4971523,3
867249925266383,2024-03-07T17:42:01.054Z,lsm6dso acceleration sensor,5.633856,-0.39743748,1.8770541,3
867249935266383,2024-03-07T17:42:01.064Z,lsm6dso acceleration sensor,6.172551,-0.51475334,1.4796166,3
867249945266383,2024-03-07T17:42:01.074Z,lsm6dso acceleration sensor,7.242759,-0.60333884,0.878672,3
867249955266383,2024-03-07T17:42:01.084Z,lsm6dso acceleration sensor,7.774272,-0.58897364,0.7469909,3
867249965266383,2024-03-07T17:42:01.094Z,lsm6dso acceleration sensor,8.344092,-0.272939,0.94331545,3
867249975266383,2024-03-07T17:42:01.104Z,lsm6dso acceleration sensor,8.5499935,0.023942016,1.0414777,3
867249985266383,2024-03-07T17:42:01.114Z,lsm6dso acceleration sensor,9.028834,0.47644615,1.3910311,3
867249995266383,2024-03-07T17:42:01.124Z,lsm6dso acceleration sensor,9.488521,0.7134721,1.6424223,3
867250005266383,2024-03-07T17:42:01.134Z,lsm6dso acceleration sensor,10.036793,0.92655605,2.4588451,3
867250015266383,2024-03-07T17:42:01.144Z,lsm6dso acceleration sensor,10.163686,1.0319009,2.8874073,3
867250025266383,2024-03-07T17:42:01.154Z,lsm6dso acceleration sensor,10.292973,1.1587936,3.8379054,3
867250035266383,2024-03-07T17:42:01.164Z,lsm6dso acceleration sensor,10.381557,1.271321,4.2401314,3
867250045266383,2024-03-07T17:42:01.174Z,lsm6dso acceleration sensor,10.494085,1.6065093,4.891354,3
867250055266616,2024-03-07T17:42:01.183Z,lsm6dso acceleration sensor,10.881946,1.9201498,5.123891,3
867250065266616,2024-03-07T17:42:01.194Z,lsm6dso acceleration sensor,11.719916,2.3582888,5.4255605,3
867250075265682,2024-03-07T17:42:01.204Z,lsm6dso acceleration sensor,12.016798,2.3702598,5.818209,3
867250085265682,2024-03-07T17:42:01.214Z,lsm6dso acceleration sensor,12.811672,2.1667526,6.1917048,3
867250095265448,2024-03-07T17:42:01.224Z,lsm6dso acceleration sensor,13.189957,1.9153614,6.1031194,3
867250105265214,2024-03-07T17:42:01.234Z,lsm6dso acceleration sensor,13.68795,1.5346833,5.600337,3
867250115265214,2024-03-07T17:42:01.244Z,lsm6dso acceleration sensor,13.766959,1.2593501,5.087978,3
867250125265214,2024-03-07T17:42:01.254Z,lsm6dso acceleration sensor,13.869909,0.7038953,4.6495395,3
867250135265247,2024-03-07T17:42:01.264Z,lsm6dso acceleration sensor,13.77893,0.30885202,4.841076,3
867250145265247,2024-03-07T17:42:01.274Z,lsm6dso acceleration sensor,12.086229,-0.8283938,5.432743,3
867250155265247,2024-03-07T17:42:01.284Z,lsm6dso acceleration sensor,10.405499,-1.448492,5.8253922,3
867250165265247,2024-03-07T17:42:01.294Z,lsm6dso acceleration sensor,8.157345,-2.255338,6.3736644,3
867250175265247,2024-03-07T17:42:01.304Z,lsm6dso acceleration sensor,7.5180926,-2.3535004,6.431125,3
867250185265247,2024-03-07T17:42:01.314Z,lsm6dso acceleration sensor,7.261913,-2.5234885,6.9315133,3
867250195265247,2024-03-07T17:42:01.324Z,lsm6dso acceleration sensor,7.831733,-2.7365725,6.998551,3
867250205265247,2024-03-07T17:42:01.334Z,lsm6dso acceleration sensor,9.69921,-3.2010477,6.438308,3
867250215265247,2024-03-07T17:42:01.344Z,lsm6dso acceleration sensor,10.879552,-3.2992098,6.3377514,3
867250225265247,2024-03-07T17:42:01.354Z,lsm6dso acceleration sensor,11.751041,-3.1962593,7.546823,3
867250235265247,2024-03-07T17:42:01.364Z,lsm6dso acceleration sensor,11.315296,-3.0478187,8.293814,3
867250245265247,2024-03-07T17:42:01.374Z,lsm6dso acceleration sensor,10.304943,-2.4636335,8.763078,3
867250255265247,2024-03-07T17:42:01.384Z,lsm6dso acceleration sensor,10.067918,-1.9632454,8.796597,3
867250265265247,2024-03-07T17:42:01.394Z,lsm6dso acceleration sensor,10.041581,-1.0845734,8.767866,3
867250275265247,2024-03-07T17:42:01.404Z,lsm6dso acceleration sensor,9.905111,-0.5434838,8.686463,3
867250285265247,2024-03-07T17:42:01.414Z,lsm6dso acceleration sensor,9.440637,0.2801216,8.442254,3
867250295265247,2024-03-07T17:42:01.424Z,lsm6dso acceleration sensor,9.069535,0.5530606,8.116643,3
867250305265480,2024-03-07T17:42:01.434Z,lsm6dso acceleration sensor,8.408735,0.80445176,7.0512233,3
867250315265480,2024-03-07T17:42:01.444Z,lsm6dso acceleration sensor,8.083124,0.8355764,6.4335194,3
867250325265480,2024-03-07T17:42:01.454Z,lsm6dso acceleration sensor,8.001721,0.6943185,5.183746,3
867250335265480,2024-03-07T17:42:01.464Z,lsm6dso acceleration sensor,7.9682026,0.5746084,4.594473,3
867250345265480,2024-03-07T17:42:01.474Z,lsm6dso acceleration sensor,7.656956,0.18195933,3.2728736,3
867250355265246,2024-03-07T17:42:01.484Z,lsm6dso acceleration sensor,7.2475476,-0.090979666,2.4588451,3
867250365265246,2024-03-07T17:42:01.494Z,lsm6dso acceleration sensor,6.5316815,-0.51714754,1.8602947,3
867250375264346,2024-03-07T17:42:01.504Z,lsm6dso acceleration sensor,6.158186,-0.6440403,1.9249382,3
867250385264346,2024-03-07T17:42:01.514Z,lsm6dso acceleration sensor,5.2507834,-0.7493851,1.8650831,3
867250395264346,2024-03-07T17:42:01.524Z,lsm6dso acceleration sensor,4.7261543,-0.7158663,1.7956513,3
867250405264346,2024-03-07T17:42:01.534Z,lsm6dso acceleration sensor,4.074931,-0.47884035,1.7717092,3
867250415264346,2024-03-07T17:42:01.543Z,lsm6dso acceleration sensor,3.86903,-0.30645782,1.8004397,3
867250425264346,2024-03-07T17:42:01.554Z,lsm6dso acceleration sensor,3.679888,-0.01436521,1.7286136,3
867250435264312,2024-03-07T17:42:01.564Z,lsm6dso acceleration sensor,3.7349546,0.11971009,1.5945383,3
867250445264312,2024-03-07T17:42:01.574Z,lsm6dso acceleration sensor,4.003105,0.21547815,1.3958195,3
867250455264312,2024-03-07T17:42:01.584Z,lsm6dso acceleration sensor,4.3287168,0.25857377,1.2521675,3
867250465264312,2024-03-07T17:42:01.594Z,lsm6dso acceleration sensor,5.042488,0.15801731,1.1611878,3
867250475264312,2024-03-07T17:42:01.604Z,lsm6dso acceleration sensor,5.5117517,0.15801731,1.0079589,3
867250485264312,2024-03-07T17:42:01.614Z,lsm6dso acceleration sensor,6.1749454,0.10295067,1.1875241,3
867250495264545,2024-03-07T17:42:01.624Z,lsm6dso acceleration sensor,6.4239426,0.088585466,1.2018893,3
867250505264545,2024-03-07T17:42:01.634Z,lsm6dso acceleration sensor,7.4438725,-0.023942016,1.3623008,3
867250515264545,2024-03-07T17:42:01.644Z,lsm6dso acceleration sensor,8.166922,-0.06464344,1.5658079,3
867250525264545,2024-03-07T17:42:01.654Z,lsm6dso acceleration sensor,8.992921,-0.095768064,2.2026656,3
867250535264545,2024-03-07T17:42:01.664Z,lsm6dso acceleration sensor,9.352051,-0.06943185,2.6001031,3
867250545264545,2024-03-07T17:42:01.674Z,lsm6dso acceleration sensor,10.070312,-0.06943185,3.5745432,3
867250555264811,2024-03-07T17:42:01.684Z,lsm6dso acceleration sensor,10.539576,-0.016759412,4.0318356,3
867250565264811,2024-03-07T17:42:01.694Z,lsm6dso acceleration sensor,11.439795,-0.18674773,4.4196963,3
867250575264811,2024-03-07T17:42:01.704Z,lsm6dso acceleration sensor,11.947366,-0.50757074,4.548983,3
867250585264811,2024-03-07T17:42:01.714Z,lsm6dso acceleration sensor,12.653655,-1.2665327,4.654328,3
867250595264811,2024-03-07T17:42:01.724Z,lsm6dso acceleration sensor,12.943354,-1.7669208,4.5441947,3
867250605264577,2024-03-07T17:42:01.734Z,lsm6dso acceleration sensor,13.252206,-2.5809495,4.19943,3
867250615264577,2024-03-07T17:42:01.744Z,lsm6dso acceleration sensor,13.441348,-2.992752,4.0940847,3
867250625264577,2024-03-07T17:42:01.754Z,lsm6dso acceleration sensor,14.219463,-3.2202013,4.039018,3
867250635264577,2024-03-07T17:42:01.764Z,lsm6dso acceleration sensor,14.837466,-3.0358477,4.0581717,3
867250645264577,2024-03-07T17:42:01.774Z,lsm6dso acceleration sensor,15.541362,-1.9776106,4.5202527,3
867250655264577,2024-03-07T17:42:01.784Z,lsm6dso acceleration sensor,15.596429,-1.0247183,5.0712185,3
867250665264577,2024-03-07T17:42:01.793Z,lsm6dso acceleration sensor,15.550939,0.8714894,6.301838,3
867250675265477,2024-03-07T17:42:01.804Z,lsm6dso acceleration sensor,14.70788,1.7070658,7.0296755,3
867250685265477,2024-03-07T17:42:01.814Z,lsm6dso acceleration sensor,11.731888,2.3535004,7.728782,3
867250695265477,2024-03-07T17:42:01.824Z,lsm6dso acceleration sensor,9.81892,2.3798366,8.3752165,3
867250705265477,2024-03-07T17:42:01.834Z,lsm6dso acceleration sensor,7.2475476,2.5570073,8.913912,3
867250715265477,2024-03-07T17:42:01.844Z,lsm6dso acceleration sensor,5.669769,2.4875755,8.631396,3
867250725265477,2024-03-07T17:42:01.854Z,lsm6dso acceleration sensor,4.378995,2.5306711,7.7215996,3
867250735265710,2024-03-07T17:42:01.864Z,lsm6dso acceleration sensor,4.474763,2.542642,7.249942,3
867250745265710,2024-03-07T17:42:01.874Z,lsm6dso acceleration sensor,6.2228293,2.5210943,6.2012815,3
867250755265710,2024-03-07T17:42:01.884Z,lsm6dso acceleration sensor,6.7256117,2.2577322,5.897218,3
867250765265710,2024-03-07T17:42:01.894Z,lsm6dso acceleration sensor,8.293814,2.2385786,5.9020066,3
867250775265710,2024-03-07T17:42:01.904Z,lsm6dso acceleration sensor,8.8444805,2.336741,5.897218,3
867250785265710,2024-03-07T17:42:01.914Z,lsm6dso acceleration sensor,9.227552,2.3511062,5.662586,3
867250795265710,2024-03-07T17:42:01.924Z,lsm6dso acceleration sensor,9.349657,2.087744,5.6889224,3
867250805265943,2024-03-07T17:42:01.933Z,lsm6dso acceleration sensor,9.14615,1.1707647,5.370494,3
867250815265943,2024-03-07T17:42:01.944Z,lsm6dso acceleration sensor,8.640973,0.60812724,5.11192,3
867250825265943,2024-03-07T17:42:01.954Z,lsm6dso acceleration sensor,7.838916,-0.17717093,4.9491143,3
867250835265943,2024-03-07T17:42:01.964Z,lsm6dso acceleration sensor,7.4438725,-0.48602295,5.0329113,3
867250845265943,2024-03-07T17:42:01.974Z,lsm6dso acceleration sensor,6.7208233,-0.8619126,4.733337,3
867250855265676,2024-03-07T17:42:01.984Z,lsm6dso acceleration sensor,6.402395,-0.91937345,4.297592,3
867250865265676,2024-03-07T17:42:01.994Z,lsm6dso acceleration sensor,6.119879,-0.8810662,3.667917,3
867250875265676,2024-03-07T17:42:02.004Z,lsm6dso acceleration sensor,6.110302,-0.79487497,3.4452562,3
867250885265676,2024-03-07T17:42:02.014Z,lsm6dso acceleration sensor,5.992986,-0.5506664,2.813187,3
867250895265676,2024-03-07T17:42:02.024Z,lsm6dso acceleration sensor,5.897218,-0.30166942,2.5210943,3
867250905265676,2024-03-07T17:42:02.034Z,lsm6dso acceleration sensor,5.7727194,0.17956513,2.44448,3
867250915265676,2024-03-07T17:42:02.044Z,lsm6dso acceleration sensor,5.6170964,0.40222588,2.3894134,3
867250925265676,2024-03-07T17:42:02.054Z,lsm6dso acceleration sensor,5.150227,0.8834604,2.1763294,3
867250935265676,2024-03-07T17:42:02.064Z,lsm6dso acceleration sensor,4.8362875,1.079785,2.135628,3
867250945265676,2024-03-07T17:42:02.074Z,lsm6dso acceleration sensor,4.618415,1.1587936,1.6136919,3
867250955265676,2024-03-07T17:42:02.084Z,lsm6dso acceleration sensor,4.709395,1.0247183,1.4915876,3
867250965265676,2024-03-07T17:42:02.094Z,lsm6dso acceleration sensor,5.2531776,0.6775591,1.5011644,3
867250975265676,2024-03-07T17:42:02.104Z,lsm6dso acceleration sensor,5.657798,0.47165772,1.4556746,3
867250985265676,2024-03-07T17:42:02.114Z,lsm6dso acceleration sensor,6.182128,0.25139117,1.7286136,3
867250995265676,2024-03-07T17:42:02.124Z,lsm6dso acceleration sensor,6.2946553,0.21068975,1.9967642,3
867251005265676,2024-03-07T17:42:02.134Z,lsm6dso acceleration sensor,6.77589,0.20590134,2.2649148,3
867251015265676,2024-03-07T17:42:02.144Z,lsm6dso acceleration sensor,7.4438725,0.19871874,2.2002714,3
867251025265676,2024-03-07T17:42:02.154Z,lsm6dso acceleration sensor,8.818144,0.088585466,2.183512,3
867251035265442,2024-03-07T17:42:02.164Z,lsm6dso acceleration sensor,9.354445,-0.055066638,2.3774424,3
867251045265442,2024-03-07T17:42:02.174Z,lsm6dso acceleration sensor,10.182839,-0.19393034,2.7102363,3
867251055265675,2024-03-07T17:42:02.184Z,lsm6dso acceleration sensor,10.534787,-0.19393034,2.8275523,3
867251065265675,2024-03-07T17:42:02.194Z,lsm6dso acceleration sensor,10.925041,0.21547815,3.2273839,3
867251075265675,2024-03-07T17:42:02.203Z,lsm6dso acceleration sensor,10.8508215,0.51475334,3.5242648,3
867251085265675,2024-03-07T17:42:02.214Z,lsm6dso acceleration sensor,10.671256,1.2856863,4.462792,3
867251095265675,2024-03-07T17:42:02.224Z,lsm6dso acceleration sensor,10.676044,1.6280571,4.9898157,3
867251105265441,2024-03-07T17:42:02.234Z,lsm6dso acceleration sensor,10.498874,2.2385786,5.638644,3
867251115265441,2024-03-07T17:42:02.244Z,lsm6dso acceleration sensor,10.3097315,2.4851813,5.916372,3
867251125265441,2024-03-07T17:42:02.254Z,lsm6dso acceleration sensor,10.472537,2.9592333,6.4598556,3
867251135265441,2024-03-07T17:42:02.264Z,lsm6dso acceleration sensor,10.814908,3.3087866,6.5819597,3
867251145265441,2024-03-07T17:42:02.274Z,lsm6dso acceleration sensor,11.954549,3.6391866,6.5939307,3
867251155265674,2024-03-07T17:42:02.284Z,lsm6dso acceleration sensor,12.835614,3.6343982,6.1150904,3
867251165265674,2024-03-07T17:42:02.294Z,lsm6dso acceleration sensor,13.561058,3.1172507,5.296273,3
867251175265674,2024-03-07T17:42:02.304Z,lsm6dso acceleration sensor,13.527539,2.5953147,4.908413,3
867251185265674,2024-03-07T17:42:02.314Z,lsm6dso acceleration sensor,13.606547,0.8643068,3.9839516,3
867251195265674,2024-03-07T17:42:02.324Z,lsm6dso acceleration sensor,13.927371,-0.2633622,3.632004,3
867251205265674,2024-03-07T17:42:02.333Z,lsm6dso acceleration sensor,13.245023,-1.8914193,3.5529952,3
867251215265674,2024-03-07T17:42:02.344Z,lsm6dso acceleration sensor,12.009615,-2.6384103,3.964798,3
867251225265674,2024-03-07T17:42:02.354Z,lsm6dso acceleration sensor,9.31135,-3.3423057,5.2052937,3
867251235265674,2024-03-07T17:42:02.364Z,lsm6dso acceleration sensor,8.099884,-3.4117374,5.8301806,3
867251245265674,2024-03-07T17:42:02.374Z,lsm6dso acceleration sensor,6.5173163,-3.0550013,6.7375827,3
867251255265674,2024-03-07T17:42:02.384Z,lsm6dso acceleration sensor,6.4622498,-2.885013,7.022493,3
867251265265674,2024-03-07T17:42:02.393Z,lsm6dso acceleration sensor,7.618649,-3.1723173,7.640197,3
867251275265674,2024-03-07T17:42:02.404Z,lsm6dso acceleration sensor,8.432677,-3.3686419,7.496545,3
867251285265674,2024-03-07T17:42:02.414Z,lsm6dso acceleration sensor,10.144532,-3.5218706,6.6537857,3
867251295265674,2024-03-07T17:42:02.424Z,lsm6dso acceleration sensor,10.793361,-3.478775,6.65618,3
867251305265907,2024-03-07T17:42:02.434Z,lsm6dso acceleration sensor,10.903494,-3.0502129,6.7136407,3
867251315265907,2024-03-07T17:42:02.444Z,lsm6dso acceleration sensor,10.506057,-2.540248,6.584354,3
867251325265907,2024-03-07T17:42:02.454Z,lsm6dso acceleration sensor,9.991303,-1.5179238,6.53647,3
867251335265907,2024-03-07T17:42:02.464Z,lsm6dso acceleration sensor,10.027216,-1.067814,6.7256117,3
867251345265907,2024-03-07T17:42:02.474Z,lsm6dso acceleration sensor,10.249877,-0.11252748,7.3337393,3
867251355265673,2024-03-07T17:42:02.483Z,lsm6dso acceleration sensor,9.933842,0.33997664,7.4893622,3
867251365265673,2024-03-07T17:42:02.494Z,lsm6dso acceleration sensor,9.119814,1.0103531,7.2451534,3
867251375265673,2024-03-07T17:42:02.504Z,lsm6dso acceleration sensor,8.557177,1.2689269,6.8381395,3
867251385265673,2024-03-07T17:42:02.513Z,lsm6dso acceleration sensor,7.501333,1.2737153,5.9953804,3
867251395265439,2024-03-07T17:42:02.524Z,lsm6dso acceleration sensor,6.977003,1.0606314,5.3776765,3
867251405265439,2024-03-07T17:42:02.534Z,lsm6dso acceleration sensor,6.428731,0.5315128,3.916914,3
867251415265439,2024-03-07T17:42:02.543Z,lsm6dso acceleration sensor,6.3880296,0.25378537,3.107674,3
867251425265439,2024-03-07T17:42:02.554Z,lsm6dso acceleration sensor,6.6059017,-0.10534488,2.3008277,3
867251435265439,2024-03-07T17:42:02.564Z,lsm6dso acceleration sensor,6.5915365,-0.22026655,2.0278888,3
867251445265439,2024-03-07T17:42:02.573Z,lsm6dso acceleration sensor,6.098331,-0.36152446,1.8411411,3
867251455265205,2024-03-07T17:42:02.584Z,lsm6dso acceleration sensor,5.648221,-0.29448682,1.8938135,3
867251465265205,2024-03-07T17:42:02.593Z,lsm6dso acceleration sensor,4.8267107,-0.12689269,1.9009962,3
867251475265205,2024-03-07T17:42:02.604Z,lsm6dso acceleration sensor,4.3502645,-0.035913024,1.9536686,3
867251485265205,2024-03-07T17:42:02.614Z,lsm6dso acceleration sensor,3.8546648,0.076614454,1.9321208,3
867251495265205,2024-03-07T17:42:02.624Z,lsm6dso acceleration sensor,3.70383,0.11252748,1.9416976,3
867251505265205,2024-03-07T17:42:02.634Z,lsm6dso acceleration sensor,3.7062242,0.1388637,1.4556746,3
867251515265205,2024-03-07T17:42:02.644Z,lsm6dso acceleration sensor,4.074931,0.079008654,1.1324574,3
867251525265205,2024-03-07T17:42:02.654Z,lsm6dso acceleration sensor,4.9658737,-0.11731588,0.8858546,3
867251535265205,2024-03-07T17:42:02.664Z,lsm6dso acceleration sensor,5.370494,-0.21308395,0.9864111,3
867251545265205,2024-03-07T17:42:02.674Z,lsm6dso acceleration sensor,5.660192,-0.35194764,1.3000516,3
867251555265438,2024-03-07T17:42:02.684Z,lsm6dso acceleration sensor,5.8900356,-0.4189853,1.4820108,3
867251565265438,2024-03-07T17:42:02.694Z,lsm6dso acceleration sensor,6.7327943,-0.5722142,1.7764976,3
867251575265438,2024-03-07T17:42:02.704Z,lsm6dso acceleration sensor,7.5061216,-0.61770403,1.8579005,3
867251585265438,2024-03-07T17:42:02.714Z,lsm6dso acceleration sensor,8.822932,-0.78529817,2.030283,3
867251595265438,2024-03-07T17:42:02.724Z,lsm6dso acceleration sensor,9.447819,-0.8834604,2.3080103,3
867251605265204,2024-03-07T17:42:02.734Z,lsm6dso acceleration sensor,10.501268,-1.1444284,3.2106245,3
867251615265204,2024-03-07T17:42:02.744Z,lsm6dso acceleration sensor,11.023204,-1.3670892,3.9432502,3
867251625265204,2024-03-07T17:42:02.754Z,lsm6dso acceleration sensor,11.808502,-1.9560628,5.2627544,3
867251635265437,2024-03-07T17:42:02.764Z,lsm6dso acceleration sensor,11.985673,-2.1978772,5.5692124,3
867251645265437,2024-03-07T17:42:02.774Z,lsm6dso acceleration sensor,11.976096,-2.705448,5.4854155,3
867251655265437,2024-03-07T17:42:02.783Z,lsm6dso acceleration sensor,12.138902,-2.9376855,5.3800707,3
867251665265537,2024-03-07T17:42:02.794Z,lsm6dso acceleration sensor,13.388675,-3.371036,5.064036,3
867251675265537,2024-03-07T17:42:02.804Z,lsm6dso acceleration sensor,14.312837,-3.5434184,4.853047,3
867251685265537,2024-03-07T17:42:02.814Z,lsm6dso acceleration sensor,15.457564,-3.58412,4.6495395,3
867251695265537,2024-03-07T17:42:02.824Z,lsm6dso acceleration sensor,15.629948,-3.3566709,4.5801077,3
867251705265537,2024-03-07T17:42:02.834Z,lsm6dso acceleration sensor,14.832678,-2.4301147,4.51307,3
867251715265537,2024-03-07T17:42:02.843Z,lsm6dso acceleration sensor,14.224252,-1.7884687,4.6591167,3
867251725265537,2024-03-07T17:42:02.854Z,lsm6dso acceleration sensor,13.455713,-0.6871359,5.076007,3
867251735265537,2024-03-07T17:42:02.864Z,lsm6dso acceleration sensor,13.187562,-0.047884032,5.293879,3
867251745265537,2024-03-07T17:42:02.874Z,lsm6dso acceleration sensor,13.216292,0.62967503,6.028899,3
867251755265537,2024-03-07T17:42:02.883Z,lsm6dso acceleration sensor,13.022363,0.78529817,6.2755017,3
867251765265537,2024-03-07T17:42:02.894Z,lsm6dso acceleration sensor,10.922647,0.8714894,6.8501105,3
867251775265537,2024-03-07T17:42:02.904Z,lsm6dso acceleration sensor,9.10066,0.9744401,7.295432,3
867251785265537,2024-03-07T17:42:02.914Z,lsm6dso acceleration sensor,5.918766,1.2856863,7.680898,3
867251795265537,2024-03-07T17:42:02.923Z,lsm6dso acceleration sensor,4.8027687,1.6089035,7.6856866,3
867251805265770,2024-03-07T17:42:02.934Z,lsm6dso acceleration sensor,4.867412,2.2146366,6.94109,3
867251815266003,2024-03-07T17:42:02.944Z,lsm6dso acceleration sensor,5.5716066,2.4061728,6.7232175,3
867251825266003,2024-03-07T17:42:02.954Z,lsm6dso acceleration sensor,7.865252,2.719813,6.347328,3
867251835266003,2024-03-07T17:42:02.964Z,lsm6dso acceleration sensor,9.253889,2.861071,6.476615,3
867251845266003,2024-03-07T17:42:02.974Z,lsm6dso acceleration sensor,9.440637,2.7700913,6.6370263,3
867251855265769,2024-03-07T17:42:02.984Z,lsm6dso acceleration sensor,8.858846,2.5474305,6.538864,3
867251865265769,2024-03-07T17:42:02.994Z,lsm6dso acceleration sensor,8.329727,1.7549498,6.158186,3
867251875265769,2024-03-07T17:42:03.004Z,lsm6dso acceleration sensor,8.389582,1.0606314,5.6769514,3
867251885265769,2024-03-07T17:42:03.014Z,lsm6dso acceleration sensor,7.951443,-0.30166942,4.6399627,3
867251895265769,2024-03-07T17:42:03.023Z,lsm6dso acceleration sensor,7.652168,-1.0462662,4.213795,3
867251905265769,2024-03-07T17:42:03.034Z,lsm6dso acceleration sensor,7.3816233,-1.9967642,3.5170822,3
867251915265769,2024-03-07T17:42:03.043Z,lsm6dso acceleration sensor,7.2451534,-2.2170308,3.1890767,3
867251925265769,2024-03-07T17:42:03.054Z,lsm6dso acceleration sensor,7.1469913,-2.1787236,2.80361,3
867251935265535,2024-03-07T17:42:03.064Z,lsm6dso acceleration sensor,7.0919247,-1.9057846,2.6982653,3
867251945265535,2024-03-07T17:42:03.074Z,lsm6dso acceleration sensor,6.9602437,-1.1875241,2.566584,3
867251955265535,2024-03-07T17:42:03.084Z,lsm6dso acceleration sensor,6.7447653,-0.6775591,2.6312277,3
867251965265435,2024-03-07T17:42:03.094Z,lsm6dso acceleration sensor,6.232406,0.31364042,2.9161377,3
867251975265435,2024-03-07T17:42:03.104Z,lsm6dso acceleration sensor,5.8517284,0.7230489,2.861071,3
867251985265435,2024-03-07T17:42:03.114Z,lsm6dso acceleration sensor,4.896442,1.1540052,2.3942018,3
867251995265435,2024-03-07T17:42:03.124Z,lsm6dso acceleration sensor,4.4364557,1.2521675,2.0135236,3
867252005265435,2024-03-07T17:42:03.133Z,lsm6dso acceleration sensor,3.9695864,1.1875241,1.5753847,3
867252015265435,2024-03-07T17:42:03.144Z,lsm6dso acceleration sensor,3.8953662,1.0127473,1.4820108,3
867252025265435,2024-03-07T17:42:03.154Z,lsm6dso acceleration sensor,4.5513773,0.7015011,1.0247183,3
867252035265435,2024-03-07T17:42:03.164Z,lsm6dso acceleration sensor,5.0376997,0.48602295,0.8619126,3
867252045265435,2024-03-07T17:42:03.174Z,lsm6dso acceleration sensor,5.8277864,0.2777274,0.91697925,3
867252055265668,2024-03-07T17:42:03.184Z,lsm6dso acceleration sensor,6.301838,0.25617957,1.1348516,3
867252065265668,2024-03-07T17:42:03.194Z,lsm6dso acceleration sensor,7.094319,0.30406362,1.6879122,3
867252075265668,2024-03-07T17:42:03.204Z,lsm6dso acceleration sensor,7.4797854,0.37828386,1.8507179,3
867252085265668,2024-03-07T17:42:03.214Z,lsm6dso acceleration sensor,8.552388,0.61052144,2.2098482,3
867252095265668,2024-03-07T17:42:03.224Z,lsm6dso acceleration sensor,9.342474,0.6943185,2.6192567,3
867252105265434,2024-03-07T17:42:03.234Z,lsm6dso acceleration sensor,10.443807,0.8595184,3.4763808,3
867252115265200,2024-03-07T17:42:03.244Z,lsm6dso acceleration sensor,10.714352,0.9983821,3.9025488,3
867252125265200,2024-03-07T17:42:03.254Z,lsm6dso acceleration sensor,10.494085,1.1444284,4.3885717,3
867252135265200,2024-03-07T17:42:03.264Z,lsm6dso acceleration sensor,10.225935,1.1180922,4.6710877,3
867252145265200,2024-03-07T17:42:03.274Z,lsm6dso acceleration sensor,10.058341,1.043872,4.932355,3
867252155265200,2024-03-07T17:42:03.284Z,lsm6dso acceleration sensor,10.278607,1.0366893,4.841076,3
867252165265200,2024-03-07T17:42:03.294Z,lsm6dso acceleration sensor,11.078271,1.1252748,4.4125137,3
867252175265200,2024-03-07T17:42:03.304Z,lsm6dso acceleration sensor,11.461343,1.2066777,4.357447,3
867252185265200,2024-03-07T17:42:03.314Z,lsm6dso acceleration sensor,11.815684,1.7046716,4.4196963,3
867252195265200,2024-03-07T17:42:03.324Z,lsm6dso acceleration sensor,11.63612,2.1811178,4.537012,3
867252205265200,2024-03-07T17:42:03.334Z,lsm6dso acceleration sensor,11.209951,2.9400797,4.8147397,3
867252215265200,2024-03-07T17:42:03.344Z,lsm6dso acceleration sensor,11.358392,3.2800562,4.9874215,3
867252225265200,2024-03-07T17:42:03.354Z,lsm6dso acceleration sensor,12.028769,3.4045548,5.1789575,3
867252235265200,2024-03-07T17:42:03.364Z,lsm6dso acceleration sensor,12.387898,3.2034419,5.2292356,3
867252245265200,2024-03-07T17:42:03.374Z,lsm6dso acceleration sensor,13.237841,2.408567,5.1765633,3
867252255265200,2024-03-07T17:42:03.384Z,lsm6dso acceleration sensor,13.793295,1.7788919,5.279514,3
867252265265200,2024-03-07T17:42:03.394Z,lsm6dso acceleration sensor,14.219463,0.46447513,5.794267,3
867252275265200,2024-03-07T17:42:03.404Z,lsm6dso acceleration sensor,13.771748,-0.33039984,6.2156467,3
867252285265200,2024-03-07T17:42:03.414Z,lsm6dso acceleration sensor,11.013627,-1.5155296,6.5077395,3
867252295265200,2024-03-07T17:42:03.424Z,lsm6dso acceleration sensor,9.038411,-2.1092918,6.366482,3
867252305265433,2024-03-07T17:42:03.434Z,lsm6dso acceleration sensor,6.622661,-3.0119057,6.452673,3
867252315265433,2024-03-07T17:42:03.444Z,lsm6dso acceleration sensor,6.184522,-3.550601,6.6035075,3
867252325265433,2024-03-07T17:42:03.454Z,lsm6dso acceleration sensor,7.424719,-4.6232033,6.0911484,3
867252335265433,2024-03-07T17:42:03.464Z,lsm6dso acceleration sensor,8.870816,-5.2028995,5.4159837,3
867252345265433,2024-03-07T17:42:03.474Z,lsm6dso acceleration sensor,11.439795,-5.674557,4.060566,3
867252355265199,2024-03-07T17:42:03.484Z,lsm6dso acceleration sensor,12.088624,-5.370494,3.8905778,3
867252365265199,2024-03-07T17:42:03.494Z,lsm6dso acceleration sensor,11.300931,-4.3406878,4.8698063,3
867252375265199,2024-03-07T17:42:03.504Z,lsm6dso acceleration sensor,10.307338,-3.5194764,5.384859,3
867252385265199,2024-03-07T17:42:03.514Z,lsm6dso acceleration sensor,9.775825,-2.066196,6.6992755,3
867252395265199,2024-03-07T17:42:03.524Z,lsm6dso acceleration sensor,10.017639,-1.508347,7.264307,3
867252405265199,2024-03-07T17:42:03.534Z,lsm6dso acceleration sensor,10.31452,0.0,7.5300636,3
867252415265199,2024-03-07T17:42:03.544Z,lsm6dso acceleration sensor,9.586683,0.7493851,7.4295073,3
867252425265199,2024-03-07T17:42:03.554Z,lsm6dso acceleration sensor,7.7886376,1.6448165,7.048829,3
867252435265199,2024-03-07T17:42:03.564Z,lsm6dso acceleration sensor,6.8716583,1.8818425,6.632238,3
867252445265199,2024-03-07T17:42:03.574Z,lsm6dso acceleration sensor,5.822998,1.745373,5.2890906,3
867252455265199,2024-03-07T17:42:03.583Z,lsm6dso acceleration sensor,5.71047,1.3503298,4.405331,3
867252465265199,2024-03-07T17:42:03.594Z,lsm6dso acceleration sensor,6.0432644,0.47644615,2.6599581,3
867252475265199,2024-03-07T17:42:03.604Z,lsm6dso acceleration sensor,6.4359136,-0.059855044,1.8028339,3
867252485265199,2024-03-07T17:42:03.614Z,lsm6dso acceleration sensor,6.7854667,-0.8475474,1.1109096,3
867252495265199,2024-03-07T17:42:03.624Z,lsm6dso acceleration sensor,6.6513915,-1.0486604,1.1013328,3
867252505265199,2024-03-07T17:42:03.634Z,lsm6dso acceleration sensor,5.6913166,-1.3144168,1.4939818,3
867252515265199,2024-03-07T17:42:03.644Z,lsm6dso acceleration sensor,5.1191025,-1.2976574,1.8435353,3
867252525265199,2024-03-07T17:42:03.654Z,lsm6dso acceleration sensor,4.223372,-1.1204864,2.4827871,3
867252535265199,2024-03-07T17:42:03.664Z,lsm6dso acceleration sensor,4.096479,-0.9576807,2.3989902,3
867252545265199,2024-03-07T17:42:03.674Z,lsm6dso acceleration sensor,4.1635165,-0.770933,2.3319526,3
867252555265432,2024-03-07T17:42:03.684Z,lsm6dso acceleration sensor,4.24492,-0.6368576,2.3511062,3
867252565265432,2024-03-07T17:42:03.694Z,lsm6dso acceleration sensor,4.5753193,-0.4381389,2.420538,3
867252575265432,2024-03-07T17:42:03.703Z,lsm6dso acceleration sensor,4.8003745,-0.33518824,2.4301147,3
867252585265432,2024-03-07T17:42:03.714Z,lsm6dso acceleration sensor,5.2627544,-0.11731588,2.3558946,3
867252595265432,2024-03-07T17:42:03.724Z,lsm6dso acceleration sensor,5.576395,-0.033518825,2.3391352,3
867252605265198,2024-03-07T17:42:03.733Z,lsm6dso acceleration sensor,6.5292873,0.17717093,2.4253263,3
867252615265198,2024-03-07T17:42:03.744Z,lsm6dso acceleration sensor,7.1254435,0.2657564,2.5689783,3
867252625265198,2024-03-07T17:42:03.754Z,lsm6dso acceleration sensor,8.166922,0.30406362,2.9951463,3
867252635265198,2024-03-07T17:42:03.764Z,lsm6dso acceleration sensor,8.631396,0.23942018,3.3973722,3
867252645265198,2024-03-07T17:42:03.773Z,lsm6dso acceleration sensor,9.330503,-0.06943185,4.1659107,3
867252655265431,2024-03-07T17:42:03.784Z,lsm6dso acceleration sensor,9.668086,-0.2873042,4.525041,3
867252665265631,2024-03-07T17:42:03.794Z,lsm6dso acceleration sensor,10.297761,-0.8762778,5.2507834,3
867252675265631,2024-03-07T17:42:03.804Z,lsm6dso acceleration sensor,10.762236,-1.2425907,5.4518967,3
867252685265631,2024-03-07T17:42:03.814Z,lsm6dso acceleration sensor,11.712734,-1.8435353,5.490204,3
867252695265631,2024-03-07T17:42:03.824Z,lsm6dso acceleration sensor,12.270583,-2.1332338,5.2531776,3
867252705265631,2024-03-07T17:42:03.834Z,lsm6dso acceleration sensor,13.098977,-2.4468741,4.9132013,3
867252715265631,2024-03-07T17:42:03.843Z,lsm6dso acceleration sensor,13.324032,-2.4708161,4.896442,3
867252725265631,2024-03-07T17:42:03.854Z,lsm6dso acceleration sensor,13.175591,-2.432509,5.255572,3
867252735265631,2024-03-07T17:42:03.864Z,lsm6dso acceleration sensor,13.0079975,-2.2744915,5.4830213,3
867252745265631,2024-03-07T17:42:03.874Z,lsm6dso acceleration sensor,13.118131,-1.7525556,5.2172647,3
867252755265631,2024-03-07T17:42:03.884Z,lsm6dso acceleration sensor,13.553875,-1.3479356,4.865018,3
867252765265631,2024-03-07T17:42:03.894Z,lsm6dso acceleration sensor,14.418182,-0.5291186,4.9969983,3
867252775265797,2024-03-07T17:42:03.903Z,lsm6dso acceleration sensor,14.444518,-0.011971008,5.5931544,3
867252785265797,2024-03-07T17:42:03.914Z,lsm6dso acceleration sensor,13.472472,1.0223241,6.6011133,3
867252795265797,2024-03-07T17:42:03.924Z,lsm6dso acceleration sensor,12.675203,1.6304513,6.9698205,3
867252805266030,2024-03-07T17:42:03.934Z,lsm6dso acceleration sensor,10.767024,2.2649148,7.6737156,3
867252815266030,2024-03-07T17:42:03.944Z,lsm6dso acceleration sensor,9.857227,2.3942018,7.903559,3
867252825266030,2024-03-07T17:42:03.954Z,lsm6dso acceleration sensor,7.9562316,2.5234885,7.9298954,3
867252835266030,2024-03-07T17:42:03.964Z,lsm6dso acceleration sensor,6.9554553,2.5019407,7.747936,3
867252845266030,2024-03-07T17:42:03.973Z,lsm6dso acceleration sensor,5.777508,2.2385786,7.285855,3
867252855265796,2024-03-07T17:42:03.984Z,lsm6dso acceleration sensor,5.552453,1.9871874,6.8860235,3
867252865265796,2024-03-07T17:42:03.994Z,lsm6dso acceleration sensor,6.148609,1.6136919,6.026505,3
867252875265796,2024-03-07T17:42:04.004Z,lsm6dso acceleration sensor,6.763919,1.484405,5.734412,3
867252885265796,2024-03-07T17:42:04.014Z,lsm6dso acceleration sensor,7.807791,1.3479356,5.490204,3
867252895265796,2024-03-07T17:42:04.024Z,lsm6dso acceleration sensor,8.107066,1.3479356,5.308244,3
867252905266029,2024-03-07T17:42:04.034Z,lsm6dso acceleration sensor,8.12622,1.5227122,4.7644615,3
867252915266029,2024-03-07T17:42:04.044Z,lsm6dso acceleration sensor,7.934684,1.6184803,4.8003745,3
867252925266029,2024-03-07T17:42:04.054Z,lsm6dso acceleration sensor,7.6354084,1.5682021,5.1813517,3
867252935266029,2024-03-07T17:42:04.064Z,lsm6dso acceleration sensor,7.474997,1.3958195,5.0496707,3
867252945266029,2024-03-07T17:42:04.074Z,lsm6dso acceleration sensor,7.424719,0.9504981,4.548983,3
867252955266029,2024-03-07T17:42:04.084Z,lsm6dso acceleration sensor,7.484574,0.62728083,4.3263226,3
867252965265829,2024-03-07T17:42:04.094Z,lsm6dso acceleration sensor,7.546823,0.10055647,4.1395745,3
867252975265829,2024-03-07T17:42:04.104Z,lsm6dso acceleration sensor,7.51091,-0.12210429,4.048595,3
867252985265829,2024-03-07T17:42:04.114Z,lsm6dso acceleration sensor,7.3385277,-0.35913026,3.550601,3
867252995265829,2024-03-07T17:42:04.124Z,lsm6dso acceleration sensor,7.331345,-0.4189853,3.1364043,3
867253005265829,2024-03-07T17:42:04.134Z,lsm6dso acceleration sensor,7.25473,-0.39264908,2.3750482,3
867253015266062,2024-03-07T17:42:04.144Z,lsm6dso acceleration sensor,7.1230493,-0.272939,2.0278888,3
867253025266062,2024-03-07T17:42:04.154Z,lsm6dso acceleration sensor,6.6274495,0.019153614,1.9656396,3
867253035266062,2024-03-07T17:42:04.164Z,lsm6dso acceleration sensor,6.301838,0.23702596,2.2960393,3
867253045266062,2024-03-07T17:42:04.174Z,lsm6dso acceleration sensor,5.528511,0.6703765,2.7748797,3
867253055266295,2024-03-07T17:42:04.184Z,lsm6dso acceleration sensor,5.0807953,0.8858546,2.870648,3
867253065266295,2024-03-07T17:42:04.194Z,lsm6dso acceleration sensor,4.8626237,0.9959879,2.7222073,3
867253075266128,2024-03-07T17:42:04.204Z,lsm6dso acceleration sensor,4.9874215,1.0031705,2.6647465,3
867253085266128,2024-03-07T17:42:04.214Z,lsm6dso acceleration sensor,5.2866964,0.92655605,2.5354595,3
867253095266128,2024-03-07T17:42:04.224Z,lsm6dso acceleration sensor,5.4375315,0.94810385,2.2601264,3
867253105265894,2024-03-07T17:42:04.234Z,lsm6dso acceleration sensor,5.9020066,0.91219085,1.8195933,3
867253115265894,2024-03-07T17:42:04.244Z,lsm6dso acceleration sensor,6.3377514,0.8619126,1.7956513,3
867253125265894,2024-03-07T17:42:04.254Z,lsm6dso acceleration sensor,7.1158667,0.7302315,1.8626889,3
867253135266127,2024-03-07T17:42:04.264Z,lsm6dso acceleration sensor,7.51091,0.6368576,1.9297266,3
867253145266127,2024-03-07T17:42:04.274Z,lsm6dso acceleration sensor,8.552388,0.4429273,2.147599,3
867253155266127,2024-03-07T17:42:04.284Z,lsm6dso acceleration sensor,9.155726,0.33039984,2.348712,3
867253165266127,2024-03-07T17:42:04.294Z,lsm6dso acceleration sensor,9.794978,0.1364695,2.882619,3
867253175266127,2024-03-07T17:42:04.304Z,lsm6dso acceleration sensor,9.957784,0.04309563,3.1986535,3
867253185266127,2024-03-07T17:42:04.314Z,lsm6dso acceleration sensor,9.869199,-0.059855044,3.6750996,3
867253195266127,2024-03-07T17:42:04.324Z,lsm6dso acceleration sensor,9.814132,-0.04309563,3.9145198,3
867253205265893,2024-03-07T17:42:04.334Z,lsm6dso acceleration sensor,9.862016,0.06464344,4.156334,3
867253215265893,2024-03-07T17:42:04.344Z,lsm6dso acceleration sensor,10.00088,0.11731588,4.2066126,3
867253225265893,2024-03-07T17:42:04.354Z,lsm6dso acceleration sensor,10.288184,0.46447513,4.3622355,3
867253235265893,2024-03-07T17:42:04.364Z,lsm6dso acceleration sensor,10.424653,0.81402856,4.3861775,3
867253245265893,2024-03-07T17:42:04.374Z,lsm6dso acceleration sensor,10.506057,1.5275006,4.1252093,3
867253255265659,2024-03-07T17:42:04.384Z,lsm6dso acceleration sensor,10.666468,1.8602947,4.0438066,3
867253265265659,2024-03-07T17:42:04.394Z,lsm6dso acceleration sensor,11.209951,2.267309,3.9959226,3
867253275265659,2024-03-07T17:42:04.403Z,lsm6dso acceleration sensor,11.669639,2.3918076,4.000711,3
867253285265659,2024-03-07T17:42:04.414Z,lsm6dso acceleration sensor,12.270583,2.0973208,4.2042184,3
867253295265659,2024-03-07T17:42:04.423Z,lsm6dso acceleration sensor,12.682385,1.7884687,4.5058875,3
867253305265892,2024-03-07T17:42:04.434Z,lsm6dso acceleration sensor,13.321637,0.6967127,4.548983,3
867253315265658,2024-03-07T17:42:04.444Z,lsm6dso acceleration sensor,13.575423,-0.24420857,4.560954,3
867253325265658,2024-03-07T17:42:04.454Z,lsm6dso acceleration sensor,13.295301,-1.8531121,6.1510034,3
867253335265658,2024-03-07T17:42:04.464Z,lsm6dso acceleration sensor,12.512398,-2.80361,7.2834606,3
867253345265658,2024-03-07T17:42:04.474Z,lsm6dso acceleration sensor,10.362404,-3.5314474,7.5635824,3
867253355265424,2024-03-07T17:42:04.484Z,lsm6dso acceleration sensor,9.117419,-3.4452562,7.7192054,3
867253365265424,2024-03-07T17:42:04.494Z,lsm6dso acceleration sensor,7.7862434,-3.2249897,8.14298,3
867253375265424,2024-03-07T17:42:04.504Z,lsm6dso acceleration sensor,7.652168,-3.0238767,8.286632,3
867253385264524,2024-03-07T17:42:04.514Z,lsm6dso acceleration sensor,8.466196,-2.870648,8.648156,3
867253395263624,2024-03-07T17:42:04.524Z,lsm6dso acceleration sensor,9.148544,-2.80361,8.971373,3
867253405263424,2024-03-07T17:42:04.534Z,lsm6dso acceleration sensor,10.072706,-2.7605145,9.395146,3
867253415262924,2024-03-07T17:42:04.544Z,lsm6dso acceleration sensor,10.307338,-2.7940333,9.112631,3
867253425262424,2024-03-07T17:42:04.554Z,lsm6dso acceleration sensor,10.786178,-2.8491,8.116643,3
867253435261724,2024-03-07T17:42:04.564Z,lsm6dso acceleration sensor,10.879552,-2.8323407,7.7886376,3
867253445261257,2024-03-07T17:42:04.574Z,lsm6dso acceleration sensor,10.774207,-2.8754363,7.072771,3
867253455260890,2024-03-07T17:42:04.584Z,lsm6dso acceleration sensor,10.64492,-2.731784,6.479009,3
867253465260890,2024-03-07T17:42:04.594Z,lsm6dso acceleration sensor,10.2618475,-2.2936451,5.6170964,3
867253475260890,2024-03-07T17:42:04.604Z,lsm6dso acceleration sensor,9.972149,-1.970428,5.432743,3
867253485260923,2024-03-07T17:42:04.614Z,lsm6dso acceleration sensor,9.342474,-1.340753,5.5189342,3
867253495260923,2024-03-07T17:42:04.624Z,lsm6dso acceleration sensor,8.952219,-0.9792285,5.444714,3
867253505260923,2024-03-07T17:42:04.634Z,lsm6dso acceleration sensor,8.425495,-0.46208093,4.594473,3
867253515260923,2024-03-07T17:42:04.644Z,lsm6dso acceleration sensor,8.214806,-0.34955344,4.036624,3
867253525260956,2024-03-07T17:42:04.653Z,lsm6dso acceleration sensor,7.714417,-0.45968673,3.4045548,3
867253535260989,2024-03-07T17:42:04.664Z,lsm6dso acceleration sensor,7.331345,-0.61291564,3.1555579,3
867253545260989,2024-03-07T17:42:04.674Z,lsm6dso acceleration sensor,6.34254,-0.81163436,2.834735,3
867253555260989,2024-03-07T17:42:04.684Z,lsm6dso acceleration sensor,5.621885,-0.82360536,2.420538,3
867253565260989,2024-03-07T17:42:04.694Z,lsm6dso acceleration sensor,5.054459,-0.6440403,1.9369092,3
867253575260989,2024-03-07T17:42:04.704Z,lsm6dso acceleration sensor,4.8219223,-0.40940848,1.8363527,3
867253585260989,2024-03-07T17:42:04.714Z,lsm6dso acceleration sensor,4.1659107,0.17477672,1.8339585,3
867253595261022,2024-03-07T17:42:04.724Z,lsm6dso acceleration sensor,3.6631286,0.5267244,1.8914193,3
867253605260788,2024-03-07T17:42:04.734Z,lsm6dso acceleration sensor,3.016694,1.0869676,1.9512744,3
867253615260788,2024-03-07T17:42:04.744Z,lsm6dso acceleration sensor,2.822764,1.352724,2.0015526,3
867253625260788,2024-03-07T17:42:04.754Z,lsm6dso acceleration sensor,2.89459,1.5825673,1.4915876,3
867253635260821,2024-03-07T17:42:04.764Z,lsm6dso acceleration sensor,3.1914709,1.5490485,1.2018893,3
867253645260854,2024-03-07T17:42:04.774Z,lsm6dso acceleration sensor,3.9145198,1.2114661,1.0247183,3
867253655260854,2024-03-07T17:42:04.784Z,lsm6dso acceleration sensor,4.5058875,0.8475474,1.0989386,3
867253665260854,2024-03-07T17:42:04.794Z,lsm6dso acceleration sensor,5.315427,0.24181437,1.1324574,3
867253675260854,2024-03-07T17:42:04.804Z,lsm6dso acceleration sensor,5.904401,-0.093373865,1.1707647,3
867253685261787,2024-03-07T17:42:04.814Z,lsm6dso acceleration sensor,7.249942,-0.47884035,1.5634137,3
867253695262720,2024-03-07T17:42:04.824Z,lsm6dso acceleration sensor,8.128614,-0.6584055,1.8507179,3
867253705262920,2024-03-07T17:42:04.834Z,lsm6dso acceleration sensor,9.689633,-1.0151415,2.372654,3
867253715263420,2024-03-07T17:42:04.843Z,lsm6dso acceleration sensor,10.290578,-1.2162545,2.6767175,3
867253725263920,2024-03-07T17:42:04.854Z,lsm6dso acceleration sensor,11.166856,-1.7070658,3.4261026,3
867253735264353,2024-03-07T17:42:04.864Z,lsm6dso acceleration sensor,11.250653,-2.018312,4.0318356,3
867253745264586,2024-03-07T17:42:04.874Z,lsm6dso acceleration sensor,10.97532,-2.5570073,4.9036245,3
867253755264986,2024-03-07T17:42:04.884Z,lsm6dso acceleration sensor,10.925041,-2.801216,5.0089693,3
867253765264986,2024-03-07T17:42:04.894Z,lsm6dso acceleration sensor,11.490073,-3.0334535,4.570531,3
867253775264986,2024-03-07T17:42:04.903Z,lsm6dso acceleration sensor,12.021586,-3.169923,4.144363,3
867253785264519,2024-03-07T17:42:04.914Z,lsm6dso acceleration sensor,13.01518,-3.2441432,3.608062,3
867253795263852,2024-03-07T17:42:04.924Z,lsm6dso acceleration sensor,13.369521,-3.229778,3.3063924,3
867253805263152,2024-03-07T17:42:04.934Z,lsm6dso acceleration sensor,13.331214,-3.145981,3.052607,3
867253815262452,2024-03-07T17:42:04.944Z,lsm6dso acceleration sensor,13.297695,-2.9759927,3.1411927,3
867253825262452,2024-03-07T17:42:04.954Z,lsm6dso acceleration sensor,13.666403,-2.4037786,3.5242648,3
867253835262418,2024-03-07T17:42:04.964Z,lsm6dso acceleration sensor,14.037504,-1.99437,3.7900212,3
867253845262451,2024-03-07T17:42:04.974Z,lsm6dso acceleration sensor,14.801554,-1.1587936,4.414908,3
867253855262451,2024-03-07T17:42:04.983Z,lsm6dso acceleration sensor,15.105618,-0.545878,5.0448823,3
867253865262451,2024-03-07T17:42:04.994Z,lsm6dso acceleration sensor,14.983513,0.82121116,6.548441,3
867253875262451,2024-03-07T17:42:05.004Z,lsm6dso acceleration sensor,14.061446,1.6256629,7.2690954,3
867253885262451,2024-03-07T17:42:05.014Z,lsm6dso acceleration sensor,10.819696,2.3080103,8.437466,3
867253895262451,2024-03-07T17:42:05.023Z,lsm6dso acceleration sensor,8.509292,2.3343468,8.990526,3
867253905262484,2024-03-07T17:42:05.034Z,lsm6dso acceleration sensor,5.5189342,1.9536686,9.296985,3
867253915262484,2024-03-07T17:42:05.044Z,lsm6dso acceleration sensor,4.5777135,1.6496049,8.880393,3
867253925261784,2024-03-07T17:42:05.054Z,lsm6dso acceleration sensor,5.2651486,1.3359646,7.4821796,3
867253935261750,2024-03-07T17:42:05.064Z,lsm6dso acceleration sensor,6.646603,1.3551182,6.658574,3
867253945261016,2024-03-07T17:42:05.074Z,lsm6dso acceleration sensor,8.930672,1.5825673,5.456685,3
867253955261049,2024-03-07T17:42:05.084Z,lsm6dso acceleration sensor,9.775825,1.7501614,5.171775,3
867253965261049,2024-03-07T17:42:05.094Z,lsm6dso acceleration sensor,9.720758,1.9177556,5.0736127,3
867253975261049,2024-03-07T17:42:05.104Z,lsm6dso acceleration sensor,9.20361,1.9895816,5.0975547,3
867253985261015,2024-03-07T17:42:05.113Z,lsm6dso acceleration sensor,8.437466,2.0446482,5.669769,3
867253995261015,2024-03-07T17:42:05.124Z,lsm6dso acceleration sensor,8.289025,1.946486,5.952285,3
867254005261048,2024-03-07T17:42:05.134Z,lsm6dso acceleration sensor,7.654562,1.3551182,6.2036757,3
867254015261048,2024-03-07T17:42:05.144Z,lsm6dso acceleration sensor,7.1733274,0.78529817,6.0312934,3
867254025261048,2024-03-07T17:42:05.154Z,lsm6dso acceleration sensor,6.953061,-0.34476504,5.3441577,3
867254035261081,2024-03-07T17:42:05.164Z,lsm6dso acceleration sensor,7.1398087,-0.8738836,4.771644,3
867254045261314,2024-03-07T17:42:05.174Z,lsm6dso acceleration sensor,7.2451534,-1.6184803,3.6846764,3
867254055260380,2024-03-07T17:42:05.184Z,lsm6dso acceleration sensor,7.0153103,-1.9129672,3.241749,3
867254065259713,2024-03-07T17:42:05.194Z,lsm6dso acceleration sensor,6.6729393,-2.0207062,2.3535004,3
867254075259713,2024-03-07T17:42:05.204Z,lsm6dso acceleration sensor,6.464644,-1.8938135,2.0087352,3
867254085260146,2024-03-07T17:42:05.213Z,lsm6dso acceleration sensor,6.2228293,-1.3239936,1.8076223,3
867254095260812,2024-03-07T17:42:05.224Z,lsm6dso acceleration sensor,5.909189,-0.9600749,1.7717092,3
867254105261545,2024-03-07T17:42:05.233Z,lsm6dso acceleration sensor,5.0951605,-0.39983168,1.9081788,3
867254115262278,2024-03-07T17:42:05.244Z,lsm6dso acceleration sensor,4.793192,-0.047884032,2.2984335,3
867254125261811,2024-03-07T17:42:05.254Z,lsm6dso acceleration sensor,4.4244847,0.5674258,2.135628,3
867254135261811,2024-03-07T17:42:05.264Z,lsm6dso acceleration sensor,4.4244847,0.82360536,1.7980455,3
867254145261077,2024-03-07T17:42:05.274Z,lsm6dso acceleration sensor,4.855441,0.85473,1.5562311,3
867254155261110,2024-03-07T17:42:05.284Z,lsm6dso acceleration sensor,5.2483892,0.7493851,1.5179238,3
867254165260743,2024-03-07T17:42:05.294Z,lsm6dso acceleration sensor,5.803844,0.50038815,1.4389153,3
867254175259809,2024-03-07T17:42:05.304Z,lsm6dso acceleration sensor,6.2156467,0.33758244,1.4652514,3
867254185259109,2024-03-07T17:42:05.314Z,lsm6dso acceleration sensor,6.9339075,0.055066638,1.5729905,3
867254195259075,2024-03-07T17:42:05.324Z,lsm6dso acceleration sensor,7.424719,-0.107739076,1.6304513,3
867254205259041,2024-03-07T17:42:05.334Z,lsm6dso acceleration sensor,8.418312,-0.33758244,1.8171991,3
867254215259074,2024-03-07T17:42:05.344Z,lsm6dso acceleration sensor,9.062353,-0.47405192,2.0685902,3
867254225259807,2024-03-07T17:42:05.354Z,lsm6dso acceleration sensor,9.950602,-0.79248077,2.6767175,3
867254235259807,2024-03-07T17:42:05.364Z,lsm6dso acceleration sensor,10.33128,-0.9504981,3.1747115,3
867254245260507,2024-03-07T17:42:05.374Z,lsm6dso acceleration sensor,10.549152,-0.9576807,4.024653,3
867254255260473,2024-03-07T17:42:05.384Z,lsm6dso acceleration sensor,10.697593,-0.79726917,4.31914,3
867254265260506,2024-03-07T17:42:05.394Z,lsm6dso acceleration sensor,11.138125,-0.33518824,4.5274353,3
867254275260506,2024-03-07T17:42:05.404Z,lsm6dso acceleration sensor,11.451766,0.090979666,4.5633483,3
867254285260506,2024-03-07T17:42:05.414Z,lsm6dso acceleration sensor,12.112566,1.151611,4.3622355,3
867254295260472,2024-03-07T17:42:05.423Z,lsm6dso acceleration sensor,12.416629,1.7764976,4.256891,3
867254305260472,2024-03-07T17:42:05.434Z,lsm6dso acceleration sensor,12.919412,2.8083985,4.307169,3
867254315260505,2024-03-07T17:42:05.443Z,lsm6dso acceleration sensor,12.928988,3.2273839,4.9850273,3
867254325260505,2024-03-07T17:42:05.454Z,lsm6dso acceleration sensor,12.814067,3.821146,4.4556093,3
867254335260505,2024-03-07T17:42:05.464Z,lsm6dso acceleration sensor,12.37114,3.8043866,4.146757,3
867254345260505,2024-03-07T17:42:05.473Z,lsm6dso acceleration sensor,11.399094,2.956839,4.000711,3
867254355261405,2024-03-07T17:42:05.484Z,lsm6dso acceleration sensor,11.387122,2.1068976,4.015076,3
867254365262071,2024-03-07T17:42:05.493Z,lsm6dso acceleration sensor,11.54514,0.32800564,3.1172507,3
867254375262104,2024-03-07T17:42:05.503Z,lsm6dso acceleration sensor,11.461343,-0.7278373,3.0262709,3
867254385262104,2024-03-07T17:42:05.514Z,lsm6dso acceleration sensor,11.217134,-1.8650831,4.156334,3
867254395262104,2024-03-07T17:42:05.524Z,lsm6dso acceleration sensor,10.71914,-2.1571758,4.817134,3
867254405261370,2024-03-07T17:42:05.534Z,lsm6dso acceleration sensor,8.418312,-2.291251,6.036082,3
867254415261370,2024-03-07T17:42:05.544Z,lsm6dso acceleration sensor,7.307403,-2.3319526,6.5316815,3
867254425261836,2024-03-07T17:42:05.554Z,lsm6dso acceleration sensor,6.8596873,-2.5785553,7.3026147,3
867254435261836,2024-03-07T17:42:05.564Z,lsm6dso acceleration sensor,7.1374145,-2.8179753,7.692869,3
867254445261836,2024-03-07T17:42:05.574Z,lsm6dso acceleration sensor,8.097489,-3.016694,7.740753,3
867254455261802,2024-03-07T17:42:05.584Z,lsm6dso acceleration sensor,8.976161,-2.942474,7.58513,3
867254465262202,2024-03-07T17:42:05.594Z,lsm6dso acceleration sensor,10.901099,-2.5354595,7.3121915,3
867254475296502,2024-03-07T17:42:05.604Z,lsm6dso acceleration sensor,12.23467,-1.9656396,7.2571244,3
867254485330535,2024-03-07T17:42:05.613Z,lsm6dso acceleration sensor,13.766959,-0.78050977,7.1493855,3
867254495363868,2024-03-07T17:42:05.624Z,lsm6dso acceleration sensor,13.901034,-0.023942016,7.0033393,3
867254505397201,2024-03-07T17:42:05.634Z,lsm6dso acceleration sensor,12.416629,1.0271125,6.778284,3
867254515430501,2024-03-07T17:42:05.643Z,lsm6dso acceleration sensor,11.437401,1.3479356,6.7136407,3
867254525463834,2024-03-07T17:42:05.654Z,lsm6dso acceleration sensor,9.349657,1.4796166,5.9834094,3
867254535497200,2024-03-07T17:42:05.664Z,lsm6dso acceleration sensor,8.657733,1.376666,5.23163,3
867254545530533,2024-03-07T17:42:05.673Z,lsm6dso acceleration sensor,7.91553,0.8858546,3.8115692,3
867254555563866,2024-03-07T17:42:05.684Z,lsm6dso acceleration sensor,7.3816233,0.47644615,2.6384103,3
867254565597166,2024-03-07T17:42:05.694Z,lsm6dso acceleration sensor,6.4454904,0.031124622,1.4149733,3
867254575630532,2024-03-07T17:42:05.704Z,lsm6dso acceleration sensor,6.2012815,-0.10295067,0.78050977,3
867254585663865,2024-03-07T17:42:05.714Z,lsm6dso acceleration sensor,5.6290674,-0.2657564,0.35434186,3
867254595697198,2024-03-07T17:42:05.724Z,lsm6dso acceleration sensor,5.1334677,-0.32800564,0.272939,3
867254605730498,2024-03-07T17:42:05.734Z,lsm6dso acceleration sensor,4.2281604,-0.32800564,0.7182605,3
867254615763798,2024-03-07T17:42:05.744Z,lsm6dso acceleration sensor,3.6870706,-0.24420857,1.0103531,3
867254625797164,2024-03-07T17:42:05.754Z,lsm6dso acceleration sensor,3.1172507,0.074220255,1.6448165,3
867254635830497,2024-03-07T17:42:05.763Z,lsm6dso acceleration sensor,3.1675289,0.33518824,1.9369092,3
867254645863830,2024-03-07T17:42:05.773Z,lsm6dso acceleration sensor,3.6128504,0.81881696,2.2744915,3
867254655897163,2024-03-07T17:42:05.784Z,lsm6dso acceleration sensor,3.9576154,1.0869676,2.4875755,3
867254665930496,2024-03-07T17:42:05.794Z,lsm6dso acceleration sensor,4.584896,1.3862427,2.8514943,3
867254675963796,2024-03-07T17:42:05.804Z,lsm6dso acceleration sensor,4.8386817,1.4149733,3.040636,3
867254685997162,2024-03-07T17:42:05.814Z,lsm6dso acceleration sensor,5.466262,1.1468226,3.0693667,3
867254696030495,2024-03-07T17:42:05.825Z,lsm6dso acceleration sensor,6.074389,0.89543146,2.8898015,3
867254706063861,2024-03-07T17:42:05.835Z,lsm6dso acceleration sensor,7.568371,0.35673606,2.6551697,3
867254716097161,2024-03-07T17:42:05.845Z,lsm6dso acceleration sensor,8.48535,0.0047884034,2.6623523,3
867254726130461,2024-03-07T17:42:05.855Z,lsm6dso acceleration sensor,9.490914,-0.60094464,2.8658595,3
867254736163827,2024-03-07T17:42:05.865Z,lsm6dso acceleration sensor,9.682451,-0.8595184,2.9496565,3
867254746197860,2024-03-07T17:42:05.875Z,lsm6dso acceleration sensor,9.969755,-1.2401965,3.1771057,3
867254756231193,2024-03-07T17:42:05.885Z,lsm6dso acceleration sensor,10.2403,-1.5011644,3.4284968,3
867254766264493,2024-03-07T17:42:05.895Z,lsm6dso acceleration sensor,10.745477,-1.8602947,4.1012673,3
867254776264493,2024-03-07T17:42:05.904Z,lsm6dso acceleration sensor,11.078271,-1.9129672,4.3047748,3
867254786264526,2024-03-07T17:42:05.915Z,lsm6dso acceleration sensor,11.921029,-1.7956513,4.3502645,3
867254796264526,2024-03-07T17:42:05.925Z,lsm6dso acceleration sensor,12.4429655,-1.6232687,4.1922474,3
867254806264526,2024-03-07T17:42:05.935Z,lsm6dso acceleration sensor,12.881104,-1.400608,4.048595,3
867254816264526,2024-03-07T17:42:05.945Z,lsm6dso acceleration sensor,12.835614,-1.4101849,4.31914,3
867254826263792,2024-03-07T17:42:05.955Z,lsm6dso acceleration sensor,12.526763,-1.6208745,4.853047,3
867254836263792,2024-03-07T17:42:05.965Z,lsm6dso acceleration sensor,12.603377,-1.7549498,4.8003745,3
867254846263825,2024-03-07T17:42:05.975Z,lsm6dso acceleration sensor,13.321637,-1.970428,4.402937,3
867254856263825,2024-03-07T17:42:05.985Z,lsm6dso acceleration sensor,13.869909,-2.0566192,4.2904096,3
867254866263825,2024-03-07T17:42:05.994Z,lsm6dso acceleration sensor,14.585776,-1.8459295,4.510676,3
867254876263791,2024-03-07T17:42:06.005Z,lsm6dso acceleration sensor,14.683938,-1.5394717,4.735731,3
867254886263824,2024-03-07T17:42:06.015Z,lsm6dso acceleration sensor,14.339173,-0.2801216,5.291485,3
867254896263857,2024-03-07T17:42:06.025Z,lsm6dso acceleration sensor,13.829208,0.49559975,6.060024,3
867254906263857,2024-03-07T17:42:06.035Z,lsm6dso acceleration sensor,11.880328,1.6783354,7.4941506,3
867254916263857,2024-03-07T17:42:06.045Z,lsm6dso acceleration sensor,10.020034,2.1739352,8.214806,3
867254926263823,2024-03-07T17:42:06.055Z,lsm6dso acceleration sensor,6.833351,2.861071,8.6457615,3
867254936263856,2024-03-07T17:42:06.065Z,lsm6dso acceleration sensor,5.456685,3.241749,8.3824,3
867254946263856,2024-03-07T17:42:06.075Z,lsm6dso acceleration sensor,4.546589,3.655946,7.609072,3
867254956263856,2024-03-07T17:42:06.085Z,lsm6dso acceleration sensor,5.159804,3.7948096,7.082348,3
867254966264256,2024-03-07T17:42:06.095Z,lsm6dso acceleration sensor,7.4103537,3.9336734,6.071995,3
867254976264256,2024-03-07T17:42:06.105Z,lsm6dso acceleration sensor,8.873211,3.9121256,5.444714,3
867254986264222,2024-03-07T17:42:06.115Z,lsm6dso acceleration sensor,10.180445,3.7062242,5.3226094,3
867254996264255,2024-03-07T17:42:06.125Z,lsm6dso acceleration sensor,9.701605,3.478775,5.7631426,3
867255006264955,2024-03-07T17:42:06.135Z,lsm6dso acceleration sensor,8.315362,2.908955,6.807015,3
867255016264955,2024-03-07T17:42:06.145Z,lsm6dso acceleration sensor,7.862858,2.4301147,7.1517797,3
867255026264955,2024-03-07T17:42:06.155Z,lsm6dso acceleration sensor,7.594707,1.4915876,7.0871363,3
867255036264921,2024-03-07T17:42:06.165Z,lsm6dso acceleration sensor,7.5156984,0.91219085,7.012916,3
867255046265787,2024-03-07T17:42:06.175Z,lsm6dso acceleration sensor,7.3816233,-0.08140286,6.148609,3
867255056265787,2024-03-07T17:42:06.184Z,lsm6dso acceleration sensor,7.4319015,-0.49320555,5.2052937,3
867255066265787,2024-03-07T17:42:06.195Z,lsm6dso acceleration sensor,7.8341274,-0.830788,3.3327289,3
867255076265753,2024-03-07T17:42:06.205Z,lsm6dso acceleration sensor,7.9897504,-0.79726917,2.5378537,3
867255086265753,2024-03-07T17:42:06.215Z,lsm6dso acceleration sensor,7.249942,-0.14844051,2.327164,3
867255096265786,2024-03-07T17:42:06.225Z,lsm6dso acceleration sensor,6.5939307,0.30645782,2.5091233,3
867255106265786,2024-03-07T17:42:06.235Z,lsm6dso acceleration sensor,5.332186,1.3096284,2.3535004,3
867255116265786,2024-03-07T17:42:06.245Z,lsm6dso acceleration sensor,4.9060187,1.7669208,2.1547816,3
867255126266486,2024-03-07T17:42:06.255Z,lsm6dso acceleration sensor,4.3382936,2.4612393,2.2888567,3
867255136266452,2024-03-07T17:42:06.265Z,lsm6dso acceleration sensor,3.8546648,2.7126305,1.5059528,3
867255146266418,2024-03-07T17:42:06.275Z,lsm6dso acceleration sensor,3.1962593,2.4636335,0.8379706,3
867255156266451,2024-03-07T17:42:06.285Z,lsm6dso acceleration sensor,3.1052797,2.0901382,0.8355764,3
867255166266451,2024-03-07T17:42:06.294Z,lsm6dso acceleration sensor,3.430891,1.4221559,0.8571242,3
867255176266451,2024-03-07T17:42:06.305Z,lsm6dso acceleration sensor,3.9073372,1.0271125,0.6679823,3
867255186266417,2024-03-07T17:42:06.315Z,lsm6dso acceleration sensor,4.9969983,0.45250413,0.6392518,3
867255196266417,2024-03-07T17:42:06.325Z,lsm6dso acceleration sensor,5.858911,0.2801216,0.8523358,3
867255206266450,2024-03-07T17:42:06.335Z,lsm6dso acceleration sensor,7.328951,0.23223756,1.4269443,3
867255216266450,2024-03-07T17:42:06.344Z,lsm6dso acceleration sensor,8.032846,0.31124622,1.7501614,3
867255226266450,2024-03-07T17:42:06.355Z,lsm6dso acceleration sensor,9.028834,0.47644615,2.3391352,3
867255236266416,2024-03-07T17:42:06.364Z,lsm6dso acceleration sensor,9.5292225,0.5626374,2.7461493,3
867255246266549,2024-03-07T17:42:06.375Z,lsm6dso acceleration sensor,10.118196,0.7493851,3.5314474,3
867255256266582,2024-03-07T17:42:06.385Z,lsm6dso acceleration sensor,10.252271,0.91937345,4.074931,3
867255266266182,2024-03-07T17:42:06.394Z,lsm6dso acceleration sensor,10.163686,1.316811,4.709395,3
867255276266182,2024-03-07T17:42:06.405Z,lsm6dso acceleration sensor,10.003274,1.6208745,4.9754505,3
867255286266182,2024-03-07T17:42:06.415Z,lsm6dso acceleration sensor,10.10383,2.2122424,5.329792,3
867255296266148,2024-03-07T17:42:06.425Z,lsm6dso acceleration sensor,10.482115,2.5833437,5.4471083,3
867255306266148,2024-03-07T17:42:06.435Z,lsm6dso acceleration sensor,11.387122,3.2202013,5.5452704,3
867255316266181,2024-03-07T17:42:06.445Z,lsm6dso acceleration sensor,11.774983,3.5338416,5.6649804,3
867255326299514,2024-03-07T17:42:06.455Z,lsm6dso acceleration sensor,11.411064,4.1060557,6.0791774,3
867255336332847,2024-03-07T17:42:06.465Z,lsm6dso acceleration sensor,10.968137,4.307169,5.6793456,3
867255346365313,2024-03-07T17:42:06.475Z,lsm6dso acceleration sensor,11.219528,4.1706996,5.222053,3
867255356398679,2024-03-07T17:42:06.485Z,lsm6dso acceleration sensor,11.782166,3.7325604,4.9850273,3
867255366432012,2024-03-07T17:42:06.495Z,lsm6dso acceleration sensor,12.845191,2.6791117,4.2544966,3
867255376465345,2024-03-07T17:42:06.505Z,lsm6dso acceleration sensor,13.455713,1.8100165,3.9097314,3
867255386498645,2024-03-07T17:42:06.514Z,lsm6dso acceleration sensor,13.956101,0.16519992,3.8115692,3
867255396531945,2024-03-07T17:42:06.525Z,lsm6dso acceleration sensor,13.56824,-0.8858546,4.3718123,3
867255406565311,2024-03-07T17:42:06.535Z,lsm6dso acceleration sensor,11.815684,-2.3535004,6.000169,3
867255416598644,2024-03-07T17:42:06.545Z,lsm6dso acceleration sensor,10.553941,-2.7246015,6.4119716,3
867255426631977,2024-03-07T17:42:06.555Z,lsm6dso acceleration sensor,8.104672,-2.4109612,6.8860235,3
867255436665177,2024-03-07T17:42:06.564Z,lsm6dso acceleration sensor,7.168539,-2.3582888,7.3600755,3
867255446698510,2024-03-07T17:42:06.575Z,lsm6dso acceleration sensor,6.9913683,-2.243367,7.7431474,3
867255456731810,2024-03-07T17:42:06.585Z,lsm6dso acceleration sensor,7.63062,-2.3942018,7.91553,3
867255466765176,2024-03-07T17:42:06.595Z,lsm6dso acceleration sensor,9.1868515,-2.858677,7.4175363,3
867255476798509,2024-03-07T17:42:06.605Z,lsm6dso acceleration sensor,9.991303,-3.0813377,7.2930374,3
867255486831842,2024-03-07T17:42:06.615Z,lsm6dso acceleration sensor,11.643302,-3.0813377,8.121431,3
867255496865142,2024-03-07T17:42:06.625Z,lsm6dso acceleration sensor,12.076653,-2.7461493,8.456619,3
867255506898442,2024-03-07T17:42:06.635Z,lsm6dso acceleration sensor,11.940183,-1.8698715,8.5260515,3
867255516931808,2024-03-07T17:42:06.645Z,lsm6dso acceleration sensor,11.691186,-1.2210429,8.447042,3
867255526965141,2024-03-07T17:42:06.655Z,lsm6dso acceleration sensor,11.059117,-0.05746084,8.444649,3
867255536998474,2024-03-07T17:42:06.665Z,lsm6dso acceleration sensor,10.506057,0.37110126,8.535628,3
867255547031674,2024-03-07T17:42:06.676Z,lsm6dso acceleration sensor,9.330503,0.866701,8.219594,3
867255557065007,2024-03-07T17:42:06.686Z,lsm6dso acceleration sensor,8.629003,1.0941502,7.5540056,3
867255567098373,2024-03-07T17:42:06.696Z,lsm6dso acceleration sensor,7.6114664,1.2186487,5.7032876,3
867255577131706,2024-03-07T17:42:06.706Z,lsm6dso acceleration sensor,7.331345,1.1013328,4.958691,3
867255587165039,2024-03-07T17:42:06.716Z,lsm6dso acceleration sensor,6.6657567,0.62728083,3.1148565,3
867255597198372,2024-03-07T17:42:06.725Z,lsm6dso acceleration sensor,6.3497224,0.17717093,2.44448,3
867255607231672,2024-03-07T17:42:06.736Z,lsm6dso acceleration sensor,5.964256,-0.3184288,1.6519991,3
867255617265005,2024-03-07T17:42:06.746Z,lsm6dso acceleration sensor,5.662586,-0.4333505,1.7669208,3
867255627265038,2024-03-07T17:42:06.756Z,lsm6dso acceleration sensor,4.9155955,-0.46926352,1.2593501,3
867255637265038,2024-03-07T17:42:06.766Z,lsm6dso acceleration sensor,4.3766007,-0.5506664,1.2569559,3
867255647265038,2024-03-07T17:42:06.776Z,lsm6dso acceleration sensor,3.6224272,-0.6392518,1.5107412,3
867255657265004,2024-03-07T17:42:06.786Z,lsm6dso acceleration sensor,3.1747115,-0.6368576,1.6567876,3
867255667265037,2024-03-07T17:42:06.796Z,lsm6dso acceleration sensor,2.6791117,-0.49081135,1.661576,3
867255677265070,2024-03-07T17:42:06.806Z,lsm6dso acceleration sensor,2.5115175,-0.31603462,1.6256629,3
867255687265070,2024-03-07T17:42:06.816Z,lsm6dso acceleration sensor,2.717419,0.10055647,1.5969325,3
867255697265070,2024-03-07T17:42:06.826Z,lsm6dso acceleration sensor,3.095703,0.32561144,1.460463,3
867255707265036,2024-03-07T17:42:06.836Z,lsm6dso acceleration sensor,3.8881836,0.5315128,1.0821792,3
867255717265069,2024-03-07T17:42:06.846Z,lsm6dso acceleration sensor,4.4603977,0.5626374,0.94570965,3
867255727265069,2024-03-07T17:42:06.855Z,lsm6dso acceleration sensor,5.609914,0.5267244,0.92176765,3
867255737265202,2024-03-07T17:42:06.866Z,lsm6dso acceleration sensor,6.0696006,0.49081135,1.0869676,3
867255747265202,2024-03-07T17:42:06.876Z,lsm6dso acceleration sensor,7.1158667,0.35673606,1.6424223,3
867255757265202,2024-03-07T17:42:06.886Z,lsm6dso acceleration sensor,7.6713214,0.25139117,2.018312,3
867255767265168,2024-03-07T17:42:06.896Z,lsm6dso acceleration sensor,8.79899,-0.016759412,2.6264393,3
867255777265201,2024-03-07T17:42:06.906Z,lsm6dso acceleration sensor,9.308955,-0.1316811,2.8514943,3
867255787265234,2024-03-07T17:42:06.916Z,lsm6dso acceleration sensor,10.522816,-0.31124622,3.7134068,3
867255797265234,2024-03-07T17:42:06.926Z,lsm6dso acceleration sensor,11.355998,-0.33279404,4.331111,3
867255807265234,2024-03-07T17:42:06.936Z,lsm6dso acceleration sensor,12.8092785,-0.4141969,5.2052937,3
867255817265200,2024-03-07T17:42:06.946Z,lsm6dso acceleration sensor,13.510779,-0.49320555,5.7008934,3
867255827265233,2024-03-07T17:42:06.956Z,lsm6dso acceleration sensor,13.692739,-0.78290397,5.906795,3
867255837265233,2024-03-07T17:42:06.966Z,lsm6dso acceleration sensor,13.407828,-0.9744401,5.8373632,3
867255847265233,2024-03-07T17:42:06.976Z,lsm6dso acceleration sensor,12.720693,-1.3024458,5.870882,3
867255857265199,2024-03-07T17:42:06.986Z,lsm6dso acceleration sensor,12.533945,-1.5490485,5.897218,3
867255867265199,2024-03-07T17:42:06.996Z,lsm6dso acceleration sensor,12.823644,-1.8195933,5.75596,3
867255877265232,2024-03-07T17:42:07.006Z,lsm6dso acceleration sensor,13.194745,-1.8626889,5.504569,3
867255887265232,2024-03-07T17:42:07.016Z,lsm6dso acceleration sensor,13.185168,-1.4317327,4.9658737,3
867255897265232,2024-03-07T17:42:07.026Z,lsm6dso acceleration sensor,13.058275,-1.0055647,4.9658737,3
867255907265232,2024-03-07T17:42:07.036Z,lsm6dso acceleration sensor,12.883498,0.29688102,5.4111953,3
867255917265198,2024-03-07T17:42:07.046Z,lsm6dso acceleration sensor,12.579435,1.1563994,5.564424,3
867255927265164,2024-03-07T17:42:07.055Z,lsm6dso acceleration sensor,12.043134,2.360683,6.265925,3
867255937265197,2024-03-07T17:42:07.066Z,lsm6dso acceleration sensor,11.638514,2.846706,7.355287,3
867255947265197,2024-03-07T17:42:07.076Z,lsm6dso acceleration sensor,9.1389675,3.4332852,8.241141,3
867255957265197,2024-03-07T17:42:07.086Z,lsm6dso acceleration sensor,7.190087,3.572149,8.233959,3
867255967265163,2024-03-07T17:42:07.096Z,lsm6dso acceleration sensor,5.3680997,3.7828386,8.241141,3
867255977265163,2024-03-07T17:42:07.106Z,lsm6dso acceleration sensor,4.8219223,3.7134068,8.2315645,3
867255987265196,2024-03-07T17:42:07.116Z,lsm6dso acceleration sensor,5.284302,3.406949,8.2794485,3
867255997265196,2024-03-07T17:42:07.126Z,lsm6dso acceleration sensor,6.3640876,3.1603463,8.487744,3
867256007265196,2024-03-07T17:42:07.136Z,lsm6dso acceleration sensor,8.880393,2.7940333,8.691252,3
867256017265162,2024-03-07T17:42:07.146Z,lsm6dso acceleration sensor,9.754277,2.6719291,8.511686,3
867256027265195,2024-03-07T17:42:07.156Z,lsm6dso acceleration sensor,10.395923,2.4851813,8.437466,3
867256037265228,2024-03-07T17:42:07.166Z,lsm6dso acceleration sensor,10.415076,2.336741,8.53084,3
867256047265228,2024-03-07T17:42:07.176Z,lsm6dso acceleration sensor,10.005669,1.9273324,8.0089035,3
867256057265228,2024-03-07T17:42:07.186Z,lsm6dso acceleration sensor,9.785401,1.6903064,7.448661,3
867256067265228,2024-03-07T17:42:07.196Z,lsm6dso acceleration sensor,9.766248,1.292869,5.897218,3
867256077265194,2024-03-07T17:42:07.206Z,lsm6dso acceleration sensor,10.020034,1.1444284,5.2603602,3
867256087265194,2024-03-07T17:42:07.215Z,lsm6dso acceleration sensor,9.890746,1.0821792,4.6399627,3
867256097265127,2024-03-07T17:42:07.226Z,lsm6dso acceleration sensor,9.373599,1.1731589,4.381389,3
867256107264393,2024-03-07T17:42:07.236Z,lsm6dso acceleration sensor,7.7982144,1.5969325,3.8594532,3
867256117263693,2024-03-07T17:42:07.245Z,lsm6dso acceleration sensor,6.8118033,1.8219875,3.6415808,3
867256127262959,2024-03-07T17:42:07.255Z,lsm6dso acceleration sensor,5.2364182,2.1021092,3.3255463,3
867256137262992,2024-03-07T17:42:07.266Z,lsm6dso acceleration sensor,4.5633483,2.171541,3.1627405,3
867256147262325,2024-03-07T17:42:07.276Z,lsm6dso acceleration sensor,3.371036,2.1763294,2.4468741,3
867256157262325,2024-03-07T17:42:07.286Z,lsm6dso acceleration sensor,3.016694,2.006341,1.7788919,3
867256167262291,2024-03-07T17:42:07.295Z,lsm6dso acceleration sensor,3.2130187,1.541866,0.7206547,3
867256177262257,2024-03-07T17:42:07.306Z,lsm6dso acceleration sensor,3.3973722,1.2042835,0.32561144,3
867256187262290,2024-03-07T17:42:07.316Z,lsm6dso acceleration sensor,3.5434184,0.6991069,0.11252748,3
867256197262290,2024-03-07T17:42:07.326Z,lsm6dso acceleration sensor,3.6535518,0.51475334,0.18674773,3
867256207262290,2024-03-07T17:42:07.336Z,lsm6dso acceleration sensor,3.809175,0.3878607,0.60094464,3
867256217262290,2024-03-07T17:42:07.346Z,lsm6dso acceleration sensor,4.0198646,0.37110126,0.8858546,3
867256227262290,2024-03-07T17:42:07.356Z,lsm6dso acceleration sensor,4.620809,0.37349546,1.0989386,3
867256237262256,2024-03-07T17:42:07.366Z,lsm6dso acceleration sensor,5.1789575,0.34715924,1.2066777,3
867256247262289,2024-03-07T17:42:07.376Z,lsm6dso acceleration sensor,6.2228293,0.2873042,1.436521,3
867256257262322,2024-03-07T17:42:07.386Z,lsm6dso acceleration sensor,6.8740525,0.2705448,1.5370775,3
867256267262322,2024-03-07T17:42:07.396Z,lsm6dso acceleration sensor,8.210017,0.35194764,1.6472107,3
867256277262288,2024-03-07T17:42:07.406Z,lsm6dso acceleration sensor,8.861239,0.37110126,1.6831238,3
867256287262254,2024-03-07T17:42:07.416Z,lsm6dso acceleration sensor,9.675268,0.47644615,1.9895816,3
867256297262287,2024-03-07T17:42:07.426Z,lsm6dso acceleration sensor,9.893141,0.58418524,2.2002714,3
867256307262287,2024-03-07T17:42:07.436Z,lsm6dso acceleration sensor,10.168474,0.9744401,2.1643584,3
867256317262287,2024-03-07T17:42:07.446Z,lsm6dso acceleration sensor,10.283396,1.2354081,2.2481554,3
867256327262253,2024-03-07T17:42:07.456Z,lsm6dso acceleration sensor,10.254665,1.9608512,2.932897,3
867256337262253,2024-03-07T17:42:07.466Z,lsm6dso acceleration sensor,10.12059,2.4612393,3.4021606,3
867256347262286,2024-03-07T17:42:07.475Z,lsm6dso acceleration sensor,10.383952,3.4021606,4.1706996,3
867256357262286,2024-03-07T17:42:07.486Z,lsm6dso acceleration sensor,10.759842,3.916914,4.8219223,3
867256367262286,2024-03-07T17:42:07.496Z,lsm6dso acceleration sensor,11.154885,4.5058875,5.5835776,3
867256377262286,2024-03-07T17:42:07.506Z,lsm6dso acceleration sensor,11.174039,4.548983,5.844546,3
867256387262252,2024-03-07T17:42:07.516Z,lsm6dso acceleration sensor,11.686398,4.3143516,6.112696,3
867256397262318,2024-03-07T17:42:07.526Z,lsm6dso acceleration sensor,12.660838,3.98874,5.904401,3
867256407263084,2024-03-07T17:42:07.535Z,lsm6dso acceleration sensor,14.669573,3.145981,5.1669865,3
867256417263784,2024-03-07T17:42:07.546Z,lsm6dso acceleration sensor,15.52939,2.396596,4.853047,3
867256427264484,2024-03-07T17:42:07.556Z,lsm6dso acceleration sensor,16.003443,0.8355764,4.9898157,3
867256437264450,2024-03-07T17:42:07.566Z,lsm6dso acceleration sensor,15.213356,0.110133275,5.0329113,3
867256447265150,2024-03-07T17:42:07.576Z,lsm6dso acceleration sensor,12.265795,-0.6895301,5.5811834,3
867256457265183,2024-03-07T17:42:07.586Z,lsm6dso acceleration sensor,10.249877,-1.1611878,6.34254,3
867256467265183,2024-03-07T17:42:07.596Z,lsm6dso acceleration sensor,8.837297,-1.3383588,7.3097973,3
867256477265183,2024-03-07T17:42:07.606Z,lsm6dso acceleration sensor,8.698434,-1.364695,7.228394,3
867256487265149,2024-03-07T17:42:07.616Z,lsm6dso acceleration sensor,8.765471,-1.5514427,7.1374145,3
867256497265182,2024-03-07T17:42:07.625Z,lsm6dso acceleration sensor,9.361628,-1.910573,7.4582376,3
867256507265215,2024-03-07T17:42:07.636Z,lsm6dso acceleration sensor,10.927436,-2.6479871,7.6976576,3
867256517265215,2024-03-07T17:42:07.646Z,lsm6dso acceleration sensor,11.35121,-3.1316159,7.412748,3
867256527265215,2024-03-07T17:42:07.655Z,lsm6dso acceleration sensor,11.2315,-3.8259344,7.295432,3
867256537265215,2024-03-07T17:42:07.666Z,lsm6dso acceleration sensor,10.673651,-3.86903,7.7886376,3
867256547265181,2024-03-07T17:42:07.676Z,lsm6dso acceleration sensor,9.5052805,-3.0502129,8.449437,3
867256557265181,2024-03-07T17:42:07.686Z,lsm6dso acceleration sensor,9.253889,-2.1284454,8.681675,3
867256567265214,2024-03-07T17:42:07.696Z,lsm6dso acceleration sensor,10.348039,-0.22026655,9.126996,3
867256577265214,2024-03-07T17:42:07.706Z,lsm6dso acceleration sensor,10.515634,0.5650316,8.741529,3
867256587265214,2024-03-07T17:42:07.715Z,lsm6dso acceleration sensor,9.792584,1.9512744,7.4414783,3
867256597265180,2024-03-07T17:42:07.726Z,lsm6dso acceleration sensor,9.217976,2.4660277,7.1948752,3
867256607265213,2024-03-07T17:42:07.736Z,lsm6dso acceleration sensor,8.207623,3.0478187,6.119879,3
867256617265213,2024-03-07T17:42:07.746Z,lsm6dso acceleration sensor,7.616255,3.098097,5.138256,3
867256627265213,2024-03-07T17:42:07.756Z,lsm6dso acceleration sensor,6.8141975,2.540248,2.930503,3
867256637265179,2024-03-07T17:42:07.766Z,lsm6dso acceleration sensor,6.4574614,2.087744,2.0374656,3
867256647265145,2024-03-07T17:42:07.775Z,lsm6dso acceleration sensor,5.976227,1.42455,1.5586253,3
867256657265178,2024-03-07T17:42:07.786Z,lsm6dso acceleration sensor,5.3130326,1.1348516,1.2497733,3
867256667265178,2024-03-07T17:42:07.796Z,lsm6dso acceleration sensor,4.3047748,0.6751649,0.79966336,3
867256677265178,2024-03-07T17:42:07.805Z,lsm6dso acceleration sensor,4.1611223,0.46208093,0.7015011,3
867256687265178,2024-03-07T17:42:07.816Z,lsm6dso acceleration sensor,4.1132383,0.10534488,0.6631939,3
867256697265178,2024-03-07T17:42:07.826Z,lsm6dso acceleration sensor,3.916914,-0.0047884034,0.7493851,3
867256707265144,2024-03-07T17:42:07.836Z,lsm6dso acceleration sensor,3.6846764,0.05746084,0.9504981,3
867256717265177,2024-03-07T17:42:07.846Z,lsm6dso acceleration sensor,3.7660792,0.19871874,1.0989386,3
867256727265177,2024-03-07T17:42:07.856Z,lsm6dso acceleration sensor,4.1036615,0.5363012,1.3263878,3
867256737264910,2024-03-07T17:42:07.865Z,lsm6dso acceleration sensor,4.3766007,0.6655881,1.2521675,3
867256747264876,2024-03-07T17:42:07.876Z,lsm6dso acceleration sensor,5.18614,0.8523358,0.9744401,3
867256757264842,2024-03-07T17:42:07.886Z,lsm6dso acceleration sensor,5.674557,0.8595184,0.89782566,3
867256767264875,2024-03-07T17:42:07.895Z,lsm6dso acceleration sensor,6.3377514,0.81642276,0.9888053,3
867256777264875,2024-03-07T17:42:07.906Z,lsm6dso acceleration sensor,6.5939307,0.7254431,1.055843,3
867256787264875,2024-03-07T17:42:07.916Z,lsm6dso acceleration sensor,7.226,0.45010993,1.1444284,3
867256797264841,2024-03-07T17:42:07.926Z,lsm6dso acceleration sensor,7.656956,0.24420857,1.151611,3
867256807264841,2024-03-07T17:42:07.936Z,lsm6dso acceleration sensor,8.660127,-0.1316811,1.151611,3
867256817264874,2024-03-07T17:42:07.946Z,lsm6dso acceleration sensor,9.215582,-0.29927522,1.3024458,3
867256827264874,2024-03-07T17:42:07.956Z,lsm6dso acceleration sensor,10.079888,-0.50278234,1.7741034,3
867256837264874,2024-03-07T17:42:07.966Z,lsm6dso acceleration sensor,10.592248,-0.61052144,2.2649148,3
867256847264874,2024-03-07T17:42:07.976Z,lsm6dso acceleration sensor,11.794137,-0.866701,3.3135753,3
867256857264840,2024-03-07T17:42:07.986Z,lsm6dso acceleration sensor,12.340014,-1.115698,3.7181952,3
867256867298173,2024-03-07T17:42:07.996Z,lsm6dso acceleration sensor,12.450149,-1.6136919,3.6343982,3
867256877331539,2024-03-07T17:42:08.006Z,lsm6dso acceleration sensor,12.191574,-1.8938135,3.560178,3
867256887364872,2024-03-07T17:42:08.016Z,lsm6dso acceleration sensor,12.361563,-2.2577322,3.5218706,3
867256897398205,2024-03-07T17:42:08.026Z,lsm6dso acceleration sensor,12.854768,-2.4301147,3.5673606,3
867256907431505,2024-03-07T17:42:08.036Z,lsm6dso acceleration sensor,14.176368,-2.5905263,4.098873,3
867256917464871,2024-03-07T17:42:08.046Z,lsm6dso acceleration sensor,14.669573,-2.4277205,4.548983,3
867256927498237,2024-03-07T17:42:08.056Z,lsm6dso acceleration sensor,14.600142,-1.721431,4.642357,3
867256937531570,2024-03-07T17:42:08.066Z,lsm6dso acceleration sensor,14.367904,-1.1420342,4.537012,3
867256947564903,2024-03-07T17:42:08.076Z,lsm6dso acceleration sensor,14.504374,0.01436521,5.2005053,3
867256957598203,2024-03-07T17:42:08.086Z,lsm6dso acceleration sensor,14.499585,0.59136784,5.538088,3
867256967631569,2024-03-07T17:42:08.096Z,lsm6dso acceleration sensor,13.829208,1.4891934,5.732018,3
867256977664902,2024-03-07T17:42:08.106Z,lsm6dso acceleration sensor,12.711116,1.7741034,5.7870846,3
867256987698235,2024-03-07T17:42:08.116Z,lsm6dso acceleration sensor,10.443807,1.7741034,5.626673,3
867256997731568,2024-03-07T17:42:08.126Z,lsm6dso acceleration sensor,9.016863,1.8076223,5.777508,3
867257007764901,2024-03-07T17:42:08.136Z,lsm6dso acceleration sensor,6.620267,2.066196,5.918766,3
867257017798201,2024-03-07T17:42:08.146Z,lsm6dso acceleration sensor,6.16058,2.4157495,5.8493342,3
867257027831567,2024-03-07T17:42:08.156Z,lsm6dso acceleration sensor,6.0696006,3.1914709,5.334581,3
867257037865200,2024-03-07T17:42:08.166Z,lsm6dso acceleration sensor,6.5053453,3.502717,5.1454387,3
867257047897900,2024-03-07T17:42:08.176Z,lsm6dso acceleration sensor,7.3361335,3.3638535,5.329792,3
867257057930533,2024-03-07T17:42:08.186Z,lsm6dso acceleration sensor,8.506898,3.2944214,5.990592,3
867257067963833,2024-03-07T17:42:08.195Z,lsm6dso acceleration sensor,9.996092,3.0358477,6.926725,3
867257077997199,2024-03-07T17:42:08.206Z,lsm6dso acceleration sensor,9.950602,2.6312277,7.0895305,3
867257088030532,2024-03-07T17:42:08.217Z,lsm6dso acceleration sensor,9.5292225,1.6783354,7.108684,3
867257098063865,2024-03-07T17:42:08.227Z,lsm6dso acceleration sensor,9.332897,0.92176765,6.7615247,3
867257108097065,2024-03-07T17:42:08.236Z,lsm6dso acceleration sensor,8.899547,-0.29927522,5.4997807,3
867257118130398,2024-03-07T17:42:08.247Z,lsm6dso acceleration sensor,8.765471,-0.7469909,4.9754505,3
867257128163764,2024-03-07T17:42:08.257Z,lsm6dso acceleration sensor,8.336909,-1.412579,3.7948096,3
867257138197097,2024-03-07T17:42:08.267Z,lsm6dso acceleration sensor,7.84131,-1.5107412,3.2585084,3
867257148229730,2024-03-07T17:42:08.277Z,lsm6dso acceleration sensor,6.7974377,-1.2162545,2.9400797,3
867257158263063,2024-03-07T17:42:08.287Z,lsm6dso acceleration sensor,6.196493,-0.81402856,2.920926,3
867257168263029,2024-03-07T17:42:08.296Z,lsm6dso acceleration sensor,5.210082,0.1412579,2.906561,3
867257178262995,2024-03-07T17:42:08.307Z,lsm6dso acceleration sensor,4.9515085,0.6847417,2.5617957,3
867257188263028,2024-03-07T17:42:08.317Z,lsm6dso acceleration sensor,4.994604,1.3431472,2.1883004,3
867257198295428,2024-03-07T17:42:08.327Z,lsm6dso acceleration sensor,5.0089693,1.7908629,1.3431472,3
867257208328761,2024-03-07T17:42:08.337Z,lsm6dso acceleration sensor,4.7309427,2.1260512,0.5434838,3
867257218362061,2024-03-07T17:42:08.347Z,lsm6dso acceleration sensor,4.5633483,2.1452048,0.6919243,3
867257228395394,2024-03-07T17:42:08.357Z,lsm6dso acceleration sensor,4.369418,1.9393034,1.4413095,3
867257238428760,2024-03-07T17:42:08.367Z,lsm6dso acceleration sensor,4.4675803,1.6591818,1.6184803,3
867257248461393,2024-03-07T17:42:08.377Z,lsm6dso acceleration sensor,4.934749,1.1779473,1.7046716,3
867257258494726,2024-03-07T17:42:08.387Z,lsm6dso acceleration sensor,5.526117,0.7661445,2.054225,3
867257268528026,2024-03-07T17:42:08.397Z,lsm6dso acceleration sensor,6.608296,0.18195933,2.6647465,3
867257278561392,2024-03-07T17:42:08.407Z,lsm6dso acceleration sensor,7.2236056,-0.15322891,2.8682537,3
867257288594725,2024-03-07T17:42:08.416Z,lsm6dso acceleration sensor,8.334516,-0.5554548,2.8898015,3
867257298628058,2024-03-07T17:42:08.427Z,lsm6dso acceleration sensor,9.038411,-0.62009823,2.9281087,3
867257308661391,2024-03-07T17:42:08.437Z,lsm6dso acceleration sensor,9.979332,-0.58418524,3.0621839,3
867257318694724,2024-03-07T17:42:08.446Z,lsm6dso acceleration sensor,10.302549,-0.45250413,3.0262709,3
867257328728024,2024-03-07T17:42:08.457Z,lsm6dso acceleration sensor,10.534787,-0.076614454,3.3159695,3
867257338761357,2024-03-07T17:42:08.467Z,lsm6dso acceleration sensor,10.5563345,0.1316811,3.6056678,3
867257348795357,2024-03-07T17:42:08.477Z,lsm6dso acceleration sensor,10.388741,0.6631939,4.197036,3
867257358829390,2024-03-07T17:42:08.487Z,lsm6dso acceleration sensor,10.326491,0.8762778,4.450821,3
867257368862723,2024-03-07T17:42:08.497Z,lsm6dso acceleration sensor,10.388741,1.1587936,4.855441,3
867257378896023,2024-03-07T17:42:08.507Z,lsm6dso acceleration sensor,10.678439,1.3192052,5.1430445,3
867257388929389,2024-03-07T17:42:08.517Z,lsm6dso acceleration sensor,11.478103,1.8291701,5.528511,3
867257398962722,2024-03-07T17:42:08.527Z,lsm6dso acceleration sensor,11.746253,2.195483,5.4949923,3
867257408996155,2024-03-07T17:42:08.537Z,lsm6dso acceleration sensor,12.177209,2.870648,5.492598,3
867257419029455,2024-03-07T17:42:08.548Z,lsm6dso acceleration sensor,12.447754,3.1842883,5.8301806,3
867257429062755,2024-03-07T17:42:08.558Z,lsm6dso acceleration sensor,13.177985,3.3423057,6.3162036,3
867257439096121,2024-03-07T17:42:08.568Z,lsm6dso acceleration sensor,13.549087,3.2249897,6.071995,3
867257449130154,2024-03-07T17:42:08.578Z,lsm6dso acceleration sensor,13.31206,2.3750482,5.6649804,3
867257459163487,2024-03-07T17:42:08.588Z,lsm6dso acceleration sensor,13.508386,1.9800048,5.468656,3
867257469196820,2024-03-07T17:42:08.598Z,lsm6dso acceleration sensor,12.9840555,0.40940848,5.2148705,3
867257479230153,2024-03-07T17:42:08.607Z,lsm6dso acceleration sensor,12.301707,-0.48362875,5.1334677,3
867257489263453,2024-03-07T17:42:08.618Z,lsm6dso acceleration sensor,10.065523,-1.7405846,5.0448823,3
867257499264419,2024-03-07T17:42:08.628Z,lsm6dso acceleration sensor,8.590695,-2.4971523,4.94672,3
867257509264419,2024-03-07T17:42:08.638Z,lsm6dso acceleration sensor,7.000945,-3.5218706,5.198111,3
867257519264419,2024-03-07T17:42:08.648Z,lsm6dso acceleration sensor,6.8620815,-3.6894648,5.3010616,3
867257529264385,2024-03-07T17:42:08.658Z,lsm6dso acceleration sensor,6.787861,-3.7421372,5.3513403,3
867257539264385,2024-03-07T17:42:08.668Z,lsm6dso acceleration sensor,6.998551,-3.7732618,5.6793456,3
867257549265118,2024-03-07T17:42:08.677Z,lsm6dso acceleration sensor,8.24593,-3.9264908,6.728006,3
867257559265118,2024-03-07T17:42:08.687Z,lsm6dso acceleration sensor,8.966584,-4.010288,7.0895305,3
867257569265118,2024-03-07T17:42:08.698Z,lsm6dso acceleration sensor,9.747094,-4.0773253,7.2834606,3
867257579265084,2024-03-07T17:42:08.708Z,lsm6dso acceleration sensor,9.92666,-3.952827,7.2475476,3
867257589265117,2024-03-07T17:42:08.718Z,lsm6dso acceleration sensor,10.453383,-3.2202013,7.439084,3
867257599265150,2024-03-07T17:42:08.727Z,lsm6dso acceleration sensor,11.063906,-2.6264393,7.771878,3
867257609265150,2024-03-07T17:42:08.738Z,lsm6dso acceleration sensor,12.086229,-1.3024458,7.723994,3
867257619265150,2024-03-07T17:42:08.748Z,lsm6dso acceleration sensor,12.296919,-0.61530983,7.8245506,3
867257629265150,2024-03-07T17:42:08.758Z,lsm6dso acceleration sensor,11.705551,0.4381389,7.817368,3
867257639265116,2024-03-07T17:42:08.768Z,lsm6dso acceleration sensor,10.903494,1.0151415,7.666533,3
867257649265116,2024-03-07T17:42:08.778Z,lsm6dso acceleration sensor,9.368811,1.6304513,7.204452,3
867257659265149,2024-03-07T17:42:08.788Z,lsm6dso acceleration sensor,8.50211,1.6711528,6.5652003,3
867257669265149,2024-03-07T17:42:08.798Z,lsm6dso acceleration sensor,7.2595186,1.3024458,4.699818,3
867257679265149,2024-03-07T17:42:08.808Z,lsm6dso acceleration sensor,6.6729393,0.8643068,3.763685,3
867257689265115,2024-03-07T17:42:08.818Z,lsm6dso acceleration sensor,5.8900356,0.17717093,2.1739352,3
867257699265148,2024-03-07T17:42:08.828Z,lsm6dso acceleration sensor,5.7631426,-0.17238252,1.3862427,3
867257709265181,2024-03-07T17:42:08.838Z,lsm6dso acceleration sensor,5.3800707,-0.533907,0.6991069,3
867257719265181,2024-03-07T17:42:08.848Z,lsm6dso acceleration sensor,4.8578353,-0.557849,0.78290397,3
867257729265181,2024-03-07T17:42:08.858Z,lsm6dso acceleration sensor,3.9695864,-0.35673606,0.34955344,3
867257739265147,2024-03-07T17:42:08.868Z,lsm6dso acceleration sensor,3.6032736,-0.1340753,0.3878607,3
867257749265180,2024-03-07T17:42:08.878Z,lsm6dso acceleration sensor,3.4213142,0.30166942,1.0726024,3
867257759265180,2024-03-07T17:42:08.888Z,lsm6dso acceleration sensor,3.454833,0.5243302,1.2737153,3
867257769265180,2024-03-07T17:42:08.898Z,lsm6dso acceleration sensor,3.7900212,0.8595184,1.4772224,3
867257779265180,2024-03-07T17:42:08.908Z,lsm6dso acceleration sensor,4.1276035,0.9888053,1.5849615,3
867257789265180,2024-03-07T17:42:08.918Z,lsm6dso acceleration sensor,4.7907977,1.0390835,1.8914193,3
867257799265146,2024-03-07T17:42:08.928Z,lsm6dso acceleration sensor,5.162198,0.9959879,2.0446482,3
867257809265179,2024-03-07T17:42:08.937Z,lsm6dso acceleration sensor,6.01214,0.7015011,2.1906946,3
867257819265212,2024-03-07T17:42:08.948Z,lsm6dso acceleration sensor,6.41676,0.4285621,2.1906946,3
867257829265212,2024-03-07T17:42:08.958Z,lsm6dso acceleration sensor,7.427113,-0.25617957,2.1140802,3
867257839265178,2024-03-07T17:42:08.968Z,lsm6dso acceleration sensor,7.987356,-0.6943185,2.0254946,3
867257849265144,2024-03-07T17:42:08.977Z,lsm6dso acceleration sensor,8.851663,-1.3024458,2.0470424,3
867257859265177,2024-03-07T17:42:08.987Z,lsm6dso acceleration sensor,9.364022,-1.5466543,2.2888567,3
867257869265177,2024-03-07T17:42:08.998Z,lsm6dso acceleration sensor,10.31452,-1.8028339,2.8898015,3
867257879265177,2024-03-07T17:42:09.008Z,lsm6dso acceleration sensor,10.932224,-1.8243817,3.3638535,3
867257889265143,2024-03-07T17:42:09.018Z,lsm6dso acceleration sensor,11.959337,-1.6950948,4.156334,3
867257899265143,2024-03-07T17:42:09.028Z,lsm6dso acceleration sensor,12.37114,-1.5514427,4.4556093,3
867257909265176,2024-03-07T17:42:09.038Z,lsm6dso acceleration sensor,12.4190235,-1.3575124,4.9132013,3
867257919265176,2024-03-07T17:42:09.048Z,lsm6dso acceleration sensor,12.167632,-1.3311762,5.090372,3
867257929265176,2024-03-07T17:42:09.058Z,lsm6dso acceleration sensor,12.06947,-1.5370775,5.030517,3
867257939298509,2024-03-07T17:42:09.068Z,lsm6dso acceleration sensor,12.53634,-1.9297266,5.0089693,3
867257949331809,2024-03-07T17:42:09.078Z,lsm6dso acceleration sensor,13.82442,-2.705448,4.7907977,3
867257959365109,2024-03-07T17:42:09.088Z,lsm6dso acceleration sensor,14.504374,-3.0502129,4.4556093,3
867257969398475,2024-03-07T17:42:09.097Z,lsm6dso acceleration sensor,14.997878,-3.157952,3.7924154,3
867257979431808,2024-03-07T17:42:09.108Z,lsm6dso acceleration sensor,15.019425,-2.767697,3.6607344,3
867257989465141,2024-03-07T17:42:09.118Z,lsm6dso acceleration sensor,14.966753,-1.2856863,4.213795,3
867257999498441,2024-03-07T17:42:09.128Z,lsm6dso acceleration sensor,14.727333,-0.21547815,4.699818,3
867258009531774,2024-03-07T17:42:09.138Z,lsm6dso acceleration sensor,13.577817,1.2258313,5.602731,3
867258019565140,2024-03-07T17:42:09.148Z,lsm6dso acceleration sensor,12.356774,1.697489,6.100725,3
867258029598473,2024-03-07T17:42:09.158Z,lsm6dso acceleration sensor,9.155726,1.8866309,6.8381395,3
867258039631806,2024-03-07T17:42:09.168Z,lsm6dso acceleration sensor,7.558794,1.8100165,6.9363017,3
867258049664406,2024-03-07T17:42:09.178Z,lsm6dso acceleration sensor,5.3513403,1.7908629,6.354511,3
867258059696839,2024-03-07T17:42:09.188Z,lsm6dso acceleration sensor,4.8745947,1.8411411,5.80145,3
867258069730072,2024-03-07T17:42:09.198Z,lsm6dso acceleration sensor,5.4614735,1.9752164,4.9299607,3
867258079763405,2024-03-07T17:42:09.208Z,lsm6dso acceleration sensor,6.378453,2.123657,4.6710877,3
867258089796305,2024-03-07T17:42:09.218Z,lsm6dso acceleration sensor,7.9897504,2.420538,4.9299607,3
867258099829638,2024-03-07T17:42:09.228Z,lsm6dso acceleration sensor,8.643368,2.5019407,5.257966,3
867258109862938,2024-03-07T17:42:09.237Z,lsm6dso acceleration sensor,8.933065,2.327164,5.806238,3
867258119896271,2024-03-07T17:42:09.247Z,lsm6dso acceleration sensor,8.8444805,2.0829554,6.1294556,3
867258129929637,2024-03-07T17:42:09.258Z,lsm6dso acceleration sensor,8.839692,1.2785037,6.680122,3
867258139962970,2024-03-07T17:42:09.268Z,lsm6dso acceleration sensor,8.846874,0.81642276,6.670545,3
867258149996303,2024-03-07T17:42:09.277Z,lsm6dso acceleration sensor,8.504503,-0.06464344,6.2348003,3
867258160029603,2024-03-07T17:42:09.289Z,lsm6dso acceleration sensor,8.368034,-0.4165911,5.8900356,3
867258170062969,2024-03-07T17:42:09.299Z,lsm6dso acceleration sensor,8.27466,-0.78050977,4.9155955,3
867258180096235,2024-03-07T17:42:09.309Z,lsm6dso acceleration sensor,8.097489,-0.81642276,4.321534,3
867258190129568,2024-03-07T17:42:09.319Z,lsm6dso acceleration sensor,7.192481,-0.46208093,3.9240966,3
867258200162868,2024-03-07T17:42:09.329Z,lsm6dso acceleration sensor,6.670545,-0.047884032,3.5673606,3
867258210196168,2024-03-07T17:42:09.339Z,lsm6dso acceleration sensor,6.052841,0.581791,2.7629087,3
867258220229534,2024-03-07T17:42:09.349Z,lsm6dso acceleration sensor,6.0911484,0.94331545,2.566584,3
867258230262867,2024-03-07T17:42:09.359Z,lsm6dso acceleration sensor,5.8421516,1.5251064,2.267309,3
867258240262867,2024-03-07T17:42:09.369Z,lsm6dso acceleration sensor,5.296273,1.7405846,2.2984335,3
867258250262867,2024-03-07T17:42:09.379Z,lsm6dso acceleration sensor,4.261679,1.8579005,1.0869676,3
867258260262867,2024-03-07T17:42:09.389Z,lsm6dso acceleration sensor,4.012682,1.6711528,1.0702082,3
867258270262833,2024-03-07T17:42:09.399Z,lsm6dso acceleration sensor,4.1156325,1.1540052,1.3670892,3
867258280262866,2024-03-07T17:42:09.409Z,lsm6dso acceleration sensor,4.39336,0.8451532,1.1683705,3
867258290262866,2024-03-07T17:42:09.419Z,lsm6dso acceleration sensor,5.087978,0.34955344,1.2042835,3
867258300262866,2024-03-07T17:42:09.429Z,lsm6dso acceleration sensor,5.478233,0.22266077,1.5011644,3
867258310262832,2024-03-07T17:42:09.439Z,lsm6dso acceleration sensor,6.0935426,0.10534488,2.0829554,3
867258320262798,2024-03-07T17:42:09.449Z,lsm6dso acceleration sensor,6.3257804,0.10295067,2.3247697,3
867258330262831,2024-03-07T17:42:09.459Z,lsm6dso acceleration sensor,6.598719,0.17956513,2.5330653,3
867258340262831,2024-03-07T17:42:09.469Z,lsm6dso acceleration sensor,6.953061,0.21068975,2.528277,3
867258350263531,2024-03-07T17:42:09.479Z,lsm6dso acceleration sensor,8.08073,0.21547815,2.5067291,3
867258360264431,2024-03-07T17:42:09.488Z,lsm6dso acceleration sensor,8.775048,0.17717093,2.6551697,3
867258370264564,2024-03-07T17:42:09.499Z,lsm6dso acceleration sensor,9.749489,0.15083471,2.8203697,3
867258380264597,2024-03-07T17:42:09.509Z,lsm6dso acceleration sensor,10.032004,0.18914193,2.837129,3
867258390265030,2024-03-07T17:42:09.519Z,lsm6dso acceleration sensor,10.149321,0.545878,3.0550013,3
867258400265030,2024-03-07T17:42:09.529Z,lsm6dso acceleration sensor,10.108619,0.8882488,3.4021606,3
867258410265030,2024-03-07T17:42:09.538Z,lsm6dso acceleration sensor,10.055946,1.6065093,4.3502645,3
867258420264996,2024-03-07T17:42:09.549Z,lsm6dso acceleration sensor,10.273819,1.9512744,4.7261543,3
867258430264996,2024-03-07T17:42:09.559Z,lsm6dso acceleration sensor,11.035175,2.384625,5.2172647,3
867258440265029,2024-03-07T17:42:09.569Z,lsm6dso acceleration sensor,11.554717,2.5905263,5.408801,3
867258450265029,2024-03-07T17:42:09.579Z,lsm6dso acceleration sensor,12.052711,2.9161377,5.430349,3
867258460265029,2024-03-07T17:42:09.589Z,lsm6dso acceleration sensor,12.1245365,3.0502129,5.5476646,3
867258470264995,2024-03-07T17:42:09.599Z,lsm6dso acceleration sensor,12.600983,3.1052797,5.8876414,3
867258480265095,2024-03-07T17:42:09.608Z,lsm6dso acceleration sensor,13.187562,2.9975405,5.8996124,3
867258490265128,2024-03-07T17:42:09.619Z,lsm6dso acceleration sensor,13.7406225,2.6168625,5.8756704,3
867258500265128,2024-03-07T17:42:09.629Z,lsm6dso acceleration sensor,13.666403,2.2098482,5.741595,3
867258510265128,2024-03-07T17:42:09.639Z,lsm6dso acceleration sensor,13.939342,1.1994951,5.1286793,3
867258520265094,2024-03-07T17:42:09.649Z,lsm6dso acceleration sensor,14.262559,0.5770026,4.8458643,3
867258530265127,2024-03-07T17:42:09.659Z,lsm6dso acceleration sensor,13.7645645,-0.45968673,4.8602295,3
867258540265127,2024-03-07T17:42:09.669Z,lsm6dso acceleration sensor,12.814067,-1.0199299,5.0257287,3
867258550265127,2024-03-07T17:42:09.679Z,lsm6dso acceleration sensor,10.968137,-1.7788919,5.4590793,3
867258560265127,2024-03-07T17:42:09.689Z,lsm6dso acceleration sensor,9.905111,-2.006341,5.684134,3
867258570265127,2024-03-07T17:42:09.699Z,lsm6dso acceleration sensor,7.640197,-2.3989902,6.608296,3
867258580265093,2024-03-07T17:42:09.709Z,lsm6dso acceleration sensor,6.6418147,-2.717419,6.881235,3
867258590265126,2024-03-07T17:42:09.719Z,lsm6dso acceleration sensor,6.7830725,-3.430891,6.902783,3
867258600265159,2024-03-07T17:42:09.728Z,lsm6dso acceleration sensor,7.853281,-3.9432502,6.6394205,3
867258610265159,2024-03-07T17:42:09.739Z,lsm6dso acceleration sensor,9.9673605,-4.644751,5.734412,3
867258620265159,2024-03-07T17:42:09.749Z,lsm6dso acceleration sensor,10.795754,-4.747702,5.418378,3
867258630265125,2024-03-07T17:42:09.759Z,lsm6dso acceleration sensor,11.059117,-4.283227,5.63625,3
867258640265158,2024-03-07T17:42:09.769Z,lsm6dso acceleration sensor,10.482115,-3.632004,6.0576296,3
867258650265158,2024-03-07T17:42:09.778Z,lsm6dso acceleration sensor,9.428665,-2.123657,6.953061,3
867258660265158,2024-03-07T17:42:09.789Z,lsm6dso acceleration sensor,9.409512,-1.4867992,7.3576813,3
867258670265124,2024-03-07T17:42:09.799Z,lsm6dso acceleration sensor,9.979332,-0.21787235,7.8365216,3
867258680265124,2024-03-07T17:42:09.809Z,lsm6dso acceleration sensor,10.09186,0.2777274,7.6832924,3
867258690265157,2024-03-07T17:42:09.818Z,lsm6dso acceleration sensor,9.59626,0.8571242,7.1398087,3
867258700265157,2024-03-07T17:42:09.829Z,lsm6dso acceleration sensor,8.9641905,1.0199299,6.9339075,3
867258710265157,2024-03-07T17:42:09.838Z,lsm6dso acceleration sensor,7.3935943,1.0127473,6.4502788,3
867258720265157,2024-03-07T17:42:09.849Z,lsm6dso acceleration sensor,6.6537857,0.89064306,5.6194906,3
867258730265223,2024-03-07T17:42:09.859Z,lsm6dso acceleration sensor,6.622661,0.25857377,3.5218706,3
867258740265189,2024-03-07T17:42:09.869Z,lsm6dso acceleration sensor,6.962638,-0.25617957,2.633622,3
867258750265222,2024-03-07T17:42:09.879Z,lsm6dso acceleration sensor,7.427113,-0.8714894,1.5107412,3
867258760265222,2024-03-07T17:42:09.888Z,lsm6dso acceleration sensor,7.242759,-1.0606314,1.388637,3
867258770265222,2024-03-07T17:42:09.899Z,lsm6dso acceleration sensor,5.832575,-1.0845734,1.7381904,3
867258780265188,2024-03-07T17:42:09.908Z,lsm6dso acceleration sensor,5.114314,-0.9576807,1.9776106,3
867258790265188,2024-03-07T17:42:09.919Z,lsm6dso acceleration sensor,4.0174704,-0.5363012,2.1404164,3
867258800265221,2024-03-07T17:42:09.929Z,lsm6dso acceleration sensor,3.7062242,-0.39025488,2.0925324,3
867258810265221,2024-03-07T17:42:09.939Z,lsm6dso acceleration sensor,3.3423057,-0.14844051,1.8794483,3
867258820265221,2024-03-07T17:42:09.949Z,lsm6dso acceleration sensor,3.265691,-0.016759412,1.5729905,3
867258830265187,2024-03-07T17:42:09.959Z,lsm6dso acceleration sensor,3.454833,0.20350714,1.2976574,3
867258840265220,2024-03-07T17:42:09.969Z,lsm6dso acceleration sensor,3.7205894,0.2705448,1.1851299,3
867258850265253,2024-03-07T17:42:09.979Z,lsm6dso acceleration sensor,4.2904096,0.49081135,0.94810385,3
867258860265253,2024-03-07T17:42:09.989Z,lsm6dso acceleration sensor,4.6232033,0.6440403,1.0821792,3
867258870265253,2024-03-07T17:42:09.999Z,lsm6dso acceleration sensor,5.284302,1.0031705,1.2066777,3
867258880265253,2024-03-07T17:42:10.009Z,lsm6dso acceleration sensor,5.753566,1.0893618,1.4437037,3
867258890265219,2024-03-07T17:42:10.019Z,lsm6dso acceleration sensor,6.7495537,1.0247183,2.0374656,3
867258900265219,2024-03-07T17:42:10.029Z,lsm6dso acceleration sensor,7.3935943,0.79487497,2.384625,3
867258910265252,2024-03-07T17:42:10.039Z,lsm6dso acceleration sensor,8.461408,0.15083471,2.693477,3
867258920265252,2024-03-07T17:42:10.049Z,lsm6dso acceleration sensor,9.136573,-0.2825158,2.9712043,3
867258930265252,2024-03-07T17:42:10.058Z,lsm6dso acceleration sensor,10.702381,-0.91458505,3.6511576,3
867258940265218,2024-03-07T17:42:10.069Z,lsm6dso acceleration sensor,11.688792,-1.2330139,3.9911342,3
867258950265251,2024-03-07T17:42:10.079Z,lsm6dso acceleration sensor,13.149255,-1.733402,4.663905,3
867258960265284,2024-03-07T17:42:10.089Z,lsm6dso acceleration sensor,13.477261,-2.0087352,4.891354,3
867258970265284,2024-03-07T17:42:10.099Z,lsm6dso acceleration sensor,13.194745,-2.3558946,4.9155955,3
867258980265250,2024-03-07T17:42:10.109Z,lsm6dso acceleration sensor,13.04391,-2.4492683,4.908413,3
867258990265216,2024-03-07T17:42:10.119Z,lsm6dso acceleration sensor,13.098977,-2.7246015,4.8003745,3
867259000265249,2024-03-07T17:42:10.129Z,lsm6dso acceleration sensor,13.599365,-3.0262709,4.7500963,3
867259010265249,2024-03-07T17:42:10.139Z,lsm6dso acceleration sensor,14.938023,-3.347094,4.3766007,3
867259020265249,2024-03-07T17:42:10.148Z,lsm6dso acceleration sensor,15.2492695,-3.2824504,4.0916905,3
867259030265149,2024-03-07T17:42:10.159Z,lsm6dso acceleration sensor,15.024214,-2.6982653,3.739743,3
867259040265149,2024-03-07T17:42:10.169Z,lsm6dso acceleration sensor,14.669573,-2.0326772,3.9600096,3
867259050264415,2024-03-07T17:42:10.179Z,lsm6dso acceleration sensor,13.692739,-0.51714754,4.88896,3
867259060264048,2024-03-07T17:42:10.189Z,lsm6dso acceleration sensor,13.132496,0.31603462,5.4159837,3
867259070264081,2024-03-07T17:42:10.199Z,lsm6dso acceleration sensor,12.397475,1.2737153,6.2611365,3
867259080264081,2024-03-07T17:42:10.209Z,lsm6dso acceleration sensor,12.126931,1.7022774,6.6513915,3
867259090264047,2024-03-07T17:42:10.219Z,lsm6dso acceleration sensor,9.828497,1.8267759,6.905177,3
867259100264013,2024-03-07T17:42:10.229Z,lsm6dso acceleration sensor,8.202834,1.8602947,7.0655885,3
867259110264046,2024-03-07T17:42:10.239Z,lsm6dso acceleration sensor,5.540482,1.769315,7.25473,3
867259120264146,2024-03-07T17:42:10.249Z,lsm6dso acceleration sensor,4.898836,2.0039468,7.2212114,3
867259130264146,2024-03-07T17:42:10.259Z,lsm6dso acceleration sensor,5.5428762,2.56419,6.5675945,3
867259140264112,2024-03-07T17:42:10.269Z,lsm6dso acceleration sensor,6.2252235,2.6671407,6.014534,3
867259150264112,2024-03-07T17:42:10.279Z,lsm6dso acceleration sensor,7.817368,2.6288335,5.8110266,3
867259160264145,2024-03-07T17:42:10.289Z,lsm6dso acceleration sensor,8.9187,2.7150247,6.2276177,3
867259170264145,2024-03-07T17:42:10.299Z,lsm6dso acceleration sensor,9.603442,2.5019407,6.4861917,3
867259180264145,2024-03-07T17:42:10.309Z,lsm6dso acceleration sensor,9.373599,2.1859062,6.244377,3
867259190264145,2024-03-07T17:42:10.318Z,lsm6dso acceleration sensor,9.088689,1.1755531,5.844546,3
867259200264111,2024-03-07T17:42:10.329Z,lsm6dso acceleration sensor,8.897153,0.5722142,5.4518967,3
867259210264077,2024-03-07T17:42:10.339Z,lsm6dso acceleration sensor,7.9777794,-0.6823475,4.7189717,3
867259220264110,2024-03-07T17:42:10.348Z,lsm6dso acceleration sensor,7.6976576,-1.151611,4.4939165,3
867259230264110,2024-03-07T17:42:10.359Z,lsm6dso acceleration sensor,7.0536175,-1.6496049,4.3287168,3
867259240263410,2024-03-07T17:42:10.369Z,lsm6dso acceleration sensor,6.7447653,-1.6519991,3.9264908,3
867259250263376,2024-03-07T17:42:10.379Z,lsm6dso acceleration sensor,6.6274495,-1.2689269,3.1483753,3
867259260263376,2024-03-07T17:42:10.389Z,lsm6dso acceleration sensor,6.7016697,-0.8834604,2.920926,3
867259270263409,2024-03-07T17:42:10.399Z,lsm6dso acceleration sensor,6.37127,-0.11252748,2.657564,3
867259280263409,2024-03-07T17:42:10.409Z,lsm6dso acceleration sensor,5.990592,0.35913026,2.6671407,3
867259290263409,2024-03-07T17:42:10.419Z,lsm6dso acceleration sensor,5.207688,1.0151415,2.5091233,3
867259300263375,2024-03-07T17:42:10.429Z,lsm6dso acceleration sensor,4.8027687,1.400608,2.315193,3
867259310263408,2024-03-07T17:42:10.439Z,lsm6dso acceleration sensor,4.247314,1.9536686,1.8986019,3
867259320263441,2024-03-07T17:42:10.449Z,lsm6dso acceleration sensor,3.9815574,2.0709844,1.1444284,3
867259330263441,2024-03-07T17:42:10.459Z,lsm6dso acceleration sensor,3.9025488,1.8291701,1.0295067,3
867259340263441,2024-03-07T17:42:10.468Z,lsm6dso acceleration sensor,4.1180267,1.4820108,1.2306197,3
867259350264141,2024-03-07T17:42:10.479Z,lsm6dso acceleration sensor,4.618415,0.6655881,1.2018893,3
867259360264507,2024-03-07T17:42:10.489Z,lsm6dso acceleration sensor,5.150227,0.29448682,1.2473791,3
867259370264507,2024-03-07T17:42:10.499Z,lsm6dso acceleration sensor,6.4215484,-0.20590134,1.7166426,3
867259380264540,2024-03-07T17:42:10.509Z,lsm6dso acceleration sensor,6.9602437,-0.3878607,1.8794483,3
867259390264540,2024-03-07T17:42:10.519Z,lsm6dso acceleration sensor,8.238748,-0.62249243,2.1188686,3
867259400264540,2024-03-07T17:42:10.529Z,lsm6dso acceleration sensor,9.088689,-0.7733272,2.1763294,3
867259410264506,2024-03-07T17:42:10.539Z,lsm6dso acceleration sensor,10.2857895,-1.3934253,2.2361844,3
867259420264439,2024-03-07T17:42:10.549Z,lsm6dso acceleration sensor,10.750265,-1.721431,2.3104045,3
867259430264439,2024-03-07T17:42:10.558Z,lsm6dso acceleration sensor,10.92983,-2.1021092,2.873042,3
867259440264439,2024-03-07T17:42:10.569Z,lsm6dso acceleration sensor,10.649709,-2.0614076,3.1651347,3
867259450264405,2024-03-07T17:42:10.579Z,lsm6dso acceleration sensor,10.242694,-1.520318,3.8642416,3
867259460264371,2024-03-07T17:42:10.589Z,lsm6dso acceleration sensor,10.295366,-1.0821792,4.4220905,3
867259470264404,2024-03-07T17:42:10.599Z,lsm6dso acceleration sensor,10.647314,0.19153613,5.39683,3
867259480264404,2024-03-07T17:42:10.609Z,lsm6dso acceleration sensor,10.841245,1.0534488,5.693711,3
867259490264404,2024-03-07T17:42:10.619Z,lsm6dso acceleration sensor,10.781389,2.6001031,5.815815,3
867259500264404,2024-03-07T17:42:10.629Z,lsm6dso acceleration sensor,10.625767,3.4739866,5.729624,3
867259510264404,2024-03-07T17:42:10.639Z,lsm6dso acceleration sensor,10.685621,4.709395,6.136638,3
867259520264370,2024-03-07T17:42:10.649Z,lsm6dso acceleration sensor,11.09503,5.0472765,6.4694324,3
867259530264403,2024-03-07T17:42:10.659Z,lsm6dso acceleration sensor,12.610559,5.234024,6.7112465,3
867259540265103,2024-03-07T17:42:10.669Z,lsm6dso acceleration sensor,13.118131,5.0089693,5.7248354,3
867259550265103,2024-03-07T17:42:10.679Z,lsm6dso acceleration sensor,13.8363905,3.4476504,4.9730563,3
867259560265069,2024-03-07T17:42:10.689Z,lsm6dso acceleration sensor,14.58817,2.4133554,5.06643,3
867259570265035,2024-03-07T17:42:10.699Z,lsm6dso acceleration sensor,15.196597,0.34715924,5.3130326,3
867259580265068,2024-03-07T17:42:10.709Z,lsm6dso acceleration sensor,14.185945,-0.5410896,5.4279547,3
867259590265068,2024-03-07T17:42:10.719Z,lsm6dso acceleration sensor,11.643302,-1.5298948,5.9379196,3
867259600265068,2024-03-07T17:42:10.729Z,lsm6dso acceleration sensor,10.391134,-1.9129672,6.2850785,3
867259610264734,2024-03-07T17:42:10.738Z,lsm6dso acceleration sensor,8.00651,-2.2840683,7.0871363,3
867259620264734,2024-03-07T17:42:10.749Z,lsm6dso acceleration sensor,6.8956003,-2.3439236,7.3696523,3
867259630264767,2024-03-07T17:42:10.759Z,lsm6dso acceleration sensor,5.430349,-2.9400797,7.8245506,3
867259640264767,2024-03-07T17:42:10.769Z,lsm6dso acceleration sensor,5.5452704,-3.442862,7.5899186,3
867259650264767,2024-03-07T17:42:10.779Z,lsm6dso acceleration sensor,7.0631943,-4.2760444,6.5915365,3
867259660264767,2024-03-07T17:42:10.788Z,lsm6dso acceleration sensor,8.36564,-4.675876,6.004957,3
867259670264733,2024-03-07T17:42:10.799Z,lsm6dso acceleration sensor,10.458172,-4.932355,5.957073,3
867259680264733,2024-03-07T17:42:10.809Z,lsm6dso acceleration sensor,10.889129,-4.582502,6.3090205,3
867259690264766,2024-03-07T17:42:10.819Z,lsm6dso acceleration sensor,10.637737,-3.4380736,6.7495537,3
867259700264766,2024-03-07T17:42:10.829Z,lsm6dso acceleration sensor,10.170868,-2.5833437,6.9315133,3
867259710264766,2024-03-07T17:42:10.839Z,lsm6dso acceleration sensor,9.964967,-1.2354081,7.5540056,3
867259720264732,2024-03-07T17:42:10.849Z,lsm6dso acceleration sensor,10.0751,-0.3854665,7.829339,3
867259730264765,2024-03-07T17:42:10.859Z,lsm6dso acceleration sensor,9.727941,0.79487497,7.84131,3
867259740264798,2024-03-07T17:42:10.869Z,lsm6dso acceleration sensor,9.170092,1.2018893,7.652168,3
867259750264798,2024-03-07T17:42:10.879Z,lsm6dso acceleration sensor,8.066365,1.5490485,6.8501105,3
867259760264798,2024-03-07T17:42:10.888Z,lsm6dso acceleration sensor,7.4055653,1.472434,6.0815716,3
867259770264764,2024-03-07T17:42:10.899Z,lsm6dso acceleration sensor,6.5340757,0.7565677,4.074931,3
867259780264797,2024-03-07T17:42:10.909Z,lsm6dso acceleration sensor,6.596325,0.25139117,3.1531637,3
867259790264797,2024-03-07T17:42:10.919Z,lsm6dso acceleration sensor,6.965032,-0.8643068,1.7717092,3
867259800264797,2024-03-07T17:42:10.929Z,lsm6dso acceleration sensor,7.034464,-1.3503298,1.3383588,3
867259810264797,2024-03-07T17:42:10.939Z,lsm6dso acceleration sensor,6.4861917,-1.7669208,1.0702082,3
867259820264797,2024-03-07T17:42:10.949Z,lsm6dso acceleration sensor,5.978621,-1.8435353,1.2880806,3
867259830264763,2024-03-07T17:42:10.959Z,lsm6dso acceleration sensor,4.8267107,-1.6831238,1.6950948,3
867259840264796,2024-03-07T17:42:10.969Z,lsm6dso acceleration sensor,4.3287168,-1.4987702,1.7860745,3
867259850264829,2024-03-07T17:42:10.979Z,lsm6dso acceleration sensor,3.8498764,-1.1659763,1.8076223,3
867259860264829,2024-03-07T17:42:10.989Z,lsm6dso acceleration sensor,3.7684734,-0.9792285,1.7669208,3
867259870264829,2024-03-07T17:42:10.999Z,lsm6dso acceleration sensor,3.8738184,-0.6847417,1.673547,3
867259880264795,2024-03-07T17:42:11.009Z,lsm6dso acceleration sensor,4.0797195,-0.5674258,1.6304513,3
867259890264828,2024-03-07T17:42:11.019Z,lsm6dso acceleration sensor,4.477157,-0.39504328,1.412579,3
867259900264828,2024-03-07T17:42:11.029Z,lsm6dso acceleration sensor,4.841076,-0.23463176,1.4820108,3
867259910265128,2024-03-07T17:42:11.039Z,lsm6dso acceleration sensor,5.4231663,0.01436521,1.7549498,3
867259920265094,2024-03-07T17:42:11.049Z,lsm6dso acceleration sensor,5.621885,0.11252748,1.8722657,3
867259930265094,2024-03-07T17:42:11.059Z,lsm6dso acceleration sensor,6.1988873,0.4189853,2.1452048,3
867259940265127,2024-03-07T17:42:11.069Z,lsm6dso acceleration sensor,6.632238,0.50757074,2.1691468,3
867259950265127,2024-03-07T17:42:11.079Z,lsm6dso acceleration sensor,7.51091,0.4261679,2.4588451,3
867259960265127,2024-03-07T17:42:11.089Z,lsm6dso acceleration sensor,8.109461,0.25617957,2.6384103,3
867259970265127,2024-03-07T17:42:11.099Z,lsm6dso acceleration sensor,9.232341,-0.24420857,2.767697,3
867259980265093,2024-03-07T17:42:11.109Z,lsm6dso acceleration sensor,9.821315,-0.4429273,2.9855695,3
867259990265059,2024-03-07T17:42:11.119Z,lsm6dso acceleration sensor,11.188404,-0.93373865,3.8019924,3
867260000265092,2024-03-07T17:42:11.129Z,lsm6dso acceleration sensor,11.976096,-1.2330139,4.297592,3
867260010265092,2024-03-07T17:42:11.139Z,lsm6dso acceleration sensor,13.139678,-1.8148049,5.0568533,3
867260020265092,2024-03-07T17:42:11.148Z,lsm6dso acceleration sensor,13.443742,-2.1499932,5.2244473,3
867260030265058,2024-03-07T17:42:11.159Z,lsm6dso acceleration sensor,13.261783,-2.5210943,5.195717,3
867260040265058,2024-03-07T17:42:11.169Z,lsm6dso acceleration sensor,12.912229,-2.6479871,5.1167083,3
867260050264158,2024-03-07T17:42:11.179Z,lsm6dso acceleration sensor,12.763788,-2.695871,5.040094,3
867260060263391,2024-03-07T17:42:11.189Z,lsm6dso acceleration sensor,13.259388,-2.5785553,5.2627544,3
867260070263391,2024-03-07T17:42:11.199Z,lsm6dso acceleration sensor,14.434941,-1.9871874,5.6410384,3
867260080263357,2024-03-07T17:42:11.209Z,lsm6dso acceleration sensor,14.9068985,-1.4030021,5.5835776,3
867260090263390,2024-03-07T17:42:11.219Z,lsm6dso acceleration sensor,14.399028,-0.2681506,5.3130326,3
867260100263423,2024-03-07T17:42:11.229Z,lsm6dso acceleration sensor,13.920188,0.272939,5.432743,3
867260110262723,2024-03-07T17:42:11.239Z,lsm6dso acceleration sensor,13.108554,0.90261406,5.8206034,3
867260120262723,2024-03-07T17:42:11.249Z,lsm6dso acceleration sensor,12.715904,0.9648633,5.777508,3
867260130262723,2024-03-07T17:42:11.259Z,lsm6dso acceleration sensor,12.093412,0.78529817,5.7128644,3
867260140262689,2024-03-07T17:42:11.269Z,lsm6dso acceleration sensor,11.640908,0.6536171,5.897218,3
867260150262689,2024-03-07T17:42:11.279Z,lsm6dso acceleration sensor,9.62499,0.49320555,6.194099,3
867260160262722,2024-03-07T17:42:11.289Z,lsm6dso acceleration sensor,8.181287,0.5530606,6.2994437,3
867260170262722,2024-03-07T17:42:11.299Z,lsm6dso acceleration sensor,6.4837976,0.9816227,6.5652003,3
867260180262722,2024-03-07T17:42:11.309Z,lsm6dso acceleration sensor,5.7846904,1.2569559,6.694487,3
867260190262688,2024-03-07T17:42:11.319Z,lsm6dso acceleration sensor,4.9969983,1.532289,6.5197105,3
867260200262721,2024-03-07T17:42:11.329Z,lsm6dso acceleration sensor,5.315427,1.6639702,6.289867,3
867260210262754,2024-03-07T17:42:11.339Z,lsm6dso acceleration sensor,6.670545,1.7741034,5.8876414,3
867260220262054,2024-03-07T17:42:11.349Z,lsm6dso acceleration sensor,7.508516,1.7836803,5.720047,3
867260230262020,2024-03-07T17:42:11.359Z,lsm6dso acceleration sensor,8.138191,1.520318,5.672163,3
867260240261986,2024-03-07T17:42:11.369Z,lsm6dso acceleration sensor,8.183681,1.2808979,5.732018,3
867260250262019,2024-03-07T17:42:11.378Z,lsm6dso acceleration sensor,8.346486,0.6560113,5.918766,3
867260260262019,2024-03-07T17:42:11.389Z,lsm6dso acceleration sensor,8.329727,0.25139117,5.698499,3
867260270262019,2024-03-07T17:42:11.399Z,lsm6dso acceleration sensor,7.8820114,-0.2705448,4.9754505,3
867260280262019,2024-03-07T17:42:11.409Z,lsm6dso acceleration sensor,7.496545,-0.37588966,4.7979803,3
867260290262019,2024-03-07T17:42:11.419Z,lsm6dso acceleration sensor,6.622661,-0.47644615,4.5657425,3
867260300261985,2024-03-07T17:42:11.429Z,lsm6dso acceleration sensor,6.4239426,-0.49799395,4.3598413,3
867260310262018,2024-03-07T17:42:11.439Z,lsm6dso acceleration sensor,6.4981627,-0.44771573,3.8139634,3
867260320262051,2024-03-07T17:42:11.449Z,lsm6dso acceleration sensor,6.3880296,-0.260968,3.5194764,3
867260330262051,2024-03-07T17:42:11.459Z,lsm6dso acceleration sensor,5.988198,0.22984336,2.858677,3
867260340262017,2024-03-07T17:42:11.469Z,lsm6dso acceleration sensor,5.8541226,0.61291564,2.6719291,3
867260350262917,2024-03-07T17:42:11.479Z,lsm6dso acceleration sensor,5.909189,1.3383588,2.767697,3
867260360263717,2024-03-07T17:42:11.489Z,lsm6dso acceleration sensor,5.614702,1.7022774,2.942474,3
867260370263717,2024-03-07T17:42:11.499Z,lsm6dso acceleration sensor,5.1191025,2.1930888,1.4987702,3
867260380263717,2024-03-07T17:42:11.508Z,lsm6dso acceleration sensor,4.94672,2.1787236,1.2282255,3
867260390577502,2024-03-07T17:42:11.519Z,lsm6dso acceleration sensor,4.970662,1.7908629,1.6543933,3
867260400577502,2024-03-07T17:42:11.529Z,lsm6dso acceleration sensor,5.0688243,1.3455414,1.8148049,3
867260410578235,2024-03-07T17:42:11.539Z,lsm6dso acceleration sensor,5.2531776,0.545878,1.8507179,3
867260420578235,2024-03-07T17:42:11.549Z,lsm6dso acceleration sensor,5.564424,0.17238252,1.9919758,3
867260430578235,2024-03-07T17:42:11.559Z,lsm6dso acceleration sensor,6.4359136,-0.23702596,2.2337902,3
867260440578235,2024-03-07T17:42:11.569Z,lsm6dso acceleration sensor,7.072771,-0.4285621,2.4229321,3
867260450578201,2024-03-07T17:42:11.579Z,lsm6dso acceleration sensor,8.269872,-0.48841715,2.645593,3
867260460578167,2024-03-07T17:42:11.589Z,lsm6dso acceleration sensor,8.808567,-0.40701428,2.72939,3
867260470578200,2024-03-07T17:42:11.599Z,lsm6dso acceleration sensor,10.010457,-0.12689269,3.107674,3
867260480578200,2024-03-07T17:42:11.609Z,lsm6dso acceleration sensor,10.4845085,0.06464344,3.3877954,3
867260490578200,2024-03-07T17:42:11.619Z,lsm6dso acceleration sensor,10.905888,0.40940848,3.7780502,3
867260500578166,2024-03-07T17:42:11.629Z,lsm6dso acceleration sensor,10.889129,0.62488663,4.0533834,3
867260510578166,2024-03-07T17:42:11.639Z,lsm6dso acceleration sensor,10.52521,0.9768343,4.4364557,3
867260520578899,2024-03-07T17:42:11.649Z,lsm6dso acceleration sensor,10.278607,1.1013328,4.560954,3
867260530578899,2024-03-07T17:42:11.659Z,lsm6dso acceleration sensor,10.170868,1.3670892,4.570531,3
867260540578899,2024-03-07T17:42:11.669Z,lsm6dso acceleration sensor,10.379164,1.5370775,4.4843397,3
867260550578865,2024-03-07T17:42:11.679Z,lsm6dso acceleration sensor,10.757447,1.8339585,4.378995,3
867260560578898,2024-03-07T17:42:11.689Z,lsm6dso acceleration sensor,10.862792,2.0231004,4.3526587,3
867260570578931,2024-03-07T17:42:11.699Z,lsm6dso acceleration sensor,11.109395,2.3774424,4.4196963,3
867260580578931,2024-03-07T17:42:11.709Z,lsm6dso acceleration sensor,11.401487,2.5258827,4.5513773,3
867260590578931,2024-03-07T17:42:11.719Z,lsm6dso acceleration sensor,12.028769,2.633622,5.1095257,3
867260600579131,2024-03-07T17:42:11.728Z,lsm6dso acceleration sensor,12.335226,2.5498247,5.1813517,3
867260610579097,2024-03-07T17:42:11.739Z,lsm6dso acceleration sensor,12.545917,2.0949266,4.88896,3
867260620579097,2024-03-07T17:42:11.749Z,lsm6dso acceleration sensor,12.864345,1.6160861,4.8458643,3
867260630579130,2024-03-07T17:42:11.759Z,lsm6dso acceleration sensor,13.616124,0.23223756,4.9898157,3
867260640579130,2024-03-07T17:42:11.769Z,lsm6dso acceleration sensor,13.625701,-0.61291564,5.255572,3
867260650579130,2024-03-07T17:42:11.779Z,lsm6dso acceleration sensor,12.203546,-1.9967642,5.4710503,3
867260660579096,2024-03-07T17:42:11.788Z,lsm6dso acceleration sensor,10.798149,-2.743755,5.7751136,3
867260670579129,2024-03-07T17:42:11.799Z,lsm6dso acceleration sensor,8.698434,-3.4524388,6.230012,3
867260680579129,2024-03-07T17:42:11.809Z,lsm6dso acceleration sensor,8.020875,-3.4979286,6.452673,3
867260690579129,2024-03-07T17:42:11.819Z,lsm6dso acceleration sensor,7.226,-3.6391866,6.881235,3
867260700579095,2024-03-07T17:42:11.829Z,lsm6dso acceleration sensor,7.573159,-3.8163576,7.072771,3
867260710579061,2024-03-07T17:42:11.839Z,lsm6dso acceleration sensor,8.722376,-4.1036615,7.130232,3
867260720579094,2024-03-07T17:42:11.849Z,lsm6dso acceleration sensor,9.155726,-4.232949,6.716035,3
867260730579094,2024-03-07T17:42:11.859Z,lsm6dso acceleration sensor,9.56753,-4.1659107,6.2970495,3
867260740579094,2024-03-07T17:42:11.869Z,lsm6dso acceleration sensor,9.766248,-3.9600096,6.4359136,3
867260750579094,2024-03-07T17:42:11.879Z,lsm6dso acceleration sensor,9.914688,-3.2082303,6.8884177,3
867260760579094,2024-03-07T17:42:11.889Z,lsm6dso acceleration sensor,10.168474,-2.6240451,7.0057335,3
867260770579060,2024-03-07T17:42:11.898Z,lsm6dso acceleration sensor,10.932224,-1.2856863,6.8046207,3
867260780579093,2024-03-07T17:42:11.909Z,lsm6dso acceleration sensor,11.219528,-0.6464345,6.929119,3
867260790579093,2024-03-07T17:42:11.919Z,lsm6dso acceleration sensor,10.527604,0.48123455,7.2571244,3
867260800579093,2024-03-07T17:42:11.929Z,lsm6dso acceleration sensor,9.608231,0.94331545,7.3720465,3
867260810579059,2024-03-07T17:42:11.939Z,lsm6dso acceleration sensor,7.922713,1.5610195,6.9793973,3
867260820579025,2024-03-07T17:42:11.949Z,lsm6dso acceleration sensor,7.4295073,1.5753847,6.5101337,3
867260830579058,2024-03-07T17:42:11.959Z,lsm6dso acceleration sensor,6.857293,1.2641385,5.171775,3
867260840579058,2024-03-07T17:42:11.969Z,lsm6dso acceleration sensor,6.704064,0.93373865,4.2760444,3
867260850579058,2024-03-07T17:42:11.979Z,lsm6dso acceleration sensor,6.4718266,0.22744916,2.8514943,3
867260860579024,2024-03-07T17:42:11.989Z,lsm6dso acceleration sensor,6.407183,-0.15801731,2.1739352,3
867260870579024,2024-03-07T17:42:11.999Z,lsm6dso acceleration sensor,6.2012815,-0.58897364,1.5227122,3
867260880579057,2024-03-07T17:42:12.009Z,lsm6dso acceleration sensor,5.8780646,-0.7182605,1.388637,3
867260890579057,2024-03-07T17:42:12.019Z,lsm6dso acceleration sensor,4.94672,-0.7493851,1.3024458,3
867260900578857,2024-03-07T17:42:12.029Z,lsm6dso acceleration sensor,4.3837833,-0.6871359,1.2521675,3
867260910578857,2024-03-07T17:42:12.039Z,lsm6dso acceleration sensor,3.6846764,-0.48602295,1.2449849,3
867260920578823,2024-03-07T17:42:12.049Z,lsm6dso acceleration sensor,3.4979286,-0.34955344,1.2306197,3
867260930578823,2024-03-07T17:42:12.059Z,lsm6dso acceleration sensor,3.3327289,-0.14604631,1.1180922,3
867260940578856,2024-03-07T17:42:12.069Z,lsm6dso acceleration sensor,3.347094,0.04309563,1.0007763,3
867260950578856,2024-03-07T17:42:12.079Z,lsm6dso acceleration sensor,3.7541082,0.3878607,0.9624691,3
867260960578856,2024-03-07T17:42:12.089Z,lsm6dso acceleration sensor,4.1156325,0.5482722,0.9888053,3
867260970578822,2024-03-07T17:42:12.099Z,lsm6dso acceleration sensor,4.982633,0.7254431,1.0726024,3
867260980578855,2024-03-07T17:42:12.109Z,lsm6dso acceleration sensor,5.51654,0.7541735,1.1851299,3
867260990578888,2024-03-07T17:42:12.119Z,lsm6dso acceleration sensor,6.658574,0.6536171,1.745373,3
867261000578888,2024-03-07T17:42:12.129Z,lsm6dso acceleration sensor,7.3337393,0.48602295,2.0829554,3
867261010578888,2024-03-07T17:42:12.139Z,lsm6dso acceleration sensor,8.36564,-0.01436521,2.2242134,3
867261020578854,2024-03-07T17:42:12.148Z,lsm6dso acceleration sensor,8.930672,-0.37110126,2.3439236,3
867261030578887,2024-03-07T17:42:12.159Z,lsm6dso acceleration sensor,9.9099,-0.92895025,2.9161377,3
867261040578887,2024-03-07T17:42:12.169Z,lsm6dso acceleration sensor,10.592248,-1.2210429,3.2992098,3
867261050578187,2024-03-07T17:42:12.179Z,lsm6dso acceleration sensor,11.983279,-1.7764976,4.0821137,3
867261060577253,2024-03-07T17:42:12.189Z,lsm6dso acceleration sensor,12.703934,-2.1188686,4.5298295,3
867261070577053,2024-03-07T17:42:12.198Z,lsm6dso acceleration sensor,13.003209,-2.5450363,4.6471453,3
867261080577019,2024-03-07T17:42:12.209Z,lsm6dso acceleration sensor,12.797307,-2.741361,4.4556093,3
867261090577052,2024-03-07T17:42:12.219Z,lsm6dso acceleration sensor,12.972084,-2.9352913,4.1276035,3
867261100577085,2024-03-07T17:42:12.229Z,lsm6dso acceleration sensor,13.364733,-2.956839,4.06296,3
867261110577085,2024-03-07T17:42:12.239Z,lsm6dso acceleration sensor,14.494797,-2.9257145,4.465186,3
867261120577085,2024-03-07T17:42:12.249Z,lsm6dso acceleration sensor,15.100829,-2.7748797,4.7884035,3
867261130577051,2024-03-07T17:42:12.258Z,lsm6dso acceleration sensor,15.208568,-2.2840683,4.876989,3
867261140576384,2024-03-07T17:42:12.269Z,lsm6dso acceleration sensor,14.868591,-1.8195933,4.644751,3
867261150576384,2024-03-07T17:42:12.279Z,lsm6dso acceleration sensor,14.224252,-0.85473,4.898836,3
867261160576384,2024-03-07T17:42:12.289Z,lsm6dso acceleration sensor,14.039898,-0.21308395,5.183746,3
867261170576350,2024-03-07T17:42:12.299Z,lsm6dso acceleration sensor,12.885893,0.5626374,5.284302,3
867261180576350,2024-03-07T17:42:12.308Z,lsm6dso acceleration sensor,12.646473,0.81881696,5.5572414,3
867261190576383,2024-03-07T17:42:12.318Z,lsm6dso acceleration sensor,11.667244,1.3335704,6.37127,3
867261200576383,2024-03-07T17:42:12.328Z,lsm6dso acceleration sensor,9.900323,1.532289,6.6729393,3
867261210576383,2024-03-07T17:42:12.339Z,lsm6dso acceleration sensor,6.562806,1.7764976,6.929119,3
867261220576383,2024-03-07T17:42:12.349Z,lsm6dso acceleration sensor,5.0927663,1.6998832,7.0153103,3
867261230576349,2024-03-07T17:42:12.359Z,lsm6dso acceleration sensor,5.1406503,2.195483,6.9195423,3
867261240576315,2024-03-07T17:42:12.369Z,lsm6dso acceleration sensor,5.5452704,2.2984335,6.5891423,3
867261250576348,2024-03-07T17:42:12.379Z,lsm6dso acceleration sensor,6.8237743,2.2984335,6.2946553,3
867261260576114,2024-03-07T17:42:12.389Z,lsm6dso acceleration sensor,8.083124,2.3702598,6.5675945,3
867261270576114,2024-03-07T17:42:12.399Z,lsm6dso acceleration sensor,9.383176,2.2720973,7.240365,3
867261280576080,2024-03-07T17:42:12.409Z,lsm6dso acceleration sensor,9.476549,2.0494366,7.340922,3
867261290576080,2024-03-07T17:42:12.419Z,lsm6dso acceleration sensor,9.574712,1.3239936,7.1972694,3
867261300576113,2024-03-07T17:42:12.428Z,lsm6dso acceleration sensor,9.617807,0.6344634,6.802226,3
867261310576113,2024-03-07T17:42:12.438Z,lsm6dso acceleration sensor,8.753501,-0.6344634,5.2890906,3
867261320576113,2024-03-07T17:42:12.449Z,lsm6dso acceleration sensor,7.982568,-1.1994951,4.582502,3
867261330576079,2024-03-07T17:42:12.459Z,lsm6dso acceleration sensor,6.950667,-1.7310078,3.8235402,3
867261340576112,2024-03-07T17:42:12.469Z,lsm6dso acceleration sensor,6.584354,-1.8507179,3.4524388,3
867261350576845,2024-03-07T17:42:12.478Z,lsm6dso acceleration sensor,6.220435,-1.6256629,2.870648,3
867261360577778,2024-03-07T17:42:12.488Z,lsm6dso acceleration sensor,6.0193224,-1.3335704,2.6144683,3
867261370577978,2024-03-07T17:42:12.499Z,lsm6dso acceleration sensor,5.779902,-0.29209262,2.1164744,3
867261380577978,2024-03-07T17:42:12.509Z,lsm6dso acceleration sensor,5.873276,0.32561144,2.207454,3
867261390577944,2024-03-07T17:42:12.519Z,lsm6dso acceleration sensor,5.8517284,1.4652514,3.0765493,3
867261400577944,2024-03-07T17:42:12.529Z,lsm6dso acceleration sensor,5.51654,2.0590134,2.2984335,3
867261410577977,2024-03-07T17:42:12.539Z,lsm6dso acceleration sensor,4.7668557,2.6503813,1.5610195,3
867261420577977,2024-03-07T17:42:12.549Z,lsm6dso acceleration sensor,4.5274353,2.755726,1.7764976,3
867261430577977,2024-03-07T17:42:12.558Z,lsm6dso acceleration sensor,4.209007,2.5617957,2.3008277,3
867261440578643,2024-03-07T17:42:12.569Z,lsm6dso acceleration sensor,4.096479,2.27928,2.4756045,3
867261450578676,2024-03-07T17:42:12.579Z,lsm6dso acceleration sensor,4.297592,1.484405,2.3223755,3
867261460578709,2024-03-07T17:42:12.589Z,lsm6dso acceleration sensor,4.6112323,0.93134445,2.2266076,3
867261470578709,2024-03-07T17:42:12.599Z,lsm6dso acceleration sensor,5.660192,0.016759412,2.2697031,3
867261480578675,2024-03-07T17:42:12.609Z,lsm6dso acceleration sensor,6.41676,-0.44532153,2.2002714,3
867261490578641,2024-03-07T17:42:12.619Z,lsm6dso acceleration sensor,7.8341274,-1.0726024,2.066196,3
867261500578674,2024-03-07T17:42:12.629Z,lsm6dso acceleration sensor,8.676887,-1.3910311,2.078167,3
867261510578674,2024-03-07T17:42:12.639Z,lsm6dso acceleration sensor,9.660903,-1.6687586,2.1260512,3
867261520578674,2024-03-07T17:42:12.649Z,lsm6dso acceleration sensor,9.783008,-1.6041151,2.2385786,3
867261530578674,2024-03-07T17:42:12.659Z,lsm6dso acceleration sensor,9.68724,-1.2473791,2.6312277,3
867261540578674,2024-03-07T17:42:12.669Z,lsm6dso acceleration sensor,9.771036,-0.94570965,2.717419,3
867261550578640,2024-03-07T17:42:12.678Z,lsm6dso acceleration sensor,10.292973,-0.32561144,3.0382419,3
867261560578906,2024-03-07T17:42:12.689Z,lsm6dso acceleration sensor,10.563518,0.1388637,3.596091,3
867261570578939,2024-03-07T17:42:12.699Z,lsm6dso acceleration sensor,10.46296,1.2665327,4.4125137,3
867261580578939,2024-03-07T17:42:12.709Z,lsm6dso acceleration sensor,10.379164,1.8531121,4.6806645,3
867261590578905,2024-03-07T17:42:12.718Z,lsm6dso acceleration sensor,10.800543,2.7246015,5.11192,3
867261600578871,2024-03-07T17:42:12.729Z,lsm6dso acceleration sensor,11.152491,3.071761,5.222053,3
867261610578904,2024-03-07T17:42:12.739Z,lsm6dso acceleration sensor,11.880328,3.394978,5.291485,3
867261620578904,2024-03-07T17:42:12.748Z,lsm6dso acceleration sensor,12.222699,3.5170822,5.454291,3
867261630578904,2024-03-07T17:42:12.759Z,lsm6dso acceleration sensor,12.89547,3.4332852,5.957073,3
867261640578170,2024-03-07T17:42:12.769Z,lsm6dso acceleration sensor,13.216292,3.2561142,6.110302,3
867261650578170,2024-03-07T17:42:12.779Z,lsm6dso acceleration sensor,13.242629,2.7461493,6.036082,3
867261660578203,2024-03-07T17:42:12.789Z,lsm6dso acceleration sensor,13.110948,2.2361844,5.928343,3
867261670578203,2024-03-07T17:42:12.799Z,lsm6dso acceleration sensor,13.61373,0.8810662,5.7008934,3
867261680578203,2024-03-07T17:42:12.809Z,lsm6dso acceleration sensor,13.738229,0.11971009,5.662586,3
867261690578203,2024-03-07T17:42:12.819Z,lsm6dso acceleration sensor,12.65605,-1.7286136,5.9020066,3
867261700578169,2024-03-07T17:42:12.828Z,lsm6dso acceleration sensor,11.142914,-2.5905263,6.0791774,3
867261710578135,2024-03-07T17:42:12.839Z,lsm6dso acceleration sensor,8.5499935,-2.9496565,5.794267,3
867261720578168,2024-03-07T17:42:12.849Z,lsm6dso acceleration sensor,7.747936,-2.9041667,6.20607,3
867261730578168,2024-03-07T17:42:12.859Z,lsm6dso acceleration sensor,6.878841,-3.2225955,7.2978263,3
867261740578168,2024-03-07T17:42:12.869Z,lsm6dso acceleration sensor,7.1637506,-3.5745432,7.307403,3
867261750578134,2024-03-07T17:42:12.879Z,lsm6dso acceleration sensor,9.031228,-4.185065,7.1493855,3
867261760578134,2024-03-07T17:42:12.889Z,lsm6dso acceleration sensor,10.254665,-4.4843397,6.5173163,3
867261770578167,2024-03-07T17:42:12.899Z,lsm6dso acceleration sensor,11.28896,-4.6279917,5.897218,3
867261780578167,2024-03-07T17:42:12.909Z,lsm6dso acceleration sensor,11.219528,-4.417302,6.2826843,3
867261790578167,2024-03-07T17:42:12.919Z,lsm6dso acceleration sensor,10.249877,-3.2800562,7.1852984,3
867261800578133,2024-03-07T17:42:12.929Z,lsm6dso acceleration sensor,9.572318,-2.5258827,7.498939,3
867261810578166,2024-03-07T17:42:12.939Z,lsm6dso acceleration sensor,9.251494,-1.3910311,8.097489,3
867261820578199,2024-03-07T17:42:12.949Z,lsm6dso acceleration sensor,9.306561,-0.7422025,8.236353,3
867261830578199,2024-03-07T17:42:12.959Z,lsm6dso acceleration sensor,9.158121,0.17238252,7.7575126,3
867261840578199,2024-03-07T17:42:12.969Z,lsm6dso acceleration sensor,8.985738,0.5506664,7.508516,3
867261850578199,2024-03-07T17:42:12.979Z,lsm6dso acceleration sensor,8.025663,1.0654198,6.692093,3
867261860578165,2024-03-07T17:42:12.989Z,lsm6dso acceleration sensor,7.501333,1.1755531,5.96665,3
867261870578165,2024-03-07T17:42:12.999Z,lsm6dso acceleration sensor,7.305009,1.0199299,4.6830587,3
867261880578198,2024-03-07T17:42:13.009Z,lsm6dso acceleration sensor,7.1757216,0.7565677,4.1276035,3
867261890578198,2024-03-07T17:42:13.019Z,lsm6dso acceleration sensor,6.7351885,0.21547815,2.9520507,3
867261900578198,2024-03-07T17:42:13.029Z,lsm6dso acceleration sensor,6.443096,-0.04070143,2.408567,3
867261910578164,2024-03-07T17:42:13.039Z,lsm6dso acceleration sensor,5.928343,-0.25139117,1.757344,3
867261920578197,2024-03-07T17:42:13.049Z,lsm6dso acceleration sensor,5.674557,-0.30645782,1.7836803,3
867261930578197,2024-03-07T17:42:13.059Z,lsm6dso acceleration sensor,4.9850273,-0.31124622,1.8794483,3
867261940578897,2024-03-07T17:42:13.069Z,lsm6dso acceleration sensor,4.525041,-0.2896984,1.8148049,3
867261950578863,2024-03-07T17:42:13.079Z,lsm6dso acceleration sensor,3.928885,-0.23223756,1.8076223,3
867261960578829,2024-03-07T17:42:13.089Z,lsm6dso acceleration sensor,3.7900212,-0.19632454,1.8507179,3
867261970578862,2024-03-07T17:42:13.099Z,lsm6dso acceleration sensor,3.5889084,-0.10055647,1.745373,3
867261980578862,2024-03-07T17:42:13.109Z,lsm6dso acceleration sensor,3.5051112,-0.095768064,1.6950948,3
867261990578862,2024-03-07T17:42:13.119Z,lsm6dso acceleration sensor,3.5889084,-0.045489833,1.4556746,3
867262000578862,2024-03-07T17:42:13.129Z,lsm6dso acceleration sensor,3.928885,0.047884032,1.3000516,3
867262010578862,2024-03-07T17:42:13.139Z,lsm6dso acceleration sensor,4.8722005,0.2801216,1.2976574,3
867262020578828,2024-03-07T17:42:13.149Z,lsm6dso acceleration sensor,5.456685,0.40222588,1.2282255,3
867262030578861,2024-03-07T17:42:13.159Z,lsm6dso acceleration sensor,6.562806,0.5506664,1.2473791,3
867262040578861,2024-03-07T17:42:13.169Z,lsm6dso acceleration sensor,7.2475476,0.58657944,1.5873557,3
867262050578161,2024-03-07T17:42:13.178Z,lsm6dso acceleration sensor,8.41113,0.48602295,2.171541,3
867262060579027,2024-03-07T17:42:13.189Z,lsm6dso acceleration sensor,8.985738,0.33518824,2.4013844,3
867262070578293,2024-03-07T17:42:13.199Z,lsm6dso acceleration sensor,9.931448,-0.1436521,2.89459,3
867262080577626,2024-03-07T17:42:13.209Z,lsm6dso acceleration sensor,10.252271,-0.41180268,3.3566709,3
867262090577626,2024-03-07T17:42:13.219Z,lsm6dso acceleration sensor,11.023204,-0.8738836,4.1826706,3
867262100577192,2024-03-07T17:42:13.228Z,lsm6dso acceleration sensor,11.442189,-1.13964,4.390966,3
867262110577158,2024-03-07T17:42:13.239Z,lsm6dso acceleration sensor,12.361563,-1.9081788,4.5681367,3
867262120577158,2024-03-07T17:42:13.248Z,lsm6dso acceleration sensor,12.462119,-2.4133554,4.417302,3
867262130577191,2024-03-07T17:42:13.259Z,lsm6dso acceleration sensor,12.342409,-3.2130187,3.7900212,3
867262140577191,2024-03-07T17:42:13.269Z,lsm6dso acceleration sensor,12.438177,-3.5913026,3.5745432,3
867262150577191,2024-03-07T17:42:13.279Z,lsm6dso acceleration sensor,13.544298,-3.9480386,4.072537,3
867262160577191,2024-03-07T17:42:13.289Z,lsm6dso acceleration sensor,14.458883,-3.8714242,4.295198,3
867262170577157,2024-03-07T17:42:13.299Z,lsm6dso acceleration sensor,15.345037,-3.1962593,4.378995,3
867262180577157,2024-03-07T17:42:13.309Z,lsm6dso acceleration sensor,15.376162,-2.4253263,4.4603977,3
867262190577190,2024-03-07T17:42:13.319Z,lsm6dso acceleration sensor,14.775217,-0.6967127,4.8937483,3
867262200577190,2024-03-07T17:42:13.328Z,lsm6dso acceleration sensor,14.365509,0.44771573,5.3920417,3
867262210577190,2024-03-07T17:42:13.339Z,lsm6dso acceleration sensor,13.096582,2.2146366,5.588366,3
867262220577156,2024-03-07T17:42:13.349Z,lsm6dso acceleration sensor,12.328044,2.7964275,5.552453,3
867262230577189,2024-03-07T17:42:13.358Z,lsm6dso acceleration sensor,11.360786,3.083732,6.1653686,3
867262240577222,2024-03-07T17:42:13.369Z,lsm6dso acceleration sensor,10.927436,3.122039,6.7974377,3
867262250577222,2024-03-07T17:42:13.379Z,lsm6dso acceleration sensor,7.597101,2.5929205,6.670545,3
867262260577222,2024-03-07T17:42:13.389Z,lsm6dso acceleration sensor,6.392818,2.3750482,6.574777,3
867262270577188,2024-03-07T17:42:13.399Z,lsm6dso acceleration sensor,4.896442,2.171541,6.7926493,3
867262280577221,2024-03-07T17:42:13.408Z,lsm6dso acceleration sensor,4.450821,2.099715,7.118261,3
867262290577221,2024-03-07T17:42:13.419Z,lsm6dso acceleration sensor,4.673482,2.0231004,6.9841857,3
867262300577221,2024-03-07T17:42:13.429Z,lsm6dso acceleration sensor,5.5692124,1.9416976,6.9075713,3
867262310577221,2024-03-07T17:42:13.439Z,lsm6dso acceleration sensor,8.166922,1.7262194,6.739977,3
867262320577221,2024-03-07T17:42:13.449Z,lsm6dso acceleration sensor,9.399935,1.472434,6.5580177,3
867262330577187,2024-03-07T17:42:13.459Z,lsm6dso acceleration sensor,10.561123,0.8643068,6.467038,3
867262340577220,2024-03-07T17:42:13.469Z,lsm6dso acceleration sensor,10.740688,0.39025488,6.514922,3
867262350577953,2024-03-07T17:42:13.478Z,lsm6dso acceleration sensor,10.063129,-0.4381389,6.062418,3
867262360577053,2024-03-07T17:42:13.488Z,lsm6dso acceleration sensor,9.208399,-0.6943185,5.63625,3
867262370577753,2024-03-07T17:42:13.499Z,lsm6dso acceleration sensor,7.448661,-0.8858546,5.150227,3
867262380578419,2024-03-07T17:42:13.509Z,lsm6dso acceleration sensor,6.9554553,-0.9624691,4.8817773,3
867262390578452,2024-03-07T17:42:13.519Z,lsm6dso acceleration sensor,6.4814034,-0.92655605,3.9456444,3
867262400578885,2024-03-07T17:42:13.529Z,lsm6dso acceleration sensor,6.1869164,-0.7374141,3.3327289,3
867262410578185,2024-03-07T17:42:13.539Z,lsm6dso acceleration sensor,5.80145,-0.30166942,2.5474305,3
867262420577451,2024-03-07T17:42:13.549Z,lsm6dso acceleration sensor,5.767931,0.06943185,2.3199813,3
867262430576951,2024-03-07T17:42:13.559Z,lsm6dso acceleration sensor,5.7751136,0.81402856,2.3343468,3
867262440576951,2024-03-07T17:42:13.569Z,lsm6dso acceleration sensor,5.6769514,1.0773908,2.207454,3
867262450576951,2024-03-07T17:42:13.579Z,lsm6dso acceleration sensor,5.126285,1.5873557,2.336741,3
867262460576951,2024-03-07T17:42:13.589Z,lsm6dso acceleration sensor,4.759673,1.8650831,1.3311762,3
867262470576951,2024-03-07T17:42:13.599Z,lsm6dso acceleration sensor,4.268862,1.7405846,0.80684596,3
867262480576917,2024-03-07T17:42:13.609Z,lsm6dso acceleration sensor,4.3526587,1.3958195,1.3144168,3
867262490576883,2024-03-07T17:42:13.619Z,lsm6dso acceleration sensor,4.6495395,0.62728083,1.6687586,3
867262500576883,2024-03-07T17:42:13.629Z,lsm6dso acceleration sensor,4.865018,0.18674773,1.7381904,3
867262510576883,2024-03-07T17:42:13.639Z,lsm6dso acceleration sensor,5.6410384,-0.32561144,2.0278888,3
867262520576883,2024-03-07T17:42:13.648Z,lsm6dso acceleration sensor,6.2731075,-0.48841715,2.207454,3
867262530576849,2024-03-07T17:42:13.659Z,lsm6dso acceleration sensor,7.5061216,-0.62249243,2.566584,3
867262540577049,2024-03-07T17:42:13.669Z,lsm6dso acceleration sensor,8.059182,-0.641646,2.7389667,3
867262550577049,2024-03-07T17:42:13.679Z,lsm6dso acceleration sensor,8.796597,-0.5386954,2.9257145,3
867262560577282,2024-03-07T17:42:13.689Z,lsm6dso acceleration sensor,9.119814,-0.35913026,3.040636,3
867262570577282,2024-03-07T17:42:13.699Z,lsm6dso acceleration sensor,9.656115,0.1604115,3.560178,3
867262580577248,2024-03-07T17:42:13.709Z,lsm6dso acceleration sensor,9.957784,0.5434838,3.7205894,3
867262590577248,2024-03-07T17:42:13.719Z,lsm6dso acceleration sensor,10.316915,1.2114661,3.9193082,3
867262600577248,2024-03-07T17:42:13.729Z,lsm6dso acceleration sensor,10.5323925,1.6496049,4.1826706,3
867262610577248,2024-03-07T17:42:13.739Z,lsm6dso acceleration sensor,10.7789955,2.3798366,4.910807,3
867262620577248,2024-03-07T17:42:13.748Z,lsm6dso acceleration sensor,10.793361,2.5594015,5.150227,3
867262630577248,2024-03-07T17:42:13.759Z,lsm6dso acceleration sensor,10.905888,2.7485435,5.444714,3
867262640577214,2024-03-07T17:42:13.769Z,lsm6dso acceleration sensor,11.047146,2.7461493,5.6314616,3
867262650577180,2024-03-07T17:42:13.779Z,lsm6dso acceleration sensor,10.960955,2.7820623,5.7607484,3
867262660577180,2024-03-07T17:42:13.789Z,lsm6dso acceleration sensor,10.76463,2.8514943,5.7607484,3
867262670577180,2024-03-07T17:42:13.799Z,lsm6dso acceleration sensor,11.253047,2.9233203,5.8110266,3
867262680577413,2024-03-07T17:42:13.809Z,lsm6dso acceleration sensor,11.99525,2.8754363,5.803844,3
867262690577379,2024-03-07T17:42:13.819Z,lsm6dso acceleration sensor,13.642461,2.5833437,5.7511716,3
867262700577379,2024-03-07T17:42:13.828Z,lsm6dso acceleration sensor,13.968072,2.327164,5.552453,3
867262710578079,2024-03-07T17:42:13.839Z,lsm6dso acceleration sensor,14.068628,1.6831238,5.284302,3
867262720578779,2024-03-07T17:42:13.849Z,lsm6dso acceleration sensor,14.248194,1.0941502,5.1574097,3
867262730579245,2024-03-07T17:42:13.859Z,lsm6dso acceleration sensor,13.980043,-0.23942018,4.9251723,3
867262740579245,2024-03-07T17:42:13.869Z,lsm6dso acceleration sensor,12.864345,-0.92655605,4.7285485,3
867262750579245,2024-03-07T17:42:13.879Z,lsm6dso acceleration sensor,10.111013,-2.4827871,4.9730563,3
867262760579478,2024-03-07T17:42:13.889Z,lsm6dso acceleration sensor,9.093477,-3.0621839,5.207688,3
867262770579478,2024-03-07T17:42:13.898Z,lsm6dso acceleration sensor,7.484574,-3.5697548,5.4830213,3
867262780579478,2024-03-07T17:42:13.909Z,lsm6dso acceleration sensor,6.368876,-3.6583402,5.51654,3
867262790579478,2024-03-07T17:42:13.919Z,lsm6dso acceleration sensor,5.940314,-4.0078936,5.8277864,3
867262800579478,2024-03-07T17:42:13.929Z,lsm6dso acceleration sensor,6.4574614,-4.268862,5.945102,3
867262810579478,2024-03-07T17:42:13.939Z,lsm6dso acceleration sensor,8.121431,-4.51307,6.1150904,3
867262820579478,2024-03-07T17:42:13.949Z,lsm6dso acceleration sensor,8.925883,-4.606444,6.062418,3
867262830579478,2024-03-07T17:42:13.959Z,lsm6dso acceleration sensor,10.039187,-4.331111,6.574777,3
867262840579478,2024-03-07T17:42:13.969Z,lsm6dso acceleration sensor,10.398317,-3.9312792,7.058406,3
867262850579478,2024-03-07T17:42:13.979Z,lsm6dso acceleration sensor,11.310508,-2.717419,8.174104,3
867262860579244,2024-03-07T17:42:13.988Z,lsm6dso acceleration sensor,12.000038,-1.8938135,9.0432,3
867262870579244,2024-03-07T17:42:13.999Z,lsm6dso acceleration sensor,12.41184,-0.45250413,9.833285,3
867262880579244,2024-03-07T17:42:14.009Z,lsm6dso acceleration sensor,11.66485,0.22984336,9.541193,3
867262890579244,2024-03-07T17:42:14.019Z,lsm6dso acceleration sensor,9.227552,1.1492168,8.763078,3
867262900579244,2024-03-07T17:42:14.028Z,lsm6dso acceleration sensor,8.08073,1.5370775,8.336909,3
867262910579244,2024-03-07T17:42:14.039Z,lsm6dso acceleration sensor,7.3241625,1.7262194,7.0560117,3
867262920579244,2024-03-07T17:42:14.049Z,lsm6dso acceleration sensor,7.000945,1.4867992,5.930737,3
867262930579477,2024-03-07T17:42:14.059Z,lsm6dso acceleration sensor,6.5101337,0.80205756,3.775656,3
867262940579477,2024-03-07T17:42:14.069Z,lsm6dso acceleration sensor,6.194099,0.4165911,2.7629087,3
867262950579477,2024-03-07T17:42:14.079Z,lsm6dso acceleration sensor,5.928343,-0.1316811,0.79966336,3
867262960579477,2024-03-07T17:42:14.089Z,lsm6dso acceleration sensor,5.732018,-0.37828386,0.33518824,3
867262970579477,2024-03-07T17:42:14.099Z,lsm6dso acceleration sensor,5.1454387,-0.7206547,0.15801731,3
867262980579243,2024-03-07T17:42:14.109Z,lsm6dso acceleration sensor,4.7548847,-0.82360536,0.22026655,3
867262990579243,2024-03-07T17:42:14.119Z,lsm6dso acceleration sensor,3.881001,-0.91219085,0.47884035,3
867263000579243,2024-03-07T17:42:14.129Z,lsm6dso acceleration sensor,3.514688,-0.8595184,0.6751649,3
867263010579243,2024-03-07T17:42:14.139Z,lsm6dso acceleration sensor,3.1675289,-0.58657944,0.93134445,3
867263020579243,2024-03-07T17:42:14.149Z,lsm6dso acceleration sensor,3.1387985,-0.3854665,1.0654198,3
867263030579243,2024-03-07T17:42:14.159Z,lsm6dso acceleration sensor,3.478775,0.009576807,1.3670892,3
867263040579243,2024-03-07T17:42:14.169Z,lsm6dso acceleration sensor,3.8498764,0.22266077,1.6065093,3
867263050579243,2024-03-07T17:42:14.179Z,lsm6dso acceleration sensor,4.7309427,0.38067806,1.9033904,3
867263060579009,2024-03-07T17:42:14.189Z,lsm6dso acceleration sensor,5.210082,0.39504328,1.8555063,3
867263070579009,2024-03-07T17:42:14.199Z,lsm6dso acceleration sensor,5.940314,0.37588966,1.7262194,3
867263080579009,2024-03-07T17:42:14.209Z,lsm6dso acceleration sensor,6.53647,0.35194764,1.8674773,3
867263090579009,2024-03-07T17:42:14.219Z,lsm6dso acceleration sensor,7.668927,0.18435353,2.5019407,3
867263100579009,2024-03-07T17:42:14.229Z,lsm6dso acceleration sensor,8.265083,0.019153614,2.8179753,3
867263110579009,2024-03-07T17:42:14.239Z,lsm6dso acceleration sensor,9.088689,-0.38067806,3.1531637,3
867263120579009,2024-03-07T17:42:14.249Z,lsm6dso acceleration sensor,9.445425,-0.61052144,3.3734303,3
867263130579009,2024-03-07T17:42:14.258Z,lsm6dso acceleration sensor,10.326491,-1.0079589,3.809175,3
867263140578775,2024-03-07T17:42:14.269Z,lsm6dso acceleration sensor,11.087848,-1.2545617,4.0198646,3
867263150578775,2024-03-07T17:42:14.279Z,lsm6dso acceleration sensor,12.751818,-1.8052281,4.5992613,3
867263160578775,2024-03-07T17:42:14.288Z,lsm6dso acceleration sensor,13.367127,-2.1068976,4.7860093,3
867263170578775,2024-03-07T17:42:14.299Z,lsm6dso acceleration sensor,13.355156,-2.633622,4.618415,3
867263180579008,2024-03-07T17:42:14.308Z,lsm6dso acceleration sensor,13.084612,-2.9137435,4.1611223,3
867263190579008,2024-03-07T17:42:14.319Z,lsm6dso acceleration sensor,12.694357,-3.3997664,3.7086184,3
867263200579008,2024-03-07T17:42:14.329Z,lsm6dso acceleration sensor,12.826037,-3.6008794,3.7708676,3
867263210579008,2024-03-07T17:42:14.339Z,lsm6dso acceleration sensor,14.066235,-3.6056678,4.0581717,3
867263220579008,2024-03-07T17:42:14.349Z,lsm6dso acceleration sensor,15.119983,-3.1962593,4.096479,3
867263230578774,2024-03-07T17:42:14.359Z,lsm6dso acceleration sensor,15.553332,-2.030283,4.3502645,3
867263240578774,2024-03-07T17:42:14.369Z,lsm6dso acceleration sensor,15.146318,-1.043872,4.8482585,3
867263250578774,2024-03-07T17:42:14.379Z,lsm6dso acceleration sensor,13.980043,0.6679823,5.5548472,3
867263260579007,2024-03-07T17:42:14.389Z,lsm6dso acceleration sensor,13.230658,1.3742718,5.8517284,3
867263270579007,2024-03-07T17:42:14.399Z,lsm6dso acceleration sensor,11.947366,1.9273324,6.2755017,3
867263280579007,2024-03-07T17:42:14.409Z,lsm6dso acceleration sensor,11.554717,1.946486,6.6154785,3
867263290579273,2024-03-07T17:42:14.419Z,lsm6dso acceleration sensor,10.522816,1.757344,7.3959885,3
867263300579273,2024-03-07T17:42:14.429Z,lsm6dso acceleration sensor,9.110237,1.4700398,7.5276694,3
867263310579273,2024-03-07T17:42:14.438Z,lsm6dso acceleration sensor,6.914754,1.271321,6.8764467,3
867263320579273,2024-03-07T17:42:14.449Z,lsm6dso acceleration sensor,6.4335194,1.3694834,6.6130843,3
867263330579273,2024-03-07T17:42:14.459Z,lsm6dso acceleration sensor,6.4119716,1.8507179,6.6250553,3
867263340579273,2024-03-07T17:42:14.469Z,lsm6dso acceleration sensor,6.5819597,2.0590134,6.584354,3
867263350579273,2024-03-07T17:42:14.479Z,lsm6dso acceleration sensor,7.0440407,2.336741,6.4622498,3
867263360579273,2024-03-07T17:42:14.489Z,lsm6dso acceleration sensor,7.546823,2.384625,6.390424,3
867263370579273,2024-03-07T17:42:14.499Z,lsm6dso acceleration sensor,8.463802,2.2984335,6.107908,3
867263380579273,2024-03-07T17:42:14.509Z,lsm6dso acceleration sensor,8.6218195,2.0925324,5.834969,3
867263390579273,2024-03-07T17:42:14.519Z,lsm6dso acceleration sensor,8.614637,1.508347,5.6649804,3
867263400579273,2024-03-07T17:42:14.529Z,lsm6dso acceleration sensor,8.533235,1.043872,5.7607484,3
867263410579273,2024-03-07T17:42:14.539Z,lsm6dso acceleration sensor,7.9682026,0.1316811,5.7272296,3
867263420579273,2024-03-07T17:42:14.549Z,lsm6dso acceleration sensor,7.355287,-0.22266077,5.183746,3
867263430579506,2024-03-07T17:42:14.559Z,lsm6dso acceleration sensor,7.048829,-0.9576807,4.4939165,3
867263440579506,2024-03-07T17:42:14.569Z,lsm6dso acceleration sensor,7.2331824,-1.1611878,4.331111,3
867263450579506,2024-03-07T17:42:14.579Z,lsm6dso acceleration sensor,7.0033393,-1.1923125,4.06296,3
867263460579506,2024-03-07T17:42:14.589Z,lsm6dso acceleration sensor,6.438308,-1.0295067,3.7301662,3
867263470579506,2024-03-07T17:42:14.599Z,lsm6dso acceleration sensor,5.4854155,-0.320823,3.2992098,3
867263480579506,2024-03-07T17:42:14.609Z,lsm6dso acceleration sensor,5.0975547,0.19393034,3.0095115,3
867263490579506,2024-03-07T17:42:14.618Z,lsm6dso acceleration sensor,4.6926355,0.8475474,2.5115175,3
867263500579506,2024-03-07T17:42:14.629Z,lsm6dso acceleration sensor,4.5753193,1.0726024,2.0518308,3
867263510579506,2024-03-07T17:42:14.639Z,lsm6dso acceleration sensor,4.4484267,1.1994951,1.4891934,3
867263520579506,2024-03-07T17:42:14.648Z,lsm6dso acceleration sensor,4.429273,1.1899183,1.4269443,3
867263530579506,2024-03-07T17:42:14.659Z,lsm6dso acceleration sensor,4.390966,1.0726024,1.4317327,3
867263540579506,2024-03-07T17:42:14.669Z,lsm6dso acceleration sensor,4.390966,0.9672575,1.5131354,3
867263550579506,2024-03-07T17:42:14.679Z,lsm6dso acceleration sensor,4.43885,0.7613561,1.6687586,3
867263560579506,2024-03-07T17:42:14.688Z,lsm6dso acceleration sensor,4.642357,0.60333884,1.7238252,3
867263570579506,2024-03-07T17:42:14.699Z,lsm6dso acceleration sensor,5.466262,0.20590134,1.9057846,3
867263580579506,2024-03-07T17:42:14.709Z,lsm6dso acceleration sensor,6.048053,-0.0047884034,2.0015526,3
867263590579239,2024-03-07T17:42:14.719Z,lsm6dso acceleration sensor,7.1254435,-0.32800564,2.542642,3
867263600579239,2024-03-07T17:42:14.729Z,lsm6dso acceleration sensor,7.606678,-0.48362875,2.7030537,3
867263610579239,2024-03-07T17:42:14.738Z,lsm6dso acceleration sensor,8.3752165,-0.6631939,2.954445,3
867263620579239,2024-03-07T17:42:14.749Z,lsm6dso acceleration sensor,8.976161,-0.7278373,3.1364043,3
867263630579239,2024-03-07T17:42:14.759Z,lsm6dso acceleration sensor,10.374375,-0.7086837,3.4476504,3
867263640579239,2024-03-07T17:42:14.769Z,lsm6dso acceleration sensor,11.0974245,-0.5626374,3.7110126,3
867263650579239,2024-03-07T17:42:14.779Z,lsm6dso acceleration sensor,11.427824,0.05267244,4.5178585,3
867263660579239,2024-03-07T17:42:14.789Z,lsm6dso acceleration sensor,11.233893,0.61770403,4.9395375,3
867263670579239,2024-03-07T17:42:14.799Z,lsm6dso acceleration sensor,10.831668,1.673547,5.358523,3
867263680579472,2024-03-07T17:42:14.809Z,lsm6dso acceleration sensor,10.728717,2.1045034,5.6434326,3
867263690579472,2024-03-07T17:42:14.819Z,lsm6dso acceleration sensor,10.893917,2.8634653,6.646603,3
867263700579472,2024-03-07T17:42:14.828Z,lsm6dso acceleration sensor,11.037569,3.1986535,7.084742,3
867263710579472,2024-03-07T17:42:14.839Z,lsm6dso acceleration sensor,11.118972,3.6008794,7.058406,3
867263720579472,2024-03-07T17:42:14.849Z,lsm6dso acceleration sensor,11.212346,3.7014358,6.6968813,3
867263730579238,2024-03-07T17:42:14.859Z,lsm6dso acceleration sensor,11.36318,3.4045548,6.3138094,3
867263740579238,2024-03-07T17:42:14.869Z,lsm6dso acceleration sensor,11.511621,2.992752,6.1773396,3
867263750579238,2024-03-07T17:42:14.879Z,lsm6dso acceleration sensor,12.368745,1.8938135,5.329792,3
867263760579238,2024-03-07T17:42:14.888Z,lsm6dso acceleration sensor,13.041516,1.2066777,4.6926355,3
867263770579238,2024-03-07T17:42:14.899Z,lsm6dso acceleration sensor,14.0590515,0.24899697,4.3502645,3
867263780579004,2024-03-07T17:42:14.909Z,lsm6dso acceleration sensor,14.027927,-0.46926352,4.7261543,3
867263790579004,2024-03-07T17:42:14.919Z,lsm6dso acceleration sensor,12.562675,-1.6208745,5.39683,3
867263800579004,2024-03-07T17:42:14.929Z,lsm6dso acceleration sensor,11.746253,-2.0398598,4.441244,3
867263810579004,2024-03-07T17:42:14.939Z,lsm6dso acceleration sensor,10.59943,-2.8514943,5.633856,3
867263820579004,2024-03-07T17:42:14.949Z,lsm6dso acceleration sensor,9.771036,-3.1028855,6.3880296,3
867263830579004,2024-03-07T17:42:14.959Z,lsm6dso acceleration sensor,7.999327,-3.2202013,7.3624697,3
867263840579004,2024-03-07T17:42:14.969Z,lsm6dso acceleration sensor,7.144597,-3.3399115,7.522881,3
867263850579004,2024-03-07T17:42:14.979Z,lsm6dso acceleration sensor,6.230012,-3.572149,7.5061216,3
867263860578770,2024-03-07T17:42:14.989Z,lsm6dso acceleration sensor,6.2731075,-3.8618474,7.1757216,3
867263870578770,2024-03-07T17:42:14.999Z,lsm6dso acceleration sensor,7.3385277,-4.486734,5.928343,3
867263880578770,2024-03-07T17:42:15.009Z,lsm6dso acceleration sensor,8.166922,-4.7309427,5.4040127,3
867263890578770,2024-03-07T17:42:15.019Z,lsm6dso acceleration sensor,10.084677,-4.8267107,4.6136265,3
867263900578770,2024-03-07T17:42:15.029Z,lsm6dso acceleration sensor,10.771812,-4.501099,4.675876,3
867263910578770,2024-03-07T17:42:15.039Z,lsm6dso acceleration sensor,10.8268795,-3.3997664,5.5548472,3
867263920578770,2024-03-07T17:42:15.049Z,lsm6dso acceleration sensor,10.470143,-2.4588451,6.5436525,3
867263930579003,2024-03-07T17:42:15.059Z,lsm6dso acceleration sensor,9.495703,-0.80924016,7.228394,3
867263940579003,2024-03-07T17:42:15.069Z,lsm6dso acceleration sensor,9.103054,-0.110133275,7.0033393,3
867263950579003,2024-03-07T17:42:15.079Z,lsm6dso acceleration sensor,9.462184,0.31364042,7.3121915,3
867263960579003,2024-03-07T17:42:15.089Z,lsm6dso acceleration sensor,9.617807,0.29688102,7.3457103,3
867263970579003,2024-03-07T17:42:15.099Z,lsm6dso acceleration sensor,9.107842,-0.011971008,6.6849103,3
867263980578336,2024-03-07T17:42:15.109Z,lsm6dso acceleration sensor,8.626608,-0.24660277,6.0552354,3
867263990578336,2024-03-07T17:42:15.119Z,lsm6dso acceleration sensor,7.999327,-0.6775591,4.970662,3
867264000578336,2024-03-07T17:42:15.129Z,lsm6dso acceleration sensor,7.6832924,-0.8475474,4.43885,3
867264010578336,2024-03-07T17:42:15.139Z,lsm6dso acceleration sensor,6.9602437,-1.2354081,3.1172507,3
867264020578336,2024-03-07T17:42:15.149Z,lsm6dso acceleration sensor,6.6418147,-1.316811,2.5067291,3
867264030578336,2024-03-07T17:42:15.158Z,lsm6dso acceleration sensor,5.954679,-1.3096284,1.9297266,3
867264040578336,2024-03-07T17:42:15.169Z,lsm6dso acceleration sensor,5.382465,-1.1994951,1.7717092,3
867264050578336,2024-03-07T17:42:15.179Z,lsm6dso acceleration sensor,4.232949,-0.78529817,1.8794483,3
867264060578336,2024-03-07T17:42:15.189Z,lsm6dso acceleration sensor,3.7014358,-0.47884035,1.9273324,3
867264070578336,2024-03-07T17:42:15.199Z,lsm6dso acceleration sensor,3.169923,-0.016759412,1.8626889,3
867264080578336,2024-03-07T17:42:15.209Z,lsm6dso acceleration sensor,3.071761,0.23223756,1.7046716,3
867264090578336,2024-03-07T17:42:15.218Z,lsm6dso acceleration sensor,3.157952,0.581791,1.388637,3
867264100578336,2024-03-07T17:42:15.228Z,lsm6dso acceleration sensor,3.2609026,0.7015011,1.3239936,3
867264110578336,2024-03-07T17:42:15.239Z,lsm6dso acceleration sensor,3.4715924,0.8331822,1.2665327,3
867264120578336,2024-03-07T17:42:15.249Z,lsm6dso acceleration sensor,3.6296098,0.8690952,1.2234371,3
867264130578336,2024-03-07T17:42:15.259Z,lsm6dso acceleration sensor,4.1946416,0.8882488,1.2114661,3
867264140578336,2024-03-07T17:42:15.269Z,lsm6dso acceleration sensor,4.7644615,0.92655605,1.3263878,3
867264150578336,2024-03-07T17:42:15.279Z,lsm6dso acceleration sensor,6.1749454,0.7757214,1.6879122,3
867264160578336,2024-03-07T17:42:15.289Z,lsm6dso acceleration sensor,6.953061,0.7062895,1.8195933,3
867264170578336,2024-03-07T17:42:15.299Z,lsm6dso acceleration sensor,8.873211,0.40222588,2.2290018,3
867264180578569,2024-03-07T17:42:15.309Z,lsm6dso acceleration sensor,9.857227,0.12689269,2.669535,3
867264190578569,2024-03-07T17:42:15.319Z,lsm6dso acceleration sensor,11.257835,-0.533907,3.8355112,3
867264200578569,2024-03-07T17:42:15.329Z,lsm6dso acceleration sensor,11.746253,-1.0295067,4.781221,3
867264210578569,2024-03-07T17:42:15.339Z,lsm6dso acceleration sensor,12.035952,-2.099715,6.3066263,3
867264220578802,2024-03-07T17:42:15.348Z,lsm6dso acceleration sensor,12.184392,-2.743755,6.5699887,3
867264230578568,2024-03-07T17:42:15.359Z,lsm6dso acceleration sensor,13.146861,-4.2544966,5.2052937,3
867264240578568,2024-03-07T17:42:15.369Z,lsm6dso acceleration sensor,13.956101,-4.8027687,6.0696006,3
867264250578568,2024-03-07T17:42:15.379Z,lsm6dso acceleration sensor,14.825496,-5.3393693,6.0312934,3
867264260578568,2024-03-07T17:42:15.388Z,lsm6dso acceleration sensor,14.722545,-5.1574097,5.454291,3
867264270578568,2024-03-07T17:42:15.399Z,lsm6dso acceleration sensor,13.690345,-3.9671922,4.2185836,3
867264280579234,2024-03-07T17:42:15.408Z,lsm6dso acceleration sensor,13.324032,-2.9496565,4.0318356,3
867264290579234,2024-03-07T17:42:15.419Z,lsm6dso acceleration sensor,13.561058,-0.9744401,4.462792,3
867264300579234,2024-03-07T17:42:15.429Z,lsm6dso acceleration sensor,13.642461,0.2777274,3.0765493,3
867264310579234,2024-03-07T17:42:15.439Z,lsm6dso acceleration sensor,13.980043,1.8387469,4.673482,3
867264320579234,2024-03-07T17:42:15.449Z,lsm6dso acceleration sensor,13.838785,2.4349031,5.5093575,3
867264330579234,2024-03-07T17:42:15.459Z,lsm6dso acceleration sensor,12.653655,2.858677,6.1988873,3
867264340579234,2024-03-07T17:42:15.469Z,lsm6dso acceleration sensor,12.000038,2.705448,6.742371,3
867264350579234,2024-03-07T17:42:15.479Z,lsm6dso acceleration sensor,10.549152,1.7166426,7.4773912,3
867264360579234,2024-03-07T17:42:15.488Z,lsm6dso acceleration sensor,9.519646,1.0749966,6.670545,3
867264370579234,2024-03-07T17:42:15.499Z,lsm6dso acceleration sensor,9.172486,0.9768343,7.046435,3
867264380579234,2024-03-07T17:42:15.509Z,lsm6dso acceleration sensor,9.021651,1.3215994,7.879617,3
867264390579234,2024-03-07T17:42:15.519Z,lsm6dso acceleration sensor,7.412748,1.9536686,8.777443,3
867264400579234,2024-03-07T17:42:15.529Z,lsm6dso acceleration sensor,6.110302,2.3415294,9.040805,3
867264410579234,2024-03-07T17:42:15.539Z,lsm6dso acceleration sensor,4.2161894,2.9879637,8.856451,3
867264420579234,2024-03-07T17:42:15.549Z,lsm6dso acceleration sensor,3.8618474,3.2369606,8.353669,3
867264430579467,2024-03-07T17:42:15.559Z,lsm6dso acceleration sensor,4.537012,3.028665,6.8405337,3
867264440579467,2024-03-07T17:42:15.569Z,lsm6dso acceleration sensor,5.3441577,2.6312277,6.622661,3
867264450579467,2024-03-07T17:42:15.579Z,lsm6dso acceleration sensor,6.2491655,1.9177556,3.6607344,3
867264460579467,2024-03-07T17:42:15.589Z,lsm6dso acceleration sensor,7.230788,1.2042835,2.2218192,3
867264470579467,2024-03-07T17:42:15.599Z,lsm6dso acceleration sensor,9.593865,-0.4381389,1.7717092,3
867264480579233,2024-03-07T17:42:15.609Z,lsm6dso acceleration sensor,9.988909,-1.1133038,2.0494366,3
867264490579233,2024-03-07T17:42:15.619Z,lsm6dso acceleration sensor,9.153333,-1.4891934,3.2393548,3
867264500579233,2024-03-07T17:42:15.629Z,lsm6dso acceleration sensor,8.571542,-1.1851299,4.1539397,3
867264510579233,2024-03-07T17:42:15.639Z,lsm6dso acceleration sensor,7.4917564,-0.5650316,5.0712185,3
867264520578999,2024-03-07T17:42:15.649Z,lsm6dso acceleration sensor,6.8836293,-0.15562311,5.2148705,3
867264530578999,2024-03-07T17:42:15.659Z,lsm6dso acceleration sensor,5.988198,0.33039984,4.63278,3
867264540578999,2024-03-07T17:42:15.669Z,lsm6dso acceleration sensor,5.68174,0.45968673,4.4603977,3
867264550578999,2024-03-07T17:42:15.679Z,lsm6dso acceleration sensor,5.267543,0.6727707,3.5745432,3
867264560578999,2024-03-07T17:42:15.689Z,lsm6dso acceleration sensor,5.0209403,0.7278373,2.6599581,3
867264570578999,2024-03-07T17:42:15.698Z,lsm6dso acceleration sensor,4.6926355,0.7230489,1.8890251,3
867264580578765,2024-03-07T17:42:15.709Z,lsm6dso acceleration sensor,4.453215,0.7350199,1.5442601,3
867264590578765,2024-03-07T17:42:15.719Z,lsm6dso acceleration sensor,4.000711,0.8714894,0.94570965,3
867264600578765,2024-03-07T17:42:15.729Z,lsm6dso acceleration sensor,3.8642416,0.90500826,0.7302315,3
867264610578765,2024-03-07T17:42:15.739Z,lsm6dso acceleration sensor,3.8642416,0.8858546,0.8331822,3
867264620578765,2024-03-07T17:42:15.749Z,lsm6dso acceleration sensor,4.0533834,0.878672,0.9816227,3
867264630578765,2024-03-07T17:42:15.759Z,lsm6dso acceleration sensor,4.687847,0.92176765,1.3239936,3
867264640578765,2024-03-07T17:42:15.769Z,lsm6dso acceleration sensor,5.1454387,0.9504981,1.6424223,3
867264650578765,2024-03-07T17:42:15.779Z,lsm6dso acceleration sensor,6.1031194,1.0893618,2.4061728,3
867264660578765,2024-03-07T17:42:15.789Z,lsm6dso acceleration sensor,6.8165917,1.1899183,2.9017725,3
867264670578765,2024-03-07T17:42:15.799Z,lsm6dso acceleration sensor,8.08073,1.4293385,3.8474822,3
867264680578998,2024-03-07T17:42:15.809Z,lsm6dso acceleration sensor,8.758289,1.6112977,4.498705,3
867264690578998,2024-03-07T17:42:15.819Z,lsm6dso acceleration sensor,9.811738,2.0566192,5.2507834,3
867264700578998,2024-03-07T17:42:15.829Z,lsm6dso acceleration sensor,10.386346,2.2337902,5.5476646,3
867264710578998,2024-03-07T17:42:15.838Z,lsm6dso acceleration sensor,11.33445,2.4037786,6.330569,3
867264720578998,2024-03-07T17:42:15.848Z,lsm6dso acceleration sensor,11.597813,2.5139117,6.7711015,3
867264730578764,2024-03-07T17:42:15.859Z,lsm6dso acceleration sensor,11.52838,2.5594015,7.1134725,3
867264740578764,2024-03-07T17:42:15.869Z,lsm6dso acceleration sensor,11.403882,2.5234885,7.0608,3
867264750578764,2024-03-07T17:42:15.879Z,lsm6dso acceleration sensor,11.164462,2.2505496,6.8237743,3
867264760578764,2024-03-07T17:42:15.889Z,lsm6dso acceleration sensor,11.087848,2.1308396,6.464644,3
867264770578764,2024-03-07T17:42:15.899Z,lsm6dso acceleration sensor,11.011233,2.3127987,5.566818,3
867264780578764,2024-03-07T17:42:15.908Z,lsm6dso acceleration sensor,11.0495405,2.4756045,5.198111,3
867264790578764,2024-03-07T17:42:15.919Z,lsm6dso acceleration sensor,11.4876795,2.6599581,4.6399627,3
867264800578764,2024-03-07T17:42:15.928Z,lsm6dso acceleration sensor,12.01201,2.5761611,4.4340615,3
867264810578764,2024-03-07T17:42:15.939Z,lsm6dso acceleration sensor,13.041516,2.0805612,4.256891,3
867264820578764,2024-03-07T17:42:15.949Z,lsm6dso acceleration sensor,13.553875,1.5993267,4.501099,3
867264830578764,2024-03-07T17:42:15.959Z,lsm6dso acceleration sensor,14.0829935,0.7541735,5.6051254,3
867264840578764,2024-03-07T17:42:15.969Z,lsm6dso acceleration sensor,13.958495,0.37110126,6.292261,3
867264850578764,2024-03-07T17:42:15.979Z,lsm6dso acceleration sensor,13.024756,-0.35913026,7.2331824,3
867264860578764,2024-03-07T17:42:15.989Z,lsm6dso acceleration sensor,12.043134,-0.6631939,7.621043,3
867264870578764,2024-03-07T17:42:15.999Z,lsm6dso acceleration sensor,9.972149,-0.78529817,7.987356,3
867264880578764,2024-03-07T17:42:16.009Z,lsm6dso acceleration sensor,9.004891,-0.878672,8.348881,3
867264890578764,2024-03-07T17:42:16.019Z,lsm6dso acceleration sensor,7.999327,-1.6759412,7.9203186,3
867264900578764,2024-03-07T17:42:16.029Z,lsm6dso acceleration sensor,7.889194,-2.4756045,7.922713,3
867264910578764,2024-03-07T17:42:16.039Z,lsm6dso acceleration sensor,8.712799,-4.0222588,6.6250553,3
867264920578764,2024-03-07T17:42:16.049Z,lsm6dso acceleration sensor,9.617807,-4.8865657,4.7189717,3
867264930578997,2024-03-07T17:42:16.059Z,lsm6dso acceleration sensor,10.905888,-5.657798,2.0901382,3
867264940578997,2024-03-07T17:42:16.069Z,lsm6dso acceleration sensor,10.776601,-5.6075196,2.4013844,3
867264950578997,2024-03-07T17:42:16.079Z,lsm6dso acceleration sensor,8.226776,-3.9791632,3.7828386,3
867264960578997,2024-03-07T17:42:16.088Z,lsm6dso acceleration sensor,6.9722147,-2.693477,3.9743748,3
867264970578997,2024-03-07T17:42:16.099Z,lsm6dso acceleration sensor,8.061577,-0.9744401,5.1645923,3
867264980578763,2024-03-07T17:42:16.109Z,lsm6dso acceleration sensor,9.86441,-0.11731588,6.0552354,3
867264990578763,2024-03-07T17:42:16.119Z,lsm6dso acceleration sensor,11.207558,1.3814543,7.4678144,3
867265000578763,2024-03-07T17:42:16.128Z,lsm6dso acceleration sensor,10.355222,1.8818425,7.692869,3
867265010578763,2024-03-07T17:42:16.139Z,lsm6dso acceleration sensor,8.145373,2.5617957,7.6378026,3
867265020578763,2024-03-07T17:42:16.149Z,lsm6dso acceleration sensor,7.5037274,2.6623523,7.448661,3
867265030578763,2024-03-07T17:42:16.159Z,lsm6dso acceleration sensor,6.881235,2.3558946,6.3616934,3
867265040578763,2024-03-07T17:42:16.168Z,lsm6dso acceleration sensor,6.6849103,1.8579005,5.1645923,3
867265050578763,2024-03-07T17:42:16.179Z,lsm6dso acceleration sensor,6.608296,0.7015011,2.992752,3
867265060578996,2024-03-07T17:42:16.189Z,lsm6dso acceleration sensor,6.4454904,0.08619126,2.2457612,3
867265070578996,2024-03-07T17:42:16.198Z,lsm6dso acceleration sensor,5.767931,-0.6631939,1.5131354,3
867265080578996,2024-03-07T17:42:16.209Z,lsm6dso acceleration sensor,5.1885343,-0.92655605,1.3575124,3
867265090578996,2024-03-07T17:42:16.219Z,lsm6dso acceleration sensor,4.285621,-0.94331545,1.3239936,3
867265100578996,2024-03-07T17:42:16.229Z,lsm6dso acceleration sensor,3.8402996,-0.6727707,1.3551182,3
867265110578996,2024-03-07T17:42:16.239Z,lsm6dso acceleration sensor,3.1004913,-0.1436521,1.5610195,3
867265120578996,2024-03-07T17:42:16.249Z,lsm6dso acceleration sensor,2.9616275,0.23463176,1.5155296,3
867265130578996,2024-03-07T17:42:16.259Z,lsm6dso acceleration sensor,3.3758245,0.80924016,1.3694834,3
867265140578996,2024-03-07T17:42:16.269Z,lsm6dso acceleration sensor,3.7972038,1.0103531,1.3934253,3
867265150578996,2024-03-07T17:42:16.279Z,lsm6dso acceleration sensor,4.474763,1.3335704,1.4939818,3
867265160578996,2024-03-07T17:42:16.289Z,lsm6dso acceleration sensor,4.6519337,1.4796166,1.6903064,3
867265170578996,2024-03-07T17:42:16.299Z,lsm6dso acceleration sensor,5.0329113,1.6519991,2.0231004,3
867265180579029,2024-03-07T17:42:16.309Z,lsm6dso acceleration sensor,5.3776765,1.5298948,2.2361844,3
867265190579029,2024-03-07T17:42:16.319Z,lsm6dso acceleration sensor,6.112696,1.1252748,2.3463178,3
867265200579029,2024-03-07T17:42:16.329Z,lsm6dso acceleration sensor,6.766313,0.78769237,2.2720973,3
867265210579029,2024-03-07T17:42:16.339Z,lsm6dso acceleration sensor,8.3033905,0.08619126,2.2720973,3
867265220579029,2024-03-07T17:42:16.349Z,lsm6dso acceleration sensor,9.232341,-0.35194764,2.4971523,3
867265230578795,2024-03-07T17:42:16.359Z,lsm6dso acceleration sensor,10.472537,-0.9576807,2.6120741,3
867265240578795,2024-03-07T17:42:16.369Z,lsm6dso acceleration sensor,11.066299,-1.292869,3.3087866,3
867265250578795,2024-03-07T17:42:16.379Z,lsm6dso acceleration sensor,12.031163,-1.5346833,4.402937,3
867265260578795,2024-03-07T17:42:16.389Z,lsm6dso acceleration sensor,12.4286,-1.5921441,4.855441,3
867265270578795,2024-03-07T17:42:16.399Z,lsm6dso acceleration sensor,12.533945,-1.7429788,5.372888,3
867265280578795,2024-03-07T17:42:16.409Z,lsm6dso acceleration sensor,12.426206,-1.8219875,5.6889224,3
867265290578795,2024-03-07T17:42:16.419Z,lsm6dso acceleration sensor,12.663232,-1.958457,6.038476,3
867265300578795,2024-03-07T17:42:16.429Z,lsm6dso acceleration sensor,13.046305,-2.0853498,5.8660936,3
867265310578795,2024-03-07T17:42:16.439Z,lsm6dso acceleration sensor,13.872304,-2.4732103,5.538088,3
867265320578795,2024-03-07T17:42:16.449Z,lsm6dso acceleration sensor,14.365509,-2.5881321,5.4997807,3
867265330578795,2024-03-07T17:42:16.459Z,lsm6dso acceleration sensor,15.285182,-2.4899697,5.303456,3
867265340578795,2024-03-07T17:42:16.469Z,lsm6dso acceleration sensor,15.407287,-2.1021092,4.982633,3
867265350578795,2024-03-07T17:42:16.479Z,lsm6dso acceleration sensor,15.165472,-1.1204864,5.3417635,3
867265360578561,2024-03-07T17:42:16.489Z,lsm6dso acceleration sensor,14.799159,-0.34955344,5.7727194,3
867265370578561,2024-03-07T17:42:16.499Z,lsm6dso acceleration sensor,13.862727,0.7110779,6.304232,3
867265380578561,2024-03-07T17:42:16.509Z,lsm6dso acceleration sensor,12.94096,1.043872,6.787861,3
867265390578561,2024-03-07T17:42:16.519Z,lsm6dso acceleration sensor,10.3336735,1.4652514,7.261913,3
867265400578561,2024-03-07T17:42:16.529Z,lsm6dso acceleration sensor,8.887576,1.922544,7.352893,3
867265410578561,2024-03-07T17:42:16.539Z,lsm6dso acceleration sensor,6.41676,2.6886885,7.474997,3
867265420578127,2024-03-07T17:42:16.549Z,lsm6dso acceleration sensor,5.5356936,3.074155,7.6234374,3
867265430578360,2024-03-07T17:42:16.559Z,lsm6dso acceleration sensor,4.9275665,3.691859,7.228394,3
867265440578360,2024-03-07T17:42:16.569Z,lsm6dso acceleration sensor,5.39683,4.0198646,6.718429,3
867265450578360,2024-03-07T17:42:16.578Z,lsm6dso acceleration sensor,6.2515597,3.9624038,6.13185,3
867265460578360,2024-03-07T17:42:16.589Z,lsm6dso acceleration sensor,7.355287,3.8881836,6.122273,3
867265470578360,2024-03-07T17:42:16.599Z,lsm6dso acceleration sensor,8.971373,3.763685,6.395212,3
867265480578326,2024-03-07T17:42:16.609Z,lsm6dso acceleration sensor,8.983344,3.5170822,6.452673,3
867265490578326,2024-03-07T17:42:16.619Z,lsm6dso acceleration sensor,8.705617,2.755726,6.4574614,3
867265500578559,2024-03-07T17:42:16.629Z,lsm6dso acceleration sensor,8.779837,2.0709844,6.438308,3
867265510578559,2024-03-07T17:42:16.639Z,lsm6dso acceleration sensor,8.834904,0.6895301,5.856517,3
867265520578559,2024-03-07T17:42:16.648Z,lsm6dso acceleration sensor,8.700829,-0.009576807,5.1789575,3
867265530578559,2024-03-07T17:42:16.659Z,lsm6dso acceleration sensor,7.9059534,-0.92176765,4.2161894,3
867265540578559,2024-03-07T17:42:16.669Z,lsm6dso acceleration sensor,7.4079595,-1.0989386,4.000711,3
867265550578559,2024-03-07T17:42:16.679Z,lsm6dso acceleration sensor,6.6154785,-0.92176765,3.7565024,3
867265560578559,2024-03-07T17:42:16.689Z,lsm6dso acceleration sensor,6.112696,-0.51954174,3.4237084,3
867265570578559,2024-03-07T17:42:16.699Z,lsm6dso acceleration sensor,5.171775,0.30885202,2.8179753,3
867265580578559,2024-03-07T17:42:16.709Z,lsm6dso acceleration sensor,4.747702,0.93613285,2.693477,3
867265590578559,2024-03-07T17:42:16.719Z,lsm6dso acceleration sensor,3.466804,1.910573,1.9393034,3
867265600578559,2024-03-07T17:42:16.729Z,lsm6dso acceleration sensor,2.9161377,2.2385786,0.5434838,3
867265610578559,2024-03-07T17:42:16.739Z,lsm6dso acceleration sensor,3.0885203,2.420538,0.079008654,3
867265620578559,2024-03-07T17:42:16.748Z,lsm6dso acceleration sensor,3.3758245,2.3630772,0.40701428,3
867265630578559,2024-03-07T17:42:16.759Z,lsm6dso acceleration sensor,3.691859,2.0829554,0.8379706,3
867265640578559,2024-03-07T17:42:16.769Z,lsm6dso acceleration sensor,3.6774938,1.8004397,0.89064306,3
867265650578559,2024-03-07T17:42:16.779Z,lsm6dso acceleration sensor,3.8786068,1.2138603,1.1348516,3
867265660578559,2024-03-07T17:42:16.789Z,lsm6dso acceleration sensor,4.5872903,0.8331822,0.7134721,3
867265670578559,2024-03-07T17:42:16.799Z,lsm6dso acceleration sensor,6.3497224,0.3184288,2.3104045,3
867265680578792,2024-03-07T17:42:16.809Z,lsm6dso acceleration sensor,6.9913683,0.22744916,2.695871,3
867265690578792,2024-03-07T17:42:16.819Z,lsm6dso acceleration sensor,7.994539,0.28491,3.1004913,3
867265700578792,2024-03-07T17:42:16.829Z,lsm6dso acceleration sensor,8.41113,0.4333505,3.6128504,3
867265710578792,2024-03-07T17:42:16.838Z,lsm6dso acceleration sensor,9.00968,0.8643068,4.3478703,3
867265720579225,2024-03-07T17:42:16.849Z,lsm6dso acceleration sensor,9.273043,1.1707647,4.3981485,3
867265730578991,2024-03-07T17:42:16.859Z,lsm6dso acceleration sensor,10.012851,1.7046716,4.3023806,3
867265740578991,2024-03-07T17:42:16.869Z,lsm6dso acceleration sensor,10.565911,1.8938135,4.197036,3
867265750578991,2024-03-07T17:42:16.878Z,lsm6dso acceleration sensor,11.794137,2.2337902,4.2401314,3
867265760578991,2024-03-07T17:42:16.889Z,lsm6dso acceleration sensor,12.136508,2.4492683,4.6495395,3
867265770578991,2024-03-07T17:42:16.899Z,lsm6dso acceleration sensor,11.676821,2.6312277,5.8277864,3
867265780578991,2024-03-07T17:42:16.909Z,lsm6dso acceleration sensor,10.934618,2.6839,6.500557,3
867265790578991,2024-03-07T17:42:16.919Z,lsm6dso acceleration sensor,10.089465,2.858677,6.9937625,3
867265800578757,2024-03-07T17:42:16.929Z,lsm6dso acceleration sensor,10.3097315,2.956839,6.818986,3
867265810578757,2024-03-07T17:42:16.939Z,lsm6dso acceleration sensor,11.456554,3.0597897,6.2635307,3
867265820578757,2024-03-07T17:42:16.949Z,lsm6dso acceleration sensor,12.14369,3.0669725,6.124667,3
867265830578757,2024-03-07T17:42:16.958Z,lsm6dso acceleration sensor,13.0319395,2.8107927,5.6075196,3
867265840578757,2024-03-07T17:42:16.969Z,lsm6dso acceleration sensor,13.517962,2.645593,5.1454387,3
867265850578757,2024-03-07T17:42:16.979Z,lsm6dso acceleration sensor,14.071023,2.3558946,4.5777135,3
867265860578757,2024-03-07T17:42:16.989Z,lsm6dso acceleration sensor,13.96089,2.231396,4.501099,3
867265870578990,2024-03-07T17:42:16.999Z,lsm6dso acceleration sensor,14.06384,1.982399,4.4603977,3
867265880578990,2024-03-07T17:42:17.009Z,lsm6dso acceleration sensor,14.3295965,1.6903064,4.537012,3
867265890578990,2024-03-07T17:42:17.019Z,lsm6dso acceleration sensor,13.553875,0.6344634,5.320215,3
867265900578490,2024-03-07T17:42:17.029Z,lsm6dso acceleration sensor,12.447754,0.06703765,5.7607484,3
867265910578490,2024-03-07T17:42:17.039Z,lsm6dso acceleration sensor,9.859622,-0.8283938,6.704064,3
867265920578490,2024-03-07T17:42:17.049Z,lsm6dso acceleration sensor,8.310574,-1.163582,7.4462667,3
867265930578723,2024-03-07T17:42:17.059Z,lsm6dso acceleration sensor,6.060024,-1.6424223,7.6497736,3
867265940578723,2024-03-07T17:42:17.069Z,lsm6dso acceleration sensor,5.4471083,-2.018312,7.307403,3
867265950578723,2024-03-07T17:42:17.079Z,lsm6dso acceleration sensor,6.04087,-2.9520507,6.7950435,3
867265960578723,2024-03-07T17:42:17.089Z,lsm6dso acceleration sensor,6.6418147,-3.58412,6.452673,3
867265970578723,2024-03-07T17:42:17.099Z,lsm6dso acceleration sensor,7.656956,-4.620809,5.564424,3
867265980578489,2024-03-07T17:42:17.108Z,lsm6dso acceleration sensor,8.459014,-5.0688243,5.360917,3
867265990578489,2024-03-07T17:42:17.119Z,lsm6dso acceleration sensor,9.756671,-5.162198,5.8086324,3
867266000578489,2024-03-07T17:42:17.129Z,lsm6dso acceleration sensor,10.36001,-4.7500963,6.2587423,3
867266010578489,2024-03-07T17:42:17.139Z,lsm6dso acceleration sensor,11.104607,-3.0669725,6.914754,3
867266020578489,2024-03-07T17:42:17.149Z,lsm6dso acceleration sensor,11.602601,-1.7717092,7.206846,3
867266030578489,2024-03-07T17:42:17.159Z,lsm6dso acceleration sensor,11.684004,0.34955344,8.602666,3
867226142165730,2024-03-07T17:41:37.271Z,ak09918c magnetic field sensor,21.18,8.099999,-8.94,3
867226162163263,2024-03-07T17:41:37.290Z,ak09918c magnetic field sensor,20.58,8.16,-8.82,3
867226182160896,2024-03-07T17:41:37.311Z,ak09918c magnetic field sensor,20.939999,7.98,-8.5199995,3
867226202158629,2024-03-07T17:41:37.330Z,ak09918c magnetic field sensor,20.46,7.08,-9.24,3
867226222156395,2024-03-07T17:41:37.350Z,ak09918c magnetic field sensor,20.76,6.8999996,-9.42,3
867226242154161,2024-03-07T17:41:37.371Z,ak09918c magnetic field sensor,21.06,6.8399997,-9.059999,3
867226262151927,2024-03-07T17:41:37.391Z,ak09918c magnetic field sensor,20.76,6.6,-8.82,3
867226282149760,2024-03-07T17:41:37.411Z,ak09918c magnetic field sensor,21.0,6.72,-8.82,3
867226302147960,2024-03-07T17:41:37.431Z,ak09918c magnetic field sensor,20.22,6.42,-8.7,3
867226322145726,2024-03-07T17:41:37.451Z,ak09918c magnetic field sensor,19.8,6.72,-7.9199996,3
867226342143559,2024-03-07T17:41:37.470Z,ak09918c magnetic field sensor,19.74,7.2,-8.76,3
867226362141392,2024-03-07T17:41:37.490Z,ak09918c magnetic field sensor,20.52,7.68,-9.42,3
867226382139158,2024-03-07T17:41:37.510Z,ak09918c magnetic field sensor,21.24,7.2599998,-8.94,3
867226402136924,2024-03-07T17:41:37.531Z,ak09918c magnetic field sensor,21.0,6.72,-8.88,3
867226422134757,2024-03-07T17:41:37.551Z,ak09918c magnetic field sensor,20.699999,7.08,-8.4,3
867226442132590,2024-03-07T17:41:37.571Z,ak09918c magnetic field sensor,20.34,6.8999996,-8.34,3
867226462130356,2024-03-07T17:41:37.590Z,ak09918c magnetic field sensor,20.64,7.44,-7.74,3
867226482128189,2024-03-07T17:41:37.611Z,ak09918c magnetic field sensor,20.4,7.14,-7.8599997,3
867226502125255,2024-03-07T17:41:37.631Z,ak09918c magnetic field sensor,20.4,6.7799997,-8.82,3
867226522122988,2024-03-07T17:41:37.651Z,ak09918c magnetic field sensor,20.88,7.2,-8.5199995,3
867226542120721,2024-03-07T17:41:37.671Z,ak09918c magnetic field sensor,20.4,6.96,-8.28,3
867226562118521,2024-03-07T17:41:37.691Z,ak09918c magnetic field sensor,19.74,7.02,-8.7,3
867226582116321,2024-03-07T17:41:37.711Z,ak09918c magnetic field sensor,19.14,7.2,-8.5199995,3
867226602114054,2024-03-07T17:41:37.730Z,ak09918c magnetic field sensor,18.9,7.3199997,-8.46,3
867226622111887,2024-03-07T17:41:37.751Z,ak09918c magnetic field sensor,19.02,7.74,-8.82,3
867226642109720,2024-03-07T17:41:37.771Z,ak09918c magnetic field sensor,19.92,8.099999,-7.9199996,3
867226662107553,2024-03-07T17:41:37.791Z,ak09918c magnetic field sensor,19.859999,7.8599997,-7.02,3
867226682105319,2024-03-07T17:41:37.811Z,ak09918c magnetic field sensor,18.96,7.5,-7.14,3
867226702103152,2024-03-07T17:41:37.831Z,ak09918c magnetic field sensor,19.08,7.2599998,-7.3799996,3
867226722100985,2024-03-07T17:41:37.850Z,ak09918c magnetic field sensor,19.14,7.3199997,-7.9199996,3
867226742098751,2024-03-07T17:41:37.871Z,ak09918c magnetic field sensor,19.8,7.7999997,-7.02,3
867226762096484,2024-03-07T17:41:37.891Z,ak09918c magnetic field sensor,20.22,8.28,-7.08,3
867226782094117,2024-03-07T17:41:37.911Z,ak09918c magnetic field sensor,20.1,8.58,-8.16,3
867226802091717,2024-03-07T17:41:37.931Z,ak09918c magnetic field sensor,20.039999,8.4,-7.74,3
867226822089217,2024-03-07T17:41:37.951Z,ak09918c magnetic field sensor,19.38,8.34,-7.14,3
867226842086717,2024-03-07T17:41:37.971Z,ak09918c magnetic field sensor,19.08,8.58,-5.94,3
867226862084217,2024-03-07T17:41:37.991Z,ak09918c magnetic field sensor,19.08,9.54,-5.8799996,3
867226882081650,2024-03-07T17:41:38.011Z,ak09918c magnetic field sensor,18.66,9.96,-6.2999997,3
867226902079083,2024-03-07T17:41:38.031Z,ak09918c magnetic field sensor,18.06,9.78,-6.48,3
867226922076583,2024-03-07T17:41:38.051Z,ak09918c magnetic field sensor,17.94,9.3,-6.72,3
867226942074083,2024-03-07T17:41:38.071Z,ak09918c magnetic field sensor,18.6,8.58,-7.2599998,3
867226962071516,2024-03-07T17:41:38.091Z,ak09918c magnetic field sensor,18.539999,8.58,-7.62,3
867226982069016,2024-03-07T17:41:38.111Z,ak09918c magnetic field sensor,18.24,9.0,-7.44,3
867227002066516,2024-03-07T17:41:38.131Z,ak09918c magnetic field sensor,18.48,9.24,-7.3799996,3
867227022063982,2024-03-07T17:41:38.151Z,ak09918c magnetic field sensor,18.48,9.179999,-7.08,3
867227042061448,2024-03-07T17:41:38.171Z,ak09918c magnetic field sensor,17.94,9.36,-6.72,3
867227062058981,2024-03-07T17:41:38.191Z,ak09918c magnetic field sensor,17.94,9.36,-7.74,3
867227082056514,2024-03-07T17:41:38.211Z,ak09918c magnetic field sensor,18.359999,9.059999,-8.88,3
867227102054714,2024-03-07T17:41:38.230Z,ak09918c magnetic field sensor,18.42,8.76,-8.639999,3
867227122052247,2024-03-07T17:41:38.251Z,ak09918c magnetic field sensor,18.359999,9.12,-8.5199995,3
867227142049780,2024-03-07T17:41:38.271Z,ak09918c magnetic field sensor,18.66,9.0,-8.46,3
867227162047313,2024-03-07T17:41:38.290Z,ak09918c magnetic field sensor,18.359999,8.94,-8.04,3
867227182044779,2024-03-07T17:41:38.311Z,ak09918c magnetic field sensor,18.24,9.48,-7.5,3
867227202042312,2024-03-07T17:41:38.331Z,ak09918c magnetic field sensor,18.779999,9.0,-7.2599998,3
867227222039812,2024-03-07T17:41:38.351Z,ak09918c magnetic field sensor,19.619999,9.179999,-7.3799996,3
867227242037278,2024-03-07T17:41:38.371Z,ak09918c magnetic field sensor,19.56,9.78,-8.4,3
867227262034778,2024-03-07T17:41:38.391Z,ak09918c magnetic field sensor,18.42,9.719999,-8.22,3
867227282032411,2024-03-07T17:41:38.411Z,ak09918c magnetic field sensor,18.48,9.78,-7.56,3
867227302030044,2024-03-07T17:41:38.431Z,ak09918c magnetic field sensor,18.359999,9.48,-8.04,3
867227322027610,2024-03-07T17:41:38.450Z,ak09918c magnetic field sensor,17.88,8.7,-7.44,3
867227342025243,2024-03-07T17:41:38.471Z,ak09918c magnetic field sensor,18.18,9.3,-6.72,3
867227362022876,2024-03-07T17:41:38.491Z,ak09918c magnetic field sensor,18.42,9.96,-7.02,3
867227382020442,2024-03-07T17:41:38.511Z,ak09918c magnetic field sensor,18.66,9.3,-7.14,3
867227402018008,2024-03-07T17:41:38.531Z,ak09918c magnetic field sensor,18.96,8.76,-7.08,3
867227422015641,2024-03-07T17:41:38.551Z,ak09918c magnetic field sensor,18.6,8.94,-7.3799996,3
867227442013274,2024-03-07T17:41:38.571Z,ak09918c magnetic field sensor,18.24,9.0,-7.02,3
867227462010840,2024-03-07T17:41:38.591Z,ak09918c magnetic field sensor,18.24,8.82,-6.8999996,3
867227482008473,2024-03-07T17:41:38.611Z,ak09918c magnetic field sensor,18.66,8.5199995,-6.7799997,3
867227502005406,2024-03-07T17:41:38.631Z,ak09918c magnetic field sensor,18.66,7.9199996,-6.18,3
867227522002972,2024-03-07T17:41:38.651Z,ak09918c magnetic field sensor,18.96,8.04,-5.46,3
867227542000538,2024-03-07T17:41:38.671Z,ak09918c magnetic field sensor,19.5,8.4,-5.22,3
867227561998171,2024-03-07T17:41:38.690Z,ak09918c magnetic field sensor,19.68,8.88,-6.3599997,3
867227581995804,2024-03-07T17:41:38.709Z,ak09918c magnetic field sensor,19.26,8.639999,-6.8399997,3
867227601993370,2024-03-07T17:41:38.730Z,ak09918c magnetic field sensor,18.72,7.9199996,-6.12,3
867227621990970,2024-03-07T17:41:38.750Z,ak09918c magnetic field sensor,18.6,8.76,-6.54,3
867227641988570,2024-03-07T17:41:38.770Z,ak09918c magnetic field sensor,18.0,9.48,-7.44,3
867227661986203,2024-03-07T17:41:38.790Z,ak09918c magnetic field sensor,17.58,9.96,-7.44,3
867227681983769,2024-03-07T17:41:38.809Z,ak09918c magnetic field sensor,18.18,9.179999,-7.2,3
867227701981402,2024-03-07T17:41:38.830Z,ak09918c magnetic field sensor,18.359999,8.34,-6.3599997,3
867227721979035,2024-03-07T17:41:38.850Z,ak09918c magnetic field sensor,18.119999,9.24,-6.7799997,3
867227741976601,2024-03-07T17:41:38.870Z,ak09918c magnetic field sensor,18.66,8.94,-7.3199997,3
867227761974167,2024-03-07T17:41:38.890Z,ak09918c magnetic field sensor,18.3,9.24,-7.08,3
867227781971800,2024-03-07T17:41:38.910Z,ak09918c magnetic field sensor,17.52,9.78,-7.3799996,3
867227801969300,2024-03-07T17:41:38.930Z,ak09918c magnetic field sensor,17.64,9.42,-7.9199996,3
867227821966866,2024-03-07T17:41:38.949Z,ak09918c magnetic field sensor,18.48,9.54,-8.04,3
867227841964466,2024-03-07T17:41:38.970Z,ak09918c magnetic field sensor,18.48,10.0199995,-7.5,3
867227861962032,2024-03-07T17:41:38.990Z,ak09918c magnetic field sensor,17.94,10.2,-7.44,3
867227881959465,2024-03-07T17:41:39.010Z,ak09918c magnetic field sensor,17.46,10.2,-7.98,3
867227901956898,2024-03-07T17:41:39.030Z,ak09918c magnetic field sensor,17.4,10.38,-7.74,3
867227921954398,2024-03-07T17:41:39.050Z,ak09918c magnetic field sensor,17.76,10.139999,-6.6,3
867227941951898,2024-03-07T17:41:39.070Z,ak09918c magnetic field sensor,17.46,10.38,-6.2999997,3
867227961949331,2024-03-07T17:41:39.090Z,ak09918c magnetic field sensor,17.22,10.8,-6.72,3
867227981946831,2024-03-07T17:41:39.110Z,ak09918c magnetic field sensor,17.22,9.96,-7.74,3
867228001944331,2024-03-07T17:41:39.130Z,ak09918c magnetic field sensor,18.119999,10.0199995,-7.56,3
867228021941764,2024-03-07T17:41:39.149Z,ak09918c magnetic field sensor,18.539999,9.66,-6.8999996,3
867228041939197,2024-03-07T17:41:39.170Z,ak09918c magnetic field sensor,19.02,9.12,-7.02,3
867228061936730,2024-03-07T17:41:39.190Z,ak09918c magnetic field sensor,18.66,9.719999,-6.48,3
867228081934263,2024-03-07T17:41:39.210Z,ak09918c magnetic field sensor,18.119999,10.2,-6.54,3
867228101932429,2024-03-07T17:41:39.230Z,ak09918c magnetic field sensor,18.6,11.04,-7.7999997,3
867228121929962,2024-03-07T17:41:39.250Z,ak09918c magnetic field sensor,18.72,10.92,-8.22,3
867228141927495,2024-03-07T17:41:39.270Z,ak09918c magnetic field sensor,18.0,10.62,-7.2599998,3
867228161925028,2024-03-07T17:41:39.290Z,ak09918c magnetic field sensor,17.76,11.16,-7.14,3
867228181922494,2024-03-07T17:41:39.310Z,ak09918c magnetic field sensor,18.0,10.98,-7.9199996,3
867228201920027,2024-03-07T17:41:39.329Z,ak09918c magnetic field sensor,17.22,11.34,-7.3199997,3
867228221917560,2024-03-07T17:41:39.350Z,ak09918c magnetic field sensor,17.279999,11.4,-7.2599998,3
867228241915026,2024-03-07T17:41:39.370Z,ak09918c magnetic field sensor,18.539999,10.8,-8.28,3
867228261912459,2024-03-07T17:41:39.390Z,ak09918c magnetic field sensor,18.359999,10.86,-8.34,3
867228281909959,2024-03-07T17:41:39.410Z,ak09918c magnetic field sensor,17.88,9.96,-8.22,3
867228301907492,2024-03-07T17:41:39.430Z,ak09918c magnetic field sensor,18.06,9.36,-8.22,3
867228321905125,2024-03-07T17:41:39.450Z,ak09918c magnetic field sensor,17.76,10.44,-8.28,3
867228341902858,2024-03-07T17:41:39.470Z,ak09918c magnetic field sensor,18.119999,10.139999,-7.74,3
867228361900624,2024-03-07T17:41:39.490Z,ak09918c magnetic field sensor,18.48,9.78,-7.62,3
867228381898390,2024-03-07T17:41:39.510Z,ak09918c magnetic field sensor,18.359999,10.679999,-8.46,3
867228401896290,2024-03-07T17:41:39.529Z,ak09918c magnetic field sensor,18.96,11.099999,-8.7,3
867228421894123,2024-03-07T17:41:39.550Z,ak09918c magnetic field sensor,18.72,10.86,-8.34,3
867228441891956,2024-03-07T17:41:39.570Z,ak09918c magnetic field sensor,18.119999,10.139999,-8.82,3
867228461889722,2024-03-07T17:41:39.590Z,ak09918c magnetic field sensor,18.06,9.96,-8.5199995,3
867228481887555,2024-03-07T17:41:39.610Z,ak09918c magnetic field sensor,18.72,9.96,-8.34,3
867228501885155,2024-03-07T17:41:39.630Z,ak09918c magnetic field sensor,19.38,10.5,-8.16,3
867228521882921,2024-03-07T17:41:39.649Z,ak09918c magnetic field sensor,18.779999,10.62,-7.44,3
867228541880687,2024-03-07T17:41:39.670Z,ak09918c magnetic field sensor,18.48,9.96,-7.62,3
867228561878520,2024-03-07T17:41:39.690Z,ak09918c magnetic field sensor,18.72,9.9,-6.8399997,3
867228581876120,2024-03-07T17:41:39.710Z,ak09918c magnetic field sensor,18.66,9.66,-6.66,3
867228601873886,2024-03-07T17:41:39.729Z,ak09918c magnetic field sensor,18.24,9.12,-7.3199997,3
867228621871719,2024-03-07T17:41:39.749Z,ak09918c magnetic field sensor,18.359999,9.66,-6.96,3
867228641869552,2024-03-07T17:41:39.770Z,ak09918c magnetic field sensor,18.6,10.559999,-6.8999996,3
867228661867352,2024-03-07T17:41:39.789Z,ak09918c magnetic field sensor,18.96,10.139999,-6.66,3
867228681865085,2024-03-07T17:41:39.810Z,ak09918c magnetic field sensor,19.08,9.54,-6.66,3
867228701862885,2024-03-07T17:41:39.829Z,ak09918c magnetic field sensor,18.42,10.26,-7.3199997,3
867228721860685,2024-03-07T17:41:39.850Z,ak09918c magnetic field sensor,18.0,10.08,-7.2599998,3
867228741858418,2024-03-07T17:41:39.870Z,ak09918c magnetic field sensor,18.48,9.599999,-7.2599998,3
867228761856151,2024-03-07T17:41:39.890Z,ak09918c magnetic field sensor,18.24,9.84,-7.2599998,3
867228781853984,2024-03-07T17:41:39.910Z,ak09918c magnetic field sensor,18.96,9.66,-6.66,3
867228801851817,2024-03-07T17:41:39.930Z,ak09918c magnetic field sensor,18.9,9.84,-5.8799996,3
867228821849583,2024-03-07T17:41:39.950Z,ak09918c magnetic field sensor,18.72,10.08,-6.2999997,3
867228841847416,2024-03-07T17:41:39.970Z,ak09918c magnetic field sensor,19.56,10.2,-6.66,3
867228861845249,2024-03-07T17:41:39.990Z,ak09918c magnetic field sensor,18.96,10.44,-6.12,3
867228881843015,2024-03-07T17:41:40.010Z,ak09918c magnetic field sensor,18.72,10.26,-6.12,3
867228901840748,2024-03-07T17:41:40.030Z,ak09918c magnetic field sensor,18.84,10.32,-6.2999997,3
867228921838381,2024-03-07T17:41:40.050Z,ak09918c magnetic field sensor,18.96,11.28,-6.96,3
867228941835981,2024-03-07T17:41:40.069Z,ak09918c magnetic field sensor,18.3,11.58,-7.3799996,3
867228961833481,2024-03-07T17:41:40.090Z,ak09918c magnetic field sensor,17.88,11.28,-6.24,3
867228981830981,2024-03-07T17:41:40.110Z,ak09918c magnetic field sensor,17.1,11.34,-5.7599998,3
867229001828481,2024-03-07T17:41:40.130Z,ak09918c magnetic field sensor,17.039999,11.94,-6.72,3
867229021825914,2024-03-07T17:41:40.150Z,ak09918c magnetic field sensor,17.699999,11.4,-7.3799996,3
867229041823347,2024-03-07T17:41:40.170Z,ak09918c magnetic field sensor,18.42,11.04,-6.8399997,3
867229061820847,2024-03-07T17:41:40.190Z,ak09918c magnetic field sensor,19.56,10.98,-6.3599997,3
867229081818347,2024-03-07T17:41:40.210Z,ak09918c magnetic field sensor,18.96,10.92,-5.8199997,3
867229101816013,2024-03-07T17:41:40.230Z,ak09918c magnetic field sensor,18.42,11.28,-5.4,3
867229121813513,2024-03-07T17:41:40.250Z,ak09918c magnetic field sensor,18.96,10.74,-5.8799996,3
867229141811013,2024-03-07T17:41:40.270Z,ak09918c magnetic field sensor,19.38,10.679999,-5.7,3
867229161808513,2024-03-07T17:41:40.290Z,ak09918c magnetic field sensor,18.84,10.38,-5.7,3
867229181806213,2024-03-07T17:41:40.310Z,ak09918c magnetic field sensor,18.18,10.38,-6.3599997,3
867229201803746,2024-03-07T17:41:40.330Z,ak09918c magnetic field sensor,18.3,11.099999,-6.66,3
867229221801279,2024-03-07T17:41:40.350Z,ak09918c magnetic field sensor,17.64,11.16,-6.54,3
867229241798745,2024-03-07T17:41:40.370Z,ak09918c magnetic field sensor,16.859999,10.32,-6.24,3
867229261796211,2024-03-07T17:41:40.390Z,ak09918c magnetic field sensor,17.1,10.26,-6.8999996,3
867229281793744,2024-03-07T17:41:40.410Z,ak09918c magnetic field sensor,17.64,11.16,-7.7999997,3
867229301791277,2024-03-07T17:41:40.430Z,ak09918c magnetic field sensor,17.64,10.8,-7.44,3
867229321788743,2024-03-07T17:41:40.450Z,ak09918c magnetic field sensor,17.64,10.44,-6.72,3
867229341786276,2024-03-07T17:41:40.470Z,ak09918c magnetic field sensor,18.119999,10.679999,-6.6,3
867229361783809,2024-03-07T17:41:40.489Z,ak09918c magnetic field sensor,18.0,10.32,-6.48,3
867229381781275,2024-03-07T17:41:40.510Z,ak09918c magnetic field sensor,18.48,9.96,-6.54,3
867229401778775,2024-03-07T17:41:40.530Z,ak09918c magnetic field sensor,19.199999,10.44,-6.6,3
867229421776408,2024-03-07T17:41:40.550Z,ak09918c magnetic field sensor,18.72,10.74,-7.5,3
867229441774041,2024-03-07T17:41:40.570Z,ak09918c magnetic field sensor,18.359999,10.98,-8.099999,3
867229461771607,2024-03-07T17:41:40.590Z,ak09918c magnetic field sensor,18.24,11.28,-7.3199997,3
867229481769240,2024-03-07T17:41:40.609Z,ak09918c magnetic field sensor,17.82,11.099999,-6.8999996,3
867229501766173,2024-03-07T17:41:40.629Z,ak09918c magnetic field sensor,17.64,11.34,-6.48,3
867229521765639,2024-03-07T17:41:40.650Z,ak09918c magnetic field sensor,18.06,11.04,-7.2,3
867229541763205,2024-03-07T17:41:40.670Z,ak09918c magnetic field sensor,17.82,10.679999,-7.44,3
867229561760838,2024-03-07T17:41:40.690Z,ak09918c magnetic field sensor,16.859999,10.86,-7.02,3
867229581758471,2024-03-07T17:41:40.710Z,ak09918c magnetic field sensor,16.74,11.34,-6.2999997,3
867229601755337,2024-03-07T17:41:40.730Z,ak09918c magnetic field sensor,17.58,11.639999,-5.52,3
867229621752970,2024-03-07T17:41:40.750Z,ak09918c magnetic field sensor,17.88,11.82,-6.06,3
867229641750603,2024-03-07T17:41:40.770Z,ak09918c magnetic field sensor,17.22,12.0,-6.18,3
867229661748236,2024-03-07T17:41:40.790Z,ak09918c magnetic field sensor,18.119999,11.7,-5.58,3
867229681745802,2024-03-07T17:41:40.810Z,ak09918c magnetic field sensor,19.26,11.34,-5.94,3
867229701743435,2024-03-07T17:41:40.830Z,ak09918c magnetic field sensor,18.6,10.86,-6.24,3
867229721741068,2024-03-07T17:41:40.850Z,ak09918c magnetic field sensor,18.24,10.92,-5.52,3
867229741738634,2024-03-07T17:41:40.870Z,ak09918c magnetic field sensor,18.779999,10.74,-5.8199997,3
867229761736200,2024-03-07T17:41:40.890Z,ak09918c magnetic field sensor,19.14,10.44,-6.6,3
867229781733800,2024-03-07T17:41:40.910Z,ak09918c magnetic field sensor,18.84,10.38,-7.02,3
867229801731400,2024-03-07T17:41:40.929Z,ak09918c magnetic field sensor,18.24,10.2,-7.68,3
867229821728966,2024-03-07T17:41:40.949Z,ak09918c magnetic field sensor,18.42,11.099999,-7.8599997,3
867229841726599,2024-03-07T17:41:40.970Z,ak09918c magnetic field sensor,18.0,11.639999,-7.44,3
867229861724232,2024-03-07T17:41:40.989Z,ak09918c magnetic field sensor,17.16,10.86,-6.72,3
867229881721798,2024-03-07T17:41:41.009Z,ak09918c magnetic field sensor,18.0,10.139999,-5.8799996,3
867229901719364,2024-03-07T17:41:41.030Z,ak09918c magnetic field sensor,19.74,10.38,-6.24,3
867229921716997,2024-03-07T17:41:41.050Z,ak09918c magnetic field sensor,20.039999,10.32,-6.6,3
867229941714630,2024-03-07T17:41:41.070Z,ak09918c magnetic field sensor,19.32,9.9,-5.8199997,3
867229961712196,2024-03-07T17:41:41.089Z,ak09918c magnetic field sensor,18.42,9.54,-5.4,3
867229981709796,2024-03-07T17:41:41.109Z,ak09918c magnetic field sensor,18.119999,9.0,-5.94,3
867230001707362,2024-03-07T17:41:41.130Z,ak09918c magnetic field sensor,18.9,8.88,-7.3199997,3
867230021704795,2024-03-07T17:41:41.150Z,ak09918c magnetic field sensor,18.84,9.719999,-7.08,3
867230041702228,2024-03-07T17:41:41.170Z,ak09918c magnetic field sensor,18.66,10.5,-6.24,3
867230061699028,2024-03-07T17:41:41.189Z,ak09918c magnetic field sensor,18.48,10.8,-6.3599997,3
867230081696528,2024-03-07T17:41:41.210Z,ak09918c magnetic field sensor,18.06,11.58,-5.8799996,3
867230101694661,2024-03-07T17:41:41.229Z,ak09918c magnetic field sensor,18.119999,11.219999,-6.42,3
867230121690261,2024-03-07T17:41:41.250Z,ak09918c magnetic field sensor,18.48,10.44,-7.2,3
867230141687761,2024-03-07T17:41:41.270Z,ak09918c magnetic field sensor,18.9,9.84,-6.7799997,3
867230161685261,2024-03-07T17:41:41.290Z,ak09918c magnetic field sensor,19.08,9.42,-6.54,3
867230181682694,2024-03-07T17:41:41.310Z,ak09918c magnetic field sensor,19.199999,10.08,-6.8999996,3
867230201680894,2024-03-07T17:41:41.330Z,ak09918c magnetic field sensor,19.619999,9.719999,-6.42,3
867230221678427,2024-03-07T17:41:41.350Z,ak09918c magnetic field sensor,19.98,9.3,-6.54,3
867230241675193,2024-03-07T17:41:41.370Z,ak09918c magnetic field sensor,19.38,10.0199995,-6.18,3
867230261672659,2024-03-07T17:41:41.390Z,ak09918c magnetic field sensor,18.84,10.26,-6.0,3
867230281670192,2024-03-07T17:41:41.410Z,ak09918c magnetic field sensor,19.02,10.2,-7.14,3
867230301667725,2024-03-07T17:41:41.430Z,ak09918c magnetic field sensor,19.08,10.92,-7.68,3
867230321665191,2024-03-07T17:41:41.450Z,ak09918c magnetic field sensor,18.539999,11.7,-6.96,3
867230341662724,2024-03-07T17:41:41.470Z,ak09918c magnetic field sensor,18.3,10.98,-6.72,3
867230361660257,2024-03-07T17:41:41.490Z,ak09918c magnetic field sensor,17.699999,10.5,-7.14,3
867230381657723,2024-03-07T17:41:41.510Z,ak09918c magnetic field sensor,17.279999,10.679999,-6.66,3
867230401655189,2024-03-07T17:41:41.530Z,ak09918c magnetic field sensor,17.88,10.74,-6.72,3
867230421652689,2024-03-07T17:41:41.550Z,ak09918c magnetic field sensor,18.3,11.34,-6.96,3
867230441650222,2024-03-07T17:41:41.569Z,ak09918c magnetic field sensor,18.3,11.4,-7.3199997,3
867230461647855,2024-03-07T17:41:41.590Z,ak09918c magnetic field sensor,17.52,11.46,-7.3199997,3
867230481645588,2024-03-07T17:41:41.610Z,ak09918c magnetic field sensor,17.46,10.98,-7.3799996,3
867230501675988,2024-03-07T17:41:41.630Z,ak09918c magnetic field sensor,17.699999,10.08,-7.56,3
867230521706421,2024-03-07T17:41:41.650Z,ak09918c magnetic field sensor,17.64,10.26,-7.56,3
867230541737554,2024-03-07T17:41:41.670Z,ak09918c magnetic field sensor,18.18,11.4,-7.3799996,3
867230561768754,2024-03-07T17:41:41.690Z,ak09918c magnetic field sensor,17.16,11.46,-7.62,3
867230581799954,2024-03-07T17:41:41.710Z,ak09918c magnetic field sensor,16.68,10.62,-7.74,3
867230601831087,2024-03-07T17:41:41.730Z,ak09918c magnetic field sensor,17.1,10.92,-7.3199997,3
867230621862287,2024-03-07T17:41:41.750Z,ak09918c magnetic field sensor,17.34,11.16,-7.7999997,3
867230641893487,2024-03-07T17:41:41.770Z,ak09918c magnetic field sensor,18.3,10.8,-7.7999997,3
867230661925320,2024-03-07T17:41:41.789Z,ak09918c magnetic field sensor,17.76,10.32,-7.56,3
867230681956453,2024-03-07T17:41:41.810Z,ak09918c magnetic field sensor,17.76,10.26,-7.56,3
867230701987653,2024-03-07T17:41:41.830Z,ak09918c magnetic field sensor,18.0,10.5,-7.5,3
867230722018853,2024-03-07T17:41:41.851Z,ak09918c magnetic field sensor,17.34,10.5,-8.22,3
867230742049986,2024-03-07T17:41:41.871Z,ak09918c magnetic field sensor,18.0,10.62,-8.22,3
867230762081119,2024-03-07T17:41:41.891Z,ak09918c magnetic field sensor,18.3,10.26,-7.62,3
867230782112319,2024-03-07T17:41:41.911Z,ak09918c magnetic field sensor,18.119999,9.48,-8.099999,3
867230802143519,2024-03-07T17:41:41.931Z,ak09918c magnetic field sensor,17.76,9.719999,-8.4,3
867230822174619,2024-03-07T17:41:41.951Z,ak09918c magnetic field sensor,18.0,10.32,-8.099999,3
867230842239819,2024-03-07T17:41:41.971Z,ak09918c magnetic field sensor,18.779999,9.78,-8.5199995,3
867230862304319,2024-03-07T17:41:41.991Z,ak09918c magnetic field sensor,18.42,9.179999,-8.34,3
867230882368785,2024-03-07T17:41:42.011Z,ak09918c magnetic field sensor,17.82,9.42,-7.7999997,3
867230902433251,2024-03-07T17:41:42.031Z,ak09918c magnetic field sensor,17.46,10.5,-8.28,3
867230922497784,2024-03-07T17:41:42.051Z,ak09918c magnetic field sensor,17.88,10.92,-8.4,3
867230944473139,2024-03-07T17:41:42.073Z,ak09918c magnetic field sensor,18.3,9.78,-7.62,3
867230964537605,2024-03-07T17:41:42.093Z,ak09918c magnetic field sensor,18.18,9.9,-7.3799996,3
867230984602138,2024-03-07T17:41:42.113Z,ak09918c magnetic field sensor,18.3,10.679999,-7.2,3
867231004666671,2024-03-07T17:41:42.132Z,ak09918c magnetic field sensor,17.46,11.04,-6.6,3
867231024731137,2024-03-07T17:41:42.153Z,ak09918c magnetic field sensor,17.46,10.92,-6.96,3
867231044795570,2024-03-07T17:41:42.173Z,ak09918c magnetic field sensor,17.52,10.62,-7.74,3
867231064859270,2024-03-07T17:41:42.193Z,ak09918c magnetic field sensor,17.16,11.219999,-7.8599997,3
867231084923570,2024-03-07T17:41:42.213Z,ak09918c magnetic field sensor,17.64,11.58,-7.7999997,3
867231104955136,2024-03-07T17:41:42.233Z,ak09918c magnetic field sensor,17.1,11.58,-7.98,3
867231124986669,2024-03-07T17:41:42.252Z,ak09918c magnetic field sensor,16.74,10.92,-8.099999,3
867231145017502,2024-03-07T17:41:42.274Z,ak09918c magnetic field sensor,16.98,10.5,-8.099999,3
867231165048268,2024-03-07T17:41:42.294Z,ak09918c magnetic field sensor,16.619999,11.28,-7.5,3
867231185079034,2024-03-07T17:41:42.314Z,ak09918c magnetic field sensor,16.32,11.5199995,-6.8399997,3
867231205109867,2024-03-07T17:41:42.334Z,ak09918c magnetic field sensor,17.16,11.7,-6.8399997,3
867231225140700,2024-03-07T17:41:42.354Z,ak09918c magnetic field sensor,18.119999,11.7,-7.08,3
867231245171466,2024-03-07T17:41:42.374Z,ak09918c magnetic field sensor,18.06,11.219999,-7.44,3
867231265202299,2024-03-07T17:41:42.394Z,ak09918c magnetic field sensor,17.52,11.7,-7.02,3
867231285233165,2024-03-07T17:41:42.414Z,ak09918c magnetic field sensor,17.64,12.0,-6.42,3
867231305263965,2024-03-07T17:41:42.433Z,ak09918c magnetic field sensor,17.94,11.7,-6.6,3
867231325294765,2024-03-07T17:41:42.454Z,ak09918c magnetic field sensor,17.16,11.34,-6.7799997,3
867231345325631,2024-03-07T17:41:42.474Z,ak09918c magnetic field sensor,16.859999,11.82,-6.54,3
867231365356497,2024-03-07T17:41:42.494Z,ak09918c magnetic field sensor,16.619999,12.54,-7.2599998,3
867231385387297,2024-03-07T17:41:42.513Z,ak09918c magnetic field sensor,16.02,12.36,-7.3799996,3
867231405418097,2024-03-07T17:41:42.534Z,ak09918c magnetic field sensor,16.199999,11.759999,-7.56,3
867231425448963,2024-03-07T17:41:42.554Z,ak09918c magnetic field sensor,16.08,11.4,-8.7,3
867231445446429,2024-03-07T17:41:42.574Z,ak09918c magnetic field sensor,16.26,11.759999,-8.22,3
867231465443895,2024-03-07T17:41:42.594Z,ak09918c magnetic field sensor,17.039999,11.639999,-7.7999997,3
867231485441395,2024-03-07T17:41:42.614Z,ak09918c magnetic field sensor,16.8,11.16,-8.04,3
867231505438195,2024-03-07T17:41:42.634Z,ak09918c magnetic field sensor,16.44,11.099999,-7.02,3
867231525434961,2024-03-07T17:41:42.654Z,ak09918c magnetic field sensor,16.74,10.139999,-7.08,3
867231545433761,2024-03-07T17:41:42.674Z,ak09918c magnetic field sensor,17.039999,9.84,-8.58,3
867231565430761,2024-03-07T17:41:42.694Z,ak09918c magnetic field sensor,16.26,10.559999,-7.9199996,3
867231585428494,2024-03-07T17:41:42.714Z,ak09918c magnetic field sensor,16.02,10.62,-6.72,3
867231605426260,2024-03-07T17:41:42.734Z,ak09918c magnetic field sensor,16.859999,10.559999,-7.3799996,3
867231625424093,2024-03-07T17:41:42.754Z,ak09918c magnetic field sensor,16.32,10.0199995,-8.22,3
867231645421926,2024-03-07T17:41:42.774Z,ak09918c magnetic field sensor,15.719999,10.44,-8.16,3
867231665420326,2024-03-07T17:41:42.794Z,ak09918c magnetic field sensor,15.839999,10.62,-7.8599997,3
867231685418092,2024-03-07T17:41:42.814Z,ak09918c magnetic field sensor,16.56,10.139999,-7.14,3
867231705415925,2024-03-07T17:41:42.834Z,ak09918c magnetic field sensor,16.199999,10.44,-6.3599997,3
867231725413758,2024-03-07T17:41:42.854Z,ak09918c magnetic field sensor,16.92,10.38,-7.02,3
867231745411524,2024-03-07T17:41:42.874Z,ak09918c magnetic field sensor,18.24,10.559999,-8.04,3
867231765409357,2024-03-07T17:41:42.894Z,ak09918c magnetic field sensor,17.039999,10.559999,-7.9199996,3
867231785407190,2024-03-07T17:41:42.914Z,ak09918c magnetic field sensor,16.26,10.32,-7.5,3
867231805404956,2024-03-07T17:41:42.934Z,ak09918c magnetic field sensor,17.039999,10.26,-7.2,3
867231825402722,2024-03-07T17:41:42.954Z,ak09918c magnetic field sensor,17.52,10.32,-6.42,3
867231845400555,2024-03-07T17:41:42.974Z,ak09918c magnetic field sensor,17.1,9.96,-5.94,3
867231865398388,2024-03-07T17:41:42.994Z,ak09918c magnetic field sensor,17.58,9.599999,-6.2999997,3
867231885396121,2024-03-07T17:41:43.014Z,ak09918c magnetic field sensor,17.64,10.2,-6.12,3
867231905393921,2024-03-07T17:41:43.034Z,ak09918c magnetic field sensor,17.64,10.32,-6.0,3
867231925391721,2024-03-07T17:41:43.054Z,ak09918c magnetic field sensor,18.6,10.2,-6.66,3
867231945389521,2024-03-07T17:41:43.074Z,ak09918c magnetic field sensor,18.48,9.78,-6.6,3
867231965387254,2024-03-07T17:41:43.093Z,ak09918c magnetic field sensor,19.02,9.48,-5.94,3
867231985385054,2024-03-07T17:41:43.114Z,ak09918c magnetic field sensor,18.84,9.36,-5.8199997,3
867232005382887,2024-03-07T17:41:43.134Z,ak09918c magnetic field sensor,18.18,9.0,-6.12,3
867232025380653,2024-03-07T17:41:43.154Z,ak09918c magnetic field sensor,18.42,9.12,-6.12,3
867232045378486,2024-03-07T17:41:43.174Z,ak09918c magnetic field sensor,18.48,8.94,-6.06,3
867232065376319,2024-03-07T17:41:43.194Z,ak09918c magnetic field sensor,18.66,8.88,-5.7,3
867232085374152,2024-03-07T17:41:43.214Z,ak09918c magnetic field sensor,18.48,9.599999,-5.52,3
867232105372618,2024-03-07T17:41:43.234Z,ak09918c magnetic field sensor,18.9,9.9,-5.8199997,3
867232125371118,2024-03-07T17:41:43.254Z,ak09918c magnetic field sensor,18.72,9.48,-5.4,3
867232145366951,2024-03-07T17:41:43.273Z,ak09918c magnetic field sensor,17.94,9.48,-5.7,3
867232165364284,2024-03-07T17:41:43.294Z,ak09918c magnetic field sensor,17.64,9.599999,-6.42,3
867232185361117,2024-03-07T17:41:43.314Z,ak09918c magnetic field sensor,17.58,9.719999,-5.52,3
867232205358617,2024-03-07T17:41:43.334Z,ak09918c magnetic field sensor,17.76,9.36,-5.04,3
867232225356117,2024-03-07T17:41:43.354Z,ak09918c magnetic field sensor,17.279999,9.78,-5.94,3
867232245353550,2024-03-07T17:41:43.373Z,ak09918c magnetic field sensor,17.1,10.32,-5.58,3
867232265351050,2024-03-07T17:41:43.394Z,ak09918c magnetic field sensor,17.699999,10.0199995,-5.1,3
867232285348550,2024-03-07T17:41:43.414Z,ak09918c magnetic field sensor,18.24,9.84,-5.7,3
867232305345983,2024-03-07T17:41:43.434Z,ak09918c magnetic field sensor,18.42,9.84,-5.52,3
867232325343416,2024-03-07T17:41:43.454Z,ak09918c magnetic field sensor,18.359999,9.599999,-5.2799997,3
867232345340916,2024-03-07T17:41:43.474Z,ak09918c magnetic field sensor,18.359999,9.179999,-5.46,3
867232365338416,2024-03-07T17:41:43.494Z,ak09918c magnetic field sensor,18.0,9.24,-4.92,3
867232385335849,2024-03-07T17:41:43.514Z,ak09918c magnetic field sensor,18.0,8.94,-5.7599998,3
867232405333382,2024-03-07T17:41:43.534Z,ak09918c magnetic field sensor,17.94,8.94,-6.18,3
867232425330915,2024-03-07T17:41:43.554Z,ak09918c magnetic field sensor,17.88,9.599999,-5.4,3
867232445328448,2024-03-07T17:41:43.574Z,ak09918c magnetic field sensor,18.18,9.66,-5.8199997,3
867232465325914,2024-03-07T17:41:43.594Z,ak09918c magnetic field sensor,18.18,10.08,-5.8199997,3
867232485323447,2024-03-07T17:41:43.614Z,ak09918c magnetic field sensor,18.359999,10.32,-5.7,3
867232505320980,2024-03-07T17:41:43.634Z,ak09918c magnetic field sensor,18.24,10.139999,-5.04,3
867232525318446,2024-03-07T17:41:43.654Z,ak09918c magnetic field sensor,18.0,9.719999,-4.8599997,3
867232545315912,2024-03-07T17:41:43.674Z,ak09918c magnetic field sensor,17.58,9.48,-5.4,3
867232565313445,2024-03-07T17:41:43.694Z,ak09918c magnetic field sensor,17.82,9.9,-5.64,3
867232585310978,2024-03-07T17:41:43.714Z,ak09918c magnetic field sensor,18.0,9.9,-6.18,3
867232605308411,2024-03-07T17:41:43.733Z,ak09918c magnetic field sensor,17.82,10.139999,-6.96,3
867232625305944,2024-03-07T17:41:43.754Z,ak09918c magnetic field sensor,17.279999,10.08,-6.3599997,3
867232645303510,2024-03-07T17:41:43.774Z,ak09918c magnetic field sensor,17.34,10.2,-5.2799997,3
867232665301076,2024-03-07T17:41:43.794Z,ak09918c magnetic field sensor,18.06,10.32,-5.8199997,3
867232685298642,2024-03-07T17:41:43.814Z,ak09918c magnetic field sensor,17.64,9.599999,-6.18,3
867232705296275,2024-03-07T17:41:43.833Z,ak09918c magnetic field sensor,18.3,9.599999,-6.42,3
867232725293908,2024-03-07T17:41:43.854Z,ak09918c magnetic field sensor,18.48,10.08,-6.24,3
867232745292174,2024-03-07T17:41:43.874Z,ak09918c magnetic field sensor,18.18,9.78,-6.18,3
867232765290740,2024-03-07T17:41:43.894Z,ak09918c magnetic field sensor,18.48,9.84,-6.42,3
867232785289073,2024-03-07T17:41:43.914Z,ak09918c magnetic field sensor,18.42,10.139999,-6.96,3
867232805286639,2024-03-07T17:41:43.934Z,ak09918c magnetic field sensor,17.34,9.599999,-6.8399997,3
867232825284205,2024-03-07T17:41:43.953Z,ak09918c magnetic field sensor,16.859999,9.719999,-5.8199997,3
867232845281838,2024-03-07T17:41:43.974Z,ak09918c magnetic field sensor,17.699999,9.719999,-6.24,3
867232865279471,2024-03-07T17:41:43.994Z,ak09918c magnetic field sensor,18.0,9.24,-6.12,3
867232885277037,2024-03-07T17:41:44.014Z,ak09918c magnetic field sensor,18.539999,9.24,-5.8199997,3
867232905274670,2024-03-07T17:41:44.034Z,ak09918c magnetic field sensor,18.9,8.7,-6.48,3
867232925272303,2024-03-07T17:41:44.054Z,ak09918c magnetic field sensor,18.84,9.059999,-6.8999996,3
867232945269936,2024-03-07T17:41:44.074Z,ak09918c magnetic field sensor,18.72,9.3,-7.44,3
867232965267502,2024-03-07T17:41:44.094Z,ak09918c magnetic field sensor,18.3,9.059999,-7.2,3
867232985265135,2024-03-07T17:41:44.114Z,ak09918c magnetic field sensor,18.42,9.12,-6.54,3
867233005262735,2024-03-07T17:41:44.134Z,ak09918c magnetic field sensor,19.32,9.84,-5.8199997,3
867233025260301,2024-03-07T17:41:44.154Z,ak09918c magnetic field sensor,19.26,10.0199995,-6.18,3
867233045257867,2024-03-07T17:41:44.174Z,ak09918c magnetic field sensor,18.779999,9.0,-5.8199997,3
867233065255500,2024-03-07T17:41:44.194Z,ak09918c magnetic field sensor,18.84,8.5199995,-5.2799997,3
867233085253133,2024-03-07T17:41:44.213Z,ak09918c magnetic field sensor,18.66,8.76,-5.52,3
867233105250699,2024-03-07T17:41:44.234Z,ak09918c magnetic field sensor,18.96,9.0,-5.22,3
867233125248332,2024-03-07T17:41:44.254Z,ak09918c magnetic field sensor,18.66,8.88,-4.8599997,3
867233145245265,2024-03-07T17:41:44.274Z,ak09918c magnetic field sensor,18.119999,8.82,-5.4,3
867233165242131,2024-03-07T17:41:44.294Z,ak09918c magnetic field sensor,18.66,9.179999,-6.48,3
867233185239697,2024-03-07T17:41:44.314Z,ak09918c magnetic field sensor,18.24,9.48,-6.18,3
867233205237330,2024-03-07T17:41:44.334Z,ak09918c magnetic field sensor,17.58,9.78,-6.2999997,3
867233225234930,2024-03-07T17:41:44.354Z,ak09918c magnetic field sensor,17.34,10.32,-6.6,3
867233245232430,2024-03-07T17:41:44.373Z,ak09918c magnetic field sensor,17.1,10.74,-7.02,3
867233265229930,2024-03-07T17:41:44.394Z,ak09918c magnetic field sensor,17.82,11.04,-7.5,3
867233285227430,2024-03-07T17:41:44.414Z,ak09918c magnetic field sensor,18.18,11.099999,-6.6,3
867233305224863,2024-03-07T17:41:44.434Z,ak09918c magnetic field sensor,17.279999,10.559999,-5.7599998,3
867233325222296,2024-03-07T17:41:44.454Z,ak09918c magnetic field sensor,16.98,10.74,-5.7599998,3
867233345219796,2024-03-07T17:41:44.474Z,ak09918c magnetic field sensor,17.52,10.32,-5.8199997,3
867233365217296,2024-03-07T17:41:44.493Z,ak09918c magnetic field sensor,17.64,9.24,-5.94,3
867233385214729,2024-03-07T17:41:44.514Z,ak09918c magnetic field sensor,18.119999,9.48,-6.0,3
867233405212229,2024-03-07T17:41:44.534Z,ak09918c magnetic field sensor,18.24,9.719999,-6.12,3
867233425209729,2024-03-07T17:41:44.554Z,ak09918c magnetic field sensor,17.58,9.96,-6.72,3
867233445207262,2024-03-07T17:41:44.574Z,ak09918c magnetic field sensor,18.18,9.78,-6.7799997,3
867233465204728,2024-03-07T17:41:44.593Z,ak09918c magnetic field sensor,18.6,10.44,-6.2999997,3
867233485202261,2024-03-07T17:41:44.613Z,ak09918c magnetic field sensor,17.76,11.099999,-6.2999997,3
867233505199794,2024-03-07T17:41:44.634Z,ak09918c magnetic field sensor,18.06,10.8,-6.8399997,3
867233525197260,2024-03-07T17:41:44.654Z,ak09918c magnetic field sensor,18.6,10.8,-6.66,3
867233545194726,2024-03-07T17:41:44.674Z,ak09918c magnetic field sensor,18.42,10.38,-6.54,3
867233565192259,2024-03-07T17:41:44.694Z,ak09918c magnetic field sensor,18.359999,9.9,-6.42,3
867233585189792,2024-03-07T17:41:44.714Z,ak09918c magnetic field sensor,18.06,10.38,-5.7,3
867233605187258,2024-03-07T17:41:44.734Z,ak09918c magnetic field sensor,18.24,10.92,-5.16,3
867233625184758,2024-03-07T17:41:44.754Z,ak09918c magnetic field sensor,18.539999,10.62,-5.16,3
867233645182258,2024-03-07T17:41:44.774Z,ak09918c magnetic field sensor,17.34,10.38,-6.24,3
867233665179724,2024-03-07T17:41:44.793Z,ak09918c magnetic field sensor,16.74,10.139999,-6.8399997,3
867233685177290,2024-03-07T17:41:44.814Z,ak09918c magnetic field sensor,17.1,10.08,-6.2999997,3
867233705174990,2024-03-07T17:41:44.834Z,ak09918c magnetic field sensor,17.699999,10.08,-6.06,3
867233725172723,2024-03-07T17:41:44.854Z,ak09918c magnetic field sensor,18.119999,10.08,-6.48,3
867233745171189,2024-03-07T17:41:44.874Z,ak09918c magnetic field sensor,17.82,10.44,-7.2,3
867233765169722,2024-03-07T17:41:44.894Z,ak09918c magnetic field sensor,18.06,10.62,-6.8399997,3
867233785167555,2024-03-07T17:41:44.914Z,ak09918c magnetic field sensor,18.48,10.26,-6.18,3
867233805165321,2024-03-07T17:41:44.934Z,ak09918c magnetic field sensor,18.18,9.96,-6.18,3
867233825163087,2024-03-07T17:41:44.953Z,ak09918c magnetic field sensor,17.4,10.559999,-6.54,3
867233845160920,2024-03-07T17:41:44.974Z,ak09918c magnetic field sensor,17.46,10.559999,-7.02,3
867233865158753,2024-03-07T17:41:44.993Z,ak09918c magnetic field sensor,17.34,10.139999,-6.6,3
867233885156519,2024-03-07T17:41:45.014Z,ak09918c magnetic field sensor,17.22,9.719999,-6.3599997,3
867233905154352,2024-03-07T17:41:45.034Z,ak09918c magnetic field sensor,17.039999,9.96,-6.0,3
867233925152185,2024-03-07T17:41:45.054Z,ak09918c magnetic field sensor,17.4,10.139999,-5.04,3
867233945150018,2024-03-07T17:41:45.074Z,ak09918c magnetic field sensor,18.0,9.24,-5.2799997,3
867233965147784,2024-03-07T17:41:45.094Z,ak09918c magnetic field sensor,18.18,9.12,-5.7,3
867233985145617,2024-03-07T17:41:45.114Z,ak09918c magnetic field sensor,18.84,9.84,-5.22,3
867234005143450,2024-03-07T17:41:45.134Z,ak09918c magnetic field sensor,18.72,9.36,-5.22,3
867234025141216,2024-03-07T17:41:45.154Z,ak09918c magnetic field sensor,18.48,9.36,-5.94,3
867234045138949,2024-03-07T17:41:45.174Z,ak09918c magnetic field sensor,18.06,9.719999,-5.7,3
867234065136749,2024-03-07T17:41:45.194Z,ak09918c magnetic field sensor,18.72,9.36,-4.74,3
867234085134549,2024-03-07T17:41:45.214Z,ak09918c magnetic field sensor,19.98,8.58,-5.04,3
867234105132282,2024-03-07T17:41:45.234Z,ak09918c magnetic field sensor,19.92,7.7999997,-5.2799997,3
867234125130082,2024-03-07T17:41:45.254Z,ak09918c magnetic field sensor,19.199999,8.46,-5.16,3
867234145127882,2024-03-07T17:41:45.274Z,ak09918c magnetic field sensor,18.42,8.58,-5.46,3
867234165124948,2024-03-07T17:41:45.293Z,ak09918c magnetic field sensor,18.48,9.12,-5.3399997,3
867234185121781,2024-03-07T17:41:45.314Z,ak09918c magnetic field sensor,19.5,10.08,-5.2799997,3
867234205119614,2024-03-07T17:41:45.334Z,ak09918c magnetic field sensor,19.8,9.96,-5.3399997,3
867234225117447,2024-03-07T17:41:45.354Z,ak09918c magnetic field sensor,18.539999,9.78,-4.92,3
867234245115213,2024-03-07T17:41:45.374Z,ak09918c magnetic field sensor,17.52,9.66,-5.04,3
867234265113013,2024-03-07T17:41:45.394Z,ak09918c magnetic field sensor,17.699999,10.0199995,-5.46,3
867234285110713,2024-03-07T17:41:45.414Z,ak09918c magnetic field sensor,18.06,10.5,-5.3399997,3
867234305108279,2024-03-07T17:41:45.434Z,ak09918c magnetic field sensor,17.88,10.92,-5.1,3
867234325105812,2024-03-07T17:41:45.454Z,ak09918c magnetic field sensor,17.34,10.74,-4.7999997,3
867234345103312,2024-03-07T17:41:45.474Z,ak09918c magnetic field sensor,17.039999,10.559999,-4.62,3
867234365100812,2024-03-07T17:41:45.494Z,ak09918c magnetic field sensor,17.699999,10.26,-4.7999997,3
867234385098245,2024-03-07T17:41:45.514Z,ak09918c magnetic field sensor,18.18,10.0199995,-4.74,3
867234405095745,2024-03-07T17:41:45.534Z,ak09918c magnetic field sensor,18.24,10.8,-4.38,3
867234425093245,2024-03-07T17:41:45.554Z,ak09918c magnetic field sensor,18.48,10.62,-4.5,3
867234445090745,2024-03-07T17:41:45.574Z,ak09918c magnetic field sensor,18.24,10.26,-4.56,3
867234465088178,2024-03-07T17:41:45.594Z,ak09918c magnetic field sensor,18.48,9.599999,-4.3199997,3
867234485085678,2024-03-07T17:41:45.614Z,ak09918c magnetic field sensor,19.199999,9.059999,-4.68,3
867234505083178,2024-03-07T17:41:45.634Z,ak09918c magnetic field sensor,18.9,9.96,-5.46,3
867234525080611,2024-03-07T17:41:45.654Z,ak09918c magnetic field sensor,18.539999,11.099999,-5.4,3
867234545078044,2024-03-07T17:41:45.673Z,ak09918c magnetic field sensor,18.3,10.86,-5.46,3
867234565075577,2024-03-07T17:41:45.694Z,ak09918c magnetic field sensor,18.119999,10.74,-6.0,3
867234585073110,2024-03-07T17:41:45.714Z,ak09918c magnetic field sensor,17.94,10.559999,-6.66,3
867234605070576,2024-03-07T17:41:45.733Z,ak09918c magnetic field sensor,17.88,10.5,-7.08,3
867234625068109,2024-03-07T17:41:45.753Z,ak09918c magnetic field sensor,18.42,10.679999,-6.24,3
867234645065642,2024-03-07T17:41:45.774Z,ak09918c magnetic field sensor,18.3,10.5,-5.52,3
867234665063108,2024-03-07T17:41:45.794Z,ak09918c magnetic field sensor,18.3,10.98,-5.8799996,3
867234685060574,2024-03-07T17:41:45.814Z,ak09918c magnetic field sensor,18.42,11.099999,-6.54,3
867234705058107,2024-03-07T17:41:45.834Z,ak09918c magnetic field sensor,18.119999,10.679999,-7.2599998,3
867234725055640,2024-03-07T17:41:45.853Z,ak09918c magnetic field sensor,17.88,10.32,-7.08,3
867234745053106,2024-03-07T17:41:45.874Z,ak09918c magnetic field sensor,17.16,10.32,-7.62,3
867234765051339,2024-03-07T17:41:45.894Z,ak09918c magnetic field sensor,17.64,10.679999,-8.46,3
867234785049839,2024-03-07T17:41:45.914Z,ak09918c magnetic field sensor,18.119999,10.92,-7.98,3
867234805047405,2024-03-07T17:41:45.934Z,ak09918c magnetic field sensor,18.3,10.5,-7.7999997,3
867234825044971,2024-03-07T17:41:45.954Z,ak09918c magnetic field sensor,19.199999,10.32,-7.56,3
867234845042604,2024-03-07T17:41:45.974Z,ak09918c magnetic field sensor,19.02,10.38,-7.3799996,3
867234865040237,2024-03-07T17:41:45.994Z,ak09918c magnetic field sensor,18.66,10.8,-7.2599998,3
867234885037803,2024-03-07T17:41:46.014Z,ak09918c magnetic field sensor,18.6,10.2,-7.3799996,3
867234905035436,2024-03-07T17:41:46.034Z,ak09918c magnetic field sensor,18.24,10.32,-6.7799997,3
867234925033069,2024-03-07T17:41:46.054Z,ak09918c magnetic field sensor,18.359999,11.099999,-6.3599997,3
867234945030702,2024-03-07T17:41:46.074Z,ak09918c magnetic field sensor,18.9,10.559999,-6.18,3
867234965028268,2024-03-07T17:41:46.094Z,ak09918c magnetic field sensor,18.42,9.66,-5.8799996,3
867234985025901,2024-03-07T17:41:46.114Z,ak09918c magnetic field sensor,17.94,9.059999,-5.8799996,3
867235005023534,2024-03-07T17:41:46.134Z,ak09918c magnetic field sensor,18.6,9.059999,-5.94,3
867235025021100,2024-03-07T17:41:46.154Z,ak09918c magnetic field sensor,19.26,9.48,-6.54,3
867235045018666,2024-03-07T17:41:46.173Z,ak09918c magnetic field sensor,19.74,10.2,-6.8399997,3
867235065016299,2024-03-07T17:41:46.193Z,ak09918c magnetic field sensor,19.619999,9.48,-6.8999996,3
867235085013932,2024-03-07T17:41:46.214Z,ak09918c magnetic field sensor,19.92,8.28,-6.96,3
867235105011498,2024-03-07T17:41:46.234Z,ak09918c magnetic field sensor,20.58,8.22,-6.42,3
867235125009131,2024-03-07T17:41:46.253Z,ak09918c magnetic field sensor,20.039999,7.68,-6.42,3
867235145006764,2024-03-07T17:41:46.274Z,ak09918c magnetic field sensor,19.74,6.7799997,-6.66,3
867235165003364,2024-03-07T17:41:46.294Z,ak09918c magnetic field sensor,19.68,6.96,-6.3599997,3
867235184999997,2024-03-07T17:41:46.312Z,ak09918c magnetic field sensor,19.38,7.68,-6.72,3
867235204998230,2024-03-07T17:41:46.333Z,ak09918c magnetic field sensor,19.8,8.94,-6.66,3
867235224995863,2024-03-07T17:41:46.353Z,ak09918c magnetic field sensor,20.039999,10.2,-6.24,3
867235244993429,2024-03-07T17:41:46.373Z,ak09918c magnetic field sensor,19.14,9.54,-6.2999997,3
867235264991062,2024-03-07T17:41:46.393Z,ak09918c magnetic field sensor,18.779999,8.88,-5.8199997,3
867235284988695,2024-03-07T17:41:46.413Z,ak09918c magnetic field sensor,18.539999,9.599999,-5.64,3
867235304986261,2024-03-07T17:41:46.433Z,ak09918c magnetic field sensor,18.6,9.84,-6.3599997,3
867235324983827,2024-03-07T17:41:46.453Z,ak09918c magnetic field sensor,18.24,10.32,-6.48,3
867235344981460,2024-03-07T17:41:46.472Z,ak09918c magnetic field sensor,18.3,11.16,-6.66,3
867235364979060,2024-03-07T17:41:46.493Z,ak09918c magnetic field sensor,18.539999,11.88,-7.08,3
867235384976560,2024-03-07T17:41:46.513Z,ak09918c magnetic field sensor,17.58,12.0,-7.3799996,3
867235404974060,2024-03-07T17:41:46.533Z,ak09918c magnetic field sensor,18.06,11.58,-7.68,3
867235424971560,2024-03-07T17:41:46.553Z,ak09918c magnetic field sensor,18.6,11.46,-7.02,3
867235444969060,2024-03-07T17:41:46.573Z,ak09918c magnetic field sensor,18.119999,10.86,-6.18,3
867235464966493,2024-03-07T17:41:46.593Z,ak09918c magnetic field sensor,17.94,10.5,-5.7599998,3
867235484963993,2024-03-07T17:41:46.612Z,ak09918c magnetic field sensor,17.88,10.08,-5.7,3
867235504961493,2024-03-07T17:41:46.633Z,ak09918c magnetic field sensor,18.66,9.719999,-5.7599998,3
867235524958926,2024-03-07T17:41:46.653Z,ak09918c magnetic field sensor,18.84,9.9,-6.3599997,3
867235544956359,2024-03-07T17:41:46.673Z,ak09918c magnetic field sensor,18.72,9.719999,-6.42,3
867235564953859,2024-03-07T17:41:46.693Z,ak09918c magnetic field sensor,18.9,10.08,-6.06,3
867235584951359,2024-03-07T17:41:46.713Z,ak09918c magnetic field sensor,18.24,11.099999,-6.48,3
867235604948825,2024-03-07T17:41:46.733Z,ak09918c magnetic field sensor,18.18,10.86,-6.42,3
867235624946358,2024-03-07T17:41:46.753Z,ak09918c magnetic field sensor,18.359999,11.04,-6.72,3
867235644943891,2024-03-07T17:41:46.773Z,ak09918c magnetic field sensor,17.94,11.58,-7.02,3
867235664941357,2024-03-07T17:41:46.792Z,ak09918c magnetic field sensor,17.52,11.4,-6.72,3
867235684938823,2024-03-07T17:41:46.813Z,ak09918c magnetic field sensor,17.279999,10.62,-7.02,3
867235704936356,2024-03-07T17:41:46.833Z,ak09918c magnetic field sensor,18.18,10.559999,-7.3799996,3
867235724933889,2024-03-07T17:41:46.853Z,ak09918c magnetic field sensor,19.08,10.559999,-7.3799996,3
867235744931355,2024-03-07T17:41:46.873Z,ak09918c magnetic field sensor,19.68,10.139999,-7.2599998,3
867235764929821,2024-03-07T17:41:46.892Z,ak09918c magnetic field sensor,19.5,10.74,-7.2599998,3
867235784928254,2024-03-07T17:41:46.913Z,ak09918c magnetic field sensor,19.199999,11.34,-6.66,3
867235804925120,2024-03-07T17:41:46.933Z,ak09918c magnetic field sensor,19.32,10.679999,-6.54,3
867235824922686,2024-03-07T17:41:46.953Z,ak09918c magnetic field sensor,18.72,10.8,-7.44,3
867235844920386,2024-03-07T17:41:46.973Z,ak09918c magnetic field sensor,18.06,11.58,-8.34,3
867235864918119,2024-03-07T17:41:46.993Z,ak09918c magnetic field sensor,17.4,10.559999,-8.46,3
867235884915852,2024-03-07T17:41:47.013Z,ak09918c magnetic field sensor,17.88,10.5,-8.46,3
867235904913718,2024-03-07T17:41:47.033Z,ak09918c magnetic field sensor,18.96,10.44,-8.099999,3
867235924911584,2024-03-07T17:41:47.053Z,ak09918c magnetic field sensor,18.84,10.679999,-7.8599997,3
867235944909450,2024-03-07T17:41:47.073Z,ak09918c magnetic field sensor,18.48,11.28,-7.9199996,3
867235964907250,2024-03-07T17:41:47.093Z,ak09918c magnetic field sensor,18.18,10.92,-6.96,3
867235984905116,2024-03-07T17:41:47.113Z,ak09918c magnetic field sensor,17.76,11.639999,-6.96,3
867236004902982,2024-03-07T17:41:47.133Z,ak09918c magnetic field sensor,17.279999,12.059999,-7.5,3
867236024900782,2024-03-07T17:41:47.153Z,ak09918c magnetic field sensor,17.34,11.04,-6.96,3
867236044898582,2024-03-07T17:41:47.173Z,ak09918c magnetic field sensor,17.94,10.8,-7.3799996,3
867236064896448,2024-03-07T17:41:47.193Z,ak09918c magnetic field sensor,18.24,11.639999,-7.3799996,3
867236084894314,2024-03-07T17:41:47.212Z,ak09918c magnetic field sensor,17.94,10.98,-6.8999996,3
867236104892114,2024-03-07T17:41:47.232Z,ak09918c magnetic field sensor,18.3,10.32,-6.8999996,3
867236124889980,2024-03-07T17:41:47.252Z,ak09918c magnetic field sensor,18.9,10.38,-6.72,3
867236144887846,2024-03-07T17:41:47.273Z,ak09918c magnetic field sensor,18.6,10.0199995,-6.24,3
867236164885146,2024-03-07T17:41:47.293Z,ak09918c magnetic field sensor,18.6,10.26,-6.8399997,3
867236184882012,2024-03-07T17:41:47.313Z,ak09918c magnetic field sensor,18.48,10.32,-8.099999,3
867236204879845,2024-03-07T17:41:47.333Z,ak09918c magnetic field sensor,17.94,9.96,-8.4,3
867236224877678,2024-03-07T17:41:47.353Z,ak09918c magnetic field sensor,17.76,9.719999,-7.56,3
867236244875478,2024-03-07T17:41:47.373Z,ak09918c magnetic field sensor,18.6,9.3,-7.08,3
867236264873344,2024-03-07T17:41:47.393Z,ak09918c magnetic field sensor,18.9,9.179999,-7.3799996,3
867236284871210,2024-03-07T17:41:47.413Z,ak09918c magnetic field sensor,18.96,9.42,-6.72,3
867236304869010,2024-03-07T17:41:47.433Z,ak09918c magnetic field sensor,19.38,9.42,-5.8199997,3
867236324866810,2024-03-07T17:41:47.453Z,ak09918c magnetic field sensor,18.42,9.3,-6.0,3
867236344864676,2024-03-07T17:41:47.473Z,ak09918c magnetic field sensor,18.48,9.059999,-6.54,3
867236364862542,2024-03-07T17:41:47.493Z,ak09918c magnetic field sensor,19.68,9.24,-7.14,3
867236384860342,2024-03-07T17:41:47.513Z,ak09918c magnetic field sensor,20.22,9.78,-7.14,3
867236404858175,2024-03-07T17:41:47.533Z,ak09918c magnetic field sensor,19.439999,10.26,-7.02,3
867236424855908,2024-03-07T17:41:47.552Z,ak09918c magnetic field sensor,19.199999,9.96,-7.5,3
867236444853574,2024-03-07T17:41:47.573Z,ak09918c magnetic field sensor,19.56,9.059999,-7.3199997,3
867236464851140,2024-03-07T17:41:47.593Z,ak09918c magnetic field sensor,19.439999,9.54,-7.08,3
867236484848706,2024-03-07T17:41:47.613Z,ak09918c magnetic field sensor,18.72,9.66,-6.48,3
867236504846206,2024-03-07T17:41:47.633Z,ak09918c magnetic field sensor,17.58,9.36,-6.8999996,3
867236524843639,2024-03-07T17:41:47.653Z,ak09918c magnetic field sensor,18.0,9.66,-7.56,3
867236544841072,2024-03-07T17:41:47.673Z,ak09918c magnetic field sensor,18.66,9.3,-6.72,3
867236564838572,2024-03-07T17:41:47.693Z,ak09918c magnetic field sensor,18.779999,9.059999,-6.18,3
867236584836072,2024-03-07T17:41:47.713Z,ak09918c magnetic field sensor,18.84,9.0,-6.3599997,3
867236604833505,2024-03-07T17:41:47.732Z,ak09918c magnetic field sensor,19.56,8.88,-6.6,3
867236624831005,2024-03-07T17:41:47.753Z,ak09918c magnetic field sensor,20.4,9.36,-7.08,3
867236644828505,2024-03-07T17:41:47.773Z,ak09918c magnetic field sensor,19.68,9.059999,-6.96,3
867236664825971,2024-03-07T17:41:47.793Z,ak09918c magnetic field sensor,18.96,9.24,-7.08,3
867236684823437,2024-03-07T17:41:47.813Z,ak09918c magnetic field sensor,19.26,10.08,-7.7999997,3
867236704820970,2024-03-07T17:41:47.833Z,ak09918c magnetic field sensor,18.84,10.08,-7.62,3
867236724818503,2024-03-07T17:41:47.852Z,ak09918c magnetic field sensor,19.08,9.96,-6.8999996,3
867236744815969,2024-03-07T17:41:47.873Z,ak09918c magnetic field sensor,19.619999,10.26,-7.08,3
867236764814002,2024-03-07T17:41:47.893Z,ak09918c magnetic field sensor,18.66,10.8,-6.7799997,3
867236784812468,2024-03-07T17:41:47.913Z,ak09918c magnetic field sensor,18.779999,10.38,-6.18,3
867236804809934,2024-03-07T17:41:47.933Z,ak09918c magnetic field sensor,19.26,10.62,-6.48,3
867236824807400,2024-03-07T17:41:47.953Z,ak09918c magnetic field sensor,19.02,11.34,-7.14,3
867236844804900,2024-03-07T17:41:47.973Z,ak09918c magnetic field sensor,18.66,10.679999,-7.74,3
867236864802400,2024-03-07T17:41:47.993Z,ak09918c magnetic field sensor,18.0,10.0199995,-7.3799996,3
867236884799833,2024-03-07T17:41:48.013Z,ak09918c magnetic field sensor,18.06,10.139999,-7.3799996,3
867236904797366,2024-03-07T17:41:48.033Z,ak09918c magnetic field sensor,18.84,10.44,-8.22,3
867236924794999,2024-03-07T17:41:48.053Z,ak09918c magnetic field sensor,19.08,10.08,-7.98,3
867236944792699,2024-03-07T17:41:48.073Z,ak09918c magnetic field sensor,18.539999,9.84,-7.56,3
867236964790399,2024-03-07T17:41:48.093Z,ak09918c magnetic field sensor,17.52,10.32,-7.9199996,3
867236984788232,2024-03-07T17:41:48.113Z,ak09918c magnetic field sensor,16.859999,10.62,-7.9199996,3
867237004786065,2024-03-07T17:41:48.132Z,ak09918c magnetic field sensor,17.16,10.679999,-7.98,3
867237024783831,2024-03-07T17:41:48.152Z,ak09918c magnetic field sensor,17.52,10.44,-7.8599997,3
867237044781597,2024-03-07T17:41:48.173Z,ak09918c magnetic field sensor,18.24,9.719999,-7.98,3
867237064779430,2024-03-07T17:41:48.193Z,ak09918c magnetic field sensor,18.0,10.08,-7.74,3
867237084777263,2024-03-07T17:41:48.213Z,ak09918c magnetic field sensor,17.82,10.2,-7.02,3
867237104775029,2024-03-07T17:41:48.233Z,ak09918c magnetic field sensor,18.779999,9.42,-7.14,3
867237124772862,2024-03-07T17:41:48.253Z,ak09918c magnetic field sensor,18.66,9.78,-7.2,3
867237144770695,2024-03-07T17:41:48.272Z,ak09918c magnetic field sensor,18.06,10.2,-6.8399997,3
867237164768461,2024-03-07T17:41:48.293Z,ak09918c magnetic field sensor,17.94,10.2,-6.8999996,3
867237184765527,2024-03-07T17:41:48.313Z,ak09918c magnetic field sensor,18.119999,9.78,-7.44,3
867237204763360,2024-03-07T17:41:48.333Z,ak09918c magnetic field sensor,18.119999,9.24,-7.02,3
867237224761193,2024-03-07T17:41:48.353Z,ak09918c magnetic field sensor,18.18,9.12,-7.7999997,3
867237244758959,2024-03-07T17:41:48.373Z,ak09918c magnetic field sensor,18.9,9.12,-8.5199995,3
867237264756759,2024-03-07T17:41:48.393Z,ak09918c magnetic field sensor,19.26,8.94,-8.28,3
867237284754559,2024-03-07T17:41:48.413Z,ak09918c magnetic field sensor,18.96,9.0,-7.7999997,3
867237304752359,2024-03-07T17:41:48.433Z,ak09918c magnetic field sensor,18.96,9.179999,-7.62,3
867237324750092,2024-03-07T17:41:48.453Z,ak09918c magnetic field sensor,18.9,9.12,-7.98,3
867237344747892,2024-03-07T17:41:48.473Z,ak09918c magnetic field sensor,18.359999,9.0,-7.7999997,3
867237364745692,2024-03-07T17:41:48.493Z,ak09918c magnetic field sensor,18.119999,8.16,-7.56,3
867237384743458,2024-03-07T17:41:48.513Z,ak09918c magnetic field sensor,18.6,8.34,-7.3199997,3
867237404741291,2024-03-07T17:41:48.533Z,ak09918c magnetic field sensor,19.08,9.96,-6.96,3
867237424739124,2024-03-07T17:41:48.553Z,ak09918c magnetic field sensor,18.779999,10.139999,-7.3799996,3
867237444736957,2024-03-07T17:41:48.573Z,ak09918c magnetic field sensor,18.42,9.48,-7.62,3
867237464734723,2024-03-07T17:41:48.593Z,ak09918c magnetic field sensor,18.539999,9.84,-7.2,3
867237484732556,2024-03-07T17:41:48.613Z,ak09918c magnetic field sensor,18.9,10.2,-6.8999996,3
867237504730356,2024-03-07T17:41:48.633Z,ak09918c magnetic field sensor,18.66,10.0199995,-6.3599997,3
867237524727989,2024-03-07T17:41:48.653Z,ak09918c magnetic field sensor,18.06,10.2,-5.94,3
867237544725555,2024-03-07T17:41:48.673Z,ak09918c magnetic field sensor,17.4,11.04,-5.7599998,3
867237564723121,2024-03-07T17:41:48.693Z,ak09918c magnetic field sensor,17.22,11.58,-6.2999997,3
867237584720621,2024-03-07T17:41:48.713Z,ak09918c magnetic field sensor,17.279999,11.28,-6.8999996,3
867237604718054,2024-03-07T17:41:48.732Z,ak09918c magnetic field sensor,16.68,11.099999,-6.48,3
867237624715554,2024-03-07T17:41:48.753Z,ak09918c magnetic field sensor,16.92,11.5199995,-6.18,3
867237644713054,2024-03-07T17:41:48.773Z,ak09918c magnetic field sensor,18.0,11.5199995,-6.48,3
867237664710487,2024-03-07T17:41:48.793Z,ak09918c magnetic field sensor,17.58,10.679999,-6.48,3
867237684707920,2024-03-07T17:41:48.813Z,ak09918c magnetic field sensor,17.16,9.84,-5.8199997,3
867237704705420,2024-03-07T17:41:48.833Z,ak09918c magnetic field sensor,18.3,9.78,-5.58,3
867237724702920,2024-03-07T17:41:48.853Z,ak09918c magnetic field sensor,18.72,10.44,-6.06,3
867237744700353,2024-03-07T17:41:48.873Z,ak09918c magnetic field sensor,17.88,11.099999,-6.12,3
867237764697853,2024-03-07T17:41:48.893Z,ak09918c magnetic field sensor,17.52,12.12,-6.2999997,3
867237784696086,2024-03-07T17:41:48.912Z,ak09918c magnetic field sensor,16.74,12.059999,-6.18,3
867237804693619,2024-03-07T17:41:48.933Z,ak09918c magnetic field sensor,16.619999,11.34,-6.18,3
867237824691085,2024-03-07T17:41:48.953Z,ak09918c magnetic field sensor,17.52,11.099999,-6.6,3
867237844688618,2024-03-07T17:41:48.973Z,ak09918c magnetic field sensor,16.92,11.4,-6.6,3
867237864686151,2024-03-07T17:41:48.993Z,ak09918c magnetic field sensor,16.5,11.94,-6.2999997,3
867237884683617,2024-03-07T17:41:49.013Z,ak09918c magnetic field sensor,16.38,11.639999,-6.66,3
867237904681083,2024-03-07T17:41:49.033Z,ak09918c magnetic field sensor,16.5,11.88,-6.48,3
867237924678616,2024-03-07T17:41:49.053Z,ak09918c magnetic field sensor,16.92,12.179999,-6.2999997,3
867237944676149,2024-03-07T17:41:49.073Z,ak09918c magnetic field sensor,17.16,11.7,-7.02,3
867237964673615,2024-03-07T17:41:49.093Z,ak09918c magnetic field sensor,17.64,10.8,-7.08,3
867237984671115,2024-03-07T17:41:49.113Z,ak09918c magnetic field sensor,17.94,10.8,-6.8999996,3
867238004668648,2024-03-07T17:41:49.133Z,ak09918c magnetic field sensor,17.58,10.559999,-6.18,3
867238024666214,2024-03-07T17:41:49.153Z,ak09918c magnetic field sensor,17.76,10.38,-6.8399997,3
867238044663780,2024-03-07T17:41:49.173Z,ak09918c magnetic field sensor,17.88,10.679999,-7.8599997,3
867238064661413,2024-03-07T17:41:49.193Z,ak09918c magnetic field sensor,17.46,10.74,-7.62,3
867238084659046,2024-03-07T17:41:49.213Z,ak09918c magnetic field sensor,17.76,10.8,-7.3199997,3
867238104656612,2024-03-07T17:41:49.233Z,ak09918c magnetic field sensor,17.88,11.34,-7.08,3
867238124654245,2024-03-07T17:41:49.253Z,ak09918c magnetic field sensor,17.34,11.16,-6.66,3
867238144651878,2024-03-07T17:41:49.273Z,ak09918c magnetic field sensor,17.34,10.38,-7.08,3
867238164649444,2024-03-07T17:41:49.293Z,ak09918c magnetic field sensor,17.58,9.9,-7.08,3
867238184646310,2024-03-07T17:41:49.313Z,ak09918c magnetic field sensor,17.88,9.719999,-6.66,3
867238204643243,2024-03-07T17:41:49.333Z,ak09918c magnetic field sensor,18.42,11.04,-6.8399997,3
867238224640176,2024-03-07T17:41:49.353Z,ak09918c magnetic field sensor,18.48,10.92,-6.66,3
867238244637742,2024-03-07T17:41:49.373Z,ak09918c magnetic field sensor,18.359999,10.0199995,-6.24,3
867238264635375,2024-03-07T17:41:49.392Z,ak09918c magnetic field sensor,18.6,10.26,-6.12,3
867238284633008,2024-03-07T17:41:49.413Z,ak09918c magnetic field sensor,18.9,10.08,-6.06,3
867238304630641,2024-03-07T17:41:49.432Z,ak09918c magnetic field sensor,18.359999,10.2,-6.24,3
867238324628207,2024-03-07T17:41:49.453Z,ak09918c magnetic field sensor,18.24,10.38,-6.54,3
867238344625840,2024-03-07T17:41:49.473Z,ak09918c magnetic field sensor,18.48,10.62,-6.42,3
867238364623473,2024-03-07T17:41:49.493Z,ak09918c magnetic field sensor,18.18,10.32,-6.66,3
867238384621006,2024-03-07T17:41:49.513Z,ak09918c magnetic field sensor,18.48,9.54,-7.2599998,3
867238404618572,2024-03-07T17:41:49.533Z,ak09918c magnetic field sensor,18.84,9.42,-7.3199997,3
867238424616205,2024-03-07T17:41:49.553Z,ak09918c magnetic field sensor,19.26,9.36,-7.44,3
867238444613838,2024-03-07T17:41:49.573Z,ak09918c magnetic field sensor,19.08,8.88,-8.4,3
867238464611404,2024-03-07T17:41:49.593Z,ak09918c magnetic field sensor,18.359999,8.88,-7.62,3
867238484609037,2024-03-07T17:41:49.613Z,ak09918c magnetic field sensor,18.42,8.82,-7.14,3
867238504606670,2024-03-07T17:41:49.633Z,ak09918c magnetic field sensor,18.42,8.16,-7.62,3
867238524604236,2024-03-07T17:41:49.653Z,ak09918c magnetic field sensor,18.96,7.68,-7.56,3
867238544601802,2024-03-07T17:41:49.672Z,ak09918c magnetic field sensor,19.439999,7.3199997,-7.56,3
867238564599435,2024-03-07T17:41:49.693Z,ak09918c magnetic field sensor,19.5,7.3199997,-7.3799996,3
867238584597068,2024-03-07T17:41:49.713Z,ak09918c magnetic field sensor,19.859999,7.02,-7.98,3
867238604594601,2024-03-07T17:41:49.733Z,ak09918c magnetic field sensor,19.74,6.72,-8.639999,3
867238624592101,2024-03-07T17:41:49.753Z,ak09918c magnetic field sensor,19.439999,6.6,-9.599999,3
867238644589601,2024-03-07T17:41:49.773Z,ak09918c magnetic field sensor,19.68,5.7599998,-10.08,3
867238664587034,2024-03-07T17:41:49.793Z,ak09918c magnetic field sensor,19.8,5.58,-9.599999,3
867238684584467,2024-03-07T17:41:49.813Z,ak09918c magnetic field sensor,20.4,5.3399997,-9.12,3
867238704581967,2024-03-07T17:41:49.833Z,ak09918c magnetic field sensor,21.06,4.68,-9.42,3
867238724579467,2024-03-07T17:41:49.853Z,ak09918c magnetic field sensor,20.46,4.74,-10.08,3
867238744576900,2024-03-07T17:41:49.872Z,ak09918c magnetic field sensor,20.64,3.8999999,-10.26,3
867238764574400,2024-03-07T17:41:49.893Z,ak09918c magnetic field sensor,21.3,2.58,-10.44,3
867238784572600,2024-03-07T17:41:49.913Z,ak09918c magnetic field sensor,20.58,2.52,-10.44,3
867238804570800,2024-03-07T17:41:49.933Z,ak09918c magnetic field sensor,20.64,2.52,-10.92,3
867238824568966,2024-03-07T17:41:49.953Z,ak09918c magnetic field sensor,21.359999,2.1599998,-10.679999,3
867238844566499,2024-03-07T17:41:49.973Z,ak09918c magnetic field sensor,21.3,1.1999999,-9.84,3
867238864564032,2024-03-07T17:41:49.993Z,ak09918c magnetic field sensor,21.66,0.17999999,-9.54,3
867238884561498,2024-03-07T17:41:50.013Z,ak09918c magnetic field sensor,21.48,-0.06,-9.84,3
867238904558964,2024-03-07T17:41:50.033Z,ak09918c magnetic field sensor,21.359999,0.12,-9.96,3
867238924556497,2024-03-07T17:41:50.053Z,ak09918c magnetic field sensor,21.9,-0.59999996,-9.36,3
867238944554030,2024-03-07T17:41:50.072Z,ak09918c magnetic field sensor,22.38,-2.28,-9.96,3
867238964551496,2024-03-07T17:41:50.092Z,ak09918c magnetic field sensor,22.74,-2.9399998,-9.54,3
867238984549029,2024-03-07T17:41:50.113Z,ak09918c magnetic field sensor,22.92,-2.58,-8.94,3
867239004546529,2024-03-07T17:41:50.133Z,ak09918c magnetic field sensor,22.02,-2.8799999,-9.66,3
867239024543962,2024-03-07T17:41:50.153Z,ak09918c magnetic field sensor,21.779999,-3.3,-9.36,3
867239044541428,2024-03-07T17:41:50.173Z,ak09918c magnetic field sensor,22.619999,-3.6599998,-9.3,3
867239064539061,2024-03-07T17:41:50.193Z,ak09918c magnetic field sensor,22.08,-4.08,-10.2,3
867239084536761,2024-03-07T17:41:50.213Z,ak09918c magnetic field sensor,21.9,-4.92,-10.26,3
867239104534461,2024-03-07T17:41:50.233Z,ak09918c magnetic field sensor,21.84,-5.8799996,-9.9,3
867239124531494,2024-03-07T17:41:50.253Z,ak09918c magnetic field sensor,21.48,-5.8199997,-9.0,3
867239144529327,2024-03-07T17:41:50.273Z,ak09918c magnetic field sensor,21.42,-6.72,-8.28,3
867239164527093,2024-03-07T17:41:50.293Z,ak09918c magnetic field sensor,21.48,-7.68,-8.5199995,3
867239184524859,2024-03-07T17:41:50.313Z,ak09918c magnetic field sensor,21.48,-8.099999,-8.76,3
867239204522692,2024-03-07T17:41:50.332Z,ak09918c magnetic field sensor,20.82,-8.7,-8.94,3
867239224520525,2024-03-07T17:41:50.353Z,ak09918c magnetic field sensor,20.52,-9.599999,-8.4,3
867239244518291,2024-03-07T17:41:50.373Z,ak09918c magnetic field sensor,20.88,-10.32,-7.8599997,3
867239264549457,2024-03-07T17:41:50.393Z,ak09918c magnetic field sensor,21.0,-9.9,-7.62,3
867239284580623,2024-03-07T17:41:50.413Z,ak09918c magnetic field sensor,20.34,-9.9,-7.2,3
867239304611723,2024-03-07T17:41:50.432Z,ak09918c magnetic field sensor,20.52,-11.099999,-6.72,3
867239324642823,2024-03-07T17:41:50.453Z,ak09918c magnetic field sensor,21.18,-12.0,-5.7,3
867239344673989,2024-03-07T17:41:50.473Z,ak09918c magnetic field sensor,20.1,-12.24,-5.2799997,3
867239364705155,2024-03-07T17:41:50.493Z,ak09918c magnetic field sensor,19.92,-11.759999,-5.58,3
867239384736255,2024-03-07T17:41:50.513Z,ak09918c magnetic field sensor,20.64,-11.82,-5.16,3
867239404767355,2024-03-07T17:41:50.533Z,ak09918c magnetic field sensor,21.18,-12.66,-4.68,3
867239424798488,2024-03-07T17:41:50.553Z,ak09918c magnetic field sensor,21.24,-12.66,-5.4,3
867239444829554,2024-03-07T17:41:50.573Z,ak09918c magnetic field sensor,20.1,-12.84,-6.06,3
867239464860620,2024-03-07T17:41:50.593Z,ak09918c magnetic field sensor,19.859999,-13.139999,-5.04,3
867239484891753,2024-03-07T17:41:50.613Z,ak09918c magnetic field sensor,19.92,-13.44,-4.68,3
867239504922886,2024-03-07T17:41:50.633Z,ak09918c magnetic field sensor,19.74,-13.32,-5.04,3
867239524953986,2024-03-07T17:41:50.653Z,ak09918c magnetic field sensor,20.34,-13.0199995,-4.98,3
867239544985086,2024-03-07T17:41:50.673Z,ak09918c magnetic field sensor,20.58,-13.38,-5.16,3
867239565016252,2024-03-07T17:41:50.694Z,ak09918c magnetic field sensor,19.98,-13.559999,-4.92,3
867239585047418,2024-03-07T17:41:50.714Z,ak09918c magnetic field sensor,19.98,-13.559999,-5.1,3
867239605078518,2024-03-07T17:41:50.734Z,ak09918c magnetic field sensor,20.1,-14.099999,-4.74,3
867239625109684,2024-03-07T17:41:50.754Z,ak09918c magnetic field sensor,19.92,-14.7,-4.14,3
867239645140817,2024-03-07T17:41:50.774Z,ak09918c magnetic field sensor,19.619999,-14.58,-4.38,3
867239665171783,2024-03-07T17:41:50.794Z,ak09918c magnetic field sensor,19.26,-14.4,-4.3199997,3
867239685202683,2024-03-07T17:41:50.814Z,ak09918c magnetic field sensor,18.779999,-14.46,-4.62,3
867239705233583,2024-03-07T17:41:50.834Z,ak09918c magnetic field sensor,19.14,-14.04,-4.8599997,3
867239725265216,2024-03-07T17:41:50.854Z,ak09918c magnetic field sensor,19.32,-13.38,-4.8599997,3
867239745295982,2024-03-07T17:41:50.874Z,ak09918c magnetic field sensor,19.199999,-13.92,-4.98,3
867239765326815,2024-03-07T17:41:50.894Z,ak09918c magnetic field sensor,19.08,-14.16,-4.38,3
867239785357648,2024-03-07T17:41:50.914Z,ak09918c magnetic field sensor,18.779999,-13.799999,-4.2,3
867239805388414,2024-03-07T17:41:50.933Z,ak09918c magnetic field sensor,19.14,-13.62,-4.7999997,3
867239825419180,2024-03-07T17:41:50.953Z,ak09918c magnetic field sensor,19.8,-12.84,-5.4,3
867239845450013,2024-03-07T17:41:50.974Z,ak09918c magnetic field sensor,19.199999,-12.36,-5.64,3
867239865447513,2024-03-07T17:41:50.994Z,ak09918c magnetic field sensor,18.9,-12.3,-5.8199997,3
867239885444946,2024-03-07T17:41:51.014Z,ak09918c magnetic field sensor,18.9,-12.9,-6.48,3
867239905442446,2024-03-07T17:41:51.034Z,ak09918c magnetic field sensor,18.0,-13.08,-6.54,3
867239925439946,2024-03-07T17:41:51.054Z,ak09918c magnetic field sensor,19.32,-12.719999,-6.48,3
867239945437412,2024-03-07T17:41:51.074Z,ak09918c magnetic field sensor,19.38,-13.08,-6.24,3
867239965434878,2024-03-07T17:41:51.094Z,ak09918c magnetic field sensor,18.42,-13.08,-6.48,3
867239985432411,2024-03-07T17:41:51.114Z,ak09918c magnetic field sensor,19.08,-13.2,-6.66,3
867240005429944,2024-03-07T17:41:51.134Z,ak09918c magnetic field sensor,19.08,-12.599999,-6.12,3
867240025427410,2024-03-07T17:41:51.154Z,ak09918c magnetic field sensor,18.6,-12.059999,-6.18,3
867240045424943,2024-03-07T17:41:51.173Z,ak09918c magnetic field sensor,19.02,-12.9,-6.48,3
867240065422476,2024-03-07T17:41:51.194Z,ak09918c magnetic field sensor,19.439999,-12.84,-5.94,3
867240085420009,2024-03-07T17:41:51.214Z,ak09918c magnetic field sensor,18.96,-13.08,-5.94,3
867240105417475,2024-03-07T17:41:51.234Z,ak09918c magnetic field sensor,18.779999,-13.2,-6.72,3
867240125414975,2024-03-07T17:41:51.254Z,ak09918c magnetic field sensor,19.38,-12.48,-6.3599997,3
867240145412508,2024-03-07T17:41:51.273Z,ak09918c magnetic field sensor,19.68,-12.48,-6.18,3
867240165410074,2024-03-07T17:41:51.294Z,ak09918c magnetic field sensor,19.859999,-12.66,-6.48,3
867240185407640,2024-03-07T17:41:51.314Z,ak09918c magnetic field sensor,19.38,-12.599999,-6.72,3
867240205405273,2024-03-07T17:41:51.334Z,ak09918c magnetic field sensor,19.02,-12.42,-7.2,3
867240225402906,2024-03-07T17:41:51.354Z,ak09918c magnetic field sensor,18.84,-12.3,-8.16,3
867240245400472,2024-03-07T17:41:51.374Z,ak09918c magnetic field sensor,18.66,-12.42,-8.22,3
867240265398105,2024-03-07T17:41:51.394Z,ak09918c magnetic field sensor,19.08,-12.719999,-7.68,3
867240285395738,2024-03-07T17:41:51.414Z,ak09918c magnetic field sensor,18.72,-12.78,-7.68,3
867240305393304,2024-03-07T17:41:51.434Z,ak09918c magnetic field sensor,18.84,-13.0199995,-6.66,3
867240325390870,2024-03-07T17:41:51.454Z,ak09918c magnetic field sensor,19.02,-13.2,-5.3399997,3
867240345388503,2024-03-07T17:41:51.474Z,ak09918c magnetic field sensor,19.02,-12.9,-5.58,3
867240365386136,2024-03-07T17:41:51.494Z,ak09918c magnetic field sensor,21.06,-12.36,-4.98,3
867240385383702,2024-03-07T17:41:51.514Z,ak09918c magnetic field sensor,21.6,-11.5199995,-5.04,3
867240405381335,2024-03-07T17:41:51.534Z,ak09918c magnetic field sensor,19.8,-10.8,-6.54,3
867240425378968,2024-03-07T17:41:51.554Z,ak09918c magnetic field sensor,19.32,-10.08,-7.9199996,3
867240445376601,2024-03-07T17:41:51.574Z,ak09918c magnetic field sensor,18.96,-10.92,-7.98,3
867240465374167,2024-03-07T17:41:51.594Z,ak09918c magnetic field sensor,19.32,-10.92,-7.14,3
867240485371800,2024-03-07T17:41:51.614Z,ak09918c magnetic field sensor,19.619999,-10.0199995,-7.08,3
867240505369433,2024-03-07T17:41:51.634Z,ak09918c magnetic field sensor,19.74,-10.86,-6.54,3
867240525366999,2024-03-07T17:41:51.654Z,ak09918c magnetic field sensor,20.22,-11.58,-6.3599997,3
867240545364165,2024-03-07T17:41:51.674Z,ak09918c magnetic field sensor,19.68,-11.58,-6.24,3
867240565361798,2024-03-07T17:41:51.694Z,ak09918c magnetic field sensor,19.74,-11.219999,-5.8799996,3
867240585359431,2024-03-07T17:41:51.714Z,ak09918c magnetic field sensor,20.039999,-10.32,-6.0,3
867240605356997,2024-03-07T17:41:51.734Z,ak09918c magnetic field sensor,19.98,-9.96,-6.06,3
867240625354630,2024-03-07T17:41:51.754Z,ak09918c magnetic field sensor,20.16,-10.62,-6.42,3
867240645352263,2024-03-07T17:41:51.774Z,ak09918c magnetic field sensor,19.74,-11.4,-7.2599998,3
867240665349829,2024-03-07T17:41:51.794Z,ak09918c magnetic field sensor,19.8,-11.46,-6.6,3
867240685347395,2024-03-07T17:41:51.814Z,ak09918c magnetic field sensor,20.64,-10.74,-6.0,3
867240705345028,2024-03-07T17:41:51.834Z,ak09918c magnetic field sensor,20.039999,-10.44,-6.06,3
867240725342661,2024-03-07T17:41:51.854Z,ak09918c magnetic field sensor,19.439999,-10.2,-6.12,3
867240745340194,2024-03-07T17:41:51.874Z,ak09918c magnetic field sensor,19.92,-9.96,-6.6,3
867240765337694,2024-03-07T17:41:51.894Z,ak09918c magnetic field sensor,19.92,-10.26,-6.8999996,3
867240785335194,2024-03-07T17:41:51.914Z,ak09918c magnetic field sensor,19.98,-10.679999,-7.68,3
867240805332627,2024-03-07T17:41:51.934Z,ak09918c magnetic field sensor,20.82,-11.82,-7.7999997,3
867240825330060,2024-03-07T17:41:51.954Z,ak09918c magnetic field sensor,21.0,-12.3,-6.6,3
867240845327560,2024-03-07T17:41:51.974Z,ak09918c magnetic field sensor,20.64,-12.24,-5.8199997,3
867240865325060,2024-03-07T17:41:51.994Z,ak09918c magnetic field sensor,20.52,-12.0,-5.64,3
867240885322493,2024-03-07T17:41:52.014Z,ak09918c magnetic field sensor,19.8,-11.94,-5.7,3
867240905319993,2024-03-07T17:41:52.034Z,ak09918c magnetic field sensor,18.96,-12.66,-6.48,3
867240925317493,2024-03-07T17:41:52.054Z,ak09918c magnetic field sensor,19.26,-12.719999,-6.42,3
867240945314993,2024-03-07T17:41:52.074Z,ak09918c magnetic field sensor,19.98,-11.94,-5.94,3
867240965312459,2024-03-07T17:41:52.094Z,ak09918c magnetic field sensor,20.1,-11.34,-6.72,3
867240985309992,2024-03-07T17:41:52.114Z,ak09918c magnetic field sensor,19.859999,-11.46,-7.2,3
867241005307525,2024-03-07T17:41:52.134Z,ak09918c magnetic field sensor,19.14,-11.82,-7.08,3
867241025304991,2024-03-07T17:41:52.154Z,ak09918c magnetic field sensor,19.56,-11.759999,-7.2599998,3
867241045302457,2024-03-07T17:41:52.174Z,ak09918c magnetic field sensor,20.22,-11.5199995,-7.5,3
867241065299990,2024-03-07T17:41:52.194Z,ak09918c magnetic field sensor,19.74,-11.219999,-7.3199997,3
867241085297523,2024-03-07T17:41:52.214Z,ak09918c magnetic field sensor,19.38,-11.04,-7.2,3
867241105294989,2024-03-07T17:41:52.234Z,ak09918c magnetic field sensor,19.14,-10.98,-7.14,3
867241125292522,2024-03-07T17:41:52.254Z,ak09918c magnetic field sensor,19.5,-11.4,-6.66,3
867241145290488,2024-03-07T17:41:52.274Z,ak09918c magnetic field sensor,19.98,-11.82,-6.06,3
867241165287921,2024-03-07T17:41:52.294Z,ak09918c magnetic field sensor,19.38,-12.12,-4.8599997,3
867241185285387,2024-03-07T17:41:52.314Z,ak09918c magnetic field sensor,19.68,-12.3,-4.2599998,3
867241205283020,2024-03-07T17:41:52.334Z,ak09918c magnetic field sensor,20.279999,-11.94,-4.08,3
867241225280720,2024-03-07T17:41:52.354Z,ak09918c magnetic field sensor,19.68,-12.179999,-3.4199998,3
867241245278420,2024-03-07T17:41:52.374Z,ak09918c magnetic field sensor,19.26,-12.179999,-3.72,3
867241265276220,2024-03-07T17:41:52.394Z,ak09918c magnetic field sensor,19.08,-11.28,-4.44,3
867241285274086,2024-03-07T17:41:52.414Z,ak09918c magnetic field sensor,19.74,-11.4,-4.7999997,3
867241305271886,2024-03-07T17:41:52.434Z,ak09918c magnetic field sensor,20.22,-11.5199995,-4.38,3
867241325269686,2024-03-07T17:41:52.454Z,ak09918c magnetic field sensor,19.439999,-10.8,-4.02,3
867241345267152,2024-03-07T17:41:52.474Z,ak09918c magnetic field sensor,18.84,-9.78,-3.54,3
867241365265018,2024-03-07T17:41:52.494Z,ak09918c magnetic field sensor,18.84,-10.139999,-2.52,3
867241385262818,2024-03-07T17:41:52.514Z,ak09918c magnetic field sensor,19.14,-11.16,-2.46,3
867241405260684,2024-03-07T17:41:52.533Z,ak09918c magnetic field sensor,18.96,-10.8,-2.6399999,3
867241425258550,2024-03-07T17:41:52.554Z,ak09918c magnetic field sensor,18.539999,-10.679999,-3.1799998,3
867241445256416,2024-03-07T17:41:52.574Z,ak09918c magnetic field sensor,18.359999,-10.98,-3.36,3
867241465254216,2024-03-07T17:41:52.594Z,ak09918c magnetic field sensor,18.18,-11.099999,-3.36,3
867241485252082,2024-03-07T17:41:52.614Z,ak09918c magnetic field sensor,18.3,-11.7,-4.02,3
867241505249948,2024-03-07T17:41:52.634Z,ak09918c magnetic field sensor,18.66,-11.4,-4.8599997,3
867241525247748,2024-03-07T17:41:52.653Z,ak09918c magnetic field sensor,19.98,-10.62,-5.46,3
867241545245548,2024-03-07T17:41:52.674Z,ak09918c magnetic field sensor,20.16,-10.559999,-5.22,3
867241565243381,2024-03-07T17:41:52.694Z,ak09918c magnetic field sensor,19.02,-10.62,-5.22,3
867241585241214,2024-03-07T17:41:52.714Z,ak09918c magnetic field sensor,19.5,-11.219999,-5.8199997,3
867241605238980,2024-03-07T17:41:52.734Z,ak09918c magnetic field sensor,19.619999,-11.34,-5.46,3
867241625236846,2024-03-07T17:41:52.753Z,ak09918c magnetic field sensor,19.439999,-11.46,-5.16,3
867241645234712,2024-03-07T17:41:52.774Z,ak09918c magnetic field sensor,19.859999,-11.34,-5.46,3
867241665232512,2024-03-07T17:41:52.794Z,ak09918c magnetic field sensor,19.56,-11.34,-4.68,3
867241685230312,2024-03-07T17:41:52.814Z,ak09918c magnetic field sensor,19.32,-11.219999,-4.92,3
867241705228178,2024-03-07T17:41:52.834Z,ak09918c magnetic field sensor,19.5,-10.74,-5.46,3
867241725226044,2024-03-07T17:41:52.854Z,ak09918c magnetic field sensor,19.26,-10.92,-4.92,3
867241745223844,2024-03-07T17:41:52.874Z,ak09918c magnetic field sensor,19.199999,-10.98,-5.16,3
867241765221710,2024-03-07T17:41:52.894Z,ak09918c magnetic field sensor,19.619999,-11.58,-4.7999997,3
867241785219543,2024-03-07T17:41:52.914Z,ak09918c magnetic field sensor,19.98,-11.7,-4.2,3
867241805217209,2024-03-07T17:41:52.933Z,ak09918c magnetic field sensor,19.859999,-11.639999,-5.1,3
867241825214809,2024-03-07T17:41:52.953Z,ak09918c magnetic field sensor,19.26,-12.42,-6.12,3
867241845212409,2024-03-07T17:41:52.974Z,ak09918c magnetic field sensor,18.84,-11.94,-5.7,3
867241865209975,2024-03-07T17:41:52.994Z,ak09918c magnetic field sensor,18.779999,-11.639999,-5.16,3
867241885207408,2024-03-07T17:41:53.013Z,ak09918c magnetic field sensor,18.0,-12.12,-5.4,3
867241905204908,2024-03-07T17:41:53.034Z,ak09918c magnetic field sensor,17.76,-12.059999,-5.7,3
867241925202408,2024-03-07T17:41:53.054Z,ak09918c magnetic field sensor,18.6,-11.88,-5.4,3
867241945200308,2024-03-07T17:41:53.074Z,ak09918c magnetic field sensor,18.779999,-11.94,-5.1,3
867241965197741,2024-03-07T17:41:53.094Z,ak09918c magnetic field sensor,18.3,-11.639999,-4.68,3
867241985195241,2024-03-07T17:41:53.113Z,ak09918c magnetic field sensor,18.18,-11.5199995,-4.8599997,3
867242005192741,2024-03-07T17:41:53.134Z,ak09918c magnetic field sensor,18.359999,-11.04,-5.7,3
867242025190207,2024-03-07T17:41:53.154Z,ak09918c magnetic field sensor,18.0,-10.62,-6.12,3
867242045187673,2024-03-07T17:41:53.174Z,ak09918c magnetic field sensor,18.18,-10.559999,-6.54,3
867242065185206,2024-03-07T17:41:53.194Z,ak09918c magnetic field sensor,18.0,-10.08,-6.48,3
867242085182739,2024-03-07T17:41:53.214Z,ak09918c magnetic field sensor,18.48,-10.2,-6.66,3
867242105180205,2024-03-07T17:41:53.234Z,ak09918c magnetic field sensor,19.56,-10.5,-7.3799996,3
867242125177738,2024-03-07T17:41:53.254Z,ak09918c magnetic field sensor,19.199999,-9.78,-7.2599998,3
867242145175271,2024-03-07T17:41:53.274Z,ak09918c magnetic field sensor,19.02,-9.599999,-7.02,3
867242165172737,2024-03-07T17:41:53.294Z,ak09918c magnetic field sensor,19.199999,-10.62,-6.24,3
867242185170203,2024-03-07T17:41:53.314Z,ak09918c magnetic field sensor,19.26,-10.98,-5.4,3
867242205167736,2024-03-07T17:41:53.334Z,ak09918c magnetic field sensor,18.96,-10.32,-6.54,3
867242225165236,2024-03-07T17:41:53.353Z,ak09918c magnetic field sensor,19.619999,-9.84,-6.6,3
867242245162669,2024-03-07T17:41:53.374Z,ak09918c magnetic field sensor,20.1,-9.599999,-5.3399997,3
867242265160169,2024-03-07T17:41:53.394Z,ak09918c magnetic field sensor,19.619999,-9.3,-5.16,3
867242285157702,2024-03-07T17:41:53.413Z,ak09918c magnetic field sensor,19.619999,-9.66,-5.04,3
867242305155335,2024-03-07T17:41:53.434Z,ak09918c magnetic field sensor,19.74,-9.96,-5.22,3
867242325153001,2024-03-07T17:41:53.454Z,ak09918c magnetic field sensor,19.859999,-9.719999,-5.7,3
867242345150767,2024-03-07T17:41:53.474Z,ak09918c magnetic field sensor,19.74,-9.24,-4.98,3
867242365148600,2024-03-07T17:41:53.494Z,ak09918c magnetic field sensor,19.74,-9.059999,-4.38,3
867242385146366,2024-03-07T17:41:53.513Z,ak09918c magnetic field sensor,19.439999,-9.3,-5.04,3
867242405144199,2024-03-07T17:41:53.534Z,ak09918c magnetic field sensor,19.38,-9.9,-4.98,3
867242425142032,2024-03-07T17:41:53.554Z,ak09918c magnetic field sensor,20.279999,-10.2,-4.56,3
867242445139865,2024-03-07T17:41:53.574Z,ak09918c magnetic field sensor,21.3,-9.9,-4.02,3
867242465137631,2024-03-07T17:41:53.594Z,ak09918c magnetic field sensor,20.58,-9.54,-3.4199998,3
867242485135464,2024-03-07T17:41:53.614Z,ak09918c magnetic field sensor,19.56,-9.719999,-2.7,3
867242505133297,2024-03-07T17:41:53.634Z,ak09918c magnetic field sensor,19.859999,-9.54,-2.8799999,3
867242525131063,2024-03-07T17:41:53.654Z,ak09918c magnetic field sensor,20.279999,-9.78,-3.36,3
867242545128829,2024-03-07T17:41:53.674Z,ak09918c magnetic field sensor,20.279999,-10.5,-3.3,3
867242565126662,2024-03-07T17:41:53.694Z,ak09918c magnetic field sensor,20.46,-10.38,-3.72,3
867242585124495,2024-03-07T17:41:53.714Z,ak09918c magnetic field sensor,20.1,-10.62,-4.02,3
867242605122261,2024-03-07T17:41:53.734Z,ak09918c magnetic field sensor,19.8,-11.099999,-4.08,3
867242625120061,2024-03-07T17:41:53.754Z,ak09918c magnetic field sensor,19.8,-10.679999,-3.48,3
867242645117861,2024-03-07T17:41:53.774Z,ak09918c magnetic field sensor,19.619999,-10.92,-2.22,3
867242665115594,2024-03-07T17:41:53.794Z,ak09918c magnetic field sensor,19.74,-11.58,-0.96,3
867242685113327,2024-03-07T17:41:53.814Z,ak09918c magnetic field sensor,19.56,-11.28,-1.14,3
867242705111127,2024-03-07T17:41:53.834Z,ak09918c magnetic field sensor,19.439999,-11.28,-1.74,3
867242725108927,2024-03-07T17:41:53.854Z,ak09918c magnetic field sensor,19.5,-11.82,-2.1,3
867242745106693,2024-03-07T17:41:53.874Z,ak09918c magnetic field sensor,19.38,-12.0,-2.6399999,3
867242765104526,2024-03-07T17:41:53.894Z,ak09918c magnetic field sensor,20.16,-12.12,-2.46,3
867242785102359,2024-03-07T17:41:53.914Z,ak09918c magnetic field sensor,19.98,-11.759999,-2.76,3
867242805100125,2024-03-07T17:41:53.934Z,ak09918c magnetic field sensor,19.5,-11.5199995,-3.72,3
867242825097891,2024-03-07T17:41:53.954Z,ak09918c magnetic field sensor,19.56,-12.3,-3.48,3
867242845095724,2024-03-07T17:41:53.974Z,ak09918c magnetic field sensor,19.439999,-12.66,-3.0,3
867242865093557,2024-03-07T17:41:53.994Z,ak09918c magnetic field sensor,18.24,-13.32,-2.82,3
867242885091290,2024-03-07T17:41:54.014Z,ak09918c magnetic field sensor,16.8,-13.92,-2.52,3
867242905088923,2024-03-07T17:41:54.034Z,ak09918c magnetic field sensor,17.58,-13.679999,-2.82,3
867242925086523,2024-03-07T17:41:54.054Z,ak09918c magnetic field sensor,17.76,-13.08,-3.84,3
867242945084089,2024-03-07T17:41:54.074Z,ak09918c magnetic field sensor,17.16,-12.96,-3.84,3
867242965081522,2024-03-07T17:41:54.094Z,ak09918c magnetic field sensor,17.82,-13.2,-3.12,3
867242985079022,2024-03-07T17:41:54.114Z,ak09918c magnetic field sensor,18.539999,-12.12,-3.36,3
867243005076522,2024-03-07T17:41:54.134Z,ak09918c magnetic field sensor,18.3,-11.639999,-4.2,3
867243025073955,2024-03-07T17:41:54.153Z,ak09918c magnetic field sensor,18.48,-11.94,-4.92,3
867243045071388,2024-03-07T17:41:54.174Z,ak09918c magnetic field sensor,17.94,-11.88,-4.44,3
867243065068888,2024-03-07T17:41:54.194Z,ak09918c magnetic field sensor,17.64,-11.88,-4.56,3
867243085066388,2024-03-07T17:41:54.214Z,ak09918c magnetic field sensor,17.88,-11.219999,-5.16,3
867243105063821,2024-03-07T17:41:54.234Z,ak09918c magnetic field sensor,18.359999,-11.34,-5.4,3
867243125061321,2024-03-07T17:41:54.254Z,ak09918c magnetic field sensor,18.24,-11.58,-5.8199997,3
867243145058821,2024-03-07T17:41:54.274Z,ak09918c magnetic field sensor,17.64,-11.219999,-6.3599997,3
867243165055587,2024-03-07T17:41:54.294Z,ak09918c magnetic field sensor,18.72,-10.86,-6.96,3
867243185053053,2024-03-07T17:41:54.314Z,ak09918c magnetic field sensor,19.14,-10.38,-6.7799997,3
867243205049886,2024-03-07T17:41:54.334Z,ak09918c magnetic field sensor,19.14,-10.38,-6.24,3
867243225047419,2024-03-07T17:41:54.354Z,ak09918c magnetic field sensor,19.74,-10.44,-6.18,3
867243245044885,2024-03-07T17:41:54.374Z,ak09918c magnetic field sensor,19.08,-10.98,-5.8199997,3
867243265042418,2024-03-07T17:41:54.394Z,ak09918c magnetic field sensor,18.84,-10.74,-4.92,3
867243285039951,2024-03-07T17:41:54.414Z,ak09918c magnetic field sensor,19.02,-10.62,-4.44,3
867243305037417,2024-03-07T17:41:54.434Z,ak09918c magnetic field sensor,18.66,-10.86,-5.04,3
867243325034883,2024-03-07T17:41:54.454Z,ak09918c magnetic field sensor,19.859999,-10.679999,-5.3399997,3
867243345032383,2024-03-07T17:41:54.473Z,ak09918c magnetic field sensor,19.859999,-10.32,-5.16,3
867243365029883,2024-03-07T17:41:54.493Z,ak09918c magnetic field sensor,19.32,-9.78,-5.1,3
867243385027383,2024-03-07T17:41:54.514Z,ak09918c magnetic field sensor,20.1,-9.3,-5.04,3
867243405025016,2024-03-07T17:41:54.534Z,ak09918c magnetic field sensor,20.039999,-9.179999,-5.16,3
867243425022649,2024-03-07T17:41:54.554Z,ak09918c magnetic field sensor,19.859999,-9.9,-5.04,3
867243445020282,2024-03-07T17:41:54.573Z,ak09918c magnetic field sensor,19.56,-9.78,-5.04,3
867243465017848,2024-03-07T17:41:54.594Z,ak09918c magnetic field sensor,19.32,-9.719999,-4.5,3
867243485015481,2024-03-07T17:41:54.614Z,ak09918c magnetic field sensor,20.16,-10.38,-4.2599998,3
867243505012414,2024-03-07T17:41:54.634Z,ak09918c magnetic field sensor,20.52,-9.9,-3.9599998,3
867243525009980,2024-03-07T17:41:54.654Z,ak09918c magnetic field sensor,19.74,-9.66,-4.3199997,3
867243545007546,2024-03-07T17:41:54.674Z,ak09918c magnetic field sensor,19.68,-9.54,-5.58,3
867243565005179,2024-03-07T17:41:54.694Z,ak09918c magnetic field sensor,19.859999,-9.059999,-5.2799997,3
867243585002812,2024-03-07T17:41:54.714Z,ak09918c magnetic field sensor,19.439999,-9.42,-5.2799997,3
867243605000378,2024-03-07T17:41:54.734Z,ak09918c magnetic field sensor,19.14,-9.24,-6.72,3
867243624251398,2024-03-07T17:41:54.753Z,ak09918c magnetic field sensor,19.14,-9.24,-6.96,3
867243644249031,2024-03-07T17:41:54.772Z,ak09918c magnetic field sensor,19.74,-9.599999,-6.0,3
867243664246597,2024-03-07T17:41:54.793Z,ak09918c magnetic field sensor,19.98,-9.3,-5.58,3
867243684244163,2024-03-07T17:41:54.813Z,ak09918c magnetic field sensor,20.16,-9.96,-4.68,3
867243704241796,2024-03-07T17:41:54.833Z,ak09918c magnetic field sensor,19.74,-10.74,-4.8599997,3
867243724239429,2024-03-07T17:41:54.853Z,ak09918c magnetic field sensor,18.84,-10.0199995,-5.94,3
867243744236995,2024-03-07T17:41:54.873Z,ak09918c magnetic field sensor,18.6,-9.54,-6.18,3
867243764235295,2024-03-07T17:41:54.893Z,ak09918c magnetic field sensor,18.48,-10.26,-6.18,3
867243784232928,2024-03-07T17:41:54.913Z,ak09918c magnetic field sensor,18.539999,-10.92,-6.12,3
867243804231194,2024-03-07T17:41:54.933Z,ak09918c magnetic field sensor,18.9,-11.219999,-5.3399997,3
867243824228760,2024-03-07T17:41:54.953Z,ak09918c magnetic field sensor,19.08,-10.62,-4.38,3
867243844226393,2024-03-07T17:41:54.973Z,ak09918c magnetic field sensor,18.6,-10.26,-4.62,3
867243864224026,2024-03-07T17:41:54.993Z,ak09918c magnetic field sensor,18.24,-10.26,-5.52,3
867243884221592,2024-03-07T17:41:55.013Z,ak09918c magnetic field sensor,18.539999,-10.32,-6.12,3
867243904219225,2024-03-07T17:41:55.033Z,ak09918c magnetic field sensor,18.42,-10.679999,-5.7,3
867243924216858,2024-03-07T17:41:55.053Z,ak09918c magnetic field sensor,17.82,-10.44,-5.16,3
867243944214491,2024-03-07T17:41:55.073Z,ak09918c magnetic field sensor,17.82,-11.4,-4.7999997,3
867243964212057,2024-03-07T17:41:55.093Z,ak09918c magnetic field sensor,17.88,-11.94,-4.44,3
867243984209623,2024-03-07T17:41:55.113Z,ak09918c magnetic field sensor,18.119999,-12.059999,-4.98,3
867244004207123,2024-03-07T17:41:55.133Z,ak09918c magnetic field sensor,18.3,-12.24,-4.74,3
867244024204556,2024-03-07T17:41:55.153Z,ak09918c magnetic field sensor,18.48,-11.759999,-4.38,3
867244044201989,2024-03-07T17:41:55.173Z,ak09918c magnetic field sensor,19.26,-11.5199995,-4.68,3
867244064199489,2024-03-07T17:41:55.193Z,ak09918c magnetic field sensor,19.26,-11.4,-5.46,3
867244084196989,2024-03-07T17:41:55.213Z,ak09918c magnetic field sensor,18.9,-11.5199995,-5.8799996,3
867244104195122,2024-03-07T17:41:55.233Z,ak09918c magnetic field sensor,18.779999,-11.58,-5.22,3
867244124192622,2024-03-07T17:41:55.252Z,ak09918c magnetic field sensor,19.02,-10.8,-4.74,3
867244144190122,2024-03-07T17:41:55.273Z,ak09918c magnetic field sensor,19.26,-9.719999,-5.64,3
867244164187555,2024-03-07T17:41:55.292Z,ak09918c magnetic field sensor,19.14,-9.96,-5.64,3
867244184184321,2024-03-07T17:41:55.313Z,ak09918c magnetic field sensor,19.08,-10.32,-5.3399997,3
867244204181854,2024-03-07T17:41:55.333Z,ak09918c magnetic field sensor,18.66,-10.139999,-5.8199997,3
867244224179387,2024-03-07T17:41:55.353Z,ak09918c magnetic field sensor,18.24,-10.26,-5.7,3
867244244176853,2024-03-07T17:41:55.373Z,ak09918c magnetic field sensor,18.9,-10.5,-5.8199997,3
867244264174386,2024-03-07T17:41:55.393Z,ak09918c magnetic field sensor,19.8,-10.44,-5.8799996,3
867244284171919,2024-03-07T17:41:55.413Z,ak09918c magnetic field sensor,19.02,-10.26,-5.3399997,3
867244304169385,2024-03-07T17:41:55.433Z,ak09918c magnetic field sensor,18.84,-10.38,-5.58,3
867244324166851,2024-03-07T17:41:55.453Z,ak09918c magnetic field sensor,19.08,-9.9,-5.52,3
867244344164384,2024-03-07T17:41:55.473Z,ak09918c magnetic field sensor,19.199999,-9.78,-4.7999997,3
867244364161917,2024-03-07T17:41:55.493Z,ak09918c magnetic field sensor,19.74,-10.62,-4.98,3
867244384159350,2024-03-07T17:41:55.513Z,ak09918c magnetic field sensor,19.8,-10.44,-4.92,3
867244404156850,2024-03-07T17:41:55.533Z,ak09918c magnetic field sensor,19.619999,-10.08,-4.7999997,3
867244424154383,2024-03-07T17:41:55.553Z,ak09918c magnetic field sensor,19.5,-9.66,-5.22,3
867244444152016,2024-03-07T17:41:55.573Z,ak09918c magnetic field sensor,19.5,-8.76,-5.46,3
867244464149682,2024-03-07T17:41:55.593Z,ak09918c magnetic field sensor,19.98,-9.179999,-5.7599998,3
867244484147448,2024-03-07T17:41:55.613Z,ak09918c magnetic field sensor,20.82,-9.66,-6.06,3
867244504145281,2024-03-07T17:41:55.633Z,ak09918c magnetic field sensor,19.8,-9.66,-5.64,3
867244524143047,2024-03-07T17:41:55.653Z,ak09918c magnetic field sensor,19.439999,-9.84,-5.58,3
867244544140813,2024-03-07T17:41:55.673Z,ak09918c magnetic field sensor,20.34,-9.24,-5.4,3
867244564138646,2024-03-07T17:41:55.692Z,ak09918c magnetic field sensor,20.4,-9.059999,-5.22,3
867244584136479,2024-03-07T17:41:55.713Z,ak09918c magnetic field sensor,20.52,-9.0,-5.3399997,3
867244604134245,2024-03-07T17:41:55.733Z,ak09918c magnetic field sensor,20.58,-9.179999,-5.16,3
867244624132078,2024-03-07T17:41:55.753Z,ak09918c magnetic field sensor,20.039999,-9.42,-5.4,3
867244644129911,2024-03-07T17:41:55.773Z,ak09918c magnetic field sensor,20.039999,-9.9,-5.3399997,3
867244664127677,2024-03-07T17:41:55.792Z,ak09918c magnetic field sensor,20.16,-9.84,-5.7,3
867244684125443,2024-03-07T17:41:55.813Z,ak09918c magnetic field sensor,20.4,-9.36,-5.58,3
867244704123276,2024-03-07T17:41:55.833Z,ak09918c magnetic field sensor,20.4,-9.36,-4.92,3
867244724121109,2024-03-07T17:41:55.853Z,ak09918c magnetic field sensor,19.68,-9.3,-5.22,3
867244744118875,2024-03-07T17:41:55.873Z,ak09918c magnetic field sensor,19.74,-9.36,-5.46,3
867244764116708,2024-03-07T17:41:55.893Z,ak09918c magnetic field sensor,19.92,-9.42,-5.4,3
867244784115208,2024-03-07T17:41:55.913Z,ak09918c magnetic field sensor,20.1,-9.9,-5.16,3
867244804112941,2024-03-07T17:41:55.933Z,ak09918c magnetic field sensor,19.5,-9.66,-5.22,3
867244824110674,2024-03-07T17:41:55.953Z,ak09918c magnetic field sensor,19.14,-9.54,-5.4,3
867244844108474,2024-03-07T17:41:55.973Z,ak09918c magnetic field sensor,19.98,-9.9,-5.3399997,3
867244864106274,2024-03-07T17:41:55.992Z,ak09918c magnetic field sensor,20.039999,-9.42,-4.7999997,3
867244884104007,2024-03-07T17:41:56.013Z,ak09918c magnetic field sensor,19.619999,-9.42,-4.8599997,3
867244904101840,2024-03-07T17:41:56.033Z,ak09918c magnetic field sensor,19.92,-9.36,-5.22,3
867244924099673,2024-03-07T17:41:56.053Z,ak09918c magnetic field sensor,19.92,-8.76,-5.3399997,3
867244944097506,2024-03-07T17:41:56.073Z,ak09918c magnetic field sensor,18.96,-9.54,-5.7,3
867244964095272,2024-03-07T17:41:56.093Z,ak09918c magnetic field sensor,19.26,-10.559999,-5.4,3
867244984093105,2024-03-07T17:41:56.113Z,ak09918c magnetic field sensor,19.56,-10.74,-5.3399997,3
867245004090938,2024-03-07T17:41:56.133Z,ak09918c magnetic field sensor,18.779999,-11.219999,-5.58,3
867245024088671,2024-03-07T17:41:56.153Z,ak09918c magnetic field sensor,18.3,-11.759999,-4.68,3
867245044086304,2024-03-07T17:41:56.173Z,ak09918c magnetic field sensor,18.72,-11.34,-4.44,3
867245064083904,2024-03-07T17:41:56.193Z,ak09918c magnetic field sensor,18.0,-11.099999,-4.2599998,3
867245084081470,2024-03-07T17:41:56.213Z,ak09918c magnetic field sensor,17.64,-11.219999,-4.92,3
867245104078903,2024-03-07T17:41:56.233Z,ak09918c magnetic field sensor,18.359999,-11.4,-6.06,3
867245124076403,2024-03-07T17:41:56.252Z,ak09918c magnetic field sensor,18.42,-11.16,-5.8199997,3
867245144073903,2024-03-07T17:41:56.273Z,ak09918c magnetic field sensor,19.14,-10.38,-5.46,3
867245164103969,2024-03-07T17:41:56.293Z,ak09918c magnetic field sensor,19.26,-10.2,-5.7599998,3
867245184134035,2024-03-07T17:41:56.313Z,ak09918c magnetic field sensor,18.6,-10.5,-6.48,3
867245204164868,2024-03-07T17:41:56.333Z,ak09918c magnetic field sensor,18.06,-10.139999,-6.42,3
867245224195701,2024-03-07T17:41:56.353Z,ak09918c magnetic field sensor,18.48,-10.2,-6.12,3
867245244226467,2024-03-07T17:41:56.373Z,ak09918c magnetic field sensor,19.02,-10.559999,-6.24,3
867245264257300,2024-03-07T17:41:56.393Z,ak09918c magnetic field sensor,19.02,-10.0199995,-6.7799997,3
867245284288133,2024-03-07T17:41:56.413Z,ak09918c magnetic field sensor,19.14,-9.96,-6.96,3
867245304318933,2024-03-07T17:41:56.433Z,ak09918c magnetic field sensor,19.38,-10.32,-7.2,3
867245324349733,2024-03-07T17:41:56.453Z,ak09918c magnetic field sensor,19.38,-10.5,-6.8399997,3
867245344380599,2024-03-07T17:41:56.473Z,ak09918c magnetic field sensor,19.14,-10.139999,-6.0,3
867245364411465,2024-03-07T17:41:56.492Z,ak09918c magnetic field sensor,19.68,-10.74,-6.06,3
867245384442265,2024-03-07T17:41:56.513Z,ak09918c magnetic field sensor,19.92,-10.74,-5.7599998,3
867245404473131,2024-03-07T17:41:56.533Z,ak09918c magnetic field sensor,20.16,-10.32,-5.52,3
867245424503997,2024-03-07T17:41:56.553Z,ak09918c magnetic field sensor,20.16,-11.28,-5.8199997,3
867245444534797,2024-03-07T17:41:56.573Z,ak09918c magnetic field sensor,19.38,-11.759999,-5.8799996,3
867245464565597,2024-03-07T17:41:56.593Z,ak09918c magnetic field sensor,18.96,-11.34,-5.94,3
867245484596463,2024-03-07T17:41:56.613Z,ak09918c magnetic field sensor,19.74,-10.62,-5.64,3
867245504627296,2024-03-07T17:41:56.633Z,ak09918c magnetic field sensor,20.4,-10.26,-6.2999997,3
867245524658129,2024-03-07T17:41:56.653Z,ak09918c magnetic field sensor,19.859999,-10.32,-5.46,3
867245544689029,2024-03-07T17:41:56.672Z,ak09918c magnetic field sensor,19.38,-11.099999,-4.2,3
867245564719995,2024-03-07T17:41:56.693Z,ak09918c magnetic field sensor,19.08,-11.34,-4.2599998,3
867245584750961,2024-03-07T17:41:56.713Z,ak09918c magnetic field sensor,19.38,-10.74,-3.78,3
867245604781861,2024-03-07T17:41:56.732Z,ak09918c magnetic field sensor,20.279999,-10.44,-4.3199997,3
867245624812827,2024-03-07T17:41:56.753Z,ak09918c magnetic field sensor,20.4,-11.16,-4.38,3
867245644843793,2024-03-07T17:41:56.773Z,ak09918c magnetic field sensor,19.74,-11.639999,-4.5,3
867245664874693,2024-03-07T17:41:56.793Z,ak09918c magnetic field sensor,19.619999,-10.5,-5.3399997,3
867245684905593,2024-03-07T17:41:56.813Z,ak09918c magnetic field sensor,19.74,-9.84,-4.7999997,3
867245704936559,2024-03-07T17:41:56.832Z,ak09918c magnetic field sensor,19.859999,-10.44,-4.56,3
867245724967525,2024-03-07T17:41:56.852Z,ak09918c magnetic field sensor,20.039999,-10.8,-5.1,3
867245744998425,2024-03-07T17:41:56.872Z,ak09918c magnetic field sensor,19.98,-10.86,-4.7999997,3
867245764996758,2024-03-07T17:41:56.893Z,ak09918c magnetic field sensor,19.74,-10.2,-4.3199997,3
867245784995091,2024-03-07T17:41:56.913Z,ak09918c magnetic field sensor,19.859999,-9.78,-4.38,3
867245804992657,2024-03-07T17:41:56.932Z,ak09918c magnetic field sensor,20.16,-10.62,-4.74,3
867245824990223,2024-03-07T17:41:56.953Z,ak09918c magnetic field sensor,20.039999,-10.8,-4.7999997,3
867245844987856,2024-03-07T17:41:56.973Z,ak09918c magnetic field sensor,19.619999,-10.559999,-4.44,3
867245864985489,2024-03-07T17:41:56.993Z,ak09918c magnetic field sensor,18.539999,-10.98,-3.36,3
867245884983055,2024-03-07T17:41:57.013Z,ak09918c magnetic field sensor,18.359999,-11.219999,-3.24,3
867245904980655,2024-03-07T17:41:57.033Z,ak09918c magnetic field sensor,19.439999,-11.4,-4.02,3
867245924978255,2024-03-07T17:41:57.053Z,ak09918c magnetic field sensor,19.859999,-11.34,-4.7999997,3
867245944975821,2024-03-07T17:41:57.073Z,ak09918c magnetic field sensor,19.26,-10.98,-5.2799997,3
867245964973387,2024-03-07T17:41:57.093Z,ak09918c magnetic field sensor,19.439999,-10.32,-5.8799996,3
867245984971020,2024-03-07T17:41:57.113Z,ak09918c magnetic field sensor,19.32,-9.84,-6.48,3
867246004968653,2024-03-07T17:41:57.133Z,ak09918c magnetic field sensor,18.66,-10.44,-6.06,3
867246024966219,2024-03-07T17:41:57.153Z,ak09918c magnetic field sensor,18.96,-10.8,-5.94,3
867246044963852,2024-03-07T17:41:57.173Z,ak09918c magnetic field sensor,18.96,-10.38,-6.96,3
867246064961485,2024-03-07T17:41:57.193Z,ak09918c magnetic field sensor,18.48,-10.62,-7.2,3
867246084959118,2024-03-07T17:41:57.213Z,ak09918c magnetic field sensor,18.72,-11.099999,-6.42,3
867246104956684,2024-03-07T17:41:57.233Z,ak09918c magnetic field sensor,18.84,-11.759999,-5.46,3
867246124954250,2024-03-07T17:41:57.253Z,ak09918c magnetic field sensor,18.72,-12.059999,-4.68,3
867246144951750,2024-03-07T17:41:57.273Z,ak09918c magnetic field sensor,19.08,-12.0,-4.7999997,3
867246164948483,2024-03-07T17:41:57.293Z,ak09918c magnetic field sensor,18.9,-12.0,-5.8199997,3
867246184945916,2024-03-07T17:41:57.313Z,ak09918c magnetic field sensor,18.84,-11.58,-5.58,3
867246204942716,2024-03-07T17:41:57.333Z,ak09918c magnetic field sensor,18.359999,-11.7,-4.8599997,3
867246224940216,2024-03-07T17:41:57.353Z,ak09918c magnetic field sensor,17.64,-11.34,-5.94,3
867246244937649,2024-03-07T17:41:57.373Z,ak09918c magnetic field sensor,18.539999,-10.62,-6.6,3
867246264935149,2024-03-07T17:41:57.393Z,ak09918c magnetic field sensor,18.6,-10.98,-6.12,3
867246284932649,2024-03-07T17:41:57.413Z,ak09918c magnetic field sensor,17.88,-10.8,-5.8199997,3
867246304930082,2024-03-07T17:41:57.433Z,ak09918c magnetic field sensor,17.94,-10.74,-5.04,3
867246324927515,2024-03-07T17:41:57.453Z,ak09918c magnetic field sensor,18.359999,-11.28,-4.38,3
867246344925048,2024-03-07T17:41:57.473Z,ak09918c magnetic field sensor,19.32,-11.7,-4.8599997,3
867246364922581,2024-03-07T17:41:57.493Z,ak09918c magnetic field sensor,19.68,-11.82,-5.2799997,3
867246384920047,2024-03-07T17:41:57.513Z,ak09918c magnetic field sensor,18.96,-12.0,-4.38,3
867246404917580,2024-03-07T17:41:57.533Z,ak09918c magnetic field sensor,19.26,-12.3,-3.9599998,3
867246424915113,2024-03-07T17:41:57.553Z,ak09918c magnetic field sensor,19.74,-12.24,-4.3199997,3
867246444912579,2024-03-07T17:41:57.573Z,ak09918c magnetic field sensor,18.539999,-12.059999,-3.78,3
867246464910045,2024-03-07T17:41:57.593Z,ak09918c magnetic field sensor,18.96,-12.48,-3.6,3
867246484907578,2024-03-07T17:41:57.612Z,ak09918c magnetic field sensor,19.02,-12.3,-4.98,3
867246504905111,2024-03-07T17:41:57.633Z,ak09918c magnetic field sensor,18.18,-10.62,-4.8599997,3
867246524902577,2024-03-07T17:41:57.653Z,ak09918c magnetic field sensor,18.24,-10.44,-4.38,3
867246544900077,2024-03-07T17:41:57.673Z,ak09918c magnetic field sensor,18.3,-10.679999,-5.16,3
867246564897610,2024-03-07T17:41:57.693Z,ak09918c magnetic field sensor,18.359999,-10.679999,-4.56,3
867246584895243,2024-03-07T17:41:57.713Z,ak09918c magnetic field sensor,19.02,-11.46,-4.08,3
867246604892543,2024-03-07T17:41:57.733Z,ak09918c magnetic field sensor,20.039999,-11.58,-3.9599998,3
867246624890309,2024-03-07T17:41:57.753Z,ak09918c magnetic field sensor,19.74,-11.04,-3.54,3
867246644888109,2024-03-07T17:41:57.773Z,ak09918c magnetic field sensor,19.14,-11.4,-3.24,3
867246664885909,2024-03-07T17:41:57.793Z,ak09918c magnetic field sensor,19.02,-11.46,-3.4199998,3
867246684883709,2024-03-07T17:41:57.813Z,ak09918c magnetic field sensor,19.38,-11.04,-4.14,3
867246704881575,2024-03-07T17:41:57.833Z,ak09918c magnetic field sensor,19.199999,-11.46,-4.62,3
867246724879441,2024-03-07T17:41:57.853Z,ak09918c magnetic field sensor,18.72,-11.639999,-4.44,3
867246744877241,2024-03-07T17:41:57.873Z,ak09918c magnetic field sensor,19.08,-11.04,-4.3199997,3
867246764875807,2024-03-07T17:41:57.893Z,ak09918c magnetic field sensor,19.32,-11.04,-3.8999999,3
867246784873673,2024-03-07T17:41:57.912Z,ak09918c magnetic field sensor,19.14,-11.7,-3.24,3
867246804872173,2024-03-07T17:41:57.932Z,ak09918c magnetic field sensor,19.5,-12.059999,-2.8799999,3
867246824869973,2024-03-07T17:41:57.953Z,ak09918c magnetic field sensor,19.619999,-11.58,-2.8799999,3
867246844867839,2024-03-07T17:41:57.973Z,ak09918c magnetic field sensor,19.8,-11.7,-3.4199998,3
867246864865705,2024-03-07T17:41:57.993Z,ak09918c magnetic field sensor,19.68,-11.5199995,-3.06,3
867246884863505,2024-03-07T17:41:58.013Z,ak09918c magnetic field sensor,19.26,-11.28,-2.7,3
867246904861371,2024-03-07T17:41:58.033Z,ak09918c magnetic field sensor,19.14,-11.759999,-2.7,3
867246924859237,2024-03-07T17:41:58.053Z,ak09918c magnetic field sensor,19.14,-11.94,-2.76,3
867246944857003,2024-03-07T17:41:58.073Z,ak09918c magnetic field sensor,19.5,-11.46,-3.6,3
867246964854769,2024-03-07T17:41:58.093Z,ak09918c magnetic field sensor,19.5,-11.04,-3.78,3
867246984852602,2024-03-07T17:41:58.113Z,ak09918c magnetic field sensor,19.26,-11.759999,-3.6599998,3
867247004850468,2024-03-07T17:41:58.133Z,ak09918c magnetic field sensor,18.9,-11.34,-3.8999999,3
867247024848268,2024-03-07T17:41:58.152Z,ak09918c magnetic field sensor,18.539999,-10.679999,-4.2,3
867247044846134,2024-03-07T17:41:58.173Z,ak09918c magnetic field sensor,18.66,-10.74,-4.14,3
867247064844000,2024-03-07T17:41:58.193Z,ak09918c magnetic field sensor,19.439999,-10.0199995,-4.3199997,3
867247084841866,2024-03-07T17:41:58.213Z,ak09918c magnetic field sensor,19.02,-9.96,-5.8199997,3
867247104839666,2024-03-07T17:41:58.233Z,ak09918c magnetic field sensor,19.14,-10.26,-6.48,3
867247124837532,2024-03-07T17:41:58.253Z,ak09918c magnetic field sensor,19.619999,-10.98,-5.8199997,3
867247144835398,2024-03-07T17:41:58.273Z,ak09918c magnetic field sensor,18.96,-11.219999,-6.12,3
867247164832464,2024-03-07T17:41:58.293Z,ak09918c magnetic field sensor,18.66,-10.44,-5.8799996,3
867247184830130,2024-03-07T17:41:58.313Z,ak09918c magnetic field sensor,18.72,-10.62,-5.58,3
867247204827696,2024-03-07T17:41:58.333Z,ak09918c magnetic field sensor,19.439999,-10.2,-5.7599998,3
867247224825296,2024-03-07T17:41:58.353Z,ak09918c magnetic field sensor,19.439999,-9.96,-5.7,3
867247244822796,2024-03-07T17:41:58.373Z,ak09918c magnetic field sensor,19.32,-9.96,-6.42,3
867247264820296,2024-03-07T17:41:58.393Z,ak09918c magnetic field sensor,19.5,-9.48,-6.24,3
867247284817796,2024-03-07T17:41:58.413Z,ak09918c magnetic field sensor,19.619999,-9.12,-6.18,3
867247304815229,2024-03-07T17:41:58.432Z,ak09918c magnetic field sensor,19.92,-9.12,-6.8399997,3
867247324812662,2024-03-07T17:41:58.453Z,ak09918c magnetic field sensor,19.619999,-8.4,-7.14,3
867247344810162,2024-03-07T17:41:58.473Z,ak09918c magnetic field sensor,18.779999,-8.34,-6.8399997,3
867247364807662,2024-03-07T17:41:58.493Z,ak09918c magnetic field sensor,18.42,-9.36,-6.96,3
867247384805095,2024-03-07T17:41:58.513Z,ak09918c magnetic field sensor,18.9,-9.3,-7.08,3
867247404801928,2024-03-07T17:41:58.533Z,ak09918c magnetic field sensor,19.14,-8.46,-6.7799997,3
867247424799461,2024-03-07T17:41:58.553Z,ak09918c magnetic field sensor,19.26,-7.7999997,-6.54,3
867247444789827,2024-03-07T17:41:58.573Z,ak09918c magnetic field sensor,18.779999,-8.34,-6.18,3
867247464780260,2024-03-07T17:41:58.592Z,ak09918c magnetic field sensor,18.06,-9.42,-5.8799996,3
867247484770826,2024-03-07T17:41:58.613Z,ak09918c magnetic field sensor,18.9,-9.24,-6.12,3
867247504761459,2024-03-07T17:41:58.633Z,ak09918c magnetic field sensor,19.619999,-8.5199995,-7.08,3
867247524752425,2024-03-07T17:41:58.653Z,ak09918c magnetic field sensor,19.74,-7.56,-7.08,3
867247544743258,2024-03-07T17:41:58.673Z,ak09918c magnetic field sensor,20.1,-7.5,-6.48,3
867247564734158,2024-03-07T17:41:58.693Z,ak09918c magnetic field sensor,19.74,-7.8599997,-6.18,3
867247584725124,2024-03-07T17:41:58.713Z,ak09918c magnetic field sensor,19.38,-7.3799996,-6.24,3
867247604716124,2024-03-07T17:41:58.733Z,ak09918c magnetic field sensor,19.8,-7.98,-6.0,3
867247624707257,2024-03-07T17:41:58.753Z,ak09918c magnetic field sensor,19.619999,-8.46,-5.94,3
867247644698457,2024-03-07T17:41:58.773Z,ak09918c magnetic field sensor,18.72,-8.7,-6.18,3
867247664689723,2024-03-07T17:41:58.793Z,ak09918c magnetic field sensor,18.84,-8.88,-6.18,3
867247684681056,2024-03-07T17:41:58.813Z,ak09918c magnetic field sensor,19.98,-8.4,-7.44,3
867247704672522,2024-03-07T17:41:58.832Z,ak09918c magnetic field sensor,19.92,-8.94,-7.8599997,3
867247724664055,2024-03-07T17:41:58.852Z,ak09918c magnetic field sensor,19.199999,-9.36,-7.3199997,3
867247744655655,2024-03-07T17:41:58.873Z,ak09918c magnetic field sensor,19.199999,-8.82,-7.44,3
867247764648088,2024-03-07T17:41:58.893Z,ak09918c magnetic field sensor,18.72,-8.639999,-6.96,3
867247784639888,2024-03-07T17:41:58.913Z,ak09918c magnetic field sensor,18.539999,-8.5199995,-7.2,3
867247804632421,2024-03-07T17:41:58.933Z,ak09918c magnetic field sensor,18.539999,-8.88,-7.7999997,3
867247824624354,2024-03-07T17:41:58.953Z,ak09918c magnetic field sensor,18.539999,-9.179999,-7.08,3
867247844616420,2024-03-07T17:41:58.973Z,ak09918c magnetic field sensor,18.48,-8.94,-6.24,3
867247864608553,2024-03-07T17:41:58.993Z,ak09918c magnetic field sensor,18.119999,-9.12,-6.96,3
867247884600753,2024-03-07T17:41:59.013Z,ak09918c magnetic field sensor,18.3,-9.48,-7.3199997,3
867247904593086,2024-03-07T17:41:59.033Z,ak09918c magnetic field sensor,18.18,-9.78,-6.54,3
867247924585486,2024-03-07T17:41:59.053Z,ak09918c magnetic field sensor,18.359999,-10.32,-5.94,3
867247944577952,2024-03-07T17:41:59.073Z,ak09918c magnetic field sensor,18.48,-10.74,-5.4,3
867247964570485,2024-03-07T17:41:59.093Z,ak09918c magnetic field sensor,18.3,-10.38,-4.92,3
867247984563151,2024-03-07T17:41:59.113Z,ak09918c magnetic field sensor,18.48,-11.04,-5.22,3
867248004556551,2024-03-07T17:41:59.133Z,ak09918c magnetic field sensor,18.539999,-10.98,-5.46,3
867248024549317,2024-03-07T17:41:59.153Z,ak09918c magnetic field sensor,18.539999,-10.139999,-5.16,3
867248044549317,2024-03-07T17:41:59.173Z,ak09918c magnetic field sensor,18.24,-10.0199995,-5.3399997,3
867248064549317,2024-03-07T17:41:59.193Z,ak09918c magnetic field sensor,18.119999,-9.42,-5.64,3
867248084549317,2024-03-07T17:41:59.213Z,ak09918c magnetic field sensor,18.18,-9.9,-6.2999997,3
867248104549317,2024-03-07T17:41:59.233Z,ak09918c magnetic field sensor,18.06,-10.62,-5.94,3
867248124549050,2024-03-07T17:41:59.252Z,ak09918c magnetic field sensor,18.119999,-10.62,-5.16,3
867248144549050,2024-03-07T17:41:59.273Z,ak09918c magnetic field sensor,18.24,-10.98,-5.3399997,3
867248164549050,2024-03-07T17:41:59.293Z,ak09918c magnetic field sensor,18.48,-11.16,-5.7,3
867248184549050,2024-03-07T17:41:59.313Z,ak09918c magnetic field sensor,17.88,-11.28,-5.7599998,3
867248204549050,2024-03-07T17:41:59.333Z,ak09918c magnetic field sensor,18.3,-10.44,-5.52,3
867248224549250,2024-03-07T17:41:59.352Z,ak09918c magnetic field sensor,19.08,-9.66,-6.24,3
867248244549250,2024-03-07T17:41:59.373Z,ak09918c magnetic field sensor,18.3,-10.26,-6.8999996,3
867248264549250,2024-03-07T17:41:59.393Z,ak09918c magnetic field sensor,17.94,-10.74,-6.24,3
867248284549250,2024-03-07T17:41:59.413Z,ak09918c magnetic field sensor,18.779999,-10.26,-6.06,3
867248304549483,2024-03-07T17:41:59.433Z,ak09918c magnetic field sensor,18.66,-9.719999,-6.3599997,3
867248324549483,2024-03-07T17:41:59.452Z,ak09918c magnetic field sensor,18.0,-9.96,-6.6,3
867248344549483,2024-03-07T17:41:59.472Z,ak09918c magnetic field sensor,18.18,-9.84,-6.8999996,3
867248364549483,2024-03-07T17:41:59.492Z,ak09918c magnetic field sensor,17.94,-9.719999,-7.56,3
867248384549483,2024-03-07T17:41:59.513Z,ak09918c magnetic field sensor,18.0,-10.139999,-8.639999,3
867248404549249,2024-03-07T17:41:59.533Z,ak09918c magnetic field sensor,18.18,-9.719999,-8.46,3
867248424549249,2024-03-07T17:41:59.553Z,ak09918c magnetic field sensor,18.359999,-9.42,-7.3799996,3
867248444549249,2024-03-07T17:41:59.573Z,ak09918c magnetic field sensor,19.08,-10.0199995,-6.6,3
867248464549249,2024-03-07T17:41:59.593Z,ak09918c magnetic field sensor,18.42,-10.32,-6.06,3
867248484549249,2024-03-07T17:41:59.613Z,ak09918c magnetic field sensor,18.24,-11.099999,-4.8599997,3
867248504549249,2024-03-07T17:41:59.633Z,ak09918c magnetic field sensor,18.3,-11.759999,-4.14,3
867248524549249,2024-03-07T17:41:59.653Z,ak09918c magnetic field sensor,17.279999,-11.759999,-4.8599997,3
867248544549249,2024-03-07T17:41:59.673Z,ak09918c magnetic field sensor,18.66,-11.4,-4.92,3
867248564549249,2024-03-07T17:41:59.693Z,ak09918c magnetic field sensor,19.199999,-11.46,-4.8599997,3
867248584549249,2024-03-07T17:41:59.713Z,ak09918c magnetic field sensor,18.48,-11.46,-5.1,3
867248604549249,2024-03-07T17:41:59.733Z,ak09918c magnetic field sensor,18.84,-11.4,-4.98,3
867248624549249,2024-03-07T17:41:59.752Z,ak09918c magnetic field sensor,18.9,-11.759999,-4.7999997,3
867248644549249,2024-03-07T17:41:59.773Z,ak09918c magnetic field sensor,18.18,-11.759999,-5.22,3
867248664549249,2024-03-07T17:41:59.793Z,ak09918c magnetic field sensor,18.18,-11.7,-5.2799997,3
867248684549249,2024-03-07T17:41:59.813Z,ak09918c magnetic field sensor,18.42,-11.219999,-4.08,3
867248704549249,2024-03-07T17:41:59.833Z,ak09918c magnetic field sensor,18.48,-12.0,-4.2599998,3
867248724549249,2024-03-07T17:41:59.853Z,ak09918c magnetic field sensor,18.66,-12.179999,-4.5,3
867248744549249,2024-03-07T17:41:59.873Z,ak09918c magnetic field sensor,18.539999,-11.16,-3.8999999,3
867248764549249,2024-03-07T17:41:59.893Z,ak09918c magnetic field sensor,18.96,-10.92,-4.14,3
867248784549249,2024-03-07T17:41:59.912Z,ak09918c magnetic field sensor,19.02,-10.86,-4.2599998,3
867248804549482,2024-03-07T17:41:59.933Z,ak09918c magnetic field sensor,18.779999,-11.28,-4.2599998,3
867248824549282,2024-03-07T17:41:59.953Z,ak09918c magnetic field sensor,18.9,-11.94,-4.7999997,3
867248844549282,2024-03-07T17:41:59.973Z,ak09918c magnetic field sensor,18.84,-12.059999,-4.92,3
867248864549282,2024-03-07T17:41:59.993Z,ak09918c magnetic field sensor,18.18,-12.24,-4.62,3
867248884549282,2024-03-07T17:42:00.013Z,ak09918c magnetic field sensor,17.58,-12.3,-5.04,3
867248904549048,2024-03-07T17:42:00.033Z,ak09918c magnetic field sensor,17.64,-12.0,-4.8599997,3
867248924549048,2024-03-07T17:42:00.053Z,ak09918c magnetic field sensor,18.42,-11.7,-3.9599998,3
867248944549048,2024-03-07T17:42:00.073Z,ak09918c magnetic field sensor,18.66,-11.759999,-3.78,3
867248964549048,2024-03-07T17:42:00.093Z,ak09918c magnetic field sensor,18.48,-11.5199995,-3.12,3
867248984549048,2024-03-07T17:42:00.113Z,ak09918c magnetic field sensor,18.72,-11.219999,-2.82,3
867249004549048,2024-03-07T17:42:00.132Z,ak09918c magnetic field sensor,18.6,-11.639999,-3.12,3
867249024549048,2024-03-07T17:42:00.153Z,ak09918c magnetic field sensor,18.06,-12.059999,-3.72,3
867249044549048,2024-03-07T17:42:00.173Z,ak09918c magnetic field sensor,18.18,-12.179999,-3.3,3
867249064549048,2024-03-07T17:42:00.193Z,ak09918c magnetic field sensor,18.779999,-12.059999,-2.52,3
867249084549048,2024-03-07T17:42:00.213Z,ak09918c magnetic field sensor,18.42,-11.88,-2.76,3
867249104549048,2024-03-07T17:42:00.233Z,ak09918c magnetic field sensor,18.42,-11.88,-2.58,3
867249124549048,2024-03-07T17:42:00.253Z,ak09918c magnetic field sensor,18.66,-12.179999,-3.1799998,3
867249144549048,2024-03-07T17:42:00.273Z,ak09918c magnetic field sensor,18.96,-12.48,-4.3199997,3
867249164549048,2024-03-07T17:42:00.293Z,ak09918c magnetic field sensor,18.48,-12.599999,-4.3199997,3
867249184549048,2024-03-07T17:42:00.313Z,ak09918c magnetic field sensor,18.48,-12.36,-3.3,3
867249204549048,2024-03-07T17:42:00.333Z,ak09918c magnetic field sensor,19.26,-12.48,-3.3,3
867249224549048,2024-03-07T17:42:00.353Z,ak09918c magnetic field sensor,19.08,-12.78,-3.6599998,3
867249244549048,2024-03-07T17:42:00.373Z,ak09918c magnetic field sensor,18.72,-12.54,-3.24,3
867249264549048,2024-03-07T17:42:00.393Z,ak09918c magnetic field sensor,18.72,-12.78,-2.82,3
867249284549048,2024-03-07T17:42:00.413Z,ak09918c magnetic field sensor,18.24,-12.66,-2.76,3
867249304549281,2024-03-07T17:42:00.433Z,ak09918c magnetic field sensor,18.9,-12.42,-4.14,3
867249324549281,2024-03-07T17:42:00.453Z,ak09918c magnetic field sensor,19.56,-12.12,-4.92,3
867249344549281,2024-03-07T17:42:00.472Z,ak09918c magnetic field sensor,18.48,-11.4,-4.5,3
867249364549281,2024-03-07T17:42:00.493Z,ak09918c magnetic field sensor,18.779999,-11.219999,-3.72,3
867249384549281,2024-03-07T17:42:00.513Z,ak09918c magnetic field sensor,19.08,-11.099999,-3.3,3
867249404549047,2024-03-07T17:42:00.533Z,ak09918c magnetic field sensor,19.08,-11.04,-4.14,3
867249424549047,2024-03-07T17:42:00.553Z,ak09918c magnetic field sensor,19.199999,-11.4,-4.68,3
867249444549047,2024-03-07T17:42:00.573Z,ak09918c magnetic field sensor,19.02,-12.0,-4.08,3
867249464549047,2024-03-07T17:42:00.593Z,ak09918c magnetic field sensor,19.199999,-12.179999,-4.2,3
867249484549047,2024-03-07T17:42:00.613Z,ak09918c magnetic field sensor,18.96,-12.36,-3.48,3
867249504549047,2024-03-07T17:42:00.633Z,ak09918c magnetic field sensor,18.66,-12.9,-2.82,3
867249524549047,2024-03-07T17:42:00.653Z,ak09918c magnetic field sensor,18.779999,-12.36,-3.3,3
867249544549047,2024-03-07T17:42:00.673Z,ak09918c magnetic field sensor,18.72,-12.719999,-2.76,3
867249564549047,2024-03-07T17:42:00.693Z,ak09918c magnetic field sensor,18.48,-13.08,-2.6399999,3
867249584549047,2024-03-07T17:42:00.713Z,ak09918c magnetic field sensor,18.3,-12.599999,-3.36,3
867249604549047,2024-03-07T17:42:00.733Z,ak09918c magnetic field sensor,19.8,-12.059999,-3.6599998,3
867249624549047,2024-03-07T17:42:00.753Z,ak09918c magnetic field sensor,19.92,-12.12,-3.54,3
867249644549047,2024-03-07T17:42:00.773Z,ak09918c magnetic field sensor,19.439999,-12.24,-3.9599998,3
867249664549047,2024-03-07T17:42:00.793Z,ak09918c magnetic field sensor,19.619999,-11.58,-3.1799998,3
867249684549047,2024-03-07T17:42:00.813Z,ak09918c magnetic field sensor,19.08,-11.34,-2.28,3
867249704549047,2024-03-07T17:42:00.833Z,ak09918c magnetic field sensor,19.38,-11.759999,-3.06,3
867249724549047,2024-03-07T17:42:00.853Z,ak09918c magnetic field sensor,18.48,-12.36,-3.3,3
867249744549047,2024-03-07T17:42:00.873Z,ak09918c magnetic field sensor,18.24,-12.24,-3.4199998,3
867249764549047,2024-03-07T17:42:00.893Z,ak09918c magnetic field sensor,18.84,-11.639999,-3.4199998,3
867249784549047,2024-03-07T17:42:00.913Z,ak09918c magnetic field sensor,19.26,-11.88,-2.28,3
867249804549280,2024-03-07T17:42:00.933Z,ak09918c magnetic field sensor,19.439999,-12.78,-2.46,3
867249824549280,2024-03-07T17:42:00.953Z,ak09918c magnetic field sensor,19.08,-12.78,-3.36,3
867249844549280,2024-03-07T17:42:00.973Z,ak09918c magnetic field sensor,19.199999,-12.54,-3.6,3
867249864549280,2024-03-07T17:42:00.993Z,ak09918c magnetic field sensor,19.14,-12.48,-4.02,3
867249884549280,2024-03-07T17:42:01.013Z,ak09918c magnetic field sensor,19.26,-12.179999,-3.78,3
867249904549046,2024-03-07T17:42:01.032Z,ak09918c magnetic field sensor,19.439999,-12.24,-3.1799998,3
867249924549046,2024-03-07T17:42:01.053Z,ak09918c magnetic field sensor,19.38,-12.719999,-3.0,3
867249944549046,2024-03-07T17:42:01.073Z,ak09918c magnetic field sensor,18.96,-13.2,-3.12,3
867249964549046,2024-03-07T17:42:01.093Z,ak09918c magnetic field sensor,18.539999,-13.139999,-3.78,3
867249984549046,2024-03-07T17:42:01.113Z,ak09918c magnetic field sensor,18.66,-12.66,-4.5,3
867250004549046,2024-03-07T17:42:01.133Z,ak09918c magnetic field sensor,19.14,-12.24,-4.56,3
867250024549046,2024-03-07T17:42:01.153Z,ak09918c magnetic field sensor,18.66,-12.54,-4.3199997,3
867250044549046,2024-03-07T17:42:01.173Z,ak09918c magnetic field sensor,18.0,-13.44,-4.08,3
867250064549046,2024-03-07T17:42:01.193Z,ak09918c magnetic field sensor,18.06,-13.44,-4.02,3
867250084549046,2024-03-07T17:42:01.213Z,ak09918c magnetic field sensor,17.94,-12.84,-3.8999999,3
867250104549046,2024-03-07T17:42:01.233Z,ak09918c magnetic field sensor,18.0,-12.66,-2.8799999,3
867250124549046,2024-03-07T17:42:01.253Z,ak09918c magnetic field sensor,17.82,-12.96,-2.82,3
867250144549046,2024-03-07T17:42:01.273Z,ak09918c magnetic field sensor,18.119999,-13.259999,-2.82,3
867250164549046,2024-03-07T17:42:01.293Z,ak09918c magnetic field sensor,18.3,-13.0199995,-2.9399998,3
867250184549046,2024-03-07T17:42:01.313Z,ak09918c magnetic field sensor,17.88,-13.139999,-3.6599998,3
867250204549046,2024-03-07T17:42:01.333Z,ak09918c magnetic field sensor,17.64,-13.74,-4.14,3
867250224549046,2024-03-07T17:42:01.353Z,ak09918c magnetic field sensor,18.0,-13.08,-4.08,3
867250244549046,2024-03-07T17:42:01.373Z,ak09918c magnetic field sensor,18.0,-13.32,-3.6,3
867250264549046,2024-03-07T17:42:01.393Z,ak09918c magnetic field sensor,17.58,-14.4,-3.6,3
867250284549046,2024-03-07T17:42:01.413Z,ak09918c magnetic field sensor,17.039999,-14.219999,-3.3,3
867250304549279,2024-03-07T17:42:01.433Z,ak09918c magnetic field sensor,16.8,-13.74,-3.6,3
867250324549279,2024-03-07T17:42:01.453Z,ak09918c magnetic field sensor,17.039999,-12.42,-4.2,3
867250344549279,2024-03-07T17:42:01.473Z,ak09918c magnetic field sensor,17.039999,-12.599999,-5.04,3
867250364549279,2024-03-07T17:42:01.493Z,ak09918c magnetic field sensor,17.76,-13.92,-5.4,3
867250384549279,2024-03-07T17:42:01.513Z,ak09918c magnetic field sensor,18.539999,-13.139999,-5.16,3
867250404549045,2024-03-07T17:42:01.533Z,ak09918c magnetic field sensor,18.66,-12.54,-5.3399997,3
867250424549045,2024-03-07T17:42:01.553Z,ak09918c magnetic field sensor,18.48,-12.84,-5.22,3
867250444549045,2024-03-07T17:42:01.573Z,ak09918c magnetic field sensor,18.0,-12.48,-5.8199997,3
867250464549045,2024-03-07T17:42:01.593Z,ak09918c magnetic field sensor,18.48,-12.42,-5.7599998,3
867250484549045,2024-03-07T17:42:01.613Z,ak09918c magnetic field sensor,19.08,-12.179999,-5.58,3
867250504549045,2024-03-07T17:42:01.633Z,ak09918c magnetic field sensor,18.84,-11.219999,-5.7599998,3
867250524549045,2024-03-07T17:42:01.653Z,ak09918c magnetic field sensor,19.14,-11.5199995,-5.4,3
867250544549045,2024-03-07T17:42:01.673Z,ak09918c magnetic field sensor,19.14,-11.94,-5.1,3
867250564549045,2024-03-07T17:42:01.693Z,ak09918c magnetic field sensor,19.02,-11.7,-4.62,3
867250584549045,2024-03-07T17:42:01.713Z,ak09918c magnetic field sensor,18.66,-11.58,-4.8599997,3
867250604549045,2024-03-07T17:42:01.733Z,ak09918c magnetic field sensor,18.18,-12.3,-4.74,3
867250624549045,2024-03-07T17:42:01.753Z,ak09918c magnetic field sensor,18.6,-12.42,-4.38,3
867250644549045,2024-03-07T17:42:01.773Z,ak09918c magnetic field sensor,19.14,-11.5199995,-4.8599997,3
867250664549045,2024-03-07T17:42:01.793Z,ak09918c magnetic field sensor,19.26,-11.82,-4.92,3
867250684549045,2024-03-07T17:42:01.813Z,ak09918c magnetic field sensor,18.96,-12.24,-4.5,3
867250704549045,2024-03-07T17:42:01.833Z,ak09918c magnetic field sensor,18.72,-11.759999,-3.78,3
867250724549045,2024-03-07T17:42:01.853Z,ak09918c magnetic field sensor,19.26,-11.7,-4.2599998,3
867250744549045,2024-03-07T17:42:01.873Z,ak09918c magnetic field sensor,19.32,-11.94,-4.92,3
867250764549045,2024-03-07T17:42:01.892Z,ak09918c magnetic field sensor,19.32,-12.0,-5.04,3
867250784549045,2024-03-07T17:42:01.913Z,ak09918c magnetic field sensor,19.619999,-11.58,-5.2799997,3
867250804549278,2024-03-07T17:42:01.933Z,ak09918c magnetic field sensor,19.56,-11.34,-4.74,3
867250824549278,2024-03-07T17:42:01.952Z,ak09918c magnetic field sensor,19.439999,-12.36,-3.84,3
867250844549278,2024-03-07T17:42:01.973Z,ak09918c magnetic field sensor,19.199999,-13.139999,-4.02,3
867250864549278,2024-03-07T17:42:01.993Z,ak09918c magnetic field sensor,19.14,-13.0199995,-4.5,3
867250884549278,2024-03-07T17:42:02.013Z,ak09918c magnetic field sensor,19.439999,-12.54,-4.62,3
867250904549044,2024-03-07T17:42:02.033Z,ak09918c magnetic field sensor,19.74,-11.88,-4.44,3
867250924549044,2024-03-07T17:42:02.053Z,ak09918c magnetic field sensor,19.32,-11.16,-3.9599998,3
867250944549044,2024-03-07T17:42:02.073Z,ak09918c magnetic field sensor,19.02,-11.4,-4.56,3
867250964549044,2024-03-07T17:42:02.093Z,ak09918c magnetic field sensor,18.96,-12.3,-4.5,3
867250984549044,2024-03-07T17:42:02.113Z,ak09918c magnetic field sensor,18.96,-12.48,-4.8599997,3
867251004549044,2024-03-07T17:42:02.133Z,ak09918c magnetic field sensor,19.199999,-12.9,-5.04,3
867251024549044,2024-03-07T17:42:02.153Z,ak09918c magnetic field sensor,19.14,-12.719999,-4.2,3
867251044549044,2024-03-07T17:42:02.173Z,ak09918c magnetic field sensor,19.26,-12.24,-4.56,3
867251064549044,2024-03-07T17:42:02.193Z,ak09918c magnetic field sensor,19.14,-12.48,-4.3199997,3
867251084549044,2024-03-07T17:42:02.213Z,ak09918c magnetic field sensor,18.96,-12.12,-4.3199997,3
867251104549044,2024-03-07T17:42:02.233Z,ak09918c magnetic field sensor,19.199999,-11.7,-4.62,3
867251124549044,2024-03-07T17:42:02.253Z,ak09918c magnetic field sensor,19.14,-11.58,-4.02,3
867251144549044,2024-03-07T17:42:02.273Z,ak09918c magnetic field sensor,19.56,-11.759999,-3.8999999,3
867251164549044,2024-03-07T17:42:02.293Z,ak09918c magnetic field sensor,19.68,-11.94,-3.6599998,3
867251184549044,2024-03-07T17:42:02.313Z,ak09918c magnetic field sensor,19.08,-11.88,-4.14,3
867251204549044,2024-03-07T17:42:02.333Z,ak09918c magnetic field sensor,18.779999,-12.42,-4.92,3
867251224549044,2024-03-07T17:42:02.353Z,ak09918c magnetic field sensor,19.439999,-12.96,-4.92,3
867251244549044,2024-03-07T17:42:02.373Z,ak09918c magnetic field sensor,19.02,-13.139999,-5.4,3
867251264549044,2024-03-07T17:42:02.393Z,ak09918c magnetic field sensor,17.4,-12.599999,-5.2799997,3
867251284549044,2024-03-07T17:42:02.413Z,ak09918c magnetic field sensor,17.22,-12.54,-4.98,3
867251304549277,2024-03-07T17:42:02.433Z,ak09918c magnetic field sensor,18.119999,-12.66,-4.98,3
867251324549277,2024-03-07T17:42:02.453Z,ak09918c magnetic field sensor,18.18,-12.48,-4.98,3
867251344549277,2024-03-07T17:42:02.473Z,ak09918c magnetic field sensor,17.94,-12.48,-5.46,3
867251364549277,2024-03-07T17:42:02.492Z,ak09918c magnetic field sensor,17.82,-12.599999,-5.04,3
867251384549277,2024-03-07T17:42:02.513Z,ak09918c magnetic field sensor,17.64,-12.66,-5.22,3
867251404549043,2024-03-07T17:42:02.533Z,ak09918c magnetic field sensor,18.6,-11.82,-6.48,3
867251424549043,2024-03-07T17:42:02.553Z,ak09918c magnetic field sensor,18.24,-12.48,-6.72,3
867251444549043,2024-03-07T17:42:02.573Z,ak09918c magnetic field sensor,18.0,-13.0199995,-6.0,3
867251464549043,2024-03-07T17:42:02.593Z,ak09918c magnetic field sensor,18.539999,-12.12,-5.46,3
867251484549043,2024-03-07T17:42:02.613Z,ak09918c magnetic field sensor,18.18,-12.3,-5.46,3
867251504549043,2024-03-07T17:42:02.633Z,ak09918c magnetic field sensor,17.46,-12.3,-5.4,3
867251524549043,2024-03-07T17:42:02.652Z,ak09918c magnetic field sensor,18.66,-11.759999,-5.46,3
867251544549043,2024-03-07T17:42:02.673Z,ak09918c magnetic field sensor,19.68,-11.94,-6.48,3
867251564549043,2024-03-07T17:42:02.693Z,ak09918c magnetic field sensor,18.6,-11.639999,-6.72,3
867251584549043,2024-03-07T17:42:02.713Z,ak09918c magnetic field sensor,18.119999,-11.639999,-5.22,3
867251604549043,2024-03-07T17:42:02.733Z,ak09918c magnetic field sensor,18.119999,-11.88,-4.74,3
867251624549043,2024-03-07T17:42:02.753Z,ak09918c magnetic field sensor,18.48,-12.12,-4.8599997,3
867251644549043,2024-03-07T17:42:02.773Z,ak09918c magnetic field sensor,19.02,-12.9,-4.8599997,3
867251664549143,2024-03-07T17:42:02.793Z,ak09918c magnetic field sensor,19.8,-13.559999,-5.58,3
867251684549143,2024-03-07T17:42:02.813Z,ak09918c magnetic field sensor,19.199999,-13.44,-5.04,3
867251704549143,2024-03-07T17:42:02.833Z,ak09918c magnetic field sensor,18.6,-13.2,-4.62,3
867251724549143,2024-03-07T17:42:02.853Z,ak09918c magnetic field sensor,19.32,-12.84,-4.44,3
867251744549143,2024-03-07T17:42:02.873Z,ak09918c magnetic field sensor,19.439999,-12.96,-4.56,3
867251764549143,2024-03-07T17:42:02.893Z,ak09918c magnetic field sensor,19.26,-12.48,-5.58,3
867251784549143,2024-03-07T17:42:02.913Z,ak09918c magnetic field sensor,19.5,-11.82,-4.68,3
867251804549376,2024-03-07T17:42:02.933Z,ak09918c magnetic field sensor,20.039999,-12.0,-4.3199997,3
867251824549376,2024-03-07T17:42:02.953Z,ak09918c magnetic field sensor,20.039999,-11.94,-5.22,3
867251844549376,2024-03-07T17:42:02.973Z,ak09918c magnetic field sensor,19.74,-12.059999,-5.64,3
867251864549376,2024-03-07T17:42:02.993Z,ak09918c magnetic field sensor,20.16,-11.94,-5.64,3
867251884549376,2024-03-07T17:42:03.013Z,ak09918c magnetic field sensor,19.68,-11.4,-5.64,3
867251904549142,2024-03-07T17:42:03.033Z,ak09918c magnetic field sensor,19.38,-11.58,-5.7,3
867251924549142,2024-03-07T17:42:03.053Z,ak09918c magnetic field sensor,19.5,-12.0,-4.8599997,3
867251944549142,2024-03-07T17:42:03.073Z,ak09918c magnetic field sensor,18.9,-12.12,-4.98,3
867251964549142,2024-03-07T17:42:03.093Z,ak09918c magnetic field sensor,19.08,-11.88,-5.8199997,3
867251984549142,2024-03-07T17:42:03.113Z,ak09918c magnetic field sensor,18.119999,-11.88,-5.7599998,3
867252004549142,2024-03-07T17:42:03.133Z,ak09918c magnetic field sensor,18.06,-11.58,-5.46,3
867252024549142,2024-03-07T17:42:03.153Z,ak09918c magnetic field sensor,19.08,-11.28,-5.46,3
867252044549142,2024-03-07T17:42:03.173Z,ak09918c magnetic field sensor,19.26,-12.24,-6.12,3
867252064549142,2024-03-07T17:42:03.193Z,ak09918c magnetic field sensor,19.26,-12.179999,-6.8999996,3
867252084549142,2024-03-07T17:42:03.213Z,ak09918c magnetic field sensor,18.48,-11.759999,-6.96,3
867252104549142,2024-03-07T17:42:03.233Z,ak09918c magnetic field sensor,18.66,-11.639999,-6.2999997,3
867252124549142,2024-03-07T17:42:03.253Z,ak09918c magnetic field sensor,18.779999,-11.639999,-5.8799996,3
867252144549142,2024-03-07T17:42:03.273Z,ak09918c magnetic field sensor,18.779999,-10.92,-6.24,3
867252164549142,2024-03-07T17:42:03.292Z,ak09918c magnetic field sensor,18.72,-10.86,-5.52,3
867252184549142,2024-03-07T17:42:03.313Z,ak09918c magnetic field sensor,18.24,-11.88,-4.56,3
867252204549142,2024-03-07T17:42:03.332Z,ak09918c magnetic field sensor,18.24,-11.88,-5.46,3
867252224549142,2024-03-07T17:42:03.353Z,ak09918c magnetic field sensor,18.9,-11.4,-5.8199997,3
867252244549142,2024-03-07T17:42:03.373Z,ak09918c magnetic field sensor,19.56,-10.92,-5.46,3
867252264549042,2024-03-07T17:42:03.393Z,ak09918c magnetic field sensor,19.5,-11.4,-5.8799996,3
867252284549042,2024-03-07T17:42:03.413Z,ak09918c magnetic field sensor,19.56,-12.599999,-6.48,3
867252304549275,2024-03-07T17:42:03.433Z,ak09918c magnetic field sensor,19.8,-12.48,-5.94,3
867252324549275,2024-03-07T17:42:03.453Z,ak09918c magnetic field sensor,18.9,-11.82,-5.8799996,3
867252344549275,2024-03-07T17:42:03.473Z,ak09918c magnetic field sensor,18.06,-12.9,-6.3599997,3
867252364549275,2024-03-07T17:42:03.493Z,ak09918c magnetic field sensor,18.66,-13.0199995,-6.0,3
867252384549275,2024-03-07T17:42:03.513Z,ak09918c magnetic field sensor,19.5,-13.32,-5.64,3
867252404549041,2024-03-07T17:42:03.533Z,ak09918c magnetic field sensor,18.9,-13.38,-5.2799997,3
867252424549041,2024-03-07T17:42:03.553Z,ak09918c magnetic field sensor,18.72,-12.059999,-5.16,3
867252444549041,2024-03-07T17:42:03.573Z,ak09918c magnetic field sensor,19.26,-11.639999,-5.22,3
867252464549041,2024-03-07T17:42:03.593Z,ak09918c magnetic field sensor,18.96,-12.059999,-5.46,3
867252484549041,2024-03-07T17:42:03.613Z,ak09918c magnetic field sensor,18.359999,-11.759999,-5.7,3
867252504549041,2024-03-07T17:42:03.632Z,ak09918c magnetic field sensor,18.0,-10.86,-5.94,3
867252524549041,2024-03-07T17:42:03.652Z,ak09918c magnetic field sensor,18.6,-10.8,-5.64,3
867252544549041,2024-03-07T17:42:03.673Z,ak09918c magnetic field sensor,18.9,-10.98,-5.4,3
867252564549041,2024-03-07T17:42:03.693Z,ak09918c magnetic field sensor,19.14,-11.34,-6.24,3
867252584549041,2024-03-07T17:42:03.713Z,ak09918c magnetic field sensor,18.84,-11.219999,-6.12,3
867252604549041,2024-03-07T17:42:03.733Z,ak09918c magnetic field sensor,18.48,-10.8,-5.52,3
867252624549041,2024-03-07T17:42:03.753Z,ak09918c magnetic field sensor,18.539999,-11.219999,-5.4,3
867252644549041,2024-03-07T17:42:03.773Z,ak09918c magnetic field sensor,18.9,-11.099999,-5.4,3
867252664549241,2024-03-07T17:42:03.793Z,ak09918c magnetic field sensor,19.32,-10.92,-5.2799997,3
867252684549241,2024-03-07T17:42:03.813Z,ak09918c magnetic field sensor,19.619999,-10.98,-4.7999997,3
867252704549241,2024-03-07T17:42:03.833Z,ak09918c magnetic field sensor,20.16,-11.16,-4.56,3
867252724549241,2024-03-07T17:42:03.853Z,ak09918c magnetic field sensor,19.859999,-11.639999,-4.92,3
867252744549241,2024-03-07T17:42:03.873Z,ak09918c magnetic field sensor,19.68,-11.759999,-5.52,3
867252764549241,2024-03-07T17:42:03.893Z,ak09918c magnetic field sensor,19.8,-10.86,-5.8199997,3
867252784549241,2024-03-07T17:42:03.913Z,ak09918c magnetic field sensor,18.84,-10.559999,-5.64,3
867252804549474,2024-03-07T17:42:03.932Z,ak09918c magnetic field sensor,18.96,-10.62,-5.52,3
867252824549474,2024-03-07T17:42:03.953Z,ak09918c magnetic field sensor,19.98,-9.719999,-5.7,3
867252844549474,2024-03-07T17:42:03.973Z,ak09918c magnetic field sensor,19.68,-9.66,-5.52,3
867252864549474,2024-03-07T17:42:03.993Z,ak09918c magnetic field sensor,19.199999,-10.32,-5.46,3
867252884549474,2024-03-07T17:42:04.013Z,ak09918c magnetic field sensor,18.9,-9.719999,-4.92,3
867252904549474,2024-03-07T17:42:04.032Z,ak09918c magnetic field sensor,19.14,-9.42,-4.98,3
867252924549474,2024-03-07T17:42:04.053Z,ak09918c magnetic field sensor,19.68,-9.24,-5.58,3
867252944549474,2024-03-07T17:42:04.072Z,ak09918c magnetic field sensor,19.02,-8.82,-5.52,3
867252964549474,2024-03-07T17:42:04.093Z,ak09918c magnetic field sensor,18.66,-9.3,-5.16,3
867252984549474,2024-03-07T17:42:04.112Z,ak09918c magnetic field sensor,18.84,-9.42,-4.62,3
867253004549474,2024-03-07T17:42:04.132Z,ak09918c magnetic field sensor,18.359999,-9.78,-4.92,3
867253024549474,2024-03-07T17:42:04.153Z,ak09918c magnetic field sensor,18.18,-9.719999,-5.22,3
867253044549474,2024-03-07T17:42:04.173Z,ak09918c magnetic field sensor,18.6,-10.08,-5.1,3
867253064549474,2024-03-07T17:42:04.193Z,ak09918c magnetic field sensor,18.66,-10.62,-5.2799997,3
867253084549474,2024-03-07T17:42:04.212Z,ak09918c magnetic field sensor,18.119999,-9.719999,-5.16,3
867253104549474,2024-03-07T17:42:04.233Z,ak09918c magnetic field sensor,18.18,-9.9,-4.92,3
867253124549474,2024-03-07T17:42:04.253Z,ak09918c magnetic field sensor,18.06,-10.679999,-4.44,3
867253144549474,2024-03-07T17:42:04.275Z,ak09918c magnetic field sensor,18.18,-10.44,-4.8599997,3
867253164549474,2024-03-07T17:42:04.293Z,ak09918c magnetic field sensor,18.6,-10.5,-5.52,3
867253184549474,2024-03-07T17:42:04.313Z,ak09918c magnetic field sensor,18.119999,-10.62,-5.46,3
867253204549474,2024-03-07T17:42:04.333Z,ak09918c magnetic field sensor,17.94,-10.44,-5.04,3
867253224549474,2024-03-07T17:42:04.353Z,ak09918c magnetic field sensor,18.18,-10.86,-4.74,3
867253244549474,2024-03-07T17:42:04.373Z,ak09918c magnetic field sensor,18.48,-10.92,-4.38,3
867253264549274,2024-03-07T17:42:04.393Z,ak09918c magnetic field sensor,18.66,-10.98,-4.62,3
867253284549274,2024-03-07T17:42:04.413Z,ak09918c magnetic field sensor,18.539999,-11.04,-4.2599998,3
867253304549507,2024-03-07T17:42:04.433Z,ak09918c magnetic field sensor,18.9,-10.8,-4.2599998,3
867253324549507,2024-03-07T17:42:04.453Z,ak09918c magnetic field sensor,18.42,-10.679999,-5.22,3
867253344549507,2024-03-07T17:42:04.473Z,ak09918c magnetic field sensor,17.76,-10.86,-5.3399997,3
867253364549507,2024-03-07T17:42:04.493Z,ak09918c magnetic field sensor,18.359999,-11.94,-5.7599998,3
867253384548607,2024-03-07T17:42:04.513Z,ak09918c magnetic field sensor,17.94,-12.12,-6.0,3
867253404548173,2024-03-07T17:42:04.533Z,ak09918c magnetic field sensor,16.8,-12.0,-5.46,3
867253424547673,2024-03-07T17:42:04.553Z,ak09918c magnetic field sensor,16.74,-11.94,-5.3399997,3
867253444547206,2024-03-07T17:42:04.573Z,ak09918c magnetic field sensor,17.64,-11.88,-5.8199997,3
867253464547206,2024-03-07T17:42:04.593Z,ak09918c magnetic field sensor,17.34,-12.059999,-5.64,3
867253484547239,2024-03-07T17:42:04.613Z,ak09918c magnetic field sensor,16.68,-11.7,-4.7999997,3
867253504547005,2024-03-07T17:42:04.633Z,ak09918c magnetic field sensor,17.16,-12.12,-5.1,3
867253524547038,2024-03-07T17:42:04.653Z,ak09918c magnetic field sensor,16.98,-11.88,-6.3599997,3
867253544547038,2024-03-07T17:42:04.672Z,ak09918c magnetic field sensor,16.98,-11.219999,-6.66,3
867253564547038,2024-03-07T17:42:04.693Z,ak09918c magnetic field sensor,18.24,-10.8,-6.24,3
867253584547038,2024-03-07T17:42:04.712Z,ak09918c magnetic field sensor,18.18,-10.26,-6.54,3
867253604547038,2024-03-07T17:42:04.732Z,ak09918c magnetic field sensor,18.06,-11.28,-7.02,3
867253624547038,2024-03-07T17:42:04.753Z,ak09918c magnetic field sensor,19.5,-12.3,-7.3799996,3
867253644547071,2024-03-07T17:42:04.773Z,ak09918c magnetic field sensor,19.14,-12.12,-7.44,3
867253664547071,2024-03-07T17:42:04.793Z,ak09918c magnetic field sensor,18.24,-11.4,-7.08,3
867253684547104,2024-03-07T17:42:04.813Z,ak09918c magnetic field sensor,18.9,-10.8,-7.2,3
867253704547104,2024-03-07T17:42:04.833Z,ak09918c magnetic field sensor,19.38,-10.86,-7.74,3
867253724547104,2024-03-07T17:42:04.853Z,ak09918c magnetic field sensor,19.5,-11.28,-6.3599997,3
867253744546870,2024-03-07T17:42:04.873Z,ak09918c magnetic field sensor,18.66,-12.059999,-5.64,3
867253764546870,2024-03-07T17:42:04.893Z,ak09918c magnetic field sensor,18.539999,-12.54,-5.8199997,3
867253784546436,2024-03-07T17:42:04.912Z,ak09918c magnetic field sensor,19.38,-12.599999,-4.8599997,3
867253804545736,2024-03-07T17:42:04.933Z,ak09918c magnetic field sensor,19.68,-13.2,-5.16,3
867253824545769,2024-03-07T17:42:04.953Z,ak09918c magnetic field sensor,19.68,-12.059999,-5.8199997,3
867253844545802,2024-03-07T17:42:04.973Z,ak09918c magnetic field sensor,19.68,-11.46,-5.94,3
867253864545802,2024-03-07T17:42:04.993Z,ak09918c magnetic field sensor,19.619999,-12.12,-5.7,3
867253884545802,2024-03-07T17:42:05.013Z,ak09918c magnetic field sensor,19.859999,-11.5199995,-6.0,3
867253904545602,2024-03-07T17:42:05.033Z,ak09918c magnetic field sensor,20.82,-11.58,-6.06,3
867253924544902,2024-03-07T17:42:05.053Z,ak09918c magnetic field sensor,20.699999,-11.34,-5.8799996,3
867253944544202,2024-03-07T17:42:05.073Z,ak09918c magnetic field sensor,20.4,-11.219999,-5.8799996,3
867253964544202,2024-03-07T17:42:05.093Z,ak09918c magnetic field sensor,20.52,-10.92,-5.1,3
867253984545102,2024-03-07T17:42:05.113Z,ak09918c magnetic field sensor,19.8,-10.559999,-5.1,3
867254004545335,2024-03-07T17:42:05.133Z,ak09918c magnetic field sensor,19.92,-10.92,-5.2799997,3
867254024545835,2024-03-07T17:42:05.153Z,ak09918c magnetic field sensor,20.58,-10.62,-5.16,3
867254044546301,2024-03-07T17:42:05.173Z,ak09918c magnetic field sensor,20.4,-10.74,-5.3399997,3
867254064545634,2024-03-07T17:42:05.193Z,ak09918c magnetic field sensor,19.619999,-10.92,-5.58,3
867254084545600,2024-03-07T17:42:05.213Z,ak09918c magnetic field sensor,19.859999,-10.74,-5.7,3
867254104545633,2024-03-07T17:42:05.233Z,ak09918c magnetic field sensor,19.98,-10.8,-5.46,3
867254124545166,2024-03-07T17:42:05.253Z,ak09918c magnetic field sensor,19.8,-11.16,-5.7,3
867254144544466,2024-03-07T17:42:05.273Z,ak09918c magnetic field sensor,20.34,-11.82,-6.06,3
867254164544099,2024-03-07T17:42:05.293Z,ak09918c magnetic field sensor,20.1,-11.34,-6.0,3
867254184543399,2024-03-07T17:42:05.313Z,ak09918c magnetic field sensor,19.68,-10.679999,-5.16,3
867254204543399,2024-03-07T17:42:05.333Z,ak09918c magnetic field sensor,19.32,-11.099999,-4.7999997,3
867254224543432,2024-03-07T17:42:05.352Z,ak09918c magnetic field sensor,19.56,-11.219999,-4.68,3
867254244543398,2024-03-07T17:42:05.373Z,ak09918c magnetic field sensor,20.46,-11.46,-4.3199997,3
867254264543431,2024-03-07T17:42:05.393Z,ak09918c magnetic field sensor,20.76,-11.28,-4.8599997,3
867254284543397,2024-03-07T17:42:05.413Z,ak09918c magnetic field sensor,19.859999,-11.28,-4.74,3
867254304543430,2024-03-07T17:42:05.433Z,ak09918c magnetic field sensor,19.859999,-11.099999,-4.7999997,3
867254324543430,2024-03-07T17:42:05.453Z,ak09918c magnetic field sensor,20.88,-10.62,-5.8199997,3
867254344543663,2024-03-07T17:42:05.473Z,ak09918c magnetic field sensor,20.88,-10.92,-6.24,3
867254364543663,2024-03-07T17:42:05.493Z,ak09918c magnetic field sensor,21.18,-10.8,-5.7,3
867254384544096,2024-03-07T17:42:05.513Z,ak09918c magnetic field sensor,20.76,-10.62,-5.46,3
867254404544096,2024-03-07T17:42:05.532Z,ak09918c magnetic field sensor,20.22,-10.74,-5.7599998,3
867254424544096,2024-03-07T17:42:05.553Z,ak09918c magnetic field sensor,20.1,-11.16,-6.18,3
867254444543362,2024-03-07T17:42:05.573Z,ak09918c magnetic field sensor,19.92,-10.92,-6.8999996,3
867254464543395,2024-03-07T17:42:05.592Z,ak09918c magnetic field sensor,20.16,-10.559999,-6.66,3
867254484576728,2024-03-07T17:42:05.613Z,ak09918c magnetic field sensor,20.34,-10.86,-5.8799996,3
867254504610028,2024-03-07T17:42:05.633Z,ak09918c magnetic field sensor,20.279999,-10.86,-6.12,3
867254524644094,2024-03-07T17:42:05.653Z,ak09918c magnetic field sensor,19.98,-10.08,-6.24,3
867254544678127,2024-03-07T17:42:05.672Z,ak09918c magnetic field sensor,20.1,-9.66,-6.06,3
867254564711460,2024-03-07T17:42:05.692Z,ak09918c magnetic field sensor,20.34,-10.08,-6.2999997,3
867254584744793,2024-03-07T17:42:05.713Z,ak09918c magnetic field sensor,19.98,-10.139999,-6.7799997,3
867254604778093,2024-03-07T17:42:05.733Z,ak09918c magnetic field sensor,19.74,-9.66,-6.8399997,3
867254624811459,2024-03-07T17:42:05.753Z,ak09918c magnetic field sensor,19.98,-8.76,-6.8399997,3
867254644844792,2024-03-07T17:42:05.773Z,ak09918c magnetic field sensor,19.92,-9.24,-6.54,3
867254664878792,2024-03-07T17:42:05.793Z,ak09918c magnetic field sensor,19.5,-10.139999,-6.18,3
867254684912158,2024-03-07T17:42:05.813Z,ak09918c magnetic field sensor,20.039999,-9.9,-5.64,3
867254704944791,2024-03-07T17:42:05.833Z,ak09918c magnetic field sensor,19.619999,-9.719999,-5.46,3
867254724978557,2024-03-07T17:42:05.853Z,ak09918c magnetic field sensor,19.8,-9.78,-6.48,3
867254745012590,2024-03-07T17:42:05.874Z,ak09918c magnetic field sensor,20.46,-10.139999,-6.42,3
867254765046290,2024-03-07T17:42:05.894Z,ak09918c magnetic field sensor,20.64,-10.679999,-5.94,3
867254785080356,2024-03-07T17:42:05.914Z,ak09918c magnetic field sensor,22.02,-10.139999,-6.06,3
867254805113689,2024-03-07T17:42:05.934Z,ak09918c magnetic field sensor,21.359999,-9.54,-6.18,3
867254825146289,2024-03-07T17:42:05.954Z,ak09918c magnetic field sensor,20.46,-9.719999,-5.3399997,3
867254845179655,2024-03-07T17:42:05.974Z,ak09918c magnetic field sensor,21.3,-10.139999,-5.04,3
867254865212955,2024-03-07T17:42:05.994Z,ak09918c magnetic field sensor,21.3,-10.74,-4.68,3
867254885246321,2024-03-07T17:42:06.013Z,ak09918c magnetic field sensor,20.52,-10.5,-4.74,3
867254905279621,2024-03-07T17:42:06.034Z,ak09918c magnetic field sensor,20.82,-10.0199995,-5.46,3
867254925312954,2024-03-07T17:42:06.054Z,ak09918c magnetic field sensor,21.119999,-10.08,-5.22,3
867254945346287,2024-03-07T17:42:06.074Z,ak09918c magnetic field sensor,20.88,-9.179999,-5.64,3
867254965380020,2024-03-07T17:42:06.094Z,ak09918c magnetic field sensor,21.119999,-8.94,-5.58,3
867254985413353,2024-03-07T17:42:06.113Z,ak09918c magnetic field sensor,20.699999,-9.36,-4.74,3
867255005447419,2024-03-07T17:42:06.134Z,ak09918c magnetic field sensor,20.82,-9.54,-5.2799997,3
867255025480719,2024-03-07T17:42:06.154Z,ak09918c magnetic field sensor,21.42,-9.36,-5.8799996,3
867255045515619,2024-03-07T17:42:06.174Z,ak09918c magnetic field sensor,21.6,-8.88,-5.58,3
867255065548919,2024-03-07T17:42:06.194Z,ak09918c magnetic field sensor,21.359999,-9.48,-5.3399997,3
867255085548952,2024-03-07T17:42:06.214Z,ak09918c magnetic field sensor,20.76,-9.78,-5.16,3
867255105548952,2024-03-07T17:42:06.234Z,ak09918c magnetic field sensor,20.1,-9.059999,-5.3399997,3
867255125548918,2024-03-07T17:42:06.254Z,ak09918c magnetic field sensor,20.52,-8.7,-5.4,3
867255145548918,2024-03-07T17:42:06.274Z,ak09918c magnetic field sensor,21.6,-9.179999,-5.04,3
867255165548918,2024-03-07T17:42:06.293Z,ak09918c magnetic field sensor,21.18,-8.639999,-4.92,3
867255185548918,2024-03-07T17:42:06.314Z,ak09918c magnetic field sensor,20.52,-8.16,-5.04,3
867255205548951,2024-03-07T17:42:06.334Z,ak09918c magnetic field sensor,20.4,-8.5199995,-4.98,3
867255225548917,2024-03-07T17:42:06.354Z,ak09918c magnetic field sensor,20.1,-9.36,-4.68,3
867255245549050,2024-03-07T17:42:06.374Z,ak09918c magnetic field sensor,20.939999,-9.96,-5.3399997,3
867255265549050,2024-03-07T17:42:06.394Z,ak09918c magnetic field sensor,20.939999,-9.54,-4.7999997,3
867255285549016,2024-03-07T17:42:06.413Z,ak09918c magnetic field sensor,21.119999,-9.42,-3.4199998,3
867255305549716,2024-03-07T17:42:06.434Z,ak09918c magnetic field sensor,21.9,-9.12,-4.2599998,3
867255325583049,2024-03-07T17:42:06.454Z,ak09918c magnetic field sensor,21.359999,-8.28,-4.8599997,3
867255345616382,2024-03-07T17:42:06.474Z,ak09918c magnetic field sensor,21.3,-8.46,-4.7999997,3
867255365649715,2024-03-07T17:42:06.493Z,ak09918c magnetic field sensor,21.359999,-9.48,-4.56,3
867255385683015,2024-03-07T17:42:06.514Z,ak09918c magnetic field sensor,21.06,-9.96,-4.02,3
867255405716381,2024-03-07T17:42:06.534Z,ak09918c magnetic field sensor,21.3,-9.78,-4.68,3
867255425750414,2024-03-07T17:42:06.554Z,ak09918c magnetic field sensor,20.039999,-9.42,-4.38,3
867255445783714,2024-03-07T17:42:06.574Z,ak09918c magnetic field sensor,19.619999,-10.26,-5.22,3
867255465817080,2024-03-07T17:42:06.594Z,ak09918c magnetic field sensor,20.699999,-10.92,-6.2999997,3
867255485850380,2024-03-07T17:42:06.614Z,ak09918c magnetic field sensor,20.22,-10.26,-5.8199997,3
867255505883713,2024-03-07T17:42:06.634Z,ak09918c magnetic field sensor,20.46,-10.139999,-6.06,3
867255525917046,2024-03-07T17:42:06.654Z,ak09918c magnetic field sensor,21.119999,-10.5,-6.06,3
867255545950379,2024-03-07T17:42:06.674Z,ak09918c magnetic field sensor,20.34,-10.62,-5.7599998,3
867255565983345,2024-03-07T17:42:06.694Z,ak09918c magnetic field sensor,19.68,-10.38,-4.7999997,3
867255586016678,2024-03-07T17:42:06.715Z,ak09918c magnetic field sensor,20.16,-10.0199995,-5.3399997,3
867255606049978,2024-03-07T17:42:06.735Z,ak09918c magnetic field sensor,21.119999,-9.719999,-5.8199997,3
867255626083344,2024-03-07T17:42:06.755Z,ak09918c magnetic field sensor,21.42,-9.179999,-5.64,3
867255646115810,2024-03-07T17:42:06.775Z,ak09918c magnetic field sensor,20.699999,-8.94,-6.12,3
867255666149176,2024-03-07T17:42:06.795Z,ak09918c magnetic field sensor,19.98,-8.58,-6.48,3
867255686182476,2024-03-07T17:42:06.814Z,ak09918c magnetic field sensor,19.92,-8.34,-7.02,3
867255706215809,2024-03-07T17:42:06.835Z,ak09918c magnetic field sensor,20.76,-8.639999,-6.48,3
867255726249142,2024-03-07T17:42:06.855Z,ak09918c magnetic field sensor,20.88,-8.639999,-6.18,3
867255746282475,2024-03-07T17:42:06.875Z,ak09918c magnetic field sensor,20.039999,-9.179999,-6.24,3
867255766315808,2024-03-07T17:42:06.895Z,ak09918c magnetic field sensor,20.52,-8.82,-6.2999997,3
867255786349174,2024-03-07T17:42:06.915Z,ak09918c magnetic field sensor,21.06,-8.639999,-6.06,3
867255806382474,2024-03-07T17:42:06.935Z,ak09918c magnetic field sensor,20.939999,-9.599999,-5.3399997,3
867255826415840,2024-03-07T17:42:06.955Z,ak09918c magnetic field sensor,20.939999,-9.42,-5.16,3
867255846449040,2024-03-07T17:42:06.975Z,ak09918c magnetic field sensor,20.939999,-9.42,-5.46,3
867255866482406,2024-03-07T17:42:06.995Z,ak09918c magnetic field sensor,21.119999,-9.84,-5.16,3
867255886515739,2024-03-07T17:42:07.015Z,ak09918c magnetic field sensor,21.42,-9.059999,-5.04,3
867255906549039,2024-03-07T17:42:07.035Z,ak09918c magnetic field sensor,21.119999,-8.94,-5.04,3
867255926549039,2024-03-07T17:42:07.055Z,ak09918c magnetic field sensor,20.699999,-9.059999,-5.3399997,3
867255946549039,2024-03-07T17:42:07.075Z,ak09918c magnetic field sensor,20.82,-8.82,-6.06,3
867255966549039,2024-03-07T17:42:07.095Z,ak09918c magnetic field sensor,21.18,-8.94,-5.8799996,3
867255986549072,2024-03-07T17:42:07.115Z,ak09918c magnetic field sensor,20.64,-9.059999,-4.98,3
867256006549038,2024-03-07T17:42:07.135Z,ak09918c magnetic field sensor,20.88,-8.7,-4.14,3
867256026549071,2024-03-07T17:42:07.155Z,ak09918c magnetic field sensor,21.42,-8.639999,-4.38,3
867256046549071,2024-03-07T17:42:07.175Z,ak09918c magnetic field sensor,21.539999,-9.0,-4.68,3
867256066549037,2024-03-07T17:42:07.195Z,ak09918c magnetic field sensor,21.48,-8.639999,-4.7999997,3
867256086549070,2024-03-07T17:42:07.215Z,ak09918c magnetic field sensor,21.359999,-8.58,-4.44,3
867256106548336,2024-03-07T17:42:07.235Z,ak09918c magnetic field sensor,21.3,-8.82,-3.8999999,3
867256126547636,2024-03-07T17:42:07.255Z,ak09918c magnetic field sensor,20.88,-8.82,-3.9599998,3
867256146546969,2024-03-07T17:42:07.275Z,ak09918c magnetic field sensor,20.82,-8.88,-5.4,3
867256166546935,2024-03-07T17:42:07.295Z,ak09918c magnetic field sensor,20.82,-8.82,-6.42,3
867256186546968,2024-03-07T17:42:07.315Z,ak09918c magnetic field sensor,20.46,-9.12,-5.7,3
867256206546968,2024-03-07T17:42:07.334Z,ak09918c magnetic field sensor,19.8,-9.059999,-5.16,3
867256226546934,2024-03-07T17:42:07.355Z,ak09918c magnetic field sensor,19.8,-9.48,-5.52,3
867256246546967,2024-03-07T17:42:07.375Z,ak09918c magnetic field sensor,19.8,-9.719999,-4.98,3
867256266546933,2024-03-07T17:42:07.395Z,ak09918c magnetic field sensor,19.38,-9.54,-4.2599998,3
867256286546933,2024-03-07T17:42:07.415Z,ak09918c magnetic field sensor,19.92,-9.54,-4.56,3
867256306546933,2024-03-07T17:42:07.435Z,ak09918c magnetic field sensor,19.619999,-9.24,-4.62,3
867256326546933,2024-03-07T17:42:07.455Z,ak09918c magnetic field sensor,18.84,-8.94,-4.08,3
867256346546966,2024-03-07T17:42:07.475Z,ak09918c magnetic field sensor,19.08,-8.7,-4.2599998,3
867256366546966,2024-03-07T17:42:07.495Z,ak09918c magnetic field sensor,19.38,-9.12,-4.44,3
867256386546932,2024-03-07T17:42:07.515Z,ak09918c magnetic field sensor,19.08,-9.42,-4.14,3
867256406546965,2024-03-07T17:42:07.534Z,ak09918c magnetic field sensor,18.6,-9.54,-4.2,3
867256426546931,2024-03-07T17:42:07.555Z,ak09918c magnetic field sensor,19.08,-9.9,-4.3199997,3
867256446546964,2024-03-07T17:42:07.575Z,ak09918c magnetic field sensor,19.38,-10.5,-4.2599998,3
867256466546930,2024-03-07T17:42:07.595Z,ak09918c magnetic field sensor,19.5,-10.62,-4.56,3
867256486546930,2024-03-07T17:42:07.615Z,ak09918c magnetic field sensor,19.32,-10.8,-4.8599997,3
867256506546963,2024-03-07T17:42:07.635Z,ak09918c magnetic field sensor,19.14,-11.34,-5.2799997,3
867256526546963,2024-03-07T17:42:07.655Z,ak09918c magnetic field sensor,18.96,-10.62,-4.92,3
867256546546963,2024-03-07T17:42:07.675Z,ak09918c magnetic field sensor,18.3,-10.559999,-4.68,3
867256566546996,2024-03-07T17:42:07.695Z,ak09918c magnetic field sensor,18.3,-11.219999,-5.22,3
867256586546962,2024-03-07T17:42:07.714Z,ak09918c magnetic field sensor,18.66,-10.679999,-5.7599998,3
867256606546995,2024-03-07T17:42:07.735Z,ak09918c magnetic field sensor,18.84,-10.8,-5.8199997,3
867256626546961,2024-03-07T17:42:07.755Z,ak09918c magnetic field sensor,18.66,-11.46,-5.46,3
867256646546961,2024-03-07T17:42:07.775Z,ak09918c magnetic field sensor,17.58,-12.12,-5.94,3
867256666546961,2024-03-07T17:42:07.795Z,ak09918c magnetic field sensor,17.82,-11.82,-6.3599997,3
867256686546927,2024-03-07T17:42:07.815Z,ak09918c magnetic field sensor,18.9,-10.559999,-6.72,3
867256706547660,2024-03-07T17:42:07.835Z,ak09918c magnetic field sensor,18.9,-10.32,-6.96,3
867256726548360,2024-03-07T17:42:07.855Z,ak09918c magnetic field sensor,18.72,-10.26,-7.44,3
867256746549026,2024-03-07T17:42:07.875Z,ak09918c magnetic field sensor,18.06,-10.679999,-7.8599997,3
867256766549059,2024-03-07T17:42:07.895Z,ak09918c magnetic field sensor,17.76,-10.92,-7.44,3
867256786549025,2024-03-07T17:42:07.915Z,ak09918c magnetic field sensor,18.18,-11.04,-7.02,3
867256806549058,2024-03-07T17:42:07.935Z,ak09918c magnetic field sensor,18.539999,-11.28,-6.42,3
867256826549058,2024-03-07T17:42:07.955Z,ak09918c magnetic field sensor,18.06,-12.3,-5.94,3
867256846549024,2024-03-07T17:42:07.974Z,ak09918c magnetic field sensor,17.88,-12.42,-5.94,3
867256866582390,2024-03-07T17:42:07.995Z,ak09918c magnetic field sensor,18.119999,-11.46,-5.8799996,3
867256886615723,2024-03-07T17:42:08.015Z,ak09918c magnetic field sensor,18.119999,-12.78,-5.7599998,3
867256906649056,2024-03-07T17:42:08.035Z,ak09918c magnetic field sensor,17.82,-13.2,-5.3399997,3
867256926682422,2024-03-07T17:42:08.055Z,ak09918c magnetic field sensor,17.94,-13.44,-5.3399997,3
867256946715722,2024-03-07T17:42:08.075Z,ak09918c magnetic field sensor,18.06,-13.679999,-5.2799997,3
867256966749088,2024-03-07T17:42:08.095Z,ak09918c magnetic field sensor,18.0,-12.84,-5.1,3
867256986782421,2024-03-07T17:42:08.115Z,ak09918c magnetic field sensor,17.82,-12.84,-5.04,3
867257006815721,2024-03-07T17:42:08.135Z,ak09918c magnetic field sensor,18.119999,-12.3,-5.04,3
867257026849087,2024-03-07T17:42:08.155Z,ak09918c magnetic field sensor,18.18,-11.88,-5.22,3
867257046881753,2024-03-07T17:42:08.175Z,ak09918c magnetic field sensor,18.06,-12.78,-5.16,3
867257066915086,2024-03-07T17:42:08.195Z,ak09918c magnetic field sensor,18.0,-12.66,-4.98,3
867257086948419,2024-03-07T17:42:08.215Z,ak09918c magnetic field sensor,18.359999,-12.3,-4.5,3
867257106981619,2024-03-07T17:42:08.235Z,ak09918c magnetic field sensor,18.84,-12.78,-4.02,3
867257127014985,2024-03-07T17:42:08.256Z,ak09918c magnetic field sensor,18.779999,-12.599999,-2.58,3
867257147047618,2024-03-07T17:42:08.275Z,ak09918c magnetic field sensor,18.779999,-11.759999,-2.6399999,3
867257167080918,2024-03-07T17:42:08.296Z,ak09918c magnetic field sensor,18.18,-12.179999,-3.84,3
867257187114284,2024-03-07T17:42:08.316Z,ak09918c magnetic field sensor,17.34,-13.38,-3.8999999,3
867257207180917,2024-03-07T17:42:08.336Z,ak09918c magnetic field sensor,17.64,-13.08,-4.14,3
867257227247617,2024-03-07T17:42:08.356Z,ak09918c magnetic field sensor,17.88,-12.3,-4.3199997,3
867257247313583,2024-03-07T17:42:08.376Z,ak09918c magnetic field sensor,17.82,-12.42,-4.2599998,3
867257267380249,2024-03-07T17:42:08.396Z,ak09918c magnetic field sensor,18.18,-12.3,-3.54,3
867257287446915,2024-03-07T17:42:08.416Z,ak09918c magnetic field sensor,18.24,-12.48,-3.4199998,3
867257307513581,2024-03-07T17:42:08.436Z,ak09918c magnetic field sensor,17.58,-12.78,-3.06,3
867257327580247,2024-03-07T17:42:08.456Z,ak09918c magnetic field sensor,17.52,-12.84,-2.1599998,3
867257347646947,2024-03-07T17:42:08.476Z,ak09918c magnetic field sensor,17.82,-13.32,-1.74,3
867257367713580,2024-03-07T17:42:08.496Z,ak09918c magnetic field sensor,17.94,-13.2,-1.86,3
867257387780280,2024-03-07T17:42:08.516Z,ak09918c magnetic field sensor,17.699999,-12.84,-2.3999999,3
867257407846913,2024-03-07T17:42:08.536Z,ak09918c magnetic field sensor,17.94,-12.719999,-2.6399999,3
867257427913579,2024-03-07T17:42:08.556Z,ak09918c magnetic field sensor,17.76,-13.139999,-2.52,3
867257447980245,2024-03-07T17:42:08.575Z,ak09918c magnetic field sensor,16.74,-13.86,-2.04,3
867257468013545,2024-03-07T17:42:08.597Z,ak09918c magnetic field sensor,16.98,-13.679999,-1.56,3
867257488046878,2024-03-07T17:42:08.617Z,ak09918c magnetic field sensor,17.279999,-13.259999,-1.74,3
867257508080211,2024-03-07T17:42:08.637Z,ak09918c magnetic field sensor,17.46,-13.139999,-2.8799999,3
867257528113511,2024-03-07T17:42:08.657Z,ak09918c magnetic field sensor,17.52,-13.62,-3.78,3
867257548146877,2024-03-07T17:42:08.677Z,ak09918c magnetic field sensor,17.64,-14.46,-3.8999999,3
867257568180177,2024-03-07T17:42:08.697Z,ak09918c magnetic field sensor,17.58,-14.34,-4.08,3
867257588213543,2024-03-07T17:42:08.717Z,ak09918c magnetic field sensor,17.16,-14.16,-3.8999999,3
867257608246876,2024-03-07T17:42:08.737Z,ak09918c magnetic field sensor,16.68,-14.099999,-3.84,3
867257628280176,2024-03-07T17:42:08.757Z,ak09918c magnetic field sensor,16.26,-14.099999,-3.4199998,3
867257648314176,2024-03-07T17:42:08.776Z,ak09918c magnetic field sensor,16.14,-13.92,-3.4199998,3
867257668347509,2024-03-07T17:42:08.797Z,ak09918c magnetic field sensor,16.5,-12.96,-4.08,3
867257688380842,2024-03-07T17:42:08.817Z,ak09918c magnetic field sensor,16.199999,-12.78,-4.14,3
867257708414308,2024-03-07T17:42:08.837Z,ak09918c magnetic field sensor,15.48,-13.679999,-3.72,3
867257728447608,2024-03-07T17:42:08.857Z,ak09918c magnetic field sensor,15.719999,-13.32,-3.72,3
867257748481674,2024-03-07T17:42:08.877Z,ak09918c magnetic field sensor,16.14,-13.0199995,-4.5,3
867257768515007,2024-03-07T17:42:08.897Z,ak09918c magnetic field sensor,16.32,-12.66,-5.2799997,3
867257788548307,2024-03-07T17:42:08.917Z,ak09918c magnetic field sensor,16.56,-12.179999,-5.04,3
867257808548340,2024-03-07T17:42:08.937Z,ak09918c magnetic field sensor,16.8,-12.96,-4.8599997,3
867257828548306,2024-03-07T17:42:08.957Z,ak09918c magnetic field sensor,16.98,-13.139999,-4.98,3
867257848549006,2024-03-07T17:42:08.977Z,ak09918c magnetic field sensor,17.52,-12.42,-5.04,3
867257868549006,2024-03-07T17:42:08.997Z,ak09918c magnetic field sensor,16.98,-12.179999,-5.04,3
867257888549006,2024-03-07T17:42:09.017Z,ak09918c magnetic field sensor,16.8,-12.599999,-3.84,3
867257908549039,2024-03-07T17:42:09.036Z,ak09918c magnetic field sensor,17.52,-12.36,-3.6599998,3
867257928549039,2024-03-07T17:42:09.057Z,ak09918c magnetic field sensor,17.279999,-12.179999,-4.3199997,3
867257948582339,2024-03-07T17:42:09.077Z,ak09918c magnetic field sensor,17.4,-12.66,-4.5,3
867257968615705,2024-03-07T17:42:09.097Z,ak09918c magnetic field sensor,17.46,-12.36,-4.3199997,3
867257988649005,2024-03-07T17:42:09.117Z,ak09918c magnetic field sensor,17.279999,-12.48,-3.6599998,3
867258008682371,2024-03-07T17:42:09.137Z,ak09918c magnetic field sensor,17.4,-12.66,-3.12,3
867258028715704,2024-03-07T17:42:09.157Z,ak09918c magnetic field sensor,17.039999,-12.0,-3.06,3
867258048748337,2024-03-07T17:42:09.177Z,ak09918c magnetic field sensor,18.0,-11.639999,-3.9599998,3
867258068781570,2024-03-07T17:42:09.197Z,ak09918c magnetic field sensor,18.84,-12.0,-4.3199997,3
867258088814470,2024-03-07T17:42:09.216Z,ak09918c magnetic field sensor,18.48,-11.58,-3.9599998,3
867258108847803,2024-03-07T17:42:09.237Z,ak09918c magnetic field sensor,18.539999,-11.7,-3.8999999,3
867258128881169,2024-03-07T17:42:09.257Z,ak09918c magnetic field sensor,18.6,-11.5199995,-3.72,3
867258148914469,2024-03-07T17:42:09.276Z,ak09918c magnetic field sensor,18.72,-11.4,-3.6,3
867258168947835,2024-03-07T17:42:09.297Z,ak09918c magnetic field sensor,18.06,-11.759999,-3.4199998,3
867258188981135,2024-03-07T17:42:09.317Z,ak09918c magnetic field sensor,18.119999,-11.759999,-2.82,3
867258209014468,2024-03-07T17:42:09.338Z,ak09918c magnetic field sensor,18.539999,-11.7,-2.8799999,3
867258229047801,2024-03-07T17:42:09.357Z,ak09918c magnetic field sensor,18.119999,-11.219999,-3.78,3
867258249081101,2024-03-07T17:42:09.378Z,ak09918c magnetic field sensor,18.42,-11.4,-3.84,3
867258269114434,2024-03-07T17:42:09.398Z,ak09918c magnetic field sensor,18.359999,-11.34,-3.48,3
867258289147767,2024-03-07T17:42:09.417Z,ak09918c magnetic field sensor,17.58,-11.219999,-3.9599998,3
867258309181067,2024-03-07T17:42:09.438Z,ak09918c magnetic field sensor,17.52,-11.28,-4.14,3
867258329214433,2024-03-07T17:42:09.458Z,ak09918c magnetic field sensor,18.06,-11.4,-3.72,3
867258349247733,2024-03-07T17:42:09.478Z,ak09918c magnetic field sensor,18.48,-11.82,-3.6599998,3
867258369281099,2024-03-07T17:42:09.498Z,ak09918c magnetic field sensor,18.359999,-11.88,-3.36,3
867258389314432,2024-03-07T17:42:09.518Z,ak09918c magnetic field sensor,18.359999,-11.88,-3.12,3
867258409347732,2024-03-07T17:42:09.538Z,ak09918c magnetic field sensor,17.76,-12.0,-3.6599998,3
867258429381098,2024-03-07T17:42:09.558Z,ak09918c magnetic field sensor,17.82,-11.46,-3.9599998,3
867258449414431,2024-03-07T17:42:09.578Z,ak09918c magnetic field sensor,18.779999,-11.219999,-3.3,3
867258469447764,2024-03-07T17:42:09.598Z,ak09918c magnetic field sensor,18.96,-11.219999,-2.6399999,3
867258489481130,2024-03-07T17:42:09.618Z,ak09918c magnetic field sensor,18.0,-11.46,-3.3,3
867258509514430,2024-03-07T17:42:09.638Z,ak09918c magnetic field sensor,17.58,-11.639999,-4.2,3
867258529547796,2024-03-07T17:42:09.658Z,ak09918c magnetic field sensor,18.06,-11.82,-4.02,3
867258549547796,2024-03-07T17:42:09.678Z,ak09918c magnetic field sensor,17.94,-11.94,-3.6,3
867258569547762,2024-03-07T17:42:09.698Z,ak09918c magnetic field sensor,18.0,-12.42,-3.78,3
867258589547795,2024-03-07T17:42:09.718Z,ak09918c magnetic field sensor,17.64,-13.44,-4.3199997,3
867258609547761,2024-03-07T17:42:09.738Z,ak09918c magnetic field sensor,16.92,-13.139999,-4.2599998,3
867258629547761,2024-03-07T17:42:09.757Z,ak09918c magnetic field sensor,16.859999,-12.719999,-4.08,3
867258649548461,2024-03-07T17:42:09.777Z,ak09918c magnetic field sensor,17.22,-12.84,-4.8599997,3
867258669548561,2024-03-07T17:42:09.798Z,ak09918c magnetic field sensor,17.34,-12.599999,-4.98,3
867258689549027,2024-03-07T17:42:09.818Z,ak09918c magnetic field sensor,17.46,-12.96,-4.2,3
867258709549027,2024-03-07T17:42:09.838Z,ak09918c magnetic field sensor,18.3,-12.719999,-4.2599998,3
867258729549093,2024-03-07T17:42:09.858Z,ak09918c magnetic field sensor,18.06,-12.12,-4.5,3
867258749549126,2024-03-07T17:42:09.878Z,ak09918c magnetic field sensor,17.22,-12.059999,-5.04,3
867258769549092,2024-03-07T17:42:09.898Z,ak09918c magnetic field sensor,16.56,-12.059999,-5.52,3
867258789549125,2024-03-07T17:42:09.918Z,ak09918c magnetic field sensor,16.5,-12.12,-5.7,3
867258809549125,2024-03-07T17:42:09.938Z,ak09918c magnetic field sensor,17.279999,-12.179999,-6.0,3
867258829549125,2024-03-07T17:42:09.958Z,ak09918c magnetic field sensor,17.64,-12.0,-5.8199997,3
867258849549158,2024-03-07T17:42:09.978Z,ak09918c magnetic field sensor,17.52,-12.059999,-5.52,3
867258869549158,2024-03-07T17:42:09.998Z,ak09918c magnetic field sensor,17.94,-12.12,-5.04,3
867258889549158,2024-03-07T17:42:10.018Z,ak09918c magnetic field sensor,17.94,-12.12,-5.1,3
867258909549191,2024-03-07T17:42:10.038Z,ak09918c magnetic field sensor,17.46,-12.719999,-6.24,3
867258929549157,2024-03-07T17:42:10.058Z,ak09918c magnetic field sensor,18.119999,-12.179999,-6.54,3
867258949549190,2024-03-07T17:42:10.078Z,ak09918c magnetic field sensor,18.24,-11.7,-6.24,3
867258969549156,2024-03-07T17:42:10.098Z,ak09918c magnetic field sensor,17.94,-12.36,-5.7599998,3
867258989549156,2024-03-07T17:42:10.118Z,ak09918c magnetic field sensor,17.699999,-12.12,-4.98,3
867259009549156,2024-03-07T17:42:10.138Z,ak09918c magnetic field sensor,17.699999,-11.82,-4.7999997,3
867259029549122,2024-03-07T17:42:10.158Z,ak09918c magnetic field sensor,18.119999,-11.58,-4.98,3
867259049548422,2024-03-07T17:42:10.178Z,ak09918c magnetic field sensor,17.88,-11.46,-4.7999997,3
867259069548455,2024-03-07T17:42:10.198Z,ak09918c magnetic field sensor,18.06,-11.82,-5.16,3
867259089548421,2024-03-07T17:42:10.218Z,ak09918c magnetic field sensor,18.779999,-11.16,-5.7,3
867259109548454,2024-03-07T17:42:10.238Z,ak09918c magnetic field sensor,19.26,-10.8,-5.7599998,3
867259129548420,2024-03-07T17:42:10.258Z,ak09918c magnetic field sensor,18.96,-11.34,-5.58,3
867259149548453,2024-03-07T17:42:10.278Z,ak09918c magnetic field sensor,18.42,-10.92,-4.62,3
867259169548453,2024-03-07T17:42:10.298Z,ak09918c magnetic field sensor,18.539999,-10.62,-4.2,3
867259189548419,2024-03-07T17:42:10.318Z,ak09918c magnetic field sensor,18.48,-11.16,-4.92,3
867259209548419,2024-03-07T17:42:10.338Z,ak09918c magnetic field sensor,18.0,-11.7,-5.7,3
867259229548419,2024-03-07T17:42:10.358Z,ak09918c magnetic field sensor,17.94,-11.759999,-5.2799997,3
867259249548419,2024-03-07T17:42:10.378Z,ak09918c magnetic field sensor,18.359999,-12.179999,-4.44,3
867259269548452,2024-03-07T17:42:10.398Z,ak09918c magnetic field sensor,18.66,-12.059999,-4.68,3
867259289548418,2024-03-07T17:42:10.418Z,ak09918c magnetic field sensor,18.119999,-11.4,-4.74,3
867259309548451,2024-03-07T17:42:10.438Z,ak09918c magnetic field sensor,18.0,-11.4,-5.1,3
867259329548351,2024-03-07T17:42:10.458Z,ak09918c magnetic field sensor,18.66,-12.059999,-6.48,3
867259349548317,2024-03-07T17:42:10.478Z,ak09918c magnetic field sensor,18.84,-12.179999,-6.8999996,3
867259369548350,2024-03-07T17:42:10.498Z,ak09918c magnetic field sensor,18.72,-11.639999,-6.06,3
867259389548316,2024-03-07T17:42:10.518Z,ak09918c magnetic field sensor,18.359999,-12.179999,-5.58,3
867259409548316,2024-03-07T17:42:10.538Z,ak09918c magnetic field sensor,18.119999,-12.48,-5.1,3
867259429548316,2024-03-07T17:42:10.557Z,ak09918c magnetic field sensor,18.18,-12.719999,-4.92,3
867259449548282,2024-03-07T17:42:10.578Z,ak09918c magnetic field sensor,18.6,-13.08,-4.98,3
867259469548315,2024-03-07T17:42:10.598Z,ak09918c magnetic field sensor,19.199999,-12.9,-4.7999997,3
867259489548315,2024-03-07T17:42:10.618Z,ak09918c magnetic field sensor,19.5,-12.719999,-4.68,3
867259509548281,2024-03-07T17:42:10.638Z,ak09918c magnetic field sensor,19.32,-11.88,-4.3199997,3
867259529548314,2024-03-07T17:42:10.658Z,ak09918c magnetic field sensor,18.539999,-11.4,-4.5,3
867259549548280,2024-03-07T17:42:10.678Z,ak09918c magnetic field sensor,18.18,-11.46,-5.4,3
867259569548280,2024-03-07T17:42:10.698Z,ak09918c magnetic field sensor,18.779999,-11.58,-6.06,3
867259589548280,2024-03-07T17:42:10.718Z,ak09918c magnetic field sensor,18.6,-11.88,-6.3599997,3
867259609547980,2024-03-07T17:42:10.738Z,ak09918c magnetic field sensor,18.06,-12.059999,-5.8799996,3
867259629548013,2024-03-07T17:42:10.758Z,ak09918c magnetic field sensor,18.24,-12.36,-5.52,3
867259649548713,2024-03-07T17:42:10.778Z,ak09918c magnetic field sensor,18.84,-12.179999,-5.64,3
867259669548679,2024-03-07T17:42:10.798Z,ak09918c magnetic field sensor,18.18,-12.54,-5.52,3
867259689548712,2024-03-07T17:42:10.818Z,ak09918c magnetic field sensor,17.82,-12.599999,-5.3399997,3
867259709548678,2024-03-07T17:42:10.838Z,ak09918c magnetic field sensor,18.779999,-12.54,-5.52,3
867259729548711,2024-03-07T17:42:10.857Z,ak09918c magnetic field sensor,18.42,-13.2,-5.7,3
867259749548677,2024-03-07T17:42:10.877Z,ak09918c magnetic field sensor,17.76,-13.139999,-5.8199997,3
867259769548677,2024-03-07T17:42:10.898Z,ak09918c magnetic field sensor,17.76,-12.12,-6.18,3
867259789548677,2024-03-07T17:42:10.918Z,ak09918c magnetic field sensor,17.52,-11.88,-6.18,3
867259809548677,2024-03-07T17:42:10.938Z,ak09918c magnetic field sensor,18.119999,-12.78,-5.94,3
867259829548677,2024-03-07T17:42:10.958Z,ak09918c magnetic field sensor,18.72,-12.78,-6.2999997,3
867259849548710,2024-03-07T17:42:10.977Z,ak09918c magnetic field sensor,18.779999,-11.88,-6.72,3
867259869548676,2024-03-07T17:42:10.998Z,ak09918c magnetic field sensor,19.14,-11.5199995,-6.2999997,3
867259889548709,2024-03-07T17:42:11.018Z,ak09918c magnetic field sensor,18.84,-12.179999,-5.8799996,3
867259909548675,2024-03-07T17:42:11.038Z,ak09918c magnetic field sensor,17.4,-11.94,-6.06,3
867259929548708,2024-03-07T17:42:11.058Z,ak09918c magnetic field sensor,17.46,-11.04,-6.72,3
867259949548708,2024-03-07T17:42:11.078Z,ak09918c magnetic field sensor,18.66,-11.16,-6.3599997,3
867259969548674,2024-03-07T17:42:11.098Z,ak09918c magnetic field sensor,18.48,-11.219999,-5.46,3
867259989548674,2024-03-07T17:42:11.118Z,ak09918c magnetic field sensor,18.06,-11.759999,-6.0,3
867260009548674,2024-03-07T17:42:11.138Z,ak09918c magnetic field sensor,18.96,-12.54,-6.54,3
867260029548674,2024-03-07T17:42:11.158Z,ak09918c magnetic field sensor,18.779999,-12.059999,-5.8799996,3
867260049547774,2024-03-07T17:42:11.178Z,ak09918c magnetic field sensor,18.24,-11.7,-4.7999997,3
867260069547740,2024-03-07T17:42:11.198Z,ak09918c magnetic field sensor,18.72,-12.12,-4.3199997,3
867260089547773,2024-03-07T17:42:11.218Z,ak09918c magnetic field sensor,18.48,-12.3,-4.62,3
867260109547073,2024-03-07T17:42:11.238Z,ak09918c magnetic field sensor,18.24,-11.94,-4.98,3
867260129547039,2024-03-07T17:42:11.258Z,ak09918c magnetic field sensor,19.14,-12.36,-5.22,3
867260149547072,2024-03-07T17:42:11.278Z,ak09918c magnetic field sensor,19.38,-11.7,-4.7999997,3
867260169547072,2024-03-07T17:42:11.298Z,ak09918c magnetic field sensor,19.14,-10.5,-5.46,3
867260189547072,2024-03-07T17:42:11.318Z,ak09918c magnetic field sensor,19.5,-11.28,-6.3599997,3
867260209547405,2024-03-07T17:42:11.338Z,ak09918c magnetic field sensor,19.68,-11.7,-6.0,3
867260229547371,2024-03-07T17:42:11.358Z,ak09918c magnetic field sensor,18.96,-11.099999,-5.16,3
867260249547404,2024-03-07T17:42:11.378Z,ak09918c magnetic field sensor,18.24,-11.28,-5.22,3
867260269547404,2024-03-07T17:42:11.398Z,ak09918c magnetic field sensor,19.439999,-11.28,-5.46,3
867260289547370,2024-03-07T17:42:11.418Z,ak09918c magnetic field sensor,19.74,-11.16,-5.04,3
867260309547403,2024-03-07T17:42:11.438Z,ak09918c magnetic field sensor,18.42,-11.88,-5.7,3
867260329547369,2024-03-07T17:42:11.458Z,ak09918c magnetic field sensor,18.0,-11.639999,-5.8199997,3
867260349547369,2024-03-07T17:42:11.478Z,ak09918c magnetic field sensor,18.3,-11.34,-5.46,3
867260369547369,2024-03-07T17:42:11.498Z,ak09918c magnetic field sensor,18.6,-11.639999,-5.8799996,3
867260389877502,2024-03-07T17:42:11.518Z,ak09918c magnetic field sensor,18.84,-11.099999,-5.7,3
867260409877535,2024-03-07T17:42:11.538Z,ak09918c magnetic field sensor,18.48,-10.98,-5.3399997,3
867260429877535,2024-03-07T17:42:11.558Z,ak09918c magnetic field sensor,18.24,-11.46,-5.1,3
867260449877501,2024-03-07T17:42:11.578Z,ak09918c magnetic field sensor,18.66,-11.94,-4.98,3
867260469877534,2024-03-07T17:42:11.598Z,ak09918c magnetic field sensor,18.42,-11.759999,-5.1,3
867260489877500,2024-03-07T17:42:11.618Z,ak09918c magnetic field sensor,18.24,-12.36,-4.92,3
867260509877533,2024-03-07T17:42:11.638Z,ak09918c magnetic field sensor,18.84,-12.78,-4.92,3
867260529877499,2024-03-07T17:42:11.658Z,ak09918c magnetic field sensor,18.84,-12.24,-4.8599997,3
867260549877499,2024-03-07T17:42:11.677Z,ak09918c magnetic field sensor,18.66,-11.94,-5.1,3
867260569877532,2024-03-07T17:42:11.698Z,ak09918c magnetic field sensor,18.9,-12.3,-5.7,3
867260589877532,2024-03-07T17:42:11.718Z,ak09918c magnetic field sensor,18.66,-12.24,-5.2799997,3
867260609877532,2024-03-07T17:42:11.738Z,ak09918c magnetic field sensor,18.779999,-11.88,-5.2799997,3
867260629877565,2024-03-07T17:42:11.758Z,ak09918c magnetic field sensor,19.26,-11.58,-5.64,3
867260649878465,2024-03-07T17:42:11.778Z,ak09918c magnetic field sensor,18.96,-12.059999,-4.92,3
867260669878498,2024-03-07T17:42:11.798Z,ak09918c magnetic field sensor,18.539999,-12.9,-4.7999997,3
867260689878464,2024-03-07T17:42:11.818Z,ak09918c magnetic field sensor,17.64,-12.78,-5.3399997,3
867260709879164,2024-03-07T17:42:11.838Z,ak09918c magnetic field sensor,17.279999,-12.599999,-5.46,3
867260729879164,2024-03-07T17:42:11.858Z,ak09918c magnetic field sensor,18.06,-12.66,-5.8799996,3
867260749879130,2024-03-07T17:42:11.878Z,ak09918c magnetic field sensor,18.0,-13.259999,-5.8799996,3
867260769879130,2024-03-07T17:42:11.898Z,ak09918c magnetic field sensor,17.58,-13.799999,-6.18,3
867260789879130,2024-03-07T17:42:11.918Z,ak09918c magnetic field sensor,17.699999,-13.32,-6.8999996,3
867260809879096,2024-03-07T17:42:11.938Z,ak09918c magnetic field sensor,17.34,-12.48,-6.66,3
867260829879129,2024-03-07T17:42:11.958Z,ak09918c magnetic field sensor,17.46,-12.12,-5.7599998,3
867260849879095,2024-03-07T17:42:11.978Z,ak09918c magnetic field sensor,18.0,-11.88,-5.94,3
867260869879128,2024-03-07T17:42:11.998Z,ak09918c magnetic field sensor,18.48,-12.179999,-7.02,3
867260889879128,2024-03-07T17:42:12.018Z,ak09918c magnetic field sensor,18.119999,-11.88,-6.8999996,3
867260909879094,2024-03-07T17:42:12.038Z,ak09918c magnetic field sensor,17.88,-11.4,-6.96,3
867260929879127,2024-03-07T17:42:12.058Z,ak09918c magnetic field sensor,17.76,-11.94,-7.9199996,3
867260949879127,2024-03-07T17:42:12.078Z,ak09918c magnetic field sensor,17.1,-12.059999,-8.099999,3
867260969879127,2024-03-07T17:42:12.098Z,ak09918c magnetic field sensor,17.039999,-11.34,-8.46,3
867260989879160,2024-03-07T17:42:12.118Z,ak09918c magnetic field sensor,17.4,-11.099999,-8.46,3
867261009879126,2024-03-07T17:42:12.138Z,ak09918c magnetic field sensor,18.42,-11.5199995,-7.8599997,3
867261029879159,2024-03-07T17:42:12.158Z,ak09918c magnetic field sensor,19.14,-11.7,-7.5,3
867261049878459,2024-03-07T17:42:12.178Z,ak09918c magnetic field sensor,18.779999,-11.58,-6.6,3
867261069878225,2024-03-07T17:42:12.198Z,ak09918c magnetic field sensor,18.3,-11.4,-6.12,3
867261089878258,2024-03-07T17:42:12.218Z,ak09918c magnetic field sensor,18.84,-11.099999,-6.42,3
867261109878224,2024-03-07T17:42:12.238Z,ak09918c magnetic field sensor,18.48,-12.3,-6.48,3
867261129878224,2024-03-07T17:42:12.258Z,ak09918c magnetic field sensor,17.16,-12.84,-6.48,3
867261149878224,2024-03-07T17:42:12.278Z,ak09918c magnetic field sensor,17.16,-12.12,-6.54,3
867261169878190,2024-03-07T17:42:12.298Z,ak09918c magnetic field sensor,17.94,-12.12,-6.24,3
867261189878223,2024-03-07T17:42:12.318Z,ak09918c magnetic field sensor,18.539999,-11.28,-6.48,3
867261209878223,2024-03-07T17:42:12.338Z,ak09918c magnetic field sensor,18.84,-10.2,-6.72,3
867261229878189,2024-03-07T17:42:12.358Z,ak09918c magnetic field sensor,19.5,-10.98,-6.12,3
867261249878222,2024-03-07T17:42:12.378Z,ak09918c magnetic field sensor,19.56,-11.94,-5.8799996,3
867261269878188,2024-03-07T17:42:12.398Z,ak09918c magnetic field sensor,19.26,-11.7,-5.58,3
867261289878221,2024-03-07T17:42:12.418Z,ak09918c magnetic field sensor,19.26,-11.219999,-4.92,3
867261309878221,2024-03-07T17:42:12.438Z,ak09918c magnetic field sensor,18.84,-11.82,-4.8599997,3
867261329878221,2024-03-07T17:42:12.457Z,ak09918c magnetic field sensor,18.359999,-11.88,-4.98,3
867261349878254,2024-03-07T17:42:12.478Z,ak09918c magnetic field sensor,18.24,-11.4,-5.58,3
867261369878254,2024-03-07T17:42:12.498Z,ak09918c magnetic field sensor,18.779999,-11.82,-6.12,3
867261389878254,2024-03-07T17:42:12.517Z,ak09918c magnetic field sensor,18.66,-11.58,-6.42,3
867261409878287,2024-03-07T17:42:12.538Z,ak09918c magnetic field sensor,17.76,-11.219999,-6.72,3
867261429878253,2024-03-07T17:42:12.557Z,ak09918c magnetic field sensor,18.779999,-11.4,-6.06,3
867261449878286,2024-03-07T17:42:12.578Z,ak09918c magnetic field sensor,18.9,-11.7,-5.4,3
867261469878252,2024-03-07T17:42:12.598Z,ak09918c magnetic field sensor,18.779999,-11.5199995,-5.58,3
867261489878252,2024-03-07T17:42:12.618Z,ak09918c magnetic field sensor,19.02,-11.4,-6.12,3
867261509878252,2024-03-07T17:42:12.638Z,ak09918c magnetic field sensor,18.3,-12.0,-5.52,3
867261529878218,2024-03-07T17:42:12.658Z,ak09918c magnetic field sensor,19.199999,-11.7,-4.8599997,3
867261549878218,2024-03-07T17:42:12.677Z,ak09918c magnetic field sensor,19.98,-11.5199995,-4.98,3
867261569878251,2024-03-07T17:42:12.698Z,ak09918c magnetic field sensor,20.279999,-11.639999,-5.22,3
867261589878217,2024-03-07T17:42:12.718Z,ak09918c magnetic field sensor,19.26,-11.759999,-5.52,3
867261609878250,2024-03-07T17:42:12.738Z,ak09918c magnetic field sensor,18.96,-12.059999,-5.7599998,3
867261629878216,2024-03-07T17:42:12.758Z,ak09918c magnetic field sensor,19.859999,-11.639999,-5.64,3
867261649878949,2024-03-07T17:42:12.778Z,ak09918c magnetic field sensor,19.26,-11.46,-4.92,3
867261669879149,2024-03-07T17:42:12.798Z,ak09918c magnetic field sensor,18.6,-11.639999,-4.74,3
867261689879115,2024-03-07T17:42:12.818Z,ak09918c magnetic field sensor,18.48,-11.7,-4.98,3
867261709879115,2024-03-07T17:42:12.837Z,ak09918c magnetic field sensor,18.539999,-11.82,-5.46,3
867261729879115,2024-03-07T17:42:12.858Z,ak09918c magnetic field sensor,17.76,-12.48,-6.6,3
867261749879115,2024-03-07T17:42:12.878Z,ak09918c magnetic field sensor,17.52,-12.9,-6.06,3
867261769879148,2024-03-07T17:42:12.898Z,ak09918c magnetic field sensor,18.6,-12.96,-5.22,3
867261789879114,2024-03-07T17:42:12.918Z,ak09918c magnetic field sensor,18.3,-13.259999,-5.7599998,3
867261809879147,2024-03-07T17:42:12.938Z,ak09918c magnetic field sensor,17.34,-12.96,-6.06,3
867261829879147,2024-03-07T17:42:12.958Z,ak09918c magnetic field sensor,17.88,-12.54,-5.8199997,3
867261849879113,2024-03-07T17:42:12.978Z,ak09918c magnetic field sensor,18.3,-12.54,-5.7599998,3
867261869879146,2024-03-07T17:42:12.997Z,ak09918c magnetic field sensor,17.699999,-13.139999,-6.12,3
867261889879112,2024-03-07T17:42:13.018Z,ak09918c magnetic field sensor,18.18,-12.599999,-6.42,3
867261909879112,2024-03-07T17:42:13.038Z,ak09918c magnetic field sensor,18.9,-12.12,-6.3599997,3
867261929879112,2024-03-07T17:42:13.057Z,ak09918c magnetic field sensor,17.699999,-12.42,-6.54,3
867261949879078,2024-03-07T17:42:13.078Z,ak09918c magnetic field sensor,17.58,-12.96,-6.66,3
867261969879111,2024-03-07T17:42:13.098Z,ak09918c magnetic field sensor,18.06,-12.54,-6.66,3
867261989879111,2024-03-07T17:42:13.118Z,ak09918c magnetic field sensor,18.359999,-11.5199995,-7.02,3
867262009879077,2024-03-07T17:42:13.138Z,ak09918c magnetic field sensor,18.18,-11.4,-7.3799996,3
867262029879110,2024-03-07T17:42:13.158Z,ak09918c magnetic field sensor,18.18,-11.58,-6.96,3
867262049878376,2024-03-07T17:42:13.178Z,ak09918c magnetic field sensor,18.779999,-11.34,-6.8999996,3
867262069877676,2024-03-07T17:42:13.198Z,ak09918c magnetic field sensor,18.779999,-11.28,-7.68,3
867262089877676,2024-03-07T17:42:13.218Z,ak09918c magnetic field sensor,18.9,-11.639999,-7.14,3
867262109877676,2024-03-07T17:42:13.238Z,ak09918c magnetic field sensor,18.66,-11.759999,-6.6,3
867262129877709,2024-03-07T17:42:13.258Z,ak09918c magnetic field sensor,18.779999,-12.179999,-6.42,3
867262149877709,2024-03-07T17:42:13.277Z,ak09918c magnetic field sensor,19.02,-12.3,-6.0,3
867262169877675,2024-03-07T17:42:13.298Z,ak09918c magnetic field sensor,18.539999,-12.54,-5.52,3
867262189877708,2024-03-07T17:42:13.318Z,ak09918c magnetic field sensor,18.06,-12.42,-5.46,3
867262209877674,2024-03-07T17:42:13.338Z,ak09918c magnetic field sensor,18.539999,-12.54,-5.94,3
867262229877707,2024-03-07T17:42:13.358Z,ak09918c magnetic field sensor,19.08,-13.08,-6.24,3
867262249877673,2024-03-07T17:42:13.378Z,ak09918c magnetic field sensor,19.02,-12.24,-5.8799996,3
867262269877673,2024-03-07T17:42:13.398Z,ak09918c magnetic field sensor,18.539999,-11.099999,-5.7599998,3
867262289877673,2024-03-07T17:42:13.418Z,ak09918c magnetic field sensor,17.82,-10.679999,-6.12,3
867262309877673,2024-03-07T17:42:13.438Z,ak09918c magnetic field sensor,18.48,-11.219999,-5.46,3
867262329877673,2024-03-07T17:42:13.458Z,ak09918c magnetic field sensor,19.08,-12.3,-5.22,3
867262349877706,2024-03-07T17:42:13.478Z,ak09918c magnetic field sensor,18.66,-12.78,-5.16,3
867262369877672,2024-03-07T17:42:13.498Z,ak09918c magnetic field sensor,18.48,-12.599999,-4.3199997,3
867262389877705,2024-03-07T17:42:13.518Z,ak09918c magnetic field sensor,17.76,-12.059999,-4.38,3
867262409876971,2024-03-07T17:42:13.538Z,ak09918c magnetic field sensor,17.94,-12.599999,-4.8599997,3
867262429876504,2024-03-07T17:42:13.558Z,ak09918c magnetic field sensor,17.82,-12.9,-4.68,3
867262449876504,2024-03-07T17:42:13.578Z,ak09918c magnetic field sensor,17.58,-12.48,-4.68,3
867262469876470,2024-03-07T17:42:13.598Z,ak09918c magnetic field sensor,18.359999,-12.54,-5.16,3
867262489876470,2024-03-07T17:42:13.618Z,ak09918c magnetic field sensor,18.66,-12.24,-5.52,3
867262509876470,2024-03-07T17:42:13.638Z,ak09918c magnetic field sensor,19.26,-11.82,-5.7,3
867262529876470,2024-03-07T17:42:13.658Z,ak09918c magnetic field sensor,19.26,-12.12,-5.94,3
867262549876470,2024-03-07T17:42:13.678Z,ak09918c magnetic field sensor,18.48,-12.3,-4.92,3
867262569876436,2024-03-07T17:42:13.698Z,ak09918c magnetic field sensor,18.18,-12.719999,-3.84,3
867262589876436,2024-03-07T17:42:13.718Z,ak09918c magnetic field sensor,18.6,-12.12,-4.5,3
867262609876436,2024-03-07T17:42:13.738Z,ak09918c magnetic field sensor,18.84,-11.639999,-4.62,3
867262629876402,2024-03-07T17:42:13.758Z,ak09918c magnetic field sensor,19.26,-11.94,-4.2599998,3
867262649877102,2024-03-07T17:42:13.778Z,ak09918c magnetic field sensor,19.619999,-11.639999,-4.2599998,3
867262669877802,2024-03-07T17:42:13.798Z,ak09918c magnetic field sensor,18.84,-12.179999,-4.08,3
867262689877802,2024-03-07T17:42:13.818Z,ak09918c magnetic field sensor,18.48,-12.78,-4.02,3
867262709877802,2024-03-07T17:42:13.837Z,ak09918c magnetic field sensor,18.6,-12.36,-3.9599998,3
867262729877768,2024-03-07T17:42:13.858Z,ak09918c magnetic field sensor,18.24,-12.179999,-4.38,3
867262749877768,2024-03-07T17:42:13.878Z,ak09918c magnetic field sensor,17.58,-12.9,-5.2799997,3
867262769877768,2024-03-07T17:42:13.898Z,ak09918c magnetic field sensor,17.58,-12.84,-5.64,3
867262789877734,2024-03-07T17:42:13.918Z,ak09918c magnetic field sensor,17.94,-12.719999,-5.16,3
867262809877734,2024-03-07T17:42:13.938Z,ak09918c magnetic field sensor,17.76,-13.08,-4.5,3
867262829877700,2024-03-07T17:42:13.958Z,ak09918c magnetic field sensor,16.859999,-13.559999,-4.38,3
867262849877700,2024-03-07T17:42:13.978Z,ak09918c magnetic field sensor,16.44,-14.04,-4.74,3
867262869877700,2024-03-07T17:42:13.998Z,ak09918c magnetic field sensor,16.44,-14.099999,-5.04,3
867262889877700,2024-03-07T17:42:14.018Z,ak09918c magnetic field sensor,16.56,-13.559999,-5.58,3
867262909877700,2024-03-07T17:42:14.037Z,ak09918c magnetic field sensor,17.34,-13.559999,-5.2799997,3
867262929877933,2024-03-07T17:42:14.058Z,ak09918c magnetic field sensor,18.0,-13.38,-5.04,3
867262949877899,2024-03-07T17:42:14.078Z,ak09918c magnetic field sensor,17.88,-12.84,-6.24,3
867262969877899,2024-03-07T17:42:14.098Z,ak09918c magnetic field sensor,16.74,-12.9,-6.72,3
867262989877865,2024-03-07T17:42:14.118Z,ak09918c magnetic field sensor,15.96,-12.36,-6.48,3
867263009878565,2024-03-07T17:42:14.138Z,ak09918c magnetic field sensor,17.1,-12.12,-6.72,3
867263029879031,2024-03-07T17:42:14.158Z,ak09918c magnetic field sensor,18.119999,-12.42,-6.66,3
867263049879031,2024-03-07T17:42:14.178Z,ak09918c magnetic field sensor,18.06,-12.9,-6.0,3
867263069879031,2024-03-07T17:42:14.198Z,ak09918c magnetic field sensor,17.699999,-12.54,-6.18,3
867263089879031,2024-03-07T17:42:14.218Z,ak09918c magnetic field sensor,17.16,-12.24,-6.18,3
867263109879031,2024-03-07T17:42:14.238Z,ak09918c magnetic field sensor,17.52,-12.599999,-6.2999997,3
867263129879031,2024-03-07T17:42:14.258Z,ak09918c magnetic field sensor,18.359999,-13.0199995,-5.46,3
867263149879031,2024-03-07T17:42:14.278Z,ak09918c magnetic field sensor,18.359999,-13.799999,-4.7999997,3
867263169879031,2024-03-07T17:42:14.298Z,ak09918c magnetic field sensor,18.72,-13.86,-5.16,3
867263189879031,2024-03-07T17:42:14.318Z,ak09918c magnetic field sensor,18.539999,-13.139999,-4.92,3
867263209879031,2024-03-07T17:42:14.338Z,ak09918c magnetic field sensor,17.88,-13.2,-4.5,3
867263229879031,2024-03-07T17:42:14.358Z,ak09918c magnetic field sensor,18.3,-12.96,-4.44,3
867263249879031,2024-03-07T17:42:14.378Z,ak09918c magnetic field sensor,18.66,-12.54,-4.92,3
867263269879031,2024-03-07T17:42:14.398Z,ak09918c magnetic field sensor,18.24,-12.84,-4.44,3
867263289879297,2024-03-07T17:42:14.418Z,ak09918c magnetic field sensor,17.94,-12.66,-4.44,3
867263309879297,2024-03-07T17:42:14.438Z,ak09918c magnetic field sensor,18.119999,-11.88,-4.56,3
867263329879297,2024-03-07T17:42:14.458Z,ak09918c magnetic field sensor,18.3,-12.059999,-3.8999999,3
867263349879297,2024-03-07T17:42:14.478Z,ak09918c magnetic field sensor,18.0,-12.599999,-4.02,3
867263369879297,2024-03-07T17:42:14.497Z,ak09918c magnetic field sensor,18.18,-11.94,-4.5,3
867263389879297,2024-03-07T17:42:14.518Z,ak09918c magnetic field sensor,18.6,-12.12,-4.62,3
867263409879297,2024-03-07T17:42:14.538Z,ak09918c magnetic field sensor,18.3,-12.54,-4.5,3
867263429879530,2024-03-07T17:42:14.558Z,ak09918c magnetic field sensor,18.18,-12.179999,-4.2599998,3
867263449879530,2024-03-07T17:42:14.578Z,ak09918c magnetic field sensor,18.779999,-12.719999,-4.38,3
867263469879530,2024-03-07T17:42:14.598Z,ak09918c magnetic field sensor,18.84,-12.54,-4.5,3
867263489879530,2024-03-07T17:42:14.618Z,ak09918c magnetic field sensor,18.359999,-11.88,-4.14,3
867263509879530,2024-03-07T17:42:14.638Z,ak09918c magnetic field sensor,18.42,-11.88,-3.8999999,3
867263529879296,2024-03-07T17:42:14.658Z,ak09918c magnetic field sensor,18.539999,-11.58,-4.14,3
867263549879296,2024-03-07T17:42:14.677Z,ak09918c magnetic field sensor,17.94,-12.0,-4.14,3
867263569879296,2024-03-07T17:42:14.698Z,ak09918c magnetic field sensor,17.82,-13.139999,-3.6,3
867263589879296,2024-03-07T17:42:14.718Z,ak09918c magnetic field sensor,17.46,-13.0199995,-3.6599998,3
867263609879296,2024-03-07T17:42:14.738Z,ak09918c magnetic field sensor,17.4,-13.139999,-3.6599998,3
867263629879296,2024-03-07T17:42:14.757Z,ak09918c magnetic field sensor,17.58,-13.259999,-3.3,3
867263649879296,2024-03-07T17:42:14.778Z,ak09918c magnetic field sensor,18.18,-13.139999,-2.6399999,3
867263669879296,2024-03-07T17:42:14.798Z,ak09918c magnetic field sensor,18.66,-13.259999,-2.6399999,3
867263689879296,2024-03-07T17:42:14.818Z,ak09918c magnetic field sensor,18.119999,-13.2,-3.06,3
867263709879296,2024-03-07T17:42:14.838Z,ak09918c magnetic field sensor,18.3,-12.96,-2.76,3
867263729879296,2024-03-07T17:42:14.858Z,ak09918c magnetic field sensor,18.6,-12.36,-2.8799999,3
867263749879296,2024-03-07T17:42:14.878Z,ak09918c magnetic field sensor,18.06,-12.48,-3.06,3
867263769879296,2024-03-07T17:42:14.898Z,ak09918c magnetic field sensor,17.1,-12.78,-2.8799999,3
867263789879296,2024-03-07T17:42:14.918Z,ak09918c magnetic field sensor,16.98,-12.36,-3.0,3
867263809879296,2024-03-07T17:42:14.938Z,ak09918c magnetic field sensor,16.619999,-12.96,-2.82,3
867263829879296,2024-03-07T17:42:14.958Z,ak09918c magnetic field sensor,16.26,-13.86,-2.3999999,3
867263849879296,2024-03-07T17:42:14.978Z,ak09918c magnetic field sensor,16.08,-13.44,-3.24,3
867263869879296,2024-03-07T17:42:14.998Z,ak09918c magnetic field sensor,15.839999,-14.34,-4.2599998,3
867263889879029,2024-03-07T17:42:15.018Z,ak09918c magnetic field sensor,15.96,-15.299999,-4.56,3
867263909879029,2024-03-07T17:42:15.038Z,ak09918c magnetic field sensor,16.08,-15.48,-4.44,3
867263929879262,2024-03-07T17:42:15.058Z,ak09918c magnetic field sensor,15.299999,-15.66,-4.14,3
867263949879262,2024-03-07T17:42:15.078Z,ak09918c magnetic field sensor,14.7,-14.94,-4.5,3
867263969879262,2024-03-07T17:42:15.098Z,ak09918c magnetic field sensor,15.48,-14.58,-4.74,3
867263989879262,2024-03-07T17:42:15.118Z,ak09918c magnetic field sensor,15.719999,-14.16,-4.44,3
867264009879262,2024-03-07T17:42:15.138Z,ak09918c magnetic field sensor,15.839999,-13.139999,-3.9599998,3
867264029879028,2024-03-07T17:42:15.158Z,ak09918c magnetic field sensor,16.32,-12.78,-4.14,3
867264049879028,2024-03-07T17:42:15.178Z,ak09918c magnetic field sensor,15.78,-13.139999,-5.16,3
867264069879028,2024-03-07T17:42:15.198Z,ak09918c magnetic field sensor,15.54,-12.78,-5.4,3
867264089879028,2024-03-07T17:42:15.217Z,ak09918c magnetic field sensor,15.96,-11.88,-5.2799997,3
867264109879028,2024-03-07T17:42:15.238Z,ak09918c magnetic field sensor,16.44,-11.639999,-5.64,3
867264129879028,2024-03-07T17:42:15.258Z,ak09918c magnetic field sensor,16.14,-11.5199995,-6.12,3
867264149879028,2024-03-07T17:42:15.278Z,ak09918c magnetic field sensor,15.599999,-11.88,-5.8799996,3
867264169879028,2024-03-07T17:42:15.298Z,ak09918c magnetic field sensor,15.96,-12.0,-5.16,3
867264189879028,2024-03-07T17:42:15.318Z,ak09918c magnetic field sensor,16.38,-12.059999,-5.46,3
867264209879028,2024-03-07T17:42:15.338Z,ak09918c magnetic field sensor,16.5,-12.599999,-5.2799997,3
867264229879028,2024-03-07T17:42:15.358Z,ak09918c magnetic field sensor,15.719999,-12.9,-4.7999997,3
867264249879028,2024-03-07T17:42:15.378Z,ak09918c magnetic field sensor,15.78,-12.719999,-4.2599998,3
867264269879028,2024-03-07T17:42:15.398Z,ak09918c magnetic field sensor,16.859999,-12.54,-3.48,3
867264289879028,2024-03-07T17:42:15.418Z,ak09918c magnetic field sensor,16.5,-12.66,-3.78,3
867264309879028,2024-03-07T17:42:15.438Z,ak09918c magnetic field sensor,16.56,-11.7,-4.02,3
867264329879028,2024-03-07T17:42:15.457Z,ak09918c magnetic field sensor,17.16,-10.74,-4.08,3
867264349879028,2024-03-07T17:42:15.478Z,ak09918c magnetic field sensor,17.279999,-9.54,-3.8999999,3
867264369879028,2024-03-07T17:42:15.498Z,ak09918c magnetic field sensor,17.46,-9.24,-4.02,3
867264389879028,2024-03-07T17:42:15.517Z,ak09918c magnetic field sensor,17.279999,-10.139999,-4.98,3
867264409879028,2024-03-07T17:42:15.537Z,ak09918c magnetic field sensor,17.58,-10.38,-4.3199997,3
867264429879261,2024-03-07T17:42:15.558Z,ak09918c magnetic field sensor,17.699999,-10.0199995,-4.14,3
867264449879261,2024-03-07T17:42:15.578Z,ak09918c magnetic field sensor,17.82,-9.54,-5.3399997,3
867264469879261,2024-03-07T17:42:15.598Z,ak09918c magnetic field sensor,18.24,-8.88,-5.7599998,3
867264489879261,2024-03-07T17:42:15.618Z,ak09918c magnetic field sensor,17.88,-9.0,-5.64,3
867264509879261,2024-03-07T17:42:15.638Z,ak09918c magnetic field sensor,17.94,-9.84,-5.2799997,3
867264529879027,2024-03-07T17:42:15.658Z,ak09918c magnetic field sensor,18.18,-10.32,-5.22,3
867264549879027,2024-03-07T17:42:15.678Z,ak09918c magnetic field sensor,17.16,-10.2,-5.1,3
867264569879027,2024-03-07T17:42:15.698Z,ak09918c magnetic field sensor,17.76,-9.9,-4.98,3
867264589879027,2024-03-07T17:42:15.718Z,ak09918c magnetic field sensor,18.119999,-9.78,-4.7999997,3
867264609879027,2024-03-07T17:42:15.738Z,ak09918c magnetic field sensor,17.039999,-9.78,-4.92,3
867264629879027,2024-03-07T17:42:15.758Z,ak09918c magnetic field sensor,17.22,-9.719999,-5.2799997,3
867264649879027,2024-03-07T17:42:15.778Z,ak09918c magnetic field sensor,17.58,-10.32,-4.98,3
867264669879027,2024-03-07T17:42:15.798Z,ak09918c magnetic field sensor,17.039999,-9.96,-5.52,3
867264689879027,2024-03-07T17:42:15.818Z,ak09918c magnetic field sensor,16.92,-9.179999,-5.8199997,3
867264709879027,2024-03-07T17:42:15.838Z,ak09918c magnetic field sensor,17.22,-9.42,-4.62,3
867264729879027,2024-03-07T17:42:15.858Z,ak09918c magnetic field sensor,16.74,-9.48,-3.6,3
867264749879027,2024-03-07T17:42:15.878Z,ak09918c magnetic field sensor,17.4,-9.42,-4.14,3
867264769879027,2024-03-07T17:42:15.898Z,ak09918c magnetic field sensor,18.779999,-9.36,-5.16,3
867264789879027,2024-03-07T17:42:15.918Z,ak09918c magnetic field sensor,18.0,-9.78,-4.56,3
867264809879027,2024-03-07T17:42:15.938Z,ak09918c magnetic field sensor,16.98,-9.9,-4.2,3
867264829879027,2024-03-07T17:42:15.958Z,ak09918c magnetic field sensor,16.92,-9.78,-4.98,3
867264849879027,2024-03-07T17:42:15.978Z,ak09918c magnetic field sensor,17.16,-9.719999,-5.4,3
867264869879027,2024-03-07T17:42:15.998Z,ak09918c magnetic field sensor,17.22,-9.66,-5.94,3
867264889879027,2024-03-07T17:42:16.018Z,ak09918c magnetic field sensor,16.619999,-9.599999,-6.06,3
867264909879027,2024-03-07T17:42:16.038Z,ak09918c magnetic field sensor,16.98,-9.599999,-6.66,3
867264929879260,2024-03-07T17:42:16.057Z,ak09918c magnetic field sensor,16.74,-9.9,-6.66,3
867264949879260,2024-03-07T17:42:16.078Z,ak09918c magnetic field sensor,16.44,-10.44,-6.48,3
867264969879260,2024-03-07T17:42:16.098Z,ak09918c magnetic field sensor,16.8,-10.5,-7.02,3
867264989879260,2024-03-07T17:42:16.118Z,ak09918c magnetic field sensor,16.56,-10.08,-6.8399997,3
867265009879260,2024-03-07T17:42:16.138Z,ak09918c magnetic field sensor,16.98,-9.9,-6.54,3
867265029879026,2024-03-07T17:42:16.158Z,ak09918c magnetic field sensor,16.56,-9.96,-6.48,3
867265049879026,2024-03-07T17:42:16.178Z,ak09918c magnetic field sensor,15.839999,-11.16,-6.0,3
867265069879026,2024-03-07T17:42:16.198Z,ak09918c magnetic field sensor,17.039999,-10.8,-5.8199997,3
867265089879026,2024-03-07T17:42:16.218Z,ak09918c magnetic field sensor,17.58,-9.24,-6.2999997,3
867265109879026,2024-03-07T17:42:16.238Z,ak09918c magnetic field sensor,16.98,-8.88,-6.8399997,3
867265129879026,2024-03-07T17:42:16.258Z,ak09918c magnetic field sensor,16.92,-9.24,-8.22,3
867265149879026,2024-03-07T17:42:16.277Z,ak09918c magnetic field sensor,17.22,-9.42,-8.5199995,3
867265169879026,2024-03-07T17:42:16.298Z,ak09918c magnetic field sensor,18.0,-8.88,-8.099999,3
867265189879026,2024-03-07T17:42:16.318Z,ak09918c magnetic field sensor,18.0,-8.58,-7.9199996,3
867265209879026,2024-03-07T17:42:16.338Z,ak09918c magnetic field sensor,17.58,-8.82,-7.3199997,3
867265229879026,2024-03-07T17:42:16.358Z,ak09918c magnetic field sensor,17.82,-9.599999,-7.2599998,3
867265249879026,2024-03-07T17:42:16.377Z,ak09918c magnetic field sensor,18.0,-9.36,-7.2599998,3
867265269879026,2024-03-07T17:42:16.398Z,ak09918c magnetic field sensor,17.64,-9.059999,-6.8999996,3
867265289879026,2024-03-07T17:42:16.418Z,ak09918c magnetic field sensor,16.8,-9.54,-6.66,3
867265309879026,2024-03-07T17:42:16.438Z,ak09918c magnetic field sensor,17.22,-10.2,-6.06,3
867265329879026,2024-03-07T17:42:16.458Z,ak09918c magnetic field sensor,17.34,-9.84,-5.64,3
867265349879026,2024-03-07T17:42:16.478Z,ak09918c magnetic field sensor,17.699999,-9.059999,-6.3599997,3
867265369879026,2024-03-07T17:42:16.498Z,ak09918c magnetic field sensor,18.84,-9.24,-6.48,3
867265389879026,2024-03-07T17:42:16.518Z,ak09918c magnetic field sensor,18.6,-9.599999,-6.66,3
867265409879026,2024-03-07T17:42:16.538Z,ak09918c magnetic field sensor,18.42,-8.82,-7.2599998,3
867265429879259,2024-03-07T17:42:16.558Z,ak09918c magnetic field sensor,18.84,-8.4,-6.7799997,3
867265449879259,2024-03-07T17:42:16.578Z,ak09918c magnetic field sensor,18.539999,-8.34,-6.18,3
867265469879259,2024-03-07T17:42:16.598Z,ak09918c magnetic field sensor,18.3,-7.8599997,-6.48,3
867265489879259,2024-03-07T17:42:16.618Z,ak09918c magnetic field sensor,18.66,-8.04,-6.48,3
867265509879259,2024-03-07T17:42:16.638Z,ak09918c magnetic field sensor,19.5,-8.46,-6.7799997,3
867265529879025,2024-03-07T17:42:16.658Z,ak09918c magnetic field sensor,19.619999,-8.4,-6.66,3
867265549879025,2024-03-07T17:42:16.678Z,ak09918c magnetic field sensor,18.66,-8.82,-6.12,3
867265569879025,2024-03-07T17:42:16.698Z,ak09918c magnetic field sensor,18.96,-9.3,-6.66,3
867265589879025,2024-03-07T17:42:16.717Z,ak09918c magnetic field sensor,19.02,-9.0,-6.6,3
867265609879025,2024-03-07T17:42:16.738Z,ak09918c magnetic field sensor,18.48,-8.58,-6.7799997,3
867265629879025,2024-03-07T17:42:16.758Z,ak09918c magnetic field sensor,18.0,-9.24,-6.96,3
867265649879025,2024-03-07T17:42:16.778Z,ak09918c magnetic field sensor,18.3,-8.76,-7.3199997,3
867265669879025,2024-03-07T17:42:16.798Z,ak09918c magnetic field sensor,19.859999,-7.9199996,-7.3799996,3
867265689879025,2024-03-07T17:42:16.818Z,ak09918c magnetic field sensor,19.74,-8.46,-6.24,3
867265709879025,2024-03-07T17:42:16.837Z,ak09918c magnetic field sensor,19.26,-9.12,-5.8199997,3
867265729879025,2024-03-07T17:42:16.858Z,ak09918c magnetic field sensor,19.32,-9.84,-6.72,3
867265749879025,2024-03-07T17:42:16.878Z,ak09918c magnetic field sensor,19.619999,-9.48,-6.72,3
867265769879025,2024-03-07T17:42:16.898Z,ak09918c magnetic field sensor,20.16,-8.7,-5.94,3
867265789879025,2024-03-07T17:42:16.918Z,ak09918c magnetic field sensor,20.699999,-8.7,-5.52,3
867265809879025,2024-03-07T17:42:16.938Z,ak09918c magnetic field sensor,20.939999,-9.66,-5.22,3
867265829879025,2024-03-07T17:42:16.957Z,ak09918c magnetic field sensor,20.76,-9.42,-5.4,3
867265849879025,2024-03-07T17:42:16.978Z,ak09918c magnetic field sensor,20.52,-8.88,-5.3399997,3
867265869879258,2024-03-07T17:42:16.998Z,ak09918c magnetic field sensor,20.34,-9.719999,-5.16,3
867265889879258,2024-03-07T17:42:17.018Z,ak09918c magnetic field sensor,20.4,-9.719999,-5.1,3
867265909879258,2024-03-07T17:42:17.038Z,ak09918c magnetic field sensor,20.64,-9.3,-5.46,3
867265929879491,2024-03-07T17:42:17.058Z,ak09918c magnetic field sensor,20.34,-9.66,-5.8799996,3
867265949879491,2024-03-07T17:42:17.078Z,ak09918c magnetic field sensor,19.92,-10.2,-6.06,3
867265969879491,2024-03-07T17:42:17.097Z,ak09918c magnetic field sensor,19.38,-9.66,-7.3199997,3
867265989879491,2024-03-07T17:42:17.118Z,ak09918c magnetic field sensor,19.32,-9.719999,-7.2,3
867266009879491,2024-03-07T17:42:17.138Z,ak09918c magnetic field sensor,19.619999,-9.66,-5.8199997,3
867266029879257,2024-03-07T17:42:17.158Z,ak09918c magnetic field sensor,20.1,-9.54,-5.7599998,3
867266049879257,2024-03-07T17:42:17.178Z,ak09918c magnetic field sensor,20.1,-9.179999,-5.64,3
867266069879257,2024-03-07T17:42:17.198Z,ak09918c magnetic field sensor,19.98,-8.7,-5.8199997,3
867266089879257,2024-03-07T17:42:17.217Z,ak09918c magnetic field sensor,20.279999,-8.76,-6.12,3
867266109879257,2024-03-07T17:42:17.238Z,ak09918c magnetic field sensor,20.279999,-8.7,-6.0,3
867266129879257,2024-03-07T17:42:17.257Z,ak09918c magnetic field sensor,20.82,-8.34,-6.54,3
867226234224464,2024-03-07T17:41:37.363Z,lsm6dso gyroscope sensor,-0.09674578,0.0022907446,0.028863383,3
867226414269401,2024-03-07T17:41:37.543Z,lsm6dso gyroscope sensor,-0.12728904,0.010231993,0.19807306,3
867226594310283,2024-03-07T17:41:37.723Z,lsm6dso gyroscope sensor,-0.5090798,0.7664832,-0.27168232,3
867226774347727,2024-03-07T17:41:37.903Z,lsm6dso gyroscope sensor,-0.3459788,0.313832,-0.20998493,3
867226954381937,2024-03-07T17:41:38.083Z,lsm6dso gyroscope sensor,-0.2561816,0.05665775,0.20540343,3
867227134413387,2024-03-07T17:41:38.263Z,lsm6dso gyroscope sensor,0.2233476,0.18616119,0.15714508,3
867227314442387,2024-03-07T17:41:38.443Z,lsm6dso gyroscope sensor,-0.11018482,0.4213443,-0.052381694,3
867227494468114,2024-03-07T17:41:38.623Z,lsm6dso gyroscope sensor,0.015653422,0.0047342055,0.5627596,3
867227674492635,2024-03-07T17:41:38.803Z,lsm6dso gyroscope sensor,-0.48769954,0.25457808,0.17119499,3
867227854515218,2024-03-07T17:41:38.983Z,lsm6dso gyroscope sensor,-0.40095666,-0.23167065,-0.463494,3
867228034535938,2024-03-07T17:41:39.163Z,lsm6dso gyroscope sensor,-0.13217597,-0.029474247,-0.22586742,3
867228214555053,2024-03-07T17:41:39.343Z,lsm6dso gyroscope sensor,0.34552065,0.36942077,-0.100029185,3
867228394572941,2024-03-07T17:41:39.523Z,lsm6dso gyroscope sensor,0.026648996,0.009010263,0.29947668,3
867228574589155,2024-03-07T17:41:39.703Z,lsm6dso gyroscope sensor,-0.10835222,0.35414913,0.088728175,3
867228754604223,2024-03-07T17:41:39.883Z,lsm6dso gyroscope sensor,-0.62453336,0.5710063,-0.23319781,3
867228934618089,2024-03-07T17:41:40.063Z,lsm6dso gyroscope sensor,-0.2195297,-0.10888673,-0.3987423,3
867229114631155,2024-03-07T17:41:40.243Z,lsm6dso gyroscope sensor,0.41638103,-0.025198191,0.039858956,3
867229294644255,2024-03-07T17:41:40.423Z,lsm6dso gyroscope sensor,0.0077121737,0.56489766,-0.094531395,3
867229474656155,2024-03-07T17:41:40.603Z,lsm6dso gyroscope sensor,-0.17188221,-0.13820826,0.11560625,3
867229654668821,2024-03-07T17:41:40.783Z,lsm6dso gyroscope sensor,0.092622444,0.16539176,0.14492778,3
867229834647387,2024-03-07T17:41:40.963Z,lsm6dso gyroscope sensor,-0.11446088,0.9808969,0.30069843,3
867230014625953,2024-03-07T17:41:41.143Z,lsm6dso gyroscope sensor,-0.18409951,-0.029474247,-0.5141958,3
867230194604919,2024-03-07T17:41:41.323Z,lsm6dso gyroscope sensor,0.12927435,-0.13515393,-0.26251933,3
867230374583485,2024-03-07T17:41:41.503Z,lsm6dso gyroscope sensor,0.0028252518,0.17638734,-0.44394633,3
867230554595451,2024-03-07T17:41:41.683Z,lsm6dso gyroscope sensor,-0.030772336,-0.18219055,0.15775596,3
867230734607351,2024-03-07T17:41:41.863Z,lsm6dso gyroscope sensor,-0.13523029,0.049938235,0.18341228,3
867230914652651,2024-03-07T17:41:42.043Z,lsm6dso gyroscope sensor,-0.55611646,0.32177326,-0.399964,3
867231096453139,2024-03-07T17:41:42.225Z,lsm6dso gyroscope sensor,-0.043600507,-0.09239337,-0.18616119,3
867231276498472,2024-03-07T17:41:42.405Z,lsm6dso gyroscope sensor,0.20196733,0.04444045,-0.1085813,3
867231456543705,2024-03-07T17:41:42.585Z,lsm6dso gyroscope sensor,0.44936773,0.3199407,0.14676037,3
867231636589005,2024-03-07T17:41:42.765Z,lsm6dso gyroscope sensor,0.2447279,0.60032785,0.33673948,3
867231816634238,2024-03-07T17:41:42.945Z,lsm6dso gyroscope sensor,-0.11690433,0.19593503,0.31963524,3
867231996679571,2024-03-07T17:41:43.125Z,lsm6dso gyroscope sensor,-0.14500414,0.50686544,0.3642284,3
867232176724104,2024-03-07T17:41:43.305Z,lsm6dso gyroscope sensor,0.3815617,0.01450805,-0.1965459,3
867232356769404,2024-03-07T17:41:43.485Z,lsm6dso gyroscope sensor,0.08712465,-0.29703322,-0.41157046,3
867232536814637,2024-03-07T17:41:43.664Z,lsm6dso gyroscope sensor,0.013209961,-0.84497935,0.11438452,3
867232716859937,2024-03-07T17:41:43.845Z,lsm6dso gyroscope sensor,-0.2494621,-0.15470162,-0.01572978,3
867232896905870,2024-03-07T17:41:44.024Z,lsm6dso gyroscope sensor,-0.069867715,-0.91339624,0.5902485,3
867233076951170,2024-03-07T17:41:44.204Z,lsm6dso gyroscope sensor,-0.29405525,-0.37827832,-0.35537085,3
867233256996403,2024-03-07T17:41:44.385Z,lsm6dso gyroscope sensor,-0.071700305,0.603993,-0.11835514,3
867233437041736,2024-03-07T17:41:44.566Z,lsm6dso gyroscope sensor,0.30153835,0.15317446,-0.48243082,3
867233617086969,2024-03-07T17:41:44.745Z,lsm6dso gyroscope sensor,0.34368807,-0.6000224,0.60246587,3
867233797132202,2024-03-07T17:41:44.926Z,lsm6dso gyroscope sensor,-0.30749428,0.059101213,0.001985312,3
867233977177668,2024-03-07T17:41:45.106Z,lsm6dso gyroscope sensor,-0.27145323,-0.31230485,0.27320948,3
867234157222234,2024-03-07T17:41:45.286Z,lsm6dso gyroscope sensor,-0.10224357,-0.7490735,0.06918049,3
867234337267467,2024-03-07T17:41:45.466Z,lsm6dso gyroscope sensor,0.06391177,0.25213462,-0.082924955,3
867234517312700,2024-03-07T17:41:45.646Z,lsm6dso gyroscope sensor,0.53672147,-0.7673995,-0.24419338,3
867234697357933,2024-03-07T17:41:45.826Z,lsm6dso gyroscope sensor,-0.069867715,-0.77350813,0.11499538,3
867234877403166,2024-03-07T17:41:46.006Z,lsm6dso gyroscope sensor,-0.14928019,0.45005497,-0.0346666,3
867235057448399,2024-03-07T17:41:46.186Z,lsm6dso gyroscope sensor,0.5269476,0.31444287,0.9494373,3
867235237493632,2024-03-07T17:41:46.366Z,lsm6dso gyroscope sensor,-0.33803755,-0.56337047,-0.22159137,3
867235417538932,2024-03-07T17:41:46.546Z,lsm6dso gyroscope sensor,0.20685424,0.55878896,0.120493166,3
867235597584198,2024-03-07T17:41:46.726Z,lsm6dso gyroscope sensor,0.20196733,-1.0893254,-0.18066339,3
867235777629498,2024-03-07T17:41:46.906Z,lsm6dso gyroscope sensor,-0.1474476,-0.8223773,0.16875152,3
867235957641398,2024-03-07T17:41:47.086Z,lsm6dso gyroscope sensor,-0.20731239,0.09697486,-0.14889841,3
867236137653364,2024-03-07T17:41:47.266Z,lsm6dso gyroscope sensor,-0.15355626,-1.2493721,0.42164972,3
867236317631930,2024-03-07T17:41:47.446Z,lsm6dso gyroscope sensor,0.18364136,-0.50594914,0.16508633,3
867236497610563,2024-03-07T17:41:47.625Z,lsm6dso gyroscope sensor,0.33147076,0.52763486,0.06001751,3
867236677589129,2024-03-07T17:41:47.806Z,lsm6dso gyroscope sensor,0.061468314,-0.2396119,-0.17944166,3
867236857567762,2024-03-07T17:41:47.986Z,lsm6dso gyroscope sensor,0.4084398,-0.11682798,0.45952338,3
867237037546328,2024-03-07T17:41:48.166Z,lsm6dso gyroscope sensor,0.003436117,0.4512767,0.23289238,3
867237217524961,2024-03-07T17:41:48.346Z,lsm6dso gyroscope sensor,0.039477166,-0.4998405,0.61285055,3
867237397503527,2024-03-07T17:41:48.525Z,lsm6dso gyroscope sensor,-0.2354122,0.053603426,-0.023060163,3
867237577482860,2024-03-07T17:41:48.706Z,lsm6dso gyroscope sensor,0.0687987,0.2612976,-0.034055736,3
867237757461426,2024-03-07T17:41:48.886Z,lsm6dso gyroscope sensor,0.12683089,-0.42348233,-0.46715918,3
867237937440059,2024-03-07T17:41:49.066Z,lsm6dso gyroscope sensor,0.6894378,0.0627664,0.5493206,3
867238117418625,2024-03-07T17:41:49.246Z,lsm6dso gyroscope sensor,-0.119347796,0.3407101,0.21090123,3
867238297397258,2024-03-07T17:41:49.426Z,lsm6dso gyroscope sensor,0.2777146,0.010231993,0.5401576,3
867238477375824,2024-03-07T17:41:49.606Z,lsm6dso gyroscope sensor,0.56543213,0.4512767,0.027641652,3
867238657354390,2024-03-07T17:41:49.786Z,lsm6dso gyroscope sensor,1.2276101,0.34132096,0.28603765,3
867238837332956,2024-03-07T17:41:49.966Z,lsm6dso gyroscope sensor,1.4353043,-0.07467828,0.71791935,3
867239017311522,2024-03-07T17:41:50.146Z,lsm6dso gyroscope sensor,1.626505,-0.13637567,0.77656245,3
867239197290155,2024-03-07T17:41:50.326Z,lsm6dso gyroscope sensor,1.840308,0.09819659,0.5401576,3
867239377302055,2024-03-07T17:41:50.506Z,lsm6dso gyroscope sensor,0.45425466,-0.30863968,-0.045662176,3
867239557314721,2024-03-07T17:41:50.686Z,lsm6dso gyroscope sensor,0.039477166,0.13607024,0.29825497,3
867239737326621,2024-03-07T17:41:50.866Z,lsm6dso gyroscope sensor,-0.25373816,-0.31597003,-0.399964,3
867239917338587,2024-03-07T17:41:51.046Z,lsm6dso gyroscope sensor,-0.286114,0.13179417,0.13148874,3
867240097350487,2024-03-07T17:41:51.226Z,lsm6dso gyroscope sensor,-0.44982588,-0.2939789,-0.3791946,3
867240277362453,2024-03-07T17:41:51.406Z,lsm6dso gyroscope sensor,0.53000194,2.3480134,0.1693624,3
867240457374353,2024-03-07T17:41:51.586Z,lsm6dso gyroscope sensor,0.30581442,1.3950635,0.6036876,3
867240637386319,2024-03-07T17:41:51.766Z,lsm6dso gyroscope sensor,0.09506591,0.24113905,0.40332377,3
867240817398219,2024-03-07T17:41:51.946Z,lsm6dso gyroscope sensor,0.28199068,0.27046058,0.32330042,3
867240997410185,2024-03-07T17:41:52.126Z,lsm6dso gyroscope sensor,0.14149167,-0.19257528,-0.018784106,3
867241177422118,2024-03-07T17:41:52.305Z,lsm6dso gyroscope sensor,0.8262716,1.0157162,-0.0047342055,3
867241357434084,2024-03-07T17:41:52.486Z,lsm6dso gyroscope sensor,0.1689806,0.19837849,-0.1085813,3
867241537445984,2024-03-07T17:41:52.666Z,lsm6dso gyroscope sensor,0.09873109,0.13973543,0.33001995,3
867241717457950,2024-03-07T17:41:52.846Z,lsm6dso gyroscope sensor,-0.3288746,0.74021596,0.052687127,3
867241897469850,2024-03-07T17:41:53.026Z,lsm6dso gyroscope sensor,-0.4547128,0.5581781,-0.18799378,3
867242077481816,2024-03-07T17:41:53.206Z,lsm6dso gyroscope sensor,-0.22747095,0.11346822,-0.54351735,3
867242257493716,2024-03-07T17:41:53.386Z,lsm6dso gyroscope sensor,0.013209961,-0.25305092,-0.6363689,3
867242437505682,2024-03-07T17:41:53.566Z,lsm6dso gyroscope sensor,0.7902306,0.28084528,0.30192015,3
867242617517582,2024-03-07T17:41:53.746Z,lsm6dso gyroscope sensor,0.2410627,0.72616607,0.48640144,3
867242797529482,2024-03-07T17:41:53.926Z,lsm6dso gyroscope sensor,-0.12667818,-0.91645056,0.6030767,3
867242977541382,2024-03-07T17:41:54.106Z,lsm6dso gyroscope sensor,-0.7057784,-0.54076844,-0.47815478,3
867243157552615,2024-03-07T17:41:54.286Z,lsm6dso gyroscope sensor,-0.23296873,0.4989242,-0.01450805,3
867243337564515,2024-03-07T17:41:54.465Z,lsm6dso gyroscope sensor,-0.10896309,-0.6623306,-0.70234233,3
867243517576415,2024-03-07T17:41:54.646Z,lsm6dso gyroscope sensor,-0.24213171,-0.6275113,0.09056077,3
867243696241398,2024-03-07T17:41:54.825Z,lsm6dso gyroscope sensor,0.1390482,-0.02275473,-0.0926988,3
867243876253298,2024-03-07T17:41:55.005Z,lsm6dso gyroscope sensor,0.30459267,0.08597928,0.88712907,3
867244056265264,2024-03-07T17:41:55.185Z,lsm6dso gyroscope sensor,-0.28183794,-0.5572618,-0.23869559,3
867244236277164,2024-03-07T17:41:55.365Z,lsm6dso gyroscope sensor,0.076739945,0.44944412,-0.10186178,3
867244416289164,2024-03-07T17:41:55.545Z,lsm6dso gyroscope sensor,0.33819026,-0.62690043,-0.25579983,3
867244596301064,2024-03-07T17:41:55.725Z,lsm6dso gyroscope sensor,0.02603813,-0.4699081,0.22250767,3
867244776279697,2024-03-07T17:41:55.905Z,lsm6dso gyroscope sensor,-0.21647537,0.7414377,0.10705414,3
867244956258263,2024-03-07T17:41:56.085Z,lsm6dso gyroscope sensor,0.59353197,0.10980303,1.0606148,3
867245136236896,2024-03-07T17:41:56.265Z,lsm6dso gyroscope sensor,-0.13767375,-0.18891008,0.0954477,3
867245316248829,2024-03-07T17:41:56.445Z,lsm6dso gyroscope sensor,0.4078289,0.61743206,0.49189925,3
867245496260795,2024-03-07T17:41:56.624Z,lsm6dso gyroscope sensor,0.760909,0.81596327,-0.30711251,3
867245676272695,2024-03-07T17:41:56.805Z,lsm6dso gyroscope sensor,-0.16943875,-0.14004086,-0.20326541,3
867245856284661,2024-03-07T17:41:56.985Z,lsm6dso gyroscope sensor,-0.21036673,0.6217081,-0.1647809,3
867246036296561,2024-03-07T17:41:57.165Z,lsm6dso gyroscope sensor,-0.06681339,1.2692252,0.6042985,3
867246216308527,2024-03-07T17:41:57.345Z,lsm6dso gyroscope sensor,0.10972667,-0.04352415,-0.23808473,3
867246396320427,2024-03-07T17:41:57.525Z,lsm6dso gyroscope sensor,0.5287802,0.16722436,0.30863968,3
867246576332493,2024-03-07T17:41:57.705Z,lsm6dso gyroscope sensor,0.037644573,0.96929044,-0.34498614,3
867246756344393,2024-03-07T17:41:57.885Z,lsm6dso gyroscope sensor,0.13293955,0.64980793,0.3135266,3
867246936356293,2024-03-07T17:41:58.065Z,lsm6dso gyroscope sensor,-0.4724279,-0.48151454,0.028252518,3
867247116368193,2024-03-07T17:41:58.245Z,lsm6dso gyroscope sensor,-0.80168426,0.70478576,-0.61193424,3
867247296380093,2024-03-07T17:41:58.425Z,lsm6dso gyroscope sensor,-0.2946661,-0.15286903,-0.23564127,3
867247476385026,2024-03-07T17:41:58.605Z,lsm6dso gyroscope sensor,-0.21219932,-0.3941608,-0.52274793,3
867247656390759,2024-03-07T17:41:58.785Z,lsm6dso gyroscope sensor,0.1830305,-0.714865,0.38133264,3
867247836396892,2024-03-07T17:41:58.965Z,lsm6dso gyroscope sensor,0.48235446,0.472657,0.27259862,3
867248016403825,2024-03-07T17:41:59.144Z,lsm6dso gyroscope sensor,0.50373477,-0.70386946,0.3819435,3
867248196411525,2024-03-07T17:41:59.325Z,lsm6dso gyroscope sensor,-0.020998493,-0.4644103,-0.023060163,3
867248376419958,2024-03-07T17:41:59.505Z,lsm6dso gyroscope sensor,0.46891543,0.31627548,0.16997325,3
867248556429858,2024-03-07T17:41:59.685Z,lsm6dso gyroscope sensor,0.2923754,-0.6049093,-0.10980303,3
867248736439791,2024-03-07T17:41:59.865Z,lsm6dso gyroscope sensor,-0.36247218,-0.38560867,-0.16417004,3
867248916450391,2024-03-07T17:42:00.045Z,lsm6dso gyroscope sensor,-0.23663393,0.7841983,-0.3016147,3
867249096461724,2024-03-07T17:42:00.225Z,lsm6dso gyroscope sensor,-0.05215262,-0.6232353,0.16630806,3
867249276473824,2024-03-07T17:42:00.405Z,lsm6dso gyroscope sensor,0.014431692,-0.8339838,-0.01695151,3
867249456486657,2024-03-07T17:42:00.585Z,lsm6dso gyroscope sensor,0.42493314,0.17272215,0.29642236,3
867249636500257,2024-03-07T17:42:00.765Z,lsm6dso gyroscope sensor,0.46158504,-0.11010846,-0.075594574,3
867249816514557,2024-03-07T17:42:00.945Z,lsm6dso gyroscope sensor,-0.58238363,-0.35995236,-0.15317446,3
867249996529357,2024-03-07T17:42:01.124Z,lsm6dso gyroscope sensor,-0.27511844,0.409127,-0.20998493,3
867250176544890,2024-03-07T17:42:01.305Z,lsm6dso gyroscope sensor,-0.023441954,0.24785857,0.660498,3
867250356561190,2024-03-07T17:42:01.485Z,lsm6dso gyroscope sensor,-0.057650406,-0.47907108,-0.24602598,3
867250536578223,2024-03-07T17:42:01.665Z,lsm6dso gyroscope sensor,0.030925052,0.35170567,0.11927144,3
867250716562689,2024-03-07T17:42:01.845Z,lsm6dso gyroscope sensor,0.5269476,-0.105832405,0.01786781,3
867250896547889,2024-03-07T17:42:02.025Z,lsm6dso gyroscope sensor,-0.34536794,-0.27137688,-0.122020334,3
867251076533755,2024-03-07T17:42:02.205Z,lsm6dso gyroscope sensor,-0.23113614,-0.007483099,-0.1366811,3
867251256520355,2024-03-07T17:42:02.385Z,lsm6dso gyroscope sensor,-0.25251642,0.011453724,0.3031419,3
867251436507721,2024-03-07T17:42:02.565Z,lsm6dso gyroscope sensor,-0.09980011,-0.066737026,-0.205098,3
867251616495821,2024-03-07T17:42:02.745Z,lsm6dso gyroscope sensor,0.4695263,0.73532903,0.3727805,3
867251796484921,2024-03-07T17:42:02.925Z,lsm6dso gyroscope sensor,0.24533875,0.075594574,-0.19349156,3
867251976474387,2024-03-07T17:42:03.105Z,lsm6dso gyroscope sensor,-0.36063957,-0.37400225,-0.39629883,3
867252156464420,2024-03-07T17:42:03.285Z,lsm6dso gyroscope sensor,-0.08636107,-0.12293663,0.060628377,3
867252336455253,2024-03-07T17:42:03.465Z,lsm6dso gyroscope sensor,0.015042556,0.2771801,0.27748555,3
867252516446786,2024-03-07T17:42:03.645Z,lsm6dso gyroscope sensor,-0.19631682,0.3932445,-0.23869559,3
867252696439119,2024-03-07T17:42:03.825Z,lsm6dso gyroscope sensor,-0.0008399397,0.20021108,-0.0035124752,3
867252876439119,2024-03-07T17:42:04.005Z,lsm6dso gyroscope sensor,0.018707749,0.072540246,-0.1525636,3
867253056439119,2024-03-07T17:42:04.185Z,lsm6dso gyroscope sensor,-0.15294538,-0.08750644,-0.015118915,3
867253236439119,2024-03-07T17:42:04.364Z,lsm6dso gyroscope sensor,-0.22991441,-0.21151209,0.06490443,3
867253416438619,2024-03-07T17:42:04.545Z,lsm6dso gyroscope sensor,-0.23724478,-0.12293663,0.071013086,3
867253596438619,2024-03-07T17:42:04.725Z,lsm6dso gyroscope sensor,-0.14500414,-0.3061962,-0.52824575,3
867253776438185,2024-03-07T17:42:04.905Z,lsm6dso gyroscope sensor,0.2795472,-0.26832256,-0.0786489,3
867253956438185,2024-03-07T17:42:05.085Z,lsm6dso gyroscope sensor,0.11217013,-0.3275765,-0.2454151,3
867254136437485,2024-03-07T17:42:05.265Z,lsm6dso gyroscope sensor,-0.06009387,0.05299256,-0.09758572,3
867254316437485,2024-03-07T17:42:05.445Z,lsm6dso gyroscope sensor,-0.48220176,-0.35995236,-0.2857322,3
867254496470818,2024-03-07T17:42:05.625Z,lsm6dso gyroscope sensor,-0.6147595,-0.17913623,-0.3315471,3
867254676504184,2024-03-07T17:42:05.804Z,lsm6dso gyroscope sensor,0.2111303,0.20326541,0.025809057,3
867254856537517,2024-03-07T17:42:05.985Z,lsm6dso gyroscope sensor,-0.025274549,-0.2554944,-0.4689918,3
867255036571717,2024-03-07T17:42:06.164Z,lsm6dso gyroscope sensor,0.479911,0.07315111,0.45280385,3
867255216605050,2024-03-07T17:42:06.345Z,lsm6dso gyroscope sensor,-0.10896309,0.8367327,0.18707748,3
867255396671750,2024-03-07T17:42:06.525Z,lsm6dso gyroscope sensor,0.046196684,-0.7264715,0.41981715,3
867255576738416,2024-03-07T17:42:06.705Z,lsm6dso gyroscope sensor,-0.25862506,-0.8358164,-0.29856038,3
867255756805082,2024-03-07T17:42:06.884Z,lsm6dso gyroscope sensor,0.0388663,0.8177959,0.123547494,3
867255936871748,2024-03-07T17:42:07.065Z,lsm6dso gyroscope sensor,0.5440519,-0.0050396384,-0.3315471,3
867256116937714,2024-03-07T17:42:07.245Z,lsm6dso gyroscope sensor,0.09934196,-1.1980594,0.100334615,3
867256297004380,2024-03-07T17:42:07.426Z,lsm6dso gyroscope sensor,-0.041157044,0.1385137,0.14614952,3
867256477071046,2024-03-07T17:42:07.606Z,lsm6dso gyroscope sensor,0.2935971,-0.13271047,0.7496844,3
867256657137712,2024-03-07T17:42:07.786Z,lsm6dso gyroscope sensor,0.3449098,-0.44791695,-0.18799378,3
867256837204378,2024-03-07T17:42:07.966Z,lsm6dso gyroscope sensor,0.43898302,0.48792863,0.52488595,3
867257017304411,2024-03-07T17:42:08.146Z,lsm6dso gyroscope sensor,0.60758185,0.30650163,-0.0804815,3
867257197437511,2024-03-07T17:42:08.326Z,lsm6dso gyroscope sensor,0.2111303,0.084146686,0.10949759,3
867257377570877,2024-03-07T17:42:08.506Z,lsm6dso gyroscope sensor,-0.18165605,-0.105832405,0.12782355,3
867257557704210,2024-03-07T17:42:08.686Z,lsm6dso gyroscope sensor,-0.35697436,0.47021353,0.08811731,3
867257737837576,2024-03-07T17:42:08.866Z,lsm6dso gyroscope sensor,-0.2506838,0.024281893,-0.517861,3
867257917970909,2024-03-07T17:42:09.046Z,lsm6dso gyroscope sensor,0.2496148,0.23991732,-0.06154467,3
867258098137575,2024-03-07T17:42:09.227Z,lsm6dso gyroscope sensor,0.08345947,0.63453627,-0.29794952,3
867258278304241,2024-03-07T17:42:09.407Z,lsm6dso gyroscope sensor,0.044364087,0.52213705,0.25060746,3
867258458470907,2024-03-07T17:42:09.587Z,lsm6dso gyroscope sensor,-0.12423472,0.06765333,0.29825497,3
867258638637573,2024-03-07T17:42:09.767Z,lsm6dso gyroscope sensor,-0.7082219,0.117744274,-0.43478334,3
867258818804739,2024-03-07T17:42:09.947Z,lsm6dso gyroscope sensor,-0.08636107,-0.14920384,-0.3724751,3
867258998971405,2024-03-07T17:42:10.127Z,lsm6dso gyroscope sensor,-0.0081703225,-0.34162638,-0.22953261,3
867259179138505,2024-03-07T17:42:10.308Z,lsm6dso gyroscope sensor,0.41210496,-0.042913284,0.17180584,3
867259359305205,2024-03-07T17:42:10.488Z,lsm6dso gyroscope sensor,0.16103935,0.54168475,0.39538252,3
867259539472571,2024-03-07T17:42:10.668Z,lsm6dso gyroscope sensor,0.20685424,-0.10949759,0.5224425,3
867259719639271,2024-03-07T17:42:10.848Z,lsm6dso gyroscope sensor,-0.4553237,0.031612277,-0.43172902,3
867259899772604,2024-03-07T17:42:11.027Z,lsm6dso gyroscope sensor,-0.25434902,0.14950927,-0.32543847,3
867260079905937,2024-03-07T17:42:11.207Z,lsm6dso gyroscope sensor,-0.09980011,-0.13148874,-0.56489766,3
867260260039270,2024-03-07T17:42:11.389Z,lsm6dso gyroscope sensor,-0.006948592,0.065209866,-0.0010690142,3
867260441877502,2024-03-07T17:42:11.570Z,lsm6dso gyroscope sensor,-0.072922036,0.549626,0.20723604,3
867260622010868,2024-03-07T17:42:11.751Z,lsm6dso gyroscope sensor,0.2270128,-0.39171734,0.6421721,3
867260802110834,2024-03-07T17:42:11.931Z,lsm6dso gyroscope sensor,-0.49441907,-0.007483099,-0.26068676,3
867260982210867,2024-03-07T17:42:12.111Z,lsm6dso gyroscope sensor,0.082237735,0.45860708,0.111941054,3
867261162310867,2024-03-07T17:42:12.291Z,lsm6dso gyroscope sensor,0.12927435,-0.4644103,-0.4017966,3
867261342410900,2024-03-07T17:42:12.470Z,lsm6dso gyroscope sensor,-0.22686008,-0.42959097,0.20295998,3
867261522511600,2024-03-07T17:42:12.651Z,lsm6dso gyroscope sensor,-0.15233453,0.36392298,-0.018784106,3
867261702611600,2024-03-07T17:42:12.831Z,lsm6dso gyroscope sensor,0.40660718,-0.53893584,0.63423085,3
867261882711600,2024-03-07T17:42:13.011Z,lsm6dso gyroscope sensor,-0.2054798,-0.39904773,-0.2454151,3
867262062810900,2024-03-07T17:42:13.191Z,lsm6dso gyroscope sensor,0.2862667,0.3211624,0.19257528,3
867262242910900,2024-03-07T17:42:13.371Z,lsm6dso gyroscope sensor,0.6130796,-0.26710084,-0.25457808,3
867262422977066,2024-03-07T17:42:13.551Z,lsm6dso gyroscope sensor,-0.40095666,-0.12782355,-0.18371773,3
867262603010399,2024-03-07T17:42:13.732Z,lsm6dso gyroscope sensor,-0.4553237,0.03894266,-0.16600263,3
867262783043699,2024-03-07T17:42:13.912Z,lsm6dso gyroscope sensor,-0.006337727,-0.47540587,0.66599584,3
867262963077032,2024-03-07T17:42:14.092Z,lsm6dso gyroscope sensor,-0.031994067,-0.32268956,-0.23564127,3
867263143110332,2024-03-07T17:42:14.272Z,lsm6dso gyroscope sensor,0.44081563,0.3840815,0.3483459,3
867263323143665,2024-03-07T17:42:14.452Z,lsm6dso gyroscope sensor,0.4805219,-0.02275473,-0.09208794,3
867263503143665,2024-03-07T17:42:14.632Z,lsm6dso gyroscope sensor,0.048640147,-0.0025961774,0.16203201,3
867263683143665,2024-03-07T17:42:14.812Z,lsm6dso gyroscope sensor,-0.33131805,-0.11988231,-0.040775254,3
867263863143665,2024-03-07T17:42:14.992Z,lsm6dso gyroscope sensor,0.0022143866,-0.49434268,0.63239825,3
867264043143665,2024-03-07T17:42:15.172Z,lsm6dso gyroscope sensor,-0.5793293,-0.52122074,-0.6400341,3
867264223143665,2024-03-07T17:42:15.351Z,lsm6dso gyroscope sensor,0.738307,0.17516561,0.14737125,3
867264403143665,2024-03-07T17:42:15.532Z,lsm6dso gyroscope sensor,-0.1651627,-0.54260105,-0.79213953,3
867264583143665,2024-03-07T17:42:15.712Z,lsm6dso gyroscope sensor,-0.39423716,-0.2921463,-0.027947085,3
867264763143631,2024-03-07T17:42:15.892Z,lsm6dso gyroscope sensor,0.33513594,-0.9579894,0.5035057,3
867264943143631,2024-03-07T17:42:16.072Z,lsm6dso gyroscope sensor,-0.67706776,-0.09972375,-0.40424007,3
867265123143597,2024-03-07T17:42:16.252Z,lsm6dso gyroscope sensor,0.0077121737,0.031001411,-0.26557365,3
867265303143597,2024-03-07T17:42:16.432Z,lsm6dso gyroscope sensor,0.21662809,0.14034629,-0.01695151,3
867265483143563,2024-03-07T17:42:16.612Z,lsm6dso gyroscope sensor,0.4835762,0.18188512,0.12782355,3
867265663143563,2024-03-07T17:42:16.792Z,lsm6dso gyroscope sensor,0.2813798,1.2246321,0.4100433,3
867265843143563,2024-03-07T17:42:16.972Z,lsm6dso gyroscope sensor,0.23556492,-0.27137688,0.7319693,3
867266023143529,2024-03-07T17:42:17.152Z,lsm6dso gyroscope sensor,-0.5976553,0.42073345,-0.26923886,3
867226234224464,2024-03-07T17:41:37.363Z,linear acceleration sensor,-0.084459305,-0.5785732,-1.2587421,3
867226414269401,2024-03-07T17:41:37.543Z,linear acceleration sensor,4.2199593,1.505378,-0.5725248,3
867226594310283,2024-03-07T17:41:37.723Z,linear acceleration sensor,0.9609957,-2.4897065,0.87435555,3
867226774347727,2024-03-07T17:41:37.903Z,linear acceleration sensor,-1.9454613,-0.31642067,-0.3042097,3
867226954381937,2024-03-07T17:41:38.083Z,linear acceleration sensor,2.190771,-1.4269702,-0.523571,3
867227134413387,2024-03-07T17:41:38.263Z,linear acceleration sensor,-0.8357153,2.1102931,3.1028943,3
867227314442387,2024-03-07T17:41:38.443Z,linear acceleration sensor,-2.2345448,-0.77536213,-1.6034107,3
867227494468114,2024-03-07T17:41:38.623Z,linear acceleration sensor,2.4709082,0.22902824,0.8296108,3
867227674492635,2024-03-07T17:41:38.803Z,linear acceleration sensor,1.6688938,-4.207721,2.660023,3
867227854515218,2024-03-07T17:41:38.983Z,linear acceleration sensor,-5.7230167,1.1966443,-1.5098481,3
867228034535938,2024-03-07T17:41:39.163Z,linear acceleration sensor,3.0058699,-0.60861355,0.95617914,3
867228214555053,2024-03-07T17:41:39.343Z,linear acceleration sensor,-1.7823424,3.1759143,2.8196943,3
867228394572941,2024-03-07T17:41:39.523Z,linear acceleration sensor,-4.300131,0.84320325,-1.375863,3
867228574589155,2024-03-07T17:41:39.703Z,linear acceleration sensor,2.4796295,1.4030951,0.11083889,3
867228754604223,2024-03-07T17:41:39.882Z,linear acceleration sensor,0.9798937,-1.3551425,3.6372705,3
867228934618089,2024-03-07T17:41:40.063Z,linear acceleration sensor,-4.8674803,0.9730899,-1.4623545,3
867229114631155,2024-03-07T17:41:40.243Z,linear acceleration sensor,4.3948145,-3.5851355,-0.8147502,3
867229294644255,2024-03-07T17:41:40.423Z,linear acceleration sensor,0.45787907,1.5375105,3.1037586,3
867229474656155,2024-03-07T17:41:40.603Z,linear acceleration sensor,-4.252843,-1.1495199,-2.568039,3
867229654668821,2024-03-07T17:41:40.783Z,linear acceleration sensor,1.6842089,2.1837733,0.6573837,3
867229834647387,2024-03-07T17:41:40.962Z,linear acceleration sensor,-4.898552,-1.53075,4.9992533,3
867230014625953,2024-03-07T17:41:41.143Z,linear acceleration sensor,-5.986844,0.7304741,-2.0308676,3
867230194604919,2024-03-07T17:41:41.322Z,linear acceleration sensor,5.4608965,-3.103301,-0.2642293,3
867230374583485,2024-03-07T17:41:41.503Z,linear acceleration sensor,0.19643211,2.340825,2.316006,3
867230554595451,2024-03-07T17:41:41.683Z,linear acceleration sensor,-5.922456,1.4492545,-2.1250877,3
867230734607351,2024-03-07T17:41:41.863Z,linear acceleration sensor,3.8029938,1.6587355,-0.5305388,3
867230914652651,2024-03-07T17:41:42.043Z,linear acceleration sensor,2.0715036,-1.5342975,2.716868,3
867231096453139,2024-03-07T17:41:42.225Z,linear acceleration sensor,-4.3673415,-1.2222643,-3.4070075,3
867231276498472,2024-03-07T17:41:42.405Z,linear acceleration sensor,5.6305723,-2.7757704,-0.23582101,3
867231456543705,2024-03-07T17:41:42.584Z,linear acceleration sensor,1.7637119,0.5933908,3.8750932,3
867231636589005,2024-03-07T17:41:42.765Z,linear acceleration sensor,-3.5481071,-2.0156102,-2.8613408,3
867231816634238,2024-03-07T17:41:42.945Z,linear acceleration sensor,3.9843998,1.6398325,-0.04400873,3
867231996679571,2024-03-07T17:41:43.125Z,linear acceleration sensor,5.0094547,-1.3685356,3.5541978,3
867232176724104,2024-03-07T17:41:43.305Z,linear acceleration sensor,-4.7099113,0.9254928,-2.2504437,3
867232356769404,2024-03-07T17:41:43.485Z,linear acceleration sensor,5.583888,-3.6150374,0.6060133,3
867232536814637,2024-03-07T17:41:43.665Z,linear acceleration sensor,-0.4519863,-0.23639965,0.47282505,3
867232716859937,2024-03-07T17:41:43.845Z,linear acceleration sensor,-3.9234815,-0.97613084,-2.795969,3
867232896905870,2024-03-07T17:41:44.025Z,linear acceleration sensor,5.744048,-0.6784426,-0.5187533,3
867233076951170,2024-03-07T17:41:44.205Z,linear acceleration sensor,1.1064844,-0.018309273,3.953597,3
867233256996403,2024-03-07T17:41:44.385Z,linear acceleration sensor,-3.4319592,-0.31071636,-2.589889,3
867233437041736,2024-03-07T17:41:44.565Z,linear acceleration sensor,5.250203,0.13307983,0.5011897,3
867233617086969,2024-03-07T17:41:44.746Z,linear acceleration sensor,-1.5082293,-1.1612848,-0.057042837,3
867233797132202,2024-03-07T17:41:44.926Z,linear acceleration sensor,-2.2398453,-0.18906158,-2.3818126,3
867233977177668,2024-03-07T17:41:45.106Z,linear acceleration sensor,5.459564,1.0099863,2.3641744,3
867234157222234,2024-03-07T17:41:45.286Z,linear acceleration sensor,-1.5302544,1.1369907,3.3091269,3
867234337267467,2024-03-07T17:41:45.466Z,linear acceleration sensor,-2.3230777,-0.008798219,-1.9747115,3
867234517312700,2024-03-07T17:41:45.645Z,linear acceleration sensor,2.4352703,1.0992106,1.6417584,3
867234697357933,2024-03-07T17:41:45.826Z,linear acceleration sensor,-2.8165731,-1.1807997,-2.348939,3
867234877403166,2024-03-07T17:41:46.006Z,linear acceleration sensor,1.0639582,0.10065001,-2.0669456,3
867235057448399,2024-03-07T17:41:46.186Z,linear acceleration sensor,-0.4088478,-1.3807511,3.886478,3
867235237493632,2024-03-07T17:41:46.366Z,linear acceleration sensor,-1.9740787,-1.3213916,-1.1447515,3
867235417538932,2024-03-07T17:41:46.546Z,linear acceleration sensor,-1.3717856,-0.7113249,-1.0864284,3
867235597584198,2024-03-07T17:41:46.726Z,linear acceleration sensor,0.93578815,0.8473293,-0.2310965,3
867235777629498,2024-03-07T17:41:46.906Z,linear acceleration sensor,-1.1481814,-0.70079994,-1.2191145,3
867235957641398,2024-03-07T17:41:47.085Z,linear acceleration sensor,0.064907074,0.16738868,-1.8324854,3
867236137653364,2024-03-07T17:41:47.266Z,linear acceleration sensor,2.0927896,-2.051595,-0.4830215,3
867236317631930,2024-03-07T17:41:47.446Z,linear acceleration sensor,0.22369194,-0.1954162,1.9440727,3
867236497610563,2024-03-07T17:41:47.626Z,linear acceleration sensor,-1.7443509,-0.88599145,-2.266088,3
867236677589129,2024-03-07T17:41:47.806Z,linear acceleration sensor,5.548439,-0.152206,1.9929857,3
867236857567762,2024-03-07T17:41:47.986Z,linear acceleration sensor,-1.4557767,-2.7135973,-0.16172051,3
867237037546328,2024-03-07T17:41:48.166Z,linear acceleration sensor,-0.20213318,0.45398062,-1.3038285,3
867237217524961,2024-03-07T17:41:48.346Z,linear acceleration sensor,5.50305,-2.4209151,0.8977387,3
867237397503527,2024-03-07T17:41:48.526Z,linear acceleration sensor,-0.7912655,0.21940964,2.05777,3
867237577482860,2024-03-07T17:41:48.706Z,linear acceleration sensor,-2.735341,0.08560294,-1.7926486,3
867237757461426,2024-03-07T17:41:48.886Z,linear acceleration sensor,4.473466,-0.92779785,0.014937401,3
867237937440059,2024-03-07T17:41:49.066Z,linear acceleration sensor,0.3931799,-1.0730834,0.5511975,3
867238117418625,2024-03-07T17:41:49.246Z,linear acceleration sensor,-1.6541338,0.42978728,-1.6658609,3
867238297397258,2024-03-07T17:41:49.426Z,linear acceleration sensor,4.6848583,1.0855832,0.6757114,3
867238477375824,2024-03-07T17:41:49.606Z,linear acceleration sensor,2.0245771,0.20294748,3.791458,3
867238657354390,2024-03-07T17:41:49.786Z,linear acceleration sensor,-4.062537,0.25166914,-0.6724117,3
867238837332956,2024-03-07T17:41:49.966Z,linear acceleration sensor,0.57524776,-1.0213875,0.06183338,3
867239017311522,2024-03-07T17:41:50.146Z,linear acceleration sensor,0.25039005,3.9411054,0.9063904,3
867239197290155,2024-03-07T17:41:50.326Z,linear acceleration sensor,-3.25665,1.7779713,-1.2029748,3
867239377302055,2024-03-07T17:41:50.506Z,linear acceleration sensor,-1.208972,-0.4413225,-3.4743996,3
867239557314721,2024-03-07T17:41:50.686Z,linear acceleration sensor,2.0495787,2.9248607,1.2668362,3
867239737326621,2024-03-07T17:41:50.866Z,linear acceleration sensor,1.0475578,1.6519868,1.1518726,3
867239917338587,2024-03-07T17:41:51.046Z,linear acceleration sensor,-1.9958754,-0.049347967,-1.6585131,3
867240097350487,2024-03-07T17:41:51.226Z,linear acceleration sensor,3.024496,-1.1741853,-0.45487905,3
867240277362453,2024-03-07T17:41:51.406Z,linear acceleration sensor,0.4450159,3.2968652,8.7335,3
867240457374353,2024-03-07T17:41:51.586Z,linear acceleration sensor,-4.92908,1.6807065,-0.56412816,3
867240637386319,2024-03-07T17:41:51.766Z,linear acceleration sensor,4.0133505,0.9003423,0.7051399,3
867240817398219,2024-03-07T17:41:51.946Z,linear acceleration sensor,1.9934416,-4.446558,2.2165534,3
867240997410185,2024-03-07T17:41:52.126Z,linear acceleration sensor,-4.0119085,-0.61083156,-2.2928457,3
867241177422118,2024-03-07T17:41:52.306Z,linear acceleration sensor,5.5037107,-3.3057065,0.7804594,3
867241357434084,2024-03-07T17:41:52.485Z,linear acceleration sensor,0.5920515,2.4047124,4.922295,3
867241537445984,2024-03-07T17:41:52.666Z,linear acceleration sensor,-4.2249193,0.4159078,-1.5225346,3
867241717457950,2024-03-07T17:41:52.846Z,linear acceleration sensor,4.168104,2.6900241,1.7840734,3
867241897469850,2024-03-07T17:41:53.026Z,linear acceleration sensor,1.385149,-1.1351585,5.3483915,3
867242077481816,2024-03-07T17:41:53.206Z,linear acceleration sensor,-5.0939927,0.058656186,-3.075012,3
867242257493716,2024-03-07T17:41:53.386Z,linear acceleration sensor,5.589549,-2.9956565,0.9935453,3
867242437505682,2024-03-07T17:41:53.566Z,linear acceleration sensor,-0.81194687,1.5101621,3.7490683,3
867242617517582,2024-03-07T17:41:53.746Z,linear acceleration sensor,-1.8135209,-0.75130355,-1.765302,3
867242797529482,2024-03-07T17:41:53.926Z,linear acceleration sensor,4.140855,1.640737,0.36864972,3
867242977541382,2024-03-07T17:41:54.105Z,linear acceleration sensor,-2.4477816,2.1360133,3.34634,3
867243157552615,2024-03-07T17:41:54.286Z,linear acceleration sensor,-2.809133,0.2122998,-3.1342075,3
867243337564515,2024-03-07T17:41:54.466Z,linear acceleration sensor,1.3878345,2.7755826,3.305203,3
867243517576415,2024-03-07T17:41:54.646Z,linear acceleration sensor,-3.214026,-1.3188792,-2.198243,3
867243696241398,2024-03-07T17:41:54.825Z,linear acceleration sensor,0.37989426,1.0774244,-1.7378782,3
867243876253298,2024-03-07T17:41:55.004Z,linear acceleration sensor,-1.5005145,-1.9456028,0.90152144,3
867244056265264,2024-03-07T17:41:55.185Z,linear acceleration sensor,-1.4002633,-1.5127847,-0.48132157,3
867244236277164,2024-03-07T17:41:55.365Z,linear acceleration sensor,-2.1553211,-0.16691169,-2.7000556,3
867244416289164,2024-03-07T17:41:55.545Z,linear acceleration sensor,1.8095675,1.0947304,1.2850673,3
867244596301064,2024-03-07T17:41:55.725Z,linear acceleration sensor,-2.121849,-0.5770745,-0.35529685,3
867244776279697,2024-03-07T17:41:55.905Z,linear acceleration sensor,1.6565294,0.03530419,-1.5049481,3
867244956258263,2024-03-07T17:41:56.084Z,linear acceleration sensor,-0.39728165,-2.0135388,5.7524543,3
867245136236896,2024-03-07T17:41:56.265Z,linear acceleration sensor,-1.0528803,-0.40994743,-1.7987813,3
867245316248829,2024-03-07T17:41:56.445Z,linear acceleration sensor,-1.5578513,0.7769691,-2.1800208,3
867245496260795,2024-03-07T17:41:56.625Z,linear acceleration sensor,-1.0323858,2.061897,3.7055314,3
867245676272695,2024-03-07T17:41:56.805Z,linear acceleration sensor,-3.4424005,-0.13084966,-1.8575854,3
867245856284661,2024-03-07T17:41:56.984Z,linear acceleration sensor,0.5475435,-0.43548867,-0.02078414,3
867246036296561,2024-03-07T17:41:57.164Z,linear acceleration sensor,0.06263542,-2.915821,5.3323135,3
867246216308527,2024-03-07T17:41:57.345Z,linear acceleration sensor,-6.7507734,-0.75463295,-3.3551772,3
867246396320427,2024-03-07T17:41:57.525Z,linear acceleration sensor,6.0805864,-4.4771767,1.5517201,3
867246576332493,2024-03-07T17:41:57.705Z,linear acceleration sensor,0.15692902,3.2611742,3.9184408,3
867246756344393,2024-03-07T17:41:57.885Z,linear acceleration sensor,-4.9535108,-0.12269288,-3.032417,3
867246936356293,2024-03-07T17:41:58.065Z,linear acceleration sensor,4.504099,1.0453966,1.7988243,3
867247116368193,2024-03-07T17:41:58.245Z,linear acceleration sensor,2.124072,0.7450798,5.057081,3
867247296380093,2024-03-07T17:41:58.425Z,linear acceleration sensor,-2.0713058,-0.39905572,-1.4857299,3
867247476385026,2024-03-07T17:41:58.605Z,linear acceleration sensor,6.0317993,-2.545959,-0.3040259,3
867247656390759,2024-03-07T17:41:58.785Z,linear acceleration sensor,-1.4429045,-2.6373322,-0.61001873,3
867247836396892,2024-03-07T17:41:58.965Z,linear acceleration sensor,-1.0779963,0.99251294,-1.8355777,3
867248016403825,2024-03-07T17:41:59.145Z,linear acceleration sensor,3.6169786,0.060168937,2.167044,3
867248196411525,2024-03-07T17:41:59.325Z,linear acceleration sensor,-0.7872534,-0.10375059,1.2644801,3
867248376419958,2024-03-07T17:41:59.505Z,linear acceleration sensor,-2.844668,0.15262508,-1.3547839,3
867248556429858,2024-03-07T17:41:59.684Z,linear acceleration sensor,2.9136095,0.48542672,0.8971033,3
867248736439791,2024-03-07T17:41:59.865Z,linear acceleration sensor,-2.6166487,-1.0462427,-1.4744505,3
867248916450391,2024-03-07T17:42:00.045Z,linear acceleration sensor,-0.20139694,1.3885323,-0.33838058,3
867249096461724,2024-03-07T17:42:00.225Z,linear acceleration sensor,-1.7988133,-2.629429,3.1557984,3
867249276473824,2024-03-07T17:42:00.404Z,linear acceleration sensor,-2.0015645,-0.7286773,-3.0045583,3
867249456486657,2024-03-07T17:42:00.585Z,linear acceleration sensor,1.4024401,-0.58986384,-0.46156597,3
867249636500257,2024-03-07T17:42:00.765Z,linear acceleration sensor,-0.51091576,-0.30312195,2.0147417,3
867249816514557,2024-03-07T17:42:00.945Z,linear acceleration sensor,-3.089756,-1.7929132,-2.5389287,3
867249996529357,2024-03-07T17:42:01.125Z,linear acceleration sensor,0.9424143,0.3662442,-1.1672392,3
867250176544890,2024-03-07T17:42:01.305Z,linear acceleration sensor,-1.8373523,-2.6403897,3.2764032,3
867250356561190,2024-03-07T17:42:01.485Z,linear acceleration sensor,-1.7637763,-0.21046062,-1.4079268,3
867250536578223,2024-03-07T17:42:01.665Z,linear acceleration sensor,0.99371433,-0.5209356,-0.11080694,3
867250716562689,2024-03-07T17:42:01.845Z,linear acceleration sensor,-3.302751,1.6706206,4.7588487,3
867250896547889,2024-03-07T17:42:02.025Z,linear acceleration sensor,-3.2107744,-0.4426102,-1.4388154,3
867251076533755,2024-03-07T17:42:02.205Z,linear acceleration sensor,1.8146486,0.86746025,0.27282858,3
867251256520355,2024-03-07T17:42:02.385Z,linear acceleration sensor,-1.4801412,-3.0900416,3.9829745,3
867251436507721,2024-03-07T17:42:02.564Z,linear acceleration sensor,-3.0032334,-0.21924949,-1.8073374,3
867251616495821,2024-03-07T17:42:02.745Z,linear acceleration sensor,2.8671827,-2.048745,1.2360449,3
867251796484921,2024-03-07T17:42:02.925Z,linear acceleration sensor,-4.120399,1.6737592,3.055603,3
867251976474387,2024-03-07T17:42:03.105Z,linear acceleration sensor,-4.2209296,0.5521633,-1.1668887,3
867252156464420,2024-03-07T17:42:03.285Z,linear acceleration sensor,2.13657,0.5763202,0.42318416,3
867252336455253,2024-03-07T17:42:03.465Z,linear acceleration sensor,2.372408,-5.813096,0.32780862,3
867252516446786,2024-03-07T17:42:03.645Z,linear acceleration sensor,-4.7372956,-1.5799344,-1.4751816,3
867252696439119,2024-03-07T17:42:03.824Z,linear acceleration sensor,3.627617,-2.6364677,0.6470876,3
867252876439119,2024-03-07T17:42:04.005Z,linear acceleration sensor,-1.0163093,0.3207941,1.3368411,3
867253056439119,2024-03-07T17:42:04.185Z,linear acceleration sensor,-3.9674106,0.24908203,-1.4781263,3
867253236439119,2024-03-07T17:42:04.364Z,linear acceleration sensor,1.6964445,1.1082535,-0.16258717,3
867253416438619,2024-03-07T17:42:04.545Z,linear acceleration sensor,1.9548674,-2.3378167,3.8838205,3
867253596438619,2024-03-07T17:42:04.725Z,linear acceleration sensor,-6.093214,1.2302816,-1.6762872,3
867253776438185,2024-03-07T17:42:04.905Z,linear acceleration sensor,4.096472,-3.3469045,-0.46823382,3
867253956438185,2024-03-07T17:42:05.085Z,linear acceleration sensor,0.7645855,1.0908885,1.1654744,3
867254136437485,2024-03-07T17:42:05.265Z,linear acceleration sensor,-4.2018585,0.006729305,-2.1066294,3
867254316437485,2024-03-07T17:42:05.445Z,linear acceleration sensor,3.90456,2.9580705,0.44987583,3
867254496470818,2024-03-07T17:42:05.625Z,linear acceleration sensor,3.380414,0.52914655,3.0008528,3
867254676504184,2024-03-07T17:42:05.805Z,linear acceleration sensor,-3.529539,0.44633126,-0.7718673,3
867254856537517,2024-03-07T17:42:05.985Z,linear acceleration sensor,5.7585106,-2.7961078,0.34573126,3
867255036571717,2024-03-07T17:42:06.165Z,linear acceleration sensor,-1.3771143,-1.6135603,2.012519,3
867255216605050,2024-03-07T17:42:06.345Z,linear acceleration sensor,0.25579834,-0.94900656,-1.8047738,3
867255396671750,2024-03-07T17:42:06.525Z,linear acceleration sensor,3.0530252,-3.275817,1.6948957,3
867255576738416,2024-03-07T17:42:06.705Z,linear acceleration sensor,-2.1433425,-0.020666957,-1.1454289,3
867255756805082,2024-03-07T17:42:06.885Z,linear acceleration sensor,-1.1390462,-0.7410943,-2.17246,3
867255936871748,2024-03-07T17:42:07.065Z,linear acceleration sensor,0.4265566,2.0297458,3.9639683,3
867256116937714,2024-03-07T17:42:07.245Z,linear acceleration sensor,-3.558392,0.4160596,-0.67178774,3
867256297004380,2024-03-07T17:42:07.426Z,linear acceleration sensor,1.21593,-0.36115026,-1.6090207,3
867256477071046,2024-03-07T17:42:07.606Z,linear acceleration sensor,-0.33612156,-2.0292761,3.472683,3
867256657137712,2024-03-07T17:42:07.786Z,linear acceleration sensor,-4.9867015,-0.036368668,-2.255224,3
867256837204378,2024-03-07T17:42:07.966Z,linear acceleration sensor,2.564289,-1.5014938,0.06131482,3
867257017304411,2024-03-07T17:42:08.146Z,linear acceleration sensor,-3.034042,1.5027583,2.5636592,3
867257197437511,2024-03-07T17:42:08.326Z,linear acceleration sensor,-4.0699015,0.89558387,-2.2544632,3
867257377570877,2024-03-07T17:42:08.506Z,linear acceleration sensor,2.6984835,1.1442518,1.2134881,3
867257557704210,2024-03-07T17:42:08.686Z,linear acceleration sensor,0.5861435,-4.0486565,3.7839744,3
867257737837576,2024-03-07T17:42:08.866Z,linear acceleration sensor,-5.8313684,0.043605626,-2.1664586,3
867257917970909,2024-03-07T17:42:09.046Z,linear acceleration sensor,3.0243387,-1.9259179,1.2616258,3
867258098137575,2024-03-07T17:42:09.227Z,linear acceleration sensor,-0.44898796,1.4696517,1.7318287,3
867258278304241,2024-03-07T17:42:09.407Z,linear acceleration sensor,-3.957543,-0.6720916,-2.443317,3
867258458470907,2024-03-07T17:42:09.587Z,linear acceleration sensor,3.7744627,2.3578749,1.6800098,3
867258638637573,2024-03-07T17:42:09.767Z,linear acceleration sensor,1.4063358,-3.5864036,2.3430197,3
867258818804739,2024-03-07T17:42:09.947Z,linear acceleration sensor,-5.6796103,-0.03590338,-2.2625065,3
867258998971405,2024-03-07T17:42:10.127Z,linear acceleration sensor,6.047261,-3.7131505,0.25465345,3
867259179138505,2024-03-07T17:42:10.308Z,linear acceleration sensor,0.42238235,1.2393467,2.3521,3
867259359305205,2024-03-07T17:42:10.488Z,linear acceleration sensor,-2.6055713,-0.9315148,-2.0456278,3
867259539472571,2024-03-07T17:42:10.668Z,linear acceleration sensor,5.0128794,2.8863797,0.73031855,3
867259719639271,2024-03-07T17:42:10.848Z,linear acceleration sensor,0.8462324,0.6421453,3.6865344,3
867259899772604,2024-03-07T17:42:11.028Z,linear acceleration sensor,-3.527628,-0.48209,-2.2208416,3
867260079905937,2024-03-07T17:42:11.208Z,linear acceleration sensor,6.210025,-1.9664605,1.0872278,3
867260260039270,2024-03-07T17:42:11.389Z,linear acceleration sensor,-0.9292784,-1.4202995,0.8270259,3
867260441877502,2024-03-07T17:42:11.570Z,linear acceleration sensor,-0.5586319,-1.2624238,-1.5530512,3
867260622010868,2024-03-07T17:42:11.751Z,linear acceleration sensor,4.7877283,-0.27370298,0.75029564,3
867260802110834,2024-03-07T17:42:11.930Z,linear acceleration sensor,-1.0804048,1.4631884,3.0929503,3
867260982210867,2024-03-07T17:42:12.111Z,linear acceleration sensor,-2.4334393,0.23382661,-1.9055393,3
867261162310867,2024-03-07T17:42:12.291Z,linear acceleration sensor,3.9642277,0.04168427,1.246656,3
867261342410900,2024-03-07T17:42:12.470Z,linear acceleration sensor,-2.6444569,-2.5404391,-1.2216635,3
867261522511600,2024-03-07T17:42:12.650Z,linear acceleration sensor,0.91728497,-1.9628587,-1.6984518,3
867261702611600,2024-03-07T17:42:12.831Z,linear acceleration sensor,-0.34889126,-3.2545652,1.6848879,3
867261882711600,2024-03-07T17:42:13.011Z,linear acceleration sensor,-2.171585,0.08888708,-1.1495986,3
867262062810900,2024-03-07T17:42:13.191Z,linear acceleration sensor,0.039473534,-0.12261078,-1.5892327,3
867262242910900,2024-03-07T17:42:13.371Z,linear acceleration sensor,1.9201517,2.3833215,2.9904263,3
867262422977066,2024-03-07T17:42:13.551Z,linear acceleration sensor,-3.1147828,-0.08763534,-1.7063098,3
867262603010399,2024-03-07T17:42:13.731Z,linear acceleration sensor,2.1488285,1.5657375,0.32520533,3
867262783043699,2024-03-07T17:42:13.912Z,linear acceleration sensor,-3.0684314,-4.216473,1.9587855,3
867262963077032,2024-03-07T17:42:14.092Z,linear acceleration sensor,-3.9441361,-0.74094,-3.5229297,3
867263143110332,2024-03-07T17:42:14.272Z,linear acceleration sensor,3.8888912,-2.147725,0.415802,3
867263323143665,2024-03-07T17:42:14.451Z,linear acceleration sensor,-2.4627666,0.5064303,2.578062,3
867263503143665,2024-03-07T17:42:14.632Z,linear acceleration sensor,-4.446942,0.2970158,-2.5392241,3
867263683143665,2024-03-07T17:42:14.812Z,linear acceleration sensor,2.3998194,2.200493,1.7905769,3
867263863143665,2024-03-07T17:42:14.992Z,linear acceleration sensor,-1.6309643,-4.328245,1.9668641,3
867264043143665,2024-03-07T17:42:15.172Z,linear acceleration sensor,-4.711473,-0.7376099,-2.141148,3
867264223143665,2024-03-07T17:42:15.352Z,linear acceleration sensor,3.5520926,-3.0949357,1.9299045,3
867264403143665,2024-03-07T17:42:15.532Z,linear acceleration sensor,-4.5461626,1.5282539,4.7018657,3
867264583143665,2024-03-07T17:42:15.712Z,linear acceleration sensor,-4.695379,-0.48489463,-3.3796277,3
867264763143631,2024-03-07T17:42:15.892Z,linear acceleration sensor,2.630557,1.1316264,0.6130934,3
867264943143631,2024-03-07T17:42:16.072Z,linear acceleration sensor,-0.8371382,-4.491763,0.07436037,3
867265123143597,2024-03-07T17:42:16.252Z,linear acceleration sensor,-6.068746,-0.43396688,-2.249522,3
867265303143597,2024-03-07T17:42:16.432Z,linear acceleration sensor,4.375387,-2.8089225,1.342617,3
867265483143563,2024-03-07T17:42:16.612Z,linear acceleration sensor,-0.056239128,1.5551662,2.2196875,3
867265663143563,2024-03-07T17:42:16.792Z,linear acceleration sensor,-2.4440293,-0.7133042,-1.9057119,3
867265843143563,2024-03-07T17:42:16.972Z,linear acceleration sensor,4.9271154,1.9402509,0.46889687,3
867266023143529,2024-03-07T17:42:17.152Z,linear acceleration sensor,2.8031912,0.4257412,4.443875,3
867226234224464,2024-03-07T17:41:37.363Z,gravity sensor,9.022313,0.34154725,3.8277204,3
867226414269401,2024-03-07T17:41:37.542Z,gravity sensor,8.965209,0.18732262,3.969897,3
867226594310283,2024-03-07T17:41:37.723Z,gravity sensor,9.135653,-0.14630963,3.5621002,3
867226774347727,2024-03-07T17:41:37.903Z,gravity sensor,9.1044235,-0.004402327,3.6441212,3
867226954381937,2024-03-07T17:41:38.083Z,gravity sensor,9.146073,0.05509265,3.537871,3
867227134413387,2024-03-07T17:41:38.263Z,gravity sensor,9.246845,0.44910833,3.234857,3
867227314442387,2024-03-07T17:41:38.443Z,gravity sensor,9.221125,0.38750148,3.315265,3
867227494468114,2024-03-07T17:41:38.623Z,gravity sensor,9.064655,-0.33916152,3.7265549,3
867227674492635,2024-03-07T17:41:38.803Z,gravity sensor,9.349522,-0.39153996,2.9331315,3
867227854515218,2024-03-07T17:41:38.983Z,gravity sensor,9.431635,-0.1695318,2.6806128,3
867228034535938,2024-03-07T17:41:39.163Z,gravity sensor,9.250348,0.18962826,3.2504334,3
867228214555053,2024-03-07T17:41:39.343Z,gravity sensor,9.329165,0.5997417,2.962602,3
867228394572941,2024-03-07T17:41:39.523Z,gravity sensor,9.318677,0.5933178,2.9967375,3
867228574589155,2024-03-07T17:41:39.703Z,gravity sensor,9.175644,0.28242287,3.4493392,3
867228754604223,2024-03-07T17:41:39.883Z,gravity sensor,9.200551,-0.10771482,3.392405,3
867228934618089,2024-03-07T17:41:40.063Z,gravity sensor,9.236898,0.008532851,3.2939188,3
867229114631155,2024-03-07T17:41:40.243Z,gravity sensor,9.048927,0.16142713,3.7763777,3
867229294644255,2024-03-07T17:41:40.423Z,gravity sensor,9.066555,0.7896534,3.6529777,3
867229474656155,2024-03-07T17:41:40.603Z,gravity sensor,9.156467,0.68265057,3.4443169,3
867229654668821,2024-03-07T17:41:40.783Z,gravity sensor,9.006201,0.47857904,3.850898,3
867229834647387,2024-03-07T17:41:40.963Z,gravity sensor,9.229663,0.053527594,3.3137138,3
867230014625953,2024-03-07T17:41:41.143Z,gravity sensor,9.13522,-0.069674425,3.5655508,3
867230194604919,2024-03-07T17:41:41.323Z,gravity sensor,8.837575,0.009992402,4.250575,3
867230374583485,2024-03-07T17:41:41.503Z,gravity sensor,8.944929,0.7069936,3.9571016,3
867230554595451,2024-03-07T17:41:41.683Z,gravity sensor,9.168993,0.8132661,3.3820436,3
867230734607351,2024-03-07T17:41:41.862Z,gravity sensor,9.114023,0.53195906,3.5807517,3
867230914652651,2024-03-07T17:41:42.043Z,gravity sensor,9.064228,0.0020084172,3.7429876,3
867231096453139,2024-03-07T17:41:42.225Z,gravity sensor,9.167716,0.29570818,3.4692566,3
867231276498472,2024-03-07T17:41:42.405Z,gravity sensor,8.986328,0.46297175,3.8989496,3
867231456543705,2024-03-07T17:41:42.585Z,gravity sensor,9.048802,0.7832751,3.698066,3
867231636589005,2024-03-07T17:41:42.765Z,gravity sensor,9.158021,0.8017498,3.4144013,3
867231816634238,2024-03-07T17:41:42.945Z,gravity sensor,8.860791,0.6274764,4.154853,3
867231996679571,2024-03-07T17:41:43.124Z,gravity sensor,8.850878,-0.053620238,4.2224684,3
867232176724104,2024-03-07T17:41:43.305Z,gravity sensor,8.98835,0.029793665,3.9215965,3
867232356769404,2024-03-07T17:41:43.485Z,gravity sensor,8.817534,0.34455812,4.278158,3
867232536814637,2024-03-07T17:41:43.665Z,gravity sensor,8.779319,0.9163529,4.272483,3
867232716859937,2024-03-07T17:41:43.845Z,gravity sensor,8.939633,0.6648846,3.9763105,3
867232896905870,2024-03-07T17:41:44.025Z,gravity sensor,8.877641,0.43423402,4.1435747,3
867233076951170,2024-03-07T17:41:44.205Z,gravity sensor,8.903973,-0.118160225,4.10798,3
867233256996403,2024-03-07T17:41:44.385Z,gravity sensor,9.254957,0.32268736,3.2267468,3
867233437041736,2024-03-07T17:41:44.566Z,gravity sensor,9.074605,0.6115169,3.6671157,3
867233617086969,2024-03-07T17:41:44.746Z,gravity sensor,8.952102,1.0224211,3.8710063,3
867233797132202,2024-03-07T17:41:44.926Z,gravity sensor,9.087562,0.7086033,3.6172206,3
867233977177668,2024-03-07T17:41:45.106Z,gravity sensor,8.917916,0.37386227,4.0621624,3
867234157222234,2024-03-07T17:41:45.286Z,gravity sensor,8.868782,-0.14339696,4.1826296,3
867234337267467,2024-03-07T17:41:45.466Z,gravity sensor,9.012776,0.10696049,3.8637366,3
867234517312700,2024-03-07T17:41:45.646Z,gravity sensor,9.0500145,0.5408175,3.7383122,3
867234697357933,2024-03-07T17:41:45.826Z,gravity sensor,9.104046,0.96532154,3.5149152,3
867234877403166,2024-03-07T17:41:46.006Z,gravity sensor,9.068603,0.8666075,3.6303592,3
867235057448399,2024-03-07T17:41:46.186Z,gravity sensor,9.023485,0.23871699,3.8327274,3
867235237493632,2024-03-07T17:41:46.366Z,gravity sensor,8.977418,0.20808776,3.941179,3
867235417538932,2024-03-07T17:41:46.546Z,gravity sensor,9.100568,0.594009,3.6051285,3
867235597584198,2024-03-07T17:41:46.726Z,gravity sensor,9.072274,0.9148031,3.6093152,3
867235777629498,2024-03-07T17:41:46.906Z,gravity sensor,8.989491,1.0910548,3.7641509,3
867235957641398,2024-03-07T17:41:47.086Z,gravity sensor,9.109973,0.8956369,3.5180035,3
867236137653364,2024-03-07T17:41:47.266Z,gravity sensor,9.177017,0.591132,3.4063418,3
867236317631930,2024-03-07T17:41:47.446Z,gravity sensor,9.046956,0.16907997,3.7807627,3
867236497610563,2024-03-07T17:41:47.626Z,gravity sensor,9.090061,0.59868723,3.6307828,3
867236677589129,2024-03-07T17:41:47.806Z,gravity sensor,9.008607,0.8537071,3.7797337,3
867236857567762,2024-03-07T17:41:47.986Z,gravity sensor,8.973869,1.1645489,3.7793593,3
867237037546328,2024-03-07T17:41:48.166Z,gravity sensor,9.113651,0.89395493,3.5088882,3
867237217524961,2024-03-07T17:41:48.345Z,gravity sensor,9.104274,0.44091043,3.6177256,3
867237397503527,2024-03-07T17:41:48.525Z,gravity sensor,9.130569,0.120566994,3.5760858,3
867237577482860,2024-03-07T17:41:48.706Z,gravity sensor,9.235898,0.45548666,3.2650826,3
867237757461426,2024-03-07T17:41:48.886Z,gravity sensor,9.123505,0.7410501,3.5189042,3
867237937440059,2024-03-07T17:41:49.065Z,gravity sensor,8.994784,1.1712457,3.727241,3
867238117418625,2024-03-07T17:41:49.246Z,gravity sensor,9.040545,0.9013889,3.6913555,3
867238297397258,2024-03-07T17:41:49.426Z,gravity sensor,8.991121,0.74119276,3.8445413,3
867238477375824,2024-03-07T17:41:49.606Z,gravity sensor,9.22847,0.182519,3.3124378,3
867238657354390,2024-03-07T17:41:49.786Z,gravity sensor,9.291773,0.4713798,3.1001322,3
867238837332956,2024-03-07T17:41:49.966Z,gravity sensor,9.133539,0.37255877,3.551017,3
867239017311522,2024-03-07T17:41:50.146Z,gravity sensor,9.084902,0.22480537,3.6856883,3
867239197290155,2024-03-07T17:41:50.326Z,gravity sensor,9.151474,0.09668869,3.5229561,3
867239377302055,2024-03-07T17:41:50.506Z,gravity sensor,9.158021,0.24978638,3.4983416,3
867239557314721,2024-03-07T17:41:50.686Z,gravity sensor,9.12446,-0.19068244,3.588605,3
867239737326621,2024-03-07T17:41:50.866Z,gravity sensor,9.073032,-0.16518764,3.7179337,3
867239917338587,2024-03-07T17:41:51.046Z,gravity sensor,9.279336,-0.067967914,3.1716485,3
867240097350487,2024-03-07T17:41:51.226Z,gravity sensor,9.135954,-0.33895022,3.5481877,3
867240277362453,2024-03-07T17:41:51.406Z,gravity sensor,9.201522,0.055017248,3.391037,3
867240457374353,2024-03-07T17:41:51.586Z,gravity sensor,9.269768,0.21550125,3.1929617,3
867240637386319,2024-03-07T17:41:51.766Z,gravity sensor,8.973099,0.028607963,3.956371,3
867240817398219,2024-03-07T17:41:51.946Z,gravity sensor,9.070464,-0.3705758,3.7093952,3
867240997410185,2024-03-07T17:41:52.126Z,gravity sensor,9.183683,-0.2845999,3.4276972,3
867241177422118,2024-03-07T17:41:52.306Z,gravity sensor,8.806732,-0.12518443,4.312307,3
867241357434084,2024-03-07T17:41:52.486Z,gravity sensor,8.755211,0.86816114,4.331594,3
867241537445984,2024-03-07T17:41:52.666Z,gravity sensor,9.128544,0.661483,3.521693,3
867241717457950,2024-03-07T17:41:52.846Z,gravity sensor,9.026641,0.40328446,3.8114753,3
867241897469850,2024-03-07T17:41:53.026Z,gravity sensor,8.967678,-0.3995248,3.9485934,3
867242077481816,2024-03-07T17:41:53.206Z,gravity sensor,9.283846,0.04908289,3.158809,3
867242257493716,2024-03-07T17:41:53.386Z,gravity sensor,9.003409,0.4410434,3.8618958,3
867242437505682,2024-03-07T17:41:53.566Z,gravity sensor,8.703535,1.245564,4.3436327,3
867242617517582,2024-03-07T17:41:53.746Z,gravity sensor,8.922205,0.9260803,3.963179,3
867242797529482,2024-03-07T17:41:53.926Z,gravity sensor,8.982064,0.4541896,3.9097888,3
867242977541382,2024-03-07T17:41:54.106Z,gravity sensor,9.087202,-0.09136516,3.6857297,3
867243157552615,2024-03-07T17:41:54.285Z,gravity sensor,9.312084,0.3479434,3.055199,3
867243337564515,2024-03-07T17:41:54.466Z,gravity sensor,9.044002,0.5212331,3.755597,3
867243517576415,2024-03-07T17:41:54.646Z,gravity sensor,9.096879,0.5718883,3.6180046,3
867243696241398,2024-03-07T17:41:54.825Z,gravity sensor,9.213971,0.4644415,3.325234,3
867243876253298,2024-03-07T17:41:55.005Z,gravity sensor,9.2388735,0.0158762,3.2883317,3
867244056265264,2024-03-07T17:41:55.185Z,gravity sensor,8.923144,-0.24216509,4.060653,3
867244236277164,2024-03-07T17:41:55.365Z,gravity sensor,9.022191,0.09269144,3.84209,3
867244416289164,2024-03-07T17:41:55.545Z,gravity sensor,9.072378,0.5907877,3.676018,3
867244596301064,2024-03-07T17:41:55.725Z,gravity sensor,8.959989,0.90508014,3.8819559,3
867244776279697,2024-03-07T17:41:55.905Z,gravity sensor,9.0075445,0.60634184,3.8297179,3
867244956258263,2024-03-07T17:41:56.085Z,gravity sensor,9.002342,0.038322426,3.889295,3
867245136236896,2024-03-07T17:41:56.265Z,gravity sensor,9.10488,-0.06889292,3.6423166,3
867245316248829,2024-03-07T17:41:56.445Z,gravity sensor,9.200442,0.29084495,3.38191,3
867245496260795,2024-03-07T17:41:56.625Z,gravity sensor,9.117905,0.4639856,3.5803235,3
867245676272695,2024-03-07T17:41:56.805Z,gravity sensor,9.088227,0.7701015,3.6029584,3
867245856284661,2024-03-07T17:41:56.985Z,gravity sensor,8.952949,0.53125674,3.9664285,3
867246036296561,2024-03-07T17:41:57.165Z,gravity sensor,9.267868,0.12418197,3.203315,3
867246216308527,2024-03-07T17:41:57.345Z,gravity sensor,9.243137,-0.03545359,3.2761686,3
867246396320427,2024-03-07T17:41:57.525Z,gravity sensor,8.809552,-0.1005366,4.307191,3
867246576332493,2024-03-07T17:41:57.705Z,gravity sensor,8.917395,0.5887021,4.037791,3
867246756344393,2024-03-07T17:41:57.885Z,gravity sensor,8.939857,0.5560434,3.992492,3
867246936356293,2024-03-07T17:41:58.065Z,gravity sensor,8.764866,0.33605772,4.385698,3
867247116368193,2024-03-07T17:41:58.245Z,gravity sensor,8.927862,0.12640958,4.0555496,3
867247296380093,2024-03-07T17:41:58.425Z,gravity sensor,9.084222,0.24582683,3.6860013,3
867247476385026,2024-03-07T17:41:58.605Z,gravity sensor,8.939742,0.12302695,4.0294037,3
867247656390759,2024-03-07T17:41:58.785Z,gravity sensor,9.073524,0.4825506,3.6889622,3
867247836396892,2024-03-07T17:41:58.965Z,gravity sensor,9.218581,0.19501112,3.3391364,3
867248016403825,2024-03-07T17:41:59.145Z,gravity sensor,9.098926,0.117001995,3.6559541,3
867248196411525,2024-03-07T17:41:59.324Z,gravity sensor,9.08825,0.122904204,3.68224,3
867248376419958,2024-03-07T17:41:59.505Z,gravity sensor,9.333254,0.36691666,2.9876294,3
867248556429858,2024-03-07T17:41:59.685Z,gravity sensor,9.256417,0.38127428,3.216135,3
867248736439791,2024-03-07T17:41:59.864Z,gravity sensor,9.212974,0.45008653,3.3299568,3
867248916450391,2024-03-07T17:42:00.045Z,gravity sensor,9.074608,0.3879653,3.6974456,3
867249096461724,2024-03-07T17:42:00.225Z,gravity sensor,9.008054,0.23522739,3.8690886,3
867249276473824,2024-03-07T17:42:00.405Z,gravity sensor,8.86604,0.17322248,4.187294,3
867249456486657,2024-03-07T17:42:00.585Z,gravity sensor,8.823495,0.34326106,4.2659526,3
867249636500257,2024-03-07T17:42:00.765Z,gravity sensor,8.972323,0.70774204,3.8944476,3
867249816514557,2024-03-07T17:42:00.945Z,gravity sensor,9.142597,0.7681949,3.4630907,3
867249996529357,2024-03-07T17:42:01.125Z,gravity sensor,9.094378,0.56031185,3.6260843,3
867250176544890,2024-03-07T17:42:01.304Z,gravity sensor,9.099265,0.11690117,3.6551101,3
867250356561190,2024-03-07T17:42:01.485Z,gravity sensor,9.011324,0.11948095,3.866772,3
867250536578223,2024-03-07T17:42:01.665Z,gravity sensor,9.076597,0.45150372,3.6853502,3
867250716562689,2024-03-07T17:42:01.845Z,gravity sensor,8.97252,0.816955,3.8725476,3
867250896547889,2024-03-07T17:42:02.025Z,gravity sensor,8.983494,0.62217534,3.8832953,3
867251076533755,2024-03-07T17:42:02.205Z,gravity sensor,8.856607,0.418226,4.1899633,3
867251256520355,2024-03-07T17:42:02.385Z,gravity sensor,9.09879,-0.08227555,3.6572223,3
867251436507721,2024-03-07T17:42:02.565Z,gravity sensor,9.101564,-0.14227498,3.6484785,3
867251616495821,2024-03-07T17:42:02.745Z,gravity sensor,8.941319,0.092682086,4.0267096,3
867251796484921,2024-03-07T17:42:02.925Z,gravity sensor,8.987811,0.5408774,3.885487,3
867251976474387,2024-03-07T17:42:03.105Z,gravity sensor,9.117372,0.60184187,3.5610905,3
867252156464420,2024-03-07T17:42:03.285Z,gravity sensor,8.941701,0.5489546,3.9893296,3
867252336455253,2024-03-07T17:42:03.465Z,gravity sensor,9.067387,0.1385387,3.7327573,3
867252516446786,2024-03-07T17:42:03.645Z,gravity sensor,8.960668,0.45944795,3.9579687,3
867252696439119,2024-03-07T17:42:03.825Z,gravity sensor,8.642966,0.5032339,4.60609,3
867252876439119,2024-03-07T17:42:04.005Z,gravity sensor,8.8241005,1.0271415,4.1533628,3
867253056439119,2024-03-07T17:42:04.185Z,gravity sensor,8.830034,0.74690586,4.2003336,3
867253236439119,2024-03-07T17:42:04.365Z,gravity sensor,8.809612,0.41924715,4.2877965,3
867253416438619,2024-03-07T17:42:04.545Z,gravity sensor,8.83131,-0.51128334,4.2328224,3
867253596438619,2024-03-07T17:42:04.725Z,gravity sensor,9.109908,-0.14331396,3.6275616,3
867253776438185,2024-03-07T17:42:04.905Z,gravity sensor,8.918708,0.10276129,4.076296,3
867253956438185,2024-03-07T17:42:05.085Z,gravity sensor,8.956173,0.82686704,3.9081383,3
867254136437485,2024-03-07T17:42:05.264Z,gravity sensor,9.0573,0.8480007,3.6628606,3
867254316437485,2024-03-07T17:42:05.445Z,gravity sensor,8.909507,0.8630755,4.0057335,3
867254496470818,2024-03-07T17:42:05.625Z,gravity sensor,9.036215,0.4979659,3.7774312,3
867254676504184,2024-03-07T17:42:05.805Z,gravity sensor,8.995801,0.7004913,3.841234,3
867254856537517,2024-03-07T17:42:05.985Z,gravity sensor,8.827266,0.9501783,4.1649446,3
867255036571717,2024-03-07T17:42:06.165Z,gravity sensor,8.758738,1.5321574,4.1360903,3
867255216605050,2024-03-07T17:42:06.345Z,gravity sensor,8.773036,1.4254527,4.143909,3
867255396671750,2024-03-07T17:42:06.524Z,gravity sensor,8.762659,0.9223165,4.305273,3
867255576738416,2024-03-07T17:42:06.705Z,gravity sensor,8.809099,0.6479478,4.2602854,3
867255756805082,2024-03-07T17:42:06.885Z,gravity sensor,8.810368,0.99248546,4.190772,3
867255936871748,2024-03-07T17:42:07.065Z,gravity sensor,8.712411,1.4035394,4.277173,3
867256116937714,2024-03-07T17:42:07.245Z,gravity sensor,8.79481,1.6860496,3.997334,3
867256297004380,2024-03-07T17:42:07.426Z,gravity sensor,8.952544,1.3355904,3.773379,3
867256477071046,2024-03-07T17:42:07.606Z,gravity sensor,9.034555,0.66458124,3.755711,3
867256657137712,2024-03-07T17:42:07.786Z,gravity sensor,9.291476,0.71153355,3.0548873,3
867256837204378,2024-03-07T17:42:07.966Z,gravity sensor,9.229848,0.6347928,3.2522604,3
867257017304411,2024-03-07T17:42:08.146Z,gravity sensor,9.194622,0.9129912,3.285675,3
867257197437511,2024-03-07T17:42:08.326Z,gravity sensor,9.078871,0.89527905,3.5976102,3
867257377570877,2024-03-07T17:42:08.505Z,gravity sensor,8.779619,0.6849182,4.315023,3
867257557704210,2024-03-07T17:42:08.686Z,gravity sensor,9.160951,-0.028668754,3.4994862,3
867257737837576,2024-03-07T17:42:08.866Z,gravity sensor,9.252683,0.2580638,3.239061,3
867257917970909,2024-03-07T17:42:09.046Z,gravity sensor,9.045132,0.38884035,3.7688913,3
867258098137575,2024-03-07T17:42:09.227Z,gravity sensor,9.092356,1.032289,3.5261374,3
867258278304241,2024-03-07T17:42:09.407Z,gravity sensor,9.045521,1.0216451,3.6476004,3
867258458470907,2024-03-07T17:42:09.587Z,gravity sensor,8.82652,0.74740475,4.2076316,3
867258638637573,2024-03-07T17:42:09.766Z,gravity sensor,9.075779,-0.045600306,3.7146099,3
867258818804739,2024-03-07T17:42:09.946Z,gravity sensor,9.134443,0.23941052,3.560164,3
867258998971405,2024-03-07T17:42:10.127Z,gravity sensor,8.890761,0.36605656,4.1219473,3
867259179138505,2024-03-07T17:42:10.308Z,gravity sensor,8.951217,0.9465594,3.8922772,3
867259359305205,2024-03-07T17:42:10.488Z,gravity sensor,9.02712,0.7256135,3.7622705,3
867259539472571,2024-03-07T17:42:10.668Z,gravity sensor,8.823511,0.5612708,4.242738,3
867259719639271,2024-03-07T17:42:10.848Z,gravity sensor,8.881708,0.15272972,4.1547756,3
867259899772604,2024-03-07T17:42:11.028Z,gravity sensor,8.950794,0.4964552,3.9757915,3
867260079905937,2024-03-07T17:42:11.208Z,gravity sensor,8.696874,0.5634584,4.49635,3
867260260039270,2024-03-07T17:42:11.389Z,gravity sensor,8.81129,1.1497548,4.1484246,3
867260441877502,2024-03-07T17:42:11.570Z,gravity sensor,8.828504,0.77400666,4.198644,3
867260622010868,2024-03-07T17:42:11.751Z,gravity sensor,8.828396,0.50594056,4.23952,3
867260802110834,2024-03-07T17:42:11.931Z,gravity sensor,9.003118,0.09783114,3.886447,3
867260982210867,2024-03-07T17:42:12.111Z,gravity sensor,9.092013,0.41979048,3.6509123,3
867261162310867,2024-03-07T17:42:12.291Z,gravity sensor,8.921665,0.5209531,4.0376463,3
867261342410900,2024-03-07T17:42:12.471Z,gravity sensor,8.864892,0.9147762,4.0923114,3
867261522511600,2024-03-07T17:42:12.650Z,gravity sensor,8.769955,0.7154797,4.3296795,3
867261702611600,2024-03-07T17:42:12.831Z,gravity sensor,8.898885,0.30490884,4.1093793,3
867261882711600,2024-03-07T17:42:13.011Z,gravity sensor,8.906774,0.12659107,4.1016493,3
867262062810900,2024-03-07T17:42:13.191Z,gravity sensor,8.946264,0.45779902,3.990617,3
867262242910900,2024-03-07T17:42:13.371Z,gravity sensor,9.007284,0.7387176,3.8070114,3
867262422977066,2024-03-07T17:42:13.550Z,gravity sensor,8.889896,0.9016639,4.0406566,3
867262603010399,2024-03-07T17:42:13.732Z,gravity sensor,8.630167,0.814099,4.585602,3
867262783043699,2024-03-07T17:42:13.912Z,gravity sensor,9.008745,0.20857963,3.869001,3
867262963077032,2024-03-07T17:42:14.091Z,gravity sensor,9.089575,0.020285249,3.680947,3
867263143110332,2024-03-07T17:42:14.272Z,gravity sensor,8.8629265,0.3424971,4.1834593,3
867263323143665,2024-03-07T17:42:14.452Z,gravity sensor,8.896286,0.863053,4.0350223,3
867263503143665,2024-03-07T17:42:14.631Z,gravity sensor,8.895369,0.9024793,4.0284176,3
867263683143665,2024-03-07T17:42:14.811Z,gravity sensor,8.494098,0.6629722,4.856026,3
867263863143665,2024-03-07T17:42:14.992Z,gravity sensor,8.969492,-0.15848874,3.9614787,3
867264043143665,2024-03-07T17:42:15.172Z,gravity sensor,8.944422,-0.04768822,4.0205965,3
867264223143665,2024-03-07T17:42:15.352Z,gravity sensor,8.632299,0.35118046,4.6400843,3
867264403143665,2024-03-07T17:42:15.532Z,gravity sensor,8.762352,1.4597098,4.1545854,3
867264583143665,2024-03-07T17:42:15.712Z,gravity sensor,8.69609,1.356384,4.3253374,3
867264763143631,2024-03-07T17:42:15.892Z,gravity sensor,8.380676,1.1811724,4.953725,3
867264943143631,2024-03-07T17:42:16.072Z,gravity sensor,9.063914,0.5126,3.7084782,3
867265123143597,2024-03-07T17:42:16.252Z,gravity sensor,9.030374,0.66859865,3.7650516,3
867265303143597,2024-03-07T17:42:16.431Z,gravity sensor,8.6709175,0.7235728,4.5234766,3
867265483143563,2024-03-07T17:42:16.612Z,gravity sensor,8.761856,1.2005599,4.237774,3
867265663143563,2024-03-07T17:42:16.792Z,gravity sensor,8.793752,1.031733,4.2161164,3
867265843143563,2024-03-07T17:42:16.972Z,gravity sensor,8.590847,0.705342,4.676542,3
867266023143529,2024-03-07T17:42:17.152Z,gravity sensor,8.880813,-0.07618775,4.158791,3
