timestamp_nano,datetime_utc,name,axis_x,axis_y,axis_z,delta_x,delta_y,delta_z,accuracy
867226122168230,2024-03-07T17:41:37.251Z,gyroscope sensor uncalibrated,-0.05497787,-0.47219884,-0.08735373,-0.05497787,-0.47219884,-0.08735373,3
867226142165730,2024-03-07T17:41:37.271Z,gyroscope sensor uncalibrated,-0.06047566,-0.1386664,0.14905111,-0.06047566,-0.1386664,0.14905111,3
867226162163263,2024-03-07T17:41:37.291Z,gyroscope sensor uncalibrated,0.042760566,0.21197024,0.1459968,0.042760566,0.21197024,0.1459968,3
867226182160896,2024-03-07T17:41:37.311Z,gyroscope sensor uncalibrated,0.08124508,0.49846604,0.16798794,0.08124508,0.49846604,0.16798794,3
867226202158629,2024-03-07T17:41:37.331Z,gyroscope sensor uncalibrated,0.081855945,0.4868596,0.18081611,0.081855945,0.4868596,0.18081611,3
867226222156395,2024-03-07T17:41:37.351Z,gyroscope sensor uncalibrated,0.029932396,0.2657264,0.13255776,0.029932396,0.2657264,0.13255776,3
867226242154161,2024-03-07T17:41:37.371Z,gyroscope sensor uncalibrated,-0.09896017,-0.017104227,0.02565634,-0.09896017,-0.017104227,0.02565634,3
867226262151927,2024-03-07T17:41:37.391Z,gyroscope sensor uncalibrated,-0.21074851,-0.15393804,-0.103847094,-0.21074851,-0.15393804,-0.103847094,3
867226282149760,2024-03-07T17:41:37.411Z,gyroscope sensor uncalibrated,-0.26083946,-0.092240654,-0.16249016,-0.26083946,-0.092240654,-0.16249016,3
867226302147960,2024-03-07T17:41:37.430Z,gyroscope sensor uncalibrated,-0.2565634,0.00061086525,-0.089186326,-0.2565634,0.00061086525,-0.089186326,3
867226322145726,2024-03-07T17:41:37.451Z,gyroscope sensor uncalibrated,-0.19181168,0.093462385,0.0580322,-0.19181168,0.093462385,0.0580322,3
867226342143559,2024-03-07T17:41:37.471Z,gyroscope sensor uncalibrated,-0.25717425,0.2125811,0.14782938,-0.25717425,0.2125811,0.14782938,3
867226362141392,2024-03-07T17:41:37.491Z,gyroscope sensor uncalibrated,-0.38056904,0.21991149,0.03176499,-0.38056904,0.21991149,0.03176499,3
867226382139158,2024-03-07T17:41:37.511Z,gyroscope sensor uncalibrated,-0.25473082,0.23396139,-0.029321533,-0.25473082,0.23396139,-0.029321533,3
867226402136924,2024-03-07T17:41:37.530Z,gyroscope sensor uncalibrated,-0.10262536,0.15149458,0.07513642,-0.10262536,0.15149458,0.07513642,3
867226422134757,2024-03-07T17:41:37.551Z,gyroscope sensor uncalibrated,-0.12950343,-0.009162978,0.19486602,-0.12950343,-0.009162978,0.19486602,3
867226442132590,2024-03-07T17:41:37.571Z,gyroscope sensor uncalibrated,-0.33536503,-0.3023783,0.06291912,-0.33536503,-0.3023783,0.06291912,3
867226462130356,2024-03-07T17:41:37.591Z,gyroscope sensor uncalibrated,-0.20952678,-0.5662721,0.06352998,-0.20952678,-0.5662721,0.06352998,3
867226482128189,2024-03-07T17:41:37.611Z,gyroscope sensor uncalibrated,-0.14905111,-0.4990769,-0.019547688,-0.14905111,-0.4990769,-0.019547688,3
867226502125255,2024-03-07T17:41:37.631Z,gyroscope sensor uncalibrated,-0.15149458,-0.48502702,-0.106901415,-0.15149458,-0.48502702,-0.106901415,3
867226522122988,2024-03-07T17:41:37.651Z,gyroscope sensor uncalibrated,-0.2302962,-0.57910025,-0.0036651916,-0.2302962,-0.57910025,-0.0036651916,3
867226542120721,2024-03-07T17:41:37.671Z,gyroscope sensor uncalibrated,-0.37751472,-0.39706242,0.14844026,-0.37751472,-0.39706242,0.14844026,3
867226562118521,2024-03-07T17:41:37.691Z,gyroscope sensor uncalibrated,-0.4447099,-0.11301007,0.3463606,-0.4447099,-0.11301007,0.3463606,3
867226582116321,2024-03-07T17:41:37.711Z,gyroscope sensor uncalibrated,-0.35613444,0.25045475,0.23518312,-0.35613444,0.25045475,0.23518312,3
867226602114054,2024-03-07T17:41:37.731Z,gyroscope sensor uncalibrated,-0.5112942,0.7470882,-0.27488935,-0.5112942,0.7470882,-0.27488935,3
867226622111887,2024-03-07T17:41:37.751Z,gyroscope sensor uncalibrated,-0.5864306,0.7098254,-0.45204028,-0.5864306,0.7098254,-0.45204028,3
867226642109720,2024-03-07T17:41:37.771Z,gyroscope sensor uncalibrated,-0.35613444,0.24923302,-0.26083946,-0.35613444,0.24923302,-0.26083946,3
867226662107553,2024-03-07T17:41:37.791Z,gyroscope sensor uncalibrated,-0.376293,-0.29138273,-0.054367006,-0.376293,-0.29138273,-0.054367006,3
867226720802064,2024-03-07T17:41:37.849Z,gyroscope sensor uncalibrated,-0.45204028,-0.27122417,-0.33964106,-0.45204028,-0.27122417,-0.33964106,3
867226730800064,2024-03-07T17:41:37.859Z,gyroscope sensor uncalibrated,-0.44165558,-0.16310102,-0.29993483,-0.44165558,-0.16310102,-0.29993483,3
867226740798064,2024-03-07T17:41:37.869Z,gyroscope sensor uncalibrated,-0.3585779,-0.028099801,-0.26450464,-0.3585779,-0.028099801,-0.26450464,3
867226750797064,2024-03-07T17:41:37.879Z,gyroscope sensor uncalibrated,-0.29626966,0.086132,-0.27550024,-0.29626966,0.086132,-0.27550024,3
867226760795730,2024-03-07T17:41:37.889Z,gyroscope sensor uncalibrated,-0.3231477,0.20280726,-0.26450464,-0.3231477,0.20280726,-0.26450464,3
867226770794230,2024-03-07T17:41:37.899Z,gyroscope sensor uncalibrated,-0.35063666,0.28405234,-0.23762658,-0.35063666,0.28405234,-0.23762658,3
867226780793030,2024-03-07T17:41:37.908Z,gyroscope sensor uncalibrated,-0.3481932,0.29443705,-0.21319197,-0.3481932,0.29443705,-0.21319197,3
867226790791696,2024-03-07T17:41:37.919Z,gyroscope sensor uncalibrated,-0.3268129,0.20158553,-0.19181168,-0.3268129,0.20158553,-0.19181168,3
867226800790553,2024-03-07T17:41:37.929Z,gyroscope sensor uncalibrated,-0.2828306,0.043982297,-0.16982053,-0.2828306,0.043982297,-0.16982053,3
867226810789303,2024-03-07T17:41:37.939Z,gyroscope sensor uncalibrated,-0.2144137,-0.1740966,-0.1001819,-0.2144137,-0.1740966,-0.1001819,3
867226820787969,2024-03-07T17:41:37.949Z,gyroscope sensor uncalibrated,-0.1881465,-0.23457226,-0.105068825,-0.1881465,-0.23457226,-0.105068825,3
867226830786769,2024-03-07T17:41:37.959Z,gyroscope sensor uncalibrated,-0.15821409,-0.24190263,-0.12095132,-0.15821409,-0.24190263,-0.12095132,3
867226840785496,2024-03-07T17:41:37.969Z,gyroscope sensor uncalibrated,-0.124005646,-0.20586158,-0.23090707,-0.124005646,-0.20586158,-0.23090707,3
867226850784162,2024-03-07T17:41:37.979Z,gyroscope sensor uncalibrated,-0.1685988,-0.0983493,-0.28038713,-0.1685988,-0.0983493,-0.28038713,3
867226860782931,2024-03-07T17:41:37.989Z,gyroscope sensor uncalibrated,-0.27122417,-0.08307768,-0.27000242,-0.27122417,-0.08307768,-0.27000242,3
867226870781645,2024-03-07T17:41:37.999Z,gyroscope sensor uncalibrated,-0.17592919,-0.13988814,-0.20769419,-0.17592919,-0.13988814,-0.20769419,3
867226880780311,2024-03-07T17:41:38.008Z,gyroscope sensor uncalibrated,-0.04337143,-0.14538592,-0.12156218,-0.04337143,-0.14538592,-0.12156218,3
867226890779061,2024-03-07T17:41:38.019Z,gyroscope sensor uncalibrated,0.004886922,-0.16126843,-0.07880162,0.004886922,-0.16126843,-0.07880162,3
867226900777766,2024-03-07T17:41:38.029Z,gyroscope sensor uncalibrated,0.03848451,-0.15088372,-0.020158553,0.03848451,-0.15088372,-0.020158553,3
867226910776543,2024-03-07T17:41:38.039Z,gyroscope sensor uncalibrated,0.044593163,-0.11728613,0.013439035,0.044593163,-0.11728613,0.013439035,3
867226920775279,2024-03-07T17:41:38.049Z,gyroscope sensor uncalibrated,0.056199603,-0.084910266,0.02443461,0.056199603,-0.084910266,0.02443461,3
867226930773979,2024-03-07T17:41:38.059Z,gyroscope sensor uncalibrated,0.055588737,-0.062308256,0.06414085,0.055588737,-0.062308256,0.06414085,3
867226940772740,2024-03-07T17:41:38.069Z,gyroscope sensor uncalibrated,-0.043982297,-0.052534413,0.1423316,-0.043982297,-0.052534413,0.1423316,3
867226950771467,2024-03-07T17:41:38.079Z,gyroscope sensor uncalibrated,-0.16737708,-0.013439035,0.15271631,-0.16737708,-0.013439035,0.15271631,3
867226960770162,2024-03-07T17:41:38.088Z,gyroscope sensor uncalibrated,-0.258396,0.03726278,0.20219639,-0.258396,0.03726278,0.20219639,3
867226970768912,2024-03-07T17:41:38.098Z,gyroscope sensor uncalibrated,-0.31581733,0.10751228,0.19303341,-0.31581733,0.10751228,0.19303341,3
867226980767632,2024-03-07T17:41:38.109Z,gyroscope sensor uncalibrated,-0.35735616,0.07452556,0.07086037,-0.35735616,0.07452556,0.07086037,3
867226990766324,2024-03-07T17:41:38.119Z,gyroscope sensor uncalibrated,-0.3866777,-0.055588737,-0.086132,-0.3866777,-0.055588737,-0.086132,3
867227000765064,2024-03-07T17:41:38.129Z,gyroscope sensor uncalibrated,-0.26450464,-0.2950479,-0.21563543,-0.26450464,-0.2950479,-0.21563543,3
867227010763778,2024-03-07T17:41:38.139Z,gyroscope sensor uncalibrated,-0.05681047,-0.58459806,-0.41783184,-0.05681047,-0.58459806,-0.41783184,3
867227020762502,2024-03-07T17:41:38.149Z,gyroscope sensor uncalibrated,0.093462385,-0.94806284,-0.54428095,0.093462385,-0.94806284,-0.54428095,3
867227030761268,2024-03-07T17:41:38.159Z,gyroscope sensor uncalibrated,0.12644911,-1.0824533,-0.44898596,0.12644911,-1.0824533,-0.44898596,3
867227040760034,2024-03-07T17:41:38.169Z,gyroscope sensor uncalibrated,0.22602014,-1.1349876,-0.3323107,0.22602014,-1.1349876,-0.3323107,3
867227050758800,2024-03-07T17:41:38.179Z,gyroscope sensor uncalibrated,0.38056904,-1.087951,-0.21991149,0.38056904,-1.087951,-0.21991149,3
867227060757566,2024-03-07T17:41:38.189Z,gyroscope sensor uncalibrated,0.48380527,-0.86376345,-0.07391469,0.48380527,-0.86376345,-0.07391469,3
867227070756332,2024-03-07T17:41:38.199Z,gyroscope sensor uncalibrated,0.43799037,-0.4831944,-0.116675265,0.43799037,-0.4831944,-0.116675265,3
867227080755098,2024-03-07T17:41:38.208Z,gyroscope sensor uncalibrated,0.39767328,0.029321533,-0.14294247,0.39767328,0.029321533,-0.14294247,3
867227090753864,2024-03-07T17:41:38.219Z,gyroscope sensor uncalibrated,0.22602014,0.48624873,-0.2443461,0.22602014,0.48624873,-0.2443461,3
867227100752564,2024-03-07T17:41:38.229Z,gyroscope sensor uncalibrated,0.16126843,0.64568454,-0.44532076,0.16126843,0.64568454,-0.44532076,3
867227110751330,2024-03-07T17:41:38.239Z,gyroscope sensor uncalibrated,0.28405234,0.65179324,-0.5143485,0.28405234,0.65179324,-0.5143485,3
867227120750096,2024-03-07T17:41:38.249Z,gyroscope sensor uncalibrated,0.35308012,0.5748242,-0.36163223,0.35308012,0.5748242,-0.36163223,3
867227130748796,2024-03-07T17:41:38.259Z,gyroscope sensor uncalibrated,0.27977628,0.40439278,-0.10262536,0.27977628,0.40439278,-0.10262536,3
867227140747562,2024-03-07T17:41:38.269Z,gyroscope sensor uncalibrated,0.22113322,0.16676621,0.15393804,0.22113322,0.16676621,0.15393804,3
867227150746328,2024-03-07T17:41:38.278Z,gyroscope sensor uncalibrated,0.2669481,-0.028099801,0.26206118,0.2669481,-0.028099801,0.26206118,3
867227160745094,2024-03-07T17:41:38.289Z,gyroscope sensor uncalibrated,0.26633725,-0.18081611,0.23579398,0.26633725,-0.18081611,0.23579398,3
867227170743860,2024-03-07T17:41:38.299Z,gyroscope sensor uncalibrated,0.17165314,-0.28405234,0.1881465,0.17165314,-0.28405234,0.1881465,3
867227180742626,2024-03-07T17:41:38.309Z,gyroscope sensor uncalibrated,0.017715093,-0.27977628,0.092240654,0.017715093,-0.27977628,0.092240654,3
867227190741392,2024-03-07T17:41:38.319Z,gyroscope sensor uncalibrated,-0.10995574,-0.20463985,-0.09162979,-0.10995574,-0.20463985,-0.09162979,3
867227200740158,2024-03-07T17:41:38.329Z,gyroscope sensor uncalibrated,-0.21502456,-0.13561209,-0.28710666,-0.21502456,-0.13561209,-0.28710666,3
867227210738858,2024-03-07T17:41:38.339Z,gyroscope sensor uncalibrated,-0.3390302,-0.095294975,-0.39095375,-0.3390302,-0.095294975,-0.39095375,3
867227220737624,2024-03-07T17:41:38.348Z,gyroscope sensor uncalibrated,-0.35613444,-0.08674286,-0.34147367,-0.35613444,-0.08674286,-0.34147367,3
867227230736390,2024-03-07T17:41:38.359Z,gyroscope sensor uncalibrated,-0.17592919,-0.1020145,-0.10323623,-0.17592919,-0.1020145,-0.10323623,3
867227240735123,2024-03-07T17:41:38.369Z,gyroscope sensor uncalibrated,-0.04520403,-0.07452556,0.036651913,-0.04520403,-0.07452556,0.036651913,3
867227250733923,2024-03-07T17:41:38.379Z,gyroscope sensor uncalibrated,0.0580322,0.01282817,0.13072516,0.0580322,0.01282817,0.13072516,3
867227260732756,2024-03-07T17:41:38.389Z,gyroscope sensor uncalibrated,0.111177474,0.12034045,0.172264,0.111177474,0.12034045,0.172264,3
867227270731589,2024-03-07T17:41:38.398Z,gyroscope sensor uncalibrated,0.13561209,0.22724187,0.18448131,0.13561209,0.22724187,0.18448131,3
867227280730489,2024-03-07T17:41:38.409Z,gyroscope sensor uncalibrated,0.1337795,0.30970868,0.18020524,0.1337795,0.30970868,0.18020524,3
867227290729389,2024-03-07T17:41:38.419Z,gyroscope sensor uncalibrated,0.11728613,0.3390302,0.16126843,0.11728613,0.3390302,0.16126843,3
867227300728289,2024-03-07T17:41:38.429Z,gyroscope sensor uncalibrated,0.07086037,0.34330627,0.116675265,0.07086037,0.34330627,0.116675265,3
867227310727189,2024-03-07T17:41:38.439Z,gyroscope sensor uncalibrated,-0.018325957,0.37018433,0.031154128,-0.018325957,0.37018433,0.031154128,3
867227320726055,2024-03-07T17:41:38.449Z,gyroscope sensor uncalibrated,-0.112399206,0.40194935,-0.055588737,-0.112399206,0.40194935,-0.055588737,3
867227330724921,2024-03-07T17:41:38.458Z,gyroscope sensor uncalibrated,-0.19364429,0.41722095,-0.12522738,-0.19364429,0.41722095,-0.12522738,3
867227340723787,2024-03-07T17:41:38.469Z,gyroscope sensor uncalibrated,-0.30665436,0.42149702,-0.16676621,-0.30665436,0.42149702,-0.16676621,3
867227350722587,2024-03-07T17:41:38.479Z,gyroscope sensor uncalibrated,-0.35369098,0.37934732,-0.12950343,-0.35369098,0.37934732,-0.12950343,3
867227360721453,2024-03-07T17:41:38.489Z,gyroscope sensor uncalibrated,-0.3005457,0.28527406,-0.045814894,-0.3005457,0.28527406,-0.045814894,3
867227370720319,2024-03-07T17:41:38.499Z,gyroscope sensor uncalibrated,-0.23762658,0.17592919,0.045814894,-0.23762658,0.17592919,0.045814894,3
867227380719119,2024-03-07T17:41:38.509Z,gyroscope sensor uncalibrated,-0.2302962,0.058643065,0.122783914,-0.2302962,0.058643065,0.122783914,3
867227390717985,2024-03-07T17:41:38.519Z,gyroscope sensor uncalibrated,-0.22724187,-0.022602014,0.15821409,-0.22724187,-0.022602014,0.15821409,3
867227400716851,2024-03-07T17:41:38.529Z,gyroscope sensor uncalibrated,-0.2846632,0.002443461,0.048258353,-0.2846632,0.002443461,0.048258353,3
867227410715717,2024-03-07T17:41:38.539Z,gyroscope sensor uncalibrated,-0.25411993,0.021991149,0.08552113,-0.25411993,0.021991149,0.08552113,3
867227420714583,2024-03-07T17:41:38.549Z,gyroscope sensor uncalibrated,-0.2406809,0.15210545,0.25961772,-0.2406809,0.15210545,0.25961772,3
867227430713449,2024-03-07T17:41:38.558Z,gyroscope sensor uncalibrated,-0.29626966,0.26206118,0.5858198,-0.29626966,0.26206118,0.5858198,3
867227440712315,2024-03-07T17:41:38.569Z,gyroscope sensor uncalibrated,-0.37323865,0.35308012,1.0115929,-0.37323865,0.35308012,1.0115929,3
867227450711181,2024-03-07T17:41:38.579Z,gyroscope sensor uncalibrated,-0.44959682,0.40683624,1.0403035,-0.44959682,0.40683624,1.0403035,3
867227460709981,2024-03-07T17:41:38.589Z,gyroscope sensor uncalibrated,-0.4202753,0.34513888,0.97249746,-0.4202753,0.34513888,0.97249746,3
867227470708847,2024-03-07T17:41:38.599Z,gyroscope sensor uncalibrated,-0.30970868,0.2742785,0.86315256,-0.30970868,0.2742785,0.86315256,3
867227480707713,2024-03-07T17:41:38.609Z,gyroscope sensor uncalibrated,-0.2284636,0.1600467,0.7458665,-0.2284636,0.1600467,0.7458665,3
867227490706513,2024-03-07T17:41:38.619Z,gyroscope sensor uncalibrated,-0.14110987,0.026267206,0.6542367,-0.14110987,0.026267206,0.6542367,3
867227500704679,2024-03-07T17:41:38.629Z,gyroscope sensor uncalibrated,0.013439035,-0.014660766,0.55955255,0.013439035,-0.014660766,0.55955255,3
867227510703179,2024-03-07T17:41:38.639Z,gyroscope sensor uncalibrated,0.19364429,-0.02076942,0.49235737,0.19364429,-0.02076942,0.49235737,3
867227520701979,2024-03-07T17:41:38.649Z,gyroscope sensor uncalibrated,0.2706133,-0.05375614,0.35002577,0.2706133,-0.05375614,0.35002577,3
867227530700479,2024-03-07T17:41:38.658Z,gyroscope sensor uncalibrated,0.23762658,-0.112399206,0.15088372,0.23762658,-0.112399206,0.15088372,3
867227540699312,2024-03-07T17:41:38.669Z,gyroscope sensor uncalibrated,0.15699236,-0.16554448,-0.06536258,0.15699236,-0.16554448,-0.06536258,3
867227550698145,2024-03-07T17:41:38.679Z,gyroscope sensor uncalibrated,0.039095376,-0.30848694,-0.25534168,0.039095376,-0.30848694,-0.25534168,3
867227560696945,2024-03-07T17:41:38.689Z,gyroscope sensor uncalibrated,-0.19242255,-0.57910025,-0.45020768,-0.19242255,-0.57910025,-0.45020768,3
867227570695678,2024-03-07T17:41:38.699Z,gyroscope sensor uncalibrated,-0.43066,-0.88147855,-0.63041294,-0.43066,-0.88147855,-0.63041294,3
867227580694411,2024-03-07T17:41:38.708Z,gyroscope sensor uncalibrated,-0.58093286,-1.1111639,-0.7715228,-0.58093286,-1.1111639,-0.7715228,3
867227590693144,2024-03-07T17:41:38.719Z,gyroscope sensor uncalibrated,-0.5876524,-1.2626585,-0.80939645,-0.5876524,-1.2626585,-0.80939645,3
867227600691810,2024-03-07T17:41:38.729Z,gyroscope sensor uncalibrated,-0.40011674,-1.3457361,-0.81183994,-0.40011674,-1.3457361,-0.81183994,3
867227610690543,2024-03-07T17:41:38.738Z,gyroscope sensor uncalibrated,-0.06414085,-1.328021,-0.79473567,-0.06414085,-1.328021,-0.79473567,3
867227620689276,2024-03-07T17:41:38.749Z,gyroscope sensor uncalibrated,0.23945917,-1.0207558,-0.1282817,0.23945917,-1.0207558,-0.1282817,3
867227630687942,2024-03-07T17:41:38.759Z,gyroscope sensor uncalibrated,-0.23701571,-0.7672467,0.535118,-0.23701571,-0.7672467,0.535118,3
867227640686675,2024-03-07T17:41:38.769Z,gyroscope sensor uncalibrated,-0.055588737,-0.46181414,0.7110472,-0.055588737,-0.46181414,0.7110472,3
867227650685441,2024-03-07T17:41:38.779Z,gyroscope sensor uncalibrated,0.12767084,0.016493361,0.7122689,0.12767084,0.016493361,0.7122689,3
867227660684207,2024-03-07T17:41:38.789Z,gyroscope sensor uncalibrated,-0.12705997,0.19425514,0.6432411,-0.12705997,0.19425514,0.6432411,3
867227670682973,2024-03-07T17:41:38.799Z,gyroscope sensor uncalibrated,-0.31520647,0.26206118,0.4288274,-0.31520647,0.26206118,0.4288274,3
867227680681739,2024-03-07T17:41:38.808Z,gyroscope sensor uncalibrated,-0.48991394,0.23518312,0.16798794,-0.48991394,0.23518312,0.16798794,3
867227690680505,2024-03-07T17:41:38.818Z,gyroscope sensor uncalibrated,-0.66767573,0.13133603,-0.087964594,-0.66767573,0.13133603,-0.087964594,3
867227700679271,2024-03-07T17:41:38.829Z,gyroscope sensor uncalibrated,-0.7360926,0.037873644,-0.28588495,-0.7360926,0.037873644,-0.28588495,3
867227710677971,2024-03-07T17:41:38.839Z,gyroscope sensor uncalibrated,-0.6817256,0.015882496,-0.41172317,-0.6817256,0.015882496,-0.41172317,3
867227720676737,2024-03-07T17:41:38.849Z,gyroscope sensor uncalibrated,-0.5699373,0.045814894,-0.48991394,-0.5699373,0.045814894,-0.48991394,3
867227730675503,2024-03-07T17:41:38.859Z,gyroscope sensor uncalibrated,-0.45631635,0.08002335,-0.46120325,-0.45631635,0.08002335,-0.46120325,3
867227740674203,2024-03-07T17:41:38.869Z,gyroscope sensor uncalibrated,-0.38056904,0.06658431,-0.32620203,-0.38056904,0.06658431,-0.32620203,3
867227750672969,2024-03-07T17:41:38.879Z,gyroscope sensor uncalibrated,-0.28405234,-0.03481932,-0.19425514,-0.28405234,-0.03481932,-0.19425514,3
867227760671735,2024-03-07T17:41:38.889Z,gyroscope sensor uncalibrated,-0.1863139,-0.16126843,-0.09468412,-0.1863139,-0.16126843,-0.09468412,3
867227770670435,2024-03-07T17:41:38.899Z,gyroscope sensor uncalibrated,-0.13255776,-0.25289822,-0.048258353,-0.13255776,-0.25289822,-0.048258353,3
867227780669201,2024-03-07T17:41:38.909Z,gyroscope sensor uncalibrated,-0.226631,-0.28893927,-0.00061086525,-0.226631,-0.28893927,-0.00061086525,3
867227790667967,2024-03-07T17:41:38.918Z,gyroscope sensor uncalibrated,-0.28710666,-0.3567453,-0.043982297,-0.28710666,-0.3567453,-0.043982297,3
867227800667300,2024-03-07T17:41:38.929Z,gyroscope sensor uncalibrated,-0.28710666,-0.39767328,-0.17104226,-0.28710666,-0.39767328,-0.17104226,3
867227810666433,2024-03-07T17:41:38.939Z,gyroscope sensor uncalibrated,-0.29871312,-0.41172317,-0.32253686,-0.29871312,-0.41172317,-0.32253686,3
867227820665199,2024-03-07T17:41:38.949Z,gyroscope sensor uncalibrated,-0.32070425,-0.40194935,-0.4428773,-0.32070425,-0.40194935,-0.4428773,3
867227830664332,2024-03-07T17:41:38.958Z,gyroscope sensor uncalibrated,-0.35185838,-0.398895,-0.5002986,-0.35185838,-0.398895,-0.5002986,3
867227840663098,2024-03-07T17:41:38.969Z,gyroscope sensor uncalibrated,-0.38056904,-0.40317106,-0.5131268,-0.38056904,-0.40317106,-0.5131268,3
867227850661798,2024-03-07T17:41:38.979Z,gyroscope sensor uncalibrated,-0.3848451,-0.35246924,-0.48991394,-0.3848451,-0.35246924,-0.48991394,3
867227860660564,2024-03-07T17:41:38.989Z,gyroscope sensor uncalibrated,-0.40317106,-0.2510656,-0.46670106,-0.40317106,-0.2510656,-0.46670106,3
867227870659330,2024-03-07T17:41:38.999Z,gyroscope sensor uncalibrated,-0.23518312,0.053145275,-0.48258355,-0.23518312,0.053145275,-0.48258355,3
867227880658030,2024-03-07T17:41:39.008Z,gyroscope sensor uncalibrated,-0.059864793,0.20708331,-0.4978552,-0.059864793,0.20708331,-0.4978552,3
867227890656796,2024-03-07T17:41:39.019Z,gyroscope sensor uncalibrated,0.06414085,0.39095375,-0.45448375,0.06414085,0.39095375,-0.45448375,3
867227900655562,2024-03-07T17:41:39.029Z,gyroscope sensor uncalibrated,0.15088372,0.5326745,-0.40194935,0.15088372,0.5326745,-0.40194935,3
867227910654328,2024-03-07T17:41:39.038Z,gyroscope sensor uncalibrated,0.2602286,0.6151413,-0.26206118,0.2602286,0.6151413,-0.26206118,3
867227920653094,2024-03-07T17:41:39.049Z,gyroscope sensor uncalibrated,0.33292156,0.6041457,-0.15943582,0.33292156,0.6041457,-0.15943582,3
867227930651860,2024-03-07T17:41:39.058Z,gyroscope sensor uncalibrated,0.3494149,0.6236934,-0.10262536,0.3494149,0.6236934,-0.10262536,3
867227940650626,2024-03-07T17:41:39.069Z,gyroscope sensor uncalibrated,0.37018433,0.46914452,-0.03970624,0.37018433,0.46914452,-0.03970624,3
867227950649359,2024-03-07T17:41:39.078Z,gyroscope sensor uncalibrated,0.61758476,0.31520647,0.06841691,0.61758476,0.31520647,0.06841691,3
867227960648025,2024-03-07T17:41:39.089Z,gyroscope sensor uncalibrated,0.5503896,0.35124752,0.15271631,0.5503896,0.35124752,0.15271631,3
867227970646758,2024-03-07T17:41:39.099Z,gyroscope sensor uncalibrated,0.6603453,0.2321288,0.27305678,0.6603453,0.2321288,0.27305678,3
867227980645491,2024-03-07T17:41:39.109Z,gyroscope sensor uncalibrated,0.7049385,0.30604348,0.26328292,0.7049385,0.30604348,0.26328292,3
867227990644157,2024-03-07T17:41:39.119Z,gyroscope sensor uncalibrated,0.5216789,0.37018433,0.18020524,0.5216789,0.37018433,0.18020524,3
867228000642890,2024-03-07T17:41:39.129Z,gyroscope sensor uncalibrated,0.22785273,0.37873647,0.007330383,0.22785273,0.37873647,0.007330383,3
867228010641623,2024-03-07T17:41:39.139Z,gyroscope sensor uncalibrated,-0.03970624,0.35185838,-0.18570304,-0.03970624,0.35185838,-0.18570304,3
867228020640289,2024-03-07T17:41:39.149Z,gyroscope sensor uncalibrated,-0.15149458,0.23335053,-0.27366763,-0.15149458,0.23335053,-0.27366763,3
867228030639022,2024-03-07T17:41:39.159Z,gyroscope sensor uncalibrated,-0.16065755,0.096516706,-0.29016098,-0.16065755,0.096516706,-0.29016098,3
867228040637755,2024-03-07T17:41:39.169Z,gyroscope sensor uncalibrated,-0.13439035,-0.04886922,-0.22907446,-0.13439035,-0.04886922,-0.22907446,3
867228050636488,2024-03-07T17:41:39.179Z,gyroscope sensor uncalibrated,-0.06658431,-0.25778514,-0.16798794,-0.06658431,-0.25778514,-0.16798794,3
867228060635254,2024-03-07T17:41:39.189Z,gyroscope sensor uncalibrated,0.029321533,-0.35918877,-0.1337795,0.029321533,-0.35918877,-0.1337795,3
867228070634020,2024-03-07T17:41:39.199Z,gyroscope sensor uncalibrated,0.089186326,-0.3408628,-0.12889257,0.089186326,-0.3408628,-0.12889257,3
867228080632786,2024-03-07T17:41:39.209Z,gyroscope sensor uncalibrated,0.0720821,-0.2180789,-0.19058995,0.0720821,-0.2180789,-0.19058995,3
867228090631552,2024-03-07T17:41:39.219Z,gyroscope sensor uncalibrated,0.035430185,-0.21013765,-0.26206118,0.035430185,-0.21013765,-0.26206118,3
867228100630385,2024-03-07T17:41:39.229Z,gyroscope sensor uncalibrated,0.004886922,-0.31031954,-0.32070425,0.004886922,-0.31031954,-0.32070425,3
867228110629151,2024-03-07T17:41:39.239Z,gyroscope sensor uncalibrated,0.015882496,-0.47952923,-0.3323107,0.015882496,-0.47952923,-0.3323107,3
867228120627917,2024-03-07T17:41:39.249Z,gyroscope sensor uncalibrated,0.087964594,-0.61453044,-0.28221974,0.087964594,-0.61453044,-0.28221974,3
867228130626617,2024-03-07T17:41:39.259Z,gyroscope sensor uncalibrated,0.20586158,-0.689056,-0.21013765,0.20586158,-0.689056,-0.21013765,3
867228140625383,2024-03-07T17:41:39.269Z,gyroscope sensor uncalibrated,0.30604348,-0.65118235,-0.13744467,0.30604348,-0.65118235,-0.13744467,3
867228150624149,2024-03-07T17:41:39.279Z,gyroscope sensor uncalibrated,0.31215215,-0.54550266,-0.07269296,0.31215215,-0.54550266,-0.07269296,3
867228160622915,2024-03-07T17:41:39.289Z,gyroscope sensor uncalibrated,0.31520647,-0.3390302,-0.099571034,0.31520647,-0.3390302,-0.099571034,3
867228170621681,2024-03-07T17:41:39.299Z,gyroscope sensor uncalibrated,0.24801129,0.007941248,-0.18875736,0.24801129,0.007941248,-0.18875736,3
867228180620447,2024-03-07T17:41:39.309Z,gyroscope sensor uncalibrated,0.17837265,0.31520647,-0.25350907,0.17837265,0.31520647,-0.25350907,3
867228190619213,2024-03-07T17:41:39.319Z,gyroscope sensor uncalibrated,0.16432275,0.4728097,-0.30604348,0.16432275,0.4728097,-0.30604348,3
867228200617979,2024-03-07T17:41:39.329Z,gyroscope sensor uncalibrated,0.21563543,0.49296826,-0.24740042,0.21563543,0.49296826,-0.24740042,3
867228210616679,2024-03-07T17:41:39.339Z,gyroscope sensor uncalibrated,0.2828306,0.4447099,-0.15760323,0.2828306,0.4447099,-0.15760323,3
867228220615445,2024-03-07T17:41:39.349Z,gyroscope sensor uncalibrated,0.34330627,0.35002577,-0.10323623,0.34330627,0.35002577,-0.10323623,3
867228230614211,2024-03-07T17:41:39.359Z,gyroscope sensor uncalibrated,0.36163223,0.23457226,-0.061086524,0.36163223,0.23457226,-0.061086524,3
867228240612911,2024-03-07T17:41:39.369Z,gyroscope sensor uncalibrated,0.32375857,0.08979719,-0.0018325958,0.32375857,0.08979719,-0.0018325958,3
867228250611677,2024-03-07T17:41:39.379Z,gyroscope sensor uncalibrated,0.28893927,0.07086037,0.086132,0.28893927,0.07086037,0.086132,3
867228260610443,2024-03-07T17:41:39.389Z,gyroscope sensor uncalibrated,0.18203785,0.20952678,0.08307768,0.18203785,0.20952678,0.08307768,3
867228270609143,2024-03-07T17:41:39.399Z,gyroscope sensor uncalibrated,0.087964594,0.37873647,0.08246681,0.087964594,0.37873647,0.08246681,3
867228280607909,2024-03-07T17:41:39.408Z,gyroscope sensor uncalibrated,0.095294975,0.4184427,0.08857546,0.095294975,0.4184427,0.08857546,3
867228290606709,2024-03-07T17:41:39.419Z,gyroscope sensor uncalibrated,0.20158553,0.18142697,0.06414085,0.20158553,0.18142697,0.06414085,3
867228300605509,2024-03-07T17:41:39.429Z,gyroscope sensor uncalibrated,0.18325958,-0.049480084,0.054367006,0.18325958,-0.049480084,0.054367006,3
867228310604409,2024-03-07T17:41:39.439Z,gyroscope sensor uncalibrated,0.07391469,-0.23640485,0.047036625,0.07391469,-0.23640485,0.047036625,3
867228320603375,2024-03-07T17:41:39.449Z,gyroscope sensor uncalibrated,-0.062308256,-0.31948254,0.047036625,-0.062308256,-0.31948254,0.047036625,3
867228330602341,2024-03-07T17:41:39.459Z,gyroscope sensor uncalibrated,-0.18325958,-0.33964106,0.013439035,-0.18325958,-0.33964106,0.013439035,3
867228340601341,2024-03-07T17:41:39.468Z,gyroscope sensor uncalibrated,-0.2657264,-0.30970868,-0.0580322,-0.2657264,-0.30970868,-0.0580322,3
867228350600307,2024-03-07T17:41:39.479Z,gyroscope sensor uncalibrated,-0.31703907,-0.25900686,-0.122783914,-0.31703907,-0.25900686,-0.122783914,3
867228360599307,2024-03-07T17:41:39.489Z,gyroscope sensor uncalibrated,-0.33108896,-0.20769419,-0.13072516,-0.33108896,-0.20769419,-0.13072516,3
867228370598373,2024-03-07T17:41:39.499Z,gyroscope sensor uncalibrated,-0.32620203,-0.14172074,-0.07391469,-0.32620203,-0.14172074,-0.07391469,3
867228380597373,2024-03-07T17:41:39.509Z,gyroscope sensor uncalibrated,-0.24007004,-0.1160644,0.028710667,-0.24007004,-0.1160644,0.028710667,3
867228390596439,2024-03-07T17:41:39.519Z,gyroscope sensor uncalibrated,-0.084910266,-0.07391469,0.14538592,-0.084910266,-0.07391469,0.14538592,3
867228400595505,2024-03-07T17:41:39.529Z,gyroscope sensor uncalibrated,0.02443461,-0.01038471,0.29626966,0.02443461,-0.01038471,0.29626966,3
867228410594571,2024-03-07T17:41:39.539Z,gyroscope sensor uncalibrated,0.10934488,0.081855945,0.40622538,0.10934488,0.081855945,0.40622538,3
867228420593637,2024-03-07T17:41:39.548Z,gyroscope sensor uncalibrated,0.14844026,0.2003638,0.43188173,0.14844026,0.2003638,0.43188173,3
867228430592703,2024-03-07T17:41:39.559Z,gyroscope sensor uncalibrated,0.13316862,0.3145956,0.4147775,0.13316862,0.3145956,0.4147775,3
867228440591769,2024-03-07T17:41:39.569Z,gyroscope sensor uncalibrated,0.08857546,0.408058,0.36651915,0.08857546,0.408058,0.36651915,3
867228450590835,2024-03-07T17:41:39.579Z,gyroscope sensor uncalibrated,0.03481932,0.45875978,0.30115658,0.03481932,0.45875978,0.30115658,3
867228460589835,2024-03-07T17:41:39.589Z,gyroscope sensor uncalibrated,-0.02687807,0.4569272,0.24373524,-0.02687807,0.4569272,0.24373524,3
867228470588901,2024-03-07T17:41:39.598Z,gyroscope sensor uncalibrated,-0.1001819,0.41783184,0.1966986,-0.1001819,0.41783184,0.1966986,3
867228480587967,2024-03-07T17:41:39.609Z,gyroscope sensor uncalibrated,-0.18692477,0.3549127,0.13561209,-0.18692477,0.3549127,0.13561209,3
867228490586967,2024-03-07T17:41:39.619Z,gyroscope sensor uncalibrated,-0.26633725,0.29016098,0.05009095,-0.26633725,0.29016098,0.05009095,3
867228500585800,2024-03-07T17:41:39.629Z,gyroscope sensor uncalibrated,-0.3005457,0.20952678,-0.08307768,-0.3005457,0.20952678,-0.08307768,3
867228510584866,2024-03-07T17:41:39.639Z,gyroscope sensor uncalibrated,-0.26511553,0.19058995,-0.1020145,-0.26511553,0.19058995,-0.1020145,3
867228520583866,2024-03-07T17:41:39.648Z,gyroscope sensor uncalibrated,-0.27916542,0.20708331,-0.06291912,-0.27916542,0.20708331,-0.06291912,3
867228530582932,2024-03-07T17:41:39.659Z,gyroscope sensor uncalibrated,-0.31215215,0.1966986,-0.017715093,-0.31215215,0.1966986,-0.017715093,3
867228540581998,2024-03-07T17:41:39.669Z,gyroscope sensor uncalibrated,-0.30665436,0.15882497,-0.007941248,-0.30665436,0.15882497,-0.007941248,3
867228550581064,2024-03-07T17:41:39.679Z,gyroscope sensor uncalibrated,-0.25595254,0.15882497,-0.03359759,-0.25595254,0.15882497,-0.03359759,3
867228560580130,2024-03-07T17:41:39.689Z,gyroscope sensor uncalibrated,-0.20830505,0.20280726,-0.021991149,-0.20830505,0.20280726,-0.021991149,3
867228570579196,2024-03-07T17:41:39.699Z,gyroscope sensor uncalibrated,-0.16249016,0.26633725,0.02076942,-0.16249016,0.26633725,0.02076942,3
867228580578029,2024-03-07T17:41:39.709Z,gyroscope sensor uncalibrated,-0.11056661,0.33475417,0.08552113,-0.11056661,0.33475417,0.08552113,3
867228590577062,2024-03-07T17:41:39.719Z,gyroscope sensor uncalibrated,-0.05009095,0.36835176,0.15088372,-0.05009095,0.36835176,0.15088372,3
867228600576028,2024-03-07T17:41:39.729Z,gyroscope sensor uncalibrated,0.00061086525,0.40439278,0.19547687,0.00061086525,0.40439278,0.19547687,3
867228610574961,2024-03-07T17:41:39.739Z,gyroscope sensor uncalibrated,0.032375857,0.43493605,0.204029,0.032375857,0.43493605,0.204029,3
867228620573827,2024-03-07T17:41:39.749Z,gyroscope sensor uncalibrated,0.05375614,0.37507126,0.20586158,0.05375614,0.37507126,0.20586158,3
867228630572627,2024-03-07T17:41:39.759Z,gyroscope sensor uncalibrated,0.047036625,0.1301143,0.2510656,0.047036625,0.1301143,0.2510656,3
867228640571460,2024-03-07T17:41:39.769Z,gyroscope sensor uncalibrated,0.052534413,-0.3023783,0.3463606,0.052534413,-0.3023783,0.3463606,3
867228650570260,2024-03-07T17:41:39.779Z,gyroscope sensor uncalibrated,0.09407325,-0.788627,0.38056904,0.09407325,-0.788627,0.38056904,3
867228660569060,2024-03-07T17:41:39.789Z,gyroscope sensor uncalibrated,0.13194689,-1.1081096,0.33658674,0.13194689,-1.1081096,0.33658674,3
867228670567793,2024-03-07T17:41:39.799Z,gyroscope sensor uncalibrated,0.093462385,-1.2186762,0.3109304,0.093462385,-1.2186762,0.3109304,3
867228680566526,2024-03-07T17:41:39.809Z,gyroscope sensor uncalibrated,0.037873644,-1.0830641,0.2932153,0.037873644,-1.0830641,0.2932153,3
867228690565259,2024-03-07T17:41:39.819Z,gyroscope sensor uncalibrated,-0.008552114,-0.7086037,0.26206118,-0.008552114,-0.7086037,0.26206118,3
867228700563992,2024-03-07T17:41:39.829Z,gyroscope sensor uncalibrated,-0.08002335,-0.26450464,0.23457226,-0.08002335,-0.26450464,0.23457226,3
867228710562658,2024-03-07T17:41:39.838Z,gyroscope sensor uncalibrated,-0.2883284,0.2687807,0.2284636,-0.2883284,0.2687807,0.2284636,3
867228720561391,2024-03-07T17:41:39.849Z,gyroscope sensor uncalibrated,-0.4605924,0.44226643,0.1337795,-0.4605924,0.44226643,0.1337795,3
867228730560124,2024-03-07T17:41:39.859Z,gyroscope sensor uncalibrated,-0.5729916,0.5674938,0.034208454,-0.5729916,0.5674938,0.034208454,3
867228740558790,2024-03-07T17:41:39.869Z,gyroscope sensor uncalibrated,-0.634689,0.63041294,-0.06963864,-0.634689,0.63041294,-0.06963864,3
867228750557523,2024-03-07T17:41:39.879Z,gyroscope sensor uncalibrated,-0.6536258,0.60231316,-0.172264,-0.6536258,0.60231316,-0.172264,3
867228760556256,2024-03-07T17:41:39.888Z,gyroscope sensor uncalibrated,-0.6267477,0.5516113,-0.23640485,-0.6267477,0.5516113,-0.23640485,3
867228770554956,2024-03-07T17:41:39.899Z,gyroscope sensor uncalibrated,-0.5571091,0.4605924,-0.26145032,-0.5571091,0.4605924,-0.26145032,3
867228780553722,2024-03-07T17:41:39.909Z,gyroscope sensor uncalibrated,-0.4202753,0.37384954,-0.26145032,-0.4202753,0.37384954,-0.26145032,3
867228790552488,2024-03-07T17:41:39.919Z,gyroscope sensor uncalibrated,-0.23762658,0.33658674,-0.2125811,-0.23762658,0.33658674,-0.2125811,3
867228800551488,2024-03-07T17:41:39.928Z,gyroscope sensor uncalibrated,-0.115453534,0.28099802,-0.13255776,-0.115453534,0.28099802,-0.13255776,3
867228810550254,2024-03-07T17:41:39.939Z,gyroscope sensor uncalibrated,-0.089186326,0.18692477,-0.02443461,-0.089186326,0.18692477,-0.02443461,3
867228820549020,2024-03-07T17:41:39.949Z,gyroscope sensor uncalibrated,-0.12339478,0.02076942,0.08246681,-0.12339478,0.02076942,0.08246681,3
867228830547786,2024-03-07T17:41:39.958Z,gyroscope sensor uncalibrated,-0.1459968,-0.20586158,0.13133603,-0.1459968,-0.20586158,0.13133603,3
867228840546552,2024-03-07T17:41:39.969Z,gyroscope sensor uncalibrated,-0.16310102,-0.38056904,0.103847094,-0.16310102,-0.38056904,0.103847094,3
867228850545252,2024-03-07T17:41:39.979Z,gyroscope sensor uncalibrated,-0.20708331,-0.4728097,0.021380283,-0.20708331,-0.4728097,0.021380283,3
867228860544018,2024-03-07T17:41:39.989Z,gyroscope sensor uncalibrated,-0.25778514,-0.48258355,-0.08735373,-0.25778514,-0.48258355,-0.08735373,3
867228870542784,2024-03-07T17:41:39.999Z,gyroscope sensor uncalibrated,-0.33964106,-0.45204028,-0.1966986,-0.33964106,-0.45204028,-0.1966986,3
867228880541717,2024-03-07T17:41:40.009Z,gyroscope sensor uncalibrated,-0.4392121,-0.40439278,-0.29443705,-0.4392121,-0.40439278,-0.29443705,3
867228890540483,2024-03-07T17:41:40.019Z,gyroscope sensor uncalibrated,-0.5155703,-0.34574974,-0.37384954,-0.5155703,-0.34574974,-0.37384954,3
867228900539249,2024-03-07T17:41:40.029Z,gyroscope sensor uncalibrated,-0.5155703,-0.29077184,-0.43371433,-0.5155703,-0.29077184,-0.43371433,3
867228910538015,2024-03-07T17:41:40.038Z,gyroscope sensor uncalibrated,-0.46486846,-0.23945917,-0.4746423,-0.46486846,-0.23945917,-0.4746423,3
867228920536781,2024-03-07T17:41:40.049Z,gyroscope sensor uncalibrated,-0.3915646,-0.204029,-0.48380527,-0.3915646,-0.204029,-0.48380527,3
867228930535547,2024-03-07T17:41:40.059Z,gyroscope sensor uncalibrated,-0.29993483,-0.14844026,-0.44043383,-0.29993483,-0.14844026,-0.44043383,3
867228940534313,2024-03-07T17:41:40.069Z,gyroscope sensor uncalibrated,-0.22174409,-0.1282817,-0.40194935,-0.22174409,-0.1282817,-0.40194935,3
867228950533079,2024-03-07T17:41:40.079Z,gyroscope sensor uncalibrated,-0.11789699,-0.11362094,-0.3744604,-0.11789699,-0.11362094,-0.3744604,3
867228960531779,2024-03-07T17:41:40.089Z,gyroscope sensor uncalibrated,-0.03726278,-0.10445796,-0.344528,-0.03726278,-0.10445796,-0.344528,3
867228970530545,2024-03-07T17:41:40.099Z,gyroscope sensor uncalibrated,0.021991149,-0.09162979,-0.29626966,0.021991149,-0.09162979,-0.29626966,3
867228980529311,2024-03-07T17:41:40.109Z,gyroscope sensor uncalibrated,0.062308256,-0.05497787,-0.22968534,0.062308256,-0.05497787,-0.22968534,3
867228990528011,2024-03-07T17:41:40.119Z,gyroscope sensor uncalibrated,0.10140363,0.016493361,-0.1704314,0.10140363,0.016493361,-0.1704314,3
867229000526777,2024-03-07T17:41:40.129Z,gyroscope sensor uncalibrated,0.13133603,0.12889257,-0.10934488,0.13133603,0.12889257,-0.10934488,3
867229010525543,2024-03-07T17:41:40.139Z,gyroscope sensor uncalibrated,0.18142697,0.26083946,-0.045814894,0.18142697,0.26083946,-0.045814894,3
867229020524243,2024-03-07T17:41:40.149Z,gyroscope sensor uncalibrated,0.25473082,0.42577308,0.022602014,0.25473082,0.42577308,0.022602014,3
867229030523009,2024-03-07T17:41:40.159Z,gyroscope sensor uncalibrated,0.2669481,0.60048056,0.08124508,0.2669481,0.60048056,0.08124508,3
867229040521775,2024-03-07T17:41:40.169Z,gyroscope sensor uncalibrated,0.25045475,0.6969972,0.12583824,0.25045475,0.6969972,0.12583824,3
867229050520541,2024-03-07T17:41:40.179Z,gyroscope sensor uncalibrated,0.27855456,0.7104363,0.16371189,0.27855456,0.7104363,0.16371189,3
867229060519307,2024-03-07T17:41:40.189Z,gyroscope sensor uncalibrated,0.37384954,0.66706485,0.21013765,0.37384954,0.66706485,0.21013765,3
867229070518040,2024-03-07T17:41:40.199Z,gyroscope sensor uncalibrated,0.4990769,0.6072,0.27672195,0.4990769,0.6072,0.27672195,3
867229080516773,2024-03-07T17:41:40.209Z,gyroscope sensor uncalibrated,0.61086524,0.552833,0.35124752,0.61086524,0.552833,0.35124752,3
867229090515506,2024-03-07T17:41:40.218Z,gyroscope sensor uncalibrated,0.7098254,0.44104472,0.37995818,0.7098254,0.44104472,0.37995818,3
867229100514172,2024-03-07T17:41:40.229Z,gyroscope sensor uncalibrated,0.7641924,0.2950479,0.32253686,0.7641924,0.2950479,0.32253686,3
867229110512905,2024-03-07T17:41:40.238Z,gyroscope sensor uncalibrated,0.65179324,0.1563815,0.20952678,0.65179324,0.1563815,0.20952678,3
867229120511638,2024-03-07T17:41:40.249Z,gyroscope sensor uncalibrated,0.41416663,-0.044593163,0.036651913,0.41416663,-0.044593163,0.036651913,3
867229130510304,2024-03-07T17:41:40.258Z,gyroscope sensor uncalibrated,0.1740966,-0.26328292,-0.19181168,0.1740966,-0.26328292,-0.19181168,3
867229140509037,2024-03-07T17:41:40.269Z,gyroscope sensor uncalibrated,-0.11178834,-0.45448375,-0.51251596,-0.11178834,-0.45448375,-0.51251596,3
867229150507770,2024-03-07T17:41:40.278Z,gyroscope sensor uncalibrated,-0.16310102,-0.45875978,-0.6658431,-0.16310102,-0.45875978,-0.6658431,3
867229160506503,2024-03-07T17:41:40.289Z,gyroscope sensor uncalibrated,-0.1020145,-0.47219884,-0.74281216,-0.1020145,-0.47219884,-0.74281216,3
867229170505236,2024-03-07T17:41:40.299Z,gyroscope sensor uncalibrated,0.02687807,-0.5919284,-0.7189884,0.02687807,-0.5919284,-0.7189884,3
867229180504002,2024-03-07T17:41:40.309Z,gyroscope sensor uncalibrated,0.22418754,-0.7800749,-0.5919284,0.22418754,-0.7800749,-0.5919284,3
867229190502768,2024-03-07T17:41:40.319Z,gyroscope sensor uncalibrated,0.44593164,-0.906524,-0.38545597,0.44593164,-0.906524,-0.38545597,3
867229200501534,2024-03-07T17:41:40.329Z,gyroscope sensor uncalibrated,0.657291,-0.89369583,-0.16065755,0.657291,-0.89369583,-0.16065755,3
867229210500234,2024-03-07T17:41:40.339Z,gyroscope sensor uncalibrated,0.79779,-0.7287622,-0.014660766,0.79779,-0.7287622,-0.014660766,3
867229220499000,2024-03-07T17:41:40.349Z,gyroscope sensor uncalibrated,0.8210029,-0.38728857,0.03848451,0.8210029,-0.38728857,0.03848451,3
867229230497766,2024-03-07T17:41:40.359Z,gyroscope sensor uncalibrated,0.7892379,0.089186326,0.022602014,0.7892379,0.089186326,0.022602014,3
867229240496466,2024-03-07T17:41:40.369Z,gyroscope sensor uncalibrated,0.7122689,0.58276546,-0.032986723,0.7122689,0.58276546,-0.032986723,3
867229250495232,2024-03-07T17:41:40.379Z,gyroscope sensor uncalibrated,0.634689,0.87109387,-0.07452556,0.634689,0.87109387,-0.07452556,3
867229260493998,2024-03-07T17:41:40.389Z,gyroscope sensor uncalibrated,0.59437186,0.883922,-0.105068825,0.59437186,0.883922,-0.105068825,3
867229270492698,2024-03-07T17:41:40.399Z,gyroscope sensor uncalibrated,0.5381723,0.806953,-0.12156218,0.5381723,0.806953,-0.12156218,3
867229280491464,2024-03-07T17:41:40.409Z,gyroscope sensor uncalibrated,0.37384954,0.78801614,-0.07452556,0.37384954,0.78801614,-0.07452556,3
867229290490230,2024-03-07T17:41:40.418Z,gyroscope sensor uncalibrated,0.18081611,0.7079928,-0.06352998,0.18081611,0.7079928,-0.06352998,3
867229300488996,2024-03-07T17:41:40.428Z,gyroscope sensor uncalibrated,0.005497787,0.54550266,-0.09773844,0.005497787,0.54550266,-0.09773844,3
867229310487762,2024-03-07T17:41:40.439Z,gyroscope sensor uncalibrated,-0.1142318,0.3109304,-0.13805555,-0.1142318,0.3109304,-0.13805555,3
867229320486528,2024-03-07T17:41:40.449Z,gyroscope sensor uncalibrated,-0.12217305,0.13439035,-0.1600467,-0.12217305,0.13439035,-0.1600467,3
867229330485294,2024-03-07T17:41:40.459Z,gyroscope sensor uncalibrated,-0.02321288,0.062308256,-0.12339478,-0.02321288,0.062308256,-0.12339478,3
867229340484060,2024-03-07T17:41:40.469Z,gyroscope sensor uncalibrated,0.076358154,-0.02443461,-0.03176499,0.076358154,-0.02443461,-0.03176499,3
867229350482760,2024-03-07T17:41:40.478Z,gyroscope sensor uncalibrated,0.11728613,-0.25473082,0.08979719,0.11728613,-0.25473082,0.08979719,3
867229360481526,2024-03-07T17:41:40.489Z,gyroscope sensor uncalibrated,0.0720821,-0.40561453,0.13744467,0.0720821,-0.40561453,0.13744467,3
867229370480292,2024-03-07T17:41:40.499Z,gyroscope sensor uncalibrated,-0.02321288,-0.49235737,0.16676621,-0.02321288,-0.49235737,0.16676621,3
867229380479025,2024-03-07T17:41:40.509Z,gyroscope sensor uncalibrated,-0.16249016,-0.48563787,0.13927728,-0.16249016,-0.48563787,0.13927728,3
867229390477825,2024-03-07T17:41:40.519Z,gyroscope sensor uncalibrated,-0.33292156,-0.40561453,0.036651913,-0.33292156,-0.40561453,0.036651913,3
867229400476658,2024-03-07T17:41:40.529Z,gyroscope sensor uncalibrated,-0.49846604,-0.28955013,-0.07452556,-0.49846604,-0.28955013,-0.07452556,3
867229410475491,2024-03-07T17:41:40.539Z,gyroscope sensor uncalibrated,-0.6102544,-0.20891592,-0.1282817,-0.6102544,-0.20891592,-0.1282817,3
867229420474391,2024-03-07T17:41:40.549Z,gyroscope sensor uncalibrated,-0.59559363,-0.20158553,-0.15943582,-0.59559363,-0.20158553,-0.15943582,3
867229430473291,2024-03-07T17:41:40.559Z,gyroscope sensor uncalibrated,-0.49235737,-0.23823744,-0.14905111,-0.49235737,-0.23823744,-0.14905111,3
867229440472191,2024-03-07T17:41:40.569Z,gyroscope sensor uncalibrated,-0.38789943,-0.27916542,-0.086132,-0.38789943,-0.27916542,-0.086132,3
867229450471091,2024-03-07T17:41:40.579Z,gyroscope sensor uncalibrated,-0.30482176,-0.2932153,-0.0030543262,-0.30482176,-0.2932153,-0.0030543262,3
867229460469924,2024-03-07T17:41:40.589Z,gyroscope sensor uncalibrated,-0.22785273,-0.28038713,0.07086037,-0.22785273,-0.28038713,0.07086037,3
867229470468824,2024-03-07T17:41:40.599Z,gyroscope sensor uncalibrated,-0.16737708,-0.24007004,0.10995574,-0.16737708,-0.24007004,0.10995574,3
867229480467690,2024-03-07T17:41:40.609Z,gyroscope sensor uncalibrated,-0.1740966,-0.15760323,0.112399206,-0.1740966,-0.15760323,0.112399206,3
867229490466490,2024-03-07T17:41:40.619Z,gyroscope sensor uncalibrated,-0.24862215,-0.044593163,0.08979719,-0.24862215,-0.044593163,0.08979719,3
867229500464656,2024-03-07T17:41:40.629Z,gyroscope sensor uncalibrated,-0.3481932,0.06169739,0.0580322,-0.3481932,0.06169739,0.0580322,3
867229510462822,2024-03-07T17:41:40.639Z,gyroscope sensor uncalibrated,-0.44165558,0.14660765,0.007941248,-0.44165558,0.14660765,0.007941248,3
867229520463522,2024-03-07T17:41:40.649Z,gyroscope sensor uncalibrated,-0.5137377,0.22052236,-0.062308256,-0.5137377,0.22052236,-0.062308256,3
867229530462388,2024-03-07T17:41:40.659Z,gyroscope sensor uncalibrated,-0.5381723,0.28588495,-0.1160644,-0.5381723,0.28588495,-0.1160644,3
867229540461254,2024-03-07T17:41:40.669Z,gyroscope sensor uncalibrated,-0.5021312,0.34147367,-0.12705997,-0.5021312,0.34147367,-0.12705997,3
867229550460120,2024-03-07T17:41:40.679Z,gyroscope sensor uncalibrated,-0.4654793,0.37995818,-0.10629055,-0.4654793,0.37995818,-0.10629055,3
867229560458986,2024-03-07T17:41:40.689Z,gyroscope sensor uncalibrated,-0.4447099,0.37568212,-0.06536258,-0.4447099,0.37568212,-0.06536258,3
867229570457852,2024-03-07T17:41:40.698Z,gyroscope sensor uncalibrated,-0.40866885,0.3390302,-0.055588737,-0.40866885,0.3390302,-0.055588737,3
867229580456718,2024-03-07T17:41:40.709Z,gyroscope sensor uncalibrated,-0.3463606,0.35308012,-0.036651913,-0.3463606,0.35308012,-0.036651913,3
867229590455151,2024-03-07T17:41:40.719Z,gyroscope sensor uncalibrated,-0.25900686,0.3726278,0.0030543262,-0.25900686,0.3726278,0.0030543262,3
867229600453251,2024-03-07T17:41:40.729Z,gyroscope sensor uncalibrated,-0.14660765,0.3555236,0.055588737,-0.14660765,0.3555236,0.055588737,3
867229610452117,2024-03-07T17:41:40.739Z,gyroscope sensor uncalibrated,-0.047036625,0.28527406,0.10873401,-0.047036625,0.28527406,0.10873401,3
867229620450983,2024-03-07T17:41:40.749Z,gyroscope sensor uncalibrated,0.0,0.19303341,0.13500121,0.0,0.19303341,0.13500121,3
867229630449783,2024-03-07T17:41:40.759Z,gyroscope sensor uncalibrated,0.01160644,0.13683382,0.13988814,0.01160644,0.13683382,0.13988814,3
867229640448649,2024-03-07T17:41:40.769Z,gyroscope sensor uncalibrated,0.022602014,0.111177474,0.13133603,0.022602014,0.111177474,0.13133603,3
867229650447515,2024-03-07T17:41:40.779Z,gyroscope sensor uncalibrated,0.0421497,0.11301007,0.13072516,0.0421497,0.11301007,0.13072516,3
867229660446381,2024-03-07T17:41:40.789Z,gyroscope sensor uncalibrated,0.09040806,0.1459968,0.14172074,0.09040806,0.1459968,0.14172074,3
867229670445247,2024-03-07T17:41:40.799Z,gyroscope sensor uncalibrated,0.1337795,0.23701571,0.17837265,0.1337795,0.23701571,0.17837265,3
867229680444080,2024-03-07T17:41:40.808Z,gyroscope sensor uncalibrated,0.14844026,0.38606682,0.24617869,0.14844026,0.38606682,0.24617869,3
867229690442913,2024-03-07T17:41:40.819Z,gyroscope sensor uncalibrated,0.1459968,0.46181414,0.30665436,0.1459968,0.46181414,0.30665436,3
867229700441713,2024-03-07T17:41:40.829Z,gyroscope sensor uncalibrated,0.15699236,0.35002577,0.36285394,0.15699236,0.35002577,0.36285394,3
867229710440446,2024-03-07T17:41:40.839Z,gyroscope sensor uncalibrated,0.20097467,0.054367006,0.42332962,0.20097467,0.054367006,0.42332962,3
867229720439179,2024-03-07T17:41:40.849Z,gyroscope sensor uncalibrated,0.2443461,-0.37751472,0.42821655,0.2443461,-0.37751472,0.42821655,3
867229730437912,2024-03-07T17:41:40.859Z,gyroscope sensor uncalibrated,0.24678956,-0.8216137,0.42088616,0.24678956,-0.8216137,0.42088616,3
867229740436578,2024-03-07T17:41:40.869Z,gyroscope sensor uncalibrated,0.1441642,-1.3054191,0.41172317,0.1441642,-1.3054191,0.41172317,3
867229750435311,2024-03-07T17:41:40.878Z,gyroscope sensor uncalibrated,-0.018936822,-1.7537941,0.37018433,-0.018936822,-1.7537941,0.37018433,3
867229760434044,2024-03-07T17:41:40.889Z,gyroscope sensor uncalibrated,-0.23762658,-2.071444,0.2669481,-0.23762658,-2.071444,0.2669481,3
867229770432710,2024-03-07T17:41:40.899Z,gyroscope sensor uncalibrated,-0.46120325,-1.8729129,0.06536258,-0.46120325,-1.8729129,0.06536258,3
867229780431443,2024-03-07T17:41:40.909Z,gyroscope sensor uncalibrated,-0.45448375,-1.260215,-0.01038471,-0.45448375,-1.260215,-0.01038471,3
867229790430176,2024-03-07T17:41:40.919Z,gyroscope sensor uncalibrated,-0.45814893,-0.5510005,0.02687807,-0.45814893,-0.5510005,0.02687807,3
867229800429609,2024-03-07T17:41:40.929Z,gyroscope sensor uncalibrated,-0.5693264,0.06719518,0.11484267,-0.5693264,0.06719518,0.11484267,3
867229810429075,2024-03-07T17:41:40.938Z,gyroscope sensor uncalibrated,-0.6230826,0.5235115,0.0842994,-0.6230826,0.5235115,0.0842994,3
867229820425941,2024-03-07T17:41:40.949Z,gyroscope sensor uncalibrated,-0.49418998,0.73975784,0.03481932,-0.49418998,0.73975784,0.03481932,3
867229830424707,2024-03-07T17:41:40.959Z,gyroscope sensor uncalibrated,-0.27122417,0.83077675,0.10140363,-0.27122417,0.83077675,0.10140363,3
867229840423473,2024-03-07T17:41:40.969Z,gyroscope sensor uncalibrated,-0.116675265,0.9615019,0.29749137,-0.116675265,0.9615019,0.29749137,3
867229850422173,2024-03-07T17:41:40.979Z,gyroscope sensor uncalibrated,-0.07147124,1.1282681,0.48563787,-0.07147124,1.1282681,0.48563787,3
867229860420939,2024-03-07T17:41:40.989Z,gyroscope sensor uncalibrated,-0.040317107,1.2534955,0.5216789,-0.040317107,1.2534955,0.5216789,3
867229870419705,2024-03-07T17:41:40.999Z,gyroscope sensor uncalibrated,-0.02076942,1.2773192,0.41783184,-0.02076942,1.2773192,0.41783184,3
867229880418405,2024-03-07T17:41:41.009Z,gyroscope sensor uncalibrated,0.02565634,1.1319333,0.27672195,0.02565634,1.1319333,0.27672195,3
867229890417605,2024-03-07T17:41:41.019Z,gyroscope sensor uncalibrated,0.10567969,0.9053023,0.14477506,0.10567969,0.9053023,0.14477506,3
867229900417071,2024-03-07T17:41:41.029Z,gyroscope sensor uncalibrated,0.13683382,0.6224717,0.10262536,0.13683382,0.6224717,0.10262536,3
867229910416104,2024-03-07T17:41:41.039Z,gyroscope sensor uncalibrated,0.14538592,0.22479841,0.1777618,0.14538592,0.22479841,0.1777618,3
867229920414870,2024-03-07T17:41:41.049Z,gyroscope sensor uncalibrated,0.22113322,-0.24007004,0.20891592,0.22113322,-0.24007004,0.20891592,3
867229930413636,2024-03-07T17:41:41.059Z,gyroscope sensor uncalibrated,0.30909783,-0.59498274,0.15088372,0.30909783,-0.59498274,0.15088372,3
867229940412402,2024-03-07T17:41:41.069Z,gyroscope sensor uncalibrated,0.29932398,-0.7635816,0.111177474,0.29932398,-0.7635816,0.111177474,3
867229950411168,2024-03-07T17:41:41.078Z,gyroscope sensor uncalibrated,0.18875736,-0.77824235,0.1142318,0.18875736,-0.77824235,0.1142318,3
867229960409868,2024-03-07T17:41:41.089Z,gyroscope sensor uncalibrated,0.010995574,-0.7690793,0.058643065,0.010995574,-0.7690793,0.058643065,3
867229970408634,2024-03-07T17:41:41.099Z,gyroscope sensor uncalibrated,-0.18142697,-0.7189884,-0.09101892,-0.18142697,-0.7189884,-0.09101892,3
867229980407400,2024-03-07T17:41:41.109Z,gyroscope sensor uncalibrated,-0.34025195,-0.6010914,-0.2687807,-0.34025195,-0.6010914,-0.2687807,3
867229990406100,2024-03-07T17:41:41.119Z,gyroscope sensor uncalibrated,-0.4147775,-0.38056904,-0.48380527,-0.4147775,-0.38056904,-0.48380527,3
867230000404866,2024-03-07T17:41:41.129Z,gyroscope sensor uncalibrated,-0.36651915,-0.24617869,-0.5662721,-0.36651915,-0.24617869,-0.5662721,3
867230010403632,2024-03-07T17:41:41.139Z,gyroscope sensor uncalibrated,-0.27977628,-0.13805555,-0.5723807,-0.27977628,-0.13805555,-0.5723807,3
867230020402332,2024-03-07T17:41:41.149Z,gyroscope sensor uncalibrated,-0.1863139,-0.04886922,-0.5174029,-0.1863139,-0.04886922,-0.5174029,3
867230030401098,2024-03-07T17:41:41.159Z,gyroscope sensor uncalibrated,-0.08979719,0.015271631,-0.42943826,-0.08979719,0.015271631,-0.42943826,3
867230040399864,2024-03-07T17:41:41.169Z,gyroscope sensor uncalibrated,0.02565634,0.058643065,-0.33169982,0.02565634,0.058643065,-0.33169982,3
867230050397697,2024-03-07T17:41:41.178Z,gyroscope sensor uncalibrated,0.15699236,0.09407325,-0.23090707,0.15699236,0.09407325,-0.23090707,3
867230060395763,2024-03-07T17:41:41.188Z,gyroscope sensor uncalibrated,0.24923302,0.16493362,-0.11484267,0.24923302,0.16493362,-0.11484267,3
867230070394529,2024-03-07T17:41:41.199Z,gyroscope sensor uncalibrated,0.29260445,0.25411993,0.015271631,0.29260445,0.25411993,0.015271631,3
867230080393295,2024-03-07T17:41:41.209Z,gyroscope sensor uncalibrated,0.35369098,0.32925636,0.11789699,0.35369098,0.32925636,0.11789699,3
867230090392061,2024-03-07T17:41:41.219Z,gyroscope sensor uncalibrated,0.44959682,0.39706242,0.19303341,0.44959682,0.39706242,0.19303341,3
867230100390761,2024-03-07T17:41:41.228Z,gyroscope sensor uncalibrated,0.4813618,0.49357912,0.25045475,0.4813618,0.49357912,0.25045475,3
867230110389494,2024-03-07T17:41:41.239Z,gyroscope sensor uncalibrated,0.4392121,0.5870415,0.30298916,0.4392121,0.5870415,0.30298916,3
867230120388227,2024-03-07T17:41:41.249Z,gyroscope sensor uncalibrated,0.3885103,0.64751714,0.3371976,0.3885103,0.64751714,0.3371976,3
867230130386893,2024-03-07T17:41:41.259Z,gyroscope sensor uncalibrated,0.34697145,0.7287622,0.36774087,0.34697145,0.7287622,0.36774087,3
867230140385626,2024-03-07T17:41:41.269Z,gyroscope sensor uncalibrated,0.30665436,0.8045095,0.3885103,0.30665436,0.8045095,0.3885103,3
867230150384359,2024-03-07T17:41:41.279Z,gyroscope sensor uncalibrated,0.29077184,0.8246681,0.37812558,0.29077184,0.8246681,0.37812558,3
867230160383092,2024-03-07T17:41:41.289Z,gyroscope sensor uncalibrated,0.35369098,0.73364913,0.29932398,0.35369098,0.73364913,0.29932398,3
867230170381825,2024-03-07T17:41:41.298Z,gyroscope sensor uncalibrated,0.45265114,0.60048056,0.18448131,0.45265114,0.60048056,0.18448131,3
867230180380558,2024-03-07T17:41:41.309Z,gyroscope sensor uncalibrated,0.45570546,0.44715336,0.077579886,0.45570546,0.44715336,0.077579886,3
867230190379291,2024-03-07T17:41:41.319Z,gyroscope sensor uncalibrated,0.34513888,0.23335053,-0.036651913,0.34513888,0.23335053,-0.036651913,3
867230200378024,2024-03-07T17:41:41.329Z,gyroscope sensor uncalibrated,0.12705997,-0.15454891,-0.2657264,0.12705997,-0.15454891,-0.2657264,3
867230210376457,2024-03-07T17:41:41.338Z,gyroscope sensor uncalibrated,-0.0018325958,-0.37140608,-0.42821655,-0.0018325958,-0.37140608,-0.42821655,3
867230220375223,2024-03-07T17:41:41.349Z,gyroscope sensor uncalibrated,-0.1020145,-0.56321776,-0.5479461,-0.1020145,-0.56321776,-0.5479461,3
867230230373989,2024-03-07T17:41:41.359Z,gyroscope sensor uncalibrated,-0.10995574,-0.67073005,-0.6200282,-0.10995574,-0.67073005,-0.6200282,3
867230240371989,2024-03-07T17:41:41.369Z,gyroscope sensor uncalibrated,-0.06536258,-0.6908886,-0.6383542,-0.06536258,-0.6908886,-0.6383542,3
867230250370755,2024-03-07T17:41:41.379Z,gyroscope sensor uncalibrated,-0.007330383,-0.6743952,-0.59620446,-0.007330383,-0.6743952,-0.59620446,3
867230260369521,2024-03-07T17:41:41.389Z,gyroscope sensor uncalibrated,0.0720821,-0.63529986,-0.5021312,0.0720821,-0.63529986,-0.5021312,3
867230270368221,2024-03-07T17:41:41.399Z,gyroscope sensor uncalibrated,0.16126843,-0.56382865,-0.40561453,0.16126843,-0.56382865,-0.40561453,3
867230280366987,2024-03-07T17:41:41.408Z,gyroscope sensor uncalibrated,0.2302962,-0.47403142,-0.33536503,0.2302962,-0.47403142,-0.33536503,3
867230290365753,2024-03-07T17:41:41.419Z,gyroscope sensor uncalibrated,0.25778514,-0.3182608,-0.27855456,0.25778514,-0.3182608,-0.27855456,3
867230300364519,2024-03-07T17:41:41.429Z,gyroscope sensor uncalibrated,0.28955013,-0.086132,-0.25167647,0.28955013,-0.086132,-0.25167647,3
867230310363285,2024-03-07T17:41:41.439Z,gyroscope sensor uncalibrated,0.32925636,0.124005646,-0.23457226,0.32925636,0.124005646,-0.23457226,3
867230320362051,2024-03-07T17:41:41.449Z,gyroscope sensor uncalibrated,0.40011674,0.20525073,-0.20219639,0.40011674,0.20525073,-0.20219639,3
867230330360817,2024-03-07T17:41:41.458Z,gyroscope sensor uncalibrated,0.5009095,0.19608775,-0.17592919,0.5009095,0.19608775,-0.17592919,3
867230340359583,2024-03-07T17:41:41.469Z,gyroscope sensor uncalibrated,0.5174029,0.21380283,-0.1563815,0.5174029,0.21380283,-0.1563815,3
867230350359216,2024-03-07T17:41:41.478Z,gyroscope sensor uncalibrated,0.37751472,0.2779437,-0.1704314,0.37751472,0.2779437,-0.1704314,3
867230360358682,2024-03-07T17:41:41.489Z,gyroscope sensor uncalibrated,0.17654006,0.3622431,-0.26450464,0.17654006,0.3622431,-0.26450464,3
867230370357448,2024-03-07T17:41:41.498Z,gyroscope sensor uncalibrated,0.022602014,0.34330627,-0.38423425,0.022602014,0.34330627,-0.38423425,3
867230380356148,2024-03-07T17:41:41.508Z,gyroscope sensor uncalibrated,0.00061086525,0.15699236,-0.44715336,0.00061086525,0.15699236,-0.44715336,3
867230390354914,2024-03-07T17:41:41.519Z,gyroscope sensor uncalibrated,0.08857546,-0.108123146,-0.44226643,0.08857546,-0.108123146,-0.44226643,3
867230400353680,2024-03-07T17:41:41.529Z,gyroscope sensor uncalibrated,0.16310102,-0.2773328,-0.31031954,0.16310102,-0.2773328,-0.31031954,3
867230410352446,2024-03-07T17:41:41.539Z,gyroscope sensor uncalibrated,0.27305678,-0.33292156,0.0030543262,0.27305678,-0.33292156,0.0030543262,3
867230420351212,2024-03-07T17:41:41.549Z,gyroscope sensor uncalibrated,0.3726278,-0.37140608,0.17470746,0.3726278,-0.37140608,0.17470746,3
867230430350012,2024-03-07T17:41:41.559Z,gyroscope sensor uncalibrated,0.38789943,-0.41538838,0.29749137,0.38789943,-0.41538838,0.29749137,3
867230440348812,2024-03-07T17:41:41.569Z,gyroscope sensor uncalibrated,0.33536503,-0.453262,0.35124752,0.33536503,-0.453262,0.35124752,3
867230450347712,2024-03-07T17:41:41.579Z,gyroscope sensor uncalibrated,0.2919936,-0.5002986,0.3304781,0.2919936,-0.5002986,0.3304781,3
867230460346612,2024-03-07T17:41:41.589Z,gyroscope sensor uncalibrated,0.19181168,-0.5290093,0.23884831,0.19181168,-0.5290093,0.23884831,3
867230470345578,2024-03-07T17:41:41.599Z,gyroscope sensor uncalibrated,-0.037873644,-0.52290064,0.11362094,-0.037873644,-0.52290064,0.11362094,3
867230480344578,2024-03-07T17:41:41.609Z,gyroscope sensor uncalibrated,-0.3231477,-0.4886922,-0.021991149,-0.3231477,-0.4886922,-0.021991149,3
867230490342844,2024-03-07T17:41:41.619Z,gyroscope sensor uncalibrated,-0.5296202,-0.453262,-0.1863139,-0.5296202,-0.453262,-0.1863139,3
867230500374510,2024-03-07T17:41:41.629Z,gyroscope sensor uncalibrated,-0.61575216,-0.44165558,-0.34208453,-0.61575216,-0.44165558,-0.34208453,3
867230510406176,2024-03-07T17:41:41.639Z,gyroscope sensor uncalibrated,-0.593761,-0.44959682,-0.4361578,-0.593761,-0.44959682,-0.4361578,3
867230520437842,2024-03-07T17:41:41.648Z,gyroscope sensor uncalibrated,-0.516792,-0.46731192,-0.4447099,-0.516792,-0.46731192,-0.4447099,3
867230530469875,2024-03-07T17:41:41.659Z,gyroscope sensor uncalibrated,-0.4196644,-0.46181414,-0.36102137,-0.4196644,-0.46181414,-0.36102137,3
867230540503008,2024-03-07T17:41:41.669Z,gyroscope sensor uncalibrated,-0.30665436,-0.42760566,-0.21135938,-0.30665436,-0.42760566,-0.21135938,3
867230550535441,2024-03-07T17:41:41.679Z,gyroscope sensor uncalibrated,-0.1777618,-0.34208453,-0.028099801,-0.1777618,-0.34208453,-0.028099801,3
867230560567874,2024-03-07T17:41:41.689Z,gyroscope sensor uncalibrated,-0.032986723,-0.20158553,0.15454891,-0.032986723,-0.20158553,0.15454891,3
867230570600307,2024-03-07T17:41:41.699Z,gyroscope sensor uncalibrated,0.0983493,-0.01038471,0.28527406,0.0983493,-0.01038471,0.28527406,3
867230580632740,2024-03-07T17:41:41.709Z,gyroscope sensor uncalibrated,0.16493362,0.3182608,0.35613444,0.16493362,0.3182608,0.35613444,3
867230590665173,2024-03-07T17:41:41.719Z,gyroscope sensor uncalibrated,0.1459968,0.51251596,0.32620203,0.1459968,0.51251596,0.32620203,3
867230600697539,2024-03-07T17:41:41.729Z,gyroscope sensor uncalibrated,0.10262536,0.64812803,0.27183503,0.10262536,0.64812803,0.27183503,3
867230610730072,2024-03-07T17:41:41.739Z,gyroscope sensor uncalibrated,0.045814894,0.6994407,0.20891592,0.045814894,0.6994407,0.20891592,3
867230620762505,2024-03-07T17:41:41.749Z,gyroscope sensor uncalibrated,-0.012217305,0.68783426,0.14355333,-0.012217305,0.68783426,0.14355333,3
867230630794871,2024-03-07T17:41:41.759Z,gyroscope sensor uncalibrated,-0.09590584,0.6230826,0.09101892,-0.09590584,0.6230826,0.09101892,3
867230640827304,2024-03-07T17:41:41.769Z,gyroscope sensor uncalibrated,-0.19120082,0.5021312,0.048258353,-0.19120082,0.5021312,0.048258353,3
867230650859737,2024-03-07T17:41:41.779Z,gyroscope sensor uncalibrated,-0.258396,0.3115413,0.009162978,-0.258396,0.3115413,0.009162978,3
867230660892103,2024-03-07T17:41:41.789Z,gyroscope sensor uncalibrated,-0.26939157,0.065973446,-0.023823744,-0.26939157,0.065973446,-0.023823744,3
867230670924536,2024-03-07T17:41:41.799Z,gyroscope sensor uncalibrated,-0.23945917,-0.18570304,-0.025045475,-0.23945917,-0.18570304,-0.025045475,3
867230680956969,2024-03-07T17:41:41.809Z,gyroscope sensor uncalibrated,-0.23823744,-0.37507126,0.008552114,-0.23823744,-0.37507126,0.008552114,3
867230690989069,2024-03-07T17:41:41.819Z,gyroscope sensor uncalibrated,-0.25534168,-0.4972443,0.049480084,-0.25534168,-0.4972443,0.049480084,3
867230701021502,2024-03-07T17:41:41.830Z,gyroscope sensor uncalibrated,-0.2406809,-0.52106804,0.07696902,-0.2406809,-0.52106804,0.07696902,3
867230711053868,2024-03-07T17:41:41.840Z,gyroscope sensor uncalibrated,-0.21502456,-0.4129449,0.089186326,-0.21502456,-0.4129449,0.089186326,3
867230721086301,2024-03-07T17:41:41.850Z,gyroscope sensor uncalibrated,-0.19730948,-0.24740042,0.099571034,-0.19730948,-0.24740042,0.099571034,3
867230731118701,2024-03-07T17:41:41.859Z,gyroscope sensor uncalibrated,-0.16798794,-0.09162979,0.13194689,-0.16798794,-0.09162979,0.13194689,3
867230741151034,2024-03-07T17:41:41.870Z,gyroscope sensor uncalibrated,-0.13744467,0.030543262,0.18020524,-0.13744467,0.030543262,0.18020524,3
867230751183334,2024-03-07T17:41:41.880Z,gyroscope sensor uncalibrated,-0.12583824,0.10262536,0.22479841,-0.12583824,0.10262536,0.22479841,3
867230761215567,2024-03-07T17:41:41.890Z,gyroscope sensor uncalibrated,-0.12339478,0.028099801,0.25778514,-0.12339478,0.028099801,0.25778514,3
867230771247733,2024-03-07T17:41:41.900Z,gyroscope sensor uncalibrated,-0.10934488,-0.20219639,0.28893927,-0.10934488,-0.20219639,0.28893927,3
867230781279933,2024-03-07T17:41:41.910Z,gyroscope sensor uncalibrated,-0.073303826,-0.4025602,0.29626966,-0.073303826,-0.4025602,0.29626966,3
867230791312799,2024-03-07T17:41:41.920Z,gyroscope sensor uncalibrated,0.0012217305,-0.5839872,0.3213151,0.0012217305,-0.5839872,0.3213151,3
867230801312332,2024-03-07T17:41:41.930Z,gyroscope sensor uncalibrated,0.070249505,-0.49418998,0.36346483,0.070249505,-0.49418998,0.36346483,3
867230811311832,2024-03-07T17:41:41.940Z,gyroscope sensor uncalibrated,0.13133603,-0.18936823,0.4428773,0.13133603,-0.18936823,0.4428773,3
867230821311265,2024-03-07T17:41:41.950Z,gyroscope sensor uncalibrated,0.11911872,0.1459968,0.55771995,0.11911872,0.1459968,0.55771995,3
867230831343731,2024-03-07T17:41:41.960Z,gyroscope sensor uncalibrated,0.007941248,0.28221974,0.548557,0.007941248,0.28221974,0.548557,3
867230841375797,2024-03-07T17:41:41.970Z,gyroscope sensor uncalibrated,-0.058643065,0.3707952,0.45142943,-0.058643065,0.3707952,0.45142943,3
867230851407797,2024-03-07T17:41:41.980Z,gyroscope sensor uncalibrated,-0.077579886,0.42821655,0.37873647,-0.077579886,0.42821655,0.37873647,3
867230861439863,2024-03-07T17:41:41.990Z,gyroscope sensor uncalibrated,-0.11056661,0.42943826,0.36163223,-0.11056661,0.42943826,0.36163223,3
867230871471963,2024-03-07T17:41:42.000Z,gyroscope sensor uncalibrated,-0.19853121,0.35063666,0.321926,-0.19853121,0.35063666,0.321926,3
867230881503996,2024-03-07T17:41:42.010Z,gyroscope sensor uncalibrated,-0.3036,0.2761111,0.20341812,-0.3036,0.2761111,0.20341812,3
867230891536096,2024-03-07T17:41:42.020Z,gyroscope sensor uncalibrated,-0.40439278,0.25473082,0.02321288,-0.40439278,0.25473082,0.02321288,3
867230901568196,2024-03-07T17:41:42.030Z,gyroscope sensor uncalibrated,-0.49357912,0.2779437,-0.14966199,-0.49357912,0.2779437,-0.14966199,3
867230911600129,2024-03-07T17:41:42.040Z,gyroscope sensor uncalibrated,-0.54611355,0.31337386,-0.29443705,-0.54611355,0.31337386,-0.29443705,3
867230921632229,2024-03-07T17:41:42.050Z,gyroscope sensor uncalibrated,-0.55833083,0.3023783,-0.40317106,-0.55833083,0.3023783,-0.40317106,3
867230931664329,2024-03-07T17:41:42.060Z,gyroscope sensor uncalibrated,-0.5161811,0.23640485,-0.43066,-0.5161811,0.23640485,-0.43066,3
867230945173139,2024-03-07T17:41:42.074Z,gyroscope sensor uncalibrated,-0.45937067,0.09773844,-0.3567453,-0.45937067,0.09773844,-0.3567453,3
867230955205239,2024-03-07T17:41:42.084Z,gyroscope sensor uncalibrated,-0.3652974,-0.09101892,-0.2302962,-0.3652974,-0.09101892,-0.2302962,3
867230965237339,2024-03-07T17:41:42.093Z,gyroscope sensor uncalibrated,-0.23335053,-0.3231477,-0.06536258,-0.23335053,-0.3231477,-0.06536258,3
867230975269439,2024-03-07T17:41:42.103Z,gyroscope sensor uncalibrated,-0.19914207,-0.37140608,-0.04337143,-0.19914207,-0.37140608,-0.04337143,3
867230985301539,2024-03-07T17:41:42.114Z,gyroscope sensor uncalibrated,-0.19792034,-0.33536503,-0.10629055,-0.19792034,-0.33536503,-0.10629055,3
867230995333905,2024-03-07T17:41:42.124Z,gyroscope sensor uncalibrated,-0.2443461,-0.2779437,-0.2180789,-0.2443461,-0.2779437,-0.2180789,3
867231005366005,2024-03-07T17:41:42.134Z,gyroscope sensor uncalibrated,-0.3182608,-0.22724187,-0.35613444,-0.3182608,-0.22724187,-0.35613444,3
867231015398105,2024-03-07T17:41:42.144Z,gyroscope sensor uncalibrated,-0.36468655,-0.18692477,-0.46792278,-0.36468655,-0.18692477,-0.46792278,3
867231025430138,2024-03-07T17:41:42.153Z,gyroscope sensor uncalibrated,-0.38973203,-0.17959438,-0.5186246,-0.38973203,-0.17959438,-0.5186246,3
867231035462238,2024-03-07T17:41:42.164Z,gyroscope sensor uncalibrated,-0.40133846,-0.22174409,-0.5216789,-0.40133846,-0.22174409,-0.5216789,3
867231045494338,2024-03-07T17:41:42.174Z,gyroscope sensor uncalibrated,-0.3659083,-0.29077184,-0.47769663,-0.3659083,-0.29077184,-0.47769663,3
867231055526371,2024-03-07T17:41:42.184Z,gyroscope sensor uncalibrated,-0.25900686,-0.35002577,-0.41416663,-0.25900686,-0.35002577,-0.41416663,3
867231065557837,2024-03-07T17:41:42.194Z,gyroscope sensor uncalibrated,-0.17104226,-0.36713,-0.312763,-0.17104226,-0.36713,-0.312763,3
867231075589937,2024-03-07T17:41:42.204Z,gyroscope sensor uncalibrated,-0.11362094,-0.3549127,-0.21624629,-0.11362094,-0.3549127,-0.21624629,3
867231085622037,2024-03-07T17:41:42.214Z,gyroscope sensor uncalibrated,-0.056199603,-0.3023783,-0.16676621,-0.056199603,-0.3023783,-0.16676621,3
867231095654137,2024-03-07T17:41:42.224Z,gyroscope sensor uncalibrated,-0.025045475,-0.22052236,-0.16432275,-0.025045475,-0.22052236,-0.16432275,3
867231105686170,2024-03-07T17:41:42.234Z,gyroscope sensor uncalibrated,-0.045814894,-0.11178834,-0.18936823,-0.045814894,-0.11178834,-0.18936823,3
867231115718270,2024-03-07T17:41:42.244Z,gyroscope sensor uncalibrated,-0.10995574,0.01038471,-0.2321288,-0.10995574,0.01038471,-0.2321288,3
867231125750370,2024-03-07T17:41:42.254Z,gyroscope sensor uncalibrated,-0.16187929,0.13439035,-0.28771752,-0.16187929,0.13439035,-0.28771752,3
867231135749070,2024-03-07T17:41:42.264Z,gyroscope sensor uncalibrated,-0.17165314,0.25045475,-0.33169982,-0.17165314,0.25045475,-0.33169982,3
867231145747836,2024-03-07T17:41:42.274Z,gyroscope sensor uncalibrated,-0.14905111,0.33169982,-0.34391713,-0.14905111,0.33169982,-0.34391713,3
867231155746602,2024-03-07T17:41:42.284Z,gyroscope sensor uncalibrated,-0.12767084,0.37384954,-0.3200934,-0.12767084,0.37384954,-0.3200934,3
867231165745302,2024-03-07T17:41:42.294Z,gyroscope sensor uncalibrated,-0.105068825,0.38056904,-0.2657264,-0.105068825,0.38056904,-0.2657264,3
867231175744035,2024-03-07T17:41:42.304Z,gyroscope sensor uncalibrated,-0.031154128,0.36896262,-0.15271631,-0.031154128,0.36896262,-0.15271631,3
867231185742768,2024-03-07T17:41:42.314Z,gyroscope sensor uncalibrated,0.03726278,0.37201694,-0.064751714,0.03726278,0.37201694,-0.064751714,3
867231195741434,2024-03-07T17:41:42.324Z,gyroscope sensor uncalibrated,0.10934488,0.37323865,0.009773844,0.10934488,0.37323865,0.009773844,3
867231205740167,2024-03-07T17:41:42.333Z,gyroscope sensor uncalibrated,0.15332718,0.3585779,0.0720821,0.15332718,0.3585779,0.0720821,3
867231215738900,2024-03-07T17:41:42.344Z,gyroscope sensor uncalibrated,0.17470746,0.33292156,0.122783914,0.17470746,0.33292156,0.122783914,3
867231225737633,2024-03-07T17:41:42.354Z,gyroscope sensor uncalibrated,0.18875736,0.32498032,0.15271631,0.18875736,0.32498032,0.15271631,3
867231235736366,2024-03-07T17:41:42.363Z,gyroscope sensor uncalibrated,0.22052236,0.321926,0.18448131,0.22052236,0.321926,0.18448131,3
867231245735099,2024-03-07T17:41:42.374Z,gyroscope sensor uncalibrated,0.3005457,0.28771752,0.18203785,0.3005457,0.28771752,0.18203785,3
867231255733832,2024-03-07T17:41:42.384Z,gyroscope sensor uncalibrated,0.37140608,0.22235495,0.13255776,0.37140608,0.22235495,0.13255776,3
867231265732565,2024-03-07T17:41:42.394Z,gyroscope sensor uncalibrated,0.37323865,0.13927728,0.045814894,0.37323865,0.13927728,0.045814894,3
867231275731265,2024-03-07T17:41:42.404Z,gyroscope sensor uncalibrated,0.31031954,0.069027774,-0.02687807,0.31031954,0.069027774,-0.02687807,3
867231285730031,2024-03-07T17:41:42.414Z,gyroscope sensor uncalibrated,0.19975294,0.025045475,-0.11178834,0.19975294,0.025045475,-0.11178834,3
867231295728797,2024-03-07T17:41:42.424Z,gyroscope sensor uncalibrated,0.09590584,-0.06780604,-0.21930063,0.09590584,-0.06780604,-0.21930063,3
867231305727497,2024-03-07T17:41:42.434Z,gyroscope sensor uncalibrated,0.053145275,-0.23823744,-0.30726522,0.053145275,-0.23823744,-0.30726522,3
867231315726263,2024-03-07T17:41:42.444Z,gyroscope sensor uncalibrated,0.0720821,-0.45081854,-0.33964106,0.0720821,-0.45081854,-0.33964106,3
867231325725029,2024-03-07T17:41:42.454Z,gyroscope sensor uncalibrated,0.10629055,-0.72326446,-0.31215215,0.10629055,-0.72326446,-0.31215215,3
867231335723795,2024-03-07T17:41:42.464Z,gyroscope sensor uncalibrated,0.15027285,-0.97433007,-0.24556783,0.15027285,-0.97433007,-0.24556783,3
867231345722561,2024-03-07T17:41:42.474Z,gyroscope sensor uncalibrated,0.2321288,-1.1661417,-0.13316862,0.2321288,-1.1661417,-0.13316862,3
867231355721327,2024-03-07T17:41:42.484Z,gyroscope sensor uncalibrated,0.32620203,-1.1795808,-0.022602014,0.32620203,-1.1795808,-0.022602014,3
867231365720727,2024-03-07T17:41:42.494Z,gyroscope sensor uncalibrated,0.42271876,-0.97066486,0.027488936,0.42271876,-0.97066486,0.027488936,3
867231375719493,2024-03-07T17:41:42.504Z,gyroscope sensor uncalibrated,0.5326745,-0.61453044,0.029321533,0.5326745,-0.61453044,0.029321533,3
867231385718193,2024-03-07T17:41:42.514Z,gyroscope sensor uncalibrated,0.69027776,-0.08002335,0.04153884,0.69027776,-0.08002335,0.04153884,3
867231395716959,2024-03-07T17:41:42.524Z,gyroscope sensor uncalibrated,0.7892379,0.25350907,0.050701816,0.7892379,0.25350907,0.050701816,3
867231405715725,2024-03-07T17:41:42.534Z,gyroscope sensor uncalibrated,0.8313876,0.5112942,0.10445796,0.8313876,0.5112942,0.10445796,3
867231415714425,2024-03-07T17:41:42.544Z,gyroscope sensor uncalibrated,0.79412484,0.72082096,0.18020524,0.79412484,0.72082096,0.18020524,3
867231425713191,2024-03-07T17:41:42.554Z,gyroscope sensor uncalibrated,0.7305948,0.84788096,0.19486602,0.7305948,0.84788096,0.19486602,3
867231435711957,2024-03-07T17:41:42.564Z,gyroscope sensor uncalibrated,0.6407976,0.85154617,0.18387043,0.6407976,0.85154617,0.18387043,3
867231445710657,2024-03-07T17:41:42.574Z,gyroscope sensor uncalibrated,0.54305923,0.72082096,0.15577064,0.54305923,0.72082096,0.15577064,3
867231455709423,2024-03-07T17:41:42.583Z,gyroscope sensor uncalibrated,0.46914452,0.5015204,0.13622294,0.46914452,0.5015204,0.13622294,3
867231465708189,2024-03-07T17:41:42.594Z,gyroscope sensor uncalibrated,0.44715336,0.3005457,0.14355333,0.44715336,0.3005457,0.14355333,3
867231475706955,2024-03-07T17:41:42.604Z,gyroscope sensor uncalibrated,0.5112942,0.13927728,0.18570304,0.5112942,0.13927728,0.18570304,3
867231485705721,2024-03-07T17:41:42.614Z,gyroscope sensor uncalibrated,0.602924,-0.04153884,0.24862215,0.602924,-0.04153884,0.24862215,3
867231495703787,2024-03-07T17:41:42.624Z,gyroscope sensor uncalibrated,0.62125,-0.23640485,0.3042109,0.62125,-0.23640485,0.3042109,3
867231505701853,2024-03-07T17:41:42.634Z,gyroscope sensor uncalibrated,0.5235115,-0.44776422,0.3023783,0.5235115,-0.44776422,0.3023783,3
867231515699686,2024-03-07T17:41:42.644Z,gyroscope sensor uncalibrated,0.35918877,-0.6646214,0.19242255,0.35918877,-0.6646214,0.19242255,3
867231525697719,2024-03-07T17:41:42.654Z,gyroscope sensor uncalibrated,0.15393804,-0.8185594,0.002443461,0.15393804,-0.8185594,0.002443461,3
867231535695819,2024-03-07T17:41:42.664Z,gyroscope sensor uncalibrated,-0.077579886,-0.8546005,-0.19364429,-0.077579886,-0.8546005,-0.19364429,3
867231545695885,2024-03-07T17:41:42.674Z,gyroscope sensor uncalibrated,-0.30176744,-0.7507534,-0.3286455,-0.30176744,-0.7507534,-0.3286455,3
867231555694785,2024-03-07T17:41:42.684Z,gyroscope sensor uncalibrated,-0.44898596,-0.57604593,-0.40317106,-0.44898596,-0.57604593,-0.40317106,3
867231565693051,2024-03-07T17:41:42.694Z,gyroscope sensor uncalibrated,-0.48624873,-0.39461896,-0.42332962,-0.48624873,-0.39461896,-0.42332962,3
867231575692017,2024-03-07T17:41:42.704Z,gyroscope sensor uncalibrated,-0.39584067,-0.25167647,-0.3640757,-0.39584067,-0.25167647,-0.3640757,3
867231585690983,2024-03-07T17:41:42.714Z,gyroscope sensor uncalibrated,-0.18692477,-0.118507855,-0.24495697,-0.18692477,-0.118507855,-0.24495697,3
867231595689983,2024-03-07T17:41:42.724Z,gyroscope sensor uncalibrated,0.13194689,0.07941248,0.05009095,0.13194689,0.07941248,0.05009095,3
867231605689049,2024-03-07T17:41:42.734Z,gyroscope sensor uncalibrated,0.31703907,0.19792034,0.25717425,0.31703907,0.19792034,0.25717425,3
867231615688115,2024-03-07T17:41:42.744Z,gyroscope sensor uncalibrated,0.44593164,0.29871312,0.39828414,0.44593164,0.29871312,0.39828414,3
867231625687181,2024-03-07T17:41:42.754Z,gyroscope sensor uncalibrated,0.47952923,0.4007276,0.4465425,0.47952923,0.4007276,0.4465425,3
867231635686181,2024-03-07T17:41:42.763Z,gyroscope sensor uncalibrated,0.39584067,0.5021312,0.42088616,0.39584067,0.5021312,0.42088616,3
867231645685247,2024-03-07T17:41:42.774Z,gyroscope sensor uncalibrated,0.24251351,0.58093286,0.33353242,0.24251351,0.58093286,0.33353242,3
867231655684313,2024-03-07T17:41:42.784Z,gyroscope sensor uncalibrated,0.07086037,0.6200282,0.21013765,0.07086037,0.6200282,0.21013765,3
867231665683313,2024-03-07T17:41:42.794Z,gyroscope sensor uncalibrated,-0.093462385,0.61086524,0.06780604,-0.093462385,0.61086524,0.06780604,3
867231675682379,2024-03-07T17:41:42.804Z,gyroscope sensor uncalibrated,-0.22785273,0.56016344,-0.06352998,-0.22785273,0.56016344,-0.06352998,3
867231685681445,2024-03-07T17:41:42.814Z,gyroscope sensor uncalibrated,-0.3145956,0.4813618,-0.16187929,-0.3145956,0.4813618,-0.16187929,3
867231695680511,2024-03-07T17:41:42.823Z,gyroscope sensor uncalibrated,-0.35918877,0.41050145,-0.2180789,-0.35918877,0.41050145,-0.2180789,3
867231705679577,2024-03-07T17:41:42.834Z,gyroscope sensor uncalibrated,-0.36163223,0.36957347,-0.22785273,-0.36163223,0.36957347,-0.22785273,3
867231715678643,2024-03-07T17:41:42.844Z,gyroscope sensor uncalibrated,-0.33658674,0.35124752,-0.19730948,-0.33658674,0.35124752,-0.19730948,3
867231725677709,2024-03-07T17:41:42.854Z,gyroscope sensor uncalibrated,-0.30665436,0.36102137,-0.13744467,-0.30665436,0.36102137,-0.13744467,3
867231735676775,2024-03-07T17:41:42.864Z,gyroscope sensor uncalibrated,-0.27122417,0.3885103,-0.07574729,-0.27122417,0.3885103,-0.07574729,3
867231745675841,2024-03-07T17:41:42.874Z,gyroscope sensor uncalibrated,-0.23823744,0.42210788,-0.02687807,-0.23823744,0.42210788,-0.02687807,3
867231755674907,2024-03-07T17:41:42.884Z,gyroscope sensor uncalibrated,-0.21868975,0.45570546,0.02321288,-0.21868975,0.45570546,0.02321288,3
867231765673973,2024-03-07T17:41:42.894Z,gyroscope sensor uncalibrated,-0.2125811,0.46853364,0.06719518,-0.2125811,0.46853364,0.06719518,3
867231775672973,2024-03-07T17:41:42.904Z,gyroscope sensor uncalibrated,-0.2125811,0.44348818,0.09773844,-0.2125811,0.44348818,0.09773844,3
867231785672039,2024-03-07T17:41:42.913Z,gyroscope sensor uncalibrated,-0.21930063,0.37812558,0.12889257,-0.21930063,0.37812558,0.12889257,3
867231795671805,2024-03-07T17:41:42.924Z,gyroscope sensor uncalibrated,-0.21380283,0.312763,0.16065755,-0.21380283,0.312763,0.16065755,3
867231805671505,2024-03-07T17:41:42.934Z,gyroscope sensor uncalibrated,-0.17959438,0.27366763,0.19730948,-0.17959438,0.27366763,0.19730948,3
867231815671505,2024-03-07T17:41:42.944Z,gyroscope sensor uncalibrated,-0.12461651,0.22418754,0.26267207,-0.12461651,0.22418754,0.26267207,3
867231825671238,2024-03-07T17:41:42.954Z,gyroscope sensor uncalibrated,-0.11911872,0.17654006,0.31642818,-0.11911872,0.17654006,0.31642818,3
867231835670971,2024-03-07T17:41:42.963Z,gyroscope sensor uncalibrated,-0.13622294,0.09590584,0.36163223,-0.13622294,0.09590584,0.36163223,3
867231845668737,2024-03-07T17:41:42.974Z,gyroscope sensor uncalibrated,-0.1423316,-0.106901415,0.3885103,-0.1423316,-0.106901415,0.3885103,3
867231855667603,2024-03-07T17:41:42.984Z,gyroscope sensor uncalibrated,-0.11484267,-0.45448375,0.39950588,-0.11484267,-0.45448375,0.39950588,3
867231865667169,2024-03-07T17:41:42.994Z,gyroscope sensor uncalibrated,-0.087964594,-0.8210029,0.37873647,-0.087964594,-0.8210029,0.37873647,3
867231875666002,2024-03-07T17:41:43.004Z,gyroscope sensor uncalibrated,-0.04886922,-1.0512991,0.3848451,-0.04886922,-1.0512991,0.3848451,3
867231885664768,2024-03-07T17:41:43.014Z,gyroscope sensor uncalibrated,-0.0421497,-1.1178834,0.43371433,-0.0421497,-1.1178834,0.43371433,3
867231895663568,2024-03-07T17:41:43.023Z,gyroscope sensor uncalibrated,-0.11911872,-0.9755518,0.4569272,-0.11911872,-0.9755518,0.4569272,3
867231905662301,2024-03-07T17:41:43.034Z,gyroscope sensor uncalibrated,-0.21502456,-0.675617,0.44043383,-0.21502456,-0.675617,0.44043383,3
867231915660967,2024-03-07T17:41:43.043Z,gyroscope sensor uncalibrated,-0.24007004,-0.17837265,0.3707952,-0.24007004,-0.17837265,0.3707952,3
867231925659700,2024-03-07T17:41:43.054Z,gyroscope sensor uncalibrated,-0.2657264,0.3408628,0.27977628,-0.2657264,0.3408628,0.27977628,3
867231935658433,2024-03-07T17:41:43.064Z,gyroscope sensor uncalibrated,-0.3555236,0.5900958,0.15271631,-0.3555236,0.5900958,0.15271631,3
867231945657166,2024-03-07T17:41:43.074Z,gyroscope sensor uncalibrated,-0.3549127,0.7324274,0.096516706,-0.3549127,0.7324274,0.096516706,3
867231955655899,2024-03-07T17:41:43.084Z,gyroscope sensor uncalibrated,-0.22296582,0.80878556,0.17531833,-0.22296582,0.80878556,0.17531833,3
867231965654632,2024-03-07T17:41:43.094Z,gyroscope sensor uncalibrated,-0.039095376,0.8344419,0.32620203,-0.039095376,0.8344419,0.32620203,3
867231975653365,2024-03-07T17:41:43.104Z,gyroscope sensor uncalibrated,0.092240654,0.8002335,0.48502702,0.092240654,0.8002335,0.48502702,3
867231985652098,2024-03-07T17:41:43.114Z,gyroscope sensor uncalibrated,0.12095132,0.6976081,0.57726765,0.12095132,0.6976081,0.57726765,3
867231995650798,2024-03-07T17:41:43.124Z,gyroscope sensor uncalibrated,0.031154128,0.6243043,0.5369505,0.031154128,0.6243043,0.5369505,3
867232005649564,2024-03-07T17:41:43.134Z,gyroscope sensor uncalibrated,-0.14721853,0.48747048,0.36102137,-0.14721853,0.48747048,0.36102137,3
867232015648330,2024-03-07T17:41:43.143Z,gyroscope sensor uncalibrated,-0.35063666,0.27672195,0.13622294,-0.35063666,0.27672195,0.13622294,3
867232025647030,2024-03-07T17:41:43.154Z,gyroscope sensor uncalibrated,-0.5015204,-0.19730948,-0.0720821,-0.5015204,-0.19730948,-0.0720821,3
867232035645796,2024-03-07T17:41:43.163Z,gyroscope sensor uncalibrated,-0.46975538,-0.52412236,-0.11301007,-0.46975538,-0.52412236,-0.11301007,3
867232045644562,2024-03-07T17:41:43.174Z,gyroscope sensor uncalibrated,-0.37812558,-0.7623598,-0.11301007,-0.37812558,-0.7623598,-0.11301007,3
867232055643262,2024-03-07T17:41:43.184Z,gyroscope sensor uncalibrated,-0.2706133,-0.8961393,-0.095294975,-0.2706133,-0.8961393,-0.095294975,3
867232065642028,2024-03-07T17:41:43.194Z,gyroscope sensor uncalibrated,-0.18203785,-0.9016371,-0.09712757,-0.18203785,-0.9016371,-0.09712757,3
867232075640794,2024-03-07T17:41:43.204Z,gyroscope sensor uncalibrated,-0.13500121,-0.7996226,-0.12950343,-0.13500121,-0.7996226,-0.12950343,3
867232085639560,2024-03-07T17:41:43.214Z,gyroscope sensor uncalibrated,-0.14355333,-0.6078109,-0.1441642,-0.14355333,-0.6078109,-0.1441642,3
867232095638326,2024-03-07T17:41:43.224Z,gyroscope sensor uncalibrated,-0.1966986,-0.37140608,-0.13744467,-0.1966986,-0.37140608,-0.13744467,3
867232105637092,2024-03-07T17:41:43.234Z,gyroscope sensor uncalibrated,-0.1966986,-0.16310102,-0.16310102,-0.1966986,-0.16310102,-0.16310102,3
867232115635858,2024-03-07T17:41:43.244Z,gyroscope sensor uncalibrated,-0.115453534,0.00061086525,-0.20280726,-0.115453534,0.00061086525,-0.20280726,3
867232125634624,2024-03-07T17:41:43.254Z,gyroscope sensor uncalibrated,-0.023823744,0.108123146,-0.22235495,-0.023823744,0.108123146,-0.22235495,3
867232135633324,2024-03-07T17:41:43.264Z,gyroscope sensor uncalibrated,0.043982297,0.16065755,-0.21502456,0.043982297,0.16065755,-0.21502456,3
867232145631390,2024-03-07T17:41:43.274Z,gyroscope sensor uncalibrated,0.095294975,0.1704314,-0.20158553,0.095294975,0.1704314,-0.20158553,3
867232155630156,2024-03-07T17:41:43.284Z,gyroscope sensor uncalibrated,0.16676621,0.15088372,-0.20463985,0.16676621,0.15088372,-0.20463985,3
867232165627922,2024-03-07T17:41:43.294Z,gyroscope sensor uncalibrated,0.24312437,0.111177474,-0.21074851,0.24312437,0.111177474,-0.21074851,3
867232175626688,2024-03-07T17:41:43.304Z,gyroscope sensor uncalibrated,0.3200934,0.053145275,-0.21563543,0.3200934,0.053145275,-0.21563543,3
867232185624754,2024-03-07T17:41:43.313Z,gyroscope sensor uncalibrated,0.37934732,-0.004886922,-0.19975294,0.37934732,-0.004886922,-0.19975294,3
867232195623520,2024-03-07T17:41:43.323Z,gyroscope sensor uncalibrated,0.3933972,-0.03726278,-0.15210545,0.3933972,-0.03726278,-0.15210545,3
867232205622286,2024-03-07T17:41:43.333Z,gyroscope sensor uncalibrated,0.40561453,-0.047036625,-0.09101892,0.40561453,-0.047036625,-0.09101892,3
867232215621052,2024-03-07T17:41:43.343Z,gyroscope sensor uncalibrated,0.4428773,-0.015882496,-0.03176499,0.4428773,-0.015882496,-0.03176499,3
867232225619818,2024-03-07T17:41:43.354Z,gyroscope sensor uncalibrated,0.4654793,0.031154128,0.022602014,0.4654793,0.031154128,0.022602014,3
867232235618584,2024-03-07T17:41:43.364Z,gyroscope sensor uncalibrated,0.47158796,0.11362094,0.064751714,0.47158796,0.11362094,0.064751714,3
867232245617284,2024-03-07T17:41:43.374Z,gyroscope sensor uncalibrated,0.46975538,0.16737708,0.07880162,0.46975538,0.16737708,0.07880162,3
867232255616050,2024-03-07T17:41:43.384Z,gyroscope sensor uncalibrated,0.4728097,0.22602014,0.08552113,0.4728097,0.22602014,0.08552113,3
867232265614816,2024-03-07T17:41:43.394Z,gyroscope sensor uncalibrated,0.46914452,0.28405234,0.08979719,0.46914452,0.28405234,0.08979719,3
867232275613516,2024-03-07T17:41:43.404Z,gyroscope sensor uncalibrated,0.46914452,0.3408628,0.10140363,0.46914452,0.3408628,0.10140363,3
867232285612282,2024-03-07T17:41:43.414Z,gyroscope sensor uncalibrated,0.46670106,0.40317106,0.13072516,0.46670106,0.40317106,0.13072516,3
867232295611015,2024-03-07T17:41:43.424Z,gyroscope sensor uncalibrated,0.45448375,0.4813618,0.17837265,0.45448375,0.4813618,0.17837265,3
867232305609681,2024-03-07T17:41:43.434Z,gyroscope sensor uncalibrated,0.46181414,0.55955255,0.19792034,0.46181414,0.55955255,0.19792034,3
867232315608414,2024-03-07T17:41:43.444Z,gyroscope sensor uncalibrated,0.51923543,0.5748242,0.1337795,0.51923543,0.5748242,0.1337795,3
867232325607147,2024-03-07T17:41:43.454Z,gyroscope sensor uncalibrated,0.5656612,0.46181414,0.0036651916,0.5656612,0.46181414,0.0036651916,3
867232335605880,2024-03-07T17:41:43.464Z,gyroscope sensor uncalibrated,0.50762904,0.27305678,-0.122783914,0.50762904,0.27305678,-0.122783914,3
867232345604613,2024-03-07T17:41:43.474Z,gyroscope sensor uncalibrated,0.34697145,0.12217305,-0.21563543,0.34697145,0.12217305,-0.21563543,3
867232355603346,2024-03-07T17:41:43.484Z,gyroscope sensor uncalibrated,0.18692477,-0.047647487,-0.30787608,0.18692477,-0.047647487,-0.30787608,3
867232365602079,2024-03-07T17:41:43.494Z,gyroscope sensor uncalibrated,0.084910266,-0.31642818,-0.4147775,0.084910266,-0.31642818,-0.4147775,3
867232375600812,2024-03-07T17:41:43.504Z,gyroscope sensor uncalibrated,0.010995574,-0.70066243,-0.50640726,0.010995574,-0.70066243,-0.50640726,3
867232385599478,2024-03-07T17:41:43.514Z,gyroscope sensor uncalibrated,-0.0061086523,-1.0403035,-0.5290093,-0.0061086523,-1.0403035,-0.5290093,3
867232395598211,2024-03-07T17:41:43.524Z,gyroscope sensor uncalibrated,0.06719518,-1.1661417,-0.49418998,0.06719518,-1.1661417,-0.49418998,3
867232405596977,2024-03-07T17:41:43.534Z,gyroscope sensor uncalibrated,0.18387043,-1.0519099,-0.4392121,0.18387043,-1.0519099,-0.4392121,3
867232415595677,2024-03-07T17:41:43.543Z,gyroscope sensor uncalibrated,0.3036,-0.6462954,-0.3915646,0.3036,-0.6462954,-0.3915646,3
867232425594443,2024-03-07T17:41:43.553Z,gyroscope sensor uncalibrated,0.49418998,-0.02687807,-0.3567453,0.49418998,-0.02687807,-0.3567453,3
867232435593209,2024-03-07T17:41:43.564Z,gyroscope sensor uncalibrated,0.7654142,0.4007276,-0.26633725,0.7654142,0.4007276,-0.26633725,3
867232445592675,2024-03-07T17:41:43.574Z,gyroscope sensor uncalibrated,1.006095,0.5534439,0.122783914,1.006095,0.5534439,0.122783914,3
867232455591441,2024-03-07T17:41:43.584Z,gyroscope sensor uncalibrated,0.9053023,0.82650065,0.22785273,0.9053023,0.82650065,0.22785273,3
867232465591141,2024-03-07T17:41:43.594Z,gyroscope sensor uncalibrated,0.5900958,1.1343768,0.11911872,0.5900958,1.1343768,0.11911872,3
867232475589907,2024-03-07T17:41:43.603Z,gyroscope sensor uncalibrated,0.15515977,1.241889,-0.17470746,0.15515977,1.241889,-0.17470746,3
867232485589373,2024-03-07T17:41:43.614Z,gyroscope sensor uncalibrated,-0.26328292,1.0317514,-0.4538729,-0.26328292,1.0317514,-0.4538729,3
867232495588073,2024-03-07T17:41:43.624Z,gyroscope sensor uncalibrated,-0.43004912,0.6273586,-0.54244834,-0.43004912,0.6273586,-0.54244834,3
867232505586839,2024-03-07T17:41:43.634Z,gyroscope sensor uncalibrated,-0.23762658,0.2321288,-0.46731192,-0.23762658,0.2321288,-0.46731192,3
867232515585605,2024-03-07T17:41:43.643Z,gyroscope sensor uncalibrated,0.013439035,-0.115453534,-0.28405234,0.013439035,-0.115453534,-0.28405234,3
867232525584305,2024-03-07T17:41:43.653Z,gyroscope sensor uncalibrated,0.087964594,-0.42455134,-0.070249505,0.087964594,-0.42455134,-0.070249505,3
867232535583071,2024-03-07T17:41:43.664Z,gyroscope sensor uncalibrated,0.05497787,-0.68477994,0.076358154,0.05497787,-0.68477994,0.076358154,3
867232545581837,2024-03-07T17:41:43.674Z,gyroscope sensor uncalibrated,0.010995574,-0.86437434,0.111177474,0.010995574,-0.86437434,0.111177474,3
867232555580537,2024-03-07T17:41:43.684Z,gyroscope sensor uncalibrated,-0.008552114,-0.9254609,0.095294975,-0.008552114,-0.9254609,0.095294975,3
867232565579303,2024-03-07T17:41:43.694Z,gyroscope sensor uncalibrated,-0.019547688,-0.8564331,0.100792766,-0.019547688,-0.8564331,0.100792766,3
867232575578069,2024-03-07T17:41:43.704Z,gyroscope sensor uncalibrated,-0.053145275,-0.67011917,0.13194689,-0.053145275,-0.67011917,0.13194689,3
867232585576835,2024-03-07T17:41:43.714Z,gyroscope sensor uncalibrated,-0.115453534,-0.40561453,0.17531833,-0.115453534,-0.40561453,0.17531833,3
867232595575601,2024-03-07T17:41:43.724Z,gyroscope sensor uncalibrated,-0.2003638,-0.10995574,0.18753563,-0.2003638,-0.10995574,0.18753563,3
867232605574367,2024-03-07T17:41:43.734Z,gyroscope sensor uncalibrated,-0.25228736,0.12156218,0.15760323,-0.25228736,0.12156218,0.15760323,3
867232615573133,2024-03-07T17:41:43.744Z,gyroscope sensor uncalibrated,-0.21502456,0.22968534,0.08979719,-0.21502456,0.22968534,0.08979719,3
867232625571933,2024-03-07T17:41:43.754Z,gyroscope sensor uncalibrated,-0.12583824,0.25228736,0.04520403,-0.12583824,0.25228736,0.04520403,3
867232635570699,2024-03-07T17:41:43.763Z,gyroscope sensor uncalibrated,-0.032375857,0.22174409,0.05131268,-0.032375857,0.22174409,0.05131268,3
867232645569532,2024-03-07T17:41:43.774Z,gyroscope sensor uncalibrated,0.06352998,0.16615535,0.093462385,0.06352998,0.16615535,0.093462385,3
867232655568432,2024-03-07T17:41:43.784Z,gyroscope sensor uncalibrated,0.13927728,0.045814894,0.19058995,0.13927728,0.045814894,0.19058995,3
867232665567265,2024-03-07T17:41:43.794Z,gyroscope sensor uncalibrated,0.15149458,-0.039095376,0.22296582,0.15149458,-0.039095376,0.22296582,3
867232675566165,2024-03-07T17:41:43.804Z,gyroscope sensor uncalibrated,0.12339478,-0.111177474,0.22418754,0.12339478,-0.111177474,0.22418754,3
867232685565065,2024-03-07T17:41:43.814Z,gyroscope sensor uncalibrated,0.03848451,-0.17959438,0.20708331,0.03848451,-0.17959438,0.20708331,3
867232695563965,2024-03-07T17:41:43.824Z,gyroscope sensor uncalibrated,-0.07391469,-0.23640485,0.16432275,-0.07391469,-0.23640485,0.16432275,3
867232705562831,2024-03-07T17:41:43.834Z,gyroscope sensor uncalibrated,-0.1704314,-0.2510656,0.09590584,-0.1704314,-0.2510656,0.09590584,3
867232715561697,2024-03-07T17:41:43.844Z,gyroscope sensor uncalibrated,-0.22785273,-0.22479841,0.025045475,-0.22785273,-0.22479841,0.025045475,3
867232725560563,2024-03-07T17:41:43.853Z,gyroscope sensor uncalibrated,-0.25167647,-0.1740966,-0.018936822,-0.25167647,-0.1740966,-0.018936822,3
867232735559429,2024-03-07T17:41:43.864Z,gyroscope sensor uncalibrated,-0.258396,-0.105068825,-0.040927973,-0.258396,-0.105068825,-0.040927973,3
867232745558229,2024-03-07T17:41:43.874Z,gyroscope sensor uncalibrated,-0.27183503,-0.016493361,-0.04886922,-0.27183503,-0.016493361,-0.04886922,3
867232755557095,2024-03-07T17:41:43.884Z,gyroscope sensor uncalibrated,-0.28405234,0.07452556,-0.051923547,-0.28405234,0.07452556,-0.051923547,3
867232765555961,2024-03-07T17:41:43.894Z,gyroscope sensor uncalibrated,-0.26816985,0.16310102,-0.06169739,-0.26816985,0.16310102,-0.06169739,3
867232775554761,2024-03-07T17:41:43.904Z,gyroscope sensor uncalibrated,-0.22174409,0.25961772,-0.069027774,-0.22174409,0.25961772,-0.069027774,3
867232785553627,2024-03-07T17:41:43.914Z,gyroscope sensor uncalibrated,-0.18325958,0.35308012,-0.058643065,-0.18325958,0.35308012,-0.058643065,3
867232795552493,2024-03-07T17:41:43.923Z,gyroscope sensor uncalibrated,-0.16798794,0.4007276,-0.032375857,-0.16798794,0.4007276,-0.032375857,3
867232805551293,2024-03-07T17:41:43.934Z,gyroscope sensor uncalibrated,-0.14294247,0.36957347,-0.013439035,-0.14294247,0.36957347,-0.013439035,3
867232815550159,2024-03-07T17:41:43.944Z,gyroscope sensor uncalibrated,-0.08857546,0.2919936,0.002443461,-0.08857546,0.2919936,0.002443461,3
867232825549025,2024-03-07T17:41:43.954Z,gyroscope sensor uncalibrated,-0.053145275,0.23396139,0.027488936,-0.053145275,0.23396139,0.027488936,3
867232835547891,2024-03-07T17:41:43.964Z,gyroscope sensor uncalibrated,-0.07696902,0.21197024,0.055588737,-0.07696902,0.21197024,0.055588737,3
867232845546757,2024-03-07T17:41:43.974Z,gyroscope sensor uncalibrated,-0.14538592,0.204029,0.069027774,-0.14538592,0.204029,0.069027774,3
867232855545623,2024-03-07T17:41:43.983Z,gyroscope sensor uncalibrated,-0.19608775,0.15149458,0.08735373,-0.19608775,0.15149458,0.08735373,3
867232865544489,2024-03-07T17:41:43.994Z,gyroscope sensor uncalibrated,-0.18203785,0.029321533,0.13683382,-0.18203785,0.029321533,0.13683382,3
867232875543355,2024-03-07T17:41:44.004Z,gyroscope sensor uncalibrated,-0.06780604,-0.17898351,0.3200934,-0.06780604,-0.17898351,0.3200934,3
867232885542155,2024-03-07T17:41:44.014Z,gyroscope sensor uncalibrated,-0.007941248,-0.30115658,0.462425,-0.007941248,-0.30115658,0.462425,3
867232895541021,2024-03-07T17:41:44.024Z,gyroscope sensor uncalibrated,-0.017104227,-0.552833,0.5497787,-0.017104227,-0.552833,0.5497787,3
867232905539887,2024-03-07T17:41:44.034Z,gyroscope sensor uncalibrated,-0.0720821,-0.93279123,0.5870415,-0.0720821,-0.93279123,0.5870415,3
867232915538687,2024-03-07T17:41:44.044Z,gyroscope sensor uncalibrated,-0.12767084,-1.1869112,0.54733527,-0.12767084,-1.1869112,0.54733527,3
867232925537520,2024-03-07T17:41:44.054Z,gyroscope sensor uncalibrated,-0.10262536,-1.1551461,0.47769663,-0.10262536,-1.1551461,0.47769663,3
867232935536320,2024-03-07T17:41:44.064Z,gyroscope sensor uncalibrated,-0.061086524,-0.84238315,0.44593164,-0.061086524,-0.84238315,0.44593164,3
867232945535120,2024-03-07T17:41:44.074Z,gyroscope sensor uncalibrated,-0.14782938,-0.4092797,0.48747048,-0.14782938,-0.4092797,0.48747048,3
867232955533853,2024-03-07T17:41:44.084Z,gyroscope sensor uncalibrated,-0.3200934,0.064751714,0.4831944,-0.3200934,0.064751714,0.4831944,3
867232965532586,2024-03-07T17:41:44.094Z,gyroscope sensor uncalibrated,-0.4831944,0.45020768,0.30604348,-0.4831944,0.45020768,0.30604348,3
867232975531319,2024-03-07T17:41:44.103Z,gyroscope sensor uncalibrated,-0.5687156,0.5766568,0.1020145,-0.5687156,0.5766568,0.1020145,3
867232985530052,2024-03-07T17:41:44.114Z,gyroscope sensor uncalibrated,-0.5308419,0.56321776,0.01160644,-0.5308419,0.56321776,0.01160644,3
867232995528718,2024-03-07T17:41:44.124Z,gyroscope sensor uncalibrated,-0.40439278,0.5174029,0.0842994,-0.40439278,0.5174029,0.0842994,3
867233005527451,2024-03-07T17:41:44.134Z,gyroscope sensor uncalibrated,-0.26511553,0.453262,0.23701571,-0.26511553,0.453262,0.23701571,3
867233015526184,2024-03-07T17:41:44.144Z,gyroscope sensor uncalibrated,-0.12644911,0.35430184,0.33964106,-0.12644911,0.35430184,0.33964106,3
867233025524884,2024-03-07T17:41:44.154Z,gyroscope sensor uncalibrated,-0.076358154,0.20647246,0.3494149,-0.076358154,0.20647246,0.3494149,3
867233035523650,2024-03-07T17:41:44.164Z,gyroscope sensor uncalibrated,-0.16798794,0.11362094,0.25961772,-0.16798794,0.11362094,0.25961772,3
867233045522416,2024-03-07T17:41:44.174Z,gyroscope sensor uncalibrated,-0.32498032,0.13194689,0.06841691,-0.32498032,0.13194689,0.06841691,3
867233055521116,2024-03-07T17:41:44.184Z,gyroscope sensor uncalibrated,-0.43371433,0.172264,-0.18081611,-0.43371433,0.172264,-0.18081611,3
867233065519882,2024-03-07T17:41:44.194Z,gyroscope sensor uncalibrated,-0.45753807,0.15210545,-0.34880406,-0.45753807,0.15210545,-0.34880406,3
867233075518648,2024-03-07T17:41:44.204Z,gyroscope sensor uncalibrated,-0.41416663,0.01160644,-0.38912117,-0.41416663,0.01160644,-0.38912117,3
867233085517414,2024-03-07T17:41:44.214Z,gyroscope sensor uncalibrated,-0.29626966,-0.39767328,-0.3585779,-0.29626966,-0.39767328,-0.3585779,3
867233095516180,2024-03-07T17:41:44.224Z,gyroscope sensor uncalibrated,-0.21746802,-0.70554936,-0.34391713,-0.21746802,-0.70554936,-0.34391713,3
867233105514946,2024-03-07T17:41:44.234Z,gyroscope sensor uncalibrated,-0.19364429,-0.92179567,-0.2968805,-0.19364429,-0.92179567,-0.2968805,3
867233115513712,2024-03-07T17:41:44.244Z,gyroscope sensor uncalibrated,-0.22113322,-1.0525209,-0.28955013,-0.22113322,-1.0525209,-0.28955013,3
867233125512478,2024-03-07T17:41:44.253Z,gyroscope sensor uncalibrated,-0.22052236,-1.0916162,-0.29077184,-0.22052236,-1.0916162,-0.29077184,3
867233135511178,2024-03-07T17:41:44.264Z,gyroscope sensor uncalibrated,-0.2724459,-1.0726794,-0.27000242,-0.2724459,-1.0726794,-0.27000242,3
867233145509244,2024-03-07T17:41:44.274Z,gyroscope sensor uncalibrated,-0.3817908,-1.0085385,-0.28527406,-0.3817908,-1.0085385,-0.28527406,3
867233155507077,2024-03-07T17:41:44.284Z,gyroscope sensor uncalibrated,-0.44898596,-0.95356065,-0.35979962,-0.44898596,-0.95356065,-0.35979962,3
867233165505077,2024-03-07T17:41:44.294Z,gyroscope sensor uncalibrated,-0.43188173,-0.86132,-0.45081854,-0.43188173,-0.86132,-0.45081854,3
867233175502910,2024-03-07T17:41:44.304Z,gyroscope sensor uncalibrated,-0.39400807,-0.7104363,-0.51007247,-0.39400807,-0.7104363,-0.51007247,3
867233185501676,2024-03-07T17:41:44.314Z,gyroscope sensor uncalibrated,-0.34147367,-0.5723807,-0.54244834,-0.34147367,-0.5723807,-0.54244834,3
867233195500442,2024-03-07T17:41:44.324Z,gyroscope sensor uncalibrated,-0.25595254,-0.47586402,-0.54550266,-0.25595254,-0.47586402,-0.54550266,3
867233205499208,2024-03-07T17:41:44.334Z,gyroscope sensor uncalibrated,-0.16371189,-0.40194935,-0.50640726,-0.16371189,-0.40194935,-0.50640726,3
867233215497541,2024-03-07T17:41:44.344Z,gyroscope sensor uncalibrated,-0.103847094,-0.30848694,-0.44043383,-0.103847094,-0.30848694,-0.44043383,3
867233225496307,2024-03-07T17:41:44.353Z,gyroscope sensor uncalibrated,-0.087964594,-0.17654006,-0.36774087,-0.087964594,-0.17654006,-0.36774087,3
867233235495073,2024-03-07T17:41:44.364Z,gyroscope sensor uncalibrated,-0.09773844,-0.004276057,-0.29871312,-0.09773844,-0.004276057,-0.29871312,3
867233245493773,2024-03-07T17:41:44.374Z,gyroscope sensor uncalibrated,-0.10140363,0.19364429,-0.23762658,-0.10140363,0.19364429,-0.23762658,3
867233255492539,2024-03-07T17:41:44.384Z,gyroscope sensor uncalibrated,-0.093462385,0.4025602,-0.17959438,-0.093462385,0.4025602,-0.17959438,3
867233265491305,2024-03-07T17:41:44.394Z,gyroscope sensor uncalibrated,-0.07391469,0.58459806,-0.12156218,-0.07391469,0.58459806,-0.12156218,3
867233275490005,2024-03-07T17:41:44.404Z,gyroscope sensor uncalibrated,-0.04886922,0.68783426,-0.07086037,-0.04886922,0.68783426,-0.07086037,3
867233285488771,2024-03-07T17:41:44.414Z,gyroscope sensor uncalibrated,-0.016493361,0.698219,-0.028099801,-0.016493361,0.698219,-0.028099801,3
867233295487537,2024-03-07T17:41:44.424Z,gyroscope sensor uncalibrated,0.039095376,0.6096435,0.02443461,0.039095376,0.6096435,0.02443461,3
867233305486237,2024-03-07T17:41:44.434Z,gyroscope sensor uncalibrated,0.076358154,0.54550266,0.047036625,0.076358154,0.54550266,0.047036625,3
867233315485003,2024-03-07T17:41:44.444Z,gyroscope sensor uncalibrated,0.10995574,0.5039638,0.073303826,0.10995574,0.5039638,0.073303826,3
867233325483736,2024-03-07T17:41:44.454Z,gyroscope sensor uncalibrated,0.15332718,0.4569272,0.0983493,0.15332718,0.4569272,0.0983493,3
867233335482469,2024-03-07T17:41:44.463Z,gyroscope sensor uncalibrated,0.20097467,0.3744604,0.112399206,0.20097467,0.3744604,0.112399206,3
867233345481202,2024-03-07T17:41:44.474Z,gyroscope sensor uncalibrated,0.25045475,0.22785273,0.092240654,0.25045475,0.22785273,0.092240654,3
867233355479935,2024-03-07T17:41:44.484Z,gyroscope sensor uncalibrated,0.2883284,0.084910266,0.04886922,0.2883284,0.084910266,0.04886922,3
867233365478668,2024-03-07T17:41:44.494Z,gyroscope sensor uncalibrated,0.2968805,-0.012217305,0.004886922,0.2968805,-0.012217305,0.004886922,3
867233375477401,2024-03-07T17:41:44.504Z,gyroscope sensor uncalibrated,0.2846632,-0.08735373,-0.06658431,0.2846632,-0.08735373,-0.06658431,3
867233385476067,2024-03-07T17:41:44.514Z,gyroscope sensor uncalibrated,0.24801129,-0.15943582,-0.17715092,0.24801129,-0.15943582,-0.17715092,3
867233395474800,2024-03-07T17:41:44.524Z,gyroscope sensor uncalibrated,0.1826487,-0.19364429,-0.3005457,0.1826487,-0.19364429,-0.3005457,3
867233405473533,2024-03-07T17:41:44.534Z,gyroscope sensor uncalibrated,0.1386664,-0.11484267,-0.398895,0.1386664,-0.11484267,-0.398895,3
867233415472199,2024-03-07T17:41:44.544Z,gyroscope sensor uncalibrated,0.15454891,0.03970624,-0.46853364,0.15454891,0.03970624,-0.46853364,3
867233425470932,2024-03-07T17:41:44.553Z,gyroscope sensor uncalibrated,0.20708331,0.1704314,-0.50640726,0.20708331,0.1704314,-0.50640726,3
867233435469698,2024-03-07T17:41:44.564Z,gyroscope sensor uncalibrated,0.26083946,0.22479841,-0.516792,0.26083946,0.22479841,-0.516792,3
867233445469164,2024-03-07T17:41:44.574Z,gyroscope sensor uncalibrated,0.29932398,0.1337795,-0.48563787,0.29932398,0.1337795,-0.48563787,3
867233455468864,2024-03-07T17:41:44.584Z,gyroscope sensor uncalibrated,0.3268129,-0.009773844,-0.41416663,0.3268129,-0.009773844,-0.41416663,3
867233465468330,2024-03-07T17:41:44.594Z,gyroscope sensor uncalibrated,0.38545597,-0.10140363,-0.32620203,0.38545597,-0.10140363,-0.32620203,3
867233475468030,2024-03-07T17:41:44.604Z,gyroscope sensor uncalibrated,0.5131268,-0.005497787,-0.23884831,0.5131268,-0.005497787,-0.23884831,3
867233485466796,2024-03-07T17:41:44.614Z,gyroscope sensor uncalibrated,0.66523224,0.35613444,-0.18509217,0.66523224,0.35613444,-0.18509217,3
867233495465496,2024-03-07T17:41:44.624Z,gyroscope sensor uncalibrated,0.68477994,0.52290064,-0.08857546,0.68477994,0.52290064,-0.08857546,3
867233505464262,2024-03-07T17:41:44.633Z,gyroscope sensor uncalibrated,0.6963864,0.45081854,0.07696902,0.6963864,0.45081854,0.07696902,3
867233515463462,2024-03-07T17:41:44.644Z,gyroscope sensor uncalibrated,0.6817256,0.43310347,0.14355333,0.6817256,0.43310347,0.14355333,3
867233525462162,2024-03-07T17:41:44.653Z,gyroscope sensor uncalibrated,0.5705481,0.45875978,0.15699236,0.5705481,0.45875978,0.15699236,3
867233535460928,2024-03-07T17:41:44.664Z,gyroscope sensor uncalibrated,0.40866885,0.49113566,0.07819075,0.40866885,0.49113566,0.07819075,3
867233545459694,2024-03-07T17:41:44.674Z,gyroscope sensor uncalibrated,0.19303341,0.49113566,-0.095294975,0.19303341,0.49113566,-0.095294975,3
867233555458394,2024-03-07T17:41:44.684Z,gyroscope sensor uncalibrated,0.0067195175,0.38606682,-0.2773328,0.0067195175,0.38606682,-0.2773328,3
867233565457160,2024-03-07T17:41:44.694Z,gyroscope sensor uncalibrated,-0.03359759,0.20525073,-0.4092797,-0.03359759,0.20525073,-0.4092797,3
867233575455926,2024-03-07T17:41:44.704Z,gyroscope sensor uncalibrated,0.07269296,0.004886922,-0.38423425,0.07269296,0.004886922,-0.38423425,3
867233585454692,2024-03-07T17:41:44.713Z,gyroscope sensor uncalibrated,0.19486602,-0.12339478,-0.19364429,0.19486602,-0.12339478,-0.19364429,3
867233595453458,2024-03-07T17:41:44.724Z,gyroscope sensor uncalibrated,0.29260445,-0.24556783,0.10323623,0.29260445,-0.24556783,0.10323623,3
867233605452224,2024-03-07T17:41:44.734Z,gyroscope sensor uncalibrated,0.41233405,-0.40133846,0.32925636,0.41233405,-0.40133846,0.32925636,3
867233615450990,2024-03-07T17:41:44.744Z,gyroscope sensor uncalibrated,0.43554693,-0.5357288,0.48563787,0.43554693,-0.5357288,0.48563787,3
867233625449756,2024-03-07T17:41:44.754Z,gyroscope sensor uncalibrated,0.34147367,-0.61941737,0.5992588,0.34147367,-0.61941737,0.5992588,3
867233635448456,2024-03-07T17:41:44.764Z,gyroscope sensor uncalibrated,0.26083946,-0.6236934,0.5919284,0.26083946,-0.6236934,0.5919284,3
867233645447222,2024-03-07T17:41:44.773Z,gyroscope sensor uncalibrated,0.18509217,-0.53878313,0.48808134,0.18509217,-0.53878313,0.48808134,3
867233655445988,2024-03-07T17:41:44.784Z,gyroscope sensor uncalibrated,0.055588737,-0.4343252,0.32436943,0.055588737,-0.4343252,0.32436943,3
867233665444721,2024-03-07T17:41:44.794Z,gyroscope sensor uncalibrated,-0.14538592,-0.3231477,0.11728613,-0.14538592,-0.3231477,0.11728613,3
867233675443521,2024-03-07T17:41:44.803Z,gyroscope sensor uncalibrated,-0.37873647,-0.22602014,-0.07269296,-0.37873647,-0.22602014,-0.07269296,3
867233685442421,2024-03-07T17:41:44.814Z,gyroscope sensor uncalibrated,-0.5112942,-0.1704314,-0.2443461,-0.5112942,-0.1704314,-0.2443461,3
867233695441321,2024-03-07T17:41:44.824Z,gyroscope sensor uncalibrated,-0.516792,-0.11056661,-0.36346483,-0.516792,-0.11056661,-0.36346483,3
867233705440287,2024-03-07T17:41:44.834Z,gyroscope sensor uncalibrated,-0.4728097,-0.06291912,-0.3652974,-0.4728097,-0.06291912,-0.3652974,3
867233715439287,2024-03-07T17:41:44.844Z,gyroscope sensor uncalibrated,-0.3481932,-0.052534413,-0.20280726,-0.3481932,-0.052534413,-0.20280726,3
867233725438287,2024-03-07T17:41:44.854Z,gyroscope sensor uncalibrated,-0.20463985,-0.065973446,-0.026267206,-0.20463985,-0.065973446,-0.026267206,3
867233735437287,2024-03-07T17:41:44.864Z,gyroscope sensor uncalibrated,-0.026267206,-0.07147124,0.13988814,-0.026267206,-0.07147124,0.13988814,3
867233745436287,2024-03-07T17:41:44.874Z,gyroscope sensor uncalibrated,0.09590584,-0.06841691,0.28160888,0.09590584,-0.06841691,0.28160888,3
867233755435353,2024-03-07T17:41:44.884Z,gyroscope sensor uncalibrated,0.11484267,-0.043982297,0.36651915,0.11484267,-0.043982297,0.36651915,3
867233765434419,2024-03-07T17:41:44.894Z,gyroscope sensor uncalibrated,0.035430185,-0.0030543262,0.37568212,0.035430185,-0.0030543262,0.37568212,3
867233775433419,2024-03-07T17:41:44.904Z,gyroscope sensor uncalibrated,-0.06780604,0.008552114,0.30848694,-0.06780604,0.008552114,0.30848694,3
867233785432485,2024-03-07T17:41:44.914Z,gyroscope sensor uncalibrated,-0.16249016,0.00061086525,0.20158553,-0.16249016,0.00061086525,0.20158553,3
867233795431551,2024-03-07T17:41:44.924Z,gyroscope sensor uncalibrated,-0.24190263,0.020158553,0.09407325,-0.24190263,0.020158553,0.09407325,3
867233805430551,2024-03-07T17:41:44.934Z,gyroscope sensor uncalibrated,-0.30970868,0.03970624,-0.0012217305,-0.30970868,0.03970624,-0.0012217305,3
867233815429617,2024-03-07T17:41:44.944Z,gyroscope sensor uncalibrated,-0.321926,0.016493361,-0.07696902,-0.321926,0.016493361,-0.07696902,3
867233825428683,2024-03-07T17:41:44.954Z,gyroscope sensor uncalibrated,-0.27122417,-0.045814894,-0.115453534,-0.27122417,-0.045814894,-0.115453534,3
867233835427749,2024-03-07T17:41:44.964Z,gyroscope sensor uncalibrated,-0.19914207,-0.11789699,-0.12034045,-0.19914207,-0.11789699,-0.12034045,3
867233845426815,2024-03-07T17:41:44.974Z,gyroscope sensor uncalibrated,-0.13805555,-0.12950343,-0.10629055,-0.13805555,-0.12950343,-0.10629055,3
867233855425881,2024-03-07T17:41:44.984Z,gyroscope sensor uncalibrated,-0.106901415,-0.06841691,-0.081855945,-0.106901415,-0.06841691,-0.081855945,3
867233865424947,2024-03-07T17:41:44.994Z,gyroscope sensor uncalibrated,-0.087964594,0.047647487,-0.042760566,-0.087964594,0.047647487,-0.042760566,3
867233875424013,2024-03-07T17:41:45.004Z,gyroscope sensor uncalibrated,-0.07574729,0.19486602,-0.00061086525,-0.07574729,0.19486602,-0.00061086525,3
867233885423013,2024-03-07T17:41:45.013Z,gyroscope sensor uncalibrated,-0.08368854,0.3268129,0.070249505,-0.08368854,0.3268129,0.070249505,3
867233895422079,2024-03-07T17:41:45.023Z,gyroscope sensor uncalibrated,-0.08857546,0.42394048,0.13561209,-0.08857546,0.42394048,0.13561209,3
867233905421145,2024-03-07T17:41:45.034Z,gyroscope sensor uncalibrated,-0.10873401,0.5308419,0.21013765,-0.10873401,0.5308419,0.21013765,3
867233915420145,2024-03-07T17:41:45.043Z,gyroscope sensor uncalibrated,-0.15760323,0.60903263,0.2779437,-0.15760323,0.60903263,0.2779437,3
867233925419211,2024-03-07T17:41:45.054Z,gyroscope sensor uncalibrated,-0.20525073,0.6450737,0.3200934,-0.20525073,0.6450737,0.3200934,3
867233935418277,2024-03-07T17:41:45.064Z,gyroscope sensor uncalibrated,-0.24740042,0.6273586,0.34574974,-0.24740042,0.6273586,0.34574974,3
867233945417343,2024-03-07T17:41:45.074Z,gyroscope sensor uncalibrated,-0.3023783,0.571159,0.3549127,-0.3023783,0.571159,0.3549127,3
867233955416409,2024-03-07T17:41:45.084Z,gyroscope sensor uncalibrated,-0.3707952,0.47219884,0.35063666,-0.3707952,0.47219884,0.35063666,3
867233965415442,2024-03-07T17:41:45.093Z,gyroscope sensor uncalibrated,-0.41905355,0.29932398,0.29993483,-0.41905355,0.29932398,0.29993483,3
867233975414475,2024-03-07T17:41:45.104Z,gyroscope sensor uncalibrated,-0.39584067,0.029321533,0.24373524,-0.39584067,0.029321533,0.24373524,3
867233985413408,2024-03-07T17:41:45.114Z,gyroscope sensor uncalibrated,-0.27366763,-0.33169982,0.27000242,-0.27366763,-0.33169982,0.27000242,3
867233995412274,2024-03-07T17:41:45.124Z,gyroscope sensor uncalibrated,-0.096516706,-0.59742624,0.41355577,-0.096516706,-0.59742624,0.41355577,3
867234005411140,2024-03-07T17:41:45.134Z,gyroscope sensor uncalibrated,0.06658431,-0.66523224,0.61941737,0.06658431,-0.66523224,0.61941737,3
867234015409973,2024-03-07T17:41:45.144Z,gyroscope sensor uncalibrated,0.16310102,-0.5027421,0.81122905,0.16310102,-0.5027421,0.81122905,3
867234025408739,2024-03-07T17:41:45.154Z,gyroscope sensor uncalibrated,0.19120082,-0.17531833,0.979217,0.19120082,-0.17531833,0.979217,3
867234035407539,2024-03-07T17:41:45.163Z,gyroscope sensor uncalibrated,0.12583824,0.06352998,1.0073168,0.12583824,0.06352998,1.0073168,3
867234045406272,2024-03-07T17:41:45.174Z,gyroscope sensor uncalibrated,0.06963864,0.19608775,0.8772025,0.06963864,0.19608775,0.8772025,3
867234055404938,2024-03-07T17:41:45.184Z,gyroscope sensor uncalibrated,-0.040317107,0.32070425,0.72021013,-0.040317107,0.32070425,0.72021013,3
867234065403671,2024-03-07T17:41:45.194Z,gyroscope sensor uncalibrated,-0.17592919,0.46181414,0.571159,-0.17592919,0.46181414,0.571159,3
867234075402404,2024-03-07T17:41:45.204Z,gyroscope sensor uncalibrated,-0.33169982,0.5681047,0.3885103,-0.33169982,0.5681047,0.3885103,3
867234085401137,2024-03-07T17:41:45.214Z,gyroscope sensor uncalibrated,-0.516792,0.5870415,0.13255776,-0.516792,0.5870415,0.13255776,3
867234095399870,2024-03-07T17:41:45.224Z,gyroscope sensor uncalibrated,-0.6933321,0.55833083,-0.15332718,-0.6933321,0.55833083,-0.15332718,3
867234105398603,2024-03-07T17:41:45.233Z,gyroscope sensor uncalibrated,-0.75747293,0.48563787,-0.453262,-0.75747293,0.48563787,-0.453262,3
867234115397336,2024-03-07T17:41:45.244Z,gyroscope sensor uncalibrated,-0.70188415,0.41538838,-0.6762278,-0.70188415,0.41538838,-0.6762278,3
867234125396069,2024-03-07T17:41:45.254Z,gyroscope sensor uncalibrated,-0.6072,0.33169982,-0.73914695,-0.6072,0.33169982,-0.73914695,3
867234135394735,2024-03-07T17:41:45.263Z,gyroscope sensor uncalibrated,-0.48563787,0.15454891,-0.66950834,-0.48563787,0.15454891,-0.66950834,3
867234145393468,2024-03-07T17:41:45.274Z,gyroscope sensor uncalibrated,-0.2602286,-0.22479841,-0.38789943,-0.2602286,-0.22479841,-0.38789943,3
867234155391534,2024-03-07T17:41:45.284Z,gyroscope sensor uncalibrated,-0.16982053,-0.5198463,-0.12217305,-0.16982053,-0.5198463,-0.12217305,3
867234165389534,2024-03-07T17:41:45.294Z,gyroscope sensor uncalibrated,-0.10445796,-0.7684685,0.065973446,-0.10445796,-0.7684685,0.065973446,3
867234175387600,2024-03-07T17:41:45.304Z,gyroscope sensor uncalibrated,-0.06047566,-0.90224797,0.099571034,-0.06047566,-0.90224797,0.099571034,3
867234185385433,2024-03-07T17:41:45.314Z,gyroscope sensor uncalibrated,-0.06291912,-0.8906415,0.013439035,-0.06291912,-0.8906415,0.013439035,3
867234195384199,2024-03-07T17:41:45.324Z,gyroscope sensor uncalibrated,-0.122783914,-0.73975784,-0.07147124,-0.122783914,-0.73975784,-0.07147124,3
867234205382965,2024-03-07T17:41:45.334Z,gyroscope sensor uncalibrated,-0.2602286,-0.5369505,-0.12889257,-0.2602286,-0.5369505,-0.12889257,3
867234215381731,2024-03-07T17:41:45.344Z,gyroscope sensor uncalibrated,-0.33536503,-0.3408628,-0.20219639,-0.33536503,-0.3408628,-0.20219639,3
867234225380497,2024-03-07T17:41:45.353Z,gyroscope sensor uncalibrated,-0.29810223,-0.16982053,-0.2706133,-0.29810223,-0.16982053,-0.2706133,3
867234235379263,2024-03-07T17:41:45.363Z,gyroscope sensor uncalibrated,-0.19547687,-0.045814894,-0.3023783,-0.19547687,-0.045814894,-0.3023783,3
867234245377963,2024-03-07T17:41:45.374Z,gyroscope sensor uncalibrated,-0.093462385,0.025045475,-0.30176744,-0.093462385,0.025045475,-0.30176744,3
867234255376729,2024-03-07T17:41:45.384Z,gyroscope sensor uncalibrated,-0.03848451,0.055588737,-0.2938262,-0.03848451,0.055588737,-0.2938262,3
867234265375495,2024-03-07T17:41:45.394Z,gyroscope sensor uncalibrated,-0.029932396,0.059864793,-0.30909783,-0.029932396,0.059864793,-0.30909783,3
867234275374195,2024-03-07T17:41:45.404Z,gyroscope sensor uncalibrated,-0.037873644,0.05497787,-0.34330627,-0.037873644,0.05497787,-0.34330627,3
867234285372961,2024-03-07T17:41:45.414Z,gyroscope sensor uncalibrated,-0.06719518,0.05009095,-0.35246924,-0.06719518,0.05009095,-0.35246924,3
867234295371727,2024-03-07T17:41:45.424Z,gyroscope sensor uncalibrated,-0.09040806,0.031154128,-0.33964106,-0.09040806,0.031154128,-0.33964106,3
867234305370427,2024-03-07T17:41:45.434Z,gyroscope sensor uncalibrated,-0.0842994,0.0012217305,-0.31887165,-0.0842994,0.0012217305,-0.31887165,3
867234315369193,2024-03-07T17:41:45.444Z,gyroscope sensor uncalibrated,-0.054367006,-0.002443461,-0.28099802,-0.054367006,-0.002443461,-0.28099802,3
867234325367959,2024-03-07T17:41:45.454Z,gyroscope sensor uncalibrated,-0.028710667,0.039095376,-0.21074851,-0.028710667,0.039095376,-0.21074851,3
867234335366725,2024-03-07T17:41:45.464Z,gyroscope sensor uncalibrated,0.012217305,0.12522738,-0.13744467,0.012217305,0.12522738,-0.13744467,3
867234345365491,2024-03-07T17:41:45.474Z,gyroscope sensor uncalibrated,0.06169739,0.23273966,-0.086132,0.06169739,0.23273966,-0.086132,3
867234355364257,2024-03-07T17:41:45.484Z,gyroscope sensor uncalibrated,0.08368854,0.34025195,-0.057421334,0.08368854,0.34025195,-0.057421334,3
867234365363023,2024-03-07T17:41:45.493Z,gyroscope sensor uncalibrated,0.080634214,0.33414328,-0.04520403,0.080634214,0.33414328,-0.04520403,3
867234375361789,2024-03-07T17:41:45.504Z,gyroscope sensor uncalibrated,0.12217305,0.25778514,-0.02321288,0.12217305,0.25778514,-0.02321288,3
867234385360489,2024-03-07T17:41:45.514Z,gyroscope sensor uncalibrated,0.16920967,0.18875736,0.017715093,0.16920967,0.18875736,0.017715093,3
867234395359255,2024-03-07T17:41:45.523Z,gyroscope sensor uncalibrated,0.21074851,0.1740966,0.06841691,0.21074851,0.1740966,0.06841691,3
867234405358021,2024-03-07T17:41:45.534Z,gyroscope sensor uncalibrated,0.28099802,0.19853121,0.12217305,0.28099802,0.19853121,0.12217305,3
867234415356721,2024-03-07T17:41:45.544Z,gyroscope sensor uncalibrated,0.38545597,0.21930063,0.15454891,0.38545597,0.21930063,0.15454891,3
867234425355487,2024-03-07T17:41:45.554Z,gyroscope sensor uncalibrated,0.46486846,0.18509217,0.103847094,0.46486846,0.18509217,0.103847094,3
867234435354253,2024-03-07T17:41:45.564Z,gyroscope sensor uncalibrated,0.46486846,0.07880162,-0.01038471,0.46486846,0.07880162,-0.01038471,3
867234445353019,2024-03-07T17:41:45.574Z,gyroscope sensor uncalibrated,0.3640757,-0.07819075,-0.15454891,0.3640757,-0.07819075,-0.15454891,3
867234455352452,2024-03-07T17:41:45.584Z,gyroscope sensor uncalibrated,0.20463985,-0.23151793,-0.29443705,0.20463985,-0.23151793,-0.29443705,3
867234465351885,2024-03-07T17:41:45.594Z,gyroscope sensor uncalibrated,0.09590584,-0.3408628,-0.4098906,0.09590584,-0.3408628,-0.4098906,3
867234475351318,2024-03-07T17:41:45.604Z,gyroscope sensor uncalibrated,0.053145275,-0.3933972,-0.49418998,0.053145275,-0.3933972,-0.49418998,3
867234485350984,2024-03-07T17:41:45.614Z,gyroscope sensor uncalibrated,0.02443461,-0.48747048,-0.5656612,0.02443461,-0.48747048,-0.5656612,3
867234495349650,2024-03-07T17:41:45.624Z,gyroscope sensor uncalibrated,0.05681047,-0.6609562,-0.60048056,0.05681047,-0.6609562,-0.60048056,3
867234505348383,2024-03-07T17:41:45.634Z,gyroscope sensor uncalibrated,0.19608775,-0.7867944,-0.55955255,0.19608775,-0.7867944,-0.55955255,3
867234515347116,2024-03-07T17:41:45.643Z,gyroscope sensor uncalibrated,0.38973203,-0.8344419,-0.42088616,0.38973203,-0.8344419,-0.42088616,3
867234525345782,2024-03-07T17:41:45.654Z,gyroscope sensor uncalibrated,0.5345071,-0.7867944,-0.24740042,0.5345071,-0.7867944,-0.24740042,3
867234535344515,2024-03-07T17:41:45.664Z,gyroscope sensor uncalibrated,0.6267477,-0.5821546,-0.1301143,0.6267477,-0.5821546,-0.1301143,3
867234545343248,2024-03-07T17:41:45.674Z,gyroscope sensor uncalibrated,0.6969972,-0.3231477,-0.08979719,0.6969972,-0.3231477,-0.08979719,3
867234555341948,2024-03-07T17:41:45.684Z,gyroscope sensor uncalibrated,0.7098254,-0.15882497,-0.06719518,0.7098254,-0.15882497,-0.06719518,3
867234565340714,2024-03-07T17:41:45.694Z,gyroscope sensor uncalibrated,0.74220127,0.13316862,-0.070249505,0.74220127,0.13316862,-0.070249505,3
867234575339480,2024-03-07T17:41:45.704Z,gyroscope sensor uncalibrated,0.6957755,0.35124752,-0.084910266,0.6957755,0.35124752,-0.084910266,3
867234585338246,2024-03-07T17:41:45.713Z,gyroscope sensor uncalibrated,0.54244834,0.54367006,-0.1301143,0.54244834,0.54367006,-0.1301143,3
867234595337012,2024-03-07T17:41:45.723Z,gyroscope sensor uncalibrated,0.38973203,0.6414085,-0.24495697,0.38973203,0.6414085,-0.24495697,3
867234605335778,2024-03-07T17:41:45.734Z,gyroscope sensor uncalibrated,0.23701571,0.66523224,-0.38728857,0.23701571,0.66523224,-0.38728857,3
867234615334544,2024-03-07T17:41:45.744Z,gyroscope sensor uncalibrated,0.12034045,0.54000485,-0.43127087,0.12034045,0.54000485,-0.43127087,3
867234625333310,2024-03-07T17:41:45.754Z,gyroscope sensor uncalibrated,0.12522738,0.34147367,-0.3830125,0.12522738,0.34147367,-0.3830125,3
867234635332010,2024-03-07T17:41:45.764Z,gyroscope sensor uncalibrated,0.2284636,0.16798794,-0.2657264,0.2284636,0.16798794,-0.2657264,3
867234645330776,2024-03-07T17:41:45.774Z,gyroscope sensor uncalibrated,0.36651915,-0.051923547,-0.10262536,0.36651915,-0.051923547,-0.10262536,3
867234655329542,2024-03-07T17:41:45.784Z,gyroscope sensor uncalibrated,0.45937067,-0.32986724,0.06719518,0.45937067,-0.32986724,0.06719518,3
867234665328242,2024-03-07T17:41:45.794Z,gyroscope sensor uncalibrated,0.44165558,-0.61636305,0.20525073,0.44165558,-0.61636305,0.20525073,3
867234675327008,2024-03-07T17:41:45.804Z,gyroscope sensor uncalibrated,0.35246924,-0.8570439,0.2687807,0.35246924,-0.8570439,0.2687807,3
867234685325774,2024-03-07T17:41:45.814Z,gyroscope sensor uncalibrated,0.23945917,-0.9859365,0.2510656,0.23945917,-0.9859365,0.2510656,3
867234695324540,2024-03-07T17:41:45.824Z,gyroscope sensor uncalibrated,0.0983493,-0.9633345,0.18936823,0.0983493,-0.9633345,0.18936823,3
867234705323306,2024-03-07T17:41:45.834Z,gyroscope sensor uncalibrated,-0.0720821,-0.79290307,0.11178834,-0.0720821,-0.79290307,0.11178834,3
867234715322072,2024-03-07T17:41:45.844Z,gyroscope sensor uncalibrated,-0.24007004,-0.5345071,0.04337143,-0.24007004,-0.5345071,0.04337143,3
867234725320838,2024-03-07T17:41:45.854Z,gyroscope sensor uncalibrated,-0.2938262,-0.312763,-0.03176499,-0.2938262,-0.312763,-0.03176499,3
867234735319604,2024-03-07T17:41:45.864Z,gyroscope sensor uncalibrated,-0.20219639,-0.1459968,-0.08857546,-0.20219639,-0.1459968,-0.08857546,3
867234745318304,2024-03-07T17:41:45.874Z,gyroscope sensor uncalibrated,-0.04337143,-0.05375614,-0.0983493,-0.04337143,-0.05375614,-0.0983493,3
867234755317070,2024-03-07T17:41:45.884Z,gyroscope sensor uncalibrated,0.1441642,0.025045475,-0.05131268,0.1441642,0.025045475,-0.05131268,3
867234765315870,2024-03-07T17:41:45.894Z,gyroscope sensor uncalibrated,0.28710666,0.08552113,0.062308256,0.28710666,0.08552113,0.062308256,3
867234775314636,2024-03-07T17:41:45.904Z,gyroscope sensor uncalibrated,0.4251622,0.14049901,0.22540927,0.4251622,0.14049901,0.22540927,3
867234785313469,2024-03-07T17:41:45.914Z,gyroscope sensor uncalibrated,0.44348818,0.16371189,0.28588495,0.44348818,0.16371189,0.28588495,3
867234795312369,2024-03-07T17:41:45.924Z,gyroscope sensor uncalibrated,0.41172317,0.18509217,0.2828306,0.41172317,0.18509217,0.2828306,3
867234805311202,2024-03-07T17:41:45.934Z,gyroscope sensor uncalibrated,0.3268129,0.21991149,0.24617869,0.3268129,0.21991149,0.24617869,3
867234815310102,2024-03-07T17:41:45.944Z,gyroscope sensor uncalibrated,0.20708331,0.25167647,0.20525073,0.20708331,0.25167647,0.20525073,3
867234825309002,2024-03-07T17:41:45.954Z,gyroscope sensor uncalibrated,0.116675265,0.25900686,0.1600467,0.116675265,0.25900686,0.1600467,3
867234835307902,2024-03-07T17:41:45.964Z,gyroscope sensor uncalibrated,0.06414085,0.24801129,0.111177474,0.06414085,0.24801129,0.111177474,3
867234845306802,2024-03-07T17:41:45.974Z,gyroscope sensor uncalibrated,0.031154128,0.25045475,0.070249505,0.031154128,0.25045475,0.070249505,3
867234855305668,2024-03-07T17:41:45.983Z,gyroscope sensor uncalibrated,-0.004886922,0.28588495,0.03970624,-0.004886922,0.28588495,0.03970624,3
867234865304534,2024-03-07T17:41:45.994Z,gyroscope sensor uncalibrated,-0.03970624,0.35369098,0.009162978,-0.03970624,0.35369098,0.009162978,3
867234875303400,2024-03-07T17:41:46.004Z,gyroscope sensor uncalibrated,-0.08979719,0.4129449,-0.015882496,-0.08979719,0.4129449,-0.015882496,3
867234885302200,2024-03-07T17:41:46.014Z,gyroscope sensor uncalibrated,-0.15149458,0.43066,-0.037873644,-0.15149458,0.43066,-0.037873644,3
867234895301066,2024-03-07T17:41:46.024Z,gyroscope sensor uncalibrated,-0.1881465,0.3817908,-0.040927973,-0.1881465,0.3817908,-0.040927973,3
867234905299932,2024-03-07T17:41:46.034Z,gyroscope sensor uncalibrated,-0.16249016,0.28771752,-0.009773844,-0.16249016,0.28771752,-0.009773844,3
867234915298732,2024-03-07T17:41:46.044Z,gyroscope sensor uncalibrated,-0.06291912,0.22907446,0.05681047,-0.06291912,0.22907446,0.05681047,3
867234925297598,2024-03-07T17:41:46.054Z,gyroscope sensor uncalibrated,0.02076942,0.2406809,0.15088372,0.02076942,0.2406809,0.15088372,3
867234935296464,2024-03-07T17:41:46.064Z,gyroscope sensor uncalibrated,-0.0018325958,0.2846632,0.25350907,-0.0018325958,0.2846632,0.25350907,3
867234945295330,2024-03-07T17:41:46.074Z,gyroscope sensor uncalibrated,-0.064751714,0.3145956,0.31520647,-0.064751714,0.3145956,0.31520647,3
867234955294196,2024-03-07T17:41:46.084Z,gyroscope sensor uncalibrated,-0.10873401,0.3213151,0.33292156,-0.10873401,0.3213151,0.33292156,3
867234965293062,2024-03-07T17:41:46.094Z,gyroscope sensor uncalibrated,-0.1142318,0.26939157,0.32375857,-0.1142318,0.26939157,0.32375857,3
867234975291928,2024-03-07T17:41:46.104Z,gyroscope sensor uncalibrated,-0.08857546,0.1563815,0.33169982,-0.08857546,0.1563815,0.33169982,3
867234985290794,2024-03-07T17:41:46.114Z,gyroscope sensor uncalibrated,-0.025045475,0.019547688,0.37018433,-0.025045475,0.019547688,0.37018433,3
867234995289594,2024-03-07T17:41:46.124Z,gyroscope sensor uncalibrated,0.05681047,-0.18448131,0.4801401,0.05681047,-0.18448131,0.4801401,3
867235005288460,2024-03-07T17:41:46.134Z,gyroscope sensor uncalibrated,0.047036625,-0.2761111,0.5662721,0.047036625,-0.2761111,0.5662721,3
867235015287326,2024-03-07T17:41:46.144Z,gyroscope sensor uncalibrated,0.04886922,-0.36651915,0.65057147,0.04886922,-0.36651915,0.65057147,3
867235025286126,2024-03-07T17:41:46.154Z,gyroscope sensor uncalibrated,0.1142318,-0.36774087,0.729984,0.1142318,-0.36774087,0.729984,3
867235035284992,2024-03-07T17:41:46.164Z,gyroscope sensor uncalibrated,0.24923302,-0.13255776,0.82650065,0.24923302,-0.13255776,0.82650065,3
867235045283858,2024-03-07T17:41:46.174Z,gyroscope sensor uncalibrated,0.37751472,0.124005646,0.9077458,0.37751472,0.124005646,0.9077458,3
867235055282658,2024-03-07T17:41:46.184Z,gyroscope sensor uncalibrated,0.46914452,0.22602014,0.93523467,0.46914452,0.22602014,0.93523467,3
867235065281491,2024-03-07T17:41:46.194Z,gyroscope sensor uncalibrated,0.52473325,0.2950479,0.9462303,0.52473325,0.2950479,0.9462303,3
867235075280291,2024-03-07T17:41:46.204Z,gyroscope sensor uncalibrated,0.548557,0.39095375,0.956615,0.548557,0.39095375,0.956615,3
867235085279091,2024-03-07T17:41:46.214Z,gyroscope sensor uncalibrated,0.5009095,0.47769663,0.9431759,0.5009095,0.47769663,0.9431759,3
867235095277824,2024-03-07T17:41:46.224Z,gyroscope sensor uncalibrated,0.32742378,0.539394,0.84665924,0.32742378,0.539394,0.84665924,3
867235105276557,2024-03-07T17:41:46.234Z,gyroscope sensor uncalibrated,0.11056661,0.5742133,0.589485,0.11056661,0.5742133,0.589485,3
867235115275290,2024-03-07T17:41:46.244Z,gyroscope sensor uncalibrated,-0.14049901,0.5882632,0.21197024,-0.14049901,0.5882632,0.21197024,3
867235125274023,2024-03-07T17:41:46.254Z,gyroscope sensor uncalibrated,-0.40439278,0.5332854,-0.18387043,-0.40439278,0.5332854,-0.18387043,3
867235135272689,2024-03-07T17:41:46.264Z,gyroscope sensor uncalibrated,-0.65240407,0.44043383,-0.53023106,-0.65240407,0.44043383,-0.53023106,3
867235145271422,2024-03-07T17:41:46.273Z,gyroscope sensor uncalibrated,-0.8191703,0.3145956,-0.72143185,-0.8191703,0.3145956,-0.72143185,3
867235155269455,2024-03-07T17:41:46.284Z,gyroscope sensor uncalibrated,-0.8332202,0.17287487,-0.7874053,-0.8332202,0.17287487,-0.7874053,3
867235165267188,2024-03-07T17:41:46.294Z,gyroscope sensor uncalibrated,-0.75869465,0.040317107,-0.7690793,-0.75869465,0.040317107,-0.7690793,3
867235175265221,2024-03-07T17:41:46.304Z,gyroscope sensor uncalibrated,-0.65057147,-0.10934488,-0.7263188,-0.65057147,-0.10934488,-0.7263188,3
867235185263054,2024-03-07T17:41:46.314Z,gyroscope sensor uncalibrated,-0.54061574,-0.27977628,-0.6597345,-0.54061574,-0.27977628,-0.6597345,3
867235195260887,2024-03-07T17:41:46.324Z,gyroscope sensor uncalibrated,-0.48808134,-0.46609017,-0.571159,-0.48808134,-0.46609017,-0.571159,3
867235205260253,2024-03-07T17:41:46.334Z,gyroscope sensor uncalibrated,-0.3915646,-0.6914995,-0.48624873,-0.3915646,-0.6914995,-0.48624873,3
867235215259019,2024-03-07T17:41:46.344Z,gyroscope sensor uncalibrated,-0.3213151,-0.7122689,-0.43493605,-0.3213151,-0.7122689,-0.43493605,3
867235225257785,2024-03-07T17:41:46.354Z,gyroscope sensor uncalibrated,-0.2932153,-0.66523224,-0.344528,-0.2932153,-0.66523224,-0.344528,3
867235235255851,2024-03-07T17:41:46.363Z,gyroscope sensor uncalibrated,-0.30787608,-0.61636305,-0.26206118,-0.30787608,-0.61636305,-0.26206118,3
867235245254551,2024-03-07T17:41:46.374Z,gyroscope sensor uncalibrated,-0.34025195,-0.58276546,-0.22479841,-0.34025195,-0.58276546,-0.22479841,3
867235255253317,2024-03-07T17:41:46.384Z,gyroscope sensor uncalibrated,-0.35308012,-0.56321776,-0.22968534,-0.35308012,-0.56321776,-0.22968534,3
867235265252083,2024-03-07T17:41:46.394Z,gyroscope sensor uncalibrated,-0.35246924,-0.5448918,-0.26083946,-0.35246924,-0.5448918,-0.26083946,3
867235275250783,2024-03-07T17:41:46.404Z,gyroscope sensor uncalibrated,-0.3494149,-0.5271767,-0.30115658,-0.3494149,-0.5271767,-0.30115658,3
867235285249549,2024-03-07T17:41:46.414Z,gyroscope sensor uncalibrated,-0.34025195,-0.50762904,-0.34513888,-0.34025195,-0.50762904,-0.34513888,3
867235295248315,2024-03-07T17:41:46.424Z,gyroscope sensor uncalibrated,-0.31520647,-0.48808134,-0.39461896,-0.31520647,-0.48808134,-0.39461896,3
867235305247015,2024-03-07T17:41:46.434Z,gyroscope sensor uncalibrated,-0.26511553,-0.46975538,-0.45753807,-0.26511553,-0.46975538,-0.45753807,3
867235315245781,2024-03-07T17:41:46.444Z,gyroscope sensor uncalibrated,-0.21319197,-0.44165558,-0.5137377,-0.21319197,-0.44165558,-0.5137377,3
867235325244547,2024-03-07T17:41:46.453Z,gyroscope sensor uncalibrated,-0.19242255,-0.39522982,-0.52656585,-0.19242255,-0.39522982,-0.52656585,3
867235335243313,2024-03-07T17:41:46.464Z,gyroscope sensor uncalibrated,-0.18936823,-0.3475823,-0.4905248,-0.18936823,-0.3475823,-0.4905248,3
867235345242079,2024-03-07T17:41:46.474Z,gyroscope sensor uncalibrated,-0.14172074,-0.29443705,-0.4538729,-0.14172074,-0.29443705,-0.4538729,3
867235355240845,2024-03-07T17:41:46.484Z,gyroscope sensor uncalibrated,-0.07819075,-0.22540927,-0.4129449,-0.07819075,-0.22540927,-0.4129449,3
867235365239611,2024-03-07T17:41:46.494Z,gyroscope sensor uncalibrated,-0.02443461,-0.12889257,-0.35613444,-0.02443461,-0.12889257,-0.35613444,3
867235375238377,2024-03-07T17:41:46.504Z,gyroscope sensor uncalibrated,0.0036651916,-0.0012217305,-0.2773328,0.0036651916,-0.0012217305,-0.2773328,3
867235385237077,2024-03-07T17:41:46.513Z,gyroscope sensor uncalibrated,0.017104227,0.14049901,-0.18142697,0.017104227,0.14049901,-0.18142697,3
867235395235843,2024-03-07T17:41:46.524Z,gyroscope sensor uncalibrated,0.045814894,0.28160888,-0.092240654,0.045814894,0.28160888,-0.092240654,3
867235405234609,2024-03-07T17:41:46.534Z,gyroscope sensor uncalibrated,0.09896017,0.40378192,-0.019547688,0.09896017,0.40378192,-0.019547688,3
867235415233309,2024-03-07T17:41:46.544Z,gyroscope sensor uncalibrated,0.17470746,0.50518554,0.058643065,0.17470746,0.50518554,0.058643065,3
867235425232075,2024-03-07T17:41:46.553Z,gyroscope sensor uncalibrated,0.20463985,0.539394,0.11728613,0.20463985,0.539394,0.11728613,3
867235435230841,2024-03-07T17:41:46.563Z,gyroscope sensor uncalibrated,0.2406809,0.5626069,0.1863139,0.2406809,0.5626069,0.1863139,3
867235445229607,2024-03-07T17:41:46.574Z,gyroscope sensor uncalibrated,0.2773328,0.571159,0.25167647,0.2773328,0.571159,0.25167647,3
867235455229073,2024-03-07T17:41:46.584Z,gyroscope sensor uncalibrated,0.3115413,0.5882632,0.3036,0.3115413,0.5882632,0.3036,3
867235465228773,2024-03-07T17:41:46.594Z,gyroscope sensor uncalibrated,0.36163223,0.6102544,0.31337386,0.36163223,0.6102544,0.31337386,3
867235475228239,2024-03-07T17:41:46.604Z,gyroscope sensor uncalibrated,0.41355577,0.6017023,0.2669481,0.41355577,0.6017023,0.2669481,3
867235485227905,2024-03-07T17:41:46.614Z,gyroscope sensor uncalibrated,0.45998153,0.5510005,0.204029,0.45998153,0.5510005,0.204029,3
867235495227505,2024-03-07T17:41:46.624Z,gyroscope sensor uncalibrated,0.5002986,0.44776422,0.11728613,0.5002986,0.44776422,0.11728613,3
867235505225638,2024-03-07T17:41:46.634Z,gyroscope sensor uncalibrated,0.47952923,0.28405234,0.018325957,0.47952923,0.28405234,0.018325957,3
867235515224371,2024-03-07T17:41:46.644Z,gyroscope sensor uncalibrated,0.35185838,0.076358154,-0.11362094,0.35185838,0.076358154,-0.11362094,3
867235525223037,2024-03-07T17:41:46.654Z,gyroscope sensor uncalibrated,0.1337795,-0.13561209,-0.27305678,0.1337795,-0.13561209,-0.27305678,3
867235535222470,2024-03-07T17:41:46.664Z,gyroscope sensor uncalibrated,-0.07452556,-0.31337386,-0.44348818,-0.07452556,-0.31337386,-0.44348818,3
867235545221203,2024-03-07T17:41:46.673Z,gyroscope sensor uncalibrated,-0.19547687,-0.44959682,-0.59315014,-0.19547687,-0.44959682,-0.59315014,3
867235555219869,2024-03-07T17:41:46.684Z,gyroscope sensor uncalibrated,-0.22113322,-0.5589417,-0.6786713,-0.22113322,-0.5589417,-0.6786713,3
867235565218602,2024-03-07T17:41:46.694Z,gyroscope sensor uncalibrated,-0.17837265,-0.66950834,-0.6713409,-0.17837265,-0.66950834,-0.6713409,3
867235575217335,2024-03-07T17:41:46.704Z,gyroscope sensor uncalibrated,-0.09101892,-0.8008443,-0.5858198,-0.09101892,-0.8008443,-0.5858198,3
867235585216068,2024-03-07T17:41:46.713Z,gyroscope sensor uncalibrated,0.02076942,-0.93523467,-0.44959682,0.02076942,-0.93523467,-0.44959682,3
867235595214834,2024-03-07T17:41:46.724Z,gyroscope sensor uncalibrated,0.1142318,-1.0604621,-0.29993483,0.1142318,-1.0604621,-0.29993483,3
867235605213600,2024-03-07T17:41:46.733Z,gyroscope sensor uncalibrated,0.19975294,-1.1087204,-0.18387043,0.19975294,-1.1087204,-0.18387043,3
867235615212366,2024-03-07T17:41:46.743Z,gyroscope sensor uncalibrated,0.28344148,-0.9859365,-0.10629055,0.28344148,-0.9859365,-0.10629055,3
867235625211132,2024-03-07T17:41:46.753Z,gyroscope sensor uncalibrated,0.3744604,-0.43860126,-0.06047566,0.3744604,-0.43860126,-0.06047566,3
867235635209832,2024-03-07T17:41:46.764Z,gyroscope sensor uncalibrated,0.44104472,-0.052534413,-0.08368854,0.44104472,-0.052534413,-0.08368854,3
867235645208598,2024-03-07T17:41:46.774Z,gyroscope sensor uncalibrated,0.54183745,0.24984388,-0.100792766,0.54183745,0.24984388,-0.100792766,3
867235655207364,2024-03-07T17:41:46.784Z,gyroscope sensor uncalibrated,0.63224554,0.54611355,-0.08368854,0.63224554,0.54611355,-0.08368854,3
867235665206064,2024-03-07T17:41:46.794Z,gyroscope sensor uncalibrated,0.63224554,0.84482664,-0.021991149,0.63224554,0.84482664,-0.021991149,3
867235675204830,2024-03-07T17:41:46.804Z,gyroscope sensor uncalibrated,0.4709771,1.0671816,0.059864793,0.4709771,1.0671816,0.059864793,3
867235685203596,2024-03-07T17:41:46.814Z,gyroscope sensor uncalibrated,0.30726522,1.1050552,0.028710667,0.30726522,1.1050552,0.028710667,3
867235695202362,2024-03-07T17:41:46.824Z,gyroscope sensor uncalibrated,0.12889257,1.0207558,-0.08246681,0.12889257,1.0207558,-0.08246681,3
867235705201128,2024-03-07T17:41:46.834Z,gyroscope sensor uncalibrated,-0.02443461,0.77640975,-0.22479841,-0.02443461,0.77640975,-0.22479841,3
867235715199894,2024-03-07T17:41:46.844Z,gyroscope sensor uncalibrated,-0.11362094,0.49235737,-0.26633725,-0.11362094,0.49235737,-0.26633725,3
867235725198660,2024-03-07T17:41:46.854Z,gyroscope sensor uncalibrated,-0.13561209,0.24740042,-0.20097467,-0.13561209,0.24740042,-0.20097467,3
867235735197426,2024-03-07T17:41:46.864Z,gyroscope sensor uncalibrated,-0.06780604,0.032375857,-0.06352998,-0.06780604,0.032375857,-0.06352998,3
867235745196126,2024-03-07T17:41:46.873Z,gyroscope sensor uncalibrated,0.037873644,-0.18692477,0.08552113,0.037873644,-0.18692477,0.08552113,3
867235755194892,2024-03-07T17:41:46.884Z,gyroscope sensor uncalibrated,0.077579886,-0.42577308,0.22602014,0.077579886,-0.42577308,0.22602014,3
867235765193658,2024-03-07T17:41:46.894Z,gyroscope sensor uncalibrated,0.047036625,-0.66645396,0.3023783,0.047036625,-0.66645396,0.3023783,3
867235775192358,2024-03-07T17:41:46.904Z,gyroscope sensor uncalibrated,-0.015882496,-0.8240572,0.267559,-0.015882496,-0.8240572,0.267559,3
867235785191124,2024-03-07T17:41:46.914Z,gyroscope sensor uncalibrated,-0.14966199,-0.8417723,0.16554448,-0.14966199,-0.8417723,0.16554448,3
867235795189890,2024-03-07T17:41:46.923Z,gyroscope sensor uncalibrated,-0.32498032,-0.7464773,0.0421497,-0.32498032,-0.7464773,0.0421497,3
867235805188623,2024-03-07T17:41:46.934Z,gyroscope sensor uncalibrated,-0.46181414,-0.593761,-0.06291912,-0.46181414,-0.593761,-0.06291912,3
867235815187423,2024-03-07T17:41:46.944Z,gyroscope sensor uncalibrated,-0.4813618,-0.45998153,-0.11789699,-0.4813618,-0.45998153,-0.11789699,3
867235825186323,2024-03-07T17:41:46.954Z,gyroscope sensor uncalibrated,-0.35430184,-0.38606682,-0.13316862,-0.35430184,-0.38606682,-0.13316862,3
867235835185223,2024-03-07T17:41:46.964Z,gyroscope sensor uncalibrated,-0.08307768,-0.30909783,-0.044593163,-0.08307768,-0.30909783,-0.044593163,3
867235845184189,2024-03-07T17:41:46.974Z,gyroscope sensor uncalibrated,0.050701816,-0.25411993,0.059253927,0.050701816,-0.25411993,0.059253927,3
867235855183189,2024-03-07T17:41:46.984Z,gyroscope sensor uncalibrated,0.13316862,-0.19120082,0.14782938,0.13316862,-0.19120082,0.14782938,3
867235865182189,2024-03-07T17:41:46.993Z,gyroscope sensor uncalibrated,0.15271631,-0.12217305,0.21563543,0.15271631,-0.12217305,0.21563543,3
867235875181222,2024-03-07T17:41:47.004Z,gyroscope sensor uncalibrated,0.116675265,-0.06536258,0.25228736,0.116675265,-0.06536258,0.25228736,3
867235885180222,2024-03-07T17:41:47.014Z,gyroscope sensor uncalibrated,0.055588737,-0.013439035,0.24740042,0.055588737,-0.013439035,0.24740042,3
867235895179255,2024-03-07T17:41:47.024Z,gyroscope sensor uncalibrated,-0.018325957,0.040317107,0.2144137,-0.018325957,0.040317107,0.2144137,3
867235905178355,2024-03-07T17:41:47.034Z,gyroscope sensor uncalibrated,-0.10140363,0.07880162,0.17959438,-0.10140363,0.07880162,0.17959438,3
867235915177388,2024-03-07T17:41:47.044Z,gyroscope sensor uncalibrated,-0.15943582,0.095294975,0.13561209,-0.15943582,0.095294975,0.13561209,3
867235925176488,2024-03-07T17:41:47.054Z,gyroscope sensor uncalibrated,-0.18020524,0.1001819,0.06780604,-0.18020524,0.1001819,0.06780604,3
867235935175588,2024-03-07T17:41:47.064Z,gyroscope sensor uncalibrated,-0.18020524,0.100792766,-0.0067195175,-0.18020524,0.100792766,-0.0067195175,3
867235945174688,2024-03-07T17:41:47.074Z,gyroscope sensor uncalibrated,-0.18570304,0.09468412,-0.07147124,-0.18570304,0.09468412,-0.07147124,3
867235955173788,2024-03-07T17:41:47.083Z,gyroscope sensor uncalibrated,-0.20280726,0.086132,-0.12095132,-0.20280726,0.086132,-0.12095132,3
867235965172888,2024-03-07T17:41:47.094Z,gyroscope sensor uncalibrated,-0.20952678,0.077579886,-0.15210545,-0.20952678,0.077579886,-0.15210545,3
867235975171988,2024-03-07T17:41:47.104Z,gyroscope sensor uncalibrated,-0.1863139,0.07513642,-0.16187929,-0.1863139,0.07513642,-0.16187929,3
867235985171088,2024-03-07T17:41:47.113Z,gyroscope sensor uncalibrated,-0.12522738,0.095294975,-0.1459968,-0.12522738,0.095294975,-0.1459968,3
867235995170121,2024-03-07T17:41:47.124Z,gyroscope sensor uncalibrated,-0.06169739,0.13439035,-0.099571034,-0.06169739,0.13439035,-0.099571034,3
867236005169221,2024-03-07T17:41:47.134Z,gyroscope sensor uncalibrated,-0.021380283,0.15393804,-0.03848451,-0.021380283,0.15393804,-0.03848451,3
867236015168321,2024-03-07T17:41:47.144Z,gyroscope sensor uncalibrated,-0.016493361,0.1441642,0.023823744,-0.016493361,0.1441642,0.023823744,3
867236025167354,2024-03-07T17:41:47.154Z,gyroscope sensor uncalibrated,-0.04642576,0.12461651,0.076358154,-0.04642576,0.12461651,0.076358154,3
867236035166454,2024-03-07T17:41:47.164Z,gyroscope sensor uncalibrated,-0.10140363,0.118507855,0.12034045,-0.10140363,0.118507855,0.12034045,3
867236045165554,2024-03-07T17:41:47.174Z,gyroscope sensor uncalibrated,-0.13927728,0.12767084,0.15271631,-0.13927728,0.12767084,0.15271631,3
867236055164587,2024-03-07T17:41:47.183Z,gyroscope sensor uncalibrated,-0.10934488,0.13194689,0.18570304,-0.10934488,0.13194689,0.18570304,3
867236065163687,2024-03-07T17:41:47.194Z,gyroscope sensor uncalibrated,-0.035430185,0.093462385,0.22479841,-0.035430185,0.093462385,0.22479841,3
867236075162787,2024-03-07T17:41:47.204Z,gyroscope sensor uncalibrated,0.05131268,0.031154128,0.27672195,0.05131268,0.031154128,0.27672195,3
867236085161887,2024-03-07T17:41:47.214Z,gyroscope sensor uncalibrated,0.115453534,-0.036651913,0.34025195,0.115453534,-0.036651913,0.34025195,3
867236095160987,2024-03-07T17:41:47.224Z,gyroscope sensor uncalibrated,0.124005646,-0.10445796,0.4111123,0.124005646,-0.10445796,0.4111123,3
867236105160053,2024-03-07T17:41:47.234Z,gyroscope sensor uncalibrated,0.09773844,-0.23945917,0.46731192,0.09773844,-0.23945917,0.46731192,3
867236115159119,2024-03-07T17:41:47.244Z,gyroscope sensor uncalibrated,0.04886922,-0.49846604,0.48258355,0.04886922,-0.49846604,0.48258355,3
867236125158085,2024-03-07T17:41:47.254Z,gyroscope sensor uncalibrated,-0.021991149,-0.83077675,0.46609017,-0.021991149,-0.83077675,0.46609017,3
867236135156985,2024-03-07T17:41:47.264Z,gyroscope sensor uncalibrated,-0.093462385,-1.1301007,0.45204028,-0.093462385,-1.1301007,0.45204028,3
867236145155885,2024-03-07T17:41:47.274Z,gyroscope sensor uncalibrated,-0.15577064,-1.2687671,0.4184427,-0.15577064,-1.2687671,0.4184427,3
867236155154051,2024-03-07T17:41:47.284Z,gyroscope sensor uncalibrated,-0.16982053,-1.1844677,0.4025602,-0.16982053,-1.1844677,0.4025602,3
867236165152351,2024-03-07T17:41:47.294Z,gyroscope sensor uncalibrated,-0.15943582,-0.9126327,0.38728857,-0.15943582,-0.9126327,0.38728857,3
867236175150484,2024-03-07T17:41:47.304Z,gyroscope sensor uncalibrated,-0.13988814,-0.50823987,0.39461896,-0.13988814,-0.50823987,0.39461896,3
867236185148350,2024-03-07T17:41:47.314Z,gyroscope sensor uncalibrated,-0.18325958,-0.035430185,0.45875978,-0.18325958,-0.035430185,0.45875978,3
867236195147150,2024-03-07T17:41:47.324Z,gyroscope sensor uncalibrated,-0.31642818,0.3231477,0.40683624,-0.31642818,0.3231477,0.40683624,3
867236205145883,2024-03-07T17:41:47.334Z,gyroscope sensor uncalibrated,-0.40683624,0.48991394,0.25595254,-0.40683624,0.48991394,0.25595254,3
867236215144616,2024-03-07T17:41:47.344Z,gyroscope sensor uncalibrated,-0.35979962,0.5815437,0.13133603,-0.35979962,0.5815437,0.13133603,3
867236225143349,2024-03-07T17:41:47.354Z,gyroscope sensor uncalibrated,-0.23640485,0.70554936,0.09712757,-0.23640485,0.70554936,0.09712757,3
867236235141382,2024-03-07T17:41:47.364Z,gyroscope sensor uncalibrated,-0.11789699,0.8570439,0.14721853,-0.11789699,0.8570439,0.14721853,3
867236245140082,2024-03-07T17:41:47.373Z,gyroscope sensor uncalibrated,-0.014049901,0.9737192,0.19975294,-0.014049901,0.9737192,0.19975294,3
867236255138848,2024-03-07T17:41:47.384Z,gyroscope sensor uncalibrated,0.047647487,1.0140363,0.20830505,0.047647487,1.0140363,0.20830505,3
867236265137614,2024-03-07T17:41:47.394Z,gyroscope sensor uncalibrated,0.021380283,0.95722586,0.12644911,0.021380283,0.95722586,0.12644911,3
867236275136314,2024-03-07T17:41:47.404Z,gyroscope sensor uncalibrated,-0.021991149,0.86193085,0.02076942,-0.021991149,0.86193085,0.02076942,3
867236285135080,2024-03-07T17:41:47.414Z,gyroscope sensor uncalibrated,-0.056199603,0.68966687,-0.06841691,-0.056199603,0.68966687,-0.06841691,3
867236295133846,2024-03-07T17:41:47.424Z,gyroscope sensor uncalibrated,-0.049480084,0.38606682,-0.040927973,-0.049480084,0.38606682,-0.040927973,3
867236305132546,2024-03-07T17:41:47.434Z,gyroscope sensor uncalibrated,0.04642576,0.009773844,0.05681047,0.04642576,0.009773844,0.05681047,3
867236315131312,2024-03-07T17:41:47.444Z,gyroscope sensor uncalibrated,0.15088372,-0.29565877,0.13988814,0.15088372,-0.29565877,0.13988814,3
867236325130078,2024-03-07T17:41:47.454Z,gyroscope sensor uncalibrated,0.18142697,-0.52534413,0.16187929,0.18142697,-0.52534413,0.16187929,3
867236335128844,2024-03-07T17:41:47.464Z,gyroscope sensor uncalibrated,0.16187929,-0.6536258,0.07391469,0.16187929,-0.6536258,0.07391469,3
867236345127610,2024-03-07T17:41:47.473Z,gyroscope sensor uncalibrated,0.106901415,-0.679893,-0.059253927,0.106901415,-0.679893,-0.059253927,3
867236355126376,2024-03-07T17:41:47.484Z,gyroscope sensor uncalibrated,-0.04886922,-0.61941737,-0.14477506,-0.04886922,-0.61941737,-0.14477506,3
867236365125142,2024-03-07T17:41:47.494Z,gyroscope sensor uncalibrated,-0.18875736,-0.52595496,-0.23335053,-0.18875736,-0.52595496,-0.23335053,3
867236375123908,2024-03-07T17:41:47.504Z,gyroscope sensor uncalibrated,-0.22785273,-0.40622538,-0.32803464,-0.22785273,-0.40622538,-0.32803464,3
867236385122608,2024-03-07T17:41:47.514Z,gyroscope sensor uncalibrated,-0.18570304,-0.2657264,-0.38545597,-0.18570304,-0.2657264,-0.38545597,3
867236395121374,2024-03-07T17:41:47.524Z,gyroscope sensor uncalibrated,-0.108123146,-0.13561209,-0.38728857,-0.108123146,-0.13561209,-0.38728857,3
867236405120140,2024-03-07T17:41:47.534Z,gyroscope sensor uncalibrated,0.008552114,-0.034208454,-0.3659083,0.008552114,-0.034208454,-0.3659083,3
867236415118840,2024-03-07T17:41:47.544Z,gyroscope sensor uncalibrated,0.1423316,0.03970624,-0.3652974,0.1423316,0.03970624,-0.3652974,3
867236425117606,2024-03-07T17:41:47.554Z,gyroscope sensor uncalibrated,0.21502456,0.09407325,-0.34880406,0.21502456,0.09407325,-0.34880406,3
867236435116372,2024-03-07T17:41:47.564Z,gyroscope sensor uncalibrated,0.2406809,0.11789699,-0.3304781,0.2406809,0.11789699,-0.3304781,3
867236445115138,2024-03-07T17:41:47.574Z,gyroscope sensor uncalibrated,0.2761111,0.12522738,-0.32803464,0.2761111,0.12522738,-0.32803464,3
867236455114604,2024-03-07T17:41:47.584Z,gyroscope sensor uncalibrated,0.32559118,0.14782938,-0.33292156,0.32559118,0.14782938,-0.33292156,3
867236465113870,2024-03-07T17:41:47.594Z,gyroscope sensor uncalibrated,0.3323107,0.20830505,-0.29077184,0.3323107,0.20830505,-0.29077184,3
867236475113336,2024-03-07T17:41:47.604Z,gyroscope sensor uncalibrated,0.3200934,0.32803464,-0.16920967,0.3200934,0.32803464,-0.16920967,3
867236485113036,2024-03-07T17:41:47.614Z,gyroscope sensor uncalibrated,0.3200934,0.40622538,-0.08307768,0.3200934,0.40622538,-0.08307768,3
867236495111736,2024-03-07T17:41:47.624Z,gyroscope sensor uncalibrated,0.3231477,0.47158796,-0.0030543262,0.3231477,0.47158796,-0.0030543262,3
867236505110502,2024-03-07T17:41:47.634Z,gyroscope sensor uncalibrated,0.32925636,0.50823987,0.05681047,0.32925636,0.50823987,0.05681047,3
867236515109268,2024-03-07T17:41:47.644Z,gyroscope sensor uncalibrated,0.32070425,0.52534413,0.10140363,0.32070425,0.52534413,0.10140363,3
867236525107968,2024-03-07T17:41:47.653Z,gyroscope sensor uncalibrated,0.2950479,0.5314528,0.14782938,0.2950479,0.5314528,0.14782938,3
867236535107434,2024-03-07T17:41:47.664Z,gyroscope sensor uncalibrated,0.28344148,0.5296202,0.18753563,0.28344148,0.5296202,0.18753563,3
867236545106167,2024-03-07T17:41:47.674Z,gyroscope sensor uncalibrated,0.29077184,0.5375614,0.22418754,0.29077184,0.5375614,0.22418754,3
867236555104833,2024-03-07T17:41:47.683Z,gyroscope sensor uncalibrated,0.33169982,0.5235115,0.2406809,0.33169982,0.5235115,0.2406809,3
867236565103566,2024-03-07T17:41:47.694Z,gyroscope sensor uncalibrated,0.3830125,0.5021312,0.1966986,0.3830125,0.5021312,0.1966986,3
867236575102299,2024-03-07T17:41:47.704Z,gyroscope sensor uncalibrated,0.36713,0.48258355,0.14110987,0.36713,0.48258355,0.14110987,3
867236585101032,2024-03-07T17:41:47.714Z,gyroscope sensor uncalibrated,0.32986724,0.43310347,0.05009095,0.32986724,0.43310347,0.05009095,3
867236595099765,2024-03-07T17:41:47.724Z,gyroscope sensor uncalibrated,0.29443705,0.3036,-0.08857546,0.29443705,0.3036,-0.08857546,3
867236605098498,2024-03-07T17:41:47.733Z,gyroscope sensor uncalibrated,0.1966986,0.077579886,-0.23884831,0.1966986,0.077579886,-0.23884831,3
867236615097231,2024-03-07T17:41:47.744Z,gyroscope sensor uncalibrated,0.01038471,-0.18753563,-0.3585779,0.01038471,-0.18753563,-0.3585779,3
867236625095964,2024-03-07T17:41:47.754Z,gyroscope sensor uncalibrated,-0.1704314,-0.3933972,-0.4447099,-0.1704314,-0.3933972,-0.4447099,3
867236635094630,2024-03-07T17:41:47.764Z,gyroscope sensor uncalibrated,-0.23884831,-0.49174652,-0.5027421,-0.23884831,-0.49174652,-0.5027421,3
867236645093363,2024-03-07T17:41:47.774Z,gyroscope sensor uncalibrated,-0.22052236,-0.52473325,-0.50762904,-0.22052236,-0.52473325,-0.50762904,3
867236655092129,2024-03-07T17:41:47.784Z,gyroscope sensor uncalibrated,-0.16798794,-0.5491679,-0.4550946,-0.16798794,-0.5491679,-0.4550946,3
867236665090829,2024-03-07T17:41:47.794Z,gyroscope sensor uncalibrated,-0.089186326,-0.6426302,-0.37018433,-0.089186326,-0.6426302,-0.37018433,3
867236675089595,2024-03-07T17:41:47.804Z,gyroscope sensor uncalibrated,-0.015271631,-0.6621779,-0.27305678,-0.015271631,-0.6621779,-0.27305678,3
867236685088361,2024-03-07T17:41:47.814Z,gyroscope sensor uncalibrated,0.059253927,-0.25900686,-0.1826487,0.059253927,-0.25900686,-0.1826487,3
867236695087127,2024-03-07T17:41:47.824Z,gyroscope sensor uncalibrated,0.11728613,0.026267206,-0.13439035,0.11728613,0.026267206,-0.13439035,3
867236705085893,2024-03-07T17:41:47.834Z,gyroscope sensor uncalibrated,0.17898351,0.02443461,-0.07147124,0.17898351,0.02443461,-0.07147124,3
867236715084659,2024-03-07T17:41:47.844Z,gyroscope sensor uncalibrated,0.25595254,-0.002443461,-0.054367006,0.25595254,-0.002443461,-0.054367006,3
867236725083425,2024-03-07T17:41:47.854Z,gyroscope sensor uncalibrated,0.23640485,0.07941248,-0.092240654,0.23640485,0.07941248,-0.092240654,3
867236735082191,2024-03-07T17:41:47.864Z,gyroscope sensor uncalibrated,0.07941248,0.21685717,-0.19608775,0.07941248,0.21685717,-0.19608775,3
867236745080891,2024-03-07T17:41:47.874Z,gyroscope sensor uncalibrated,-0.122783914,0.29810223,-0.33108896,-0.122783914,0.29810223,-0.33108896,3
867236755079657,2024-03-07T17:41:47.884Z,gyroscope sensor uncalibrated,-0.29260445,0.28955013,-0.50640726,-0.29260445,0.28955013,-0.50640726,3
867236765078423,2024-03-07T17:41:47.894Z,gyroscope sensor uncalibrated,-0.3585779,0.16920967,-0.6786713,-0.3585779,0.16920967,-0.6786713,3
867236775077123,2024-03-07T17:41:47.904Z,gyroscope sensor uncalibrated,-0.2761111,0.026267206,-0.7593055,-0.2761111,0.026267206,-0.7593055,3
867236785075889,2024-03-07T17:41:47.914Z,gyroscope sensor uncalibrated,-0.08674286,-0.081855945,-0.7031059,-0.08674286,-0.081855945,-0.7031059,3
867236795074655,2024-03-07T17:41:47.923Z,gyroscope sensor uncalibrated,0.11911872,-0.12767084,-0.40194935,0.11911872,-0.12767084,-0.40194935,3
867236805073355,2024-03-07T17:41:47.934Z,gyroscope sensor uncalibrated,0.31948254,-0.17165314,-0.032375857,0.31948254,-0.17165314,-0.032375857,3
867236815072121,2024-03-07T17:41:47.944Z,gyroscope sensor uncalibrated,0.5381723,-0.1600467,0.24373524,0.5381723,-0.1600467,0.24373524,3
867236825070887,2024-03-07T17:41:47.954Z,gyroscope sensor uncalibrated,0.6976081,-0.0983493,0.3921755,0.6976081,-0.0983493,0.3921755,3
867236835069653,2024-03-07T17:41:47.964Z,gyroscope sensor uncalibrated,0.72265357,-0.0580322,0.48502702,0.72265357,-0.0580322,0.48502702,3
867236845068419,2024-03-07T17:41:47.974Z,gyroscope sensor uncalibrated,0.66706485,-0.061086524,0.52106804,0.66706485,-0.061086524,0.52106804,3
867236855067185,2024-03-07T17:41:47.984Z,gyroscope sensor uncalibrated,0.5693264,-0.09040806,0.50335294,0.5693264,-0.09040806,0.50335294,3
867236865065951,2024-03-07T17:41:47.994Z,gyroscope sensor uncalibrated,0.40622538,-0.13622294,0.45631635,0.40622538,-0.13622294,0.45631635,3
867236875064717,2024-03-07T17:41:48.004Z,gyroscope sensor uncalibrated,0.22113322,-0.20341812,0.35246924,0.22113322,-0.20341812,0.35246924,3
867236885063417,2024-03-07T17:41:48.014Z,gyroscope sensor uncalibrated,0.03176499,-0.2724459,0.19608775,0.03176499,-0.2724459,0.19608775,3
867236895062183,2024-03-07T17:41:48.023Z,gyroscope sensor uncalibrated,-0.2321288,-0.36896262,-0.032375857,-0.2321288,-0.36896262,-0.032375857,3
867236905060983,2024-03-07T17:41:48.034Z,gyroscope sensor uncalibrated,-0.36774087,-0.43371433,-0.12522738,-0.36774087,-0.43371433,-0.12522738,3
867236915059816,2024-03-07T17:41:48.044Z,gyroscope sensor uncalibrated,-0.44165558,-0.4978552,-0.17470746,-0.44165558,-0.4978552,-0.17470746,3
867236925058716,2024-03-07T17:41:48.053Z,gyroscope sensor uncalibrated,-0.47891834,-0.5552765,-0.18448131,-0.47891834,-0.5552765,-0.18448131,3
867236935057682,2024-03-07T17:41:48.064Z,gyroscope sensor uncalibrated,-0.4783075,-0.59437186,-0.16187929,-0.4783075,-0.59437186,-0.16187929,3
867236945056648,2024-03-07T17:41:48.074Z,gyroscope sensor uncalibrated,-0.43554693,-0.60048056,-0.122783914,-0.43554693,-0.60048056,-0.122783914,3
867236955055614,2024-03-07T17:41:48.084Z,gyroscope sensor uncalibrated,-0.3707952,-0.5662721,-0.06658431,-0.3707952,-0.5662721,-0.06658431,3
867236965054614,2024-03-07T17:41:48.094Z,gyroscope sensor uncalibrated,-0.3042109,-0.47647488,0.004276057,-0.3042109,-0.47647488,0.004276057,3
867236975053614,2024-03-07T17:41:48.104Z,gyroscope sensor uncalibrated,-0.24984388,-0.33108896,0.07941248,-0.24984388,-0.33108896,0.07941248,3
867236985052680,2024-03-07T17:41:48.114Z,gyroscope sensor uncalibrated,-0.20341812,-0.1423316,0.14966199,-0.20341812,-0.1423316,0.14966199,3
867236995051680,2024-03-07T17:41:48.124Z,gyroscope sensor uncalibrated,-0.16065755,0.05375614,0.20708331,-0.16065755,0.05375614,0.20708331,3
867237005050746,2024-03-07T17:41:48.134Z,gyroscope sensor uncalibrated,-0.12889257,0.20647246,0.2443461,-0.12889257,0.20647246,0.2443461,3
867237015049812,2024-03-07T17:41:48.144Z,gyroscope sensor uncalibrated,-0.111177474,0.31581733,0.26267207,-0.111177474,0.31581733,0.26267207,3
867237025048812,2024-03-07T17:41:48.154Z,gyroscope sensor uncalibrated,-0.08368854,0.38789943,0.26145032,-0.08368854,0.38789943,0.26145032,3
867237035047878,2024-03-07T17:41:48.164Z,gyroscope sensor uncalibrated,-0.03970624,0.4251622,0.24678956,-0.03970624,0.4251622,0.24678956,3
867237045046944,2024-03-07T17:41:48.174Z,gyroscope sensor uncalibrated,0.0012217305,0.43188173,0.22968534,0.0012217305,0.43188173,0.22968534,3
867237055046010,2024-03-07T17:41:48.184Z,gyroscope sensor uncalibrated,0.03481932,0.4147775,0.2125811,0.03481932,0.4147775,0.2125811,3
867237065045076,2024-03-07T17:41:48.194Z,gyroscope sensor uncalibrated,0.065973446,0.38789943,0.19181168,0.065973446,0.38789943,0.19181168,3
867237075044142,2024-03-07T17:41:48.204Z,gyroscope sensor uncalibrated,0.08857546,0.35063666,0.17715092,0.08857546,0.35063666,0.17715092,3
867237085043208,2024-03-07T17:41:48.214Z,gyroscope sensor uncalibrated,0.08002335,0.2938262,0.17715092,0.08002335,0.2938262,0.17715092,3
867237095042274,2024-03-07T17:41:48.224Z,gyroscope sensor uncalibrated,0.018325957,0.21563543,0.17898351,0.018325957,0.21563543,0.17898351,3
867237105041340,2024-03-07T17:41:48.234Z,gyroscope sensor uncalibrated,-0.06536258,0.12583824,0.15454891,-0.06536258,0.12583824,0.15454891,3
867237115040406,2024-03-07T17:41:48.243Z,gyroscope sensor uncalibrated,-0.226631,0.047647487,0.07513642,-0.226631,0.047647487,0.07513642,3
867237125039472,2024-03-07T17:41:48.254Z,gyroscope sensor uncalibrated,-0.33169982,0.031154128,0.042760566,-0.33169982,0.031154128,0.042760566,3
867237135038472,2024-03-07T17:41:48.264Z,gyroscope sensor uncalibrated,-0.376293,0.032375857,0.047647487,-0.376293,0.032375857,0.047647487,3
867237145037538,2024-03-07T17:41:48.274Z,gyroscope sensor uncalibrated,-0.35063666,0.02076942,0.08124508,-0.35063666,0.02076942,0.08124508,3
867237155036404,2024-03-07T17:41:48.284Z,gyroscope sensor uncalibrated,-0.27305678,-0.014660766,0.1337795,-0.27305678,-0.014660766,0.1337795,3
867237165035404,2024-03-07T17:41:48.294Z,gyroscope sensor uncalibrated,-0.15454891,-0.065973446,0.20280726,-0.15454891,-0.065973446,0.20280726,3
867237175033537,2024-03-07T17:41:48.304Z,gyroscope sensor uncalibrated,-0.021991149,-0.10262536,0.30298916,-0.021991149,-0.10262536,0.30298916,3
867237185031903,2024-03-07T17:41:48.313Z,gyroscope sensor uncalibrated,0.080634214,-0.1337795,0.44226643,0.080634214,-0.1337795,0.44226643,3
867237195030036,2024-03-07T17:41:48.324Z,gyroscope sensor uncalibrated,0.11362094,-0.23396139,0.57360244,0.11362094,-0.23396139,0.57360244,3
867237205029069,2024-03-07T17:41:48.334Z,gyroscope sensor uncalibrated,0.081855945,-0.41599923,0.63346726,0.081855945,-0.41599923,0.63346726,3
867237215028002,2024-03-07T17:41:48.344Z,gyroscope sensor uncalibrated,0.047647487,-0.54000485,0.6395759,0.047647487,-0.54000485,0.6395759,3
867237225026935,2024-03-07T17:41:48.354Z,gyroscope sensor uncalibrated,0.03726278,-0.51923543,0.6096435,0.03726278,-0.51923543,0.6096435,3
867237235025801,2024-03-07T17:41:48.364Z,gyroscope sensor uncalibrated,0.050701816,-0.37018433,0.54367006,0.050701816,-0.37018433,0.54367006,3
867237245024601,2024-03-07T17:41:48.374Z,gyroscope sensor uncalibrated,0.055588737,-0.15577064,0.5296202,0.055588737,-0.15577064,0.5296202,3
867237255023434,2024-03-07T17:41:48.384Z,gyroscope sensor uncalibrated,-0.07269296,-0.069027774,0.46975538,-0.07269296,-0.069027774,0.46975538,3
867237265022234,2024-03-07T17:41:48.394Z,gyroscope sensor uncalibrated,-0.28955013,-0.1142318,0.3268129,-0.28955013,-0.1142318,0.3268129,3
867237275020967,2024-03-07T17:41:48.404Z,gyroscope sensor uncalibrated,-0.4654793,-0.19058995,0.17715092,-0.4654793,-0.19058995,0.17715092,3
867237285019700,2024-03-07T17:41:48.414Z,gyroscope sensor uncalibrated,-0.56382865,-0.2883284,0.076358154,-0.56382865,-0.2883284,0.076358154,3
867237295018433,2024-03-07T17:41:48.424Z,gyroscope sensor uncalibrated,-0.5723807,-0.34391713,0.03726278,-0.5723807,-0.34391713,0.03726278,3
867237305017166,2024-03-07T17:41:48.434Z,gyroscope sensor uncalibrated,-0.5174029,-0.34391713,0.014660766,-0.5174029,-0.34391713,0.014660766,3
867237315015899,2024-03-07T17:41:48.444Z,gyroscope sensor uncalibrated,-0.4801401,-0.32986724,-0.02321288,-0.4801401,-0.32986724,-0.02321288,3
867237325014632,2024-03-07T17:41:48.453Z,gyroscope sensor uncalibrated,-0.5198463,-0.18570304,-0.0983493,-0.5198463,-0.18570304,-0.0983493,3
867237335013365,2024-03-07T17:41:48.464Z,gyroscope sensor uncalibrated,-0.54305923,-0.045814894,-0.17165314,-0.54305923,-0.045814894,-0.17165314,3
867237345012098,2024-03-07T17:41:48.474Z,gyroscope sensor uncalibrated,-0.54244834,0.1160644,-0.25961772,-0.54244834,0.1160644,-0.25961772,3
867237355010764,2024-03-07T17:41:48.484Z,gyroscope sensor uncalibrated,-0.52595496,0.344528,-0.3109304,-0.52595496,0.344528,-0.3109304,3
867237365009497,2024-03-07T17:41:48.494Z,gyroscope sensor uncalibrated,-0.47891834,0.48563787,-0.31215215,-0.47891834,0.48563787,-0.31215215,3
867237375008263,2024-03-07T17:41:48.504Z,gyroscope sensor uncalibrated,-0.40011674,0.48502702,-0.27122417,-0.40011674,0.48502702,-0.27122417,3
867237385006963,2024-03-07T17:41:48.514Z,gyroscope sensor uncalibrated,-0.3213151,0.39767328,-0.19181168,-0.3213151,0.39767328,-0.19181168,3
867237395005729,2024-03-07T17:41:48.524Z,gyroscope sensor uncalibrated,-0.2669481,0.22968534,-0.0983493,-0.2669481,0.22968534,-0.0983493,3
867237405004495,2024-03-07T17:41:48.534Z,gyroscope sensor uncalibrated,-0.23762658,0.034208454,-0.026267206,-0.23762658,0.034208454,-0.026267206,3
867237415003195,2024-03-07T17:41:48.544Z,gyroscope sensor uncalibrated,-0.23762658,-0.14782938,-0.019547688,-0.23762658,-0.14782938,-0.019547688,3
867237425001961,2024-03-07T17:41:48.554Z,gyroscope sensor uncalibrated,-0.26206118,-0.27122417,-0.06414085,-0.26206118,-0.27122417,-0.06414085,3
867237435000727,2024-03-07T17:41:48.564Z,gyroscope sensor uncalibrated,-0.3481932,-0.33108896,-0.1160644,-0.3481932,-0.33108896,-0.1160644,3
867237444999493,2024-03-07T17:41:48.572Z,gyroscope sensor uncalibrated,-0.48624873,-0.35002577,-0.17898351,-0.48624873,-0.35002577,-0.17898351,3
867237454998459,2024-03-07T17:41:48.583Z,gyroscope sensor uncalibrated,-0.5870415,-0.3726278,-0.28527406,-0.5870415,-0.3726278,-0.28527406,3
867237464997225,2024-03-07T17:41:48.592Z,gyroscope sensor uncalibrated,-0.59986967,-0.3903429,-0.40866885,-0.59986967,-0.3903429,-0.40866885,3
867237474996925,2024-03-07T17:41:48.603Z,gyroscope sensor uncalibrated,-0.55833083,-0.38973203,-0.49663344,-0.55833083,-0.38973203,-0.49663344,3
867237484996391,2024-03-07T17:41:48.613Z,gyroscope sensor uncalibrated,-0.4990769,-0.37995818,-0.54061574,-0.4990769,-0.37995818,-0.54061574,3
867237494996024,2024-03-07T17:41:48.623Z,gyroscope sensor uncalibrated,-0.42638394,-0.36896262,-0.56505036,-0.42638394,-0.36896262,-0.56505036,3
867237504994790,2024-03-07T17:41:48.633Z,gyroscope sensor uncalibrated,-0.35063666,-0.34269542,-0.59559363,-0.35063666,-0.34269542,-0.59559363,3
867237514993556,2024-03-07T17:41:48.643Z,gyroscope sensor uncalibrated,-0.33353242,-0.28771752,-0.6010914,-0.33353242,-0.28771752,-0.6010914,3
867237524992256,2024-03-07T17:41:48.653Z,gyroscope sensor uncalibrated,-0.3408628,-0.23762658,-0.5766568,-0.3408628,-0.23762658,-0.5766568,3
867237534991022,2024-03-07T17:41:48.663Z,gyroscope sensor uncalibrated,-0.312763,-0.16920967,-0.51007247,-0.312763,-0.16920967,-0.51007247,3
867237544989788,2024-03-07T17:41:48.673Z,gyroscope sensor uncalibrated,-0.2773328,-0.1160644,-0.43127087,-0.2773328,-0.1160644,-0.43127087,3
867237554988554,2024-03-07T17:41:48.682Z,gyroscope sensor uncalibrated,-0.2321288,-0.0421497,-0.33658674,-0.2321288,-0.0421497,-0.33658674,3
867237564987320,2024-03-07T17:41:48.693Z,gyroscope sensor uncalibrated,-0.16187929,0.04886922,-0.21868975,-0.16187929,0.04886922,-0.21868975,3
867237574986086,2024-03-07T17:41:48.703Z,gyroscope sensor uncalibrated,-0.053145275,0.14966199,-0.115453534,-0.053145275,0.14966199,-0.115453534,3
867237584984852,2024-03-07T17:41:48.713Z,gyroscope sensor uncalibrated,0.06658431,0.24190263,-0.03726278,0.06658431,0.24190263,-0.03726278,3
867237594983618,2024-03-07T17:41:48.723Z,gyroscope sensor uncalibrated,0.16249016,0.3268129,0.015882496,0.16249016,0.3268129,0.015882496,3
867237604982318,2024-03-07T17:41:48.733Z,gyroscope sensor uncalibrated,0.21380283,0.39461896,0.045814894,0.21380283,0.39461896,0.045814894,3
867237614981084,2024-03-07T17:41:48.742Z,gyroscope sensor uncalibrated,0.22296582,0.44104472,0.064751714,0.22296582,0.44104472,0.064751714,3
867237624979850,2024-03-07T17:41:48.753Z,gyroscope sensor uncalibrated,0.20586158,0.45998153,0.07880162,0.20586158,0.45998153,0.07880162,3
867237634978550,2024-03-07T17:41:48.763Z,gyroscope sensor uncalibrated,0.17837265,0.45265114,0.09285152,0.17837265,0.45265114,0.09285152,3
867237644977316,2024-03-07T17:41:48.773Z,gyroscope sensor uncalibrated,0.17287487,0.43188173,0.099571034,0.17287487,0.43188173,0.099571034,3
867237654976082,2024-03-07T17:41:48.783Z,gyroscope sensor uncalibrated,0.204029,0.42271876,0.09896017,0.204029,0.42271876,0.09896017,3
867237664974782,2024-03-07T17:41:48.793Z,gyroscope sensor uncalibrated,0.24740042,0.4269948,0.08857546,0.24740042,0.4269948,0.08857546,3
867237674973515,2024-03-07T17:41:48.803Z,gyroscope sensor uncalibrated,0.30604348,0.38362336,0.03481932,0.30604348,0.38362336,0.03481932,3
867237684972248,2024-03-07T17:41:48.813Z,gyroscope sensor uncalibrated,0.33658674,0.2932153,-0.048258353,0.33658674,0.2932153,-0.048258353,3
867237694970981,2024-03-07T17:41:48.823Z,gyroscope sensor uncalibrated,0.26450464,0.16432275,-0.12461651,0.26450464,0.16432275,-0.12461651,3
867237704969714,2024-03-07T17:41:48.833Z,gyroscope sensor uncalibrated,0.1423316,0.004886922,-0.21991149,0.1423316,0.004886922,-0.21991149,3
867237714968447,2024-03-07T17:41:48.843Z,gyroscope sensor uncalibrated,0.042760566,-0.16920967,-0.35308012,0.042760566,-0.16920967,-0.35308012,3
867237724967180,2024-03-07T17:41:48.853Z,gyroscope sensor uncalibrated,-0.03848451,-0.31581733,-0.47158796,-0.03848451,-0.31581733,-0.47158796,3
867237734965913,2024-03-07T17:41:48.863Z,gyroscope sensor uncalibrated,-0.09407325,-0.40378192,-0.54244834,-0.09407325,-0.40378192,-0.54244834,3
867237744964579,2024-03-07T17:41:48.873Z,gyroscope sensor uncalibrated,-0.086132,-0.47403142,-0.5626069,-0.086132,-0.47403142,-0.5626069,3
867237754963312,2024-03-07T17:41:48.883Z,gyroscope sensor uncalibrated,0.0012217305,-0.4831944,-0.52778757,0.0012217305,-0.4831944,-0.52778757,3
867237764962045,2024-03-07T17:41:48.893Z,gyroscope sensor uncalibrated,0.12461651,-0.4428773,-0.47036624,0.12461651,-0.4428773,-0.47036624,3
867237774960745,2024-03-07T17:41:48.903Z,gyroscope sensor uncalibrated,0.21930063,-0.41538838,-0.3933972,0.21930063,-0.41538838,-0.3933972,3
867237784959511,2024-03-07T17:41:48.913Z,gyroscope sensor uncalibrated,0.26450464,-0.3640757,-0.30298916,0.26450464,-0.3640757,-0.30298916,3
867237794958277,2024-03-07T17:41:48.923Z,gyroscope sensor uncalibrated,0.28221974,-0.2657264,-0.21685717,0.28221974,-0.2657264,-0.21685717,3
867237804957043,2024-03-07T17:41:48.933Z,gyroscope sensor uncalibrated,0.312763,-0.11178834,-0.15088372,0.312763,-0.11178834,-0.15088372,3
867237814955809,2024-03-07T17:41:48.943Z,gyroscope sensor uncalibrated,0.37018433,0.05009095,-0.1142318,0.37018433,0.05009095,-0.1142318,3
867237824954575,2024-03-07T17:41:48.953Z,gyroscope sensor uncalibrated,0.40622538,0.20341812,-0.09712757,0.40622538,0.20341812,-0.09712757,3
867237834953341,2024-03-07T17:41:48.963Z,gyroscope sensor uncalibrated,0.41050145,0.34513888,-0.11789699,0.41050145,0.34513888,-0.11789699,3
867237844952107,2024-03-07T17:41:48.973Z,gyroscope sensor uncalibrated,0.3555236,0.49418998,-0.15393804,0.3555236,0.49418998,-0.15393804,3
867237854950807,2024-03-07T17:41:48.983Z,gyroscope sensor uncalibrated,0.23273966,0.6450737,-0.19975294,0.23273966,0.6450737,-0.19975294,3
867237864949573,2024-03-07T17:41:48.993Z,gyroscope sensor uncalibrated,0.108123146,0.7244862,-0.2779437,0.108123146,0.7244862,-0.2779437,3
867237874948339,2024-03-07T17:41:49.003Z,gyroscope sensor uncalibrated,0.03970624,0.68844515,-0.35246924,0.03970624,0.68844515,-0.35246924,3
867237884947039,2024-03-07T17:41:49.013Z,gyroscope sensor uncalibrated,0.021991149,0.5338962,-0.3323107,0.021991149,0.5338962,-0.3323107,3
867237894945805,2024-03-07T17:41:49.023Z,gyroscope sensor uncalibrated,0.12522738,0.30909783,-0.24740042,0.12522738,0.30909783,-0.24740042,3
867237904944571,2024-03-07T17:41:49.033Z,gyroscope sensor uncalibrated,0.31887165,0.09773844,-0.0842994,0.31887165,0.09773844,-0.0842994,3
867237914943271,2024-03-07T17:41:49.042Z,gyroscope sensor uncalibrated,0.49663344,-0.028099801,0.13805555,0.49663344,-0.028099801,0.13805555,3
867237924942037,2024-03-07T17:41:49.053Z,gyroscope sensor uncalibrated,0.62980205,-0.03848451,0.3378085,0.62980205,-0.03848451,0.3378085,3
867237934940803,2024-03-07T17:41:49.063Z,gyroscope sensor uncalibrated,0.7031059,0.01160644,0.46853364,0.7031059,0.01160644,0.46853364,3
867237944939569,2024-03-07T17:41:49.073Z,gyroscope sensor uncalibrated,0.6872234,0.04337143,0.54611355,0.6872234,0.04337143,0.54611355,3
867237954938335,2024-03-07T17:41:49.083Z,gyroscope sensor uncalibrated,0.56321776,0.0012217305,0.5314528,0.56321776,0.0012217305,0.5314528,3
867237964937101,2024-03-07T17:41:49.093Z,gyroscope sensor uncalibrated,0.4428773,-0.007330383,0.4447099,0.4428773,-0.007330383,0.4447099,3
867237974935867,2024-03-07T17:41:49.103Z,gyroscope sensor uncalibrated,0.25717425,0.002443461,0.3475823,0.25717425,0.002443461,0.3475823,3
867237984934633,2024-03-07T17:41:49.113Z,gyroscope sensor uncalibrated,0.06658431,-0.0012217305,0.21868975,0.06658431,-0.0012217305,0.21868975,3
867237994933366,2024-03-07T17:41:49.123Z,gyroscope sensor uncalibrated,-0.10995574,-0.02076942,0.08246681,-0.10995574,-0.02076942,0.08246681,3
867238004932166,2024-03-07T17:41:49.133Z,gyroscope sensor uncalibrated,-0.267559,-0.06047566,-0.014660766,-0.267559,-0.06047566,-0.014660766,3
867238014930999,2024-03-07T17:41:49.143Z,gyroscope sensor uncalibrated,-0.35124752,-0.11911872,-0.07819075,-0.35124752,-0.11911872,-0.07819075,3
867238024929832,2024-03-07T17:41:49.153Z,gyroscope sensor uncalibrated,-0.3408628,-0.16554448,-0.124005646,-0.3408628,-0.16554448,-0.124005646,3
867238034928732,2024-03-07T17:41:49.163Z,gyroscope sensor uncalibrated,-0.28710666,-0.18570304,-0.12522738,-0.28710666,-0.18570304,-0.12522738,3
867238044927632,2024-03-07T17:41:49.173Z,gyroscope sensor uncalibrated,-0.22174409,-0.19608775,-0.080634214,-0.22174409,-0.19608775,-0.080634214,3
867238054926532,2024-03-07T17:41:49.183Z,gyroscope sensor uncalibrated,-0.15454891,-0.18753563,-0.0067195175,-0.15454891,-0.18753563,-0.0067195175,3
867238064925432,2024-03-07T17:41:49.193Z,gyroscope sensor uncalibrated,-0.08857546,-0.1600467,0.08368854,-0.08857546,-0.1600467,0.08368854,3
867238074924298,2024-03-07T17:41:49.203Z,gyroscope sensor uncalibrated,-0.026267206,-0.11789699,0.15515977,-0.026267206,-0.11789699,0.15515977,3
867238084923164,2024-03-07T17:41:49.213Z,gyroscope sensor uncalibrated,0.0061086523,-0.055588737,0.20647246,0.0061086523,-0.055588737,0.20647246,3
867238094922030,2024-03-07T17:41:49.223Z,gyroscope sensor uncalibrated,-0.010995574,0.03481932,0.24129178,-0.010995574,0.03481932,0.24129178,3
867238104920830,2024-03-07T17:41:49.233Z,gyroscope sensor uncalibrated,-0.06169739,0.13927728,0.25289822,-0.06169739,0.13927728,0.25289822,3
867238114919696,2024-03-07T17:41:49.243Z,gyroscope sensor uncalibrated,-0.10934488,0.23823744,0.2406809,-0.10934488,0.23823744,0.2406809,3
867238124918562,2024-03-07T17:41:49.252Z,gyroscope sensor uncalibrated,-0.12156218,0.3213151,0.20769419,-0.12156218,0.3213151,0.20769419,3
867238134917362,2024-03-07T17:41:49.263Z,gyroscope sensor uncalibrated,-0.0983493,0.37934732,0.16249016,-0.0983493,0.37934732,0.16249016,3
867238144916228,2024-03-07T17:41:49.273Z,gyroscope sensor uncalibrated,-0.057421334,0.4098906,0.111177474,-0.057421334,0.4098906,0.111177474,3
867238154914628,2024-03-07T17:41:49.283Z,gyroscope sensor uncalibrated,-0.013439035,0.40194935,0.064751714,-0.013439035,0.40194935,0.064751714,3
867238164913428,2024-03-07T17:41:49.293Z,gyroscope sensor uncalibrated,0.03848451,0.34697145,0.03481932,0.03848451,0.34697145,0.03481932,3
867238174911594,2024-03-07T17:41:49.303Z,gyroscope sensor uncalibrated,0.12095132,0.20830505,0.028710667,0.12095132,0.20830505,0.028710667,3
867238184909760,2024-03-07T17:41:49.313Z,gyroscope sensor uncalibrated,0.1563815,0.09407325,0.04520403,0.1563815,0.09407325,0.04520403,3
867238194907693,2024-03-07T17:41:49.322Z,gyroscope sensor uncalibrated,0.1563815,-0.039095376,0.06841691,0.1563815,-0.039095376,0.06841691,3
867238204905859,2024-03-07T17:41:49.333Z,gyroscope sensor uncalibrated,0.12217305,-0.17165314,0.08246681,0.12217305,-0.17165314,0.08246681,3
867238214904025,2024-03-07T17:41:49.343Z,gyroscope sensor uncalibrated,0.086132,-0.2706133,0.07941248,0.086132,-0.2706133,0.07941248,3
867238224902191,2024-03-07T17:41:49.353Z,gyroscope sensor uncalibrated,0.0580322,-0.3023783,0.0720821,0.0580322,-0.3023783,0.0720821,3
867238234901057,2024-03-07T17:41:49.363Z,gyroscope sensor uncalibrated,0.029932396,-0.24862215,0.06414085,0.029932396,-0.24862215,0.06414085,3
867238244899857,2024-03-07T17:41:49.372Z,gyroscope sensor uncalibrated,0.0061086523,-0.13133603,0.059864793,0.0061086523,-0.13133603,0.059864793,3
867238254898723,2024-03-07T17:41:49.383Z,gyroscope sensor uncalibrated,0.0,0.007330383,0.07269296,0.0,0.007330383,0.07269296,3
867238264897589,2024-03-07T17:41:49.393Z,gyroscope sensor uncalibrated,0.015271631,0.11362094,0.11484267,0.015271631,0.11362094,0.11484267,3
867238274896389,2024-03-07T17:41:49.403Z,gyroscope sensor uncalibrated,0.062308256,0.15821409,0.19120082,0.062308256,0.15821409,0.19120082,3
867238284895255,2024-03-07T17:41:49.413Z,gyroscope sensor uncalibrated,0.13316862,0.14721853,0.30604348,0.13316862,0.14721853,0.30604348,3
867238294894088,2024-03-07T17:41:49.423Z,gyroscope sensor uncalibrated,0.21563543,0.10751228,0.43249258,0.21563543,0.10751228,0.43249258,3
867238304892921,2024-03-07T17:41:49.433Z,gyroscope sensor uncalibrated,0.27550024,-0.009162978,0.5369505,0.27550024,-0.009162978,0.5369505,3
867238314891721,2024-03-07T17:41:49.443Z,gyroscope sensor uncalibrated,0.2932153,-0.25350907,0.5858198,0.2932153,-0.25350907,0.5858198,3
867238324890454,2024-03-07T17:41:49.452Z,gyroscope sensor uncalibrated,0.2687807,-0.5876524,0.58459806,0.2687807,-0.5876524,0.58459806,3
867238334889187,2024-03-07T17:41:49.462Z,gyroscope sensor uncalibrated,0.24678956,-0.9193522,0.57848936,0.24678956,-0.9193522,0.57848936,3
867238344887920,2024-03-07T17:41:49.473Z,gyroscope sensor uncalibrated,0.2761111,-1.1166617,0.6017023,0.2761111,-1.1166617,0.6017023,3
867238354886586,2024-03-07T17:41:49.483Z,gyroscope sensor uncalibrated,0.31031954,-1.1349876,0.5992588,0.31031954,-1.1349876,0.5992588,3
867238364885319,2024-03-07T17:41:49.493Z,gyroscope sensor uncalibrated,0.3200934,-0.9969321,0.5833763,0.3200934,-0.9969321,0.5833763,3
867238374884052,2024-03-07T17:41:49.503Z,gyroscope sensor uncalibrated,0.29077184,-0.72143185,0.58093286,0.29077184,-0.72143185,0.58093286,3
867238384882718,2024-03-07T17:41:49.513Z,gyroscope sensor uncalibrated,0.19792034,-0.3659083,0.4538729,0.19792034,-0.3659083,0.4538729,3
867238394881451,2024-03-07T17:41:49.523Z,gyroscope sensor uncalibrated,0.19608775,-0.27305678,0.36285394,0.19608775,-0.27305678,0.36285394,3
867238404880217,2024-03-07T17:41:49.532Z,gyroscope sensor uncalibrated,0.3005457,-0.25289822,0.3390302,0.3005457,-0.25289822,0.3390302,3
867238414878917,2024-03-07T17:41:49.543Z,gyroscope sensor uncalibrated,0.47586402,-0.21746802,0.41233405,0.47586402,-0.21746802,0.41233405,3
867238424877683,2024-03-07T17:41:49.553Z,gyroscope sensor uncalibrated,0.65118235,-0.12461651,0.52656585,0.65118235,-0.12461651,0.52656585,3
867238434877549,2024-03-07T17:41:49.563Z,gyroscope sensor uncalibrated,0.7648033,-0.014660766,0.59986967,0.7648033,-0.014660766,0.59986967,3
867238444876315,2024-03-07T17:41:49.573Z,gyroscope sensor uncalibrated,0.8051204,0.10262536,0.5900958,0.8051204,0.10262536,0.5900958,3
867238454875548,2024-03-07T17:41:49.583Z,gyroscope sensor uncalibrated,0.7874053,0.2144137,0.4905248,0.7874053,0.2144137,0.4905248,3
867238464874314,2024-03-07T17:41:49.593Z,gyroscope sensor uncalibrated,0.72326446,0.30604348,0.3304781,0.72326446,0.30604348,0.3304781,3
867238474873780,2024-03-07T17:41:49.602Z,gyroscope sensor uncalibrated,0.63529986,0.376293,0.15027285,0.63529986,0.376293,0.15027285,3
867238484873246,2024-03-07T17:41:49.613Z,gyroscope sensor uncalibrated,0.56321776,0.43188173,0.02443461,0.56321776,0.43188173,0.02443461,3
867238494872879,2024-03-07T17:41:49.623Z,gyroscope sensor uncalibrated,0.57787853,0.43188173,-0.019547688,0.57787853,0.43188173,-0.019547688,3
867238504872345,2024-03-07T17:41:49.633Z,gyroscope sensor uncalibrated,0.6401868,0.33292156,0.0012217305,0.6401868,0.33292156,0.0012217305,3
867238514871811,2024-03-07T17:41:49.643Z,gyroscope sensor uncalibrated,0.68111473,0.13561209,0.06414085,0.68111473,0.13561209,0.06414085,3
867238524871211,2024-03-07T17:41:49.653Z,gyroscope sensor uncalibrated,0.7257079,-0.124005646,0.10995574,0.7257079,-0.124005646,0.10995574,3
867238534869977,2024-03-07T17:41:49.663Z,gyroscope sensor uncalibrated,0.79412484,-0.39095375,0.11728613,0.79412484,-0.39095375,0.11728613,3
867238544868743,2024-03-07T17:41:49.672Z,gyroscope sensor uncalibrated,0.8539896,-0.56382865,0.093462385,0.8539896,-0.56382865,0.093462385,3
867238554867509,2024-03-07T17:41:49.683Z,gyroscope sensor uncalibrated,0.8735373,-0.6084218,0.096516706,0.8735373,-0.6084218,0.096516706,3
867238564866275,2024-03-07T17:41:49.693Z,gyroscope sensor uncalibrated,0.8472701,-0.5882632,0.1459968,0.8472701,-0.5882632,0.1459968,3
867238574865041,2024-03-07T17:41:49.703Z,gyroscope sensor uncalibrated,0.84971356,-0.552833,0.18203785,0.84971356,-0.552833,0.18203785,3
867238584863807,2024-03-07T17:41:49.713Z,gyroscope sensor uncalibrated,0.89736104,-0.49113566,0.19242255,0.89736104,-0.49113566,0.19242255,3
867238594862573,2024-03-07T17:41:49.723Z,gyroscope sensor uncalibrated,0.95356065,-0.3549127,0.20463985,0.95356065,-0.3549127,0.20463985,3
867238604861273,2024-03-07T17:41:49.733Z,gyroscope sensor uncalibrated,0.96883225,-0.24617869,0.20341812,0.96883225,-0.24617869,0.20341812,3
867238614860039,2024-03-07T17:41:49.743Z,gyroscope sensor uncalibrated,0.9963212,-0.1301143,0.18448131,0.9963212,-0.1301143,0.18448131,3
867238624858805,2024-03-07T17:41:49.752Z,gyroscope sensor uncalibrated,1.0482447,-0.01038471,0.15699236,1.0482447,-0.01038471,0.15699236,3
867238634857505,2024-03-07T17:41:49.762Z,gyroscope sensor uncalibrated,1.1007792,0.10751228,0.14294247,1.1007792,0.10751228,0.14294247,3
867238644856271,2024-03-07T17:41:49.773Z,gyroscope sensor uncalibrated,1.1429288,0.20647246,0.1600467,1.1429288,0.20647246,0.1600467,3
867238654855037,2024-03-07T17:41:49.783Z,gyroscope sensor uncalibrated,1.1801916,0.27305678,0.21197024,1.1801916,0.27305678,0.21197024,3
867238664853737,2024-03-07T17:41:49.793Z,gyroscope sensor uncalibrated,1.2253957,0.321926,0.2828306,1.2253957,0.321926,0.2828306,3
867238674852503,2024-03-07T17:41:49.803Z,gyroscope sensor uncalibrated,1.2651019,0.3707952,0.35613444,1.2651019,0.3707952,0.35613444,3
867238684851269,2024-03-07T17:41:49.813Z,gyroscope sensor uncalibrated,1.2925909,0.42638394,0.43066,1.2925909,0.42638394,0.43066,3
867238694850035,2024-03-07T17:41:49.823Z,gyroscope sensor uncalibrated,1.3029755,0.46792278,0.5015204,1.3029755,0.46792278,0.5015204,3
867238704848768,2024-03-07T17:41:49.833Z,gyroscope sensor uncalibrated,1.3151928,0.4905248,0.5546656,1.3151928,0.4905248,0.5546656,3
867238714847501,2024-03-07T17:41:49.843Z,gyroscope sensor uncalibrated,1.3384057,0.5039638,0.5821546,1.3384057,0.5039638,0.5821546,3
867238724846234,2024-03-07T17:41:49.853Z,gyroscope sensor uncalibrated,1.3542882,0.5015204,0.59803706,1.3542882,0.5015204,0.59803706,3
867238734843867,2024-03-07T17:41:49.863Z,gyroscope sensor uncalibrated,1.3536774,0.47403142,0.6072,1.3536774,0.47403142,0.6072,3
867238744842533,2024-03-07T17:41:49.873Z,gyroscope sensor uncalibrated,1.3432927,0.43004912,0.6084218,1.3432927,0.43004912,0.6084218,3
867238754841266,2024-03-07T17:41:49.883Z,gyroscope sensor uncalibrated,1.3335189,0.3726278,0.59131753,1.3335189,0.3726278,0.59131753,3
867238764839999,2024-03-07T17:41:49.893Z,gyroscope sensor uncalibrated,1.3286319,0.30665436,0.56199604,1.3286319,0.30665436,0.56199604,3
867238774838665,2024-03-07T17:41:49.903Z,gyroscope sensor uncalibrated,1.3243558,0.25473082,0.53878313,1.3243558,0.25473082,0.53878313,3
867238784837398,2024-03-07T17:41:49.912Z,gyroscope sensor uncalibrated,1.323745,0.2180789,0.535118,1.323745,0.2180789,0.535118,3
867238794836131,2024-03-07T17:41:49.923Z,gyroscope sensor uncalibrated,1.3359623,0.19364429,0.5534439,1.3359623,0.19364429,0.5534439,3
867238804834864,2024-03-07T17:41:49.933Z,gyroscope sensor uncalibrated,1.3622295,0.17531833,0.60048056,1.3622295,0.17531833,0.60048056,3
867238814833630,2024-03-07T17:41:49.942Z,gyroscope sensor uncalibrated,1.3726143,0.1337795,0.62125,1.3726143,0.1337795,0.62125,3
867238824832396,2024-03-07T17:41:49.953Z,gyroscope sensor uncalibrated,1.3952162,0.06291912,0.6310238,1.3952162,0.06291912,0.6310238,3
867238834831162,2024-03-07T17:41:49.963Z,gyroscope sensor uncalibrated,1.4220943,-0.015271631,0.65668017,1.4220943,-0.015271631,0.65668017,3
867238844829928,2024-03-07T17:41:49.973Z,gyroscope sensor uncalibrated,1.4330899,-0.09407325,0.7147123,1.4330899,-0.09407325,0.7147123,3
867238854828628,2024-03-07T17:41:49.983Z,gyroscope sensor uncalibrated,1.4257594,-0.14966199,0.76174897,1.4257594,-0.14966199,0.76174897,3
867238864827394,2024-03-07T17:41:49.993Z,gyroscope sensor uncalibrated,1.4062119,-0.16065755,0.7623598,1.4062119,-0.16065755,0.7623598,3
867238874826160,2024-03-07T17:41:50.003Z,gyroscope sensor uncalibrated,1.3579534,-0.13133603,0.72692966,1.3579534,-0.13133603,0.72692966,3
867238884824860,2024-03-07T17:41:50.013Z,gyroscope sensor uncalibrated,1.2883148,-0.04520403,0.6774496,1.2883148,-0.04520403,0.6774496,3
867238894823626,2024-03-07T17:41:50.023Z,gyroscope sensor uncalibrated,1.2095132,0.1386664,0.63713247,1.2095132,0.1386664,0.63713247,3
867238904822392,2024-03-07T17:41:50.033Z,gyroscope sensor uncalibrated,1.1459832,0.47647488,0.6218608,1.1459832,0.47647488,0.6218608,3
867238914821092,2024-03-07T17:41:50.043Z,gyroscope sensor uncalibrated,1.1215485,0.82711154,0.6597345,1.1215485,0.82711154,0.6597345,3
867238924819858,2024-03-07T17:41:50.053Z,gyroscope sensor uncalibrated,1.1313224,0.84788096,0.7049385,1.1313224,0.84788096,0.7049385,3
867238934818624,2024-03-07T17:41:50.063Z,gyroscope sensor uncalibrated,1.146594,0.61269784,0.6805039,1.146594,0.61269784,0.6805039,3
867238944817390,2024-03-07T17:41:50.073Z,gyroscope sensor uncalibrated,1.1148291,0.3921755,0.5919284,1.1148291,0.3921755,0.5919284,3
867238954816156,2024-03-07T17:41:50.082Z,gyroscope sensor uncalibrated,1.0409144,0.19303341,0.4886922,1.0409144,0.19303341,0.4886922,3
867238964814922,2024-03-07T17:41:50.093Z,gyroscope sensor uncalibrated,0.9816604,0.02076942,0.40011674,0.9816604,0.02076942,0.40011674,3
867238974813688,2024-03-07T17:41:50.102Z,gyroscope sensor uncalibrated,0.9993755,-0.100792766,0.34391713,0.9993755,-0.100792766,0.34391713,3
867238984812454,2024-03-07T17:41:50.113Z,gyroscope sensor uncalibrated,1.1325442,-0.20952678,0.32803464,1.1325442,-0.20952678,0.32803464,3
867238994811154,2024-03-07T17:41:50.123Z,gyroscope sensor uncalibrated,1.3096951,-0.30115658,0.34513888,1.3096951,-0.30115658,0.34513888,3
867239004809920,2024-03-07T17:41:50.133Z,gyroscope sensor uncalibrated,1.4563028,-0.3481932,0.39278635,1.4563028,-0.3481932,0.39278635,3
867239014808686,2024-03-07T17:41:50.143Z,gyroscope sensor uncalibrated,1.5540411,-0.25778514,0.59620446,1.5540411,-0.25778514,0.59620446,3
867239024807386,2024-03-07T17:41:50.153Z,gyroscope sensor uncalibrated,1.6242907,-0.15577064,0.7733554,1.6242907,-0.15577064,0.7733554,3
867239034806152,2024-03-07T17:41:50.162Z,gyroscope sensor uncalibrated,1.767844,-0.07574729,0.91813046,1.767844,-0.07574729,0.91813046,3
867239044804952,2024-03-07T17:41:50.173Z,gyroscope sensor uncalibrated,1.9205604,0.018936822,1.0134255,1.9205604,0.018936822,1.0134255,3
867239054803752,2024-03-07T17:41:50.183Z,gyroscope sensor uncalibrated,2.0030272,0.12217305,1.0940597,2.0030272,0.12217305,1.0940597,3
867239064802652,2024-03-07T17:41:50.193Z,gyroscope sensor uncalibrated,2.0525072,0.21930063,1.1600331,2.0525072,0.21930063,1.1600331,3
867239074801618,2024-03-07T17:41:50.203Z,gyroscope sensor uncalibrated,2.143526,0.29443705,1.1991285,2.143526,0.29443705,1.1991285,3
867239084800584,2024-03-07T17:41:50.213Z,gyroscope sensor uncalibrated,2.1917844,0.3371976,1.2089024,2.1917844,0.3371976,1.2089024,3
867239094799584,2024-03-07T17:41:50.223Z,gyroscope sensor uncalibrated,2.1423044,0.26267207,1.1972959,2.1423044,0.26267207,1.1972959,3
867239104798550,2024-03-07T17:41:50.233Z,gyroscope sensor uncalibrated,2.0647244,0.07086037,1.1258247,2.0647244,0.07086037,1.1258247,3
867239114797550,2024-03-07T17:41:50.243Z,gyroscope sensor uncalibrated,1.9730947,-0.1459968,0.9761627,1.9730947,-0.1459968,0.9761627,3
867239124795816,2024-03-07T17:41:50.253Z,gyroscope sensor uncalibrated,1.8606955,-0.30787608,0.80939645,1.8606955,-0.30787608,0.80939645,3
867239134794816,2024-03-07T17:41:50.263Z,gyroscope sensor uncalibrated,1.7592919,-0.40500367,0.67011917,1.7592919,-0.40500367,0.67011917,3
867239144793882,2024-03-07T17:41:50.273Z,gyroscope sensor uncalibrated,1.6994271,-0.45631635,0.58276546,1.6994271,-0.45631635,0.58276546,3
867239154792948,2024-03-07T17:41:50.283Z,gyroscope sensor uncalibrated,1.6951511,-0.47708577,0.5491679,1.6951511,-0.47708577,0.5491679,3
867239164791948,2024-03-07T17:41:50.293Z,gyroscope sensor uncalibrated,1.7165314,-0.46303585,0.54611355,1.7165314,-0.46303585,0.54611355,3
867239174791014,2024-03-07T17:41:50.303Z,gyroscope sensor uncalibrated,1.740966,-0.4092797,0.5467244,1.740966,-0.4092797,0.5467244,3
867239184790080,2024-03-07T17:41:50.313Z,gyroscope sensor uncalibrated,1.7708983,-0.29932398,0.5369505,1.7708983,-0.29932398,0.5369505,3
867239194789146,2024-03-07T17:41:50.323Z,gyroscope sensor uncalibrated,1.8044959,-0.13133603,0.52595496,1.8044959,-0.13133603,0.52595496,3
867239204788212,2024-03-07T17:41:50.333Z,gyroscope sensor uncalibrated,1.8380935,0.07880162,0.5369505,1.8380935,0.07880162,0.5369505,3
867239214787278,2024-03-07T17:41:50.342Z,gyroscope sensor uncalibrated,1.8790215,0.30604348,0.5717699,1.8790215,0.30604348,0.5717699,3
867239224786344,2024-03-07T17:41:50.353Z,gyroscope sensor uncalibrated,1.917506,0.57848936,0.63163465,1.917506,0.57848936,0.63163465,3
867239234785410,2024-03-07T17:41:50.363Z,gyroscope sensor uncalibrated,1.9419407,0.65301496,0.7244862,1.9419407,0.65301496,0.7244862,3
867239244784410,2024-03-07T17:41:50.373Z,gyroscope sensor uncalibrated,1.9315559,0.6273586,0.7703011,1.9315559,0.6273586,0.7703011,3
867239254816810,2024-03-07T17:41:50.383Z,gyroscope sensor uncalibrated,1.9144517,0.52656585,0.79779,1.9144517,0.52656585,0.79779,3
867239264849210,2024-03-07T17:41:50.392Z,gyroscope sensor uncalibrated,1.8869628,0.3830125,0.8014552,1.8869628,0.3830125,0.8014552,3
867239274881543,2024-03-07T17:41:50.402Z,gyroscope sensor uncalibrated,1.8167132,0.24129178,0.7825184,1.8167132,0.24129178,0.7825184,3
867239284913943,2024-03-07T17:41:50.413Z,gyroscope sensor uncalibrated,1.7079792,0.11362094,0.73426,1.7079792,0.11362094,0.73426,3
867239294946343,2024-03-07T17:41:50.422Z,gyroscope sensor uncalibrated,1.5864171,-0.015882496,0.67073005,1.5864171,-0.015882496,0.67073005,3
867239304978676,2024-03-07T17:41:50.433Z,gyroscope sensor uncalibrated,1.4514158,-0.15332718,0.59498274,1.4514158,-0.15332718,0.59498274,3
867239315011076,2024-03-07T17:41:50.444Z,gyroscope sensor uncalibrated,1.3127494,-0.29810223,0.5045747,1.3127494,-0.29810223,0.5045747,3
867239325043476,2024-03-07T17:41:50.453Z,gyroscope sensor uncalibrated,1.183246,-0.4288274,0.40011674,1.183246,-0.4288274,0.40011674,3
867239335075876,2024-03-07T17:41:50.464Z,gyroscope sensor uncalibrated,1.061073,-0.5204572,0.28038713,1.061073,-0.5204572,0.28038713,3
867239345108242,2024-03-07T17:41:50.474Z,gyroscope sensor uncalibrated,0.9272934,-0.58032197,0.16493362,0.9272934,-0.58032197,0.16493362,3
867239355140542,2024-03-07T17:41:50.484Z,gyroscope sensor uncalibrated,0.77457714,-0.6047566,0.070249505,0.77457714,-0.6047566,0.070249505,3
867239365172808,2024-03-07T17:41:50.494Z,gyroscope sensor uncalibrated,0.63713247,-0.5693264,-0.00061086525,0.63713247,-0.5693264,-0.00061086525,3
867239375205008,2024-03-07T17:41:50.504Z,gyroscope sensor uncalibrated,0.535118,-0.46792278,-0.04337143,0.535118,-0.46792278,-0.04337143,3
867239385237141,2024-03-07T17:41:50.514Z,gyroscope sensor uncalibrated,0.45204028,-0.32803464,-0.04886922,0.45204028,-0.32803464,-0.04886922,3
867239395269307,2024-03-07T17:41:50.524Z,gyroscope sensor uncalibrated,0.35979962,-0.1160644,0.028710667,0.35979962,-0.1160644,0.028710667,3
867239405301440,2024-03-07T17:41:50.534Z,gyroscope sensor uncalibrated,0.31337386,0.015882496,0.124005646,0.31337386,0.015882496,0.124005646,3
867239415333506,2024-03-07T17:41:50.544Z,gyroscope sensor uncalibrated,0.26145032,0.15760323,0.22968534,0.26145032,0.15760323,0.22968534,3
867239425366372,2024-03-07T17:41:50.554Z,gyroscope sensor uncalibrated,0.20952678,0.30543262,0.29993483,0.20952678,0.30543262,0.29993483,3
867239435398438,2024-03-07T17:41:50.564Z,gyroscope sensor uncalibrated,0.19120082,0.40317106,0.34025195,0.19120082,0.40317106,0.34025195,3
867239445430438,2024-03-07T17:41:50.574Z,gyroscope sensor uncalibrated,0.21930063,0.4538729,0.3726278,0.21930063,0.4538729,0.3726278,3
867239455462504,2024-03-07T17:41:50.584Z,gyroscope sensor uncalibrated,0.258396,0.44837508,0.4007276,0.258396,0.44837508,0.4007276,3
867239465494570,2024-03-07T17:41:50.593Z,gyroscope sensor uncalibrated,0.24190263,0.38728857,0.42455134,0.24190263,0.38728857,0.42455134,3
867239475526636,2024-03-07T17:41:50.603Z,gyroscope sensor uncalibrated,0.12522738,0.29932398,0.4373795,0.12522738,0.29932398,0.4373795,3
867239485558702,2024-03-07T17:41:50.613Z,gyroscope sensor uncalibrated,-0.06414085,0.1863139,0.41599923,-0.06414085,0.1863139,0.41599923,3
867239495590702,2024-03-07T17:41:50.624Z,gyroscope sensor uncalibrated,-0.23518312,0.02321288,0.34697145,-0.23518312,0.02321288,0.34697145,3
867239505622768,2024-03-07T17:41:50.634Z,gyroscope sensor uncalibrated,-0.30848694,-0.18081611,0.26328292,-0.30848694,-0.18081611,0.26328292,3
867239515654834,2024-03-07T17:41:50.643Z,gyroscope sensor uncalibrated,-0.28710666,-0.36102137,0.22418754,-0.28710666,-0.36102137,0.22418754,3
867239525686867,2024-03-07T17:41:50.654Z,gyroscope sensor uncalibrated,-0.22174409,-0.39584067,0.26939157,-0.22174409,-0.39584067,0.26939157,3
867239535718967,2024-03-07T17:41:50.664Z,gyroscope sensor uncalibrated,-0.1563815,-0.29993483,0.36041048,-0.1563815,-0.29993483,0.36041048,3
867239545751067,2024-03-07T17:41:50.674Z,gyroscope sensor uncalibrated,-0.077579886,-0.12522738,0.39584067,-0.077579886,-0.12522738,0.39584067,3
867239555749767,2024-03-07T17:41:50.683Z,gyroscope sensor uncalibrated,-0.008552114,0.028099801,0.3481932,-0.008552114,0.028099801,0.3481932,3
867239565748533,2024-03-07T17:41:50.693Z,gyroscope sensor uncalibrated,0.03726278,0.116675265,0.2950479,0.03726278,0.116675265,0.2950479,3
867239575747299,2024-03-07T17:41:50.704Z,gyroscope sensor uncalibrated,0.07391469,0.11789699,0.27122417,0.07391469,0.11789699,0.27122417,3
867239585746065,2024-03-07T17:41:50.714Z,gyroscope sensor uncalibrated,0.15515977,0.027488936,0.2669481,0.15515977,0.027488936,0.2669481,3
867239595744831,2024-03-07T17:41:50.724Z,gyroscope sensor uncalibrated,0.26450464,-0.111177474,0.2846632,0.26450464,-0.111177474,0.2846632,3
867239605743597,2024-03-07T17:41:50.734Z,gyroscope sensor uncalibrated,0.31887165,-0.22296582,0.3042109,0.31887165,-0.22296582,0.3042109,3
867239615742363,2024-03-07T17:41:50.744Z,gyroscope sensor uncalibrated,0.26328292,-0.2602286,0.267559,0.26328292,-0.2602286,0.267559,3
867239625741129,2024-03-07T17:41:50.754Z,gyroscope sensor uncalibrated,0.18325958,-0.20647246,0.1777618,0.18325958,-0.20647246,0.1777618,3
867239635739829,2024-03-07T17:41:50.764Z,gyroscope sensor uncalibrated,0.09101892,-0.12767084,0.059253927,0.09101892,-0.12767084,0.059253927,3
867239645738595,2024-03-07T17:41:50.774Z,gyroscope sensor uncalibrated,0.016493361,-0.015882496,-0.05009095,0.016493361,-0.015882496,-0.05009095,3
867239655737361,2024-03-07T17:41:50.784Z,gyroscope sensor uncalibrated,-0.01038471,0.16432275,-0.10873401,-0.01038471,0.16432275,-0.10873401,3
867239665736061,2024-03-07T17:41:50.794Z,gyroscope sensor uncalibrated,-0.02076942,0.32375857,-0.116675265,-0.02076942,0.32375857,-0.116675265,3
867239675734827,2024-03-07T17:41:50.804Z,gyroscope sensor uncalibrated,-0.015882496,0.37507126,-0.12889257,-0.015882496,0.37507126,-0.12889257,3
867239685733593,2024-03-07T17:41:50.814Z,gyroscope sensor uncalibrated,-0.025045475,0.33414328,-0.1685988,-0.025045475,0.33414328,-0.1685988,3
867239695732293,2024-03-07T17:41:50.824Z,gyroscope sensor uncalibrated,-0.080634214,0.28405234,-0.2180789,-0.080634214,0.28405234,-0.2180789,3
867239705731059,2024-03-07T17:41:50.834Z,gyroscope sensor uncalibrated,-0.1966986,0.2284636,-0.27366763,-0.1966986,0.2284636,-0.27366763,3
867239715729825,2024-03-07T17:41:50.844Z,gyroscope sensor uncalibrated,-0.32253686,0.13988814,-0.3371976,-0.32253686,0.13988814,-0.3371976,3
867239725728591,2024-03-07T17:41:50.854Z,gyroscope sensor uncalibrated,-0.35308012,0.010995574,-0.39767328,-0.35308012,0.010995574,-0.39767328,3
867239735727357,2024-03-07T17:41:50.864Z,gyroscope sensor uncalibrated,-0.30848694,-0.15210545,-0.42149702,-0.30848694,-0.15210545,-0.42149702,3
867239745726123,2024-03-07T17:41:50.874Z,gyroscope sensor uncalibrated,-0.25595254,-0.33536503,-0.40317106,-0.25595254,-0.33536503,-0.40317106,3
867239755724889,2024-03-07T17:41:50.884Z,gyroscope sensor uncalibrated,-0.20463985,-0.50518554,-0.3585779,-0.20463985,-0.50518554,-0.3585779,3
867239765723655,2024-03-07T17:41:50.894Z,gyroscope sensor uncalibrated,-0.15210545,-0.6236934,-0.3023783,-0.15210545,-0.6236934,-0.3023783,3
867239775721921,2024-03-07T17:41:50.904Z,gyroscope sensor uncalibrated,-0.081855945,-0.6762278,-0.23762658,-0.081855945,-0.6762278,-0.23762658,3
867239785720687,2024-03-07T17:41:50.913Z,gyroscope sensor uncalibrated,0.009773844,-0.6774496,-0.1740966,0.009773844,-0.6774496,-0.1740966,3
867239795719453,2024-03-07T17:41:50.924Z,gyroscope sensor uncalibrated,0.08857546,-0.6426302,-0.11301007,0.08857546,-0.6426302,-0.11301007,3
867239805718153,2024-03-07T17:41:50.934Z,gyroscope sensor uncalibrated,0.118507855,-0.60231316,-0.06780604,0.118507855,-0.60231316,-0.06780604,3
867239815716919,2024-03-07T17:41:50.944Z,gyroscope sensor uncalibrated,0.10751228,-0.5717699,-0.056199603,0.10751228,-0.5717699,-0.056199603,3
867239825715652,2024-03-07T17:41:50.954Z,gyroscope sensor uncalibrated,0.009162978,-0.5186246,-0.070249505,0.009162978,-0.5186246,-0.070249505,3
867239835714385,2024-03-07T17:41:50.964Z,gyroscope sensor uncalibrated,-0.087964594,-0.45448375,-0.07941248,-0.087964594,-0.45448375,-0.07941248,3
867239845713118,2024-03-07T17:41:50.974Z,gyroscope sensor uncalibrated,-0.16737708,-0.36835176,-0.087964594,-0.16737708,-0.36835176,-0.087964594,3
867239855711851,2024-03-07T17:41:50.984Z,gyroscope sensor uncalibrated,-0.20891592,-0.2669481,-0.089186326,-0.20891592,-0.2669481,-0.089186326,3
867239865710584,2024-03-07T17:41:50.993Z,gyroscope sensor uncalibrated,-0.2302962,-0.16432275,-0.073303826,-0.2302962,-0.16432275,-0.073303826,3
867239875709317,2024-03-07T17:41:51.004Z,gyroscope sensor uncalibrated,-0.24801129,-0.07574729,-0.040317107,-0.24801129,-0.07574729,-0.040317107,3
867239885707983,2024-03-07T17:41:51.014Z,gyroscope sensor uncalibrated,-0.2687807,-0.016493361,-0.00061086525,-0.2687807,-0.016493361,-0.00061086525,3
867239895706716,2024-03-07T17:41:51.024Z,gyroscope sensor uncalibrated,-0.2938262,0.021380283,0.034208454,-0.2938262,0.021380283,0.034208454,3
867239905705449,2024-03-07T17:41:51.033Z,gyroscope sensor uncalibrated,-0.31215215,0.05009095,0.06658431,-0.31215215,0.05009095,0.06658431,3
867239915704115,2024-03-07T17:41:51.044Z,gyroscope sensor uncalibrated,-0.312763,0.077579886,0.09468412,-0.312763,0.077579886,0.09468412,3
867239925702848,2024-03-07T17:41:51.054Z,gyroscope sensor uncalibrated,-0.2883284,0.112399206,0.1282817,-0.2883284,0.112399206,0.1282817,3
867239935701614,2024-03-07T17:41:51.064Z,gyroscope sensor uncalibrated,-0.25534168,0.1337795,0.16065755,-0.25534168,0.1337795,0.16065755,3
867239945700314,2024-03-07T17:41:51.073Z,gyroscope sensor uncalibrated,-0.22724187,0.13988814,0.18448131,-0.22724187,0.13988814,0.18448131,3
867239955699080,2024-03-07T17:41:51.084Z,gyroscope sensor uncalibrated,-0.22418754,0.13561209,0.19853121,-0.22418754,0.13561209,0.19853121,3
867239965697846,2024-03-07T17:41:51.094Z,gyroscope sensor uncalibrated,-0.24373524,0.14966199,0.20158553,-0.24373524,0.14966199,0.20158553,3
867239975696612,2024-03-07T17:41:51.104Z,gyroscope sensor uncalibrated,-0.26328292,0.19058995,0.18753563,-0.26328292,0.19058995,0.18753563,3
867239985695378,2024-03-07T17:41:51.114Z,gyroscope sensor uncalibrated,-0.2724459,0.25350907,0.172264,-0.2724459,0.25350907,0.172264,3
867239995694144,2024-03-07T17:41:51.124Z,gyroscope sensor uncalibrated,-0.2657264,0.30970868,0.17287487,-0.2657264,0.30970868,0.17287487,3
867240005692910,2024-03-07T17:41:51.134Z,gyroscope sensor uncalibrated,-0.24190263,0.38056904,0.18203785,-0.24190263,0.38056904,0.18203785,3
867240015691676,2024-03-07T17:41:51.143Z,gyroscope sensor uncalibrated,-0.21013765,0.45020768,0.17531833,-0.21013765,0.45020768,0.17531833,3
867240025690376,2024-03-07T17:41:51.154Z,gyroscope sensor uncalibrated,-0.18448131,0.50518554,0.14538592,-0.18448131,0.50518554,0.14538592,3
867240035689142,2024-03-07T17:41:51.164Z,gyroscope sensor uncalibrated,-0.172264,0.5149594,0.08002335,-0.172264,0.5149594,0.08002335,3
867240045687908,2024-03-07T17:41:51.174Z,gyroscope sensor uncalibrated,-0.18203785,0.4465425,0.028099801,-0.18203785,0.4465425,0.028099801,3
867240055686608,2024-03-07T17:41:51.183Z,gyroscope sensor uncalibrated,-0.18936823,0.3268129,-0.028710667,-0.18936823,0.3268129,-0.028710667,3
867240065685374,2024-03-07T17:41:51.194Z,gyroscope sensor uncalibrated,-0.20463985,0.18875736,-0.08124508,-0.20463985,0.18875736,-0.08124508,3
867240075684574,2024-03-07T17:41:51.204Z,gyroscope sensor uncalibrated,-0.23640485,0.049480084,-0.13622294,-0.23640485,0.049480084,-0.13622294,3
867240085683340,2024-03-07T17:41:51.214Z,gyroscope sensor uncalibrated,-0.2950479,-0.080634214,-0.20708331,-0.2950479,-0.080634214,-0.20708331,3
867240095682106,2024-03-07T17:41:51.224Z,gyroscope sensor uncalibrated,-0.37140608,-0.20463985,-0.2938262,-0.37140608,-0.20463985,-0.2938262,3
867240105680872,2024-03-07T17:41:51.234Z,gyroscope sensor uncalibrated,-0.45204028,-0.31337386,-0.38240165,-0.45204028,-0.31337386,-0.38240165,3
867240115679638,2024-03-07T17:41:51.244Z,gyroscope sensor uncalibrated,-0.5112942,-0.42210788,-0.45753807,-0.5112942,-0.42210788,-0.45753807,3
867240125678404,2024-03-07T17:41:51.253Z,gyroscope sensor uncalibrated,-0.5155703,-0.54000485,-0.48991394,-0.5155703,-0.54000485,-0.48991394,3
867240135677137,2024-03-07T17:41:51.264Z,gyroscope sensor uncalibrated,-0.453262,-0.6462954,-0.47403142,-0.453262,-0.6462954,-0.47403142,3
867240145675937,2024-03-07T17:41:51.274Z,gyroscope sensor uncalibrated,-0.34880406,-0.7440339,-0.4196644,-0.34880406,-0.7440339,-0.4196644,3
867240155674070,2024-03-07T17:41:51.284Z,gyroscope sensor uncalibrated,-0.21502456,-0.86009824,-0.32925636,-0.21502456,-0.86009824,-0.32925636,3
867240165672903,2024-03-07T17:41:51.294Z,gyroscope sensor uncalibrated,-0.059864793,-0.9779953,-0.23273966,-0.059864793,-0.9779953,-0.23273966,3
867240175671803,2024-03-07T17:41:51.304Z,gyroscope sensor uncalibrated,0.10445796,-1.0958922,-0.11301007,0.10445796,-1.0958922,-0.11301007,3
867240185670703,2024-03-07T17:41:51.314Z,gyroscope sensor uncalibrated,0.23518312,-1.1991285,-0.014049901,0.23518312,-1.1991285,-0.014049901,3
867240195669603,2024-03-07T17:41:51.323Z,gyroscope sensor uncalibrated,0.31215215,-1.2632693,0.031154128,0.31215215,-1.2632693,0.031154128,3
867240205668503,2024-03-07T17:41:51.334Z,gyroscope sensor uncalibrated,0.3371976,-1.2284501,0.0061086523,0.3371976,-1.2284501,0.0061086523,3
867240215667403,2024-03-07T17:41:51.344Z,gyroscope sensor uncalibrated,0.3145956,-0.9431759,-0.08979719,0.3145956,-0.9431759,-0.08979719,3
867240225666303,2024-03-07T17:41:51.354Z,gyroscope sensor uncalibrated,0.27366763,-0.4098906,-0.25350907,0.27366763,-0.4098906,-0.25350907,3
867240235665169,2024-03-07T17:41:51.364Z,gyroscope sensor uncalibrated,0.29993483,0.27550024,-0.41416663,0.29993483,0.27550024,-0.41416663,3
867240245664035,2024-03-07T17:41:51.374Z,gyroscope sensor uncalibrated,0.46792278,1.4269812,-0.37323865,0.46792278,1.4269812,-0.37323865,3
867240255662901,2024-03-07T17:41:51.384Z,gyroscope sensor uncalibrated,0.61941737,2.0164661,-0.16737708,0.61941737,2.0164661,-0.16737708,3
867240265661767,2024-03-07T17:41:51.394Z,gyroscope sensor uncalibrated,0.6805039,2.4104743,0.11178834,0.6805039,2.4104743,0.11178834,3
867240275660567,2024-03-07T17:41:51.404Z,gyroscope sensor uncalibrated,0.6469063,2.552195,0.22296582,0.6469063,2.552195,0.22296582,3
867240285659433,2024-03-07T17:41:51.414Z,gyroscope sensor uncalibrated,0.52778757,2.3286183,0.16615535,0.52778757,2.3286183,0.16615535,3
867240295658299,2024-03-07T17:41:51.424Z,gyroscope sensor uncalibrated,0.267559,2.0323486,-0.023823744,0.267559,2.0323486,-0.023823744,3
867240305657099,2024-03-07T17:41:51.433Z,gyroscope sensor uncalibrated,-0.099571034,1.563815,-0.20952678,-0.099571034,1.563815,-0.20952678,3
867240315655965,2024-03-07T17:41:51.444Z,gyroscope sensor uncalibrated,-0.48441613,0.8173377,-0.3042109,-0.48441613,0.8173377,-0.3042109,3
867240325654831,2024-03-07T17:41:51.454Z,gyroscope sensor uncalibrated,-0.63713247,-0.007941248,-0.3286455,-0.63713247,-0.007941248,-0.3286455,3
867240335653697,2024-03-07T17:41:51.464Z,gyroscope sensor uncalibrated,-0.56199604,-0.8863655,-0.33841935,-0.56199604,-0.8863655,-0.33841935,3
867240345652563,2024-03-07T17:41:51.473Z,gyroscope sensor uncalibrated,-0.50335294,-1.7293595,-0.36774087,-0.50335294,-1.7293595,-0.36774087,3
867240355651429,2024-03-07T17:41:51.484Z,gyroscope sensor uncalibrated,-0.6963864,-2.288912,-0.44593164,-0.6963864,-2.288912,-0.44593164,3
867240365650295,2024-03-07T17:41:51.494Z,gyroscope sensor uncalibrated,-1.0268645,-2.4196372,-0.5235115,-1.0268645,-2.4196372,-0.5235115,3
867240375649161,2024-03-07T17:41:51.504Z,gyroscope sensor uncalibrated,-1.3090842,-2.2748623,-0.5864306,-1.3090842,-2.2748623,-0.5864306,3
867240385647961,2024-03-07T17:41:51.513Z,gyroscope sensor uncalibrated,-1.4068227,-1.8955148,-0.6401868,-1.4068227,-1.8955148,-0.6401868,3
867240395646827,2024-03-07T17:41:51.524Z,gyroscope sensor uncalibrated,-1.3524556,-1.310306,-0.6658431,-1.3524556,-1.310306,-0.6658431,3
867240405645693,2024-03-07T17:41:51.533Z,gyroscope sensor uncalibrated,-1.2113458,-0.63346726,-0.6603453,-1.2113458,-0.63346726,-0.6603453,3
867240415644493,2024-03-07T17:41:51.544Z,gyroscope sensor uncalibrated,-0.94806284,-0.004276057,-0.5815437,-0.94806284,-0.004276057,-0.5815437,3
867240425643359,2024-03-07T17:41:51.554Z,gyroscope sensor uncalibrated,-0.5925393,0.5222898,-0.39828414,-0.5925393,0.5222898,-0.39828414,3
867240435642192,2024-03-07T17:41:51.564Z,gyroscope sensor uncalibrated,-0.25350907,0.9266826,-0.1282817,-0.25350907,0.9266826,-0.1282817,3
867240445641025,2024-03-07T17:41:51.574Z,gyroscope sensor uncalibrated,-0.012217305,1.1997393,0.17715092,-0.012217305,1.1997393,0.17715092,3
867240455640525,2024-03-07T17:41:51.584Z,gyroscope sensor uncalibrated,0.24007004,1.3579534,0.5155703,0.24007004,1.3579534,0.5155703,3
867240465639258,2024-03-07T17:41:51.594Z,gyroscope sensor uncalibrated,0.3036,1.3756685,0.60048056,0.3036,1.3756685,0.60048056,3
867240475637991,2024-03-07T17:41:51.604Z,gyroscope sensor uncalibrated,0.19242255,1.3084733,0.62796944,0.19242255,1.3084733,0.62796944,3
867240485636724,2024-03-07T17:41:51.614Z,gyroscope sensor uncalibrated,0.029321533,1.1478158,0.54428095,0.029321533,1.1478158,0.54428095,3
867240495635390,2024-03-07T17:41:51.624Z,gyroscope sensor uncalibrated,-0.13500121,0.93279123,0.3915646,-0.13500121,0.93279123,0.3915646,3
867240505634123,2024-03-07T17:41:51.634Z,gyroscope sensor uncalibrated,-0.24923302,0.6609562,0.1563815,-0.24923302,0.6609562,0.1563815,3
867240515632856,2024-03-07T17:41:51.644Z,gyroscope sensor uncalibrated,-0.3707952,0.41172317,-0.105068825,-0.3707952,0.41172317,-0.105068825,3
867240525631522,2024-03-07T17:41:51.654Z,gyroscope sensor uncalibrated,-0.5546656,0.22052236,-0.3408628,-0.5546656,0.22052236,-0.3408628,3
867240535630255,2024-03-07T17:41:51.664Z,gyroscope sensor uncalibrated,-0.743423,0.1142318,-0.5027421,-0.743423,0.1142318,-0.5027421,3
867240545628555,2024-03-07T17:41:51.674Z,gyroscope sensor uncalibrated,-0.8185594,0.054367006,-0.5699373,-0.8185594,0.054367006,-0.5699373,3
867240555627255,2024-03-07T17:41:51.684Z,gyroscope sensor uncalibrated,-0.75808376,0.02687807,-0.5821546,-0.75808376,0.02687807,-0.5821546,3
867240565626021,2024-03-07T17:41:51.694Z,gyroscope sensor uncalibrated,-0.6603453,0.03970624,-0.5345071,-0.6603453,0.03970624,-0.5345071,3
867240575624787,2024-03-07T17:41:51.704Z,gyroscope sensor uncalibrated,-0.56688297,0.09468412,-0.41538838,-0.56688297,0.09468412,-0.41538838,3
867240585623553,2024-03-07T17:41:51.714Z,gyroscope sensor uncalibrated,-0.4428773,0.17715092,-0.24251351,-0.4428773,0.17715092,-0.24251351,3
867240595622319,2024-03-07T17:41:51.723Z,gyroscope sensor uncalibrated,-0.2724459,0.24495697,-0.05681047,-0.2724459,0.24495697,-0.05681047,3
867240605621085,2024-03-07T17:41:51.734Z,gyroscope sensor uncalibrated,-0.10567969,0.28710666,0.09896017,-0.10567969,0.28710666,0.09896017,3
867240615619851,2024-03-07T17:41:51.744Z,gyroscope sensor uncalibrated,-0.0067195175,0.30726522,0.22724187,-0.0067195175,0.30726522,0.22724187,3
867240625618617,2024-03-07T17:41:51.754Z,gyroscope sensor uncalibrated,0.053145275,0.3115413,0.32070425,0.053145275,0.3115413,0.32070425,3
867240635617317,2024-03-07T17:41:51.764Z,gyroscope sensor uncalibrated,0.09162979,0.28955013,0.376293,0.09162979,0.28955013,0.376293,3
867240645616083,2024-03-07T17:41:51.774Z,gyroscope sensor uncalibrated,0.09285152,0.22174409,0.40011674,0.09285152,0.22174409,0.40011674,3
867240655614849,2024-03-07T17:41:51.784Z,gyroscope sensor uncalibrated,0.070249505,0.08735373,0.3811799,0.070249505,0.08735373,0.3811799,3
867240665613549,2024-03-07T17:41:51.794Z,gyroscope sensor uncalibrated,0.05009095,-0.12950343,0.3182608,0.05009095,-0.12950343,0.3182608,3
867240675612315,2024-03-07T17:41:51.804Z,gyroscope sensor uncalibrated,-0.028099801,-0.5216789,0.19364429,-0.028099801,-0.5216789,0.19364429,3
867240685611081,2024-03-07T17:41:51.814Z,gyroscope sensor uncalibrated,-0.093462385,-0.7825184,0.13072516,-0.093462385,-0.7825184,0.13072516,3
867240695609847,2024-03-07T17:41:51.824Z,gyroscope sensor uncalibrated,-0.14660765,-0.9828822,0.086132,-0.14660765,-0.9828822,0.086132,3
867240705608613,2024-03-07T17:41:51.833Z,gyroscope sensor uncalibrated,-0.21380283,-1.0708468,0.06047566,-0.21380283,-1.0708468,0.06047566,3
867240715607379,2024-03-07T17:41:51.844Z,gyroscope sensor uncalibrated,-0.24678956,-0.9993755,0.057421334,-0.24678956,-0.9993755,0.057421334,3
867240725606145,2024-03-07T17:41:51.854Z,gyroscope sensor uncalibrated,-0.16249016,-0.752586,0.1001819,-0.16249016,-0.752586,0.1001819,3
867240735604911,2024-03-07T17:41:51.864Z,gyroscope sensor uncalibrated,0.036651913,-0.4447099,0.16676621,0.036651913,-0.4447099,0.16676621,3
867240745603611,2024-03-07T17:41:51.873Z,gyroscope sensor uncalibrated,0.28099802,-0.17592919,0.2602286,0.28099802,-0.17592919,0.2602286,3
867240755602377,2024-03-07T17:41:51.884Z,gyroscope sensor uncalibrated,0.5320636,0.04520403,0.3866777,0.5320636,0.04520403,0.3866777,3
867240765601143,2024-03-07T17:41:51.894Z,gyroscope sensor uncalibrated,0.72326446,0.21563543,0.5039638,0.72326446,0.21563543,0.5039638,3
867240775599843,2024-03-07T17:41:51.904Z,gyroscope sensor uncalibrated,0.7965683,0.3268129,0.57360244,0.7965683,0.3268129,0.57360244,3
867240785598609,2024-03-07T17:41:51.914Z,gyroscope sensor uncalibrated,0.7892379,0.39645153,0.6041457,0.7892379,0.39645153,0.6041457,3
867240795597375,2024-03-07T17:41:51.924Z,gyroscope sensor uncalibrated,0.7360926,0.44898596,0.6291912,0.7360926,0.44898596,0.6291912,3
867240805596075,2024-03-07T17:41:51.934Z,gyroscope sensor uncalibrated,0.58276546,0.45753807,0.63346726,0.58276546,0.45753807,0.63346726,3
867240815594841,2024-03-07T17:41:51.944Z,gyroscope sensor uncalibrated,0.41783184,0.36957347,0.5216789,0.41783184,0.36957347,0.5216789,3
867240825593607,2024-03-07T17:41:51.954Z,gyroscope sensor uncalibrated,0.27977628,0.2510656,0.3200934,0.27977628,0.2510656,0.3200934,3
867240835592373,2024-03-07T17:41:51.964Z,gyroscope sensor uncalibrated,0.09896017,0.15271631,0.12889257,0.09896017,0.15271631,0.12889257,3
867240845591573,2024-03-07T17:41:51.974Z,gyroscope sensor uncalibrated,-0.13072516,0.028710667,-0.015271631,-0.13072516,0.028710667,-0.015271631,3
867240855590306,2024-03-07T17:41:51.983Z,gyroscope sensor uncalibrated,-0.27305678,-0.13133603,-0.11484267,-0.27305678,-0.13133603,-0.11484267,3
867240865589039,2024-03-07T17:41:51.994Z,gyroscope sensor uncalibrated,-0.28160888,-0.21074851,-0.1863139,-0.28160888,-0.21074851,-0.1863139,3
867240875587772,2024-03-07T17:41:52.004Z,gyroscope sensor uncalibrated,-0.23884831,-0.24007004,-0.23823744,-0.23884831,-0.24007004,-0.23823744,3
867240885586438,2024-03-07T17:41:52.014Z,gyroscope sensor uncalibrated,-0.18509217,-0.28344148,-0.27977628,-0.18509217,-0.28344148,-0.27977628,3
867240895585171,2024-03-07T17:41:52.023Z,gyroscope sensor uncalibrated,-0.18203785,-0.35369098,-0.27977628,-0.18203785,-0.35369098,-0.27977628,3
867240905583904,2024-03-07T17:41:52.034Z,gyroscope sensor uncalibrated,-0.16493362,-0.43066,-0.27305678,-0.16493362,-0.43066,-0.27305678,3
867240915582570,2024-03-07T17:41:52.044Z,gyroscope sensor uncalibrated,-0.119729586,-0.45753807,-0.2602286,-0.119729586,-0.45753807,-0.2602286,3
867240925581303,2024-03-07T17:41:52.054Z,gyroscope sensor uncalibrated,-0.11178834,-0.40133846,-0.1966986,-0.11178834,-0.40133846,-0.1966986,3
867240935580036,2024-03-07T17:41:52.064Z,gyroscope sensor uncalibrated,-0.105068825,-0.31581733,-0.12522738,-0.105068825,-0.31581733,-0.12522738,3
867240945578769,2024-03-07T17:41:52.074Z,gyroscope sensor uncalibrated,-0.05375614,-0.23273966,-0.06719518,-0.05375614,-0.23273966,-0.06719518,3
867240955577502,2024-03-07T17:41:52.083Z,gyroscope sensor uncalibrated,0.021991149,-0.1740966,-0.012217305,0.021991149,-0.1740966,-0.012217305,3
867240965576268,2024-03-07T17:41:52.094Z,gyroscope sensor uncalibrated,0.08979719,-0.15454891,0.03176499,0.08979719,-0.15454891,0.03176499,3
867240975575034,2024-03-07T17:41:52.104Z,gyroscope sensor uncalibrated,0.14110987,-0.16615535,0.055588737,0.14110987,-0.16615535,0.055588737,3
867240985573800,2024-03-07T17:41:52.114Z,gyroscope sensor uncalibrated,0.16676621,-0.18448131,0.0580322,0.16676621,-0.18448131,0.0580322,3
867240995572500,2024-03-07T17:41:52.124Z,gyroscope sensor uncalibrated,0.16187929,-0.2003638,0.03604105,0.16187929,-0.2003638,0.03604105,3
867241005571266,2024-03-07T17:41:52.134Z,gyroscope sensor uncalibrated,0.13927728,-0.21197024,-0.021991149,0.13927728,-0.21197024,-0.021991149,3
867241015570032,2024-03-07T17:41:52.144Z,gyroscope sensor uncalibrated,0.10262536,-0.21563543,-0.0983493,0.10262536,-0.21563543,-0.0983493,3
867241025568732,2024-03-07T17:41:52.154Z,gyroscope sensor uncalibrated,0.06658431,-0.20891592,-0.17470746,0.06658431,-0.20891592,-0.17470746,3
867241035567498,2024-03-07T17:41:52.164Z,gyroscope sensor uncalibrated,0.044593163,-0.18692477,-0.23701571,0.044593163,-0.18692477,-0.23701571,3
867241045566264,2024-03-07T17:41:52.174Z,gyroscope sensor uncalibrated,0.036651913,-0.14294247,-0.27550024,0.036651913,-0.14294247,-0.27550024,3
867241055564964,2024-03-07T17:41:52.184Z,gyroscope sensor uncalibrated,0.03726278,-0.06719518,-0.27488935,0.03726278,-0.06719518,-0.27488935,3
867241065563730,2024-03-07T17:41:52.194Z,gyroscope sensor uncalibrated,0.076358154,0.027488936,-0.24007004,0.076358154,0.027488936,-0.24007004,3
867241075562496,2024-03-07T17:41:52.204Z,gyroscope sensor uncalibrated,0.14966199,0.16493362,-0.172264,0.14966199,0.16493362,-0.172264,3
867241085561262,2024-03-07T17:41:52.214Z,gyroscope sensor uncalibrated,0.24007004,0.33353242,-0.057421334,0.24007004,0.33353242,-0.057421334,3
867241095560028,2024-03-07T17:41:52.224Z,gyroscope sensor uncalibrated,0.4111123,0.6047566,0.1386664,0.4111123,0.6047566,0.1386664,3
867241105558794,2024-03-07T17:41:52.234Z,gyroscope sensor uncalibrated,0.54061574,0.7806858,0.23823744,0.54061574,0.7806858,0.23823744,3
867241115557560,2024-03-07T17:41:52.244Z,gyroscope sensor uncalibrated,0.6432411,0.9462303,0.30970868,0.6432411,0.9462303,0.30970868,3
867241125556326,2024-03-07T17:41:52.254Z,gyroscope sensor uncalibrated,0.70738196,1.0824533,0.3915646,0.70738196,1.0824533,0.3915646,3
867241135555026,2024-03-07T17:41:52.263Z,gyroscope sensor uncalibrated,0.77579886,1.1716396,0.47403142,0.77579886,1.1716396,0.47403142,3
867241145553792,2024-03-07T17:41:52.274Z,gyroscope sensor uncalibrated,0.91324353,1.2504412,0.5332854,0.91324353,1.2504412,0.5332854,3
867241155552558,2024-03-07T17:41:52.284Z,gyroscope sensor uncalibrated,1.0531317,1.3762794,0.50518554,1.0531317,1.3762794,0.50518554,3
867241165551258,2024-03-07T17:41:52.294Z,gyroscope sensor uncalibrated,1.1246029,1.4227052,0.41416663,1.1246029,1.4227052,0.41416663,3
867241175550024,2024-03-07T17:41:52.303Z,gyroscope sensor uncalibrated,1.0592403,1.2663237,0.226631,1.0592403,1.2663237,0.226631,3
867241185548824,2024-03-07T17:41:52.314Z,gyroscope sensor uncalibrated,0.8240572,0.9963212,-0.007941248,0.8240572,0.9963212,-0.007941248,3
867241195547624,2024-03-07T17:41:52.324Z,gyroscope sensor uncalibrated,0.45814893,0.64934975,-0.2406809,0.45814893,0.64934975,-0.2406809,3
867241205546524,2024-03-07T17:41:52.334Z,gyroscope sensor uncalibrated,0.11911872,0.24251351,-0.46181414,0.11911872,0.24251351,-0.46181414,3
867241215545490,2024-03-07T17:41:52.343Z,gyroscope sensor uncalibrated,-0.028710667,-0.15088372,-0.64812803,-0.028710667,-0.15088372,-0.64812803,3
867241225544456,2024-03-07T17:41:52.354Z,gyroscope sensor uncalibrated,-0.043982297,-0.5314528,-0.77518797,-0.043982297,-0.5314528,-0.77518797,3
867241235543456,2024-03-07T17:41:52.364Z,gyroscope sensor uncalibrated,-0.059864793,-0.8686504,-0.8155051,-0.059864793,-0.8686504,-0.8155051,3
867241245542422,2024-03-07T17:41:52.374Z,gyroscope sensor uncalibrated,-0.028710667,-1.0916162,-0.79168135,-0.028710667,-1.0916162,-0.79168135,3
867241255541455,2024-03-07T17:41:52.384Z,gyroscope sensor uncalibrated,0.07513642,-1.183246,-0.7470882,0.07513642,-1.183246,-0.7470882,3
867241265540488,2024-03-07T17:41:52.394Z,gyroscope sensor uncalibrated,0.18081611,-1.1136073,-0.69027776,0.18081611,-1.1136073,-0.69027776,3
867241275539521,2024-03-07T17:41:52.404Z,gyroscope sensor uncalibrated,0.26328292,-0.84788096,-0.61636305,0.26328292,-0.84788096,-0.61636305,3
867241285538621,2024-03-07T17:41:52.414Z,gyroscope sensor uncalibrated,0.34574974,-0.46670106,-0.5503896,0.34574974,-0.46670106,-0.5503896,3
867241295537721,2024-03-07T17:41:52.424Z,gyroscope sensor uncalibrated,0.4184427,-0.081855945,-0.50579643,0.4184427,-0.081855945,-0.50579643,3
867241305536754,2024-03-07T17:41:52.434Z,gyroscope sensor uncalibrated,0.5015204,0.3585779,-0.41172317,0.5015204,0.3585779,-0.41172317,3
867241315535854,2024-03-07T17:41:52.444Z,gyroscope sensor uncalibrated,0.4990769,0.6560693,-0.36041048,0.4990769,0.6560693,-0.36041048,3
867241325534954,2024-03-07T17:41:52.454Z,gyroscope sensor uncalibrated,0.40439278,0.906524,-0.376293,0.40439278,0.906524,-0.376293,3
867241335534054,2024-03-07T17:41:52.464Z,gyroscope sensor uncalibrated,0.2706133,1.0091494,-0.44532076,0.2706133,1.0091494,-0.44532076,3
867241345532754,2024-03-07T17:41:52.473Z,gyroscope sensor uncalibrated,0.13072516,0.9034697,-0.4392121,0.13072516,0.9034697,-0.4392121,3
867241355531854,2024-03-07T17:41:52.484Z,gyroscope sensor uncalibrated,0.084910266,0.6053675,-0.31031954,0.084910266,0.6053675,-0.31031954,3
867241365530954,2024-03-07T17:41:52.494Z,gyroscope sensor uncalibrated,0.16676621,0.17898351,-0.11178834,0.16676621,0.17898351,-0.11178834,3
867241375530054,2024-03-07T17:41:52.504Z,gyroscope sensor uncalibrated,0.31215215,-0.24984388,0.11789699,0.31215215,-0.24984388,0.11789699,3
867241385529087,2024-03-07T17:41:52.514Z,gyroscope sensor uncalibrated,0.4465425,-0.5815437,0.32742378,0.4465425,-0.5815437,0.32742378,3
867241395528187,2024-03-07T17:41:52.524Z,gyroscope sensor uncalibrated,0.5186246,-0.83199847,0.4801401,0.5186246,-0.83199847,0.4801401,3
867241405527287,2024-03-07T17:41:52.534Z,gyroscope sensor uncalibrated,0.47342056,-1.028697,0.5626069,0.47342056,-1.028697,0.5626069,3
867241415526320,2024-03-07T17:41:52.544Z,gyroscope sensor uncalibrated,0.32070425,-1.1685852,0.55833083,0.32070425,-1.1685852,0.55833083,3
867241425525420,2024-03-07T17:41:52.553Z,gyroscope sensor uncalibrated,0.111177474,-1.2253957,0.48197266,0.111177474,-1.2253957,0.48197266,3
867241435524520,2024-03-07T17:41:52.564Z,gyroscope sensor uncalibrated,-0.10751228,-1.169807,0.34513888,-0.10751228,-1.169807,0.34513888,3
867241445523620,2024-03-07T17:41:52.574Z,gyroscope sensor uncalibrated,-0.3023783,-1.0274754,0.16432275,-0.3023783,-1.0274754,0.16432275,3
867241455522720,2024-03-07T17:41:52.584Z,gyroscope sensor uncalibrated,-0.45204028,-0.829555,-0.022602014,-0.45204028,-0.829555,-0.022602014,3
867241465521820,2024-03-07T17:41:52.594Z,gyroscope sensor uncalibrated,-0.52656585,-0.6133087,-0.1704314,-0.52656585,-0.6133087,-0.1704314,3
867241475520920,2024-03-07T17:41:52.604Z,gyroscope sensor uncalibrated,-0.5045747,-0.4361578,-0.26450464,-0.5045747,-0.4361578,-0.26450464,3
867241485519986,2024-03-07T17:41:52.614Z,gyroscope sensor uncalibrated,-0.4129449,-0.29565877,-0.28710666,-0.4129449,-0.29565877,-0.28710666,3
867241495518986,2024-03-07T17:41:52.624Z,gyroscope sensor uncalibrated,-0.3286455,-0.18387043,-0.24801129,-0.3286455,-0.18387043,-0.24801129,3
867241505517952,2024-03-07T17:41:52.634Z,gyroscope sensor uncalibrated,-0.23762658,-0.1020145,-0.15210545,-0.23762658,-0.1020145,-0.15210545,3
867241515516852,2024-03-07T17:41:52.644Z,gyroscope sensor uncalibrated,-0.095294975,-0.016493361,0.029932396,-0.095294975,-0.016493361,0.029932396,3
867241525515685,2024-03-07T17:41:52.654Z,gyroscope sensor uncalibrated,0.007330383,0.017104227,0.16249016,0.007330383,0.017104227,0.16249016,3
867241535514551,2024-03-07T17:41:52.664Z,gyroscope sensor uncalibrated,0.08368854,0.06047566,0.26083946,0.08368854,0.06047566,0.26083946,3
867241545513384,2024-03-07T17:41:52.674Z,gyroscope sensor uncalibrated,0.096516706,0.12034045,0.3268129,0.096516706,0.12034045,0.3268129,3
867241555512150,2024-03-07T17:41:52.684Z,gyroscope sensor uncalibrated,0.064751714,0.16493362,0.36102137,0.064751714,0.16493362,0.36102137,3
867241565510950,2024-03-07T17:41:52.694Z,gyroscope sensor uncalibrated,0.03604105,0.18203785,0.35124752,0.03604105,0.18203785,0.35124752,3
867241575509683,2024-03-07T17:41:52.704Z,gyroscope sensor uncalibrated,0.007941248,0.17837265,0.32620203,0.007941248,0.17837265,0.32620203,3
867241585508416,2024-03-07T17:41:52.714Z,gyroscope sensor uncalibrated,-0.014660766,0.15332718,0.29016098,-0.014660766,0.15332718,0.29016098,3
867241595507149,2024-03-07T17:41:52.724Z,gyroscope sensor uncalibrated,-0.031154128,0.12095132,0.22418754,-0.031154128,0.12095132,0.22418754,3
867241605505882,2024-03-07T17:41:52.733Z,gyroscope sensor uncalibrated,-0.06169739,0.11178834,0.1459968,-0.06169739,0.11178834,0.1459968,3
867241615504615,2024-03-07T17:41:52.744Z,gyroscope sensor uncalibrated,-0.108123146,0.115453534,0.073303826,-0.108123146,0.115453534,0.073303826,3
867241625503381,2024-03-07T17:41:52.754Z,gyroscope sensor uncalibrated,-0.17287487,0.09712757,0.01160644,-0.17287487,0.09712757,0.01160644,3
867241635502081,2024-03-07T17:41:52.764Z,gyroscope sensor uncalibrated,-0.2443461,0.065973446,-0.015882496,-0.2443461,0.065973446,-0.015882496,3
867241645501247,2024-03-07T17:41:52.774Z,gyroscope sensor uncalibrated,-0.2883284,0.029321533,-0.018325957,-0.2883284,0.029321533,-0.018325957,3
867241655500013,2024-03-07T17:41:52.784Z,gyroscope sensor uncalibrated,-0.2950479,-0.0030543262,-0.004886922,-0.2950479,-0.0030543262,-0.004886922,3
867241665498713,2024-03-07T17:41:52.794Z,gyroscope sensor uncalibrated,-0.25350907,-0.02076942,-0.002443461,-0.25350907,-0.02076942,-0.002443461,3
867241675497479,2024-03-07T17:41:52.804Z,gyroscope sensor uncalibrated,-0.1777618,0.01282817,-0.03176499,-0.1777618,0.01282817,-0.03176499,3
867241685496245,2024-03-07T17:41:52.814Z,gyroscope sensor uncalibrated,-0.172264,0.1160644,-0.05131268,-0.172264,0.1160644,-0.05131268,3
867241695495011,2024-03-07T17:41:52.824Z,gyroscope sensor uncalibrated,-0.20891592,0.2773328,-0.07941248,-0.20891592,0.2773328,-0.07941248,3
867241705493777,2024-03-07T17:41:52.834Z,gyroscope sensor uncalibrated,-0.28160888,0.47342056,-0.081855945,-0.28160888,0.47342056,-0.081855945,3
867241715492543,2024-03-07T17:41:52.843Z,gyroscope sensor uncalibrated,-0.34147367,0.6420194,-0.03176499,-0.34147367,0.6420194,-0.03176499,3
867241725491309,2024-03-07T17:41:52.854Z,gyroscope sensor uncalibrated,-0.33108896,0.72082096,0.049480084,-0.33108896,0.72082096,0.049480084,3
867241735490075,2024-03-07T17:41:52.864Z,gyroscope sensor uncalibrated,-0.20891592,0.64996064,0.23762658,-0.20891592,0.64996064,0.23762658,3
867241745488775,2024-03-07T17:41:52.874Z,gyroscope sensor uncalibrated,-0.09162979,0.5039638,0.40133846,-0.09162979,0.5039638,0.40133846,3
867241755487541,2024-03-07T17:41:52.884Z,gyroscope sensor uncalibrated,0.01038471,0.26145032,0.54550266,0.01038471,0.26145032,0.54550266,3
867241765486307,2024-03-07T17:41:52.894Z,gyroscope sensor uncalibrated,0.076358154,-0.08735373,0.62858033,0.076358154,-0.08735373,0.62858033,3
867241775485007,2024-03-07T17:41:52.904Z,gyroscope sensor uncalibrated,0.08368854,-0.44776422,0.6780604,0.08368854,-0.44776422,0.6780604,3
867241785483773,2024-03-07T17:41:52.914Z,gyroscope sensor uncalibrated,0.036651913,-0.7165449,0.6933321,0.036651913,-0.7165449,0.6933321,3
867241795482539,2024-03-07T17:41:52.924Z,gyroscope sensor uncalibrated,0.0018325958,-0.87598073,0.679893,0.0018325958,-0.87598073,0.679893,3
867241805481239,2024-03-07T17:41:52.934Z,gyroscope sensor uncalibrated,0.01282817,-0.8723156,0.7031059,0.01282817,-0.8723156,0.7031059,3
867241815480005,2024-03-07T17:41:52.944Z,gyroscope sensor uncalibrated,0.0067195175,-0.68783426,0.7360926,0.0067195175,-0.68783426,0.7360926,3
867241825478771,2024-03-07T17:41:52.954Z,gyroscope sensor uncalibrated,-0.059864793,-0.37140608,0.74097955,-0.059864793,-0.37140608,0.74097955,3
867241835477537,2024-03-07T17:41:52.964Z,gyroscope sensor uncalibrated,-0.15210545,-0.07819075,0.65057147,-0.15210545,-0.07819075,0.65057147,3
867241845476303,2024-03-07T17:41:52.974Z,gyroscope sensor uncalibrated,-0.22174409,0.1740966,0.47586402,-0.22174409,0.1740966,0.47586402,3
867241855475069,2024-03-07T17:41:52.984Z,gyroscope sensor uncalibrated,-0.36102137,0.40317106,0.30176744,-0.36102137,0.40317106,0.30176744,3
867241865473835,2024-03-07T17:41:52.994Z,gyroscope sensor uncalibrated,-0.5326745,0.59803706,0.14782938,-0.5326745,0.59803706,0.14782938,3
867241875472601,2024-03-07T17:41:53.004Z,gyroscope sensor uncalibrated,-0.63529986,0.71776664,-0.00061086525,-0.63529986,0.71776664,-0.00061086525,3
867241885471301,2024-03-07T17:41:53.013Z,gyroscope sensor uncalibrated,-0.62980205,0.7275405,-0.12156218,-0.62980205,0.7275405,-0.12156218,3
867241895470067,2024-03-07T17:41:53.024Z,gyroscope sensor uncalibrated,-0.5516113,0.6603453,-0.17959438,-0.5516113,0.6603453,-0.17959438,3
867241905468833,2024-03-07T17:41:53.034Z,gyroscope sensor uncalibrated,-0.4569272,0.53878313,-0.19120082,-0.4569272,0.53878313,-0.19120082,3
867241915467533,2024-03-07T17:41:53.044Z,gyroscope sensor uncalibrated,-0.38240165,0.42088616,-0.21380283,-0.38240165,0.42088616,-0.21380283,3
867241925466266,2024-03-07T17:41:53.054Z,gyroscope sensor uncalibrated,-0.37568212,0.27366763,-0.28710666,-0.37568212,0.27366763,-0.28710666,3
867241935464999,2024-03-07T17:41:53.064Z,gyroscope sensor uncalibrated,-0.4147775,0.05009095,-0.37934732,-0.4147775,0.05009095,-0.37934732,3
867241945463732,2024-03-07T17:41:53.074Z,gyroscope sensor uncalibrated,-0.43188173,-0.48502702,-0.43127087,-0.43188173,-0.48502702,-0.43127087,3
867241955462465,2024-03-07T17:41:53.084Z,gyroscope sensor uncalibrated,-0.33108896,-0.8552113,-0.41905355,-0.33108896,-0.8552113,-0.41905355,3
867241965461198,2024-03-07T17:41:53.094Z,gyroscope sensor uncalibrated,-0.24678956,-1.1362094,-0.3933972,-0.24678956,-1.1362094,-0.3933972,3
867241975459931,2024-03-07T17:41:53.104Z,gyroscope sensor uncalibrated,-0.226631,-1.2657127,-0.37751472,-0.226631,-1.2657127,-0.37751472,3
867241985458664,2024-03-07T17:41:53.114Z,gyroscope sensor uncalibrated,-0.24984388,-1.282817,-0.41538838,-0.24984388,-1.282817,-0.41538838,3
867241995457330,2024-03-07T17:41:53.124Z,gyroscope sensor uncalibrated,-0.29565877,-1.1917981,-0.4636467,-0.29565877,-1.1917981,-0.4636467,3
867242005456063,2024-03-07T17:41:53.134Z,gyroscope sensor uncalibrated,-0.37568212,-1.0146471,-0.46609017,-0.37568212,-1.0146471,-0.46609017,3
867242015454796,2024-03-07T17:41:53.144Z,gyroscope sensor uncalibrated,-0.41355577,-0.82894415,-0.4642576,-0.41355577,-0.82894415,-0.4642576,3
867242025453496,2024-03-07T17:41:53.154Z,gyroscope sensor uncalibrated,-0.40439278,-0.65179324,-0.4654793,-0.40439278,-0.65179324,-0.4654793,3
867242035452262,2024-03-07T17:41:53.164Z,gyroscope sensor uncalibrated,-0.35796702,-0.5216789,-0.45631635,-0.35796702,-0.5216789,-0.45631635,3
867242045451028,2024-03-07T17:41:53.174Z,gyroscope sensor uncalibrated,-0.28588495,-0.4129449,-0.45265114,-0.28588495,-0.4129449,-0.45265114,3
867242055449728,2024-03-07T17:41:53.183Z,gyroscope sensor uncalibrated,-0.23151793,-0.3115413,-0.45937067,-0.23151793,-0.3115413,-0.45937067,3
867242065448494,2024-03-07T17:41:53.194Z,gyroscope sensor uncalibrated,-0.20586158,-0.19486602,-0.48258355,-0.20586158,-0.19486602,-0.48258355,3
867242075447260,2024-03-07T17:41:53.204Z,gyroscope sensor uncalibrated,-0.20586158,-0.0580322,-0.5149594,-0.20586158,-0.0580322,-0.5149594,3
867242085446026,2024-03-07T17:41:53.214Z,gyroscope sensor uncalibrated,-0.22968534,0.09407325,-0.5467244,-0.22968534,0.09407325,-0.5467244,3
867242095444792,2024-03-07T17:41:53.224Z,gyroscope sensor uncalibrated,-0.24923302,0.2510656,-0.5681047,-0.24923302,0.2510656,-0.5681047,3
867242105443558,2024-03-07T17:41:53.233Z,gyroscope sensor uncalibrated,-0.2602286,0.40683624,-0.5497787,-0.2602286,0.40683624,-0.5497787,3
867242115442324,2024-03-07T17:41:53.243Z,gyroscope sensor uncalibrated,-0.25778514,0.54061574,-0.48380527,-0.25778514,0.54061574,-0.48380527,3
867242125441090,2024-03-07T17:41:53.254Z,gyroscope sensor uncalibrated,-0.226631,0.6395759,-0.3866777,-0.226631,0.6395759,-0.3866777,3
867242135439790,2024-03-07T17:41:53.263Z,gyroscope sensor uncalibrated,-0.18448131,0.70554936,-0.26511553,-0.18448131,0.70554936,-0.26511553,3
867242145438556,2024-03-07T17:41:53.274Z,gyroscope sensor uncalibrated,-0.11362094,0.73731434,-0.15210545,-0.11362094,0.73731434,-0.15210545,3
867242155437322,2024-03-07T17:41:53.283Z,gyroscope sensor uncalibrated,0.02687807,0.74036866,-0.002443461,0.02687807,0.74036866,-0.002443461,3
867242165436022,2024-03-07T17:41:53.294Z,gyroscope sensor uncalibrated,0.12705997,0.7031059,0.089186326,0.12705997,0.7031059,0.089186326,3
867242175434788,2024-03-07T17:41:53.304Z,gyroscope sensor uncalibrated,0.21563543,0.6273586,0.1704314,0.21563543,0.6273586,0.1704314,3
867242185433554,2024-03-07T17:41:53.313Z,gyroscope sensor uncalibrated,0.312763,0.5308419,0.20891592,0.312763,0.5308419,0.20891592,3
867242195432320,2024-03-07T17:41:53.323Z,gyroscope sensor uncalibrated,0.43799037,0.49235737,0.19914207,0.43799037,0.49235737,0.19914207,3
867242205431086,2024-03-07T17:41:53.334Z,gyroscope sensor uncalibrated,0.5723807,0.52290064,0.13927728,0.5723807,0.52290064,0.13927728,3
867242215429852,2024-03-07T17:41:53.344Z,gyroscope sensor uncalibrated,0.66523224,0.47525316,0.05009095,0.66523224,0.47525316,0.05009095,3
867242225428618,2024-03-07T17:41:53.354Z,gyroscope sensor uncalibrated,0.6768387,0.3036,-0.06963864,0.6768387,0.3036,-0.06963864,3
867242235427384,2024-03-07T17:41:53.364Z,gyroscope sensor uncalibrated,0.5546656,0.086132,-0.18997909,0.5546656,0.086132,-0.18997909,3
867242245426084,2024-03-07T17:41:53.374Z,gyroscope sensor uncalibrated,0.32436943,-0.12950343,-0.3286455,0.32436943,-0.12950343,-0.3286455,3
867242255424850,2024-03-07T17:41:53.384Z,gyroscope sensor uncalibrated,0.10934488,-0.25900686,-0.49174652,0.10934488,-0.25900686,-0.49174652,3
867242265423616,2024-03-07T17:41:53.394Z,gyroscope sensor uncalibrated,0.010995574,-0.2724459,-0.6395759,0.010995574,-0.2724459,-0.6395759,3
867242275422349,2024-03-07T17:41:53.404Z,gyroscope sensor uncalibrated,0.020158553,-0.30543262,-0.72204274,0.020158553,-0.30543262,-0.72204274,3
867242285421149,2024-03-07T17:41:53.414Z,gyroscope sensor uncalibrated,0.049480084,-0.45081854,-0.7086037,0.049480084,-0.45081854,-0.7086037,3
867242295420915,2024-03-07T17:41:53.424Z,gyroscope sensor uncalibrated,0.12339478,-0.6084218,-0.61636305,0.12339478,-0.6084218,-0.61636305,3
867242305419815,2024-03-07T17:41:53.434Z,gyroscope sensor uncalibrated,0.26389378,-0.69027776,-0.49602258,0.26389378,-0.69027776,-0.49602258,3
867242315418781,2024-03-07T17:41:53.444Z,gyroscope sensor uncalibrated,0.40561453,-0.66523224,-0.3640757,0.40561453,-0.66523224,-0.3640757,3
867242325417747,2024-03-07T17:41:53.454Z,gyroscope sensor uncalibrated,0.5180137,-0.4990769,-0.2284636,0.5180137,-0.4990769,-0.2284636,3
867242335416713,2024-03-07T17:41:53.463Z,gyroscope sensor uncalibrated,0.6805039,-0.19547687,-0.095294975,0.6805039,-0.19547687,-0.095294975,3
867242345415713,2024-03-07T17:41:53.474Z,gyroscope sensor uncalibrated,0.8564331,0.15210545,0.0067195175,0.8564331,0.15210545,0.0067195175,3
867242355414779,2024-03-07T17:41:53.484Z,gyroscope sensor uncalibrated,0.99265605,0.45570546,0.061086524,0.99265605,0.45570546,0.061086524,3
867242365413845,2024-03-07T17:41:53.494Z,gyroscope sensor uncalibrated,0.97127575,0.89736104,0.039095376,0.97127575,0.89736104,0.039095376,3
867242375412911,2024-03-07T17:41:53.504Z,gyroscope sensor uncalibrated,0.77640975,1.2363913,-0.0720821,0.77640975,1.2363913,-0.0720821,3
867242385411911,2024-03-07T17:41:53.514Z,gyroscope sensor uncalibrated,0.5412266,1.4837917,-0.22113322,0.5412266,1.4837917,-0.22113322,3
867242395410977,2024-03-07T17:41:53.524Z,gyroscope sensor uncalibrated,0.4007276,1.5436565,-0.35063666,0.4007276,1.5436565,-0.35063666,3
867242405410043,2024-03-07T17:41:53.534Z,gyroscope sensor uncalibrated,0.37934732,1.4068227,-0.37751472,0.37934732,1.4068227,-0.37751472,3
867242415409043,2024-03-07T17:41:53.544Z,gyroscope sensor uncalibrated,0.44409904,1.1117748,-0.3286455,0.44409904,1.1117748,-0.3286455,3
867242425408109,2024-03-07T17:41:53.554Z,gyroscope sensor uncalibrated,0.58093286,0.816116,-0.19730948,0.58093286,0.816116,-0.19730948,3
867242435407175,2024-03-07T17:41:53.563Z,gyroscope sensor uncalibrated,0.711658,0.5552765,0.034208454,0.711658,0.5552765,0.034208454,3
867242445406241,2024-03-07T17:41:53.573Z,gyroscope sensor uncalibrated,0.78801614,0.26145032,0.29871312,0.78801614,0.26145032,0.29871312,3
867242455405307,2024-03-07T17:41:53.584Z,gyroscope sensor uncalibrated,0.8240572,-0.07086037,0.4709771,0.8240572,-0.07086037,0.4709771,3
867242465404373,2024-03-07T17:41:53.594Z,gyroscope sensor uncalibrated,0.77824235,-0.38545597,0.5516113,0.77824235,-0.38545597,0.5516113,3
867242475403439,2024-03-07T17:41:53.603Z,gyroscope sensor uncalibrated,0.66339964,-0.62980205,0.5766568,0.66339964,-0.62980205,0.5766568,3
867242485402505,2024-03-07T17:41:53.614Z,gyroscope sensor uncalibrated,0.52473325,-0.79901177,0.55771995,0.52473325,-0.79901177,0.55771995,3
867242495401505,2024-03-07T17:41:53.624Z,gyroscope sensor uncalibrated,0.4007276,-0.8680395,0.49846604,0.4007276,-0.8680395,0.49846604,3
867242505400571,2024-03-07T17:41:53.634Z,gyroscope sensor uncalibrated,0.3005457,-0.83016586,0.41905355,0.3005457,-0.83016586,0.41905355,3
867242515399637,2024-03-07T17:41:53.643Z,gyroscope sensor uncalibrated,0.21013765,-0.7049385,0.344528,0.21013765,-0.7049385,0.344528,3
867242525398637,2024-03-07T17:41:53.654Z,gyroscope sensor uncalibrated,0.15027285,-0.5345071,0.2779437,0.15027285,-0.5345071,0.2779437,3
867242535397703,2024-03-07T17:41:53.664Z,gyroscope sensor uncalibrated,0.15699236,-0.42760566,0.22174409,0.15699236,-0.42760566,0.22174409,3
867242545396769,2024-03-07T17:41:53.674Z,gyroscope sensor uncalibrated,0.23273966,-0.35002577,0.19914207,0.23273966,-0.35002577,0.19914207,3
867242555395769,2024-03-07T17:41:53.684Z,gyroscope sensor uncalibrated,0.32375857,-0.2510656,0.2144137,0.32375857,-0.2510656,0.2144137,3
867242565394835,2024-03-07T17:41:53.694Z,gyroscope sensor uncalibrated,0.39706242,-0.11911872,0.26328292,0.39706242,-0.11911872,0.26328292,3
867242575393868,2024-03-07T17:41:53.704Z,gyroscope sensor uncalibrated,0.46975538,0.105068825,0.3640757,0.46975538,0.105068825,0.3640757,3
867242585392901,2024-03-07T17:41:53.714Z,gyroscope sensor uncalibrated,0.5009095,0.25595254,0.43676865,0.5009095,0.25595254,0.43676865,3
867242595390967,2024-03-07T17:41:53.724Z,gyroscope sensor uncalibrated,0.47769663,0.408058,0.49602258,0.47769663,0.408058,0.49602258,3
867242605389833,2024-03-07T17:41:53.734Z,gyroscope sensor uncalibrated,0.40133846,0.5448918,0.5296202,0.40133846,0.5448918,0.5296202,3
867242615388699,2024-03-07T17:41:53.744Z,gyroscope sensor uncalibrated,0.3115413,0.6462954,0.5222898,0.3115413,0.6462954,0.5222898,3
867242625387532,2024-03-07T17:41:53.754Z,gyroscope sensor uncalibrated,0.23884831,0.7067711,0.4831944,0.23884831,0.7067711,0.4831944,3
867242635386298,2024-03-07T17:41:53.763Z,gyroscope sensor uncalibrated,0.19242255,0.71776664,0.44104472,0.19242255,0.71776664,0.44104472,3
867242645385098,2024-03-07T17:41:53.774Z,gyroscope sensor uncalibrated,0.20097467,0.67256266,0.3811799,0.20097467,0.67256266,0.3811799,3
867242655383831,2024-03-07T17:41:53.784Z,gyroscope sensor uncalibrated,0.22113322,0.6047566,0.3145956,0.22113322,0.6047566,0.3145956,3
867242665382497,2024-03-07T17:41:53.794Z,gyroscope sensor uncalibrated,0.20586158,0.5119051,0.25900686,0.20586158,0.5119051,0.25900686,3
867242675381230,2024-03-07T17:41:53.804Z,gyroscope sensor uncalibrated,0.16737708,0.37140608,0.20830505,0.16737708,0.37140608,0.20830505,3
867242685379963,2024-03-07T17:41:53.814Z,gyroscope sensor uncalibrated,0.13805555,0.18509217,0.16432275,0.13805555,0.18509217,0.16432275,3
867242695378696,2024-03-07T17:41:53.824Z,gyroscope sensor uncalibrated,0.12950343,-0.030543262,0.16065755,0.12950343,-0.030543262,0.16065755,3
867242705377429,2024-03-07T17:41:53.834Z,gyroscope sensor uncalibrated,0.11484267,-0.2321288,0.21991149,0.11484267,-0.2321288,0.21991149,3
867242715376162,2024-03-07T17:41:53.843Z,gyroscope sensor uncalibrated,0.08857546,-0.38240165,0.3005457,0.08857546,-0.38240165,0.3005457,3
867242725374895,2024-03-07T17:41:53.854Z,gyroscope sensor uncalibrated,0.044593163,-0.46181414,0.35918877,0.044593163,-0.46181414,0.35918877,3
867242735373628,2024-03-07T17:41:53.864Z,gyroscope sensor uncalibrated,-0.025045475,-0.48930305,0.3921755,-0.025045475,-0.48930305,0.3921755,3
867242745372328,2024-03-07T17:41:53.874Z,gyroscope sensor uncalibrated,-0.07147124,-0.48197266,0.40622538,-0.07147124,-0.48197266,0.40622538,3
867242755371094,2024-03-07T17:41:53.884Z,gyroscope sensor uncalibrated,-0.059253927,-0.45142943,0.37384954,-0.059253927,-0.45142943,0.37384954,3
867242765369860,2024-03-07T17:41:53.894Z,gyroscope sensor uncalibrated,-0.04337143,-0.43310347,0.31887165,-0.04337143,-0.43310347,0.31887165,3
867242775368560,2024-03-07T17:41:53.904Z,gyroscope sensor uncalibrated,-0.040317107,-0.41722095,0.31031954,-0.040317107,-0.41722095,0.31031954,3
867242785367326,2024-03-07T17:41:53.914Z,gyroscope sensor uncalibrated,-0.05681047,-0.4428773,0.34147367,-0.05681047,-0.4428773,0.34147367,3
867242795366092,2024-03-07T17:41:53.924Z,gyroscope sensor uncalibrated,-0.15454891,-0.6963864,0.48441613,-0.15454891,-0.6963864,0.48441613,3
867242805364792,2024-03-07T17:41:53.934Z,gyroscope sensor uncalibrated,-0.12889257,-0.93584555,0.59986967,-0.12889257,-0.93584555,0.59986967,3
867242815363558,2024-03-07T17:41:53.944Z,gyroscope sensor uncalibrated,-0.0030543262,-1.0641272,0.72265357,-0.0030543262,-1.0641272,0.72265357,3
867242825362324,2024-03-07T17:41:53.954Z,gyroscope sensor uncalibrated,0.09040806,-1.0384709,0.8038987,0.09040806,-1.0384709,0.8038987,3
867242835361090,2024-03-07T17:41:53.964Z,gyroscope sensor uncalibrated,0.119729586,-0.84116143,0.86926126,0.119729586,-0.84116143,0.86926126,3
867242845359856,2024-03-07T17:41:53.973Z,gyroscope sensor uncalibrated,0.12767084,-0.48075095,0.91507614,0.12767084,-0.48075095,0.91507614,3
867242855358622,2024-03-07T17:41:53.984Z,gyroscope sensor uncalibrated,0.105068825,-0.18570304,0.88331115,0.105068825,-0.18570304,0.88331115,3
867242865357388,2024-03-07T17:41:53.994Z,gyroscope sensor uncalibrated,0.070249505,-0.07391469,0.77396625,0.070249505,-0.07391469,0.77396625,3
867242875356154,2024-03-07T17:41:54.004Z,gyroscope sensor uncalibrated,0.004886922,0.02687807,0.6609562,0.004886922,0.02687807,0.6609562,3
867242885354854,2024-03-07T17:41:54.014Z,gyroscope sensor uncalibrated,-0.13622294,0.16310102,0.56077427,-0.13622294,0.16310102,0.56077427,3
867242895353620,2024-03-07T17:41:54.023Z,gyroscope sensor uncalibrated,-0.3652974,0.22602014,0.40744713,-0.3652974,0.22602014,0.40744713,3
867242905352386,2024-03-07T17:41:54.034Z,gyroscope sensor uncalibrated,-0.6078109,0.24923302,0.1777618,-0.6078109,0.24923302,0.1777618,3
867242915351086,2024-03-07T17:41:54.044Z,gyroscope sensor uncalibrated,-0.79901177,0.31215215,-0.10751228,-0.79901177,0.31215215,-0.10751228,3
867242925349852,2024-03-07T17:41:54.054Z,gyroscope sensor uncalibrated,-0.9682214,0.36163223,-0.37995818,-0.9682214,0.36163223,-0.37995818,3
867242935348618,2024-03-07T17:41:54.063Z,gyroscope sensor uncalibrated,-1.0641272,0.36468655,-0.6462954,-1.0641272,0.36468655,-0.6462954,3
867242945347384,2024-03-07T17:41:54.074Z,gyroscope sensor uncalibrated,-1.1044444,0.33169982,-0.87781334,-1.1044444,0.33169982,-0.87781334,3
867242955346150,2024-03-07T17:41:54.084Z,gyroscope sensor uncalibrated,-1.097114,0.204029,-0.9443977,-1.097114,0.204029,-0.9443977,3
867242965344916,2024-03-07T17:41:54.094Z,gyroscope sensor uncalibrated,-1.0238101,-0.007330383,-0.8784242,-1.0238101,-0.007330383,-0.8784242,3
867242975343682,2024-03-07T17:41:54.104Z,gyroscope sensor uncalibrated,-0.8900307,-0.27916542,-0.6994407,-0.8900307,-0.27916542,-0.6994407,3
867242985342448,2024-03-07T17:41:54.114Z,gyroscope sensor uncalibrated,-0.7079928,-0.56016344,-0.4813618,-0.7079928,-0.56016344,-0.4813618,3
867242995341148,2024-03-07T17:41:54.124Z,gyroscope sensor uncalibrated,-0.5290093,-0.7641924,-0.2706133,-0.5290093,-0.7641924,-0.2706133,3
867243005339914,2024-03-07T17:41:54.134Z,gyroscope sensor uncalibrated,-0.34391713,-0.8509353,-0.105068825,-0.34391713,-0.8509353,-0.105068825,3
867243015338680,2024-03-07T17:41:54.144Z,gyroscope sensor uncalibrated,-0.3408628,-0.7800749,-0.08735373,-0.3408628,-0.7800749,-0.08735373,3
867243025337380,2024-03-07T17:41:54.153Z,gyroscope sensor uncalibrated,-0.43982297,-0.68600166,-0.13988814,-0.43982297,-0.68600166,-0.13988814,3
867243035336146,2024-03-07T17:41:54.164Z,gyroscope sensor uncalibrated,-0.58032197,-0.6035349,-0.26450464,-0.58032197,-0.6035349,-0.26450464,3
867243045334879,2024-03-07T17:41:54.174Z,gyroscope sensor uncalibrated,-0.68966687,-0.5216789,-0.43249258,-0.68966687,-0.5216789,-0.43249258,3
867243055333545,2024-03-07T17:41:54.184Z,gyroscope sensor uncalibrated,-0.72082096,-0.45204028,-0.59559363,-0.72082096,-0.45204028,-0.59559363,3
867243065332278,2024-03-07T17:41:54.194Z,gyroscope sensor uncalibrated,-0.68111473,-0.39706242,-0.70921457,-0.68111473,-0.39706242,-0.70921457,3
867243075331011,2024-03-07T17:41:54.204Z,gyroscope sensor uncalibrated,-0.64812803,-0.36102137,-0.7672467,-0.64812803,-0.36102137,-0.7672467,3
867243085329744,2024-03-07T17:41:54.214Z,gyroscope sensor uncalibrated,-0.602924,-0.39095375,-0.7696902,-0.602924,-0.39095375,-0.7696902,3
867243095328477,2024-03-07T17:41:54.224Z,gyroscope sensor uncalibrated,-0.52290064,-0.41233405,-0.7281514,-0.52290064,-0.41233405,-0.7281514,3
867243105327210,2024-03-07T17:41:54.234Z,gyroscope sensor uncalibrated,-0.45875978,-0.37751472,-0.6542367,-0.45875978,-0.37751472,-0.6542367,3
867243115325943,2024-03-07T17:41:54.244Z,gyroscope sensor uncalibrated,-0.4184427,-0.30298916,-0.57848936,-0.4184427,-0.30298916,-0.57848936,3
867243125324676,2024-03-07T17:41:54.254Z,gyroscope sensor uncalibrated,-0.3817908,-0.21563543,-0.50762904,-0.3817908,-0.21563543,-0.50762904,3
867243135323342,2024-03-07T17:41:54.264Z,gyroscope sensor uncalibrated,-0.3390302,-0.076358154,-0.4288274,-0.3390302,-0.076358154,-0.4288274,3
867243145322075,2024-03-07T17:41:54.274Z,gyroscope sensor uncalibrated,-0.3213151,0.10140363,-0.2883284,-0.3213151,0.10140363,-0.2883284,3
867243155320108,2024-03-07T17:41:54.284Z,gyroscope sensor uncalibrated,-0.28344148,0.28771752,-0.1459968,-0.28344148,0.28771752,-0.1459968,3
867243165318108,2024-03-07T17:41:54.293Z,gyroscope sensor uncalibrated,-0.23518312,0.47952923,-0.017715093,-0.23518312,0.47952923,-0.017715093,3
867243175316174,2024-03-07T17:41:54.304Z,gyroscope sensor uncalibrated,-0.19853121,0.6579019,0.100792766,-0.19853121,0.6579019,0.100792766,3
867243185314940,2024-03-07T17:41:54.314Z,gyroscope sensor uncalibrated,-0.1777618,0.8155051,0.19792034,-0.1777618,0.8155051,0.19792034,3
867243195313706,2024-03-07T17:41:54.324Z,gyroscope sensor uncalibrated,-0.16432275,0.91874135,0.31337386,-0.16432275,0.91874135,0.31337386,3
867243205311772,2024-03-07T17:41:54.334Z,gyroscope sensor uncalibrated,-0.12767084,0.95722586,0.41722095,-0.12767084,0.95722586,0.41722095,3
867243215310538,2024-03-07T17:41:54.344Z,gyroscope sensor uncalibrated,-0.08552113,1.0598512,0.5821546,-0.08552113,1.0598512,0.5821546,3
867243225309304,2024-03-07T17:41:54.354Z,gyroscope sensor uncalibrated,-0.045814894,1.2089024,0.5870415,-0.045814894,1.2089024,0.5870415,3
867243235308070,2024-03-07T17:41:54.364Z,gyroscope sensor uncalibrated,0.007941248,1.3610078,0.4654793,0.007941248,1.3610078,0.4654793,3
867243245306770,2024-03-07T17:41:54.374Z,gyroscope sensor uncalibrated,0.07941248,1.3817772,0.16737708,0.07941248,1.3817772,0.16737708,3
867243255305536,2024-03-07T17:41:54.384Z,gyroscope sensor uncalibrated,0.054367006,1.1979067,-0.14966199,0.054367006,1.1979067,-0.14966199,3
867243265304302,2024-03-07T17:41:54.394Z,gyroscope sensor uncalibrated,-0.1386664,0.8546005,-0.4092797,-0.1386664,0.8546005,-0.4092797,3
867243275303002,2024-03-07T17:41:54.403Z,gyroscope sensor uncalibrated,-0.42821655,0.4569272,-0.6096435,-0.42821655,0.4569272,-0.6096435,3
867243285301768,2024-03-07T17:41:54.413Z,gyroscope sensor uncalibrated,-0.6273586,0.06047566,-0.7831292,-0.6273586,0.06047566,-0.7831292,3
867243295300534,2024-03-07T17:41:54.424Z,gyroscope sensor uncalibrated,-0.6542367,-0.32925636,-0.9388999,-0.6542367,-0.32925636,-0.9388999,3
867243305299234,2024-03-07T17:41:54.434Z,gyroscope sensor uncalibrated,-0.66339964,-0.72265357,-1.0720685,-0.66339964,-0.72265357,-1.0720685,3
867243315298000,2024-03-07T17:41:54.443Z,gyroscope sensor uncalibrated,-0.6939429,-1.0054842,-1.1172725,-0.6939429,-1.0054842,-1.1172725,3
867243325296766,2024-03-07T17:41:54.454Z,gyroscope sensor uncalibrated,-0.5992588,-1.128879,-1.078788,-0.5992588,-1.128879,-1.078788,3
867243335294632,2024-03-07T17:41:54.464Z,gyroscope sensor uncalibrated,-0.3744604,-1.0574077,-0.9266826,-0.3744604,-1.0574077,-0.9266826,3
867243345293398,2024-03-07T17:41:54.474Z,gyroscope sensor uncalibrated,-0.111177474,-0.6817256,-0.70554936,-0.111177474,-0.6817256,-0.70554936,3
867243355292164,2024-03-07T17:41:54.484Z,gyroscope sensor uncalibrated,0.14355333,-0.09712757,-0.47952923,0.14355333,-0.09712757,-0.47952923,3
867243365290930,2024-03-07T17:41:54.494Z,gyroscope sensor uncalibrated,0.3903429,0.32986724,-0.23335053,0.3903429,0.32986724,-0.23335053,3
867243375289730,2024-03-07T17:41:54.504Z,gyroscope sensor uncalibrated,0.6041457,0.6407976,0.02076942,0.6041457,0.6407976,0.02076942,3
867243385288496,2024-03-07T17:41:54.514Z,gyroscope sensor uncalibrated,0.6927212,0.9486737,0.19792034,0.6927212,0.9486737,0.19792034,3
867243395287329,2024-03-07T17:41:54.524Z,gyroscope sensor uncalibrated,0.5815437,1.1472049,0.28527406,0.5815437,1.1472049,0.28527406,3
867243405286229,2024-03-07T17:41:54.534Z,gyroscope sensor uncalibrated,0.3640757,1.2608259,0.15577064,0.3640757,1.2608259,0.15577064,3
867243415285062,2024-03-07T17:41:54.544Z,gyroscope sensor uncalibrated,0.08002335,1.2021828,-0.059253927,0.08002335,1.2021828,-0.059253927,3
867243425283962,2024-03-07T17:41:54.553Z,gyroscope sensor uncalibrated,-0.15577064,0.68661255,-0.17348573,-0.15577064,0.68661255,-0.17348573,3
867243435282862,2024-03-07T17:41:54.564Z,gyroscope sensor uncalibrated,-0.05497787,0.19730948,-0.12583824,-0.05497787,0.19730948,-0.12583824,3
867243445281762,2024-03-07T17:41:54.573Z,gyroscope sensor uncalibrated,0.17348573,-0.23945917,-0.03970624,0.17348573,-0.23945917,-0.03970624,3
867243455281362,2024-03-07T17:41:54.584Z,gyroscope sensor uncalibrated,0.33964106,-0.5900958,0.10262536,0.33964106,-0.5900958,0.10262536,3
867243465280928,2024-03-07T17:41:54.594Z,gyroscope sensor uncalibrated,0.41233405,-0.8979719,0.28771752,0.41233405,-0.8979719,0.28771752,3
867243475280494,2024-03-07T17:41:54.604Z,gyroscope sensor uncalibrated,0.37323865,-1.1184943,0.44409904,0.37323865,-1.1184943,0.44409904,3
867243485279360,2024-03-07T17:41:54.614Z,gyroscope sensor uncalibrated,0.26267207,-1.2382239,0.50946164,0.26267207,-1.2382239,0.50946164,3
867243495278160,2024-03-07T17:41:54.624Z,gyroscope sensor uncalibrated,0.12522738,-1.2180653,0.47036624,0.12522738,-1.2180653,0.47036624,3
867243505277026,2024-03-07T17:41:54.634Z,gyroscope sensor uncalibrated,0.0036651916,-1.0812315,0.35002577,0.0036651916,-1.0812315,0.35002577,3
867243515275892,2024-03-07T17:41:54.644Z,gyroscope sensor uncalibrated,-0.116675265,-0.8723156,0.20463985,-0.116675265,-0.8723156,0.20463985,3
867243525274692,2024-03-07T17:41:54.654Z,gyroscope sensor uncalibrated,-0.2443461,-0.6469063,0.08735373,-0.2443461,-0.6469063,0.08735373,3
867243535273558,2024-03-07T17:41:54.664Z,gyroscope sensor uncalibrated,-0.3231477,-0.43982297,0.007330383,-0.3231477,-0.43982297,0.007330383,3
867243545272424,2024-03-07T17:41:54.674Z,gyroscope sensor uncalibrated,-0.31581733,-0.28405234,-0.062308256,-0.31581733,-0.28405234,-0.062308256,3
867243555271224,2024-03-07T17:41:54.684Z,gyroscope sensor uncalibrated,-0.23823744,-0.17104226,-0.09590584,-0.23823744,-0.17104226,-0.09590584,3
867243565270090,2024-03-07T17:41:54.694Z,gyroscope sensor uncalibrated,-0.15699236,-0.08735373,-0.06169739,-0.15699236,-0.08735373,-0.06169739,3
867243575268956,2024-03-07T17:41:54.704Z,gyroscope sensor uncalibrated,-0.06536258,-0.048258353,0.007330383,-0.06536258,-0.048258353,0.007330383,3
867243585267822,2024-03-07T17:41:54.714Z,gyroscope sensor uncalibrated,0.027488936,-0.04520403,0.08979719,0.027488936,-0.04520403,0.08979719,3
867243595266688,2024-03-07T17:41:54.724Z,gyroscope sensor uncalibrated,0.1001819,-0.07452556,0.1704314,0.1001819,-0.07452556,0.1704314,3
867243605265554,2024-03-07T17:41:54.734Z,gyroscope sensor uncalibrated,0.13805555,-0.12156218,0.23090707,0.13805555,-0.12156218,0.23090707,3
867243615264420,2024-03-07T17:41:54.744Z,gyroscope sensor uncalibrated,0.09468412,-0.15515977,0.26511553,0.09468412,-0.15515977,0.26511553,3
867243624951398,2024-03-07T17:41:54.753Z,gyroscope sensor uncalibrated,0.010995574,-0.18081611,0.25534168,0.010995574,-0.18081611,0.25534168,3
867243634951098,2024-03-07T17:41:54.763Z,gyroscope sensor uncalibrated,-0.086132,-0.23151793,0.204029,-0.086132,-0.23151793,0.204029,3
867243644949964,2024-03-07T17:41:54.773Z,gyroscope sensor uncalibrated,-0.13561209,-0.24495697,0.059864793,-0.13561209,-0.24495697,0.059864793,3
867243654948830,2024-03-07T17:41:54.782Z,gyroscope sensor uncalibrated,-0.16493362,-0.23335053,-0.0421497,-0.16493362,-0.23335053,-0.0421497,3
867243664947630,2024-03-07T17:41:54.793Z,gyroscope sensor uncalibrated,-0.16737708,-0.21135938,-0.119729586,-0.16737708,-0.21135938,-0.119729586,3
867243674946463,2024-03-07T17:41:54.803Z,gyroscope sensor uncalibrated,-0.12889257,-0.1966986,-0.16982053,-0.12889257,-0.1966986,-0.16982053,3
867243684945263,2024-03-07T17:41:54.813Z,gyroscope sensor uncalibrated,-0.06352998,-0.17531833,-0.18570304,-0.06352998,-0.17531833,-0.18570304,3
867243694944063,2024-03-07T17:41:54.823Z,gyroscope sensor uncalibrated,0.02321288,-0.12461651,-0.15943582,0.02321288,-0.12461651,-0.15943582,3
867243704942796,2024-03-07T17:41:54.833Z,gyroscope sensor uncalibrated,0.13683382,-0.0421497,-0.09590584,0.13683382,-0.0421497,-0.09590584,3
867243714941529,2024-03-07T17:41:54.843Z,gyroscope sensor uncalibrated,0.23945917,0.086132,-0.0030543262,0.23945917,0.086132,-0.0030543262,3
867243724940262,2024-03-07T17:41:54.853Z,gyroscope sensor uncalibrated,0.28221974,0.23945917,0.1001819,0.28221974,0.23945917,0.1001819,3
867243734938995,2024-03-07T17:41:54.863Z,gyroscope sensor uncalibrated,0.2779437,0.3921755,0.18325958,0.2779437,0.3921755,0.18325958,3
867243744937661,2024-03-07T17:41:54.873Z,gyroscope sensor uncalibrated,0.25350907,0.5448918,0.24190263,0.25350907,0.5448918,0.24190263,3
867243754936394,2024-03-07T17:41:54.883Z,gyroscope sensor uncalibrated,0.20341812,0.6719518,0.2773328,0.20341812,0.6719518,0.2773328,3
867243764935127,2024-03-07T17:41:54.893Z,gyroscope sensor uncalibrated,0.11728613,0.7257079,0.2932153,0.11728613,0.7257079,0.2932153,3
867243774933827,2024-03-07T17:41:54.903Z,gyroscope sensor uncalibrated,0.022602014,0.7110472,0.30176744,0.022602014,0.7110472,0.30176744,3
867243784932593,2024-03-07T17:41:54.913Z,gyroscope sensor uncalibrated,-0.04337143,0.59437186,0.2742785,-0.04337143,0.59437186,0.2742785,3
867243794931359,2024-03-07T17:41:54.923Z,gyroscope sensor uncalibrated,-0.10445796,0.40683624,0.22968534,-0.10445796,0.40683624,0.22968534,3
867243804930759,2024-03-07T17:41:54.933Z,gyroscope sensor uncalibrated,-0.19608775,0.18020524,0.21197024,-0.19608775,0.18020524,0.21197024,3
867243814929525,2024-03-07T17:41:54.943Z,gyroscope sensor uncalibrated,-0.24190263,-0.06414085,0.21319197,-0.24190263,-0.06414085,0.21319197,3
867243824928291,2024-03-07T17:41:54.953Z,gyroscope sensor uncalibrated,-0.19853121,-0.33169982,0.2510656,-0.19853121,-0.33169982,0.2510656,3
867243834927057,2024-03-07T17:41:54.963Z,gyroscope sensor uncalibrated,-0.12095132,-0.67073005,0.32375857,-0.12095132,-0.67073005,0.32375857,3
867243844925823,2024-03-07T17:41:54.973Z,gyroscope sensor uncalibrated,-0.04642576,-1.0604621,0.42760566,-0.04642576,-1.0604621,0.42760566,3
867243854924589,2024-03-07T17:41:54.983Z,gyroscope sensor uncalibrated,0.08552113,-1.3500122,0.59559363,0.08552113,-1.3500122,0.59559363,3
867243864923355,2024-03-07T17:41:54.993Z,gyroscope sensor uncalibrated,0.226631,-1.1093313,0.68600166,0.226631,-1.1093313,0.68600166,3
867243874922121,2024-03-07T17:41:55.003Z,gyroscope sensor uncalibrated,0.32498032,-0.5369505,0.79534656,0.32498032,-0.5369505,0.79534656,3
867243884920821,2024-03-07T17:41:55.013Z,gyroscope sensor uncalibrated,0.3023783,0.06658431,0.883922,0.3023783,0.06658431,0.883922,3
867243894918887,2024-03-07T17:41:55.023Z,gyroscope sensor uncalibrated,0.258396,0.45020768,0.8374963,0.258396,0.45020768,0.8374963,3
867243904917653,2024-03-07T17:41:55.033Z,gyroscope sensor uncalibrated,0.22418754,0.70249504,0.68966687,0.22418754,0.70249504,0.68966687,3
867243914916353,2024-03-07T17:41:55.043Z,gyroscope sensor uncalibrated,0.17898351,0.88453287,0.5467244,0.17898351,0.88453287,0.5467244,3
867243924915119,2024-03-07T17:41:55.053Z,gyroscope sensor uncalibrated,0.11789699,1.0348058,0.45937067,0.11789699,1.0348058,0.45937067,3
867243934913885,2024-03-07T17:41:55.063Z,gyroscope sensor uncalibrated,0.05681047,1.1081096,0.38912117,0.05681047,1.1081096,0.38912117,3
867243944912651,2024-03-07T17:41:55.073Z,gyroscope sensor uncalibrated,-0.03359759,1.0671816,0.29749137,-0.03359759,1.0671816,0.29749137,3
867243954911417,2024-03-07T17:41:55.082Z,gyroscope sensor uncalibrated,-0.15393804,0.9761627,0.172264,-0.15393804,0.9761627,0.172264,3
867243964910183,2024-03-07T17:41:55.093Z,gyroscope sensor uncalibrated,-0.30115658,0.8753699,0.025045475,-0.30115658,0.8753699,0.025045475,3
867243974908949,2024-03-07T17:41:55.103Z,gyroscope sensor uncalibrated,-0.42577308,0.7855727,-0.1459968,-0.42577308,0.7855727,-0.1459968,3
867243984907715,2024-03-07T17:41:55.113Z,gyroscope sensor uncalibrated,-0.49541172,0.7257079,-0.3109304,-0.49541172,0.7257079,-0.3109304,3
867243994906415,2024-03-07T17:41:55.123Z,gyroscope sensor uncalibrated,-0.51923543,0.6230826,-0.4202753,-0.51923543,0.6230826,-0.4202753,3
867244004905181,2024-03-07T17:41:55.133Z,gyroscope sensor uncalibrated,-0.5119051,0.44715336,-0.45875978,-0.5119051,0.44715336,-0.45875978,3
867244014903947,2024-03-07T17:41:55.143Z,gyroscope sensor uncalibrated,-0.47342056,0.18448131,-0.4569272,-0.47342056,0.18448131,-0.4569272,3
867244024902647,2024-03-07T17:41:55.153Z,gyroscope sensor uncalibrated,-0.4166101,-0.112399206,-0.42210788,-0.4166101,-0.112399206,-0.42210788,3
867244034901413,2024-03-07T17:41:55.162Z,gyroscope sensor uncalibrated,-0.35735616,-0.37873647,-0.3555236,-0.35735616,-0.37873647,-0.3555236,3
867244044900179,2024-03-07T17:41:55.173Z,gyroscope sensor uncalibrated,-0.31215215,-0.5540548,-0.30176744,-0.31215215,-0.5540548,-0.30176744,3
867244054898879,2024-03-07T17:41:55.182Z,gyroscope sensor uncalibrated,-0.2846632,-0.6249151,-0.28099802,-0.2846632,-0.6249151,-0.28099802,3
867244064897645,2024-03-07T17:41:55.193Z,gyroscope sensor uncalibrated,-0.28405234,-0.5766568,-0.24190263,-0.28405234,-0.5766568,-0.24190263,3
867244074896378,2024-03-07T17:41:55.203Z,gyroscope sensor uncalibrated,-0.34330627,-0.51923543,-0.21502456,-0.34330627,-0.51923543,-0.21502456,3
867244084895111,2024-03-07T17:41:55.213Z,gyroscope sensor uncalibrated,-0.4092797,-0.43554693,-0.22174409,-0.4092797,-0.43554693,-0.22174409,3
867244094893844,2024-03-07T17:41:55.223Z,gyroscope sensor uncalibrated,-0.46486846,-0.32925636,-0.2565634,-0.46486846,-0.32925636,-0.2565634,3
867244104892577,2024-03-07T17:41:55.233Z,gyroscope sensor uncalibrated,-0.46120325,-0.23518312,-0.30848694,-0.46120325,-0.23518312,-0.30848694,3
867244114891310,2024-03-07T17:41:55.242Z,gyroscope sensor uncalibrated,-0.39584067,-0.17837265,-0.36713,-0.39584067,-0.17837265,-0.36713,3
867244124890043,2024-03-07T17:41:55.252Z,gyroscope sensor uncalibrated,-0.3036,-0.15393804,-0.40378192,-0.3036,-0.15393804,-0.40378192,3
867244134888709,2024-03-07T17:41:55.263Z,gyroscope sensor uncalibrated,-0.21868975,-0.15149458,-0.40317106,-0.21868975,-0.15149458,-0.40317106,3
867244144887442,2024-03-07T17:41:55.273Z,gyroscope sensor uncalibrated,-0.13622294,-0.172264,-0.38789943,-0.13622294,-0.172264,-0.38789943,3
867244154885475,2024-03-07T17:41:55.283Z,gyroscope sensor uncalibrated,-0.06291912,-0.19608775,-0.35308012,-0.06291912,-0.19608775,-0.35308012,3
867244164884141,2024-03-07T17:41:55.293Z,gyroscope sensor uncalibrated,-0.055588737,-0.18142697,-0.29932398,-0.055588737,-0.18142697,-0.29932398,3
867244174882874,2024-03-07T17:41:55.303Z,gyroscope sensor uncalibrated,-0.08979719,-0.15088372,-0.27855456,-0.08979719,-0.15088372,-0.27855456,3
867244184880940,2024-03-07T17:41:55.313Z,gyroscope sensor uncalibrated,-0.099571034,-0.12644911,-0.2938262,-0.099571034,-0.12644911,-0.2938262,3
867244194880373,2024-03-07T17:41:55.323Z,gyroscope sensor uncalibrated,-0.07696902,-0.07391469,-0.30665436,-0.07696902,-0.07391469,-0.30665436,3
867244204879139,2024-03-07T17:41:55.333Z,gyroscope sensor uncalibrated,-0.048258353,0.017715093,-0.29871312,-0.048258353,0.017715093,-0.29871312,3
867244214877905,2024-03-07T17:41:55.343Z,gyroscope sensor uncalibrated,-0.021380283,0.122783914,-0.2687807,-0.021380283,0.122783914,-0.2687807,3
867244224876671,2024-03-07T17:41:55.353Z,gyroscope sensor uncalibrated,0.013439035,0.22907446,-0.22113322,0.013439035,0.22907446,-0.22113322,3
867244234874737,2024-03-07T17:41:55.363Z,gyroscope sensor uncalibrated,0.047036625,0.3371976,-0.16493362,0.047036625,0.3371976,-0.16493362,3
867244244873437,2024-03-07T17:41:55.373Z,gyroscope sensor uncalibrated,0.07452556,0.43004912,-0.105068825,0.07452556,0.43004912,-0.105068825,3
867244254871537,2024-03-07T17:41:55.383Z,gyroscope sensor uncalibrated,0.089186326,0.4868596,-0.04886922,0.089186326,0.4868596,-0.04886922,3
867244264870303,2024-03-07T17:41:55.393Z,gyroscope sensor uncalibrated,0.1001819,0.51251596,0.010995574,0.1001819,0.51251596,0.010995574,3
867244274869003,2024-03-07T17:41:55.403Z,gyroscope sensor uncalibrated,0.13927728,0.5290093,0.09040806,0.13927728,0.5290093,0.09040806,3
867244284867769,2024-03-07T17:41:55.413Z,gyroscope sensor uncalibrated,0.18387043,0.5235115,0.11911872,0.18387043,0.5235115,0.11911872,3
867244294866535,2024-03-07T17:41:55.423Z,gyroscope sensor uncalibrated,0.22907446,0.5039638,0.12339478,0.22907446,0.5039638,0.12339478,3
867244304865235,2024-03-07T17:41:55.433Z,gyroscope sensor uncalibrated,0.29810223,0.46853364,0.095294975,0.29810223,0.46853364,0.095294975,3
867244314864001,2024-03-07T17:41:55.442Z,gyroscope sensor uncalibrated,0.41599923,0.40194935,0.018325957,0.41599923,0.40194935,0.018325957,3
867244324862767,2024-03-07T17:41:55.452Z,gyroscope sensor uncalibrated,0.47158796,0.20647246,-0.09040806,0.47158796,0.20647246,-0.09040806,3
867244334861533,2024-03-07T17:41:55.463Z,gyroscope sensor uncalibrated,0.3549127,-0.073303826,-0.22113322,0.3549127,-0.073303826,-0.22113322,3
867244344860299,2024-03-07T17:41:55.473Z,gyroscope sensor uncalibrated,0.13255776,-0.35124752,-0.3915646,0.13255776,-0.35124752,-0.3915646,3
867244354859065,2024-03-07T17:41:55.482Z,gyroscope sensor uncalibrated,-0.06780604,-0.55833083,-0.56505036,-0.06780604,-0.55833083,-0.56505036,3
867244364857831,2024-03-07T17:41:55.493Z,gyroscope sensor uncalibrated,-0.16737708,-0.6792821,-0.68416905,-0.16737708,-0.6792821,-0.68416905,3
867244374856597,2024-03-07T17:41:55.503Z,gyroscope sensor uncalibrated,-0.16982053,-0.77274454,-0.7293731,-0.16982053,-0.77274454,-0.7293731,3
867244384855297,2024-03-07T17:41:55.513Z,gyroscope sensor uncalibrated,-0.093462385,-0.8765916,-0.70554936,-0.093462385,-0.8765916,-0.70554936,3
867244394854063,2024-03-07T17:41:55.523Z,gyroscope sensor uncalibrated,0.02443461,-0.9737192,-0.61941737,0.02443461,-0.9737192,-0.61941737,3
867244404852829,2024-03-07T17:41:55.533Z,gyroscope sensor uncalibrated,0.15454891,-0.9816604,-0.48747048,0.15454891,-0.9816604,-0.48747048,3
867244414851562,2024-03-07T17:41:55.543Z,gyroscope sensor uncalibrated,0.26450464,-0.89858276,-0.35063666,0.26450464,-0.89858276,-0.35063666,3
867244424850362,2024-03-07T17:41:55.553Z,gyroscope sensor uncalibrated,0.3359759,-0.6462954,-0.25900686,0.3359759,-0.6462954,-0.25900686,3
867244434849262,2024-03-07T17:41:55.563Z,gyroscope sensor uncalibrated,0.39461896,-0.19792034,-0.2284636,0.39461896,-0.19792034,-0.2284636,3
867244444848162,2024-03-07T17:41:55.573Z,gyroscope sensor uncalibrated,0.49296826,0.20891592,-0.21746802,0.49296826,0.20891592,-0.21746802,3
867244454847828,2024-03-07T17:41:55.583Z,gyroscope sensor uncalibrated,0.63346726,0.40011674,-0.17898351,0.63346726,0.40011674,-0.17898351,3
867244464846828,2024-03-07T17:41:55.593Z,gyroscope sensor uncalibrated,0.69027776,0.45570546,-0.11789699,0.69027776,0.45570546,-0.11789699,3
867244474845828,2024-03-07T17:41:55.603Z,gyroscope sensor uncalibrated,0.57971114,0.58459806,-0.092240654,0.57971114,0.58459806,-0.092240654,3
867244484845528,2024-03-07T17:41:55.613Z,gyroscope sensor uncalibrated,0.20525073,0.8185594,-0.17592919,0.20525073,0.8185594,-0.17592919,3
867244494844561,2024-03-07T17:41:55.623Z,gyroscope sensor uncalibrated,-0.022602014,0.7501425,-0.28710666,-0.022602014,0.7501425,-0.28710666,3
867244504843627,2024-03-07T17:41:55.632Z,gyroscope sensor uncalibrated,-0.16432275,0.56505036,-0.40133846,-0.16432275,0.56505036,-0.40133846,3
867244514842693,2024-03-07T17:41:55.643Z,gyroscope sensor uncalibrated,-0.22052236,0.31642818,-0.4642576,-0.22052236,0.31642818,-0.4642576,3
867244524841693,2024-03-07T17:41:55.653Z,gyroscope sensor uncalibrated,-0.16493362,0.12705997,-0.44043383,-0.16493362,0.12705997,-0.44043383,3
867244534841459,2024-03-07T17:41:55.663Z,gyroscope sensor uncalibrated,-0.04337143,0.053145275,-0.28955013,-0.04337143,0.053145275,-0.28955013,3
867244544840525,2024-03-07T17:41:55.673Z,gyroscope sensor uncalibrated,0.09773844,0.027488936,-0.06291912,0.09773844,0.027488936,-0.06291912,3
867244554840191,2024-03-07T17:41:55.683Z,gyroscope sensor uncalibrated,0.22235495,-0.04153884,0.119729586,0.22235495,-0.04153884,0.119729586,3
867244564839257,2024-03-07T17:41:55.693Z,gyroscope sensor uncalibrated,0.26633725,-0.14782938,0.24312437,0.26633725,-0.14782938,0.24312437,3
867244574838323,2024-03-07T17:41:55.703Z,gyroscope sensor uncalibrated,0.2321288,-0.27916542,0.31520647,0.2321288,-0.27916542,0.31520647,3
867244584837389,2024-03-07T17:41:55.713Z,gyroscope sensor uncalibrated,0.17531833,-0.4007276,0.32436943,0.17531833,-0.4007276,0.32436943,3
867244594836455,2024-03-07T17:41:55.723Z,gyroscope sensor uncalibrated,0.1001819,-0.47403142,0.28771752,0.1001819,-0.47403142,0.28771752,3
867244604835521,2024-03-07T17:41:55.733Z,gyroscope sensor uncalibrated,0.023823744,-0.48930305,0.21930063,0.023823744,-0.48930305,0.21930063,3
867244614834587,2024-03-07T17:41:55.743Z,gyroscope sensor uncalibrated,-0.04337143,-0.46303585,0.1337795,-0.04337143,-0.46303585,0.1337795,3
867244624833653,2024-03-07T17:41:55.753Z,gyroscope sensor uncalibrated,-0.08857546,-0.43310347,0.04520403,-0.08857546,-0.43310347,0.04520403,3
867244634832653,2024-03-07T17:41:55.763Z,gyroscope sensor uncalibrated,-0.10934488,-0.4166101,-0.019547688,-0.10934488,-0.4166101,-0.019547688,3
867244644831719,2024-03-07T17:41:55.773Z,gyroscope sensor uncalibrated,-0.111177474,-0.40744713,-0.044593163,-0.111177474,-0.40744713,-0.044593163,3
867244654830785,2024-03-07T17:41:55.783Z,gyroscope sensor uncalibrated,-0.10262536,-0.39706242,-0.029932396,-0.10262536,-0.39706242,-0.029932396,3
867244664829785,2024-03-07T17:41:55.792Z,gyroscope sensor uncalibrated,-0.10140363,-0.37507126,0.009773844,-0.10140363,-0.37507126,0.009773844,3
867244674828851,2024-03-07T17:41:55.803Z,gyroscope sensor uncalibrated,-0.11178834,-0.3408628,0.07269296,-0.11178834,-0.3408628,0.07269296,3
867244684827917,2024-03-07T17:41:55.813Z,gyroscope sensor uncalibrated,-0.08857546,-0.29810223,0.14110987,-0.08857546,-0.29810223,0.14110987,3
867244694826983,2024-03-07T17:41:55.823Z,gyroscope sensor uncalibrated,-0.0421497,-0.22296582,0.20219639,-0.0421497,-0.22296582,0.20219639,3
867244704826049,2024-03-07T17:41:55.832Z,gyroscope sensor uncalibrated,-0.03970624,-0.026267206,0.27977628,-0.03970624,-0.026267206,0.27977628,3
867244714825082,2024-03-07T17:41:55.843Z,gyroscope sensor uncalibrated,-0.0842994,0.0720821,0.29932398,-0.0842994,0.0720821,0.29932398,3
867244724824115,2024-03-07T17:41:55.853Z,gyroscope sensor uncalibrated,-0.14782938,0.14844026,0.27855456,-0.14782938,0.14844026,0.27855456,3
867244734823048,2024-03-07T17:41:55.863Z,gyroscope sensor uncalibrated,-0.21563543,0.24984388,0.23151793,-0.21563543,0.24984388,0.23151793,3
867244744821914,2024-03-07T17:41:55.873Z,gyroscope sensor uncalibrated,-0.26328292,0.37812558,0.17470746,-0.26328292,0.37812558,0.17470746,3
867244754820780,2024-03-07T17:41:55.883Z,gyroscope sensor uncalibrated,-0.28221974,0.51068336,0.12889257,-0.28221974,0.51068336,0.12889257,3
867244764819613,2024-03-07T17:41:55.893Z,gyroscope sensor uncalibrated,-0.26511553,0.6267477,0.105068825,-0.26511553,0.6267477,0.105068825,3
867244774818379,2024-03-07T17:41:55.903Z,gyroscope sensor uncalibrated,-0.23823744,0.6963864,0.1020145,-0.23823744,0.6963864,0.1020145,3
867244784817179,2024-03-07T17:41:55.913Z,gyroscope sensor uncalibrated,-0.21868975,0.72204274,0.103847094,-0.21868975,0.72204274,0.103847094,3
867244794815912,2024-03-07T17:41:55.923Z,gyroscope sensor uncalibrated,-0.20219639,0.7263188,0.093462385,-0.20219639,0.7263188,0.093462385,3
867244804814578,2024-03-07T17:41:55.933Z,gyroscope sensor uncalibrated,-0.16982053,0.72143185,0.07086037,-0.16982053,0.72143185,0.07086037,3
867244814813311,2024-03-07T17:41:55.943Z,gyroscope sensor uncalibrated,-0.13072516,0.6774496,0.055588737,-0.13072516,0.6774496,0.055588737,3
867244824812044,2024-03-07T17:41:55.953Z,gyroscope sensor uncalibrated,-0.10629055,0.58093286,0.049480084,-0.10629055,0.58093286,0.049480084,3
867244834810777,2024-03-07T17:41:55.963Z,gyroscope sensor uncalibrated,-0.1459968,0.42394048,0.047647487,-0.1459968,0.42394048,0.047647487,3
867244844809510,2024-03-07T17:41:55.973Z,gyroscope sensor uncalibrated,-0.26939157,0.19120082,0.059864793,-0.26939157,0.19120082,0.059864793,3
867244854808243,2024-03-07T17:41:55.983Z,gyroscope sensor uncalibrated,-0.3811799,-0.0720821,0.087964594,-0.3811799,-0.0720821,0.087964594,3
867244864806976,2024-03-07T17:41:55.993Z,gyroscope sensor uncalibrated,-0.39645153,-0.32925636,0.12583824,-0.39645153,-0.32925636,0.12583824,3
867244874805709,2024-03-07T17:41:56.003Z,gyroscope sensor uncalibrated,-0.30176744,-0.56505036,0.16676621,-0.30176744,-0.56505036,0.16676621,3
867244884804375,2024-03-07T17:41:56.013Z,gyroscope sensor uncalibrated,-0.15577064,-0.7348709,0.23090707,-0.15577064,-0.7348709,0.23090707,3
867244894803108,2024-03-07T17:41:56.023Z,gyroscope sensor uncalibrated,-0.028710667,-0.79168135,0.34269542,-0.028710667,-0.79168135,0.34269542,3
867244904801874,2024-03-07T17:41:56.033Z,gyroscope sensor uncalibrated,0.07391469,-0.74281216,0.47036624,0.07391469,-0.74281216,0.47036624,3
867244914800574,2024-03-07T17:41:56.043Z,gyroscope sensor uncalibrated,0.21563543,-0.6084218,0.6640105,0.21563543,-0.6084218,0.6640105,3
867244924799340,2024-03-07T17:41:56.052Z,gyroscope sensor uncalibrated,0.39767328,-0.4428773,0.77824235,0.39767328,-0.4428773,0.77824235,3
867244934798106,2024-03-07T17:41:56.063Z,gyroscope sensor uncalibrated,0.6444628,-0.06658431,0.9126327,0.6444628,-0.06658431,0.9126327,3
867244944796872,2024-03-07T17:41:56.073Z,gyroscope sensor uncalibrated,0.8173377,0.312763,1.0598512,0.8173377,0.312763,1.0598512,3
867244954795638,2024-03-07T17:41:56.083Z,gyroscope sensor uncalibrated,0.7324274,0.28038713,1.1044444,0.7324274,0.28038713,1.1044444,3
867244964794404,2024-03-07T17:41:56.093Z,gyroscope sensor uncalibrated,0.59131753,0.09040806,1.0574077,0.59131753,0.09040806,1.0574077,3
867244974793170,2024-03-07T17:41:56.102Z,gyroscope sensor uncalibrated,0.47769663,-0.004276057,1.0512991,0.47769663,-0.004276057,1.0512991,3
867244984791936,2024-03-07T17:41:56.113Z,gyroscope sensor uncalibrated,0.46609017,-0.08552113,1.0567969,0.46609017,-0.08552113,1.0567969,3
867244994790636,2024-03-07T17:41:56.123Z,gyroscope sensor uncalibrated,0.3933972,-0.18936823,1.0415252,0.3933972,-0.18936823,1.0415252,3
867245004789402,2024-03-07T17:41:56.133Z,gyroscope sensor uncalibrated,0.24251351,-0.32559118,0.893085,0.24251351,-0.32559118,0.893085,3
867245014788168,2024-03-07T17:41:56.143Z,gyroscope sensor uncalibrated,0.034208454,-0.43188173,0.54061574,0.034208454,-0.43188173,0.54061574,3
867245024786868,2024-03-07T17:41:56.153Z,gyroscope sensor uncalibrated,-0.22235495,-0.39645153,0.058643065,-0.22235495,-0.39645153,0.058643065,3
867245034785634,2024-03-07T17:41:56.163Z,gyroscope sensor uncalibrated,-0.5546656,-0.22724187,-0.4007276,-0.5546656,-0.22724187,-0.4007276,3
867245044784400,2024-03-07T17:41:56.173Z,gyroscope sensor uncalibrated,-0.8570439,-0.11362094,-0.8014552,-0.8570439,-0.11362094,-0.8014552,3
867245054783100,2024-03-07T17:41:56.183Z,gyroscope sensor uncalibrated,-1.024421,-0.030543262,-1.0500773,-1.024421,-0.030543262,-1.0500773,3
867245064781866,2024-03-07T17:41:56.193Z,gyroscope sensor uncalibrated,-0.9816604,0.026267206,-1.1343768,-0.9816604,0.026267206,-1.1343768,3
867245074780632,2024-03-07T17:41:56.203Z,gyroscope sensor uncalibrated,-0.74036866,0.014049901,-1.0482447,-0.74036866,0.014049901,-1.0482447,3
867245084779398,2024-03-07T17:41:56.213Z,gyroscope sensor uncalibrated,-0.462425,-0.06658431,-0.8136725,-0.462425,-0.06658431,-0.8136725,3
867245094778164,2024-03-07T17:41:56.223Z,gyroscope sensor uncalibrated,-0.2302962,-0.19425514,-0.50701815,-0.2302962,-0.19425514,-0.50701815,3
867245104776930,2024-03-07T17:41:56.233Z,gyroscope sensor uncalibrated,-0.062308256,-0.27855456,-0.21502456,-0.062308256,-0.27855456,-0.21502456,3
867245114775696,2024-03-07T17:41:56.242Z,gyroscope sensor uncalibrated,0.032375857,-0.30665436,-0.002443461,0.032375857,-0.30665436,-0.002443461,3
867245124774462,2024-03-07T17:41:56.253Z,gyroscope sensor uncalibrated,0.042760566,-0.28099802,0.13561209,0.042760566,-0.28099802,0.13561209,3
867245134773162,2024-03-07T17:41:56.263Z,gyroscope sensor uncalibrated,-0.04337143,-0.23273966,0.14966199,-0.04337143,-0.23273966,0.14966199,3
867245144771928,2024-03-07T17:41:56.272Z,gyroscope sensor uncalibrated,-0.13988814,-0.20830505,0.092240654,-0.13988814,-0.20830505,0.092240654,3
867245154804028,2024-03-07T17:41:56.283Z,gyroscope sensor uncalibrated,-0.18753563,-0.20891592,-0.017715093,-0.18753563,-0.20891592,-0.017715093,3
867245164835361,2024-03-07T17:41:56.293Z,gyroscope sensor uncalibrated,-0.17470746,-0.22540927,-0.13255776,-0.17470746,-0.22540927,-0.13255776,3
867245174866527,2024-03-07T17:41:56.303Z,gyroscope sensor uncalibrated,-0.12095132,-0.25778514,-0.22113322,-0.12095132,-0.25778514,-0.22113322,3
867245184897927,2024-03-07T17:41:56.313Z,gyroscope sensor uncalibrated,-0.056199603,-0.30543262,-0.2828306,-0.056199603,-0.30543262,-0.2828306,3
867245194929260,2024-03-07T17:41:56.323Z,gyroscope sensor uncalibrated,0.004886922,-0.36285394,-0.34574974,0.004886922,-0.36285394,-0.34574974,3
867245204961326,2024-03-07T17:41:56.333Z,gyroscope sensor uncalibrated,0.04153884,-0.39828414,-0.39278635,0.04153884,-0.39828414,-0.39278635,3
867245214993392,2024-03-07T17:41:56.343Z,gyroscope sensor uncalibrated,0.035430185,-0.4269948,-0.45142943,0.035430185,-0.4269948,-0.45142943,3
867245225025458,2024-03-07T17:41:56.354Z,gyroscope sensor uncalibrated,-0.009162978,-0.42332962,-0.5009095,-0.009162978,-0.42332962,-0.5009095,3
867245235057524,2024-03-07T17:41:56.364Z,gyroscope sensor uncalibrated,-0.06780604,-0.3903429,-0.52290064,-0.06780604,-0.3903429,-0.52290064,3
867245245089524,2024-03-07T17:41:56.374Z,gyroscope sensor uncalibrated,-0.11728613,-0.33169982,-0.5235115,-0.11728613,-0.33169982,-0.5235115,3
867245255121590,2024-03-07T17:41:56.383Z,gyroscope sensor uncalibrated,-0.13805555,-0.27000242,-0.50762904,-0.13805555,-0.27000242,-0.50762904,3
867245265153656,2024-03-07T17:41:56.394Z,gyroscope sensor uncalibrated,-0.116675265,-0.21319197,-0.4373795,-0.116675265,-0.21319197,-0.4373795,3
867245275185656,2024-03-07T17:41:56.404Z,gyroscope sensor uncalibrated,-0.04337143,-0.1423316,-0.33353242,-0.04337143,-0.1423316,-0.33353242,3
867245285217722,2024-03-07T17:41:56.414Z,gyroscope sensor uncalibrated,0.05681047,-0.026267206,-0.19120082,0.05681047,-0.026267206,-0.19120082,3
867245295249788,2024-03-07T17:41:56.424Z,gyroscope sensor uncalibrated,0.25228736,0.18387043,0.09590584,0.25228736,0.18387043,0.09590584,3
867245305281821,2024-03-07T17:41:56.434Z,gyroscope sensor uncalibrated,0.34513888,0.32803464,0.2779437,0.34513888,0.32803464,0.2779437,3
867245315312987,2024-03-07T17:41:56.444Z,gyroscope sensor uncalibrated,0.39950588,0.46609017,0.39828414,0.39950588,0.46609017,0.39828414,3
867245325345087,2024-03-07T17:41:56.454Z,gyroscope sensor uncalibrated,0.40561453,0.59803706,0.4886922,0.40561453,0.59803706,0.4886922,3
867245335377187,2024-03-07T17:41:56.463Z,gyroscope sensor uncalibrated,0.37812558,0.6976081,0.5571091,0.37812558,0.6976081,0.5571091,3
867245345409287,2024-03-07T17:41:56.474Z,gyroscope sensor uncalibrated,0.37140608,0.7654142,0.61758476,0.37140608,0.7654142,0.61758476,3
867245355441387,2024-03-07T17:41:56.484Z,gyroscope sensor uncalibrated,0.42577308,0.77274454,0.64568454,0.42577308,0.77274454,0.64568454,3
867245365473487,2024-03-07T17:41:56.493Z,gyroscope sensor uncalibrated,0.52106804,0.75441855,0.63224554,0.52106804,0.75441855,0.63224554,3
867245375505587,2024-03-07T17:41:56.504Z,gyroscope sensor uncalibrated,0.6053675,0.73792523,0.59681535,0.6053675,0.73792523,0.59681535,3
867245385537620,2024-03-07T17:41:56.514Z,gyroscope sensor uncalibrated,0.6914995,0.66523224,0.4868596,0.6914995,0.66523224,0.4868596,3
867245395569720,2024-03-07T17:41:56.524Z,gyroscope sensor uncalibrated,0.7110472,0.44226643,0.312763,0.7110472,0.44226643,0.312763,3
867245405601820,2024-03-07T17:41:56.534Z,gyroscope sensor uncalibrated,0.5919284,0.15760323,0.093462385,0.5919284,0.15760323,0.093462385,3
867245415633853,2024-03-07T17:41:56.543Z,gyroscope sensor uncalibrated,0.3371976,-0.069027774,-0.14049901,0.3371976,-0.069027774,-0.14049901,3
867245425665953,2024-03-07T17:41:56.554Z,gyroscope sensor uncalibrated,0.077579886,-0.2406809,-0.36835176,0.077579886,-0.2406809,-0.36835176,3
867245435698053,2024-03-07T17:41:56.564Z,gyroscope sensor uncalibrated,-0.062308256,-0.42638394,-0.5558874,-0.062308256,-0.42638394,-0.5558874,3
867245445730086,2024-03-07T17:41:56.574Z,gyroscope sensor uncalibrated,-0.096516706,-0.64996064,-0.643852,-0.096516706,-0.64996064,-0.643852,3
867245455728852,2024-03-07T17:41:56.584Z,gyroscope sensor uncalibrated,-0.057421334,-0.820392,-0.6188065,-0.057421334,-0.820392,-0.6188065,3
867245465728318,2024-03-07T17:41:56.594Z,gyroscope sensor uncalibrated,0.07452556,-0.8405506,-0.52534413,0.07452556,-0.8405506,-0.52534413,3
867245475728018,2024-03-07T17:41:56.604Z,gyroscope sensor uncalibrated,0.24556783,-0.66950834,-0.39400807,0.24556783,-0.66950834,-0.39400807,3
867245485727484,2024-03-07T17:41:56.613Z,gyroscope sensor uncalibrated,0.37812558,-0.20586158,-0.32742378,0.37812558,-0.20586158,-0.32742378,3
867245495726950,2024-03-07T17:41:56.624Z,gyroscope sensor uncalibrated,0.5552765,0.3023783,-0.34269542,0.5552765,0.3023783,-0.34269542,3
867245505725716,2024-03-07T17:41:56.634Z,gyroscope sensor uncalibrated,0.75869465,0.7965683,-0.31031954,0.75869465,0.7965683,-0.31031954,3
867245515724516,2024-03-07T17:41:56.644Z,gyroscope sensor uncalibrated,0.7959574,0.9596693,-0.21380283,0.7959574,0.9596693,-0.21380283,3
867245525723282,2024-03-07T17:41:56.654Z,gyroscope sensor uncalibrated,0.6994407,1.0818423,-0.14294247,0.6994407,1.0818423,-0.14294247,3
867245535722115,2024-03-07T17:41:56.664Z,gyroscope sensor uncalibrated,0.50640726,1.1771374,-0.12644911,0.50640726,1.1771374,-0.12644911,3
867245545721015,2024-03-07T17:41:56.674Z,gyroscope sensor uncalibrated,0.27672195,1.169807,-0.22113322,0.27672195,1.169807,-0.22113322,3
867245555719848,2024-03-07T17:41:56.684Z,gyroscope sensor uncalibrated,0.08368854,0.98837996,-0.3213151,0.08368854,0.98837996,-0.3213151,3
867245565718748,2024-03-07T17:41:56.694Z,gyroscope sensor uncalibrated,0.022602014,0.60903263,-0.3200934,0.022602014,0.60903263,-0.3200934,3
867245575717648,2024-03-07T17:41:56.704Z,gyroscope sensor uncalibrated,0.11484267,0.15577064,-0.24801129,0.11484267,0.15577064,-0.24801129,3
867245585716548,2024-03-07T17:41:56.714Z,gyroscope sensor uncalibrated,0.27122417,-0.21746802,-0.10873401,0.27122417,-0.21746802,-0.10873401,3
867245595715448,2024-03-07T17:41:56.723Z,gyroscope sensor uncalibrated,0.4007276,-0.46792278,0.06536258,0.4007276,-0.46792278,0.06536258,3
867245605714314,2024-03-07T17:41:56.734Z,gyroscope sensor uncalibrated,0.48808134,-0.68539083,0.18936823,0.48808134,-0.68539083,0.18936823,3
867245615714114,2024-03-07T17:41:56.744Z,gyroscope sensor uncalibrated,0.45020768,-0.8564331,0.24251351,0.45020768,-0.8564331,0.24251351,3
867245625712980,2024-03-07T17:41:56.754Z,gyroscope sensor uncalibrated,0.28038713,-0.9639453,0.23518312,0.28038713,-0.9639453,0.23518312,3
867245635711780,2024-03-07T17:41:56.764Z,gyroscope sensor uncalibrated,0.0842994,-0.9999864,0.1563815,0.0842994,-0.9999864,0.1563815,3
867245645710646,2024-03-07T17:41:56.774Z,gyroscope sensor uncalibrated,-0.08552113,-0.93401295,0.032375857,-0.08552113,-0.93401295,0.032375857,3
867245655709512,2024-03-07T17:41:56.784Z,gyroscope sensor uncalibrated,-0.21074851,-0.77213365,-0.081855945,-0.21074851,-0.77213365,-0.081855945,3
867245665708312,2024-03-07T17:41:56.794Z,gyroscope sensor uncalibrated,-0.27305678,-0.55955255,-0.15943582,-0.27305678,-0.55955255,-0.15943582,3
867245675707178,2024-03-07T17:41:56.804Z,gyroscope sensor uncalibrated,-0.27122417,-0.3390302,-0.18875736,-0.27122417,-0.3390302,-0.18875736,3
867245685706044,2024-03-07T17:41:56.814Z,gyroscope sensor uncalibrated,-0.17165314,-0.15943582,-0.20647246,-0.17165314,-0.15943582,-0.20647246,3
867245695704844,2024-03-07T17:41:56.824Z,gyroscope sensor uncalibrated,-0.01282817,-0.044593163,-0.20219639,-0.01282817,-0.044593163,-0.20219639,3
867245705703710,2024-03-07T17:41:56.834Z,gyroscope sensor uncalibrated,0.1863139,0.05375614,-0.111177474,0.1863139,0.05375614,-0.111177474,3
867245715702576,2024-03-07T17:41:56.844Z,gyroscope sensor uncalibrated,0.19058995,0.12950343,0.11362094,0.19058995,0.12950343,0.11362094,3
867245725701442,2024-03-07T17:41:56.854Z,gyroscope sensor uncalibrated,0.13500121,0.13255776,0.22540927,0.13500121,0.13255776,0.22540927,3
867245735700308,2024-03-07T17:41:56.864Z,gyroscope sensor uncalibrated,0.07391469,0.12034045,0.26511553,0.07391469,0.12034045,0.26511553,3
867245745699174,2024-03-07T17:41:56.874Z,gyroscope sensor uncalibrated,-0.004276057,0.12644911,0.2846632,-0.004276057,0.12644911,0.2846632,3
867245755698040,2024-03-07T17:41:56.884Z,gyroscope sensor uncalibrated,-0.10262536,0.16798794,0.3005457,-0.10262536,0.16798794,0.3005457,3
867245765696906,2024-03-07T17:41:56.894Z,gyroscope sensor uncalibrated,-0.1881465,0.23151793,0.3109304,-0.1881465,0.23151793,0.3109304,3
867245775695706,2024-03-07T17:41:56.904Z,gyroscope sensor uncalibrated,-0.24129178,0.267559,0.3023783,-0.24129178,0.267559,0.3023783,3
867245785694572,2024-03-07T17:41:56.914Z,gyroscope sensor uncalibrated,-0.29749137,0.30604348,0.24923302,-0.29749137,0.30604348,0.24923302,3
867245795693438,2024-03-07T17:41:56.924Z,gyroscope sensor uncalibrated,-0.36346483,0.28160888,0.17837265,-0.36346483,0.28160888,0.17837265,3
867245805692238,2024-03-07T17:41:56.934Z,gyroscope sensor uncalibrated,-0.45875978,0.21746802,0.108123146,-0.45875978,0.21746802,0.108123146,3
867245815691071,2024-03-07T17:41:56.944Z,gyroscope sensor uncalibrated,-0.5766568,0.18203785,0.029932396,-0.5766568,0.18203785,0.029932396,3
867245825689871,2024-03-07T17:41:56.953Z,gyroscope sensor uncalibrated,-0.63346726,0.21380283,-0.08002335,-0.63346726,0.21380283,-0.08002335,3
867245835688671,2024-03-07T17:41:56.964Z,gyroscope sensor uncalibrated,-0.49541172,0.30604348,-0.18692477,-0.49541172,0.30604348,-0.18692477,3
867245845687404,2024-03-07T17:41:56.974Z,gyroscope sensor uncalibrated,-0.267559,0.43249258,-0.22235495,-0.267559,0.43249258,-0.22235495,3
867245855686137,2024-03-07T17:41:56.984Z,gyroscope sensor uncalibrated,-0.13683382,0.55771995,-0.20158553,-0.13683382,0.55771995,-0.20158553,3
867245865684870,2024-03-07T17:41:56.994Z,gyroscope sensor uncalibrated,-0.2125811,0.60231316,-0.16798794,-0.2125811,0.60231316,-0.16798794,3
867245875683603,2024-03-07T17:41:57.004Z,gyroscope sensor uncalibrated,-0.41538838,0.51923543,-0.09407325,-0.41538838,0.51923543,-0.09407325,3
867245885682269,2024-03-07T17:41:57.013Z,gyroscope sensor uncalibrated,-0.62125,0.26206118,-0.02687807,-0.62125,0.26206118,-0.02687807,3
867245895681002,2024-03-07T17:41:57.024Z,gyroscope sensor uncalibrated,-0.7141015,-0.09040806,-0.01282817,-0.7141015,-0.09040806,-0.01282817,3
867245905679735,2024-03-07T17:41:57.034Z,gyroscope sensor uncalibrated,-0.6713409,-0.37140608,-0.08002335,-0.6713409,-0.37140608,-0.08002335,3
867245915678401,2024-03-07T17:41:57.044Z,gyroscope sensor uncalibrated,-0.602924,-0.6017023,-0.08368854,-0.602924,-0.6017023,-0.08368854,3
867245925677134,2024-03-07T17:41:57.054Z,gyroscope sensor uncalibrated,-0.44898596,-0.79412484,0.10873401,-0.44898596,-0.79412484,0.10873401,3
867245935675900,2024-03-07T17:41:57.064Z,gyroscope sensor uncalibrated,-0.36468655,-0.8509353,0.24678956,-0.36468655,-0.8509353,0.24678956,3
867245945674600,2024-03-07T17:41:57.074Z,gyroscope sensor uncalibrated,-0.30665436,-0.88086766,0.3304781,-0.30665436,-0.88086766,0.3304781,3
867245955673366,2024-03-07T17:41:57.084Z,gyroscope sensor uncalibrated,-0.16982053,-0.9272934,0.30848694,-0.16982053,-0.9272934,0.30848694,3
867245965672132,2024-03-07T17:41:57.094Z,gyroscope sensor uncalibrated,-0.032986723,-1.0177015,0.24007004,-0.032986723,-1.0177015,0.24007004,3
867245975670898,2024-03-07T17:41:57.104Z,gyroscope sensor uncalibrated,0.037873644,-1.1441506,0.19364429,0.037873644,-1.1441506,0.19364429,3
867245985669664,2024-03-07T17:41:57.114Z,gyroscope sensor uncalibrated,0.07513642,-1.3481796,0.20280726,0.07513642,-1.3481796,0.20280726,3
867245995668430,2024-03-07T17:41:57.124Z,gyroscope sensor uncalibrated,0.1337795,-1.509448,0.23579398,0.1337795,-1.509448,0.23579398,3
867246005667196,2024-03-07T17:41:57.134Z,gyroscope sensor uncalibrated,0.21624629,-1.3420709,0.2669481,0.21624629,-1.3420709,0.2669481,3
867246015665962,2024-03-07T17:41:57.143Z,gyroscope sensor uncalibrated,0.18203785,-0.6994407,0.24862215,0.18203785,-0.6994407,0.24862215,3
867246025664662,2024-03-07T17:41:57.154Z,gyroscope sensor uncalibrated,0.2742785,0.2883284,0.29932398,0.2742785,0.2883284,0.29932398,3
867246035663428,2024-03-07T17:41:57.163Z,gyroscope sensor uncalibrated,0.17470746,1.0250319,0.54550266,0.17470746,1.0250319,0.54550266,3
867246045662194,2024-03-07T17:41:57.173Z,gyroscope sensor uncalibrated,-0.069027774,1.2498302,0.6010914,-0.069027774,1.2498302,0.6010914,3
867246055660894,2024-03-07T17:41:57.184Z,gyroscope sensor uncalibrated,-0.19425514,1.346347,0.47647488,-0.19425514,1.346347,0.47647488,3
867246065659660,2024-03-07T17:41:57.194Z,gyroscope sensor uncalibrated,-0.30176744,1.2034045,0.42210788,-0.30176744,1.2034045,0.42210788,3
867246075658426,2024-03-07T17:41:57.204Z,gyroscope sensor uncalibrated,-0.30176744,0.89552844,0.43554693,-0.30176744,0.89552844,0.43554693,3
867246085657192,2024-03-07T17:41:57.214Z,gyroscope sensor uncalibrated,-0.100792766,0.6053675,0.37690386,-0.100792766,0.6053675,0.37690386,3
867246095655958,2024-03-07T17:41:57.224Z,gyroscope sensor uncalibrated,0.12583824,0.5693264,0.2687807,0.12583824,0.5693264,0.2687807,3
867246105654724,2024-03-07T17:41:57.234Z,gyroscope sensor uncalibrated,0.12889257,0.6579019,0.12705997,0.12889257,0.6579019,0.12705997,3
867246115653490,2024-03-07T17:41:57.244Z,gyroscope sensor uncalibrated,-0.08735373,0.63591075,-0.036651913,-0.08735373,0.63591075,-0.036651913,3
867246125652256,2024-03-07T17:41:57.254Z,gyroscope sensor uncalibrated,-0.25595254,0.41722095,-0.15760323,-0.25595254,0.41722095,-0.15760323,3
867246135650956,2024-03-07T17:41:57.264Z,gyroscope sensor uncalibrated,-0.20769419,0.0018325958,-0.21013765,-0.20769419,0.0018325958,-0.21013765,3
867246145649722,2024-03-07T17:41:57.274Z,gyroscope sensor uncalibrated,-0.10751228,-0.6646214,-0.14355333,-0.10751228,-0.6646214,-0.14355333,3
867246155647788,2024-03-07T17:41:57.284Z,gyroscope sensor uncalibrated,-0.087964594,-1.0500773,-0.08124508,-0.087964594,-1.0500773,-0.08124508,3
867246165645788,2024-03-07T17:41:57.293Z,gyroscope sensor uncalibrated,-0.028710667,-1.2822062,-0.06780604,-0.028710667,-1.2822062,-0.06780604,3
867246175643621,2024-03-07T17:41:57.304Z,gyroscope sensor uncalibrated,0.040927973,-1.2980887,-0.103847094,0.040927973,-1.2980887,-0.103847094,3
867246185642387,2024-03-07T17:41:57.314Z,gyroscope sensor uncalibrated,0.077579886,-1.1282681,-0.13194689,0.077579886,-1.1282681,-0.13194689,3
867246195640387,2024-03-07T17:41:57.324Z,gyroscope sensor uncalibrated,0.0720821,-0.8729264,-0.15149458,0.0720821,-0.8729264,-0.15149458,3
867246205638453,2024-03-07T17:41:57.334Z,gyroscope sensor uncalibrated,0.062308256,-0.59131753,-0.1777618,0.062308256,-0.59131753,-0.1777618,3
867246215637219,2024-03-07T17:41:57.344Z,gyroscope sensor uncalibrated,0.08307768,-0.31703907,-0.22235495,0.08307768,-0.31703907,-0.22235495,3
867246225635985,2024-03-07T17:41:57.354Z,gyroscope sensor uncalibrated,0.10751228,-0.06291912,-0.24129178,0.10751228,-0.06291912,-0.24129178,3
867246235634718,2024-03-07T17:41:57.364Z,gyroscope sensor uncalibrated,0.11728613,0.13500121,-0.23579398,0.11728613,0.13500121,-0.23579398,3
867246245633451,2024-03-07T17:41:57.374Z,gyroscope sensor uncalibrated,0.11178834,0.29749137,-0.21074851,0.11178834,0.29749137,-0.21074851,3
867246255632184,2024-03-07T17:41:57.384Z,gyroscope sensor uncalibrated,0.116675265,0.4343252,-0.16310102,0.116675265,0.4343252,-0.16310102,3
867246265630917,2024-03-07T17:41:57.394Z,gyroscope sensor uncalibrated,0.15699236,0.52778757,-0.111177474,0.15699236,0.52778757,-0.111177474,3
867246275629583,2024-03-07T17:41:57.404Z,gyroscope sensor uncalibrated,0.20341812,0.5919284,-0.0421497,0.20341812,0.5919284,-0.0421497,3
867246285628316,2024-03-07T17:41:57.414Z,gyroscope sensor uncalibrated,0.26267207,0.6273586,0.047647487,0.26267207,0.6273586,0.047647487,3
867246295627049,2024-03-07T17:41:57.424Z,gyroscope sensor uncalibrated,0.35613444,0.6542367,0.13622294,0.35613444,0.6542367,0.13622294,3
867246305625715,2024-03-07T17:41:57.434Z,gyroscope sensor uncalibrated,0.46181414,0.70554936,0.22296582,0.46181414,0.70554936,0.22296582,3
867246315624448,2024-03-07T17:41:57.444Z,gyroscope sensor uncalibrated,0.5510005,0.7507534,0.30482176,0.5510005,0.7507534,0.30482176,3
867246325623181,2024-03-07T17:41:57.454Z,gyroscope sensor uncalibrated,0.6169739,0.73364913,0.38240165,0.6169739,0.73364913,0.38240165,3
867246335621914,2024-03-07T17:41:57.464Z,gyroscope sensor uncalibrated,0.67011917,0.7104363,0.45937067,0.67011917,0.7104363,0.45937067,3
867246345620680,2024-03-07T17:41:57.474Z,gyroscope sensor uncalibrated,0.71776664,0.72082096,0.53878313,0.71776664,0.72082096,0.53878313,3
867246355619446,2024-03-07T17:41:57.484Z,gyroscope sensor uncalibrated,0.7825184,0.85154617,0.67256266,0.7825184,0.85154617,0.67256266,3
867246365618212,2024-03-07T17:41:57.494Z,gyroscope sensor uncalibrated,0.788627,0.960891,0.74281216,0.788627,0.960891,0.74281216,3
867246375616978,2024-03-07T17:41:57.504Z,gyroscope sensor uncalibrated,0.8405506,1.0231993,0.7440339,0.8405506,1.0231993,0.7440339,3
867246385615678,2024-03-07T17:41:57.513Z,gyroscope sensor uncalibrated,0.8686504,0.8900307,0.62858033,0.8686504,0.8900307,0.62858033,3
867246395614444,2024-03-07T17:41:57.524Z,gyroscope sensor uncalibrated,0.7629707,0.5558874,0.4801401,0.7629707,0.5558874,0.4801401,3
867246405613210,2024-03-07T17:41:57.534Z,gyroscope sensor uncalibrated,0.52656585,0.14782938,0.30543262,0.52656585,0.14782938,0.30543262,3
867246415611910,2024-03-07T17:41:57.544Z,gyroscope sensor uncalibrated,0.2864958,-0.19914207,0.08002335,0.2864958,-0.19914207,0.08002335,3
867246425610676,2024-03-07T17:41:57.554Z,gyroscope sensor uncalibrated,0.1001819,-0.43066,-0.20097467,0.1001819,-0.43066,-0.20097467,3
867246435609442,2024-03-07T17:41:57.564Z,gyroscope sensor uncalibrated,-0.073303826,-0.6432411,-0.47219884,-0.073303826,-0.6432411,-0.47219884,3
867246445608142,2024-03-07T17:41:57.574Z,gyroscope sensor uncalibrated,-0.24678956,-0.8943067,-0.6933321,-0.24678956,-0.8943067,-0.6933321,3
867246455607608,2024-03-07T17:41:57.584Z,gyroscope sensor uncalibrated,-0.41050145,-1.1716396,-0.852157,-0.41050145,-1.1716396,-0.852157,3
867246465607074,2024-03-07T17:41:57.594Z,gyroscope sensor uncalibrated,-0.49174652,-1.4196508,-0.89980453,-0.49174652,-1.4196508,-0.89980453,3
867246475606774,2024-03-07T17:41:57.604Z,gyroscope sensor uncalibrated,-0.39767328,-1.53205,-0.8185594,-0.39767328,-1.53205,-0.8185594,3
867246485605540,2024-03-07T17:41:57.614Z,gyroscope sensor uncalibrated,-0.23273966,-1.4025466,-0.67073005,-0.23273966,-1.4025466,-0.67073005,3
867246495605006,2024-03-07T17:41:57.624Z,gyroscope sensor uncalibrated,-0.08552113,-0.99265605,-0.5039638,-0.08552113,-0.99265605,-0.5039638,3
867246505604472,2024-03-07T17:41:57.634Z,gyroscope sensor uncalibrated,0.040317107,-0.47036624,-0.3408628,0.040317107,-0.47036624,-0.3408628,3
867246515603238,2024-03-07T17:41:57.644Z,gyroscope sensor uncalibrated,0.15821409,-0.07147124,-0.23823744,0.15821409,-0.07147124,-0.23823744,3
867246525601938,2024-03-07T17:41:57.654Z,gyroscope sensor uncalibrated,0.2687807,0.21930063,-0.22479841,0.2687807,0.21930063,-0.22479841,3
867246535600704,2024-03-07T17:41:57.664Z,gyroscope sensor uncalibrated,0.33536503,0.5357288,-0.27366763,0.33536503,0.5357288,-0.27366763,3
867246545599470,2024-03-07T17:41:57.674Z,gyroscope sensor uncalibrated,0.30787608,0.95111716,-0.3659083,0.30787608,0.95111716,-0.3659083,3
867246555598203,2024-03-07T17:41:57.684Z,gyroscope sensor uncalibrated,0.19425514,1.2999213,-0.46853364,0.19425514,1.2999213,-0.46853364,3
867246565597003,2024-03-07T17:41:57.693Z,gyroscope sensor uncalibrated,-0.040317107,1.391551,-0.50701815,-0.040317107,1.391551,-0.50701815,3
867246575595903,2024-03-07T17:41:57.704Z,gyroscope sensor uncalibrated,-0.08246681,1.2205088,-0.4654793,-0.08246681,1.2205088,-0.4654793,3
867246585594803,2024-03-07T17:41:57.714Z,gyroscope sensor uncalibrated,0.035430185,0.94989544,-0.3481932,0.035430185,0.94989544,-0.3481932,3
867246595593769,2024-03-07T17:41:57.724Z,gyroscope sensor uncalibrated,0.21930063,0.6224717,-0.13500121,0.21930063,0.6224717,-0.13500121,3
867246605592402,2024-03-07T17:41:57.734Z,gyroscope sensor uncalibrated,0.36713,0.28893927,0.0842994,0.36713,0.28893927,0.0842994,3
867246615591402,2024-03-07T17:41:57.744Z,gyroscope sensor uncalibrated,0.45081854,0.009162978,0.21991149,0.45081854,0.009162978,0.21991149,3
867246625590435,2024-03-07T17:41:57.754Z,gyroscope sensor uncalibrated,0.40744713,-0.20280726,0.30298916,0.40744713,-0.20280726,0.30298916,3
867246635589435,2024-03-07T17:41:57.763Z,gyroscope sensor uncalibrated,0.25228736,-0.40011674,0.34208453,0.25228736,-0.40011674,0.34208453,3
867246645588468,2024-03-07T17:41:57.773Z,gyroscope sensor uncalibrated,0.06169739,-0.5858198,0.2864958,0.06169739,-0.5858198,0.2864958,3
867246655587568,2024-03-07T17:41:57.784Z,gyroscope sensor uncalibrated,-0.10751228,-0.7189884,0.15577064,-0.10751228,-0.7189884,0.15577064,3
867246665586601,2024-03-07T17:41:57.793Z,gyroscope sensor uncalibrated,-0.25045475,-0.77518797,-0.007330383,-0.25045475,-0.77518797,-0.007330383,3
867246675585701,2024-03-07T17:41:57.804Z,gyroscope sensor uncalibrated,-0.38606682,-0.71593404,-0.1386664,-0.38606682,-0.71593404,-0.1386664,3
867246685584801,2024-03-07T17:41:57.813Z,gyroscope sensor uncalibrated,-0.5045747,-0.5534439,-0.204029,-0.5045747,-0.5534439,-0.204029,3
867246695583834,2024-03-07T17:41:57.824Z,gyroscope sensor uncalibrated,-0.5009095,-0.3707952,-0.2443461,-0.5009095,-0.3707952,-0.2443461,3
867246705582934,2024-03-07T17:41:57.834Z,gyroscope sensor uncalibrated,-0.21868975,-0.19608775,-0.24556783,-0.21868975,-0.19608775,-0.24556783,3
867246715582034,2024-03-07T17:41:57.844Z,gyroscope sensor uncalibrated,-0.03848451,0.02443461,-0.15577064,-0.03848451,0.02443461,-0.15577064,3
867246725581134,2024-03-07T17:41:57.854Z,gyroscope sensor uncalibrated,0.010995574,0.22418754,-0.007330383,0.010995574,0.22418754,-0.007330383,3
867246735580234,2024-03-07T17:41:57.864Z,gyroscope sensor uncalibrated,0.08246681,0.39461896,0.12644911,0.08246681,0.39461896,0.12644911,3
867246745579334,2024-03-07T17:41:57.874Z,gyroscope sensor uncalibrated,0.1881465,0.49846604,0.21685717,0.1881465,0.49846604,0.21685717,3
867246755578434,2024-03-07T17:41:57.884Z,gyroscope sensor uncalibrated,0.24312437,0.57726765,0.2761111,0.24312437,0.57726765,0.2761111,3
867246765577534,2024-03-07T17:41:57.894Z,gyroscope sensor uncalibrated,0.13072516,0.63041294,0.31031954,0.13072516,0.63041294,0.31031954,3
867246775576567,2024-03-07T17:41:57.904Z,gyroscope sensor uncalibrated,-0.01160644,0.6713409,0.2657264,-0.01160644,0.6713409,0.2657264,3
867246785575667,2024-03-07T17:41:57.914Z,gyroscope sensor uncalibrated,-0.09590584,0.6719518,0.17470746,-0.09590584,0.6719518,0.17470746,3
867246795574767,2024-03-07T17:41:57.924Z,gyroscope sensor uncalibrated,-0.21013765,0.6414085,0.06963864,-0.21013765,0.6414085,0.06963864,3
867246805573800,2024-03-07T17:41:57.934Z,gyroscope sensor uncalibrated,-0.31215215,0.5681047,-0.051923547,-0.31215215,0.5681047,-0.051923547,3
867246815572900,2024-03-07T17:41:57.944Z,gyroscope sensor uncalibrated,-0.36468655,0.46609017,-0.16920967,-0.36468655,0.46609017,-0.16920967,3
867246825572000,2024-03-07T17:41:57.954Z,gyroscope sensor uncalibrated,-0.36896262,0.34391713,-0.23884831,-0.36896262,0.34391713,-0.23884831,3
867246835571100,2024-03-07T17:41:57.964Z,gyroscope sensor uncalibrated,-0.35124752,0.23335053,-0.25778514,-0.35124752,0.23335053,-0.25778514,3
867246845570200,2024-03-07T17:41:57.974Z,gyroscope sensor uncalibrated,-0.3182608,0.14172074,-0.22968534,-0.3182608,0.14172074,-0.22968534,3
867246855569266,2024-03-07T17:41:57.984Z,gyroscope sensor uncalibrated,-0.25534168,0.062308256,-0.15943582,-0.25534168,0.062308256,-0.15943582,3
867246865568332,2024-03-07T17:41:57.994Z,gyroscope sensor uncalibrated,-0.17531833,0.056199603,-0.06169739,-0.17531833,0.056199603,-0.06169739,3
867246875567298,2024-03-07T17:41:58.004Z,gyroscope sensor uncalibrated,-0.15149458,0.11362094,0.02443461,-0.15149458,0.11362094,0.02443461,3
867246885566198,2024-03-07T17:41:58.014Z,gyroscope sensor uncalibrated,-0.20769419,0.17104226,0.08674286,-0.20769419,0.17104226,0.08674286,3
867246895565098,2024-03-07T17:41:58.024Z,gyroscope sensor uncalibrated,-0.28710666,0.13805555,0.11362094,-0.28710666,0.13805555,0.11362094,3
867246905564331,2024-03-07T17:41:58.033Z,gyroscope sensor uncalibrated,-0.34208453,-0.0061086523,0.11178834,-0.34208453,-0.0061086523,0.11178834,3
867246915563131,2024-03-07T17:41:58.044Z,gyroscope sensor uncalibrated,-0.3652974,-0.19914207,0.09896017,-0.3652974,-0.19914207,0.09896017,3
867246925561964,2024-03-07T17:41:58.054Z,gyroscope sensor uncalibrated,-0.40011674,-0.36041048,0.07513642,-0.40011674,-0.36041048,0.07513642,3
867246935560764,2024-03-07T17:41:58.064Z,gyroscope sensor uncalibrated,-0.43982297,-0.45142943,0.05009095,-0.43982297,-0.45142943,0.05009095,3
867246945559497,2024-03-07T17:41:58.074Z,gyroscope sensor uncalibrated,-0.4746423,-0.5009095,0.025045475,-0.4746423,-0.5009095,0.025045475,3
867246955558230,2024-03-07T17:41:58.084Z,gyroscope sensor uncalibrated,-0.5045747,-0.5748242,-0.004276057,-0.5045747,-0.5748242,-0.004276057,3
867246965556963,2024-03-07T17:41:58.094Z,gyroscope sensor uncalibrated,-0.5186246,-0.7171558,-0.017715093,-0.5186246,-0.7171558,-0.017715093,3
867246975555696,2024-03-07T17:41:58.104Z,gyroscope sensor uncalibrated,-0.4654793,-0.8765916,0.002443461,-0.4654793,-0.8765916,0.002443461,3
867246985554429,2024-03-07T17:41:58.114Z,gyroscope sensor uncalibrated,-0.28405234,-0.9401216,0.06658431,-0.28405234,-0.9401216,0.06658431,3
867246995553195,2024-03-07T17:41:58.123Z,gyroscope sensor uncalibrated,-0.2302962,-0.9211848,0.14110987,-0.2302962,-0.9211848,0.14110987,3
867247005551961,2024-03-07T17:41:58.134Z,gyroscope sensor uncalibrated,-0.15943582,-0.88208944,0.14660765,-0.15943582,-0.88208944,0.14660765,3
867247015550727,2024-03-07T17:41:58.144Z,gyroscope sensor uncalibrated,-0.1337795,-0.8063421,0.14905111,-0.1337795,-0.8063421,0.14905111,3
867247025549427,2024-03-07T17:41:58.154Z,gyroscope sensor uncalibrated,-0.17654006,-0.7189884,0.14721853,-0.17654006,-0.7189884,0.14721853,3
867247035548193,2024-03-07T17:41:58.164Z,gyroscope sensor uncalibrated,-0.23823744,-0.59559363,0.12705997,-0.23823744,-0.59559363,0.12705997,3
867247045546959,2024-03-07T17:41:58.174Z,gyroscope sensor uncalibrated,-0.31948254,-0.37690386,0.1001819,-0.31948254,-0.37690386,0.1001819,3
867247055545659,2024-03-07T17:41:58.184Z,gyroscope sensor uncalibrated,-0.44226643,-0.11301007,0.0421497,-0.44226643,-0.11301007,0.0421497,3
867247065544425,2024-03-07T17:41:58.194Z,gyroscope sensor uncalibrated,-0.6010914,0.19120082,-0.080634214,-0.6010914,0.19120082,-0.080634214,3
867247075543191,2024-03-07T17:41:58.204Z,gyroscope sensor uncalibrated,-0.7819075,0.46914452,-0.2443461,-0.7819075,0.46914452,-0.2443461,3
867247085541957,2024-03-07T17:41:58.213Z,gyroscope sensor uncalibrated,-0.9211848,0.66889745,-0.41783184,-0.9211848,0.66889745,-0.41783184,3
867247095540723,2024-03-07T17:41:58.224Z,gyroscope sensor uncalibrated,-0.96944314,0.7678576,-0.589485,-0.96944314,0.7678576,-0.589485,3
867247105539489,2024-03-07T17:41:58.234Z,gyroscope sensor uncalibrated,-0.91813046,0.788627,-0.698219,-0.91813046,0.788627,-0.698219,3
867247115538255,2024-03-07T17:41:58.244Z,gyroscope sensor uncalibrated,-0.8417723,0.7867944,-0.68539083,-0.8417723,0.7867944,-0.68539083,3
867247125537021,2024-03-07T17:41:58.254Z,gyroscope sensor uncalibrated,-0.8038987,0.68539083,-0.6151413,-0.8038987,0.68539083,-0.6151413,3
867247135535721,2024-03-07T17:41:58.264Z,gyroscope sensor uncalibrated,-0.77274454,0.4098906,-0.5308419,-0.77274454,0.4098906,-0.5308419,3
867247145534487,2024-03-07T17:41:58.273Z,gyroscope sensor uncalibrated,-0.70921457,-0.008552114,-0.43066,-0.70921457,-0.008552114,-0.43066,3
867247155532553,2024-03-07T17:41:58.284Z,gyroscope sensor uncalibrated,-0.6224717,-0.4538729,-0.32375857,-0.6224717,-0.4538729,-0.32375857,3
867247165530553,2024-03-07T17:41:58.294Z,gyroscope sensor uncalibrated,-0.548557,-0.79045963,-0.22907446,-0.548557,-0.79045963,-0.22907446,3
867247175528386,2024-03-07T17:41:58.304Z,gyroscope sensor uncalibrated,-0.50640726,-0.9804387,-0.15393804,-0.50640726,-0.9804387,-0.15393804,3
867247185527152,2024-03-07T17:41:58.314Z,gyroscope sensor uncalibrated,-0.5137377,-1.0445796,-0.10995574,-0.5137377,-1.0445796,-0.10995574,3
867247195525152,2024-03-07T17:41:58.324Z,gyroscope sensor uncalibrated,-0.54611355,-0.9798279,-0.115453534,-0.54611355,-0.9798279,-0.115453534,3
867247205523485,2024-03-07T17:41:58.334Z,gyroscope sensor uncalibrated,-0.61269784,-0.6945538,-0.18387043,-0.61269784,-0.6945538,-0.18387043,3
867247215522251,2024-03-07T17:41:58.344Z,gyroscope sensor uncalibrated,-0.6249151,-0.46792278,-0.23518312,-0.6249151,-0.46792278,-0.23518312,3
867247225521017,2024-03-07T17:41:58.354Z,gyroscope sensor uncalibrated,-0.6010914,-0.25717425,-0.2687807,-0.6010914,-0.25717425,-0.2687807,3
867247235519783,2024-03-07T17:41:58.364Z,gyroscope sensor uncalibrated,-0.56321776,-0.111177474,-0.29138273,-0.56321776,-0.111177474,-0.29138273,3
867247245518549,2024-03-07T17:41:58.374Z,gyroscope sensor uncalibrated,-0.5149594,-0.032986723,-0.3023783,-0.5149594,-0.032986723,-0.3023783,3
867247255517315,2024-03-07T17:41:58.384Z,gyroscope sensor uncalibrated,-0.44532076,0.002443461,-0.32375857,-0.44532076,0.002443461,-0.32375857,3
867247265516081,2024-03-07T17:41:58.394Z,gyroscope sensor uncalibrated,-0.36835176,0.023823744,-0.3555236,-0.36835176,0.023823744,-0.3555236,3
867247275514781,2024-03-07T17:41:58.404Z,gyroscope sensor uncalibrated,-0.32498032,0.039095376,-0.37812558,-0.32498032,0.039095376,-0.37812558,3
867247285513547,2024-03-07T17:41:58.414Z,gyroscope sensor uncalibrated,-0.3182608,0.014049901,-0.376293,-0.3182608,0.014049901,-0.376293,3
867247295512280,2024-03-07T17:41:58.424Z,gyroscope sensor uncalibrated,-0.31337386,-0.064751714,-0.33964106,-0.31337386,-0.064751714,-0.33964106,3
867247305510946,2024-03-07T17:41:58.434Z,gyroscope sensor uncalibrated,-0.2968805,-0.172264,-0.23884831,-0.2968805,-0.172264,-0.23884831,3
867247315509679,2024-03-07T17:41:58.443Z,gyroscope sensor uncalibrated,-0.24801129,-0.24740042,-0.073303826,-0.24801129,-0.24740042,-0.073303826,3
867247325508412,2024-03-07T17:41:58.454Z,gyroscope sensor uncalibrated,-0.16249016,-0.17715092,0.089186326,-0.16249016,-0.17715092,0.089186326,3
867247335507145,2024-03-07T17:41:58.464Z,gyroscope sensor uncalibrated,-0.1441642,0.007941248,0.19364429,-0.1441642,0.007941248,0.19364429,3
867247345505878,2024-03-07T17:41:58.474Z,gyroscope sensor uncalibrated,-0.20341812,0.21502456,0.22540927,-0.20341812,0.21502456,0.22540927,3
867247355504611,2024-03-07T17:41:58.484Z,gyroscope sensor uncalibrated,-0.28771752,0.42394048,0.1685988,-0.28771752,0.42394048,0.1685988,3
867247365503344,2024-03-07T17:41:58.494Z,gyroscope sensor uncalibrated,-0.34025195,0.57726765,0.05375614,-0.34025195,0.57726765,0.05375614,3
867247375502077,2024-03-07T17:41:58.504Z,gyroscope sensor uncalibrated,-0.3378085,0.6365216,-0.047647487,-0.3378085,0.6365216,-0.047647487,3
867247385500743,2024-03-07T17:41:58.514Z,gyroscope sensor uncalibrated,-0.28099802,0.66767573,-0.08674286,-0.28099802,0.66767573,-0.08674286,3
867247395499476,2024-03-07T17:41:58.524Z,gyroscope sensor uncalibrated,-0.19486602,0.6542367,-0.06291912,-0.19486602,0.6542367,-0.06291912,3
867247405497542,2024-03-07T17:41:58.534Z,gyroscope sensor uncalibrated,-0.096516706,0.57604593,0.009162978,-0.096516706,0.57604593,0.009162978,3
867247415496242,2024-03-07T17:41:58.544Z,gyroscope sensor uncalibrated,0.09407325,0.43676865,0.16310102,0.09407325,0.43676865,0.16310102,3
867247425495008,2024-03-07T17:41:58.554Z,gyroscope sensor uncalibrated,0.22479841,0.31581733,0.23090707,0.22479841,0.31581733,0.23090707,3
867247435486608,2024-03-07T17:41:58.564Z,gyroscope sensor uncalibrated,0.3213151,0.16310102,0.24923302,0.3213151,0.16310102,0.24923302,3
867247445478208,2024-03-07T17:41:58.574Z,gyroscope sensor uncalibrated,0.344528,0.010995574,0.21197024,0.344528,0.010995574,0.21197024,3
867247455470574,2024-03-07T17:41:58.584Z,gyroscope sensor uncalibrated,0.2742785,-0.1142318,0.11728613,0.2742785,-0.1142318,0.11728613,3
867247465463007,2024-03-07T17:41:58.593Z,gyroscope sensor uncalibrated,0.13744467,-0.20952678,-0.04886922,0.13744467,-0.20952678,-0.04886922,3
867247475455673,2024-03-07T17:41:58.604Z,gyroscope sensor uncalibrated,-0.035430185,-0.32436943,-0.2919936,-0.035430185,-0.32436943,-0.2919936,3
867247485447473,2024-03-07T17:41:58.614Z,gyroscope sensor uncalibrated,-0.2144137,-0.41355577,-0.52595496,-0.2144137,-0.41355577,-0.52595496,3
867247495440039,2024-03-07T17:41:58.624Z,gyroscope sensor uncalibrated,-0.3408628,-0.44348818,-0.6591236,-0.3408628,-0.44348818,-0.6591236,3
867247505432339,2024-03-07T17:41:58.633Z,gyroscope sensor uncalibrated,-0.3744604,-0.43799037,-0.70066243,-0.3744604,-0.43799037,-0.70066243,3
867247515424505,2024-03-07T17:41:58.644Z,gyroscope sensor uncalibrated,-0.3200934,-0.39645153,-0.6737844,-0.3200934,-0.39645153,-0.6737844,3
867247525416705,2024-03-07T17:41:58.654Z,gyroscope sensor uncalibrated,-0.17348573,-0.2938262,-0.5882632,-0.17348573,-0.2938262,-0.5882632,3
867247535408705,2024-03-07T17:41:58.664Z,gyroscope sensor uncalibrated,-0.0067195175,-0.12522738,-0.49113566,-0.0067195175,-0.12522738,-0.49113566,3
867247545400771,2024-03-07T17:41:58.674Z,gyroscope sensor uncalibrated,0.11178834,-0.017715093,-0.38973203,0.11178834,-0.017715093,-0.38973203,3
867247555392871,2024-03-07T17:41:58.684Z,gyroscope sensor uncalibrated,0.20708331,0.11789699,-0.2938262,0.20708331,0.11789699,-0.2938262,3
867247565385004,2024-03-07T17:41:58.694Z,gyroscope sensor uncalibrated,0.2669481,0.26633725,-0.19303341,0.2669481,0.26633725,-0.19303341,3
867247575377204,2024-03-07T17:41:58.704Z,gyroscope sensor uncalibrated,0.28955013,0.32375857,-0.084910266,0.28955013,0.32375857,-0.084910266,3
867247585369404,2024-03-07T17:41:58.714Z,gyroscope sensor uncalibrated,0.33414328,0.25778514,0.02565634,0.33414328,0.25778514,0.02565634,3
867247595361670,2024-03-07T17:41:58.724Z,gyroscope sensor uncalibrated,0.41905355,0.14172074,0.092240654,0.41905355,0.14172074,0.092240654,3
867247605354003,2024-03-07T17:41:58.734Z,gyroscope sensor uncalibrated,0.4978552,-0.021380283,0.12889257,0.4978552,-0.021380283,0.12889257,3
867247615346336,2024-03-07T17:41:58.744Z,gyroscope sensor uncalibrated,0.5375614,-0.24617869,0.17715092,0.5375614,-0.24617869,0.17715092,3
867247625338736,2024-03-07T17:41:58.754Z,gyroscope sensor uncalibrated,0.5717699,-0.49357912,0.23151793,0.5717699,-0.49357912,0.23151793,3
867247635331136,2024-03-07T17:41:58.764Z,gyroscope sensor uncalibrated,0.5919284,-0.6976081,0.37568212,0.5919284,-0.6976081,0.37568212,3
867247645323602,2024-03-07T17:41:58.774Z,gyroscope sensor uncalibrated,0.5180137,-0.74220127,0.4642576,0.5180137,-0.74220127,0.4642576,3
867247655316135,2024-03-07T17:41:58.784Z,gyroscope sensor uncalibrated,0.36285394,-0.75441855,0.46975538,0.36285394,-0.75441855,0.46975538,3
867247665308668,2024-03-07T17:41:58.794Z,gyroscope sensor uncalibrated,0.18081611,-0.73426,0.37812558,0.18081611,-0.73426,0.37812558,3
867247675301268,2024-03-07T17:41:58.804Z,gyroscope sensor uncalibrated,-0.010995574,-0.68111473,0.24373524,-0.010995574,-0.68111473,0.24373524,3
867247685293934,2024-03-07T17:41:58.814Z,gyroscope sensor uncalibrated,-0.18875736,-0.6065892,0.111177474,-0.18875736,-0.6065892,0.111177474,3
867247695286600,2024-03-07T17:41:58.824Z,gyroscope sensor uncalibrated,-0.31764993,-0.5009095,0.01160644,-0.31764993,-0.5009095,0.01160644,3
867247705280000,2024-03-07T17:41:58.834Z,gyroscope sensor uncalibrated,-0.3659083,-0.37812558,-0.044593163,-0.3659083,-0.37812558,-0.044593163,3
867247715272766,2024-03-07T17:41:58.844Z,gyroscope sensor uncalibrated,-0.3115413,-0.26511553,-0.06169739,-0.3115413,-0.26511553,-0.06169739,3
867247725265532,2024-03-07T17:41:58.854Z,gyroscope sensor uncalibrated,-0.18509217,-0.17348573,-0.03481932,-0.18509217,-0.17348573,-0.03481932,3
867247735265532,2024-03-07T17:41:58.864Z,gyroscope sensor uncalibrated,-0.047036625,-0.115453534,0.045814894,-0.047036625,-0.115453534,0.045814894,3
867247745265532,2024-03-07T17:41:58.874Z,gyroscope sensor uncalibrated,0.07147124,-0.11178834,0.16065755,0.07147124,-0.11178834,0.16065755,3
867247755265532,2024-03-07T17:41:58.884Z,gyroscope sensor uncalibrated,0.16249016,-0.14782938,0.27550024,0.16249016,-0.14782938,0.27550024,3
867247765265532,2024-03-07T17:41:58.894Z,gyroscope sensor uncalibrated,0.24190263,-0.20891592,0.34880406,0.24190263,-0.20891592,0.34880406,3
867247775265532,2024-03-07T17:41:58.904Z,gyroscope sensor uncalibrated,0.3109304,-0.258396,0.37018433,0.3109304,-0.258396,0.37018433,3
867247785265532,2024-03-07T17:41:58.914Z,gyroscope sensor uncalibrated,0.3408628,-0.26328292,0.35735616,0.3408628,-0.26328292,0.35735616,3
867247795265532,2024-03-07T17:41:58.924Z,gyroscope sensor uncalibrated,0.32803464,-0.20891592,0.33292156,0.32803464,-0.20891592,0.33292156,3
867247805265765,2024-03-07T17:41:58.934Z,gyroscope sensor uncalibrated,0.31581733,-0.11056661,0.30115658,0.31581733,-0.11056661,0.30115658,3
867247815265531,2024-03-07T17:41:58.944Z,gyroscope sensor uncalibrated,0.32803464,0.025045475,0.26939157,0.32803464,0.025045475,0.26939157,3
867247825265264,2024-03-07T17:41:58.954Z,gyroscope sensor uncalibrated,0.3481932,0.17959438,0.25473082,0.3481932,0.17959438,0.25473082,3
867247835265264,2024-03-07T17:41:58.964Z,gyroscope sensor uncalibrated,0.38545597,0.32742378,0.25717425,0.38545597,0.32742378,0.25717425,3
867247845265264,2024-03-07T17:41:58.974Z,gyroscope sensor uncalibrated,0.4801401,0.453262,0.26939157,0.4801401,0.453262,0.26939157,3
867247855265230,2024-03-07T17:41:58.984Z,gyroscope sensor uncalibrated,0.5479461,0.4654793,0.2687807,0.5479461,0.4654793,0.2687807,3
867247865265230,2024-03-07T17:41:58.994Z,gyroscope sensor uncalibrated,0.6133087,0.45448375,0.2724459,0.6133087,0.45448375,0.2724459,3
867247875265230,2024-03-07T17:41:59.004Z,gyroscope sensor uncalibrated,0.6603453,0.45020768,0.28771752,0.6603453,0.45020768,0.28771752,3
867247885265230,2024-03-07T17:41:59.014Z,gyroscope sensor uncalibrated,0.7012733,0.45081854,0.30787608,0.7012733,0.45081854,0.30787608,3
867247895265230,2024-03-07T17:41:59.024Z,gyroscope sensor uncalibrated,0.7318166,0.44348818,0.3371976,0.7318166,0.44348818,0.3371976,3
867247905265230,2024-03-07T17:41:59.034Z,gyroscope sensor uncalibrated,0.6957755,0.4428773,0.36651915,0.6957755,0.4428773,0.36651915,3
867247915265230,2024-03-07T17:41:59.044Z,gyroscope sensor uncalibrated,0.57910025,0.45265114,0.35796702,0.57910025,0.45265114,0.35796702,3
867247925265230,2024-03-07T17:41:59.054Z,gyroscope sensor uncalibrated,0.40866885,0.44593164,0.28405234,0.40866885,0.44593164,0.28405234,3
867247935265230,2024-03-07T17:41:59.064Z,gyroscope sensor uncalibrated,0.21319197,0.40744713,0.16126843,0.21319197,0.40744713,0.16126843,3
867247945265230,2024-03-07T17:41:59.074Z,gyroscope sensor uncalibrated,0.06658431,0.29993483,0.035430185,0.06658431,0.29993483,0.035430185,3
867247955265230,2024-03-07T17:41:59.084Z,gyroscope sensor uncalibrated,-0.015882496,0.14538592,-0.035430185,-0.015882496,0.14538592,-0.035430185,3
867247965265230,2024-03-07T17:41:59.094Z,gyroscope sensor uncalibrated,-0.06291912,-0.004276057,-0.04337143,-0.06291912,-0.004276057,-0.04337143,3
867247975265230,2024-03-07T17:41:59.104Z,gyroscope sensor uncalibrated,-0.069027774,-0.11362094,-0.030543262,-0.069027774,-0.11362094,-0.030543262,3
867247985265230,2024-03-07T17:41:59.114Z,gyroscope sensor uncalibrated,-0.028710667,-0.17959438,-0.019547688,-0.028710667,-0.17959438,-0.019547688,3
867247995265230,2024-03-07T17:41:59.123Z,gyroscope sensor uncalibrated,0.043982297,-0.2742785,0.016493361,0.043982297,-0.2742785,0.016493361,3
867248005265230,2024-03-07T17:41:59.134Z,gyroscope sensor uncalibrated,0.17104226,-0.44837508,0.093462385,0.17104226,-0.44837508,0.093462385,3
867248015265230,2024-03-07T17:41:59.144Z,gyroscope sensor uncalibrated,0.36896262,-0.625526,0.23335053,0.36896262,-0.625526,0.23335053,3
867248025265230,2024-03-07T17:41:59.154Z,gyroscope sensor uncalibrated,0.5015204,-0.72326446,0.37873647,0.5015204,-0.72326446,0.37873647,3
867248035265230,2024-03-07T17:41:59.164Z,gyroscope sensor uncalibrated,0.5864306,-0.7458665,0.46731192,0.5864306,-0.7458665,0.46731192,3
867248045265230,2024-03-07T17:41:59.174Z,gyroscope sensor uncalibrated,0.6310238,-0.6731735,0.5222898,0.6310238,-0.6731735,0.5222898,3
867248055265463,2024-03-07T17:41:59.184Z,gyroscope sensor uncalibrated,0.6010914,-0.43371433,0.4783075,0.6010914,-0.43371433,0.4783075,3
867248065265463,2024-03-07T17:41:59.194Z,gyroscope sensor uncalibrated,0.4783075,-0.28038713,0.37690386,0.4783075,-0.28038713,0.37690386,3
867248075265496,2024-03-07T17:41:59.204Z,gyroscope sensor uncalibrated,0.30176744,-0.172264,0.25411993,0.30176744,-0.172264,0.25411993,3
867248085265496,2024-03-07T17:41:59.214Z,gyroscope sensor uncalibrated,0.13500121,-0.087964594,0.099571034,0.13500121,-0.087964594,0.099571034,3
867248095265496,2024-03-07T17:41:59.224Z,gyroscope sensor uncalibrated,-0.009773844,-0.002443461,-0.032986723,-0.009773844,-0.002443461,-0.032986723,3
867248105265262,2024-03-07T17:41:59.234Z,gyroscope sensor uncalibrated,-0.13133603,0.08307768,-0.095294975,-0.13133603,0.08307768,-0.095294975,3
867248115265262,2024-03-07T17:41:59.244Z,gyroscope sensor uncalibrated,-0.204029,0.12522738,-0.18509217,-0.204029,0.12522738,-0.18509217,3
867248125265262,2024-03-07T17:41:59.254Z,gyroscope sensor uncalibrated,-0.24129178,0.21991149,-0.29016098,-0.24129178,0.21991149,-0.29016098,3
867248135265262,2024-03-07T17:41:59.264Z,gyroscope sensor uncalibrated,-0.26511553,0.34697145,-0.35185838,-0.26511553,0.34697145,-0.35185838,3
867248145265262,2024-03-07T17:41:59.274Z,gyroscope sensor uncalibrated,-0.26206118,0.49296826,-0.35124752,-0.26206118,0.49296826,-0.35124752,3
867248155265495,2024-03-07T17:41:59.284Z,gyroscope sensor uncalibrated,-0.2180789,0.6243043,-0.3005457,-0.2180789,0.6243043,-0.3005457,3
867248165265495,2024-03-07T17:41:59.294Z,gyroscope sensor uncalibrated,-0.18020524,0.64751714,-0.23945917,-0.18020524,0.64751714,-0.23945917,3
867248175265495,2024-03-07T17:41:59.304Z,gyroscope sensor uncalibrated,-0.15210545,0.49113566,-0.17348573,-0.15210545,0.49113566,-0.17348573,3
867248185265495,2024-03-07T17:41:59.314Z,gyroscope sensor uncalibrated,-0.099571034,0.18875736,-0.0983493,-0.099571034,0.18875736,-0.0983493,3
867248195265495,2024-03-07T17:41:59.324Z,gyroscope sensor uncalibrated,-0.04520403,-0.16432275,-0.040317107,-0.04520403,-0.16432275,-0.040317107,3
867248205265495,2024-03-07T17:41:59.334Z,gyroscope sensor uncalibrated,-0.02321288,-0.48380527,-0.026267206,-0.02321288,-0.48380527,-0.026267206,3
867248215265495,2024-03-07T17:41:59.344Z,gyroscope sensor uncalibrated,-0.035430185,-0.71593404,-0.05497787,-0.035430185,-0.71593404,-0.05497787,3
867248225265695,2024-03-07T17:41:59.354Z,gyroscope sensor uncalibrated,-0.084910266,-0.8417723,-0.108123146,-0.084910266,-0.8417723,-0.108123146,3
867248235265695,2024-03-07T17:41:59.364Z,gyroscope sensor uncalibrated,-0.15210545,-0.8735373,-0.16798794,-0.15210545,-0.8735373,-0.16798794,3
867248245265695,2024-03-07T17:41:59.374Z,gyroscope sensor uncalibrated,-0.19547687,-0.82894415,-0.2125811,-0.19547687,-0.82894415,-0.2125811,3
867248255265695,2024-03-07T17:41:59.384Z,gyroscope sensor uncalibrated,-0.22357668,-0.7415904,-0.24373524,-0.22357668,-0.7415904,-0.24373524,3
867248265265695,2024-03-07T17:41:59.394Z,gyroscope sensor uncalibrated,-0.21991149,-0.6053675,-0.27550024,-0.21991149,-0.6053675,-0.27550024,3
867248275265695,2024-03-07T17:41:59.404Z,gyroscope sensor uncalibrated,-0.18997909,-0.53878313,-0.28405234,-0.18997909,-0.53878313,-0.28405234,3
867248285265695,2024-03-07T17:41:59.414Z,gyroscope sensor uncalibrated,-0.15271631,-0.48930305,-0.2846632,-0.15271631,-0.48930305,-0.2846632,3
867248295265695,2024-03-07T17:41:59.424Z,gyroscope sensor uncalibrated,-0.111177474,-0.44532076,-0.2846632,-0.111177474,-0.44532076,-0.2846632,3
867248305265928,2024-03-07T17:41:59.433Z,gyroscope sensor uncalibrated,-0.054367006,-0.39950588,-0.2724459,-0.054367006,-0.39950588,-0.2724459,3
867248315265928,2024-03-07T17:41:59.444Z,gyroscope sensor uncalibrated,0.005497787,-0.3463606,-0.2406809,0.005497787,-0.3463606,-0.2406809,3
867248325265928,2024-03-07T17:41:59.454Z,gyroscope sensor uncalibrated,0.053145275,-0.2883284,-0.19120082,0.053145275,-0.2883284,-0.19120082,3
867248335265928,2024-03-07T17:41:59.464Z,gyroscope sensor uncalibrated,0.11728613,-0.2443461,-0.15271631,0.11728613,-0.2443461,-0.15271631,3
867248345265928,2024-03-07T17:41:59.474Z,gyroscope sensor uncalibrated,0.18325958,-0.18387043,-0.10445796,0.18325958,-0.18387043,-0.10445796,3
867248355265694,2024-03-07T17:41:59.483Z,gyroscope sensor uncalibrated,0.23884831,-0.09773844,-0.043982297,0.23884831,-0.09773844,-0.043982297,3
867248365265694,2024-03-07T17:41:59.493Z,gyroscope sensor uncalibrated,0.29932398,0.023823744,0.021380283,0.29932398,0.023823744,0.021380283,3
867248375265660,2024-03-07T17:41:59.504Z,gyroscope sensor uncalibrated,0.3707952,0.16126843,0.09162979,0.3707952,0.16126843,0.09162979,3
867248385265660,2024-03-07T17:41:59.514Z,gyroscope sensor uncalibrated,0.46670106,0.2968805,0.16676621,0.46670106,0.2968805,0.16676621,3
867248395265660,2024-03-07T17:41:59.524Z,gyroscope sensor uncalibrated,0.56199604,0.42455134,0.27000242,0.56199604,0.42455134,0.27000242,3
867248405265660,2024-03-07T17:41:59.534Z,gyroscope sensor uncalibrated,0.6010914,0.535118,0.40439278,0.6010914,0.535118,0.40439278,3
867248415265660,2024-03-07T17:41:59.544Z,gyroscope sensor uncalibrated,0.59864795,0.6065892,0.5296202,0.59864795,0.6065892,0.5296202,3
867248425265660,2024-03-07T17:41:59.554Z,gyroscope sensor uncalibrated,0.5729916,0.6560693,0.59864795,0.5729916,0.6560693,0.59864795,3
867248435265660,2024-03-07T17:41:59.564Z,gyroscope sensor uncalibrated,0.5308419,0.70249504,0.6035349,0.5308419,0.70249504,0.6035349,3
867248445265660,2024-03-07T17:41:59.574Z,gyroscope sensor uncalibrated,0.50823987,0.7593055,0.5589417,0.50823987,0.7593055,0.5589417,3
867248455265426,2024-03-07T17:41:59.583Z,gyroscope sensor uncalibrated,0.5510005,0.81061816,0.4538729,0.5510005,0.81061816,0.4538729,3
867248465265426,2024-03-07T17:41:59.594Z,gyroscope sensor uncalibrated,0.59864795,0.7703011,0.32498032,0.59864795,0.7703011,0.32498032,3
867248475265426,2024-03-07T17:41:59.604Z,gyroscope sensor uncalibrated,0.5491679,0.40866885,0.15515977,0.5491679,0.40866885,0.15515977,3
867248485265426,2024-03-07T17:41:59.614Z,gyroscope sensor uncalibrated,0.41905355,0.12767084,0.05375614,0.41905355,0.12767084,0.05375614,3
867248495265426,2024-03-07T17:41:59.624Z,gyroscope sensor uncalibrated,0.26450464,-0.103847094,-0.080634214,0.26450464,-0.103847094,-0.080634214,3
867248505265426,2024-03-07T17:41:59.633Z,gyroscope sensor uncalibrated,0.13255776,-0.28405234,-0.23396139,0.13255776,-0.28405234,-0.23396139,3
867248515265426,2024-03-07T17:41:59.644Z,gyroscope sensor uncalibrated,0.030543262,-0.43004912,-0.35063666,0.030543262,-0.43004912,-0.35063666,3
867248525265226,2024-03-07T17:41:59.654Z,gyroscope sensor uncalibrated,-0.030543262,-0.5821546,-0.40683624,-0.030543262,-0.5821546,-0.40683624,3
867248535265226,2024-03-07T17:41:59.664Z,gyroscope sensor uncalibrated,-0.01282817,-0.7318166,-0.40011674,-0.01282817,-0.7318166,-0.40011674,3
867248545265226,2024-03-07T17:41:59.674Z,gyroscope sensor uncalibrated,0.08002335,-0.82527894,-0.33108896,0.08002335,-0.82527894,-0.33108896,3
867248555265459,2024-03-07T17:41:59.684Z,gyroscope sensor uncalibrated,0.1881465,-0.81061816,-0.22724187,0.1881465,-0.81061816,-0.22724187,3
867248565265459,2024-03-07T17:41:59.694Z,gyroscope sensor uncalibrated,0.29016098,-0.6243043,-0.11301007,0.29016098,-0.6243043,-0.11301007,3
867248575265692,2024-03-07T17:41:59.704Z,gyroscope sensor uncalibrated,0.4447099,-0.26939157,-0.010995574,0.4447099,-0.26939157,-0.010995574,3
867248585265692,2024-03-07T17:41:59.713Z,gyroscope sensor uncalibrated,0.6230826,0.106901415,0.048258353,0.6230826,0.106901415,0.048258353,3
867248595265692,2024-03-07T17:41:59.724Z,gyroscope sensor uncalibrated,0.71959925,0.38606682,0.05375614,0.71959925,0.38606682,0.05375614,3
867248605265458,2024-03-07T17:41:59.734Z,gyroscope sensor uncalibrated,0.70554936,0.535118,0.04153884,0.70554936,0.535118,0.04153884,3
867248615265458,2024-03-07T17:41:59.744Z,gyroscope sensor uncalibrated,0.6401868,0.6426302,0.017104227,0.6401868,0.6426302,0.017104227,3
867248625265458,2024-03-07T17:41:59.754Z,gyroscope sensor uncalibrated,0.51068336,0.7855727,-0.053145275,0.51068336,0.7855727,-0.053145275,3
867248635265458,2024-03-07T17:41:59.764Z,gyroscope sensor uncalibrated,0.3359759,0.79351395,-0.09712757,0.3359759,0.79351395,-0.09712757,3
867248645265458,2024-03-07T17:41:59.774Z,gyroscope sensor uncalibrated,0.23151793,0.6395759,-0.086132,0.23151793,0.6395759,-0.086132,3
867248655265458,2024-03-07T17:41:59.784Z,gyroscope sensor uncalibrated,0.26145032,0.42760566,-0.02321288,0.26145032,0.42760566,-0.02321288,3
867248665265458,2024-03-07T17:41:59.794Z,gyroscope sensor uncalibrated,0.37812558,0.19730948,0.09773844,0.37812558,0.19730948,0.09773844,3
867248675265458,2024-03-07T17:41:59.804Z,gyroscope sensor uncalibrated,0.49235737,0.008552114,0.24373524,0.49235737,0.008552114,0.24373524,3
867248685265458,2024-03-07T17:41:59.814Z,gyroscope sensor uncalibrated,0.56199604,-0.1685988,0.41172317,0.56199604,-0.1685988,0.41172317,3
867248695265458,2024-03-07T17:41:59.824Z,gyroscope sensor uncalibrated,0.5002986,-0.29993483,0.4550946,0.5002986,-0.29993483,0.4550946,3
867248705265458,2024-03-07T17:41:59.834Z,gyroscope sensor uncalibrated,0.3726278,-0.43249258,0.41722095,0.3726278,-0.43249258,0.41722095,3
867248715265458,2024-03-07T17:41:59.844Z,gyroscope sensor uncalibrated,0.21746802,-0.52290064,0.30543262,0.21746802,-0.52290064,0.30543262,3
867248725265458,2024-03-07T17:41:59.854Z,gyroscope sensor uncalibrated,0.014049901,-0.5534439,0.14660765,0.014049901,-0.5534439,0.14660765,3
867248735265458,2024-03-07T17:41:59.864Z,gyroscope sensor uncalibrated,-0.18692477,-0.5137377,-0.027488936,-0.18692477,-0.5137377,-0.027488936,3
867248745265458,2024-03-07T17:41:59.874Z,gyroscope sensor uncalibrated,-0.36468655,-0.40500367,-0.16737708,-0.36468655,-0.40500367,-0.16737708,3
867248755264524,2024-03-07T17:41:59.884Z,gyroscope sensor uncalibrated,-0.47891834,-0.29138273,-0.23823744,-0.47891834,-0.29138273,-0.23823744,3
867248765264524,2024-03-07T17:41:59.894Z,gyroscope sensor uncalibrated,-0.44959682,-0.21380283,-0.2846632,-0.44959682,-0.21380283,-0.2846632,3
867248775264524,2024-03-07T17:41:59.904Z,gyroscope sensor uncalibrated,-0.31031954,-0.1600467,-0.2779437,-0.31031954,-0.1600467,-0.2779437,3
867248785264524,2024-03-07T17:41:59.914Z,gyroscope sensor uncalibrated,-0.14966199,-0.12583824,-0.2125811,-0.14966199,-0.12583824,-0.2125811,3
867248795264524,2024-03-07T17:41:59.924Z,gyroscope sensor uncalibrated,0.015271631,-0.087964594,-0.08857546,0.015271631,-0.087964594,-0.08857546,3
867248805264757,2024-03-07T17:41:59.934Z,gyroscope sensor uncalibrated,0.10140363,-0.016493361,0.08368854,0.10140363,-0.016493361,0.08368854,3
867248815264757,2024-03-07T17:41:59.944Z,gyroscope sensor uncalibrated,0.08674286,0.050701816,0.23762658,0.08674286,0.050701816,0.23762658,3
867248825264757,2024-03-07T17:41:59.954Z,gyroscope sensor uncalibrated,0.10873401,0.108123146,0.31642818,0.10873401,0.108123146,0.31642818,3
867248835264757,2024-03-07T17:41:59.964Z,gyroscope sensor uncalibrated,0.13561209,0.16920967,0.3378085,0.13561209,0.16920967,0.3378085,3
867248845264757,2024-03-07T17:41:59.974Z,gyroscope sensor uncalibrated,0.10445796,0.2406809,0.32986724,0.10445796,0.2406809,0.32986724,3
867248855264523,2024-03-07T17:41:59.983Z,gyroscope sensor uncalibrated,0.04153884,0.3268129,0.2883284,0.04153884,0.3268129,0.2883284,3
867248865264523,2024-03-07T17:41:59.994Z,gyroscope sensor uncalibrated,-0.045814894,0.43249258,0.20525073,-0.045814894,0.43249258,0.20525073,3
867248875264523,2024-03-07T17:42:00.004Z,gyroscope sensor uncalibrated,-0.16920967,0.5308419,0.08246681,-0.16920967,0.5308419,0.08246681,3
867248885264523,2024-03-07T17:42:00.014Z,gyroscope sensor uncalibrated,-0.3005457,0.62858033,-0.073303826,-0.3005457,0.62858033,-0.073303826,3
867248895264523,2024-03-07T17:42:00.024Z,gyroscope sensor uncalibrated,-0.39522982,0.7263188,-0.2302962,-0.39522982,0.7263188,-0.2302962,3
867248905264523,2024-03-07T17:42:00.034Z,gyroscope sensor uncalibrated,-0.40744713,0.79901177,-0.3811799,-0.40744713,0.79901177,-0.3811799,3
867248915264523,2024-03-07T17:42:00.044Z,gyroscope sensor uncalibrated,-0.33414328,0.8020661,-0.37995818,-0.33414328,0.8020661,-0.37995818,3
867248925264523,2024-03-07T17:42:00.054Z,gyroscope sensor uncalibrated,-0.23884831,0.7648033,-0.30482176,-0.23884831,0.7648033,-0.30482176,3
867248935264523,2024-03-07T17:42:00.064Z,gyroscope sensor uncalibrated,-0.18020524,0.6908886,-0.21074851,-0.18020524,0.6908886,-0.21074851,3
867248945264523,2024-03-07T17:42:00.073Z,gyroscope sensor uncalibrated,-0.14844026,0.5821546,-0.15699236,-0.14844026,0.5821546,-0.15699236,3
867248955264523,2024-03-07T17:42:00.084Z,gyroscope sensor uncalibrated,-0.12522738,0.48808134,-0.15393804,-0.12522738,0.48808134,-0.15393804,3
867248965264523,2024-03-07T17:42:00.094Z,gyroscope sensor uncalibrated,-0.10995574,0.4428773,-0.18203785,-0.10995574,0.4428773,-0.18203785,3
867248975264523,2024-03-07T17:42:00.104Z,gyroscope sensor uncalibrated,-0.13072516,0.41172317,-0.20219639,-0.13072516,0.41172317,-0.20219639,3
867248985264523,2024-03-07T17:42:00.114Z,gyroscope sensor uncalibrated,-0.15332718,0.40133846,-0.18753563,-0.15332718,0.40133846,-0.18753563,3
867248995264523,2024-03-07T17:42:00.124Z,gyroscope sensor uncalibrated,-0.13561209,0.38789943,-0.12522738,-0.13561209,0.38789943,-0.12522738,3
867249005264523,2024-03-07T17:42:00.134Z,gyroscope sensor uncalibrated,-0.08246681,0.32620203,-0.010995574,-0.08246681,0.32620203,-0.010995574,3
867249015264523,2024-03-07T17:42:00.144Z,gyroscope sensor uncalibrated,-0.05131268,0.23090707,0.12522738,-0.05131268,0.23090707,0.12522738,3
867249025264523,2024-03-07T17:42:00.154Z,gyroscope sensor uncalibrated,-0.02687807,0.12156218,0.23457226,-0.02687807,0.12156218,0.23457226,3
867249035264523,2024-03-07T17:42:00.164Z,gyroscope sensor uncalibrated,-0.00061086525,0.034208454,0.3115413,-0.00061086525,0.034208454,0.3115413,3
867249045264523,2024-03-07T17:42:00.173Z,gyroscope sensor uncalibrated,0.035430185,-0.09407325,0.35918877,0.035430185,-0.09407325,0.35918877,3
867249055265723,2024-03-07T17:42:00.184Z,gyroscope sensor uncalibrated,0.03604105,-0.30848694,0.39828414,0.03604105,-0.30848694,0.39828414,3
867249065265723,2024-03-07T17:42:00.194Z,gyroscope sensor uncalibrated,-0.004886922,-0.5497787,0.408058,-0.004886922,-0.5497787,0.408058,3
867249075265723,2024-03-07T17:42:00.204Z,gyroscope sensor uncalibrated,-0.028099801,-0.72082096,0.37934732,-0.028099801,-0.72082096,0.37934732,3
867249085265723,2024-03-07T17:42:00.214Z,gyroscope sensor uncalibrated,-0.045814894,-0.8393288,0.26511553,-0.045814894,-0.8393288,0.26511553,3
867249095265723,2024-03-07T17:42:00.224Z,gyroscope sensor uncalibrated,-0.045814894,-0.8313876,0.18020524,-0.045814894,-0.8313876,0.18020524,3
867249105265489,2024-03-07T17:42:00.233Z,gyroscope sensor uncalibrated,-0.054367006,-0.6426302,0.16310102,-0.054367006,-0.6426302,0.16310102,3
867249115265489,2024-03-07T17:42:00.244Z,gyroscope sensor uncalibrated,-0.116675265,-0.2125811,0.1282817,-0.116675265,-0.2125811,0.1282817,3
867249125265489,2024-03-07T17:42:00.254Z,gyroscope sensor uncalibrated,-0.19608775,0.048258353,0.09162979,-0.19608775,0.048258353,0.09162979,3
867249135265489,2024-03-07T17:42:00.264Z,gyroscope sensor uncalibrated,-0.24373524,0.27122417,0.05497787,-0.24373524,0.27122417,0.05497787,3
867249145265489,2024-03-07T17:42:00.274Z,gyroscope sensor uncalibrated,-0.23884831,0.48441613,0.02443461,-0.23884831,0.48441613,0.02443461,3
867249155265489,2024-03-07T17:42:00.284Z,gyroscope sensor uncalibrated,-0.27366763,0.70371675,0.014049901,-0.27366763,0.70371675,0.014049901,3
867249165265489,2024-03-07T17:42:00.294Z,gyroscope sensor uncalibrated,-0.35246924,0.86254174,-0.03848451,-0.35246924,0.86254174,-0.03848451,3
867249175265255,2024-03-07T17:42:00.304Z,gyroscope sensor uncalibrated,-0.3585779,0.97433007,-0.11789699,-0.3585779,0.97433007,-0.11789699,3
867249185265255,2024-03-07T17:42:00.314Z,gyroscope sensor uncalibrated,-0.29138273,1.0354166,-0.17898351,-0.29138273,1.0354166,-0.17898351,3
867249195265255,2024-03-07T17:42:00.324Z,gyroscope sensor uncalibrated,-0.25228736,1.0219775,-0.23335053,-0.25228736,1.0219775,-0.23335053,3
867249205265255,2024-03-07T17:42:00.333Z,gyroscope sensor uncalibrated,-0.27000242,0.8924741,-0.27855456,-0.27000242,0.8924741,-0.27855456,3
867249215265255,2024-03-07T17:42:00.344Z,gyroscope sensor uncalibrated,-0.26206118,0.68233645,-0.27550024,-0.26206118,0.68233645,-0.27550024,3
867249225265255,2024-03-07T17:42:00.353Z,gyroscope sensor uncalibrated,-0.20952678,0.31215215,-0.20158553,-0.20952678,0.31215215,-0.20158553,3
867249235265255,2024-03-07T17:42:00.363Z,gyroscope sensor uncalibrated,-0.10751228,-0.13194689,-0.0983493,-0.10751228,-0.13194689,-0.0983493,3
867249245265255,2024-03-07T17:42:00.374Z,gyroscope sensor uncalibrated,-0.002443461,-0.5357288,-0.004276057,-0.002443461,-0.5357288,-0.004276057,3
867249255265255,2024-03-07T17:42:00.383Z,gyroscope sensor uncalibrated,0.06291912,-0.8240572,0.05375614,0.06291912,-0.8240572,0.05375614,3
867249265265255,2024-03-07T17:42:00.394Z,gyroscope sensor uncalibrated,0.092240654,-0.95356065,0.07086037,0.092240654,-0.95356065,0.07086037,3
867249275265255,2024-03-07T17:42:00.404Z,gyroscope sensor uncalibrated,0.08307768,-0.9437868,0.042760566,0.08307768,-0.9437868,0.042760566,3
867249285265255,2024-03-07T17:42:00.414Z,gyroscope sensor uncalibrated,0.012217305,-0.8533788,-0.020158553,0.012217305,-0.8533788,-0.020158553,3
867249295265255,2024-03-07T17:42:00.424Z,gyroscope sensor uncalibrated,-0.07941248,-0.70432764,-0.10445796,-0.07941248,-0.70432764,-0.10445796,3
867249305265488,2024-03-07T17:42:00.434Z,gyroscope sensor uncalibrated,-0.13316862,-0.51923543,-0.1777618,-0.13316862,-0.51923543,-0.1777618,3
867249315265488,2024-03-07T17:42:00.444Z,gyroscope sensor uncalibrated,-0.112399206,-0.33841935,-0.22357668,-0.112399206,-0.33841935,-0.22357668,3
867249325265488,2024-03-07T17:42:00.454Z,gyroscope sensor uncalibrated,0.0,-0.1563815,-0.22174409,0.0,-0.1563815,-0.22174409,3
867249335265488,2024-03-07T17:42:00.463Z,gyroscope sensor uncalibrated,0.070249505,-0.07513642,-0.19242255,0.070249505,-0.07513642,-0.19242255,3
867249345265488,2024-03-07T17:42:00.474Z,gyroscope sensor uncalibrated,0.09101892,0.009162978,-0.16432275,0.09101892,0.009162978,-0.16432275,3
867249355265221,2024-03-07T17:42:00.484Z,gyroscope sensor uncalibrated,0.0720821,0.11362094,-0.15882497,0.0720821,0.11362094,-0.15882497,3
867249365265221,2024-03-07T17:42:00.494Z,gyroscope sensor uncalibrated,0.03848451,0.22418754,-0.17959438,0.03848451,0.22418754,-0.17959438,3
867249375265221,2024-03-07T17:42:00.504Z,gyroscope sensor uncalibrated,0.0012217305,0.32070425,-0.19547687,0.0012217305,0.32070425,-0.19547687,3
867249385265221,2024-03-07T17:42:00.514Z,gyroscope sensor uncalibrated,-0.016493361,0.3885103,-0.18387043,-0.016493361,0.3885103,-0.18387043,3
867249395265221,2024-03-07T17:42:00.524Z,gyroscope sensor uncalibrated,-0.009162978,0.41599923,-0.1441642,-0.009162978,0.41599923,-0.1441642,3
867249405265221,2024-03-07T17:42:00.534Z,gyroscope sensor uncalibrated,0.015271631,0.40317106,-0.08124508,0.015271631,0.40317106,-0.08124508,3
867249415265487,2024-03-07T17:42:00.544Z,gyroscope sensor uncalibrated,0.05497787,0.35979962,-0.008552114,0.05497787,0.35979962,-0.008552114,3
867249425265487,2024-03-07T17:42:00.554Z,gyroscope sensor uncalibrated,0.11911872,0.3115413,0.0580322,0.11911872,0.3115413,0.0580322,3
867249435265720,2024-03-07T17:42:00.564Z,gyroscope sensor uncalibrated,0.20586158,0.26633725,0.11911872,0.20586158,0.26633725,0.11911872,3
867249445265720,2024-03-07T17:42:00.574Z,gyroscope sensor uncalibrated,0.3036,0.20952678,0.18142697,0.3036,0.20952678,0.18142697,3
867249455265720,2024-03-07T17:42:00.584Z,gyroscope sensor uncalibrated,0.38362336,0.16676621,0.24312437,0.38362336,0.16676621,0.24312437,3
867249465265720,2024-03-07T17:42:00.594Z,gyroscope sensor uncalibrated,0.42271876,0.15332718,0.2932153,0.42271876,0.15332718,0.2932153,3
867249475265720,2024-03-07T17:42:00.604Z,gyroscope sensor uncalibrated,0.43860126,0.13805555,0.3182608,0.43860126,0.13805555,0.3182608,3
867249485265720,2024-03-07T17:42:00.614Z,gyroscope sensor uncalibrated,0.44409904,0.13805555,0.31764993,0.44409904,0.13805555,0.31764993,3
867249495265953,2024-03-07T17:42:00.624Z,gyroscope sensor uncalibrated,0.42821655,0.18203785,0.30298916,0.42821655,0.18203785,0.30298916,3
867249505265953,2024-03-07T17:42:00.634Z,gyroscope sensor uncalibrated,0.39584067,0.2180789,0.24923302,0.39584067,0.2180789,0.24923302,3
867249515265953,2024-03-07T17:42:00.644Z,gyroscope sensor uncalibrated,0.3481932,0.19730948,0.14721853,0.3481932,0.19730948,0.14721853,3
867249525265953,2024-03-07T17:42:00.654Z,gyroscope sensor uncalibrated,0.29260445,0.08857546,0.020158553,0.29260445,0.08857546,0.020158553,3
867249535265953,2024-03-07T17:42:00.664Z,gyroscope sensor uncalibrated,0.16676621,-0.16982053,-0.122783914,0.16676621,-0.16982053,-0.122783914,3
867249545265953,2024-03-07T17:42:00.674Z,gyroscope sensor uncalibrated,0.106901415,-0.3463606,-0.21074851,0.106901415,-0.3463606,-0.21074851,3
867249555266186,2024-03-07T17:42:00.684Z,gyroscope sensor uncalibrated,0.08002335,-0.47036624,-0.32375857,0.08002335,-0.47036624,-0.32375857,3
867249565266186,2024-03-07T17:42:00.694Z,gyroscope sensor uncalibrated,0.09468412,-0.5626069,-0.42455134,0.09468412,-0.5626069,-0.42455134,3
867249575266186,2024-03-07T17:42:00.704Z,gyroscope sensor uncalibrated,0.12644911,-0.60903263,-0.46181414,0.12644911,-0.60903263,-0.46181414,3
867249585266186,2024-03-07T17:42:00.714Z,gyroscope sensor uncalibrated,0.14294247,-0.63041294,-0.44348818,0.14294247,-0.63041294,-0.44348818,3
867249595266186,2024-03-07T17:42:00.724Z,gyroscope sensor uncalibrated,0.1881465,-0.625526,-0.39522982,0.1881465,-0.625526,-0.39522982,3
867249605265952,2024-03-07T17:42:00.734Z,gyroscope sensor uncalibrated,0.26389378,-0.6084218,-0.33475417,0.26389378,-0.6084218,-0.33475417,3
867249615265952,2024-03-07T17:42:00.744Z,gyroscope sensor uncalibrated,0.34391713,-0.58093286,-0.26816985,0.34391713,-0.58093286,-0.26816985,3
867249625265952,2024-03-07T17:42:00.754Z,gyroscope sensor uncalibrated,0.44532076,-0.46731192,-0.20708331,0.44532076,-0.46731192,-0.20708331,3
867249635265952,2024-03-07T17:42:00.764Z,gyroscope sensor uncalibrated,0.50946164,-0.26328292,-0.14782938,0.50946164,-0.26328292,-0.14782938,3
867249645265952,2024-03-07T17:42:00.774Z,gyroscope sensor uncalibrated,0.45937067,-0.12950343,-0.07880162,0.45937067,-0.12950343,-0.07880162,3
867249655265952,2024-03-07T17:42:00.784Z,gyroscope sensor uncalibrated,0.44348818,-0.030543262,-0.026267206,0.44348818,-0.030543262,-0.026267206,3
867249665265952,2024-03-07T17:42:00.794Z,gyroscope sensor uncalibrated,0.5662721,0.23884831,-0.017104227,0.5662721,0.23884831,-0.017104227,3
867249675265952,2024-03-07T17:42:00.804Z,gyroscope sensor uncalibrated,0.71959925,0.6646214,-0.014049901,0.71959925,0.6646214,-0.014049901,3
867249685265952,2024-03-07T17:42:00.814Z,gyroscope sensor uncalibrated,0.729984,0.97494096,-0.0580322,0.729984,0.97494096,-0.0580322,3
867249695265952,2024-03-07T17:42:00.823Z,gyroscope sensor uncalibrated,0.6249151,0.97005403,-0.14110987,0.6249151,0.97005403,-0.14110987,3
867249705265952,2024-03-07T17:42:00.834Z,gyroscope sensor uncalibrated,0.46303585,0.84299403,-0.21685717,0.46303585,0.84299403,-0.21685717,3
867249715265685,2024-03-07T17:42:00.844Z,gyroscope sensor uncalibrated,0.2602286,0.60903263,-0.24923302,0.2602286,0.60903263,-0.24923302,3
867249725265685,2024-03-07T17:42:00.854Z,gyroscope sensor uncalibrated,0.19058995,0.226631,-0.19425514,0.19058995,0.226631,-0.19425514,3
867249735265451,2024-03-07T17:42:00.864Z,gyroscope sensor uncalibrated,0.30909783,-0.2284636,-0.080634214,0.30909783,-0.2284636,-0.080634214,3
867249745265451,2024-03-07T17:42:00.874Z,gyroscope sensor uncalibrated,0.49235737,-0.7684685,0.22418754,0.49235737,-0.7684685,0.22418754,3
867249755265451,2024-03-07T17:42:00.884Z,gyroscope sensor uncalibrated,0.5833763,-1.0354166,0.47036624,0.5833763,-1.0354166,0.47036624,3
867249765265451,2024-03-07T17:42:00.894Z,gyroscope sensor uncalibrated,0.59559363,-1.241889,0.657291,0.59559363,-1.241889,0.657291,3
867249775266384,2024-03-07T17:42:00.904Z,gyroscope sensor uncalibrated,0.453262,-1.3713925,0.74220127,0.453262,-1.3713925,0.74220127,3
867249785266384,2024-03-07T17:42:00.914Z,gyroscope sensor uncalibrated,0.2284636,-1.382388,0.6224717,0.2284636,-1.382388,0.6224717,3
867249795266384,2024-03-07T17:42:00.924Z,gyroscope sensor uncalibrated,-0.05131268,-1.2492194,0.38606682,-0.05131268,-1.2492194,0.38606682,3
867249805266617,2024-03-07T17:42:00.934Z,gyroscope sensor uncalibrated,-0.32436943,-1.0042624,0.122783914,-0.32436943,-1.0042624,0.122783914,3
867249815266617,2024-03-07T17:42:00.944Z,gyroscope sensor uncalibrated,-0.5345071,-0.68539083,-0.06169739,-0.5345071,-0.68539083,-0.06169739,3
867249825266617,2024-03-07T17:42:00.953Z,gyroscope sensor uncalibrated,-0.58459806,-0.37934732,-0.1563815,-0.58459806,-0.37934732,-0.1563815,3
867249835266617,2024-03-07T17:42:00.964Z,gyroscope sensor uncalibrated,-0.33292156,-0.16065755,-0.20280726,-0.33292156,-0.16065755,-0.20280726,3
867249845266617,2024-03-07T17:42:00.974Z,gyroscope sensor uncalibrated,-0.08307768,0.08735373,-0.15577064,-0.08307768,0.08735373,-0.15577064,3
867249855266383,2024-03-07T17:42:00.984Z,gyroscope sensor uncalibrated,-0.03176499,0.27122417,-0.03359759,-0.03176499,0.27122417,-0.03359759,3
867249865266383,2024-03-07T17:42:00.994Z,gyroscope sensor uncalibrated,-0.007330383,0.37995818,0.10140363,-0.007330383,0.37995818,0.10140363,3
867249875266383,2024-03-07T17:42:01.004Z,gyroscope sensor uncalibrated,0.032986723,0.4098906,0.20463985,0.032986723,0.4098906,0.20463985,3
867249885266383,2024-03-07T17:42:01.014Z,gyroscope sensor uncalibrated,0.043982297,0.376293,0.25289822,0.043982297,0.376293,0.25289822,3
867249895266383,2024-03-07T17:42:01.024Z,gyroscope sensor uncalibrated,0.0030543262,0.30482176,0.27488935,0.0030543262,0.30482176,0.27488935,3
867249905266383,2024-03-07T17:42:01.034Z,gyroscope sensor uncalibrated,-0.058643065,0.19303341,0.27488935,-0.058643065,0.19303341,0.27488935,3
867249915266383,2024-03-07T17:42:01.044Z,gyroscope sensor uncalibrated,-0.10934488,0.044593163,0.25778514,-0.10934488,0.044593163,0.25778514,3
867249925266383,2024-03-07T17:42:01.054Z,gyroscope sensor uncalibrated,-0.16493362,-0.11301007,0.226631,-0.16493362,-0.11301007,0.226631,3
867249935266383,2024-03-07T17:42:01.064Z,gyroscope sensor uncalibrated,-0.21563543,-0.2406809,0.18570304,-0.21563543,-0.2406809,0.18570304,3
867249945266383,2024-03-07T17:42:01.074Z,gyroscope sensor uncalibrated,-0.26328292,-0.3023783,0.13439035,-0.26328292,-0.3023783,0.13439035,3
867249955266383,2024-03-07T17:42:01.084Z,gyroscope sensor uncalibrated,-0.3359759,-0.22540927,0.03176499,-0.3359759,-0.22540927,0.03176499,3
867249965266383,2024-03-07T17:42:01.094Z,gyroscope sensor uncalibrated,-0.36102137,-0.08857546,-0.043982297,-0.36102137,-0.08857546,-0.043982297,3
867249975266383,2024-03-07T17:42:01.104Z,gyroscope sensor uncalibrated,-0.3585779,0.07147124,-0.111177474,-0.3585779,0.07147124,-0.111177474,3
867249985266383,2024-03-07T17:42:01.114Z,gyroscope sensor uncalibrated,-0.35613444,0.22602014,-0.1685988,-0.35613444,0.22602014,-0.1685988,3
867249995266383,2024-03-07T17:42:01.124Z,gyroscope sensor uncalibrated,-0.33169982,0.33475417,-0.20708331,-0.33169982,0.33475417,-0.20708331,3
867250005266383,2024-03-07T17:42:01.134Z,gyroscope sensor uncalibrated,-0.2773328,0.38973203,-0.21319197,-0.2773328,0.38973203,-0.21319197,3
867250015266383,2024-03-07T17:42:01.144Z,gyroscope sensor uncalibrated,-0.19730948,0.42760566,-0.1826487,-0.19730948,0.42760566,-0.1826487,3
867250025266383,2024-03-07T17:42:01.154Z,gyroscope sensor uncalibrated,-0.13194689,0.48197266,-0.12583824,-0.13194689,0.48197266,-0.12583824,3
867250035266383,2024-03-07T17:42:01.164Z,gyroscope sensor uncalibrated,-0.09712757,0.5522222,-0.055588737,-0.09712757,0.5522222,-0.055588737,3
867250045266383,2024-03-07T17:42:01.174Z,gyroscope sensor uncalibrated,-0.092240654,0.59620446,0.015882496,-0.092240654,0.59620446,0.015882496,3
867250055266616,2024-03-07T17:42:01.184Z,gyroscope sensor uncalibrated,-0.10140363,0.59681535,0.087964594,-0.10140363,0.59681535,0.087964594,3
867250065266616,2024-03-07T17:42:01.194Z,gyroscope sensor uncalibrated,-0.12522738,0.5540548,0.13927728,-0.12522738,0.5540548,0.13927728,3
867250075265682,2024-03-07T17:42:01.204Z,gyroscope sensor uncalibrated,-0.15577064,0.4428773,0.19303341,-0.15577064,0.4428773,0.19303341,3
867250085265682,2024-03-07T17:42:01.214Z,gyroscope sensor uncalibrated,-0.1282817,0.29443705,0.26267207,-0.1282817,0.29443705,0.26267207,3
867250095265448,2024-03-07T17:42:01.224Z,gyroscope sensor uncalibrated,-0.06291912,0.13133603,0.3408628,-0.06291912,0.13133603,0.3408628,3
867250105265214,2024-03-07T17:42:01.234Z,gyroscope sensor uncalibrated,-0.02076942,-0.061086524,0.41722095,-0.02076942,-0.061086524,0.41722095,3
867250115265214,2024-03-07T17:42:01.243Z,gyroscope sensor uncalibrated,-0.02565634,-0.28955013,0.44715336,-0.02565634,-0.28955013,0.44715336,3
867250125265214,2024-03-07T17:42:01.254Z,gyroscope sensor uncalibrated,-0.08552113,-0.60231316,0.44165558,-0.08552113,-0.60231316,0.44165558,3
867250135265247,2024-03-07T17:42:01.263Z,gyroscope sensor uncalibrated,-0.1563815,-0.90408057,0.41416663,-0.1563815,-0.90408057,0.41416663,3
867250145265247,2024-03-07T17:42:01.274Z,gyroscope sensor uncalibrated,-0.18387043,-1.03786,0.3707952,-0.18387043,-1.03786,0.3707952,3
867250155265247,2024-03-07T17:42:01.284Z,gyroscope sensor uncalibrated,-0.14844026,-0.979217,0.36102137,-0.14844026,-0.979217,0.36102137,3
867250165265247,2024-03-07T17:42:01.294Z,gyroscope sensor uncalibrated,-0.045814894,-0.54000485,0.5039638,-0.045814894,-0.54000485,0.5039638,3
867250175265247,2024-03-07T17:42:01.304Z,gyroscope sensor uncalibrated,-0.009162978,-0.11178834,0.625526,-0.009162978,-0.11178834,0.625526,3
867250185265247,2024-03-07T17:42:01.314Z,gyroscope sensor uncalibrated,-0.02565634,0.2284636,0.657291,-0.02565634,0.2284636,0.657291,3
867250195265247,2024-03-07T17:42:01.324Z,gyroscope sensor uncalibrated,-0.03359759,0.43676865,0.5589417,-0.03359759,0.43676865,0.5589417,3
867250205265247,2024-03-07T17:42:01.334Z,gyroscope sensor uncalibrated,-0.08124508,0.5729916,0.3933972,-0.08124508,0.5729916,0.3933972,3
867250215265247,2024-03-07T17:42:01.344Z,gyroscope sensor uncalibrated,-0.24556783,0.66889745,0.24556783,-0.24556783,0.66889745,0.24556783,3
867250225265247,2024-03-07T17:42:01.353Z,gyroscope sensor uncalibrated,-0.45204028,0.6921103,0.100792766,-0.45204028,0.6921103,0.100792766,3
867250235265247,2024-03-07T17:42:01.364Z,gyroscope sensor uncalibrated,-0.54000485,0.59315014,-0.07513642,-0.54000485,0.59315014,-0.07513642,3
867250245265247,2024-03-07T17:42:01.374Z,gyroscope sensor uncalibrated,-0.50518554,0.45937067,-0.20708331,-0.50518554,0.45937067,-0.20708331,3
867250255265247,2024-03-07T17:42:01.384Z,gyroscope sensor uncalibrated,-0.45081854,0.3213151,-0.2724459,-0.45081854,0.3213151,-0.2724459,3
867250265265247,2024-03-07T17:42:01.394Z,gyroscope sensor uncalibrated,-0.43066,0.21991149,-0.32925636,-0.43066,0.21991149,-0.32925636,3
867250275265247,2024-03-07T17:42:01.404Z,gyroscope sensor uncalibrated,-0.44165558,0.16920967,-0.3933972,-0.44165558,0.16920967,-0.3933972,3
867250285265247,2024-03-07T17:42:01.414Z,gyroscope sensor uncalibrated,-0.45570546,0.13255776,-0.44959682,-0.45570546,0.13255776,-0.44959682,3
867250295265247,2024-03-07T17:42:01.423Z,gyroscope sensor uncalibrated,-0.44226643,0.050701816,-0.49541172,-0.44226643,0.050701816,-0.49541172,3
867250305265480,2024-03-07T17:42:01.434Z,gyroscope sensor uncalibrated,-0.38423425,-0.10262536,-0.52290064,-0.38423425,-0.10262536,-0.52290064,3
867250315265480,2024-03-07T17:42:01.443Z,gyroscope sensor uncalibrated,-0.33353242,-0.28344148,-0.49480084,-0.33353242,-0.28344148,-0.49480084,3
867250325265480,2024-03-07T17:42:01.454Z,gyroscope sensor uncalibrated,-0.28160888,-0.45265114,-0.4202753,-0.28160888,-0.45265114,-0.4202753,3
867250335265480,2024-03-07T17:42:01.464Z,gyroscope sensor uncalibrated,-0.21563543,-0.56077427,-0.33169982,-0.21563543,-0.56077427,-0.33169982,3
867250345265480,2024-03-07T17:42:01.474Z,gyroscope sensor uncalibrated,-0.14110987,-0.6072,-0.27855456,-0.14110987,-0.6072,-0.27855456,3
867250355265246,2024-03-07T17:42:01.484Z,gyroscope sensor uncalibrated,-0.06414085,-0.57787853,-0.26267207,-0.06414085,-0.57787853,-0.26267207,3
867250365265246,2024-03-07T17:42:01.494Z,gyroscope sensor uncalibrated,-0.059864793,-0.49846604,-0.24923302,-0.059864793,-0.49846604,-0.24923302,3
867250375264346,2024-03-07T17:42:01.504Z,gyroscope sensor uncalibrated,-0.089186326,-0.42577308,-0.24007004,-0.089186326,-0.42577308,-0.24007004,3
867250385264346,2024-03-07T17:42:01.514Z,gyroscope sensor uncalibrated,-0.06780604,-0.36285394,-0.25900686,-0.06780604,-0.36285394,-0.25900686,3
867250395264346,2024-03-07T17:42:01.524Z,gyroscope sensor uncalibrated,-0.0421497,-0.34880406,-0.28160888,-0.0421497,-0.34880406,-0.28160888,3
867250405264346,2024-03-07T17:42:01.534Z,gyroscope sensor uncalibrated,-0.04153884,-0.34208453,-0.30298916,-0.04153884,-0.34208453,-0.30298916,3
867250415264346,2024-03-07T17:42:01.544Z,gyroscope sensor uncalibrated,-0.057421334,-0.33292156,-0.33536503,-0.057421334,-0.33292156,-0.33536503,3
867250425264346,2024-03-07T17:42:01.554Z,gyroscope sensor uncalibrated,-0.07391469,-0.31581733,-0.3726278,-0.07391469,-0.31581733,-0.3726278,3
867250435264312,2024-03-07T17:42:01.564Z,gyroscope sensor uncalibrated,-0.09162979,-0.29810223,-0.40439278,-0.09162979,-0.29810223,-0.40439278,3
867250445264312,2024-03-07T17:42:01.574Z,gyroscope sensor uncalibrated,-0.11178834,-0.27366763,-0.4166101,-0.11178834,-0.27366763,-0.4166101,3
867250455264312,2024-03-07T17:42:01.584Z,gyroscope sensor uncalibrated,-0.12583824,-0.22357668,-0.3885103,-0.12583824,-0.22357668,-0.3885103,3
867250465264312,2024-03-07T17:42:01.594Z,gyroscope sensor uncalibrated,-0.11911872,-0.16249016,-0.33536503,-0.11911872,-0.16249016,-0.33536503,3
867250475264312,2024-03-07T17:42:01.604Z,gyroscope sensor uncalibrated,-0.086132,-0.09773844,-0.2773328,-0.086132,-0.09773844,-0.2773328,3
867250485264312,2024-03-07T17:42:01.614Z,gyroscope sensor uncalibrated,-0.0580322,-0.013439035,-0.20525073,-0.0580322,-0.013439035,-0.20525073,3
867250495264545,2024-03-07T17:42:01.624Z,gyroscope sensor uncalibrated,-0.021991149,0.096516706,-0.12767084,-0.021991149,0.096516706,-0.12767084,3
867250505264545,2024-03-07T17:42:01.634Z,gyroscope sensor uncalibrated,-0.004276057,0.21502456,-0.05497787,-0.004276057,0.21502456,-0.05497787,3
867250515264545,2024-03-07T17:42:01.643Z,gyroscope sensor uncalibrated,-0.00061086525,0.2932153,0.004276057,-0.00061086525,0.2932153,0.004276057,3
867250525264545,2024-03-07T17:42:01.654Z,gyroscope sensor uncalibrated,0.0012217305,0.32436943,0.04520403,0.0012217305,0.32436943,0.04520403,3
867250535264545,2024-03-07T17:42:01.664Z,gyroscope sensor uncalibrated,0.010995574,0.344528,0.076358154,0.010995574,0.344528,0.076358154,3
867250545264545,2024-03-07T17:42:01.674Z,gyroscope sensor uncalibrated,0.028710667,0.3323107,0.1160644,0.028710667,0.3323107,0.1160644,3
867250555264811,2024-03-07T17:42:01.683Z,gyroscope sensor uncalibrated,0.07269296,0.2828306,0.16554448,0.07269296,0.2828306,0.16554448,3
867250565264811,2024-03-07T17:42:01.693Z,gyroscope sensor uncalibrated,0.14110987,0.23579398,0.22418754,0.14110987,0.23579398,0.22418754,3
867250575264811,2024-03-07T17:42:01.704Z,gyroscope sensor uncalibrated,0.20341812,0.2125811,0.2761111,0.20341812,0.2125811,0.2761111,3
867250585264811,2024-03-07T17:42:01.714Z,gyroscope sensor uncalibrated,0.26145032,0.22357668,0.2932153,0.26145032,0.22357668,0.2932153,3
867250595264811,2024-03-07T17:42:01.724Z,gyroscope sensor uncalibrated,0.29626966,0.1966986,0.22418754,0.29626966,0.1966986,0.22418754,3
867250605264577,2024-03-07T17:42:01.733Z,gyroscope sensor uncalibrated,0.28405234,0.12950343,0.09468412,0.28405234,0.12950343,0.09468412,3
867250615264577,2024-03-07T17:42:01.744Z,gyroscope sensor uncalibrated,0.20708331,0.062308256,-0.06047566,0.20708331,0.062308256,-0.06047566,3
867250625264577,2024-03-07T17:42:01.753Z,gyroscope sensor uncalibrated,0.086132,0.057421334,-0.21624629,0.086132,0.057421334,-0.21624629,3
867250635264577,2024-03-07T17:42:01.764Z,gyroscope sensor uncalibrated,-0.05131268,0.09773844,-0.37201694,-0.05131268,0.09773844,-0.37201694,3
867250645264577,2024-03-07T17:42:01.774Z,gyroscope sensor uncalibrated,-0.17165314,0.099571034,-0.51923543,-0.17165314,0.099571034,-0.51923543,3
867250655264577,2024-03-07T17:42:01.784Z,gyroscope sensor uncalibrated,-0.24129178,0.019547688,-0.6407976,-0.24129178,0.019547688,-0.6407976,3
867250665264577,2024-03-07T17:42:01.794Z,gyroscope sensor uncalibrated,-0.24190263,-0.0842994,-0.70188415,-0.24190263,-0.0842994,-0.70188415,3
867250675265477,2024-03-07T17:42:01.804Z,gyroscope sensor uncalibrated,-0.1826487,-0.069027774,-0.7049385,-0.1826487,-0.069027774,-0.7049385,3
867250685265477,2024-03-07T17:42:01.814Z,gyroscope sensor uncalibrated,-0.080634214,0.07269296,-0.6579019,-0.080634214,0.07269296,-0.6579019,3
867250695265477,2024-03-07T17:42:01.824Z,gyroscope sensor uncalibrated,0.035430185,0.11484267,-0.548557,0.035430185,0.11484267,-0.548557,3
867250705265477,2024-03-07T17:42:01.834Z,gyroscope sensor uncalibrated,0.22479841,-0.029321533,-0.37507126,0.22479841,-0.029321533,-0.37507126,3
867250715265477,2024-03-07T17:42:01.844Z,gyroscope sensor uncalibrated,0.41722095,-0.124005646,-0.20341812,0.41722095,-0.124005646,-0.20341812,3
867250725265477,2024-03-07T17:42:01.854Z,gyroscope sensor uncalibrated,0.52473325,-0.12522738,0.014660766,0.52473325,-0.12522738,0.014660766,3
867250735265710,2024-03-07T17:42:01.864Z,gyroscope sensor uncalibrated,0.50335294,0.03604105,0.13683382,0.50335294,0.03604105,0.13683382,3
867250745265710,2024-03-07T17:42:01.874Z,gyroscope sensor uncalibrated,0.39095375,0.20769419,0.11484267,0.39095375,0.20769419,0.11484267,3
867250755265710,2024-03-07T17:42:01.884Z,gyroscope sensor uncalibrated,0.26389378,0.34208453,-0.031154128,0.26389378,0.34208453,-0.031154128,3
867250765265710,2024-03-07T17:42:01.894Z,gyroscope sensor uncalibrated,0.19486602,0.36713,-0.05009095,0.19486602,0.36713,-0.05009095,3
867250775265710,2024-03-07T17:42:01.904Z,gyroscope sensor uncalibrated,0.2144137,0.27488935,0.04153884,0.2144137,0.27488935,0.04153884,3
867250785265710,2024-03-07T17:42:01.914Z,gyroscope sensor uncalibrated,0.29932398,0.14844026,0.17287487,0.29932398,0.14844026,0.17287487,3
867250795265710,2024-03-07T17:42:01.924Z,gyroscope sensor uncalibrated,0.4129449,0.012217305,0.3811799,0.4129449,0.012217305,0.3811799,3
867250805265943,2024-03-07T17:42:01.934Z,gyroscope sensor uncalibrated,0.47219884,0.014660766,0.462425,0.47219884,0.014660766,0.462425,3
867250815265943,2024-03-07T17:42:01.944Z,gyroscope sensor uncalibrated,0.47647488,0.05375614,0.50518554,0.47647488,0.05375614,0.50518554,3
867250825265943,2024-03-07T17:42:01.954Z,gyroscope sensor uncalibrated,0.42088616,0.03970624,0.535118,0.42088616,0.03970624,0.535118,3
867250835265943,2024-03-07T17:42:01.964Z,gyroscope sensor uncalibrated,0.34697145,-0.04520403,0.54183745,0.34697145,-0.04520403,0.54183745,3
867250845265943,2024-03-07T17:42:01.974Z,gyroscope sensor uncalibrated,0.2773328,-0.14782938,0.49663344,0.2773328,-0.14782938,0.49663344,3
867250855265676,2024-03-07T17:42:01.984Z,gyroscope sensor uncalibrated,0.17104226,-0.21319197,0.41599923,0.17104226,-0.21319197,0.41599923,3
867250865265676,2024-03-07T17:42:01.994Z,gyroscope sensor uncalibrated,0.015882496,-0.2443461,0.30176744,0.015882496,-0.2443461,0.30176744,3
867250875265676,2024-03-07T17:42:02.004Z,gyroscope sensor uncalibrated,-0.13622294,-0.26267207,0.15393804,-0.13622294,-0.26267207,0.15393804,3
867250885265676,2024-03-07T17:42:02.014Z,gyroscope sensor uncalibrated,-0.23640485,-0.2773328,0.004276057,-0.23640485,-0.2773328,0.004276057,3
867250895265676,2024-03-07T17:42:02.024Z,gyroscope sensor uncalibrated,-0.30787608,-0.28221974,-0.093462385,-0.30787608,-0.28221974,-0.093462385,3
867250905265676,2024-03-07T17:42:02.034Z,gyroscope sensor uncalibrated,-0.3475823,-0.29077184,-0.12522738,-0.3475823,-0.29077184,-0.12522738,3
867250915265676,2024-03-07T17:42:02.044Z,gyroscope sensor uncalibrated,-0.31887165,-0.2883284,-0.11728613,-0.31887165,-0.2883284,-0.11728613,3
867250925265676,2024-03-07T17:42:02.054Z,gyroscope sensor uncalibrated,-0.25167647,-0.267559,-0.08124508,-0.25167647,-0.267559,-0.08124508,3
867250935265676,2024-03-07T17:42:02.064Z,gyroscope sensor uncalibrated,-0.17959438,-0.226631,-0.02443461,-0.17959438,-0.226631,-0.02443461,3
867250945265676,2024-03-07T17:42:02.074Z,gyroscope sensor uncalibrated,-0.0983493,-0.14721853,0.054367006,-0.0983493,-0.14721853,0.054367006,3
867250955265676,2024-03-07T17:42:02.084Z,gyroscope sensor uncalibrated,-0.08674286,-0.03481932,0.12095132,-0.08674286,-0.03481932,0.12095132,3
867250965265676,2024-03-07T17:42:02.094Z,gyroscope sensor uncalibrated,-0.10751228,0.10262536,0.1685988,-0.10751228,0.10262536,0.1685988,3
867250975265676,2024-03-07T17:42:02.104Z,gyroscope sensor uncalibrated,-0.10995574,0.24495697,0.18997909,-0.10995574,0.24495697,0.18997909,3
867250985265676,2024-03-07T17:42:02.114Z,gyroscope sensor uncalibrated,-0.115453534,0.37568212,0.18142697,-0.115453534,0.37568212,0.18142697,3
867250995265676,2024-03-07T17:42:02.124Z,gyroscope sensor uncalibrated,-0.12522738,0.4783075,0.16126843,-0.12522738,0.4783075,0.16126843,3
867251005265676,2024-03-07T17:42:02.134Z,gyroscope sensor uncalibrated,-0.13255776,0.5589417,0.13927728,-0.13255776,0.5589417,0.13927728,3
867251015265676,2024-03-07T17:42:02.144Z,gyroscope sensor uncalibrated,-0.15210545,0.57543504,0.118507855,-0.15210545,0.57543504,0.118507855,3
867251025265676,2024-03-07T17:42:02.154Z,gyroscope sensor uncalibrated,-0.18753563,0.4990769,0.09896017,-0.18753563,0.4990769,0.09896017,3
867251035265442,2024-03-07T17:42:02.164Z,gyroscope sensor uncalibrated,-0.23273966,0.4196644,0.06658431,-0.23273966,0.4196644,0.06658431,3
867251045265442,2024-03-07T17:42:02.174Z,gyroscope sensor uncalibrated,-0.24312437,0.35979962,0.027488936,-0.24312437,0.35979962,0.027488936,3
867251055265675,2024-03-07T17:42:02.184Z,gyroscope sensor uncalibrated,-0.22602014,0.29443705,-0.02565634,-0.22602014,0.29443705,-0.02565634,3
867251065265675,2024-03-07T17:42:02.193Z,gyroscope sensor uncalibrated,-0.21013765,0.20097467,-0.08002335,-0.21013765,0.20097467,-0.08002335,3
867251075265675,2024-03-07T17:42:02.204Z,gyroscope sensor uncalibrated,-0.21135938,0.077579886,-0.124005646,-0.21135938,0.077579886,-0.124005646,3
867251085265675,2024-03-07T17:42:02.213Z,gyroscope sensor uncalibrated,-0.23335053,-0.02687807,-0.13988814,-0.23335053,-0.02687807,-0.13988814,3
867251095265675,2024-03-07T17:42:02.223Z,gyroscope sensor uncalibrated,-0.25900686,-0.053145275,-0.12034045,-0.25900686,-0.053145275,-0.12034045,3
867251105265441,2024-03-07T17:42:02.234Z,gyroscope sensor uncalibrated,-0.28160888,0.019547688,-0.093462385,-0.28160888,0.019547688,-0.093462385,3
867251115265441,2024-03-07T17:42:02.244Z,gyroscope sensor uncalibrated,-0.30970868,0.13072516,-0.076358154,-0.30970868,0.13072516,-0.076358154,3
867251125265441,2024-03-07T17:42:02.254Z,gyroscope sensor uncalibrated,-0.32803464,0.1704314,-0.05375614,-0.32803464,0.1704314,-0.05375614,3
867251135265441,2024-03-07T17:42:02.264Z,gyroscope sensor uncalibrated,-0.2883284,0.1160644,0.0030543262,-0.2883284,0.1160644,0.0030543262,3
867251145265441,2024-03-07T17:42:02.274Z,gyroscope sensor uncalibrated,-0.20525073,-0.02687807,0.09773844,-0.20525073,-0.02687807,0.09773844,3
867251155265674,2024-03-07T17:42:02.283Z,gyroscope sensor uncalibrated,-0.07941248,-0.20708331,0.20891592,-0.07941248,-0.20708331,0.20891592,3
867251165265674,2024-03-07T17:42:02.294Z,gyroscope sensor uncalibrated,0.013439035,-0.40011674,0.33108896,0.013439035,-0.40011674,0.33108896,3
867251175265674,2024-03-07T17:42:02.303Z,gyroscope sensor uncalibrated,0.07452556,-0.6444628,0.4642576,0.07452556,-0.6444628,0.4642576,3
867251185265674,2024-03-07T17:42:02.314Z,gyroscope sensor uncalibrated,0.17104226,-0.9077458,0.58032197,0.17104226,-0.9077458,0.58032197,3
867251195265674,2024-03-07T17:42:02.324Z,gyroscope sensor uncalibrated,0.2443461,-1.102001,0.6420194,0.2443461,-1.102001,0.6420194,3
867251205265674,2024-03-07T17:42:02.333Z,gyroscope sensor uncalibrated,0.26083946,-1.1117748,0.6401868,0.26083946,-1.1117748,0.6401868,3
867251215265674,2024-03-07T17:42:02.344Z,gyroscope sensor uncalibrated,0.24190263,-0.95356065,0.5833763,0.24190263,-0.95356065,0.5833763,3
867251225265674,2024-03-07T17:42:02.354Z,gyroscope sensor uncalibrated,0.16249016,-0.6450737,0.52595496,0.16249016,-0.6450737,0.52595496,3
867251235265674,2024-03-07T17:42:02.364Z,gyroscope sensor uncalibrated,0.08246681,-0.408058,0.5320636,0.08246681,-0.408058,0.5320636,3
867251245265674,2024-03-07T17:42:02.374Z,gyroscope sensor uncalibrated,-0.019547688,-0.20280726,0.52412236,-0.019547688,-0.20280726,0.52412236,3
867251255265674,2024-03-07T17:42:02.384Z,gyroscope sensor uncalibrated,-0.14782938,-0.059864793,0.44409904,-0.14782938,-0.059864793,0.44409904,3
867251265265674,2024-03-07T17:42:02.394Z,gyroscope sensor uncalibrated,-0.25473082,-0.007941248,0.29993483,-0.25473082,-0.007941248,0.29993483,3
867251275265674,2024-03-07T17:42:02.404Z,gyroscope sensor uncalibrated,-0.29565877,0.017715093,0.15882497,-0.29565877,0.017715093,0.15882497,3
867251285265674,2024-03-07T17:42:02.413Z,gyroscope sensor uncalibrated,-0.3390302,0.05497787,0.081855945,-0.3390302,0.05497787,0.081855945,3
867251295265674,2024-03-07T17:42:02.424Z,gyroscope sensor uncalibrated,-0.41599923,0.03970624,0.03359759,-0.41599923,0.03970624,0.03359759,3
867251305265907,2024-03-07T17:42:02.434Z,gyroscope sensor uncalibrated,-0.44959682,0.0,-0.048258353,-0.44959682,0.0,-0.048258353,3
867251315265907,2024-03-07T17:42:02.444Z,gyroscope sensor uncalibrated,-0.44776422,0.016493361,-0.1441642,-0.44776422,0.016493361,-0.1441642,3
867251325265907,2024-03-07T17:42:02.454Z,gyroscope sensor uncalibrated,-0.47647488,0.076358154,-0.23518312,-0.47647488,0.076358154,-0.23518312,3
867251335265907,2024-03-07T17:42:02.464Z,gyroscope sensor uncalibrated,-0.5375614,0.1685988,-0.29138273,-0.5375614,0.1685988,-0.29138273,3
867251345265907,2024-03-07T17:42:02.474Z,gyroscope sensor uncalibrated,-0.5552765,0.23884831,-0.30726522,-0.5552765,0.23884831,-0.30726522,3
867251355265673,2024-03-07T17:42:02.484Z,gyroscope sensor uncalibrated,-0.48258355,0.21013765,-0.29138273,-0.48258355,0.21013765,-0.29138273,3
867251365265673,2024-03-07T17:42:02.494Z,gyroscope sensor uncalibrated,-0.34208453,0.08368854,-0.22907446,-0.34208453,0.08368854,-0.22907446,3
867251375265673,2024-03-07T17:42:02.504Z,gyroscope sensor uncalibrated,-0.19792034,-0.07941248,-0.13561209,-0.19792034,-0.07941248,-0.13561209,3
867251385265673,2024-03-07T17:42:02.514Z,gyroscope sensor uncalibrated,-0.08735373,-0.22357668,-0.06414085,-0.08735373,-0.22357668,-0.06414085,3
867251395265439,2024-03-07T17:42:02.524Z,gyroscope sensor uncalibrated,-0.01160644,-0.30298916,-0.032375857,-0.01160644,-0.30298916,-0.032375857,3
867251405265439,2024-03-07T17:42:02.534Z,gyroscope sensor uncalibrated,0.03359759,-0.29626966,-0.028710667,0.03359759,-0.29626966,-0.028710667,3
867251415265439,2024-03-07T17:42:02.544Z,gyroscope sensor uncalibrated,0.028099801,-0.22479841,-0.028710667,0.028099801,-0.22479841,-0.028710667,3
867251425265439,2024-03-07T17:42:02.554Z,gyroscope sensor uncalibrated,-0.03481932,-0.15149458,-0.03604105,-0.03481932,-0.15149458,-0.03604105,3
867251435265439,2024-03-07T17:42:02.564Z,gyroscope sensor uncalibrated,-0.1020145,-0.0983493,-0.122783914,-0.1020145,-0.0983493,-0.122783914,3
867251445265439,2024-03-07T17:42:02.574Z,gyroscope sensor uncalibrated,-0.1020145,-0.086132,-0.20830505,-0.1020145,-0.086132,-0.20830505,3
867251455265205,2024-03-07T17:42:02.584Z,gyroscope sensor uncalibrated,-0.07513642,-0.096516706,-0.28099802,-0.07513642,-0.096516706,-0.28099802,3
867251465265205,2024-03-07T17:42:02.594Z,gyroscope sensor uncalibrated,-0.026267206,-0.119729586,-0.33108896,-0.026267206,-0.119729586,-0.33108896,3
867251475265205,2024-03-07T17:42:02.604Z,gyroscope sensor uncalibrated,0.032986723,-0.14660765,-0.35246924,0.032986723,-0.14660765,-0.35246924,3
867251485265205,2024-03-07T17:42:02.614Z,gyroscope sensor uncalibrated,0.0983493,-0.15210545,-0.3481932,0.0983493,-0.15210545,-0.3481932,3
867251495265205,2024-03-07T17:42:02.624Z,gyroscope sensor uncalibrated,0.16676621,-0.12095132,-0.31887165,0.16676621,-0.12095132,-0.31887165,3
867251505265205,2024-03-07T17:42:02.634Z,gyroscope sensor uncalibrated,0.24801129,-0.059253927,-0.26816985,0.24801129,-0.059253927,-0.26816985,3
867251515265205,2024-03-07T17:42:02.644Z,gyroscope sensor uncalibrated,0.29260445,0.012217305,-0.19853121,0.29260445,0.012217305,-0.19853121,3
867251525265205,2024-03-07T17:42:02.653Z,gyroscope sensor uncalibrated,0.29138273,0.08979719,-0.119729586,0.29138273,0.08979719,-0.119729586,3
867251535265205,2024-03-07T17:42:02.664Z,gyroscope sensor uncalibrated,0.28527406,0.15699236,-0.042760566,0.28527406,0.15699236,-0.042760566,3
867251545265205,2024-03-07T17:42:02.674Z,gyroscope sensor uncalibrated,0.2938262,0.25167647,0.02321288,0.2938262,0.25167647,0.02321288,3
867251555265438,2024-03-07T17:42:02.683Z,gyroscope sensor uncalibrated,0.29993483,0.3885103,0.07880162,0.29993483,0.3885103,0.07880162,3
867251565265438,2024-03-07T17:42:02.694Z,gyroscope sensor uncalibrated,0.30665436,0.535118,0.13500121,0.30665436,0.535118,0.13500121,3
867251575265438,2024-03-07T17:42:02.704Z,gyroscope sensor uncalibrated,0.3268129,0.63285637,0.17898351,0.3268129,0.63285637,0.17898351,3
867251585265438,2024-03-07T17:42:02.714Z,gyroscope sensor uncalibrated,0.35735616,0.6646214,0.21624629,0.35735616,0.6646214,0.21624629,3
867251595265438,2024-03-07T17:42:02.724Z,gyroscope sensor uncalibrated,0.38362336,0.64934975,0.25289822,0.38362336,0.64934975,0.25289822,3
867251605265204,2024-03-07T17:42:02.734Z,gyroscope sensor uncalibrated,0.40194935,0.63407815,0.29260445,0.40194935,0.63407815,0.29260445,3
867251615265204,2024-03-07T17:42:02.743Z,gyroscope sensor uncalibrated,0.42332962,0.6542367,0.33108896,0.42332962,0.6542367,0.33108896,3
867251625265204,2024-03-07T17:42:02.754Z,gyroscope sensor uncalibrated,0.46731192,0.71593404,0.36957347,0.46731192,0.71593404,0.36957347,3
867251635265437,2024-03-07T17:42:02.764Z,gyroscope sensor uncalibrated,0.54244834,0.81306165,0.37934732,0.54244834,0.81306165,0.37934732,3
867251645265437,2024-03-07T17:42:02.774Z,gyroscope sensor uncalibrated,0.5992588,0.83199847,0.31398472,0.5992588,0.83199847,0.31398472,3
867251655265437,2024-03-07T17:42:02.784Z,gyroscope sensor uncalibrated,0.50335294,0.6444628,0.22540927,0.50335294,0.6444628,0.22540927,3
867251665265537,2024-03-07T17:42:02.794Z,gyroscope sensor uncalibrated,0.32375857,0.35002577,0.099571034,0.32375857,0.35002577,0.099571034,3
867251675265537,2024-03-07T17:42:02.804Z,gyroscope sensor uncalibrated,0.099571034,0.016493361,-0.08735373,0.099571034,0.016493361,-0.08735373,3
867251685265537,2024-03-07T17:42:02.814Z,gyroscope sensor uncalibrated,-0.106901415,-0.28221974,-0.3200934,-0.106901415,-0.28221974,-0.3200934,3
867251695265537,2024-03-07T17:42:02.824Z,gyroscope sensor uncalibrated,-0.25900686,-0.49602258,-0.54305923,-0.25900686,-0.49602258,-0.54305923,3
867251705265537,2024-03-07T17:42:02.834Z,gyroscope sensor uncalibrated,-0.3481932,-0.63529986,-0.71593404,-0.3481932,-0.63529986,-0.71593404,3
867251715265537,2024-03-07T17:42:02.844Z,gyroscope sensor uncalibrated,-0.3921755,-0.7122689,-0.7892379,-0.3921755,-0.7122689,-0.7892379,3
867251725265537,2024-03-07T17:42:02.854Z,gyroscope sensor uncalibrated,-0.37384954,-0.74036866,-0.7464773,-0.37384954,-0.74036866,-0.7464773,3
867251735265537,2024-03-07T17:42:02.864Z,gyroscope sensor uncalibrated,-0.27977628,-0.73364913,-0.62796944,-0.27977628,-0.73364913,-0.62796944,3
867251745265537,2024-03-07T17:42:02.874Z,gyroscope sensor uncalibrated,-0.14172074,-0.66950834,-0.48258355,-0.14172074,-0.66950834,-0.48258355,3
867251755265537,2024-03-07T17:42:02.883Z,gyroscope sensor uncalibrated,0.018325957,-0.4642576,-0.36346483,0.018325957,-0.4642576,-0.36346483,3
867251765265537,2024-03-07T17:42:02.893Z,gyroscope sensor uncalibrated,0.13255776,-0.21380283,-0.312763,0.13255776,-0.21380283,-0.312763,3
867251775265537,2024-03-07T17:42:02.904Z,gyroscope sensor uncalibrated,0.20952678,-0.10995574,-0.30543262,0.20952678,-0.10995574,-0.30543262,3
867251785265537,2024-03-07T17:42:02.914Z,gyroscope sensor uncalibrated,0.2761111,-0.10323623,-0.28893927,0.2761111,-0.10323623,-0.28893927,3
867251795265537,2024-03-07T17:42:02.924Z,gyroscope sensor uncalibrated,0.2938262,-0.07513642,-0.226631,0.2938262,-0.07513642,-0.226631,3
867251805265770,2024-03-07T17:42:02.934Z,gyroscope sensor uncalibrated,0.24312437,0.056199603,-0.1966986,0.24312437,0.056199603,-0.1966986,3
867251815266003,2024-03-07T17:42:02.944Z,gyroscope sensor uncalibrated,0.11789699,0.19120082,-0.25167647,0.11789699,0.19120082,-0.25167647,3
867251825266003,2024-03-07T17:42:02.954Z,gyroscope sensor uncalibrated,-0.002443461,0.20525073,-0.3555236,-0.002443461,0.20525073,-0.3555236,3
867251835266003,2024-03-07T17:42:02.964Z,gyroscope sensor uncalibrated,-0.047036625,0.0720821,-0.4202753,-0.047036625,0.0720821,-0.4202753,3
867251845266003,2024-03-07T17:42:02.973Z,gyroscope sensor uncalibrated,0.012217305,-0.16310102,-0.43493605,0.012217305,-0.16310102,-0.43493605,3
867251855265769,2024-03-07T17:42:02.984Z,gyroscope sensor uncalibrated,0.22174409,-0.43676865,-0.204029,0.22174409,-0.43676865,-0.204029,3
867251865265769,2024-03-07T17:42:02.994Z,gyroscope sensor uncalibrated,0.37873647,-0.5564982,0.054367006,0.37873647,-0.5564982,0.054367006,3
867251875265769,2024-03-07T17:42:03.004Z,gyroscope sensor uncalibrated,0.50579643,-0.5833763,0.25473082,0.50579643,-0.5833763,0.25473082,3
867251885265769,2024-03-07T17:42:03.014Z,gyroscope sensor uncalibrated,0.54244834,-0.49357912,0.3885103,0.54244834,-0.49357912,0.3885103,3
867251895265769,2024-03-07T17:42:03.024Z,gyroscope sensor uncalibrated,0.47219884,-0.37751472,0.4783075,0.47219884,-0.37751472,0.4783075,3
867251905265769,2024-03-07T17:42:03.034Z,gyroscope sensor uncalibrated,0.33964106,-0.30298916,0.48624873,0.33964106,-0.30298916,0.48624873,3
867251915265769,2024-03-07T17:42:03.044Z,gyroscope sensor uncalibrated,0.16554448,-0.25534168,0.4184427,0.16554448,-0.25534168,0.4184427,3
867251925265769,2024-03-07T17:42:03.054Z,gyroscope sensor uncalibrated,-0.053145275,-0.23090707,0.29138273,-0.053145275,-0.23090707,0.29138273,3
867251935265535,2024-03-07T17:42:03.064Z,gyroscope sensor uncalibrated,-0.27183503,-0.20891592,0.1142318,-0.27183503,-0.20891592,0.1142318,3
867251945265535,2024-03-07T17:42:03.073Z,gyroscope sensor uncalibrated,-0.44898596,-0.20097467,-0.077579886,-0.44898596,-0.20097467,-0.077579886,3
867251955265535,2024-03-07T17:42:03.084Z,gyroscope sensor uncalibrated,-0.55771995,-0.22235495,-0.24617869,-0.55771995,-0.22235495,-0.24617869,3
867251965265435,2024-03-07T17:42:03.094Z,gyroscope sensor uncalibrated,-0.5748242,-0.27488935,-0.35185838,-0.5748242,-0.27488935,-0.35185838,3
867251975265435,2024-03-07T17:42:03.103Z,gyroscope sensor uncalibrated,-0.49235737,-0.34574974,-0.40744713,-0.49235737,-0.34574974,-0.40744713,3
867251985265435,2024-03-07T17:42:03.114Z,gyroscope sensor uncalibrated,-0.36285394,-0.3933972,-0.39950588,-0.36285394,-0.3933972,-0.39950588,3
867251995265435,2024-03-07T17:42:03.123Z,gyroscope sensor uncalibrated,-0.25534168,-0.3933972,-0.3200934,-0.25534168,-0.3933972,-0.3200934,3
867252005265435,2024-03-07T17:42:03.134Z,gyroscope sensor uncalibrated,-0.20586158,-0.35002577,-0.1863139,-0.20586158,-0.35002577,-0.1863139,3
867252015265435,2024-03-07T17:42:03.144Z,gyroscope sensor uncalibrated,-0.19364429,-0.26145032,-0.051923547,-0.19364429,-0.26145032,-0.051923547,3
867252025265435,2024-03-07T17:42:03.154Z,gyroscope sensor uncalibrated,-0.172264,-0.1423316,0.059253927,-0.172264,-0.1423316,0.059253927,3
867252035265435,2024-03-07T17:42:03.164Z,gyroscope sensor uncalibrated,-0.17287487,-0.010995574,0.111177474,-0.17287487,-0.010995574,0.111177474,3
867252045265435,2024-03-07T17:42:03.174Z,gyroscope sensor uncalibrated,-0.1966986,0.13439035,0.1282817,-0.1966986,0.13439035,0.1282817,3
867252055265668,2024-03-07T17:42:03.184Z,gyroscope sensor uncalibrated,-0.23090707,0.28893927,0.124005646,-0.23090707,0.28893927,0.124005646,3
867252065265668,2024-03-07T17:42:03.194Z,gyroscope sensor uncalibrated,-0.24740042,0.50946164,0.073303826,-0.24740042,0.50946164,0.073303826,3
867252075265668,2024-03-07T17:42:03.204Z,gyroscope sensor uncalibrated,-0.23335053,0.6560693,0.025045475,-0.23335053,0.6560693,0.025045475,3
867252085265668,2024-03-07T17:42:03.214Z,gyroscope sensor uncalibrated,-0.2302962,0.7538077,-0.022602014,-0.2302962,0.7538077,-0.022602014,3
867252095265668,2024-03-07T17:42:03.224Z,gyroscope sensor uncalibrated,-0.23335053,0.7910705,-0.058643065,-0.23335053,0.7910705,-0.058643065,3
867252105265434,2024-03-07T17:42:03.234Z,gyroscope sensor uncalibrated,-0.1966986,0.77396625,-0.086132,-0.1966986,0.77396625,-0.086132,3
867252115265200,2024-03-07T17:42:03.244Z,gyroscope sensor uncalibrated,-0.12583824,0.7012733,-0.09040806,-0.12583824,0.7012733,-0.09040806,3
867252125265200,2024-03-07T17:42:03.254Z,gyroscope sensor uncalibrated,-0.06963864,0.58276546,-0.07147124,-0.06963864,0.58276546,-0.07147124,3
867252135265200,2024-03-07T17:42:03.263Z,gyroscope sensor uncalibrated,-0.056199603,0.39767328,-0.036651913,-0.056199603,0.39767328,-0.036651913,3
867252145265200,2024-03-07T17:42:03.274Z,gyroscope sensor uncalibrated,-0.05497787,0.1826487,0.007330383,-0.05497787,0.1826487,0.007330383,3
867252155265200,2024-03-07T17:42:03.284Z,gyroscope sensor uncalibrated,-0.058643065,-0.009773844,0.047036625,-0.058643065,-0.009773844,0.047036625,3
867252165265200,2024-03-07T17:42:03.294Z,gyroscope sensor uncalibrated,-0.08857546,-0.1423316,0.057421334,-0.08857546,-0.1423316,0.057421334,3
867252175265200,2024-03-07T17:42:03.304Z,gyroscope sensor uncalibrated,-0.13988814,-0.22052236,0.034208454,-0.13988814,-0.22052236,0.034208454,3
867252185265200,2024-03-07T17:42:03.314Z,gyroscope sensor uncalibrated,-0.15882497,-0.24984388,0.0,-0.15882497,-0.24984388,0.0,3
867252195265200,2024-03-07T17:42:03.323Z,gyroscope sensor uncalibrated,-0.12095132,-0.23396139,-0.016493361,-0.12095132,-0.23396139,-0.016493361,3
867252205265200,2024-03-07T17:42:03.333Z,gyroscope sensor uncalibrated,-0.04520403,-0.1863139,-0.0018325958,-0.04520403,-0.1863139,-0.0018325958,3
867252215265200,2024-03-07T17:42:03.344Z,gyroscope sensor uncalibrated,0.042760566,-0.12705997,0.061086524,0.042760566,-0.12705997,0.061086524,3
867252225265200,2024-03-07T17:42:03.354Z,gyroscope sensor uncalibrated,0.13072516,-0.07574729,0.16982053,0.13072516,-0.07574729,0.16982053,3
867252235265200,2024-03-07T17:42:03.364Z,gyroscope sensor uncalibrated,0.2144137,-0.08552113,0.29810223,0.2144137,-0.08552113,0.29810223,3
867252245265200,2024-03-07T17:42:03.374Z,gyroscope sensor uncalibrated,0.29626966,-0.19058995,0.4251622,0.29626966,-0.19058995,0.4251622,3
867252255265200,2024-03-07T17:42:03.383Z,gyroscope sensor uncalibrated,0.37751472,-0.34697145,0.5180137,0.37751472,-0.34697145,0.5180137,3
867252265265200,2024-03-07T17:42:03.394Z,gyroscope sensor uncalibrated,0.44715336,-0.47891834,0.54367006,0.44715336,-0.47891834,0.54367006,3
867252275265200,2024-03-07T17:42:03.404Z,gyroscope sensor uncalibrated,0.54183745,-0.46120325,0.55833083,0.54183745,-0.46120325,0.55833083,3
867252285265200,2024-03-07T17:42:03.414Z,gyroscope sensor uncalibrated,0.6017023,-0.37507126,0.5900958,0.6017023,-0.37507126,0.5900958,3
867252295265200,2024-03-07T17:42:03.424Z,gyroscope sensor uncalibrated,0.5833763,-0.27977628,0.59498274,0.5833763,-0.27977628,0.59498274,3
867252305265433,2024-03-07T17:42:03.434Z,gyroscope sensor uncalibrated,0.4538729,-0.13683382,0.5876524,0.4538729,-0.13683382,0.5876524,3
867252315265433,2024-03-07T17:42:03.443Z,gyroscope sensor uncalibrated,0.30726522,0.06047566,0.6059783,0.30726522,0.06047566,0.6059783,3
867252325265433,2024-03-07T17:42:03.454Z,gyroscope sensor uncalibrated,0.21074851,0.21502456,0.5766568,0.21074851,0.21502456,0.5766568,3
867252335265433,2024-03-07T17:42:03.464Z,gyroscope sensor uncalibrated,0.13744467,0.26083946,0.46670106,0.13744467,0.26083946,0.46670106,3
867252345265433,2024-03-07T17:42:03.474Z,gyroscope sensor uncalibrated,0.01282817,0.25778514,0.2742785,0.01282817,0.25778514,0.2742785,3
867252355265199,2024-03-07T17:42:03.484Z,gyroscope sensor uncalibrated,-0.2144137,0.27977628,0.021380283,-0.2144137,0.27977628,0.021380283,3
867252365265199,2024-03-07T17:42:03.494Z,gyroscope sensor uncalibrated,-0.48197266,0.321926,-0.26389378,-0.48197266,0.321926,-0.26389378,3
867252375265199,2024-03-07T17:42:03.504Z,gyroscope sensor uncalibrated,-0.675617,0.3549127,-0.53023106,-0.675617,0.3549127,-0.53023106,3
867252385265199,2024-03-07T17:42:03.514Z,gyroscope sensor uncalibrated,-0.8191703,0.33964106,-0.6908886,-0.8191703,0.33964106,-0.6908886,3
867252395265199,2024-03-07T17:42:03.524Z,gyroscope sensor uncalibrated,-0.8729264,0.28038713,-0.7788532,-0.8729264,0.28038713,-0.7788532,3
867252405265199,2024-03-07T17:42:03.534Z,gyroscope sensor uncalibrated,-0.8038987,0.24190263,-0.80939645,-0.8038987,0.24190263,-0.80939645,3
867252415265199,2024-03-07T17:42:03.544Z,gyroscope sensor uncalibrated,-0.68539083,0.15699236,-0.7806858,-0.68539083,0.15699236,-0.7806858,3
867252425265199,2024-03-07T17:42:03.554Z,gyroscope sensor uncalibrated,-0.56321776,0.020158553,-0.68294734,-0.56321776,0.020158553,-0.68294734,3
867252435265199,2024-03-07T17:42:03.564Z,gyroscope sensor uncalibrated,-0.44532076,-0.13072516,-0.5381723,-0.44532076,-0.13072516,-0.5381723,3
867252445265199,2024-03-07T17:42:03.573Z,gyroscope sensor uncalibrated,-0.31887165,-0.24678956,-0.39950588,-0.31887165,-0.24678956,-0.39950588,3
867252455265199,2024-03-07T17:42:03.584Z,gyroscope sensor uncalibrated,-0.22418754,-0.28099802,-0.28405234,-0.22418754,-0.28099802,-0.28405234,3
867252465265199,2024-03-07T17:42:03.594Z,gyroscope sensor uncalibrated,-0.15699236,-0.24190263,-0.21074851,-0.15699236,-0.24190263,-0.21074851,3
867252475265199,2024-03-07T17:42:03.604Z,gyroscope sensor uncalibrated,-0.1386664,-0.16493362,-0.17592919,-0.1386664,-0.16493362,-0.17592919,3
867252485265199,2024-03-07T17:42:03.614Z,gyroscope sensor uncalibrated,-0.18387043,-0.005497787,-0.19242255,-0.18387043,-0.005497787,-0.19242255,3
867252495265199,2024-03-07T17:42:03.623Z,gyroscope sensor uncalibrated,-0.21135938,0.11301007,-0.22785273,-0.21135938,0.11301007,-0.22785273,3
867252505265199,2024-03-07T17:42:03.634Z,gyroscope sensor uncalibrated,-0.2144137,0.22968534,-0.25595254,-0.2144137,0.22968534,-0.25595254,3
867252515265199,2024-03-07T17:42:03.644Z,gyroscope sensor uncalibrated,-0.21197024,0.3268129,-0.258396,-0.21197024,0.3268129,-0.258396,3
867252525265199,2024-03-07T17:42:03.654Z,gyroscope sensor uncalibrated,-0.19853121,0.37384954,-0.24190263,-0.19853121,0.37384954,-0.24190263,3
867252535265199,2024-03-07T17:42:03.664Z,gyroscope sensor uncalibrated,-0.16737708,0.36163223,-0.22113322,-0.16737708,0.36163223,-0.22113322,3
867252545265199,2024-03-07T17:42:03.674Z,gyroscope sensor uncalibrated,-0.18387043,0.29565877,-0.21135938,-0.18387043,0.29565877,-0.21135938,3
867252555265432,2024-03-07T17:42:03.684Z,gyroscope sensor uncalibrated,-0.22235495,0.204029,-0.22113322,-0.22235495,0.204029,-0.22113322,3
867252565265432,2024-03-07T17:42:03.694Z,gyroscope sensor uncalibrated,-0.25595254,0.12156218,-0.23884831,-0.25595254,0.12156218,-0.23884831,3
867252575265432,2024-03-07T17:42:03.704Z,gyroscope sensor uncalibrated,-0.26328292,0.07269296,-0.25717425,-0.26328292,0.07269296,-0.25717425,3
867252585265432,2024-03-07T17:42:03.714Z,gyroscope sensor uncalibrated,-0.24984388,0.076358154,-0.26633725,-0.24984388,0.076358154,-0.26633725,3
867252595265432,2024-03-07T17:42:03.724Z,gyroscope sensor uncalibrated,-0.22724187,0.1301143,-0.25411993,-0.22724187,0.1301143,-0.25411993,3
867252605265198,2024-03-07T17:42:03.734Z,gyroscope sensor uncalibrated,-0.20341812,0.22052236,-0.204029,-0.20341812,0.22052236,-0.204029,3
867252615265198,2024-03-07T17:42:03.744Z,gyroscope sensor uncalibrated,-0.17470746,0.32375857,-0.13561209,-0.17470746,0.32375857,-0.13561209,3
867252625265198,2024-03-07T17:42:03.754Z,gyroscope sensor uncalibrated,-0.14049901,0.43066,-0.053145275,-0.14049901,0.43066,-0.053145275,3
867252635265198,2024-03-07T17:42:03.764Z,gyroscope sensor uncalibrated,-0.096516706,0.5290093,0.027488936,-0.096516706,0.5290093,0.027488936,3
867252645265198,2024-03-07T17:42:03.774Z,gyroscope sensor uncalibrated,-0.03604105,0.61941737,0.1001819,-0.03604105,0.61941737,0.1001819,3
867252655265431,2024-03-07T17:42:03.784Z,gyroscope sensor uncalibrated,0.032375857,0.68844515,0.15149458,0.032375857,0.68844515,0.15149458,3
867252665265631,2024-03-07T17:42:03.794Z,gyroscope sensor uncalibrated,0.10140363,0.7171558,0.1826487,0.10140363,0.7171558,0.1826487,3
867252675265631,2024-03-07T17:42:03.804Z,gyroscope sensor uncalibrated,0.16310102,0.70249504,0.19914207,0.16310102,0.70249504,0.19914207,3
867252685265631,2024-03-07T17:42:03.814Z,gyroscope sensor uncalibrated,0.19242255,0.6377433,0.18387043,0.19242255,0.6377433,0.18387043,3
867252695265631,2024-03-07T17:42:03.824Z,gyroscope sensor uncalibrated,0.12522738,0.42394048,0.09773844,0.12522738,0.42394048,0.09773844,3
867252705265631,2024-03-07T17:42:03.834Z,gyroscope sensor uncalibrated,-0.0030543262,0.18081611,-0.0067195175,-0.0030543262,0.18081611,-0.0067195175,3
867252715265631,2024-03-07T17:42:03.843Z,gyroscope sensor uncalibrated,-0.15821409,-0.09590584,-0.15088372,-0.15821409,-0.09590584,-0.15088372,3
867252725265631,2024-03-07T17:42:03.854Z,gyroscope sensor uncalibrated,-0.2742785,-0.32436943,-0.3109304,-0.2742785,-0.32436943,-0.3109304,3
867252735265631,2024-03-07T17:42:03.864Z,gyroscope sensor uncalibrated,-0.30665436,-0.4392121,-0.45631635,-0.30665436,-0.4392121,-0.45631635,3
867252745265631,2024-03-07T17:42:03.874Z,gyroscope sensor uncalibrated,-0.2828306,-0.45814893,-0.5656612,-0.2828306,-0.45814893,-0.5656612,3
867252755265631,2024-03-07T17:42:03.884Z,gyroscope sensor uncalibrated,-0.27672195,-0.4746423,-0.6365216,-0.27672195,-0.4746423,-0.6365216,3
867252765265631,2024-03-07T17:42:03.894Z,gyroscope sensor uncalibrated,-0.31764993,-0.5326745,-0.6762278,-0.31764993,-0.5326745,-0.6762278,3
867252775265797,2024-03-07T17:42:03.904Z,gyroscope sensor uncalibrated,-0.32253686,-0.61453044,-0.68111473,-0.32253686,-0.61453044,-0.68111473,3
867252785265797,2024-03-07T17:42:03.914Z,gyroscope sensor uncalibrated,-0.21930063,-0.6835582,-0.63224554,-0.21930063,-0.6835582,-0.63224554,3
867252795265797,2024-03-07T17:42:03.924Z,gyroscope sensor uncalibrated,-0.064751714,-0.64751714,-0.5204572,-0.064751714,-0.64751714,-0.5204572,3
867252805266030,2024-03-07T17:42:03.934Z,gyroscope sensor uncalibrated,0.05375614,-0.50640726,-0.41233405,0.05375614,-0.50640726,-0.41233405,3
867252815266030,2024-03-07T17:42:03.944Z,gyroscope sensor uncalibrated,0.15943582,-0.33169982,-0.3304781,0.15943582,-0.33169982,-0.3304781,3
867252825266030,2024-03-07T17:42:03.954Z,gyroscope sensor uncalibrated,0.27672195,-0.22052236,-0.2724459,0.27672195,-0.22052236,-0.2724459,3
867252835266030,2024-03-07T17:42:03.964Z,gyroscope sensor uncalibrated,0.36346483,-0.18753563,-0.21319197,0.36346483,-0.18753563,-0.21319197,3
867252845266030,2024-03-07T17:42:03.974Z,gyroscope sensor uncalibrated,0.37812558,-0.15577064,-0.14844026,0.37812558,-0.15577064,-0.14844026,3
867252855265796,2024-03-07T17:42:03.984Z,gyroscope sensor uncalibrated,0.3213151,-0.08002335,-0.09712757,0.3213151,-0.08002335,-0.09712757,3
867252865265796,2024-03-07T17:42:03.994Z,gyroscope sensor uncalibrated,0.22296582,0.005497787,-0.07941248,0.22296582,0.005497787,-0.07941248,3
867252875265796,2024-03-07T17:42:04.004Z,gyroscope sensor uncalibrated,0.10629055,0.05375614,-0.10629055,0.10629055,0.05375614,-0.10629055,3
867252885265796,2024-03-07T17:42:04.014Z,gyroscope sensor uncalibrated,0.016493361,0.053145275,-0.15577064,0.016493361,0.053145275,-0.15577064,3
867252895265796,2024-03-07T17:42:04.024Z,gyroscope sensor uncalibrated,-0.014049901,0.020158553,-0.19181168,-0.014049901,0.020158553,-0.19181168,3
867252905266029,2024-03-07T17:42:04.034Z,gyroscope sensor uncalibrated,-0.029932396,-0.025045475,-0.14660765,-0.029932396,-0.025045475,-0.14660765,3
867252915266029,2024-03-07T17:42:04.044Z,gyroscope sensor uncalibrated,-0.06719518,-0.04642576,-0.021380283,-0.06719518,-0.04642576,-0.021380283,3
867252925266029,2024-03-07T17:42:04.053Z,gyroscope sensor uncalibrated,-0.059864793,-0.03176499,0.12461651,-0.059864793,-0.03176499,0.12461651,3
867252935266029,2024-03-07T17:42:04.064Z,gyroscope sensor uncalibrated,0.008552114,0.018936822,0.25473082,0.008552114,0.018936822,0.25473082,3
867252945266029,2024-03-07T17:42:04.074Z,gyroscope sensor uncalibrated,0.08124508,0.062308256,0.37018433,0.08124508,0.062308256,0.37018433,3
867252955266029,2024-03-07T17:42:04.084Z,gyroscope sensor uncalibrated,0.12339478,0.073303826,0.4709771,0.12339478,0.073303826,0.4709771,3
867252965265829,2024-03-07T17:42:04.094Z,gyroscope sensor uncalibrated,0.14721853,0.059864793,0.5503896,0.14721853,0.059864793,0.5503896,3
867252975265829,2024-03-07T17:42:04.104Z,gyroscope sensor uncalibrated,0.1704314,0.031154128,0.5852089,0.1704314,0.031154128,0.5852089,3
867252985265829,2024-03-07T17:42:04.114Z,gyroscope sensor uncalibrated,0.1881465,-0.00061086525,0.5589417,0.1881465,-0.00061086525,0.5589417,3
867252995265829,2024-03-07T17:42:04.124Z,gyroscope sensor uncalibrated,0.18509217,-0.026267206,0.47525316,0.18509217,-0.026267206,0.47525316,3
867253005265829,2024-03-07T17:42:04.134Z,gyroscope sensor uncalibrated,0.13805555,-0.040317107,0.34513888,0.13805555,-0.040317107,0.34513888,3
867253015266062,2024-03-07T17:42:04.144Z,gyroscope sensor uncalibrated,0.05131268,-0.040927973,0.19792034,0.05131268,-0.040927973,0.19792034,3
867253025266062,2024-03-07T17:42:04.154Z,gyroscope sensor uncalibrated,-0.06414085,-0.012217305,0.07147124,-0.06414085,-0.012217305,0.07147124,3
867253035266062,2024-03-07T17:42:04.163Z,gyroscope sensor uncalibrated,-0.16798794,0.014049901,-0.02443461,-0.16798794,0.014049901,-0.02443461,3
867253045266062,2024-03-07T17:42:04.174Z,gyroscope sensor uncalibrated,-0.20280726,-0.005497787,-0.07880162,-0.20280726,-0.005497787,-0.07880162,3
867253055266295,2024-03-07T17:42:04.184Z,gyroscope sensor uncalibrated,-0.18020524,-0.06536258,-0.0720821,-0.18020524,-0.06536258,-0.0720821,3
867253065266295,2024-03-07T17:42:04.194Z,gyroscope sensor uncalibrated,-0.15515977,-0.106901415,-0.018325957,-0.15515977,-0.106901415,-0.018325957,3
867253075266128,2024-03-07T17:42:04.204Z,gyroscope sensor uncalibrated,-0.14294247,-0.16920967,0.047036625,-0.14294247,-0.16920967,0.047036625,3
867253085266128,2024-03-07T17:42:04.214Z,gyroscope sensor uncalibrated,-0.12644911,-0.22540927,0.118507855,-0.12644911,-0.22540927,0.118507855,3
867253095266128,2024-03-07T17:42:04.224Z,gyroscope sensor uncalibrated,-0.09285152,-0.2321288,0.17654006,-0.09285152,-0.2321288,0.17654006,3
867253105265894,2024-03-07T17:42:04.234Z,gyroscope sensor uncalibrated,-0.05497787,-0.18570304,0.23396139,-0.05497787,-0.18570304,0.23396139,3
867253115265894,2024-03-07T17:42:04.244Z,gyroscope sensor uncalibrated,-0.047036625,-0.112399206,0.28160888,-0.047036625,-0.112399206,0.28160888,3
867253125265894,2024-03-07T17:42:04.254Z,gyroscope sensor uncalibrated,-0.028710667,0.06719518,0.32253686,-0.028710667,0.06719518,0.32253686,3
867253135266127,2024-03-07T17:42:04.264Z,gyroscope sensor uncalibrated,-0.010995574,0.20830505,0.33169982,-0.010995574,0.20830505,0.33169982,3
867253145266127,2024-03-07T17:42:04.274Z,gyroscope sensor uncalibrated,-0.009773844,0.34025195,0.32070425,-0.009773844,0.34025195,0.32070425,3
867253155266127,2024-03-07T17:42:04.284Z,gyroscope sensor uncalibrated,-0.02443461,0.4392121,0.28588495,-0.02443461,0.4392121,0.28588495,3
867253165266127,2024-03-07T17:42:04.294Z,gyroscope sensor uncalibrated,-0.043982297,0.46303585,0.22540927,-0.043982297,0.46303585,0.22540927,3
867253175266127,2024-03-07T17:42:04.304Z,gyroscope sensor uncalibrated,-0.05681047,0.4007276,0.15821409,-0.05681047,0.4007276,0.15821409,3
867253185266127,2024-03-07T17:42:04.314Z,gyroscope sensor uncalibrated,-0.073303826,0.29077184,0.10629055,-0.073303826,0.29077184,0.10629055,3
867253195266127,2024-03-07T17:42:04.324Z,gyroscope sensor uncalibrated,-0.10323623,0.15332718,0.07391469,-0.10323623,0.15332718,0.07391469,3
867253205265893,2024-03-07T17:42:04.333Z,gyroscope sensor uncalibrated,-0.13133603,-0.004276057,0.051923547,-0.13133603,-0.004276057,0.051923547,3
867253215265893,2024-03-07T17:42:04.344Z,gyroscope sensor uncalibrated,-0.16065755,-0.16065755,0.0421497,-0.16065755,-0.16065755,0.0421497,3
867253225265893,2024-03-07T17:42:04.354Z,gyroscope sensor uncalibrated,-0.19730948,-0.2687807,0.04153884,-0.19730948,-0.2687807,0.04153884,3
867253235265893,2024-03-07T17:42:04.364Z,gyroscope sensor uncalibrated,-0.22479841,-0.28771752,0.047647487,-0.22479841,-0.28771752,0.047647487,3
867253245265893,2024-03-07T17:42:04.374Z,gyroscope sensor uncalibrated,-0.2321288,-0.23090707,0.06169739,-0.2321288,-0.23090707,0.06169739,3
867253255265659,2024-03-07T17:42:04.384Z,gyroscope sensor uncalibrated,-0.24190263,-0.16249016,0.09407325,-0.24190263,-0.16249016,0.09407325,3
867253265265659,2024-03-07T17:42:04.394Z,gyroscope sensor uncalibrated,-0.24740042,-0.1142318,0.15027285,-0.24740042,-0.1142318,0.15027285,3
867253275265659,2024-03-07T17:42:04.404Z,gyroscope sensor uncalibrated,-0.24495697,-0.08246681,0.22602014,-0.24495697,-0.08246681,0.22602014,3
867253285265659,2024-03-07T17:42:04.414Z,gyroscope sensor uncalibrated,-0.23640485,-0.07391469,0.3323107,-0.23640485,-0.07391469,0.3323107,3
867253295265659,2024-03-07T17:42:04.424Z,gyroscope sensor uncalibrated,-0.22113322,-0.13744467,0.47586402,-0.22113322,-0.13744467,0.47586402,3
867253305265892,2024-03-07T17:42:04.434Z,gyroscope sensor uncalibrated,-0.1423316,-0.26328292,0.61941737,-0.1423316,-0.26328292,0.61941737,3
867253315265658,2024-03-07T17:42:04.444Z,gyroscope sensor uncalibrated,-0.051923547,-0.37995818,0.7519751,-0.051923547,-0.37995818,0.7519751,3
867253325265658,2024-03-07T17:42:04.454Z,gyroscope sensor uncalibrated,-0.084910266,-0.43371433,0.86254174,-0.084910266,-0.43371433,0.86254174,3
867253335265658,2024-03-07T17:42:04.464Z,gyroscope sensor uncalibrated,-0.009773844,-0.33169982,0.93951076,-0.009773844,-0.33169982,0.93951076,3
867253345265658,2024-03-07T17:42:04.473Z,gyroscope sensor uncalibrated,0.13927728,-0.1423316,0.9584476,0.13927728,-0.1423316,0.9584476,3
867253355265424,2024-03-07T17:42:04.484Z,gyroscope sensor uncalibrated,0.16432275,0.04337143,0.95478237,0.16432275,0.04337143,0.95478237,3
867253365265424,2024-03-07T17:42:04.493Z,gyroscope sensor uncalibrated,0.105068825,0.17959438,0.8723156,0.105068825,0.17959438,0.8723156,3
867253375265424,2024-03-07T17:42:04.504Z,gyroscope sensor uncalibrated,0.008552114,0.27000242,0.7305948,0.008552114,0.27000242,0.7305948,3
867253385264524,2024-03-07T17:42:04.514Z,gyroscope sensor uncalibrated,-0.10934488,0.30543262,0.5681047,-0.10934488,0.30543262,0.5681047,3
867253395263624,2024-03-07T17:42:04.524Z,gyroscope sensor uncalibrated,-0.21013765,0.28405234,0.408058,-0.21013765,0.28405234,0.408058,3
867253405263424,2024-03-07T17:42:04.533Z,gyroscope sensor uncalibrated,-0.267559,0.22418754,0.2779437,-0.267559,0.22418754,0.2779437,3
867253415262924,2024-03-07T17:42:04.544Z,gyroscope sensor uncalibrated,-0.25900686,0.086132,0.15882497,-0.25900686,0.086132,0.15882497,3
867253425262424,2024-03-07T17:42:04.554Z,gyroscope sensor uncalibrated,-0.23945917,-0.1423316,0.06780604,-0.23945917,-0.1423316,0.06780604,3
867253435261724,2024-03-07T17:42:04.564Z,gyroscope sensor uncalibrated,-0.2602286,-0.3622431,0.0,-0.2602286,-0.3622431,0.0,3
867253445261257,2024-03-07T17:42:04.574Z,gyroscope sensor uncalibrated,-0.29565877,-0.48502702,-0.08552113,-0.29565877,-0.48502702,-0.08552113,3
867253455260890,2024-03-07T17:42:04.584Z,gyroscope sensor uncalibrated,-0.32559118,-0.49296826,-0.20280726,-0.32559118,-0.49296826,-0.20280726,3
867253465260890,2024-03-07T17:42:04.594Z,gyroscope sensor uncalibrated,-0.3933972,-0.42149702,-0.32253686,-0.3933972,-0.42149702,-0.32253686,3
867253475260890,2024-03-07T17:42:04.604Z,gyroscope sensor uncalibrated,-0.49296826,-0.35613444,-0.43066,-0.49296826,-0.35613444,-0.43066,3
867253485260923,2024-03-07T17:42:04.614Z,gyroscope sensor uncalibrated,-0.56688297,-0.32559118,-0.5137377,-0.56688297,-0.32559118,-0.5137377,3
867253495260923,2024-03-07T17:42:04.624Z,gyroscope sensor uncalibrated,-0.5564982,-0.32070425,-0.5644395,-0.5564982,-0.32070425,-0.5644395,3
867253505260923,2024-03-07T17:42:04.634Z,gyroscope sensor uncalibrated,-0.47952923,-0.32498032,-0.57787853,-0.47952923,-0.32498032,-0.57787853,3
867253515260923,2024-03-07T17:42:04.643Z,gyroscope sensor uncalibrated,-0.408058,-0.33169982,-0.5503896,-0.408058,-0.33169982,-0.5503896,3
867253525260956,2024-03-07T17:42:04.654Z,gyroscope sensor uncalibrated,-0.37384954,-0.344528,-0.5002986,-0.37384954,-0.344528,-0.5002986,3
867253535260989,2024-03-07T17:42:04.664Z,gyroscope sensor uncalibrated,-0.34880406,-0.36651915,-0.4538729,-0.34880406,-0.36651915,-0.4538729,3
867253545260989,2024-03-07T17:42:04.674Z,gyroscope sensor uncalibrated,-0.27550024,-0.41783184,-0.42638394,-0.27550024,-0.41783184,-0.42638394,3
867253555260989,2024-03-07T17:42:04.684Z,gyroscope sensor uncalibrated,-0.22724187,-0.43188173,-0.4196644,-0.22724187,-0.43188173,-0.4196644,3
867253565260989,2024-03-07T17:42:04.694Z,gyroscope sensor uncalibrated,-0.22907446,-0.43249258,-0.4269948,-0.22907446,-0.43249258,-0.4269948,3
867253575260989,2024-03-07T17:42:04.704Z,gyroscope sensor uncalibrated,-0.24190263,-0.45081854,-0.45570546,-0.24190263,-0.45081854,-0.45570546,3
867253585260989,2024-03-07T17:42:04.713Z,gyroscope sensor uncalibrated,-0.23518312,-0.4538729,-0.49968776,-0.23518312,-0.4538729,-0.49968776,3
867253595261022,2024-03-07T17:42:04.723Z,gyroscope sensor uncalibrated,-0.20219639,-0.408058,-0.5332854,-0.20219639,-0.408058,-0.5332854,3
867253605260788,2024-03-07T17:42:04.734Z,gyroscope sensor uncalibrated,-0.14721853,-0.32559118,-0.5314528,-0.14721853,-0.32559118,-0.5314528,3
867253615260788,2024-03-07T17:42:04.744Z,gyroscope sensor uncalibrated,-0.06536258,-0.23884831,-0.48930305,-0.06536258,-0.23884831,-0.48930305,3
867253625260788,2024-03-07T17:42:04.754Z,gyroscope sensor uncalibrated,0.06352998,-0.14294247,-0.3848451,0.06352998,-0.14294247,-0.3848451,3
867253635260821,2024-03-07T17:42:04.764Z,gyroscope sensor uncalibrated,0.17654006,-0.049480084,-0.24007004,0.17654006,-0.049480084,-0.24007004,3
867253645260854,2024-03-07T17:42:04.774Z,gyroscope sensor uncalibrated,0.26267207,0.061086524,-0.08979719,0.26267207,0.061086524,-0.08979719,3
867253655260854,2024-03-07T17:42:04.784Z,gyroscope sensor uncalibrated,0.34391713,0.19730948,0.034208454,0.34391713,0.19730948,0.034208454,3
867253665260854,2024-03-07T17:42:04.794Z,gyroscope sensor uncalibrated,0.42394048,0.34574974,0.1020145,0.42394048,0.34574974,0.1020145,3
867253675260854,2024-03-07T17:42:04.804Z,gyroscope sensor uncalibrated,0.47219884,0.49480084,0.12461651,0.47219884,0.49480084,0.12461651,3
867253685261787,2024-03-07T17:42:04.814Z,gyroscope sensor uncalibrated,0.4868596,0.61941737,0.13988814,0.4868596,0.61941737,0.13988814,3
867253695262720,2024-03-07T17:42:04.824Z,gyroscope sensor uncalibrated,0.50640726,0.689056,0.16187929,0.50640726,0.689056,0.16187929,3
867253705262920,2024-03-07T17:42:04.834Z,gyroscope sensor uncalibrated,0.5320636,0.6945538,0.18570304,0.5320636,0.6945538,0.18570304,3
867253715263420,2024-03-07T17:42:04.844Z,gyroscope sensor uncalibrated,0.5552765,0.65057147,0.2125811,0.5552765,0.65057147,0.2125811,3
867253725263920,2024-03-07T17:42:04.854Z,gyroscope sensor uncalibrated,0.5522222,0.58459806,0.22357668,0.5522222,0.58459806,0.22357668,3
867253735264353,2024-03-07T17:42:04.863Z,gyroscope sensor uncalibrated,0.54000485,0.50762904,0.2180789,0.54000485,0.50762904,0.2180789,3
867253745264586,2024-03-07T17:42:04.874Z,gyroscope sensor uncalibrated,0.548557,0.38240165,0.18325958,0.548557,0.38240165,0.18325958,3
867253755264986,2024-03-07T17:42:04.884Z,gyroscope sensor uncalibrated,0.5644395,0.26145032,0.1423316,0.5644395,0.26145032,0.1423316,3
867253765264986,2024-03-07T17:42:04.894Z,gyroscope sensor uncalibrated,0.5375614,0.092240654,0.084910266,0.5375614,0.092240654,0.084910266,3
867253775264986,2024-03-07T17:42:04.904Z,gyroscope sensor uncalibrated,0.43371433,-0.10567969,0.009773844,0.43371433,-0.10567969,0.009773844,3
867253785264519,2024-03-07T17:42:04.914Z,gyroscope sensor uncalibrated,0.2773328,-0.28771752,-0.081855945,0.2773328,-0.28771752,-0.081855945,3
867253795263852,2024-03-07T17:42:04.924Z,gyroscope sensor uncalibrated,0.13500121,-0.41905355,-0.20708331,0.13500121,-0.41905355,-0.20708331,3
867253805263152,2024-03-07T17:42:04.933Z,gyroscope sensor uncalibrated,0.034208454,-0.47219884,-0.3286455,0.034208454,-0.47219884,-0.3286455,3
867253815262452,2024-03-07T17:42:04.944Z,gyroscope sensor uncalibrated,-0.027488936,-0.41905355,-0.42760566,-0.027488936,-0.41905355,-0.42760566,3
867253825262452,2024-03-07T17:42:04.954Z,gyroscope sensor uncalibrated,-0.039095376,-0.26511553,-0.49174652,-0.039095376,-0.26511553,-0.49174652,3
867253835262418,2024-03-07T17:42:04.964Z,gyroscope sensor uncalibrated,-0.02321288,-0.09712757,-0.5338962,-0.02321288,-0.09712757,-0.5338962,3
867253845262451,2024-03-07T17:42:04.974Z,gyroscope sensor uncalibrated,-0.004276057,-0.0067195175,-0.56382865,-0.004276057,-0.0067195175,-0.56382865,3
867253855262451,2024-03-07T17:42:04.984Z,gyroscope sensor uncalibrated,0.03176499,-0.02443461,-0.58093286,0.03176499,-0.02443461,-0.58093286,3
867253865262451,2024-03-07T17:42:04.994Z,gyroscope sensor uncalibrated,0.10934488,-0.09773844,-0.56688297,0.10934488,-0.09773844,-0.56688297,3
867253875262451,2024-03-07T17:42:05.004Z,gyroscope sensor uncalibrated,0.19792034,-0.08002335,-0.5161811,0.19792034,-0.08002335,-0.5161811,3
867253885262451,2024-03-07T17:42:05.014Z,gyroscope sensor uncalibrated,0.24251351,0.028099801,-0.47647488,0.24251351,0.028099801,-0.47647488,3
867253895262451,2024-03-07T17:42:05.024Z,gyroscope sensor uncalibrated,0.26511553,0.089186326,-0.4605924,0.26511553,0.089186326,-0.4605924,3
867253905262484,2024-03-07T17:42:05.034Z,gyroscope sensor uncalibrated,0.3109304,0.0842994,-0.43066,0.3109304,0.0842994,-0.43066,3
867253915262484,2024-03-07T17:42:05.044Z,gyroscope sensor uncalibrated,0.36957347,0.07941248,-0.3640757,0.36957347,0.07941248,-0.3640757,3
867253925261784,2024-03-07T17:42:05.054Z,gyroscope sensor uncalibrated,0.3640757,0.09407325,-0.2706133,0.3640757,0.09407325,-0.2706133,3
867253935261750,2024-03-07T17:42:05.064Z,gyroscope sensor uncalibrated,0.30848694,0.051923547,-0.19181168,0.30848694,0.051923547,-0.19181168,3
867253945261016,2024-03-07T17:42:05.074Z,gyroscope sensor uncalibrated,0.23701571,-0.08368854,-0.16249016,0.23701571,-0.08368854,-0.16249016,3
867253955261049,2024-03-07T17:42:05.084Z,gyroscope sensor uncalibrated,0.16371189,-0.23273966,-0.1777618,0.16371189,-0.23273966,-0.1777618,3
867253965261049,2024-03-07T17:42:05.094Z,gyroscope sensor uncalibrated,0.10995574,-0.34697145,-0.24862215,0.10995574,-0.34697145,-0.24862215,3
867253975261049,2024-03-07T17:42:05.104Z,gyroscope sensor uncalibrated,0.116675265,-0.32436943,-0.25228736,0.116675265,-0.32436943,-0.25228736,3
867253985261015,2024-03-07T17:42:05.114Z,gyroscope sensor uncalibrated,0.14966199,-0.27366763,-0.17287487,0.14966199,-0.27366763,-0.17287487,3
867253995261015,2024-03-07T17:42:05.124Z,gyroscope sensor uncalibrated,0.23762658,-0.21197024,-0.03359759,0.23762658,-0.21197024,-0.03359759,3
867254005261048,2024-03-07T17:42:05.134Z,gyroscope sensor uncalibrated,0.35308012,-0.14172074,0.13500121,0.35308012,-0.14172074,0.13500121,3
867254015261048,2024-03-07T17:42:05.144Z,gyroscope sensor uncalibrated,0.45937067,-0.09896017,0.2938262,0.45937067,-0.09896017,0.2938262,3
867254025261048,2024-03-07T17:42:05.154Z,gyroscope sensor uncalibrated,0.5174029,-0.096516706,0.43982297,0.5174029,-0.096516706,0.43982297,3
867254035261081,2024-03-07T17:42:05.164Z,gyroscope sensor uncalibrated,0.52473325,-0.12339478,0.52656585,0.52473325,-0.12339478,0.52656585,3
867254045261314,2024-03-07T17:42:05.174Z,gyroscope sensor uncalibrated,0.47647488,-0.1563815,0.50946164,0.47647488,-0.1563815,0.50946164,3
867254055260380,2024-03-07T17:42:05.184Z,gyroscope sensor uncalibrated,0.37018433,-0.19486602,0.40500367,0.37018433,-0.19486602,0.40500367,3
867254065259713,2024-03-07T17:42:05.194Z,gyroscope sensor uncalibrated,0.2510656,-0.20708331,0.25961772,0.2510656,-0.20708331,0.25961772,3
867254075259713,2024-03-07T17:42:05.204Z,gyroscope sensor uncalibrated,0.100792766,-0.18692477,0.108123146,0.100792766,-0.18692477,0.108123146,3
867254085260146,2024-03-07T17:42:05.213Z,gyroscope sensor uncalibrated,-0.039095376,-0.1704314,-0.019547688,-0.039095376,-0.1704314,-0.019547688,3
867254095260812,2024-03-07T17:42:05.224Z,gyroscope sensor uncalibrated,-0.14110987,-0.16493362,-0.13561209,-0.14110987,-0.16493362,-0.13561209,3
867254105261545,2024-03-07T17:42:05.234Z,gyroscope sensor uncalibrated,-0.22235495,-0.14477506,-0.22907446,-0.22235495,-0.14477506,-0.22907446,3
867254115262278,2024-03-07T17:42:05.244Z,gyroscope sensor uncalibrated,-0.2761111,-0.09590584,-0.27916542,-0.2761111,-0.09590584,-0.27916542,3
867254125261811,2024-03-07T17:42:05.254Z,gyroscope sensor uncalibrated,-0.22724187,-0.064751714,-0.2742785,-0.22724187,-0.064751714,-0.2742785,3
867254135261811,2024-03-07T17:42:05.264Z,gyroscope sensor uncalibrated,-0.116675265,-0.013439035,-0.20525073,-0.116675265,-0.013439035,-0.20525073,3
867254145261077,2024-03-07T17:42:05.274Z,gyroscope sensor uncalibrated,-0.062308256,0.03359759,-0.100792766,-0.062308256,0.03359759,-0.100792766,3
867254155261110,2024-03-07T17:42:05.284Z,gyroscope sensor uncalibrated,-0.034208454,0.10567969,-0.004886922,-0.034208454,0.10567969,-0.004886922,3
867254165260743,2024-03-07T17:42:05.294Z,gyroscope sensor uncalibrated,-0.010995574,0.21380283,0.04886922,-0.010995574,0.21380283,0.04886922,3
867254175259809,2024-03-07T17:42:05.304Z,gyroscope sensor uncalibrated,-0.01038471,0.34697145,0.06841691,-0.01038471,0.34697145,0.06841691,3
867254185259109,2024-03-07T17:42:05.314Z,gyroscope sensor uncalibrated,-0.03604105,0.52106804,0.049480084,-0.03604105,0.52106804,0.049480084,3
867254195259075,2024-03-07T17:42:05.324Z,gyroscope sensor uncalibrated,-0.06841691,0.5870415,0.032986723,-0.06841691,0.5870415,0.032986723,3
867254205259041,2024-03-07T17:42:05.333Z,gyroscope sensor uncalibrated,-0.12156218,0.6059783,0.014660766,-0.12156218,0.6059783,0.014660766,3
867254215259074,2024-03-07T17:42:05.344Z,gyroscope sensor uncalibrated,-0.18387043,0.57910025,-0.009162978,-0.18387043,0.57910025,-0.009162978,3
867254225259807,2024-03-07T17:42:05.354Z,gyroscope sensor uncalibrated,-0.23640485,0.5112942,-0.049480084,-0.23640485,0.5112942,-0.049480084,3
867254235259807,2024-03-07T17:42:05.363Z,gyroscope sensor uncalibrated,-0.2773328,0.39706242,-0.103847094,-0.2773328,0.39706242,-0.103847094,3
867254245260507,2024-03-07T17:42:05.374Z,gyroscope sensor uncalibrated,-0.2828306,0.25350907,-0.16615535,-0.2828306,0.25350907,-0.16615535,3
867254255260473,2024-03-07T17:42:05.384Z,gyroscope sensor uncalibrated,-0.27122417,0.086132,-0.21746802,-0.27122417,0.086132,-0.21746802,3
867254265260506,2024-03-07T17:42:05.393Z,gyroscope sensor uncalibrated,-0.27122417,-0.0720821,-0.25350907,-0.27122417,-0.0720821,-0.25350907,3
867254275260506,2024-03-07T17:42:05.403Z,gyroscope sensor uncalibrated,-0.30970868,-0.17837265,-0.27000242,-0.30970868,-0.17837265,-0.27000242,3
867254285260506,2024-03-07T17:42:05.414Z,gyroscope sensor uncalibrated,-0.38728857,-0.20769419,-0.28527406,-0.38728857,-0.20769419,-0.28527406,3
867254295260472,2024-03-07T17:42:05.424Z,gyroscope sensor uncalibrated,-0.48624873,-0.19853121,-0.30970868,-0.48624873,-0.19853121,-0.30970868,3
867254305260472,2024-03-07T17:42:05.434Z,gyroscope sensor uncalibrated,-0.57848936,-0.19364429,-0.3200934,-0.57848936,-0.19364429,-0.3200934,3
867254315260505,2024-03-07T17:42:05.444Z,gyroscope sensor uncalibrated,-0.6188065,-0.25595254,-0.32803464,-0.6188065,-0.25595254,-0.32803464,3
867254325260505,2024-03-07T17:42:05.454Z,gyroscope sensor uncalibrated,-0.48441613,-0.37934732,-0.28893927,-0.48441613,-0.37934732,-0.28893927,3
867254335260505,2024-03-07T17:42:05.464Z,gyroscope sensor uncalibrated,-0.33841935,-0.5161811,-0.1881465,-0.33841935,-0.5161811,-0.1881465,3
867254345260505,2024-03-07T17:42:05.474Z,gyroscope sensor uncalibrated,-0.26145032,-0.66828656,-0.0030543262,-0.26145032,-0.66828656,-0.0030543262,3
867254355261405,2024-03-07T17:42:05.484Z,gyroscope sensor uncalibrated,-0.16982053,-0.84665924,0.25167647,-0.16982053,-0.84665924,0.25167647,3
867254365262071,2024-03-07T17:42:05.494Z,gyroscope sensor uncalibrated,-0.019547688,-0.9663888,0.4636467,-0.019547688,-0.9663888,0.4636467,3
867254375262104,2024-03-07T17:42:05.504Z,gyroscope sensor uncalibrated,0.05009095,-0.93767816,0.55833083,0.05009095,-0.93767816,0.55833083,3
867254385262104,2024-03-07T17:42:05.514Z,gyroscope sensor uncalibrated,-0.028099801,-0.5674938,0.5204572,-0.028099801,-0.5674938,0.5204572,3
867254395262104,2024-03-07T17:42:05.524Z,gyroscope sensor uncalibrated,-0.044593163,-0.18875736,0.4166101,-0.044593163,-0.18875736,0.4166101,3
867254405261370,2024-03-07T17:42:05.534Z,gyroscope sensor uncalibrated,-0.08674286,0.103847094,0.28099802,-0.08674286,0.103847094,0.28099802,3
867254415261370,2024-03-07T17:42:05.544Z,gyroscope sensor uncalibrated,-0.16371189,0.28344148,0.18753563,-0.16371189,0.28344148,0.18753563,3
867254425261836,2024-03-07T17:42:05.554Z,gyroscope sensor uncalibrated,-0.25350907,0.35246924,0.13927728,-0.25350907,0.35246924,0.13927728,3
867254435261836,2024-03-07T17:42:05.564Z,gyroscope sensor uncalibrated,-0.31398472,0.35430184,0.100792766,-0.31398472,0.35430184,0.100792766,3
867254445261836,2024-03-07T17:42:05.574Z,gyroscope sensor uncalibrated,-0.34147367,0.3268129,0.059864793,-0.34147367,0.3268129,0.059864793,3
867254455261802,2024-03-07T17:42:05.584Z,gyroscope sensor uncalibrated,-0.39461896,0.28527406,0.0036651916,-0.39461896,0.28527406,0.0036651916,3
867254465262202,2024-03-07T17:42:05.594Z,gyroscope sensor uncalibrated,-0.48441613,0.21013765,-0.073303826,-0.48441613,0.21013765,-0.073303826,3
867254475296502,2024-03-07T17:42:05.604Z,gyroscope sensor uncalibrated,-0.57604593,0.077579886,-0.15760323,-0.57604593,0.077579886,-0.15760323,3
867254485330535,2024-03-07T17:42:05.613Z,gyroscope sensor uncalibrated,-0.6243043,-0.07269296,-0.23090707,-0.6243043,-0.07269296,-0.23090707,3
867254495363868,2024-03-07T17:42:05.624Z,gyroscope sensor uncalibrated,-0.63346726,-0.15699236,-0.2932153,-0.63346726,-0.15699236,-0.2932153,3
867254505397201,2024-03-07T17:42:05.634Z,gyroscope sensor uncalibrated,-0.6169739,-0.19853121,-0.33475417,-0.6169739,-0.19853121,-0.33475417,3
867254515430501,2024-03-07T17:42:05.644Z,gyroscope sensor uncalibrated,-0.5729916,-0.24862215,-0.34574974,-0.5729916,-0.24862215,-0.34574974,3
867254525463834,2024-03-07T17:42:05.654Z,gyroscope sensor uncalibrated,-0.47525316,-0.35430184,-0.31703907,-0.47525316,-0.35430184,-0.31703907,3
867254535497200,2024-03-07T17:42:05.664Z,gyroscope sensor uncalibrated,-0.35124752,-0.45998153,-0.25473082,-0.35124752,-0.45998153,-0.25473082,3
867254545530533,2024-03-07T17:42:05.673Z,gyroscope sensor uncalibrated,-0.25350907,-0.5235115,-0.20341812,-0.25350907,-0.5235115,-0.20341812,3
867254555563866,2024-03-07T17:42:05.684Z,gyroscope sensor uncalibrated,-0.172264,-0.47647488,-0.21074851,-0.172264,-0.47647488,-0.21074851,3
867254565597166,2024-03-07T17:42:05.694Z,gyroscope sensor uncalibrated,-0.17287487,-0.31948254,-0.2443461,-0.17287487,-0.31948254,-0.2443461,3
867254575630532,2024-03-07T17:42:05.704Z,gyroscope sensor uncalibrated,-0.18509217,-0.12705997,-0.2779437,-0.18509217,-0.12705997,-0.2779437,3
867254585663865,2024-03-07T17:42:05.714Z,gyroscope sensor uncalibrated,-0.16249016,0.03481932,-0.2950479,-0.16249016,0.03481932,-0.2950479,3
867254595697198,2024-03-07T17:42:05.724Z,gyroscope sensor uncalibrated,-0.12705997,0.19486602,-0.29138273,-0.12705997,0.19486602,-0.29138273,3
867254605730498,2024-03-07T17:42:05.734Z,gyroscope sensor uncalibrated,-0.124005646,0.3145956,-0.258396,-0.124005646,0.3145956,-0.258396,3
867254615763798,2024-03-07T17:42:05.744Z,gyroscope sensor uncalibrated,-0.12522738,0.39767328,-0.20219639,-0.12522738,0.39767328,-0.20219639,3
867254625797164,2024-03-07T17:42:05.754Z,gyroscope sensor uncalibrated,-0.13500121,0.43249258,-0.15027285,-0.13500121,0.43249258,-0.15027285,3
867254635830497,2024-03-07T17:42:05.764Z,gyroscope sensor uncalibrated,-0.13805555,0.42332962,-0.12339478,-0.13805555,0.42332962,-0.12339478,3
867254645863830,2024-03-07T17:42:05.774Z,gyroscope sensor uncalibrated,-0.119729586,0.3707952,-0.111177474,-0.119729586,0.3707952,-0.111177474,3
867254655897163,2024-03-07T17:42:05.784Z,gyroscope sensor uncalibrated,-0.07269296,0.28405234,-0.09285152,-0.07269296,0.28405234,-0.09285152,3
867254665930496,2024-03-07T17:42:05.793Z,gyroscope sensor uncalibrated,0.008552114,0.20158553,-0.06047566,0.008552114,0.20158553,-0.06047566,3
867254675963796,2024-03-07T17:42:05.804Z,gyroscope sensor uncalibrated,0.10567969,0.16187929,-0.021380283,0.10567969,0.16187929,-0.021380283,3
867254685997162,2024-03-07T17:42:05.814Z,gyroscope sensor uncalibrated,0.20891592,0.18387043,0.022602014,0.20891592,0.18387043,0.022602014,3
867254696030495,2024-03-07T17:42:05.825Z,gyroscope sensor uncalibrated,0.30604348,0.24190263,0.06963864,0.30604348,0.24190263,0.06963864,3
867254706063861,2024-03-07T17:42:05.835Z,gyroscope sensor uncalibrated,0.3811799,0.30848694,0.108123146,0.3811799,0.30848694,0.108123146,3
867254716097161,2024-03-07T17:42:05.845Z,gyroscope sensor uncalibrated,0.43982297,0.35613444,0.12583824,0.43982297,0.35613444,0.12583824,3
867254726130461,2024-03-07T17:42:05.855Z,gyroscope sensor uncalibrated,0.5002986,0.37751472,0.1301143,0.5002986,0.37751472,0.1301143,3
867254736163827,2024-03-07T17:42:05.865Z,gyroscope sensor uncalibrated,0.5552765,0.3817908,0.13439035,0.5552765,0.3817908,0.13439035,3
867254746197860,2024-03-07T17:42:05.875Z,gyroscope sensor uncalibrated,0.5919284,0.376293,0.16554448,0.5919284,0.376293,0.16554448,3
867254756231193,2024-03-07T17:42:05.885Z,gyroscope sensor uncalibrated,0.593761,0.36163223,0.21135938,0.593761,0.36163223,0.21135938,3
867254766264493,2024-03-07T17:42:05.895Z,gyroscope sensor uncalibrated,0.5699373,0.36774087,0.267559,0.5699373,0.36774087,0.267559,3
867254776264493,2024-03-07T17:42:05.905Z,gyroscope sensor uncalibrated,0.56199604,0.39950588,0.27550024,0.56199604,0.39950588,0.27550024,3
867254786264526,2024-03-07T17:42:05.915Z,gyroscope sensor uncalibrated,0.5448918,0.41233405,0.23640485,0.5448918,0.41233405,0.23640485,3
867254796264526,2024-03-07T17:42:05.925Z,gyroscope sensor uncalibrated,0.49113566,0.35796702,0.13927728,0.49113566,0.35796702,0.13927728,3
867254806264526,2024-03-07T17:42:05.934Z,gyroscope sensor uncalibrated,0.39095375,0.24190263,-0.00061086525,0.39095375,0.24190263,-0.00061086525,3
867254816264526,2024-03-07T17:42:05.945Z,gyroscope sensor uncalibrated,0.267559,0.092240654,-0.15332718,0.267559,0.092240654,-0.15332718,3
867254826263792,2024-03-07T17:42:05.955Z,gyroscope sensor uncalibrated,0.18570304,-0.03848451,-0.29077184,0.18570304,-0.03848451,-0.29077184,3
867254836263792,2024-03-07T17:42:05.965Z,gyroscope sensor uncalibrated,0.15027285,-0.12156218,-0.38362336,0.15027285,-0.12156218,-0.38362336,3
867254846263825,2024-03-07T17:42:05.975Z,gyroscope sensor uncalibrated,0.10323623,-0.17287487,-0.43493605,0.10323623,-0.17287487,-0.43493605,3
867254856263825,2024-03-07T17:42:05.984Z,gyroscope sensor uncalibrated,0.028099801,-0.21685717,-0.45998153,0.028099801,-0.21685717,-0.45998153,3
867254866263825,2024-03-07T17:42:05.995Z,gyroscope sensor uncalibrated,-0.027488936,-0.27488935,-0.47219884,-0.027488936,-0.27488935,-0.47219884,3
867254876263791,2024-03-07T17:42:06.005Z,gyroscope sensor uncalibrated,-0.021380283,-0.3268129,-0.46181414,-0.021380283,-0.3268129,-0.46181414,3
867254886263824,2024-03-07T17:42:06.015Z,gyroscope sensor uncalibrated,0.021380283,-0.32375857,-0.43066,0.021380283,-0.32375857,-0.43066,3
867254896263857,2024-03-07T17:42:06.025Z,gyroscope sensor uncalibrated,0.029932396,-0.27000242,-0.41416663,0.029932396,-0.27000242,-0.41416663,3
867254906263857,2024-03-07T17:42:06.035Z,gyroscope sensor uncalibrated,0.04642576,-0.16920967,-0.41172317,0.04642576,-0.16920967,-0.41172317,3
867254916263857,2024-03-07T17:42:06.045Z,gyroscope sensor uncalibrated,0.11362094,-0.0580322,-0.40378192,0.11362094,-0.0580322,-0.40378192,3
867254926263823,2024-03-07T17:42:06.054Z,gyroscope sensor uncalibrated,0.22540927,-0.014049901,-0.37568212,0.22540927,-0.014049901,-0.37568212,3
867254936263856,2024-03-07T17:42:06.065Z,gyroscope sensor uncalibrated,0.344528,0.009162978,-0.31764993,0.344528,0.009162978,-0.31764993,3
867254946263856,2024-03-07T17:42:06.075Z,gyroscope sensor uncalibrated,0.39095375,0.04886922,-0.25045475,0.39095375,0.04886922,-0.25045475,3
867254956263856,2024-03-07T17:42:06.085Z,gyroscope sensor uncalibrated,0.35979962,0.14049901,-0.20830505,0.35979962,0.14049901,-0.20830505,3
867254966264256,2024-03-07T17:42:06.094Z,gyroscope sensor uncalibrated,0.28099802,0.25045475,-0.22357668,0.28099802,0.25045475,-0.22357668,3
867254976264256,2024-03-07T17:42:06.105Z,gyroscope sensor uncalibrated,0.18448131,0.27855456,-0.32436943,0.18448131,0.27855456,-0.32436943,3
867254986264222,2024-03-07T17:42:06.115Z,gyroscope sensor uncalibrated,0.122783914,0.17531833,-0.37568212,0.122783914,0.17531833,-0.37568212,3
867254996264255,2024-03-07T17:42:06.125Z,gyroscope sensor uncalibrated,0.10140363,0.08246681,-0.3707952,0.10140363,0.08246681,-0.3707952,3
867255006264955,2024-03-07T17:42:06.134Z,gyroscope sensor uncalibrated,0.15577064,0.032986723,-0.27183503,0.15577064,0.032986723,-0.27183503,3
867255016264955,2024-03-07T17:42:06.144Z,gyroscope sensor uncalibrated,0.2779437,0.029932396,-0.1001819,0.2779437,0.029932396,-0.1001819,3
867255026264955,2024-03-07T17:42:06.155Z,gyroscope sensor uncalibrated,0.3915646,0.070249505,0.10751228,0.3915646,0.070249505,0.10751228,3
867255036264921,2024-03-07T17:42:06.165Z,gyroscope sensor uncalibrated,0.44837508,0.09040806,0.31215215,0.44837508,0.09040806,0.31215215,3
867255046265787,2024-03-07T17:42:06.175Z,gyroscope sensor uncalibrated,0.47769663,0.05375614,0.44959682,0.47769663,0.05375614,0.44959682,3
867255056265787,2024-03-07T17:42:06.185Z,gyroscope sensor uncalibrated,0.45631635,-0.025045475,0.47891834,0.45631635,-0.025045475,0.47891834,3
867255066265787,2024-03-07T17:42:06.195Z,gyroscope sensor uncalibrated,0.3371976,-0.14110987,0.38240165,0.3371976,-0.14110987,0.38240165,3
867255076265753,2024-03-07T17:42:06.205Z,gyroscope sensor uncalibrated,0.112399206,-0.2602286,0.1777618,0.112399206,-0.2602286,0.1777618,3
867255086265753,2024-03-07T17:42:06.215Z,gyroscope sensor uncalibrated,-0.13805555,-0.33292156,-0.057421334,-0.13805555,-0.33292156,-0.057421334,3
867255096265786,2024-03-07T17:42:06.225Z,gyroscope sensor uncalibrated,-0.29871312,-0.34513888,-0.23335053,-0.29871312,-0.34513888,-0.23335053,3
867255106265786,2024-03-07T17:42:06.235Z,gyroscope sensor uncalibrated,-0.3182608,-0.35430184,-0.35185838,-0.3182608,-0.35430184,-0.35185838,3
867255116265786,2024-03-07T17:42:06.245Z,gyroscope sensor uncalibrated,-0.27916542,-0.3652974,-0.41355577,-0.27916542,-0.3652974,-0.41355577,3
867255126266486,2024-03-07T17:42:06.255Z,gyroscope sensor uncalibrated,-0.20891592,-0.376293,-0.39522982,-0.20891592,-0.376293,-0.39522982,3
867255136266452,2024-03-07T17:42:06.265Z,gyroscope sensor uncalibrated,-0.051923547,-0.376293,-0.30665436,-0.051923547,-0.376293,-0.30665436,3
867255146266418,2024-03-07T17:42:06.275Z,gyroscope sensor uncalibrated,0.06536258,-0.29016098,-0.14355333,0.06536258,-0.29016098,-0.14355333,3
867255156266451,2024-03-07T17:42:06.285Z,gyroscope sensor uncalibrated,0.1001819,-0.16065755,0.035430185,0.1001819,-0.16065755,0.035430185,3
867255166266451,2024-03-07T17:42:06.295Z,gyroscope sensor uncalibrated,0.1441642,0.01282817,0.21319197,0.1441642,0.01282817,0.21319197,3
867255176266451,2024-03-07T17:42:06.305Z,gyroscope sensor uncalibrated,0.20586158,0.19181168,0.3378085,0.20586158,0.19181168,0.3378085,3
867255186266417,2024-03-07T17:42:06.314Z,gyroscope sensor uncalibrated,0.1863139,0.45631635,0.40317106,0.1863139,0.45631635,0.40317106,3
867255196266417,2024-03-07T17:42:06.325Z,gyroscope sensor uncalibrated,0.103847094,0.6035349,0.38789943,0.103847094,0.6035349,0.38789943,3
867255206266450,2024-03-07T17:42:06.335Z,gyroscope sensor uncalibrated,0.021380283,0.7153232,0.32803464,0.021380283,0.7153232,0.32803464,3
867255216266450,2024-03-07T17:42:06.345Z,gyroscope sensor uncalibrated,-0.053145275,0.7849618,0.25228736,-0.053145275,0.7849618,0.25228736,3
867255226266450,2024-03-07T17:42:06.355Z,gyroscope sensor uncalibrated,-0.111177474,0.8173377,0.18387043,-0.111177474,0.8173377,0.18387043,3
867255236266416,2024-03-07T17:42:06.364Z,gyroscope sensor uncalibrated,-0.15454891,0.8240572,0.12339478,-0.15454891,0.8240572,0.12339478,3
867255246266549,2024-03-07T17:42:06.375Z,gyroscope sensor uncalibrated,-0.18325958,0.8026769,0.0842994,-0.18325958,0.8026769,0.0842994,3
867255256266582,2024-03-07T17:42:06.385Z,gyroscope sensor uncalibrated,-0.19853121,0.7348709,0.06841691,-0.19853121,0.7348709,0.06841691,3
867255266266182,2024-03-07T17:42:06.395Z,gyroscope sensor uncalibrated,-0.19425514,0.6230826,0.058643065,-0.19425514,0.6230826,0.058643065,3
867255276266182,2024-03-07T17:42:06.405Z,gyroscope sensor uncalibrated,-0.20830505,0.47342056,0.05131268,-0.20830505,0.47342056,0.05131268,3
867255286266182,2024-03-07T17:42:06.415Z,gyroscope sensor uncalibrated,-0.258396,0.3005457,0.06658431,-0.258396,0.3005457,0.06658431,3
867255296266148,2024-03-07T17:42:06.425Z,gyroscope sensor uncalibrated,-0.32559118,0.13805555,0.111177474,-0.32559118,0.13805555,0.111177474,3
867255306266148,2024-03-07T17:42:06.435Z,gyroscope sensor uncalibrated,-0.3848451,0.01160644,0.16249016,-0.3848451,0.01160644,0.16249016,3
867255316266181,2024-03-07T17:42:06.445Z,gyroscope sensor uncalibrated,-0.4098906,-0.096516706,0.18936823,-0.4098906,-0.096516706,0.18936823,3
867255326299514,2024-03-07T17:42:06.455Z,gyroscope sensor uncalibrated,-0.35185838,-0.21991149,0.18692477,-0.35185838,-0.21991149,0.18692477,3
867255336332847,2024-03-07T17:42:06.465Z,gyroscope sensor uncalibrated,-0.16554448,-0.29993483,0.21746802,-0.16554448,-0.29993483,0.21746802,3
867255346365313,2024-03-07T17:42:06.474Z,gyroscope sensor uncalibrated,-0.025045475,-0.32253686,0.31398472,-0.025045475,-0.32253686,0.31398472,3
867255356398679,2024-03-07T17:42:06.485Z,gyroscope sensor uncalibrated,0.08368854,-0.2968805,0.49602258,0.08368854,-0.2968805,0.49602258,3
867255366432012,2024-03-07T17:42:06.494Z,gyroscope sensor uncalibrated,0.14721853,-0.34697145,0.5748242,0.14721853,-0.34697145,0.5748242,3
867255376465345,2024-03-07T17:42:06.505Z,gyroscope sensor uncalibrated,0.18081611,-0.49663344,0.6035349,0.18081611,-0.49663344,0.6035349,3
867255386498645,2024-03-07T17:42:06.515Z,gyroscope sensor uncalibrated,0.15821409,-0.6603453,0.57971114,0.15821409,-0.6603453,0.57971114,3
867255396531945,2024-03-07T17:42:06.525Z,gyroscope sensor uncalibrated,0.089186326,-0.7641924,0.50335294,0.089186326,-0.7641924,0.50335294,3
867255406565311,2024-03-07T17:42:06.534Z,gyroscope sensor uncalibrated,0.043982297,-0.7458665,0.4166101,0.043982297,-0.7458665,0.4166101,3
867255416598644,2024-03-07T17:42:06.545Z,gyroscope sensor uncalibrated,0.052534413,-0.5717699,0.38423425,0.052534413,-0.5717699,0.38423425,3
867255426631977,2024-03-07T17:42:06.555Z,gyroscope sensor uncalibrated,0.01038471,-0.28955013,0.4550946,0.01038471,-0.28955013,0.4550946,3
867255436665177,2024-03-07T17:42:06.565Z,gyroscope sensor uncalibrated,-0.08002335,-0.1160644,0.49846604,-0.08002335,-0.1160644,0.49846604,3
867255446698510,2024-03-07T17:42:06.575Z,gyroscope sensor uncalibrated,-0.15149458,0.004886922,0.46731192,-0.15149458,0.004886922,0.46731192,3
867255456731810,2024-03-07T17:42:06.585Z,gyroscope sensor uncalibrated,-0.19730948,0.13316862,0.36957347,-0.19730948,0.13316862,0.36957347,3
867255466765176,2024-03-07T17:42:06.595Z,gyroscope sensor uncalibrated,-0.24495697,0.35002577,0.23090707,-0.24495697,0.35002577,0.23090707,3
867255476798509,2024-03-07T17:42:06.605Z,gyroscope sensor uncalibrated,-0.36774087,0.5491679,0.10873401,-0.36774087,0.5491679,0.10873401,3
867255486831842,2024-03-07T17:42:06.615Z,gyroscope sensor uncalibrated,-0.5161811,0.57604593,0.0030543262,-0.5161811,0.57604593,0.0030543262,3
867255496865142,2024-03-07T17:42:06.625Z,gyroscope sensor uncalibrated,-0.56199604,0.47586402,-0.124005646,-0.56199604,0.47586402,-0.124005646,3
867255506898442,2024-03-07T17:42:06.635Z,gyroscope sensor uncalibrated,-0.52412236,0.34391713,-0.24984388,-0.52412236,0.34391713,-0.24984388,3
867255516931808,2024-03-07T17:42:06.645Z,gyroscope sensor uncalibrated,-0.49113566,0.19792034,-0.33292156,-0.49113566,0.19792034,-0.33292156,3
867255526965141,2024-03-07T17:42:06.655Z,gyroscope sensor uncalibrated,-0.50701815,0.09101892,-0.3707952,-0.50701815,0.09101892,-0.3707952,3
867255536998474,2024-03-07T17:42:06.665Z,gyroscope sensor uncalibrated,-0.54000485,-0.02443461,-0.37751472,-0.54000485,-0.02443461,-0.37751472,3
867255547031674,2024-03-07T17:42:06.675Z,gyroscope sensor uncalibrated,-0.50762904,-0.20525073,-0.35613444,-0.50762904,-0.20525073,-0.35613444,3
867255557065007,2024-03-07T17:42:06.685Z,gyroscope sensor uncalibrated,-0.40439278,-0.43127087,-0.3042109,-0.40439278,-0.43127087,-0.3042109,3
867255567098373,2024-03-07T17:42:06.696Z,gyroscope sensor uncalibrated,-0.25717425,-0.74097955,-0.2443461,-0.25717425,-0.74097955,-0.2443461,3
867255577131706,2024-03-07T17:42:06.706Z,gyroscope sensor uncalibrated,-0.24312437,-0.85154617,-0.24495697,-0.24312437,-0.85154617,-0.24495697,3
867255587165039,2024-03-07T17:42:06.716Z,gyroscope sensor uncalibrated,-0.26083946,-0.8552113,-0.30176744,-0.26083946,-0.8552113,-0.30176744,3
867255597198372,2024-03-07T17:42:06.726Z,gyroscope sensor uncalibrated,-0.32742378,-0.75747293,-0.37201694,-0.32742378,-0.75747293,-0.37201694,3
867255607231672,2024-03-07T17:42:06.736Z,gyroscope sensor uncalibrated,-0.39522982,-0.60048056,-0.4373795,-0.39522982,-0.60048056,-0.4373795,3
867255617265005,2024-03-07T17:42:06.746Z,gyroscope sensor uncalibrated,-0.42638394,-0.4428773,-0.46914452,-0.42638394,-0.4428773,-0.46914452,3
867255627265038,2024-03-07T17:42:06.756Z,gyroscope sensor uncalibrated,-0.35979962,-0.31642818,-0.4465425,-0.35979962,-0.31642818,-0.4465425,3
867255637265038,2024-03-07T17:42:06.765Z,gyroscope sensor uncalibrated,-0.3231477,-0.21380283,-0.39645153,-0.3231477,-0.21380283,-0.39645153,3
867255647265038,2024-03-07T17:42:06.775Z,gyroscope sensor uncalibrated,-0.2968805,-0.14721853,-0.34147367,-0.2968805,-0.14721853,-0.34147367,3
867255657265004,2024-03-07T17:42:06.786Z,gyroscope sensor uncalibrated,-0.24129178,-0.13927728,-0.29443705,-0.24129178,-0.13927728,-0.29443705,3
867255667265037,2024-03-07T17:42:06.796Z,gyroscope sensor uncalibrated,-0.17959438,-0.13255776,-0.27855456,-0.17959438,-0.13255776,-0.27855456,3
867255677265070,2024-03-07T17:42:06.806Z,gyroscope sensor uncalibrated,-0.1441642,-0.09712757,-0.29993483,-0.1441642,-0.09712757,-0.29993483,3
867255687265070,2024-03-07T17:42:06.816Z,gyroscope sensor uncalibrated,-0.12217305,-0.037873644,-0.3359759,-0.12217305,-0.037873644,-0.3359759,3
867255697265070,2024-03-07T17:42:06.826Z,gyroscope sensor uncalibrated,-0.07880162,0.026267206,-0.35308012,-0.07880162,0.026267206,-0.35308012,3
867255707265036,2024-03-07T17:42:06.836Z,gyroscope sensor uncalibrated,-0.030543262,0.095294975,-0.33964106,-0.030543262,0.095294975,-0.33964106,3
867255717265069,2024-03-07T17:42:06.846Z,gyroscope sensor uncalibrated,-0.007330383,0.18081611,-0.29871312,-0.007330383,0.18081611,-0.29871312,3
867255727265069,2024-03-07T17:42:06.856Z,gyroscope sensor uncalibrated,-0.007941248,0.28893927,-0.23884831,-0.007941248,0.28893927,-0.23884831,3
867255737265202,2024-03-07T17:42:06.866Z,gyroscope sensor uncalibrated,-0.017104227,0.4202753,-0.16798794,-0.017104227,0.4202753,-0.16798794,3
867255747265202,2024-03-07T17:42:06.876Z,gyroscope sensor uncalibrated,-0.021991149,0.5656612,-0.07880162,-0.021991149,0.5656612,-0.07880162,3
867255757265202,2024-03-07T17:42:06.886Z,gyroscope sensor uncalibrated,-0.007330383,0.7031059,0.025045475,-0.007330383,0.7031059,0.025045475,3
867255767265168,2024-03-07T17:42:06.896Z,gyroscope sensor uncalibrated,0.036651913,0.7984009,0.12034045,0.036651913,0.7984009,0.12034045,3
867255777265201,2024-03-07T17:42:06.906Z,gyroscope sensor uncalibrated,0.11789699,0.8368854,0.21746802,0.11789699,0.8368854,0.21746802,3
867255787265234,2024-03-07T17:42:06.916Z,gyroscope sensor uncalibrated,0.14721853,0.79351395,0.25167647,0.14721853,0.79351395,0.25167647,3
867255797265234,2024-03-07T17:42:06.926Z,gyroscope sensor uncalibrated,0.19364429,0.7122689,0.26145032,0.19364429,0.7122689,0.26145032,3
867255807265234,2024-03-07T17:42:06.936Z,gyroscope sensor uncalibrated,0.26206118,0.65179324,0.24312437,0.26206118,0.65179324,0.24312437,3
867255817265200,2024-03-07T17:42:06.946Z,gyroscope sensor uncalibrated,0.33475417,0.6230826,0.18448131,0.33475417,0.6230826,0.18448131,3
867255827265233,2024-03-07T17:42:06.956Z,gyroscope sensor uncalibrated,0.4166101,0.5681047,0.073303826,0.4166101,0.5681047,0.073303826,3
867255837265233,2024-03-07T17:42:06.966Z,gyroscope sensor uncalibrated,0.44959682,0.38545597,-0.062308256,0.44959682,0.38545597,-0.062308256,3
867255847265233,2024-03-07T17:42:06.976Z,gyroscope sensor uncalibrated,0.40866885,0.111177474,-0.17470746,0.40866885,0.111177474,-0.17470746,3
867255857265199,2024-03-07T17:42:06.986Z,gyroscope sensor uncalibrated,0.32253686,-0.1337795,-0.25961772,0.32253686,-0.1337795,-0.25961772,3
867255867265199,2024-03-07T17:42:06.996Z,gyroscope sensor uncalibrated,0.23335053,-0.3023783,-0.3304781,0.23335053,-0.3023783,-0.3304781,3
867255877265232,2024-03-07T17:42:07.006Z,gyroscope sensor uncalibrated,0.16310102,-0.39950588,-0.3921755,0.16310102,-0.39950588,-0.3921755,3
867255887265232,2024-03-07T17:42:07.016Z,gyroscope sensor uncalibrated,0.1160644,-0.49235737,-0.4550946,0.1160644,-0.49235737,-0.4550946,3
867255897265232,2024-03-07T17:42:07.026Z,gyroscope sensor uncalibrated,0.089186326,-0.602924,-0.5009095,0.089186326,-0.602924,-0.5009095,3
867255907265232,2024-03-07T17:42:07.036Z,gyroscope sensor uncalibrated,0.11178834,-0.689056,-0.516792,0.11178834,-0.689056,-0.516792,3
867255917265198,2024-03-07T17:42:07.046Z,gyroscope sensor uncalibrated,0.20830505,-0.69027776,-0.48380527,0.20830505,-0.69027776,-0.48380527,3
867255927265164,2024-03-07T17:42:07.056Z,gyroscope sensor uncalibrated,0.31215215,-0.6053675,-0.41783184,0.31215215,-0.6053675,-0.41783184,3
867255937265197,2024-03-07T17:42:07.066Z,gyroscope sensor uncalibrated,0.3830125,-0.36285394,-0.3622431,0.3830125,-0.36285394,-0.3622431,3
867255947265197,2024-03-07T17:42:07.076Z,gyroscope sensor uncalibrated,0.54183745,-0.02443461,-0.33475417,0.54183745,-0.02443461,-0.33475417,3
867255957265197,2024-03-07T17:42:07.086Z,gyroscope sensor uncalibrated,0.7330383,0.2742785,-0.3182608,0.7330383,0.2742785,-0.3182608,3
867255967265163,2024-03-07T17:42:07.096Z,gyroscope sensor uncalibrated,0.8399397,0.4147775,-0.19364429,0.8399397,0.4147775,-0.19364429,3
867255977265163,2024-03-07T17:42:07.106Z,gyroscope sensor uncalibrated,0.82833326,0.54183745,-0.054367006,0.82833326,0.54183745,-0.054367006,3
867255987265196,2024-03-07T17:42:07.116Z,gyroscope sensor uncalibrated,0.6261369,0.7538077,0.05375614,0.6261369,0.7538077,0.05375614,3
867255997265196,2024-03-07T17:42:07.126Z,gyroscope sensor uncalibrated,0.46303585,0.8045095,0.057421334,0.46303585,0.8045095,0.057421334,3
867256007265196,2024-03-07T17:42:07.136Z,gyroscope sensor uncalibrated,0.3640757,0.7281514,0.014049901,0.3640757,0.7281514,0.014049901,3
867256017265162,2024-03-07T17:42:07.146Z,gyroscope sensor uncalibrated,0.32253686,0.52534413,-0.042760566,0.32253686,0.52534413,-0.042760566,3
867256027265195,2024-03-07T17:42:07.155Z,gyroscope sensor uncalibrated,0.28955013,0.21624629,-0.05375614,0.28955013,0.21624629,-0.05375614,3
867256037265228,2024-03-07T17:42:07.166Z,gyroscope sensor uncalibrated,0.27550024,-0.096516706,-0.018936822,0.27550024,-0.096516706,-0.018936822,3
867256047265228,2024-03-07T17:42:07.176Z,gyroscope sensor uncalibrated,0.29932398,-0.29993483,0.028710667,0.29932398,-0.29993483,0.028710667,3
867256057265228,2024-03-07T17:42:07.186Z,gyroscope sensor uncalibrated,0.30970868,-0.42271876,0.08368854,0.30970868,-0.42271876,0.08368854,3
867256067265228,2024-03-07T17:42:07.196Z,gyroscope sensor uncalibrated,0.27672195,-0.5479461,0.13500121,0.27672195,-0.5479461,0.13500121,3
867256077265194,2024-03-07T17:42:07.206Z,gyroscope sensor uncalibrated,0.20708331,-0.72692966,0.17287487,0.20708331,-0.72692966,0.17287487,3
867256087265194,2024-03-07T17:42:07.216Z,gyroscope sensor uncalibrated,0.1337795,-0.9315695,0.1826487,0.1337795,-0.9315695,0.1826487,3
867256097265127,2024-03-07T17:42:07.226Z,gyroscope sensor uncalibrated,0.096516706,-1.1007792,0.1685988,0.096516706,-1.1007792,0.1685988,3
867256107264393,2024-03-07T17:42:07.236Z,gyroscope sensor uncalibrated,0.08735373,-1.2040154,0.14538592,0.08735373,-1.2040154,0.14538592,3
867256117263693,2024-03-07T17:42:07.246Z,gyroscope sensor uncalibrated,0.08368854,-1.2431108,0.1160644,0.08368854,-1.2431108,0.1160644,3
867256127262959,2024-03-07T17:42:07.256Z,gyroscope sensor uncalibrated,0.09712757,-1.2174544,0.09712757,0.09712757,-1.2174544,0.09712757,3
867256137262992,2024-03-07T17:42:07.266Z,gyroscope sensor uncalibrated,0.1459968,-1.1398746,0.10323623,0.1459968,-1.1398746,0.10323623,3
867256147262325,2024-03-07T17:42:07.276Z,gyroscope sensor uncalibrated,0.21624629,-1.0079277,0.13988814,0.21624629,-1.0079277,0.13988814,3
867256157262325,2024-03-07T17:42:07.286Z,gyroscope sensor uncalibrated,0.27000242,-0.8063421,0.18875736,0.27000242,-0.8063421,0.18875736,3
867256167262291,2024-03-07T17:42:07.296Z,gyroscope sensor uncalibrated,0.2687807,-0.6096435,0.24129178,0.2687807,-0.6096435,0.24129178,3
867256177262257,2024-03-07T17:42:07.306Z,gyroscope sensor uncalibrated,0.23457226,-0.45570546,0.27855456,0.23457226,-0.45570546,0.27855456,3
867256187262290,2024-03-07T17:42:07.316Z,gyroscope sensor uncalibrated,0.18448131,-0.30909783,0.28588495,0.18448131,-0.30909783,0.28588495,3
867256197262290,2024-03-07T17:42:07.326Z,gyroscope sensor uncalibrated,0.124005646,-0.06658431,0.28771752,0.124005646,-0.06658431,0.28771752,3
867256207262290,2024-03-07T17:42:07.336Z,gyroscope sensor uncalibrated,0.12095132,0.087964594,0.2950479,0.12095132,0.087964594,0.2950479,3
867256217262290,2024-03-07T17:42:07.346Z,gyroscope sensor uncalibrated,0.15027285,0.22357668,0.31948254,0.15027285,0.22357668,0.31948254,3
867256227262290,2024-03-07T17:42:07.356Z,gyroscope sensor uncalibrated,0.18509217,0.35185838,0.35735616,0.18509217,0.35185838,0.35735616,3
867256237262256,2024-03-07T17:42:07.366Z,gyroscope sensor uncalibrated,0.19242255,0.43860126,0.38973203,0.19242255,0.43860126,0.38973203,3
867256247262289,2024-03-07T17:42:07.376Z,gyroscope sensor uncalibrated,0.16982053,0.46975538,0.4007276,0.16982053,0.46975538,0.4007276,3
867256257262322,2024-03-07T17:42:07.386Z,gyroscope sensor uncalibrated,0.124005646,0.4605924,0.3933972,0.124005646,0.4605924,0.3933972,3
867256267262322,2024-03-07T17:42:07.396Z,gyroscope sensor uncalibrated,0.062308256,0.4111123,0.36102137,0.062308256,0.4111123,0.36102137,3
867256277262288,2024-03-07T17:42:07.406Z,gyroscope sensor uncalibrated,-0.0018325958,0.32498032,0.29993483,-0.0018325958,0.32498032,0.29993483,3
867256287262254,2024-03-07T17:42:07.416Z,gyroscope sensor uncalibrated,-0.05375614,0.21685717,0.23090707,-0.05375614,0.21685717,0.23090707,3
867256297262287,2024-03-07T17:42:07.426Z,gyroscope sensor uncalibrated,-0.06352998,0.13255776,0.172264,-0.06352998,0.13255776,0.172264,3
867256307262287,2024-03-07T17:42:07.436Z,gyroscope sensor uncalibrated,-0.04337143,0.11911872,0.14294247,-0.04337143,0.11911872,0.14294247,3
867256317262287,2024-03-07T17:42:07.446Z,gyroscope sensor uncalibrated,-0.040927973,0.16798794,0.12889257,-0.040927973,0.16798794,0.12889257,3
867256327262253,2024-03-07T17:42:07.455Z,gyroscope sensor uncalibrated,-0.06169739,0.23396139,0.11362094,-0.06169739,0.23396139,0.11362094,3
867256337262253,2024-03-07T17:42:07.466Z,gyroscope sensor uncalibrated,-0.08674286,0.30298916,0.10567969,-0.08674286,0.30298916,0.10567969,3
867256347262286,2024-03-07T17:42:07.476Z,gyroscope sensor uncalibrated,-0.116675265,0.37384954,0.1423316,-0.116675265,0.37384954,0.1423316,3
867256357262286,2024-03-07T17:42:07.486Z,gyroscope sensor uncalibrated,-0.14905111,0.43310347,0.21930063,-0.14905111,0.43310347,0.21930063,3
867256367262286,2024-03-07T17:42:07.496Z,gyroscope sensor uncalibrated,-0.1459968,0.5137377,0.2828306,-0.1459968,0.5137377,0.2828306,3
867256377262286,2024-03-07T17:42:07.506Z,gyroscope sensor uncalibrated,-0.12461651,0.57604593,0.3231477,-0.12461651,0.57604593,0.3231477,3
867256387262252,2024-03-07T17:42:07.516Z,gyroscope sensor uncalibrated,-0.096516706,0.5552765,0.36713,-0.096516706,0.5552765,0.36713,3
867256397262318,2024-03-07T17:42:07.526Z,gyroscope sensor uncalibrated,-0.052534413,0.47952923,0.43860126,-0.052534413,0.47952923,0.43860126,3
867256407263084,2024-03-07T17:42:07.536Z,gyroscope sensor uncalibrated,-0.0036651916,0.23151793,0.5308419,-0.0036651916,0.23151793,0.5308419,3
867256417263784,2024-03-07T17:42:07.546Z,gyroscope sensor uncalibrated,-0.007330383,-0.119729586,0.63224554,-0.007330383,-0.119729586,0.63224554,3
867256427264484,2024-03-07T17:42:07.556Z,gyroscope sensor uncalibrated,0.0,-0.535118,0.6542367,0.0,-0.535118,0.6542367,3
867256437264450,2024-03-07T17:42:07.566Z,gyroscope sensor uncalibrated,0.047647487,-0.83260936,0.6450737,0.047647487,-0.83260936,0.6450737,3
867256447265150,2024-03-07T17:42:07.575Z,gyroscope sensor uncalibrated,0.080634214,-0.9767735,0.61758476,0.080634214,-0.9767735,0.61758476,3
867256457265183,2024-03-07T17:42:07.586Z,gyroscope sensor uncalibrated,0.10262536,-0.9224065,0.60903263,0.10262536,-0.9224065,0.60903263,3
867256467265183,2024-03-07T17:42:07.596Z,gyroscope sensor uncalibrated,0.18692477,-0.70738196,0.7067711,0.18692477,-0.70738196,0.7067711,3
867256477265183,2024-03-07T17:42:07.606Z,gyroscope sensor uncalibrated,0.28038713,-0.39828414,0.7623598,0.28038713,-0.39828414,0.7623598,3
867256487265149,2024-03-07T17:42:07.616Z,gyroscope sensor uncalibrated,0.29138273,-0.15210545,0.7464773,0.29138273,-0.15210545,0.7464773,3
867256497265182,2024-03-07T17:42:07.626Z,gyroscope sensor uncalibrated,0.24190263,-0.0421497,0.6640105,0.24190263,-0.0421497,0.6640105,3
867256507265215,2024-03-07T17:42:07.636Z,gyroscope sensor uncalibrated,0.21197024,0.040317107,0.5534439,0.21197024,0.040317107,0.5534439,3
867256517265215,2024-03-07T17:42:07.646Z,gyroscope sensor uncalibrated,0.17287487,0.13927728,0.4202753,0.17287487,0.13927728,0.4202753,3
867256527265215,2024-03-07T17:42:07.656Z,gyroscope sensor uncalibrated,0.047036625,0.19058995,0.23945917,0.047036625,0.19058995,0.23945917,3
867256537265215,2024-03-07T17:42:07.665Z,gyroscope sensor uncalibrated,-0.15882497,0.17898351,0.02443461,-0.15882497,0.17898351,0.02443461,3
867256547265181,2024-03-07T17:42:07.676Z,gyroscope sensor uncalibrated,-0.34147367,0.115453534,-0.16615535,-0.34147367,0.115453534,-0.16615535,3
867256557265181,2024-03-07T17:42:07.686Z,gyroscope sensor uncalibrated,-0.453262,-0.008552114,-0.29260445,-0.453262,-0.008552114,-0.29260445,3
867256567265214,2024-03-07T17:42:07.696Z,gyroscope sensor uncalibrated,-0.5045747,-0.16615535,-0.34513888,-0.5045747,-0.16615535,-0.34513888,3
867256577265214,2024-03-07T17:42:07.706Z,gyroscope sensor uncalibrated,-0.45265114,-0.30909783,-0.4166101,-0.45265114,-0.30909783,-0.4166101,3
867256587265214,2024-03-07T17:42:07.716Z,gyroscope sensor uncalibrated,-0.38362336,-0.49235737,-0.48258355,-0.38362336,-0.49235737,-0.48258355,3
867256597265180,2024-03-07T17:42:07.726Z,gyroscope sensor uncalibrated,-0.34147367,-0.766025,-0.45081854,-0.34147367,-0.766025,-0.45081854,3
867256607265213,2024-03-07T17:42:07.736Z,gyroscope sensor uncalibrated,-0.23518312,-1.0965031,-0.3652974,-0.23518312,-1.0965031,-0.3652974,3
867256617265213,2024-03-07T17:42:07.746Z,gyroscope sensor uncalibrated,-0.07574729,-1.328021,-0.28527406,-0.07574729,-1.328021,-0.28527406,3
867256627265213,2024-03-07T17:42:07.756Z,gyroscope sensor uncalibrated,0.10751228,-1.4037683,-0.24740042,0.10751228,-1.4037683,-0.24740042,3
867256637265179,2024-03-07T17:42:07.765Z,gyroscope sensor uncalibrated,0.13561209,-1.2596041,-0.24312437,0.13561209,-1.2596041,-0.24312437,3
867256647265145,2024-03-07T17:42:07.776Z,gyroscope sensor uncalibrated,0.16065755,-1.0225884,-0.23457226,0.16065755,-1.0225884,-0.23457226,3
867256657265178,2024-03-07T17:42:07.786Z,gyroscope sensor uncalibrated,0.26145032,-0.7415904,-0.22724187,0.26145032,-0.7415904,-0.22724187,3
867256667265178,2024-03-07T17:42:07.796Z,gyroscope sensor uncalibrated,0.34269542,-0.46731192,-0.19120082,0.34269542,-0.46731192,-0.19120082,3
867256677265178,2024-03-07T17:42:07.806Z,gyroscope sensor uncalibrated,0.38728857,-0.2883284,-0.13255776,0.38728857,-0.2883284,-0.13255776,3
867256687265178,2024-03-07T17:42:07.816Z,gyroscope sensor uncalibrated,0.42271876,-0.21380283,-0.069027774,0.42271876,-0.21380283,-0.069027774,3
867256697265178,2024-03-07T17:42:07.826Z,gyroscope sensor uncalibrated,0.43860126,-0.18081611,-0.02321288,0.43860126,-0.18081611,-0.02321288,3
867256707265144,2024-03-07T17:42:07.836Z,gyroscope sensor uncalibrated,0.43188173,-0.12522738,0.00061086525,0.43188173,-0.12522738,0.00061086525,3
867256717265177,2024-03-07T17:42:07.846Z,gyroscope sensor uncalibrated,0.40744713,-0.040927973,0.01282817,0.40744713,-0.040927973,0.01282817,3
867256727265177,2024-03-07T17:42:07.855Z,gyroscope sensor uncalibrated,0.39706242,0.049480084,0.027488936,0.39706242,0.049480084,0.027488936,3
867256737264910,2024-03-07T17:42:07.866Z,gyroscope sensor uncalibrated,0.41599923,0.13927728,0.057421334,0.41599923,0.13927728,0.057421334,3
867256747264876,2024-03-07T17:42:07.876Z,gyroscope sensor uncalibrated,0.43371433,0.21746802,0.11911872,0.43371433,0.21746802,0.11911872,3
867256757264842,2024-03-07T17:42:07.886Z,gyroscope sensor uncalibrated,0.44348818,0.267559,0.19303341,0.44348818,0.267559,0.19303341,3
867256767264875,2024-03-07T17:42:07.896Z,gyroscope sensor uncalibrated,0.45142943,0.29749137,0.2669481,0.45142943,0.29749137,0.2669481,3
867256777264875,2024-03-07T17:42:07.906Z,gyroscope sensor uncalibrated,0.47586402,0.32436943,0.33475417,0.47586402,0.32436943,0.33475417,3
867256787264875,2024-03-07T17:42:07.916Z,gyroscope sensor uncalibrated,0.50335294,0.36346483,0.39828414,0.50335294,0.36346483,0.39828414,3
867256797264841,2024-03-07T17:42:07.926Z,gyroscope sensor uncalibrated,0.52473325,0.39828414,0.4538729,0.52473325,0.39828414,0.4538729,3
867256807264841,2024-03-07T17:42:07.936Z,gyroscope sensor uncalibrated,0.52778757,0.41599923,0.47708577,0.52778757,0.41599923,0.47708577,3
867256817264874,2024-03-07T17:42:07.946Z,gyroscope sensor uncalibrated,0.50335294,0.42271876,0.48075095,0.50335294,0.42271876,0.48075095,3
867256827264874,2024-03-07T17:42:07.956Z,gyroscope sensor uncalibrated,0.46120325,0.42394048,0.48197266,0.46120325,0.42394048,0.48197266,3
867256837264874,2024-03-07T17:42:07.966Z,gyroscope sensor uncalibrated,0.41538838,0.44532076,0.50579643,0.41538838,0.44532076,0.50579643,3
867256847264874,2024-03-07T17:42:07.976Z,gyroscope sensor uncalibrated,0.43676865,0.46853364,0.5216789,0.43676865,0.46853364,0.5216789,3
867256857264840,2024-03-07T17:42:07.986Z,gyroscope sensor uncalibrated,0.5002986,0.5137377,0.4978552,0.5002986,0.5137377,0.4978552,3
867256867298173,2024-03-07T17:42:07.996Z,gyroscope sensor uncalibrated,0.54367006,0.57971114,0.42149702,0.54367006,0.57971114,0.42149702,3
867256877331539,2024-03-07T17:42:08.006Z,gyroscope sensor uncalibrated,0.4978552,0.5589417,0.31703907,0.4978552,0.5589417,0.31703907,3
867256887364872,2024-03-07T17:42:08.016Z,gyroscope sensor uncalibrated,0.37201694,0.4147775,0.20952678,0.37201694,0.4147775,0.20952678,3
867256897398205,2024-03-07T17:42:08.026Z,gyroscope sensor uncalibrated,0.20952678,0.25534168,0.0842994,0.20952678,0.25534168,0.0842994,3
867256907431505,2024-03-07T17:42:08.036Z,gyroscope sensor uncalibrated,0.051923547,0.15271631,-0.057421334,0.051923547,0.15271631,-0.057421334,3
867256917464871,2024-03-07T17:42:08.046Z,gyroscope sensor uncalibrated,-0.042760566,0.13500121,-0.20280726,-0.042760566,0.13500121,-0.20280726,3
867256927498237,2024-03-07T17:42:08.056Z,gyroscope sensor uncalibrated,-0.0421497,0.12095132,-0.3359759,-0.0421497,0.12095132,-0.3359759,3
867256937531570,2024-03-07T17:42:08.066Z,gyroscope sensor uncalibrated,-0.026267206,0.01038471,-0.44959682,-0.026267206,0.01038471,-0.44959682,3
867256947564903,2024-03-07T17:42:08.076Z,gyroscope sensor uncalibrated,-0.055588737,-0.21930063,-0.48075095,-0.055588737,-0.21930063,-0.48075095,3
867256957598203,2024-03-07T17:42:08.086Z,gyroscope sensor uncalibrated,-0.032375857,-0.462425,-0.4343252,-0.032375857,-0.462425,-0.4343252,3
867256967631569,2024-03-07T17:42:08.096Z,gyroscope sensor uncalibrated,0.08857546,-0.6230826,-0.3622431,0.08857546,-0.6230826,-0.3622431,3
867256977664902,2024-03-07T17:42:08.106Z,gyroscope sensor uncalibrated,0.21624629,-0.6151413,-0.3042109,0.21624629,-0.6151413,-0.3042109,3
867256987698235,2024-03-07T17:42:08.116Z,gyroscope sensor uncalibrated,0.31764993,-0.46914452,-0.29077184,0.31764993,-0.46914452,-0.29077184,3
867256997731568,2024-03-07T17:42:08.126Z,gyroscope sensor uncalibrated,0.43066,-0.24312437,-0.27488935,0.43066,-0.24312437,-0.27488935,3
867257007764901,2024-03-07T17:42:08.136Z,gyroscope sensor uncalibrated,0.5308419,-0.14782938,-0.21380283,0.5308419,-0.14782938,-0.21380283,3
867257017798201,2024-03-07T17:42:08.146Z,gyroscope sensor uncalibrated,0.6133087,-0.009773844,-0.116675265,0.6133087,-0.009773844,-0.116675265,3
867257027831567,2024-03-07T17:42:08.156Z,gyroscope sensor uncalibrated,0.6053675,0.28710666,-0.08368854,0.6053675,0.28710666,-0.08368854,3
867257037865200,2024-03-07T17:42:08.166Z,gyroscope sensor uncalibrated,0.4813618,0.6609562,-0.14660765,0.4813618,0.6609562,-0.14660765,3
867257047897900,2024-03-07T17:42:08.176Z,gyroscope sensor uncalibrated,0.3023783,0.9651671,-0.24495697,0.3023783,0.9651671,-0.24495697,3
867257057930533,2024-03-07T17:42:08.186Z,gyroscope sensor uncalibrated,0.19853121,1.0366384,-0.23945917,0.19853121,1.0366384,-0.23945917,3
867257067963833,2024-03-07T17:42:08.196Z,gyroscope sensor uncalibrated,0.25045475,0.9462303,-0.15027285,0.25045475,0.9462303,-0.15027285,3
867257077997199,2024-03-07T17:42:08.206Z,gyroscope sensor uncalibrated,0.40378192,0.75441855,0.002443461,0.40378192,0.75441855,0.002443461,3
867257088030532,2024-03-07T17:42:08.217Z,gyroscope sensor uncalibrated,0.53878313,0.52656585,0.19303341,0.53878313,0.52656585,0.19303341,3
867257098063865,2024-03-07T17:42:08.227Z,gyroscope sensor uncalibrated,0.6035349,0.3640757,0.34880406,0.6035349,0.3640757,0.34880406,3
867257108097065,2024-03-07T17:42:08.236Z,gyroscope sensor uncalibrated,0.57360244,0.2443461,0.4392121,0.57360244,0.2443461,0.4392121,3
867257118130398,2024-03-07T17:42:08.247Z,gyroscope sensor uncalibrated,0.4428773,0.08124508,0.45204028,0.4428773,0.08124508,0.45204028,3
867257128163764,2024-03-07T17:42:08.257Z,gyroscope sensor uncalibrated,0.267559,-0.10934488,0.38545597,0.267559,-0.10934488,0.38545597,3
867257138197097,2024-03-07T17:42:08.267Z,gyroscope sensor uncalibrated,0.07513642,-0.2938262,0.28099802,0.07513642,-0.2938262,0.28099802,3
867257148229730,2024-03-07T17:42:08.276Z,gyroscope sensor uncalibrated,-0.12034045,-0.44776422,0.17959438,-0.12034045,-0.44776422,0.17959438,3
867257158263063,2024-03-07T17:42:08.287Z,gyroscope sensor uncalibrated,-0.25595254,-0.5119051,0.09407325,-0.25595254,-0.5119051,0.09407325,3
867257168263029,2024-03-07T17:42:08.297Z,gyroscope sensor uncalibrated,-0.30115658,-0.48197266,0.04642576,-0.30115658,-0.48197266,0.04642576,3
867257178262995,2024-03-07T17:42:08.307Z,gyroscope sensor uncalibrated,-0.24984388,-0.38728857,0.04337143,-0.24984388,-0.38728857,0.04337143,3
867257188263028,2024-03-07T17:42:08.317Z,gyroscope sensor uncalibrated,-0.15393804,-0.25167647,0.0421497,-0.15393804,-0.25167647,0.0421497,3
867257198295428,2024-03-07T17:42:08.327Z,gyroscope sensor uncalibrated,0.089186326,-0.07269296,0.04337143,0.089186326,-0.07269296,0.04337143,3
867257208328761,2024-03-07T17:42:08.337Z,gyroscope sensor uncalibrated,0.20891592,0.064751714,0.10629055,0.20891592,0.064751714,0.10629055,3
867257218362061,2024-03-07T17:42:08.347Z,gyroscope sensor uncalibrated,0.22052236,0.26267207,0.18692477,0.22052236,0.26267207,0.18692477,3
867257228395394,2024-03-07T17:42:08.356Z,gyroscope sensor uncalibrated,0.23396139,0.4813618,0.2565634,0.23396139,0.4813618,0.2565634,3
867257238428760,2024-03-07T17:42:08.367Z,gyroscope sensor uncalibrated,0.2932153,0.6542367,0.312763,0.2932153,0.6542367,0.312763,3
867257248461393,2024-03-07T17:42:08.377Z,gyroscope sensor uncalibrated,0.32498032,0.7678576,0.3555236,0.32498032,0.7678576,0.3555236,3
867257258494726,2024-03-07T17:42:08.387Z,gyroscope sensor uncalibrated,0.29443705,0.83016586,0.40194935,0.29443705,0.83016586,0.40194935,3
867257268528026,2024-03-07T17:42:08.397Z,gyroscope sensor uncalibrated,0.24923302,0.84849185,0.41905355,0.24923302,0.84849185,0.41905355,3
867257278561392,2024-03-07T17:42:08.407Z,gyroscope sensor uncalibrated,0.21930063,0.8527679,0.38362336,0.21930063,0.8527679,0.38362336,3
867257288594725,2024-03-07T17:42:08.417Z,gyroscope sensor uncalibrated,0.17837265,0.86437434,0.3115413,0.17837265,0.86437434,0.3115413,3
867257298628058,2024-03-07T17:42:08.427Z,gyroscope sensor uncalibrated,0.11362094,0.8356637,0.226631,0.11362094,0.8356637,0.226631,3
867257308661391,2024-03-07T17:42:08.436Z,gyroscope sensor uncalibrated,0.042760566,0.7360926,0.13133603,0.042760566,0.7360926,0.13133603,3
867257318694724,2024-03-07T17:42:08.447Z,gyroscope sensor uncalibrated,-0.012217305,0.5815437,0.021991149,-0.012217305,0.5815437,0.021991149,3
867257328728024,2024-03-07T17:42:08.457Z,gyroscope sensor uncalibrated,-0.086132,0.40011674,-0.07086037,-0.086132,0.40011674,-0.07086037,3
867257338761357,2024-03-07T17:42:08.467Z,gyroscope sensor uncalibrated,-0.16126843,0.21624629,-0.122783914,-0.16126843,0.21624629,-0.122783914,3
867257348795357,2024-03-07T17:42:08.477Z,gyroscope sensor uncalibrated,-0.19914207,0.03176499,-0.12705997,-0.19914207,0.03176499,-0.12705997,3
867257358829390,2024-03-07T17:42:08.487Z,gyroscope sensor uncalibrated,-0.20341812,-0.124005646,-0.086132,-0.20341812,-0.124005646,-0.086132,3
867257368862723,2024-03-07T17:42:08.496Z,gyroscope sensor uncalibrated,-0.20158553,-0.2180789,-0.020158553,-0.20158553,-0.2180789,-0.020158553,3
867257378896023,2024-03-07T17:42:08.507Z,gyroscope sensor uncalibrated,-0.20341812,-0.20280726,0.07574729,-0.20341812,-0.20280726,0.07574729,3
867257388929389,2024-03-07T17:42:08.517Z,gyroscope sensor uncalibrated,-0.18387043,-0.12522738,0.12461651,-0.18387043,-0.12522738,0.12461651,3
867257398962722,2024-03-07T17:42:08.527Z,gyroscope sensor uncalibrated,-0.14844026,-0.028710667,0.13622294,-0.14844026,-0.028710667,0.13622294,3
867257408996155,2024-03-07T17:42:08.537Z,gyroscope sensor uncalibrated,-0.14355333,0.043982297,0.11484267,-0.14355333,0.043982297,0.11484267,3
867257419029455,2024-03-07T17:42:08.547Z,gyroscope sensor uncalibrated,-0.14660765,0.04886922,0.11484267,-0.14660765,0.04886922,0.11484267,3
867257429062755,2024-03-07T17:42:08.558Z,gyroscope sensor uncalibrated,-0.08002335,-0.032986723,0.18203785,-0.08002335,-0.032986723,0.18203785,3
867257439096121,2024-03-07T17:42:08.567Z,gyroscope sensor uncalibrated,0.03726278,-0.1685988,0.30787608,0.03726278,-0.1685988,0.30787608,3
867257449130154,2024-03-07T17:42:08.578Z,gyroscope sensor uncalibrated,0.118507855,-0.40744713,0.47952923,0.118507855,-0.40744713,0.47952923,3
867257459163487,2024-03-07T17:42:08.588Z,gyroscope sensor uncalibrated,0.1740966,-0.7684685,0.65057147,0.1740966,-0.7684685,0.65057147,3
867257469196820,2024-03-07T17:42:08.598Z,gyroscope sensor uncalibrated,0.20463985,-1.1410962,0.6957755,0.20463985,-1.1410962,0.6957755,3
867257479230153,2024-03-07T17:42:08.608Z,gyroscope sensor uncalibrated,0.2125811,-1.4068227,0.7305948,0.2125811,-1.4068227,0.7305948,3
867257489263453,2024-03-07T17:42:08.618Z,gyroscope sensor uncalibrated,0.22907446,-1.536326,0.77763146,0.22907446,-1.536326,0.77763146,3
867257499264419,2024-03-07T17:42:08.628Z,gyroscope sensor uncalibrated,0.23701571,-1.5008959,0.7867944,0.23701571,-1.5008959,0.7867944,3
867257509264419,2024-03-07T17:42:08.638Z,gyroscope sensor uncalibrated,0.18387043,-1.2840388,0.75808376,0.18387043,-1.2840388,0.75808376,3
867257519264419,2024-03-07T17:42:08.648Z,gyroscope sensor uncalibrated,0.0983493,-0.91996306,0.6762278,0.0983493,-0.91996306,0.6762278,3
867257529264385,2024-03-07T17:42:08.658Z,gyroscope sensor uncalibrated,-0.015271631,-0.5149594,0.5198463,-0.015271631,-0.5149594,0.5198463,3
867257539264385,2024-03-07T17:42:08.668Z,gyroscope sensor uncalibrated,-0.17104226,-0.15943582,0.35918877,-0.17104226,-0.15943582,0.35918877,3
867257549265118,2024-03-07T17:42:08.678Z,gyroscope sensor uncalibrated,-0.3115413,0.11178834,0.24495697,-0.3115413,0.11178834,0.24495697,3
867257559265118,2024-03-07T17:42:08.688Z,gyroscope sensor uncalibrated,-0.36713,0.31581733,0.16615535,-0.36713,0.31581733,0.16615535,3
867257569265118,2024-03-07T17:42:08.698Z,gyroscope sensor uncalibrated,-0.35918877,0.45081854,0.084910266,-0.35918877,0.45081854,0.084910266,3
867257579265084,2024-03-07T17:42:08.708Z,gyroscope sensor uncalibrated,-0.37140608,0.55771995,-0.0030543262,-0.37140608,0.55771995,-0.0030543262,3
867257589265117,2024-03-07T17:42:08.718Z,gyroscope sensor uncalibrated,-0.49663344,0.6218608,-0.1563815,-0.49663344,0.6218608,-0.1563815,3
867257599265150,2024-03-07T17:42:08.728Z,gyroscope sensor uncalibrated,-0.6059783,0.63713247,-0.29443705,-0.6059783,0.63713247,-0.29443705,3
867257609265150,2024-03-07T17:42:08.737Z,gyroscope sensor uncalibrated,-0.689056,0.66828656,-0.44104472,-0.689056,0.66828656,-0.44104472,3
867257619265150,2024-03-07T17:42:08.748Z,gyroscope sensor uncalibrated,-0.7593055,0.5479461,-0.5491679,-0.7593055,0.5479461,-0.5491679,3
867257629265150,2024-03-07T17:42:08.758Z,gyroscope sensor uncalibrated,-0.77763146,0.2932153,-0.59131753,-0.77763146,0.2932153,-0.59131753,3
867257639265116,2024-03-07T17:42:08.768Z,gyroscope sensor uncalibrated,-0.7440339,-0.047647487,-0.5674938,-0.7440339,-0.047647487,-0.5674938,3
867257649265116,2024-03-07T17:42:08.778Z,gyroscope sensor uncalibrated,-0.6536258,-0.43004912,-0.5002986,-0.6536258,-0.43004912,-0.5002986,3
867257659265149,2024-03-07T17:42:08.788Z,gyroscope sensor uncalibrated,-0.50518554,-0.7867944,-0.40866885,-0.50518554,-0.7867944,-0.40866885,3
867257669265149,2024-03-07T17:42:08.798Z,gyroscope sensor uncalibrated,-0.3622431,-1.0262536,-0.32498032,-0.3622431,-1.0262536,-0.32498032,3
867257679265149,2024-03-07T17:42:08.808Z,gyroscope sensor uncalibrated,-0.29443705,-1.1081096,-0.2828306,-0.29443705,-1.1081096,-0.2828306,3
867257689265115,2024-03-07T17:42:08.818Z,gyroscope sensor uncalibrated,-0.2883284,-1.0183123,-0.29016098,-0.2883284,-1.0183123,-0.29016098,3
867257699265148,2024-03-07T17:42:08.828Z,gyroscope sensor uncalibrated,-0.32620203,-0.8576548,-0.3371976,-0.32620203,-0.8576548,-0.3371976,3
867257709265181,2024-03-07T17:42:08.837Z,gyroscope sensor uncalibrated,-0.3707952,-0.7079928,-0.41233405,-0.3707952,-0.7079928,-0.41233405,3
867257719265181,2024-03-07T17:42:08.848Z,gyroscope sensor uncalibrated,-0.3830125,-0.56138515,-0.49235737,-0.3830125,-0.56138515,-0.49235737,3
867257729265181,2024-03-07T17:42:08.858Z,gyroscope sensor uncalibrated,-0.31642818,-0.36713,-0.54000485,-0.31642818,-0.36713,-0.54000485,3
867257739265147,2024-03-07T17:42:08.868Z,gyroscope sensor uncalibrated,-0.27550024,-0.1563815,-0.5467244,-0.27550024,-0.1563815,-0.5467244,3
867257749265180,2024-03-07T17:42:08.878Z,gyroscope sensor uncalibrated,-0.25289822,0.004886922,-0.52106804,-0.25289822,0.004886922,-0.52106804,3
867257759265180,2024-03-07T17:42:08.888Z,gyroscope sensor uncalibrated,-0.1863139,0.11362094,-0.48624873,-0.1863139,0.11362094,-0.48624873,3
867257769265180,2024-03-07T17:42:08.898Z,gyroscope sensor uncalibrated,-0.100792766,0.20463985,-0.43493605,-0.100792766,0.20463985,-0.43493605,3
867257779265180,2024-03-07T17:42:08.908Z,gyroscope sensor uncalibrated,-0.04520403,0.28405234,-0.3585779,-0.04520403,0.28405234,-0.3585779,3
867257789265180,2024-03-07T17:42:08.918Z,gyroscope sensor uncalibrated,-0.0036651916,0.35246924,-0.26145032,-0.0036651916,0.35246924,-0.26145032,3
867257799265146,2024-03-07T17:42:08.928Z,gyroscope sensor uncalibrated,0.045814894,0.40194935,-0.15577064,0.045814894,0.40194935,-0.15577064,3
867257809265179,2024-03-07T17:42:08.938Z,gyroscope sensor uncalibrated,0.14538592,0.4538729,0.009773844,0.14538592,0.4538729,0.009773844,3
867257819265212,2024-03-07T17:42:08.948Z,gyroscope sensor uncalibrated,0.19547687,0.47036624,0.1001819,0.19547687,0.47036624,0.1001819,3
867257829265212,2024-03-07T17:42:08.958Z,gyroscope sensor uncalibrated,0.22418754,0.46303585,0.16432275,0.22418754,0.46303585,0.16432275,3
867257839265178,2024-03-07T17:42:08.968Z,gyroscope sensor uncalibrated,0.23762658,0.42332962,0.2003638,0.23762658,0.42332962,0.2003638,3
867257849265144,2024-03-07T17:42:08.978Z,gyroscope sensor uncalibrated,0.22296582,0.35430184,0.21868975,0.22296582,0.35430184,0.21868975,3
867257859265177,2024-03-07T17:42:08.988Z,gyroscope sensor uncalibrated,0.19120082,0.28710666,0.22113322,0.19120082,0.28710666,0.22113322,3
867257869265177,2024-03-07T17:42:08.998Z,gyroscope sensor uncalibrated,0.1740966,0.24007004,0.20952678,0.1740966,0.24007004,0.20952678,3
867257879265177,2024-03-07T17:42:09.008Z,gyroscope sensor uncalibrated,0.17715092,0.22296582,0.1881465,0.17715092,0.22296582,0.1881465,3
867257889265143,2024-03-07T17:42:09.018Z,gyroscope sensor uncalibrated,0.20158553,0.25778514,0.14477506,0.20158553,0.25778514,0.14477506,3
867257899265143,2024-03-07T17:42:09.028Z,gyroscope sensor uncalibrated,0.24129178,0.3304781,0.07941248,0.24129178,0.3304781,0.07941248,3
867257909265176,2024-03-07T17:42:09.038Z,gyroscope sensor uncalibrated,0.26816985,0.36896262,0.012217305,0.26816985,0.36896262,0.012217305,3
867257919265176,2024-03-07T17:42:09.048Z,gyroscope sensor uncalibrated,0.267559,0.3378085,-0.032986723,0.267559,0.3378085,-0.032986723,3
867257929265176,2024-03-07T17:42:09.058Z,gyroscope sensor uncalibrated,0.24740042,0.22052236,-0.064751714,0.24740042,0.22052236,-0.064751714,3
867257939298509,2024-03-07T17:42:09.068Z,gyroscope sensor uncalibrated,0.20830505,0.039095376,-0.09590584,0.20830505,0.039095376,-0.09590584,3
867257949331809,2024-03-07T17:42:09.078Z,gyroscope sensor uncalibrated,0.16432275,-0.11911872,-0.15088372,0.16432275,-0.11911872,-0.15088372,3
867257959365109,2024-03-07T17:42:09.088Z,gyroscope sensor uncalibrated,0.12583824,-0.18325958,-0.24617869,0.12583824,-0.18325958,-0.24617869,3
867257969398475,2024-03-07T17:42:09.098Z,gyroscope sensor uncalibrated,0.030543262,-0.19608775,-0.45448375,0.030543262,-0.19608775,-0.45448375,3
867257979431808,2024-03-07T17:42:09.108Z,gyroscope sensor uncalibrated,-0.06047566,-0.27366763,-0.57910025,-0.06047566,-0.27366763,-0.57910025,3
867257989465141,2024-03-07T17:42:09.118Z,gyroscope sensor uncalibrated,-0.12950343,-0.3744604,-0.63591075,-0.12950343,-0.3744604,-0.63591075,3
867257999498441,2024-03-07T17:42:09.128Z,gyroscope sensor uncalibrated,-0.12217305,-0.4538729,-0.6188065,-0.12217305,-0.4538729,-0.6188065,3
867258009531774,2024-03-07T17:42:09.138Z,gyroscope sensor uncalibrated,-0.04520403,-0.516792,-0.5558874,-0.04520403,-0.516792,-0.5558874,3
867258019565140,2024-03-07T17:42:09.147Z,gyroscope sensor uncalibrated,0.065973446,-0.5009095,-0.4813618,0.065973446,-0.5009095,-0.4813618,3
867258029598473,2024-03-07T17:42:09.158Z,gyroscope sensor uncalibrated,0.20097467,-0.45204028,-0.38912117,0.20097467,-0.45204028,-0.38912117,3
867258039631806,2024-03-07T17:42:09.168Z,gyroscope sensor uncalibrated,0.36102137,-0.45265114,-0.2968805,0.36102137,-0.45265114,-0.2968805,3
867258049664406,2024-03-07T17:42:09.177Z,gyroscope sensor uncalibrated,0.48441613,-0.43004912,-0.21319197,0.48441613,-0.43004912,-0.21319197,3
867258059696839,2024-03-07T17:42:09.188Z,gyroscope sensor uncalibrated,0.48991394,-0.3145956,-0.1685988,0.48991394,-0.3145956,-0.1685988,3
867258069730072,2024-03-07T17:42:09.198Z,gyroscope sensor uncalibrated,0.3848451,-0.08246681,-0.19181168,0.3848451,-0.08246681,-0.19181168,3
867258079763405,2024-03-07T17:42:09.208Z,gyroscope sensor uncalibrated,0.21563543,0.21074851,-0.25900686,0.21563543,0.21074851,-0.25900686,3
867258089796305,2024-03-07T17:42:09.218Z,gyroscope sensor uncalibrated,0.0842994,0.44776422,-0.3231477,0.0842994,0.44776422,-0.3231477,3
867258099829638,2024-03-07T17:42:09.228Z,gyroscope sensor uncalibrated,0.04337143,0.571159,-0.34574974,0.04337143,0.571159,-0.34574974,3
867258109862938,2024-03-07T17:42:09.238Z,gyroscope sensor uncalibrated,0.08124508,0.6151413,-0.30115658,0.08124508,0.6151413,-0.30115658,3
867258119896271,2024-03-07T17:42:09.248Z,gyroscope sensor uncalibrated,0.15393804,0.5833763,-0.18936823,0.15393804,0.5833763,-0.18936823,3
867258129929637,2024-03-07T17:42:09.258Z,gyroscope sensor uncalibrated,0.24373524,0.49480084,-0.0421497,0.24373524,0.49480084,-0.0421497,3
867258139962970,2024-03-07T17:42:09.268Z,gyroscope sensor uncalibrated,0.32070425,0.4147775,0.0842994,0.32070425,0.4147775,0.0842994,3
867258149996303,2024-03-07T17:42:09.278Z,gyroscope sensor uncalibrated,0.33353242,0.3268129,0.18020524,0.33353242,0.3268129,0.18020524,3
867258160029603,2024-03-07T17:42:09.289Z,gyroscope sensor uncalibrated,0.2657264,0.17959438,0.23701571,0.2657264,0.17959438,0.23701571,3
867258170062969,2024-03-07T17:42:09.299Z,gyroscope sensor uncalibrated,0.16249016,-0.019547688,0.22602014,0.16249016,-0.019547688,0.22602014,3
867258180096235,2024-03-07T17:42:09.309Z,gyroscope sensor uncalibrated,-0.059253927,-0.3023783,0.15149458,-0.059253927,-0.3023783,0.15149458,3
867258190129568,2024-03-07T17:42:09.319Z,gyroscope sensor uncalibrated,-0.22785273,-0.42332962,-0.017715093,-0.22785273,-0.42332962,-0.017715093,3
867258200162868,2024-03-07T17:42:09.329Z,gyroscope sensor uncalibrated,-0.3231477,-0.45631635,-0.112399206,-0.3231477,-0.45631635,-0.112399206,3
867258210196168,2024-03-07T17:42:09.338Z,gyroscope sensor uncalibrated,-0.37018433,-0.42332962,-0.16493362,-0.37018433,-0.42332962,-0.16493362,3
867258220229534,2024-03-07T17:42:09.349Z,gyroscope sensor uncalibrated,-0.37995818,-0.36163223,-0.17531833,-0.37995818,-0.36163223,-0.17531833,3
867258230262867,2024-03-07T17:42:09.358Z,gyroscope sensor uncalibrated,-0.2919936,-0.31887165,-0.17104226,-0.2919936,-0.31887165,-0.17104226,3
867258240262867,2024-03-07T17:42:09.369Z,gyroscope sensor uncalibrated,-0.122783914,-0.25595254,-0.13439035,-0.122783914,-0.25595254,-0.13439035,3
867258250262867,2024-03-07T17:42:09.379Z,gyroscope sensor uncalibrated,0.05375614,-0.1001819,-0.03176499,0.05375614,-0.1001819,-0.03176499,3
867258260262867,2024-03-07T17:42:09.389Z,gyroscope sensor uncalibrated,0.07574729,0.10934488,0.09896017,0.07574729,0.10934488,0.09896017,3
867258270262833,2024-03-07T17:42:09.399Z,gyroscope sensor uncalibrated,0.065973446,0.30115658,0.20341812,0.065973446,0.30115658,0.20341812,3
867258280262866,2024-03-07T17:42:09.409Z,gyroscope sensor uncalibrated,0.08002335,0.4269948,0.24495697,0.08002335,0.4269948,0.24495697,3
867258290262866,2024-03-07T17:42:09.419Z,gyroscope sensor uncalibrated,0.0421497,0.5027421,0.24740042,0.0421497,0.5027421,0.24740042,3
867258300262866,2024-03-07T17:42:09.429Z,gyroscope sensor uncalibrated,-0.03848451,0.5516113,0.22602014,-0.03848451,0.5516113,0.22602014,3
867258310262832,2024-03-07T17:42:09.439Z,gyroscope sensor uncalibrated,-0.092240654,0.593761,0.17348573,-0.092240654,0.593761,0.17348573,3
867258320262798,2024-03-07T17:42:09.449Z,gyroscope sensor uncalibrated,-0.119729586,0.6243043,0.1142318,-0.119729586,0.6243043,0.1142318,3
867258330262831,2024-03-07T17:42:09.459Z,gyroscope sensor uncalibrated,-0.14049901,0.62125,0.06780604,-0.14049901,0.62125,0.06780604,3
867258340262831,2024-03-07T17:42:09.469Z,gyroscope sensor uncalibrated,-0.16982053,0.56199604,0.045814894,-0.16982053,0.56199604,0.045814894,3
867258350263531,2024-03-07T17:42:09.479Z,gyroscope sensor uncalibrated,-0.22357668,0.47158796,0.03848451,-0.22357668,0.47158796,0.03848451,3
867258360264431,2024-03-07T17:42:09.489Z,gyroscope sensor uncalibrated,-0.29260445,0.38240165,0.015882496,-0.29260445,0.38240165,0.015882496,3
867258370264564,2024-03-07T17:42:09.499Z,gyroscope sensor uncalibrated,-0.3481932,0.3115413,-0.028099801,-0.3481932,0.3115413,-0.028099801,3
867258380264597,2024-03-07T17:42:09.509Z,gyroscope sensor uncalibrated,-0.37201694,0.2565634,-0.081855945,-0.37201694,0.2565634,-0.081855945,3
867258390265030,2024-03-07T17:42:09.519Z,gyroscope sensor uncalibrated,-0.3848451,0.20891592,-0.12705997,-0.3848451,0.20891592,-0.12705997,3
867258400265030,2024-03-07T17:42:09.529Z,gyroscope sensor uncalibrated,-0.41233405,0.12339478,-0.1441642,-0.41233405,0.12339478,-0.1441642,3
867258410265030,2024-03-07T17:42:09.539Z,gyroscope sensor uncalibrated,-0.40866885,0.06291912,-0.115453534,-0.40866885,0.06291912,-0.115453534,3
867258420264996,2024-03-07T17:42:09.549Z,gyroscope sensor uncalibrated,-0.3726278,0.021991149,-0.040927973,-0.3726278,0.021991149,-0.040927973,3
867258430264996,2024-03-07T17:42:09.559Z,gyroscope sensor uncalibrated,-0.3323107,0.016493361,0.05681047,-0.3323107,0.016493361,0.05681047,3
867258440265029,2024-03-07T17:42:09.569Z,gyroscope sensor uncalibrated,-0.28344148,0.05497787,0.1459968,-0.28344148,0.05497787,0.1459968,3
867258450265029,2024-03-07T17:42:09.579Z,gyroscope sensor uncalibrated,-0.226631,0.0983493,0.19975294,-0.226631,0.0983493,0.19975294,3
867258460265029,2024-03-07T17:42:09.589Z,gyroscope sensor uncalibrated,-0.18020524,0.09407325,0.24007004,-0.18020524,0.09407325,0.24007004,3
867258470264995,2024-03-07T17:42:09.599Z,gyroscope sensor uncalibrated,-0.12644911,0.048258353,0.2950479,-0.12644911,0.048258353,0.2950479,3
867258480265095,2024-03-07T17:42:09.609Z,gyroscope sensor uncalibrated,-0.050701816,-0.009162978,0.38606682,-0.050701816,-0.009162978,0.38606682,3
867258490265128,2024-03-07T17:42:09.619Z,gyroscope sensor uncalibrated,0.02443461,-0.09040806,0.4972443,0.02443461,-0.09040806,0.4972443,3
867258500265128,2024-03-07T17:42:09.629Z,gyroscope sensor uncalibrated,0.095294975,-0.2565634,0.59559363,0.095294975,-0.2565634,0.59559363,3
867258510265128,2024-03-07T17:42:09.639Z,gyroscope sensor uncalibrated,0.16371189,-0.49541172,0.6872234,0.16371189,-0.49541172,0.6872234,3
867258520265094,2024-03-07T17:42:09.649Z,gyroscope sensor uncalibrated,0.21319197,-0.70738196,0.7678576,0.21319197,-0.70738196,0.7678576,3
867258530265127,2024-03-07T17:42:09.658Z,gyroscope sensor uncalibrated,0.26145032,-0.8374963,0.8045095,0.26145032,-0.8374963,0.8045095,3
867258540265127,2024-03-07T17:42:09.668Z,gyroscope sensor uncalibrated,0.312763,-0.8564331,0.806953,0.312763,-0.8564331,0.806953,3
867258550265127,2024-03-07T17:42:09.679Z,gyroscope sensor uncalibrated,0.35124752,-0.7507534,0.81306165,0.35124752,-0.7507534,0.81306165,3
867258560265127,2024-03-07T17:42:09.689Z,gyroscope sensor uncalibrated,0.3359759,-0.56321776,0.820392,0.3359759,-0.56321776,0.820392,3
867258570265127,2024-03-07T17:42:09.698Z,gyroscope sensor uncalibrated,0.2565634,-0.37507126,0.7959574,0.2565634,-0.37507126,0.7959574,3
867258580265093,2024-03-07T17:42:09.709Z,gyroscope sensor uncalibrated,0.16432275,-0.2779437,0.7104363,0.16432275,-0.2779437,0.7104363,3
867258590265126,2024-03-07T17:42:09.719Z,gyroscope sensor uncalibrated,0.06780604,-0.20647246,0.6188065,0.06780604,-0.20647246,0.6188065,3
867258600265159,2024-03-07T17:42:09.729Z,gyroscope sensor uncalibrated,-0.02565634,-0.1563815,0.51923543,-0.02565634,-0.1563815,0.51923543,3
867258610265159,2024-03-07T17:42:09.739Z,gyroscope sensor uncalibrated,-0.17470746,-0.12522738,0.2779437,-0.17470746,-0.12522738,0.2779437,3
867258620265159,2024-03-07T17:42:09.749Z,gyroscope sensor uncalibrated,-0.33414328,-0.10140363,0.070249505,-0.33414328,-0.10140363,0.070249505,3
867258630265125,2024-03-07T17:42:09.758Z,gyroscope sensor uncalibrated,-0.5112942,-0.050701816,-0.13622294,-0.5112942,-0.050701816,-0.13622294,3
867258640265158,2024-03-07T17:42:09.769Z,gyroscope sensor uncalibrated,-0.6420194,0.03176499,-0.31581733,-0.6420194,0.03176499,-0.31581733,3
867258650265158,2024-03-07T17:42:09.779Z,gyroscope sensor uncalibrated,-0.7104363,0.0983493,-0.43799037,-0.7104363,0.0983493,-0.43799037,3
867258660265158,2024-03-07T17:42:09.789Z,gyroscope sensor uncalibrated,-0.73792523,0.16371189,-0.48197266,-0.73792523,0.16371189,-0.48197266,3
867258670265124,2024-03-07T17:42:09.799Z,gyroscope sensor uncalibrated,-0.7122689,0.24617869,-0.47036624,-0.7122689,0.24617869,-0.47036624,3
867258680265124,2024-03-07T17:42:09.809Z,gyroscope sensor uncalibrated,-0.6291912,0.25411993,-0.43310347,-0.6291912,0.25411993,-0.43310347,3
867258690265157,2024-03-07T17:42:09.819Z,gyroscope sensor uncalibrated,-0.54061574,0.14782938,-0.37568212,-0.54061574,0.14782938,-0.37568212,3
867258700265157,2024-03-07T17:42:09.829Z,gyroscope sensor uncalibrated,-0.46731192,-0.03359759,-0.30176744,-0.46731192,-0.03359759,-0.30176744,3
867258710265157,2024-03-07T17:42:09.839Z,gyroscope sensor uncalibrated,-0.3726278,-0.21319197,-0.24190263,-0.3726278,-0.21319197,-0.24190263,3
867258720265157,2024-03-07T17:42:09.849Z,gyroscope sensor uncalibrated,-0.26145032,-0.3145956,-0.18753563,-0.26145032,-0.3145956,-0.18753563,3
867258730265223,2024-03-07T17:42:09.859Z,gyroscope sensor uncalibrated,-0.20891592,-0.34269542,-0.14660765,-0.20891592,-0.34269542,-0.14660765,3
867258740265189,2024-03-07T17:42:09.869Z,gyroscope sensor uncalibrated,-0.25900686,-0.3555236,-0.15210545,-0.25900686,-0.3555236,-0.15210545,3
867258750265222,2024-03-07T17:42:09.879Z,gyroscope sensor uncalibrated,-0.35796702,-0.34391713,-0.22296582,-0.35796702,-0.34391713,-0.22296582,3
867258760265222,2024-03-07T17:42:09.889Z,gyroscope sensor uncalibrated,-0.46181414,-0.30482176,-0.31887165,-0.46181414,-0.30482176,-0.31887165,3
867258770265222,2024-03-07T17:42:09.899Z,gyroscope sensor uncalibrated,-0.5222898,-0.24984388,-0.40378192,-0.5222898,-0.24984388,-0.40378192,3
867258780265188,2024-03-07T17:42:09.909Z,gyroscope sensor uncalibrated,-0.51068336,-0.1777618,-0.45570546,-0.51068336,-0.1777618,-0.45570546,3
867258790265188,2024-03-07T17:42:09.919Z,gyroscope sensor uncalibrated,-0.43249258,-0.14294247,-0.47342056,-0.43249258,-0.14294247,-0.47342056,3
867258800265221,2024-03-07T17:42:09.929Z,gyroscope sensor uncalibrated,-0.31581733,-0.16982053,-0.462425,-0.31581733,-0.16982053,-0.462425,3
867258810265221,2024-03-07T17:42:09.939Z,gyroscope sensor uncalibrated,-0.20341812,-0.21868975,-0.43982297,-0.20341812,-0.21868975,-0.43982297,3
867258820265221,2024-03-07T17:42:09.949Z,gyroscope sensor uncalibrated,-0.10262536,-0.22724187,-0.398895,-0.10262536,-0.22724187,-0.398895,3
867258830265187,2024-03-07T17:42:09.959Z,gyroscope sensor uncalibrated,-0.08857546,-0.1685988,-0.37568212,-0.08857546,-0.1685988,-0.37568212,3
867258840265220,2024-03-07T17:42:09.969Z,gyroscope sensor uncalibrated,-0.0842994,-0.080634214,-0.36285394,-0.0842994,-0.080634214,-0.36285394,3
867258850265253,2024-03-07T17:42:09.979Z,gyroscope sensor uncalibrated,-0.07819075,0.019547688,-0.35185838,-0.07819075,0.019547688,-0.35185838,3
867258860265253,2024-03-07T17:42:09.989Z,gyroscope sensor uncalibrated,-0.07086037,0.13316862,-0.32498032,-0.07086037,0.13316862,-0.32498032,3
867258870265253,2024-03-07T17:42:09.999Z,gyroscope sensor uncalibrated,-0.03176499,0.26450464,-0.24923302,-0.03176499,0.26450464,-0.24923302,3
867258880265253,2024-03-07T17:42:10.009Z,gyroscope sensor uncalibrated,0.015271631,0.38423425,-0.15088372,0.015271631,0.38423425,-0.15088372,3
867258890265219,2024-03-07T17:42:10.019Z,gyroscope sensor uncalibrated,0.07941248,0.47952923,-0.036651913,0.07941248,0.47952923,-0.036651913,3
867258900265219,2024-03-07T17:42:10.029Z,gyroscope sensor uncalibrated,0.16249016,0.5357288,0.07391469,0.16249016,0.5357288,0.07391469,3
867258910265252,2024-03-07T17:42:10.039Z,gyroscope sensor uncalibrated,0.24678956,0.5510005,0.15332718,0.24678956,0.5510005,0.15332718,3
867258920265252,2024-03-07T17:42:10.049Z,gyroscope sensor uncalibrated,0.29565877,0.5534439,0.22235495,0.29565877,0.5534439,0.22235495,3
867258930265252,2024-03-07T17:42:10.059Z,gyroscope sensor uncalibrated,0.33964106,0.54061574,0.29260445,0.33964106,0.54061574,0.29260445,3
867258940265218,2024-03-07T17:42:10.068Z,gyroscope sensor uncalibrated,0.39522982,0.54305923,0.33841935,0.39522982,0.54305923,0.33841935,3
867258950265251,2024-03-07T17:42:10.079Z,gyroscope sensor uncalibrated,0.44837508,0.57910025,0.3494149,0.44837508,0.57910025,0.3494149,3
867258960265284,2024-03-07T17:42:10.089Z,gyroscope sensor uncalibrated,0.49968776,0.64751714,0.30970868,0.49968776,0.64751714,0.30970868,3
867258970265284,2024-03-07T17:42:10.099Z,gyroscope sensor uncalibrated,0.52473325,0.6291912,0.2144137,0.52473325,0.6291912,0.2144137,3
867258980265250,2024-03-07T17:42:10.109Z,gyroscope sensor uncalibrated,0.46486846,0.44165558,0.10934488,0.46486846,0.44165558,0.10934488,3
867258990265216,2024-03-07T17:42:10.119Z,gyroscope sensor uncalibrated,0.32742378,0.16065755,0.012217305,0.32742378,0.16065755,0.012217305,3
867259000265249,2024-03-07T17:42:10.129Z,gyroscope sensor uncalibrated,0.15027285,-0.14782938,-0.09040806,0.15027285,-0.14782938,-0.09040806,3
867259010265249,2024-03-07T17:42:10.139Z,gyroscope sensor uncalibrated,-0.01038471,-0.36102137,-0.23273966,-0.01038471,-0.36102137,-0.23273966,3
867259020265249,2024-03-07T17:42:10.149Z,gyroscope sensor uncalibrated,-0.12583824,-0.43676865,-0.4147775,-0.12583824,-0.43676865,-0.4147775,3
867259030265149,2024-03-07T17:42:10.159Z,gyroscope sensor uncalibrated,-0.24984388,-0.4166101,-0.6792821,-0.24984388,-0.4166101,-0.6792821,3
867259040265149,2024-03-07T17:42:10.168Z,gyroscope sensor uncalibrated,-0.31642818,-0.4111123,-0.7733554,-0.31642818,-0.4111123,-0.7733554,3
867259050264415,2024-03-07T17:42:10.179Z,gyroscope sensor uncalibrated,-0.31337386,-0.4202753,-0.7666359,-0.31337386,-0.4202753,-0.7666359,3
867259060264048,2024-03-07T17:42:10.189Z,gyroscope sensor uncalibrated,-0.2284636,-0.44043383,-0.6743952,-0.2284636,-0.44043383,-0.6743952,3
867259070264081,2024-03-07T17:42:10.199Z,gyroscope sensor uncalibrated,-0.099571034,-0.4196644,-0.5345071,-0.099571034,-0.4196644,-0.5345071,3
867259080264081,2024-03-07T17:42:10.209Z,gyroscope sensor uncalibrated,0.05009095,-0.3286455,-0.39522982,0.05009095,-0.3286455,-0.39522982,3
867259090264047,2024-03-07T17:42:10.219Z,gyroscope sensor uncalibrated,0.18570304,-0.18997909,-0.32375857,0.18570304,-0.18997909,-0.32375857,3
867259100264013,2024-03-07T17:42:10.229Z,gyroscope sensor uncalibrated,0.28160888,-0.14294247,-0.25900686,0.28160888,-0.14294247,-0.25900686,3
867259110264046,2024-03-07T17:42:10.239Z,gyroscope sensor uncalibrated,0.34391713,-0.1600467,-0.1685988,0.34391713,-0.1600467,-0.1685988,3
867259120264146,2024-03-07T17:42:10.249Z,gyroscope sensor uncalibrated,0.35735616,-0.14049901,-0.049480084,0.35735616,-0.14049901,-0.049480084,3
867259130264146,2024-03-07T17:42:10.259Z,gyroscope sensor uncalibrated,0.321926,-0.02687807,0.0036651916,0.321926,-0.02687807,0.0036651916,3
867259140264112,2024-03-07T17:42:10.269Z,gyroscope sensor uncalibrated,0.21319197,0.16737708,-0.106901415,0.21319197,0.16737708,-0.106901415,3
867259150264112,2024-03-07T17:42:10.279Z,gyroscope sensor uncalibrated,0.07086037,0.3023783,-0.2565634,0.07086037,0.3023783,-0.2565634,3
867259160264145,2024-03-07T17:42:10.289Z,gyroscope sensor uncalibrated,0.008552114,0.29016098,-0.27488935,0.008552114,0.29016098,-0.27488935,3
867259170264145,2024-03-07T17:42:10.299Z,gyroscope sensor uncalibrated,0.09162979,0.17898351,-0.20586158,0.09162979,0.17898351,-0.20586158,3
867259180264145,2024-03-07T17:42:10.309Z,gyroscope sensor uncalibrated,0.26450464,0.050701816,-0.04520403,0.26450464,0.050701816,-0.04520403,3
867259190264145,2024-03-07T17:42:10.319Z,gyroscope sensor uncalibrated,0.4098906,-0.062308256,0.1685988,0.4098906,-0.062308256,0.1685988,3
867259200264111,2024-03-07T17:42:10.329Z,gyroscope sensor uncalibrated,0.49663344,-0.1020145,0.34513888,0.49663344,-0.1020145,0.34513888,3
867259210264077,2024-03-07T17:42:10.339Z,gyroscope sensor uncalibrated,0.5002986,-0.08735373,0.45020768,0.5002986,-0.08735373,0.45020768,3
867259220264110,2024-03-07T17:42:10.349Z,gyroscope sensor uncalibrated,0.40622538,-0.08857546,0.49174652,0.40622538,-0.08857546,0.49174652,3
867259230264110,2024-03-07T17:42:10.359Z,gyroscope sensor uncalibrated,0.27366763,-0.122783914,0.46731192,0.27366763,-0.122783914,0.46731192,3
867259240263410,2024-03-07T17:42:10.369Z,gyroscope sensor uncalibrated,0.07574729,-0.22235495,0.3640757,0.07574729,-0.22235495,0.3640757,3
867259250263376,2024-03-07T17:42:10.379Z,gyroscope sensor uncalibrated,-0.09468412,-0.26267207,0.25167647,-0.09468412,-0.26267207,0.25167647,3
867259260263376,2024-03-07T17:42:10.389Z,gyroscope sensor uncalibrated,-0.26450464,-0.2919936,0.105068825,-0.26450464,-0.2919936,0.105068825,3
867259270263409,2024-03-07T17:42:10.399Z,gyroscope sensor uncalibrated,-0.36896262,-0.30909783,-0.049480084,-0.36896262,-0.30909783,-0.049480084,3
867259280263409,2024-03-07T17:42:10.409Z,gyroscope sensor uncalibrated,-0.39095375,-0.29443705,-0.16187929,-0.39095375,-0.29443705,-0.16187929,3
867259290263409,2024-03-07T17:42:10.419Z,gyroscope sensor uncalibrated,-0.32253686,-0.25289822,-0.22907446,-0.32253686,-0.25289822,-0.22907446,3
867259300263375,2024-03-07T17:42:10.428Z,gyroscope sensor uncalibrated,-0.19853121,-0.19364429,-0.23335053,-0.19853121,-0.19364429,-0.23335053,3
867259310263408,2024-03-07T17:42:10.439Z,gyroscope sensor uncalibrated,-0.018936822,-0.16554448,-0.1740966,-0.018936822,-0.16554448,-0.1740966,3
867259320263441,2024-03-07T17:42:10.449Z,gyroscope sensor uncalibrated,0.17898351,-0.081855945,-0.02076942,0.17898351,-0.081855945,-0.02076942,3
867259330263441,2024-03-07T17:42:10.459Z,gyroscope sensor uncalibrated,0.21197024,0.008552114,0.16432275,0.21197024,0.008552114,0.16432275,3
867259340263441,2024-03-07T17:42:10.469Z,gyroscope sensor uncalibrated,0.19914207,0.12034045,0.30970868,0.19914207,0.12034045,0.30970868,3
867259350264141,2024-03-07T17:42:10.479Z,gyroscope sensor uncalibrated,0.20586158,0.24617869,0.37690386,0.20586158,0.24617869,0.37690386,3
867259360264507,2024-03-07T17:42:10.489Z,gyroscope sensor uncalibrated,0.18936823,0.3885103,0.4007276,0.18936823,0.3885103,0.4007276,3
867259370264507,2024-03-07T17:42:10.498Z,gyroscope sensor uncalibrated,0.15882497,0.5222898,0.3921755,0.15882497,0.5222898,0.3921755,3
867259380264540,2024-03-07T17:42:10.509Z,gyroscope sensor uncalibrated,0.15332718,0.64751714,0.36285394,0.15332718,0.64751714,0.36285394,3
867259390264540,2024-03-07T17:42:10.519Z,gyroscope sensor uncalibrated,0.1441642,0.7440339,0.31948254,0.1441642,0.7440339,0.31948254,3
867259400264540,2024-03-07T17:42:10.529Z,gyroscope sensor uncalibrated,0.12889257,0.79229224,0.26389378,0.12889257,0.79229224,0.26389378,3
867259410264506,2024-03-07T17:42:10.539Z,gyroscope sensor uncalibrated,0.0842994,0.77640975,0.1704314,0.0842994,0.77640975,0.1704314,3
867259420264439,2024-03-07T17:42:10.549Z,gyroscope sensor uncalibrated,-0.005497787,0.7147123,0.058643065,-0.005497787,0.7147123,0.058643065,3
867259430264439,2024-03-07T17:42:10.559Z,gyroscope sensor uncalibrated,-0.14844026,0.6273586,-0.065973446,-0.14844026,0.6273586,-0.065973446,3
867259440264439,2024-03-07T17:42:10.569Z,gyroscope sensor uncalibrated,-0.31398472,0.5009095,-0.21563543,-0.31398472,0.5009095,-0.21563543,3
867259450264405,2024-03-07T17:42:10.579Z,gyroscope sensor uncalibrated,-0.61086524,0.2510656,-0.40011674,-0.61086524,0.2510656,-0.40011674,3
867259460264371,2024-03-07T17:42:10.589Z,gyroscope sensor uncalibrated,-0.8038987,0.0720821,-0.46975538,-0.8038987,0.0720821,-0.46975538,3
867259470264404,2024-03-07T17:42:10.599Z,gyroscope sensor uncalibrated,-0.93034774,-0.061086524,-0.51251596,-0.93034774,-0.061086524,-0.51251596,3
867259480264404,2024-03-07T17:42:10.609Z,gyroscope sensor uncalibrated,-0.96577793,-0.12950343,-0.5204572,-0.96577793,-0.12950343,-0.5204572,3
867259490264404,2024-03-07T17:42:10.618Z,gyroscope sensor uncalibrated,-0.93034774,-0.1459968,-0.47769663,-0.93034774,-0.1459968,-0.47769663,3
867259500264404,2024-03-07T17:42:10.629Z,gyroscope sensor uncalibrated,-0.86315256,-0.14966199,-0.3915646,-0.86315256,-0.14966199,-0.3915646,3
867259510264404,2024-03-07T17:42:10.639Z,gyroscope sensor uncalibrated,-0.77457714,-0.16249016,-0.27000242,-0.77457714,-0.16249016,-0.27000242,3
867259520264370,2024-03-07T17:42:10.649Z,gyroscope sensor uncalibrated,-0.6072,-0.15699236,-0.124005646,-0.6072,-0.15699236,-0.124005646,3
867259530264403,2024-03-07T17:42:10.659Z,gyroscope sensor uncalibrated,-0.34330627,-0.11362094,0.05497787,-0.34330627,-0.11362094,0.05497787,3
867259540265103,2024-03-07T17:42:10.669Z,gyroscope sensor uncalibrated,0.005497787,-0.06719518,0.28527406,0.005497787,-0.06719518,0.28527406,3
867259550265103,2024-03-07T17:42:10.679Z,gyroscope sensor uncalibrated,0.20463985,-0.12889257,0.51923543,0.20463985,-0.12889257,0.51923543,3
867259560265069,2024-03-07T17:42:10.689Z,gyroscope sensor uncalibrated,0.2883284,-0.27855456,0.6921103,0.2883284,-0.27855456,0.6921103,3
867259570265035,2024-03-07T17:42:10.699Z,gyroscope sensor uncalibrated,0.37690386,-0.40378192,0.73975784,0.37690386,-0.40378192,0.73975784,3
867259580265068,2024-03-07T17:42:10.709Z,gyroscope sensor uncalibrated,0.47403142,-0.4654793,0.68294734,0.47403142,-0.4654793,0.68294734,3
867259590265068,2024-03-07T17:42:10.719Z,gyroscope sensor uncalibrated,0.50823987,-0.44226643,0.6059783,0.50823987,-0.44226643,0.6059783,3
867259600265068,2024-03-07T17:42:10.729Z,gyroscope sensor uncalibrated,0.4642576,-0.3659083,0.5674938,0.4642576,-0.3659083,0.5674938,3
867259610264734,2024-03-07T17:42:10.739Z,gyroscope sensor uncalibrated,0.37201694,-0.30787608,0.54733527,0.37201694,-0.30787608,0.54733527,3
867259620264734,2024-03-07T17:42:10.749Z,gyroscope sensor uncalibrated,0.28099802,-0.28344148,0.50823987,0.28099802,-0.28344148,0.50823987,3
867259630264767,2024-03-07T17:42:10.759Z,gyroscope sensor uncalibrated,0.20708331,-0.21502456,0.4801401,0.20708331,-0.21502456,0.4801401,3
867259640264767,2024-03-07T17:42:10.768Z,gyroscope sensor uncalibrated,0.18509217,-0.116675265,0.43982297,0.18509217,-0.116675265,0.43982297,3
867259650264767,2024-03-07T17:42:10.779Z,gyroscope sensor uncalibrated,0.16982053,0.018936822,0.39767328,0.16982053,0.018936822,0.39767328,3
867259660264767,2024-03-07T17:42:10.789Z,gyroscope sensor uncalibrated,0.0036651916,0.22479841,0.29871312,0.0036651916,0.22479841,0.29871312,3
867259670264733,2024-03-07T17:42:10.799Z,gyroscope sensor uncalibrated,-0.17287487,0.28588495,0.16737708,-0.17287487,0.28588495,0.16737708,3
867259680264733,2024-03-07T17:42:10.809Z,gyroscope sensor uncalibrated,-0.31031954,0.29260445,-0.025045475,-0.31031954,0.29260445,-0.025045475,3
867259690264766,2024-03-07T17:42:10.818Z,gyroscope sensor uncalibrated,-0.3885103,0.28893927,-0.23579398,-0.3885103,0.28893927,-0.23579398,3
867259700264766,2024-03-07T17:42:10.829Z,gyroscope sensor uncalibrated,-0.45204028,0.26816985,-0.39828414,-0.45204028,0.26816985,-0.39828414,3
867259710264766,2024-03-07T17:42:10.839Z,gyroscope sensor uncalibrated,-0.5161811,0.21380283,-0.47036624,-0.5161811,0.21380283,-0.47036624,3
867259720264732,2024-03-07T17:42:10.849Z,gyroscope sensor uncalibrated,-0.52534413,0.13744467,-0.47158796,-0.52534413,0.13744467,-0.47158796,3
867259730264765,2024-03-07T17:42:10.858Z,gyroscope sensor uncalibrated,-0.45753807,0.012217305,-0.43493605,-0.45753807,0.012217305,-0.43493605,3
867259740264798,2024-03-07T17:42:10.869Z,gyroscope sensor uncalibrated,-0.33536503,-0.17287487,-0.37140608,-0.33536503,-0.17287487,-0.37140608,3
867259750264798,2024-03-07T17:42:10.879Z,gyroscope sensor uncalibrated,-0.17531833,-0.3811799,-0.29138273,-0.17531833,-0.3811799,-0.29138273,3
867259760264798,2024-03-07T17:42:10.889Z,gyroscope sensor uncalibrated,-0.02443461,-0.54550266,-0.204029,-0.02443461,-0.54550266,-0.204029,3
867259770264764,2024-03-07T17:42:10.899Z,gyroscope sensor uncalibrated,0.065973446,-0.59864795,-0.13439035,0.065973446,-0.59864795,-0.13439035,3
867259780264797,2024-03-07T17:42:10.909Z,gyroscope sensor uncalibrated,0.04642576,-0.54000485,-0.10323623,0.04642576,-0.54000485,-0.10323623,3
867259790264797,2024-03-07T17:42:10.918Z,gyroscope sensor uncalibrated,-0.042760566,-0.44776422,-0.12461651,-0.042760566,-0.44776422,-0.12461651,3
867259800264797,2024-03-07T17:42:10.929Z,gyroscope sensor uncalibrated,-0.13255776,-0.34269542,-0.17531833,-0.13255776,-0.34269542,-0.17531833,3
867259810264797,2024-03-07T17:42:10.939Z,gyroscope sensor uncalibrated,-0.20525073,-0.21868975,-0.25778514,-0.20525073,-0.21868975,-0.25778514,3
867259820264797,2024-03-07T17:42:10.949Z,gyroscope sensor uncalibrated,-0.25595254,-0.07819075,-0.32498032,-0.25595254,-0.07819075,-0.32498032,3
867259830264763,2024-03-07T17:42:10.959Z,gyroscope sensor uncalibrated,-0.24801129,0.032986723,-0.36468655,-0.24801129,0.032986723,-0.36468655,3
867259840264796,2024-03-07T17:42:10.969Z,gyroscope sensor uncalibrated,-0.18936823,0.09285152,-0.36468655,-0.18936823,0.09285152,-0.36468655,3
867259850264829,2024-03-07T17:42:10.978Z,gyroscope sensor uncalibrated,-0.12522738,0.10995574,-0.3378085,-0.12522738,0.10995574,-0.3378085,3
867259860264829,2024-03-07T17:42:10.989Z,gyroscope sensor uncalibrated,-0.087964594,0.10934488,-0.31031954,-0.087964594,0.10934488,-0.31031954,3
867259870264829,2024-03-07T17:42:10.999Z,gyroscope sensor uncalibrated,-0.09590584,0.10629055,-0.31337386,-0.09590584,0.10629055,-0.31337386,3
867259880264795,2024-03-07T17:42:11.009Z,gyroscope sensor uncalibrated,-0.13072516,0.10140363,-0.3390302,-0.13072516,0.10140363,-0.3390302,3
867259890264828,2024-03-07T17:42:11.019Z,gyroscope sensor uncalibrated,-0.17165314,0.105068825,-0.36346483,-0.17165314,0.105068825,-0.36346483,3
867259900264828,2024-03-07T17:42:11.029Z,gyroscope sensor uncalibrated,-0.22602014,0.12217305,-0.35430184,-0.22602014,0.12217305,-0.35430184,3
867259910265128,2024-03-07T17:42:11.039Z,gyroscope sensor uncalibrated,-0.2565634,0.1301143,-0.3286455,-0.2565634,0.1301143,-0.3286455,3
867259920265094,2024-03-07T17:42:11.049Z,gyroscope sensor uncalibrated,-0.24678956,0.14355333,-0.27977628,-0.24678956,0.14355333,-0.27977628,3
867259930265094,2024-03-07T17:42:11.059Z,gyroscope sensor uncalibrated,-0.20280726,0.16187929,-0.19608775,-0.20280726,0.16187929,-0.19608775,3
867259940265127,2024-03-07T17:42:11.069Z,gyroscope sensor uncalibrated,-0.12217305,0.20219639,-0.076358154,-0.12217305,0.20219639,-0.076358154,3
867259950265127,2024-03-07T17:42:11.079Z,gyroscope sensor uncalibrated,-0.059864793,0.26206118,0.042760566,-0.059864793,0.26206118,0.042760566,3
867259960265127,2024-03-07T17:42:11.089Z,gyroscope sensor uncalibrated,-0.004886922,0.33658674,0.13316862,-0.004886922,0.33658674,0.13316862,3
867259970265127,2024-03-07T17:42:11.099Z,gyroscope sensor uncalibrated,0.03176499,0.4166101,0.17165314,0.03176499,0.4166101,0.17165314,3
867259980265093,2024-03-07T17:42:11.109Z,gyroscope sensor uncalibrated,0.03176499,0.48563787,0.19975294,0.03176499,0.48563787,0.19975294,3
867259990265059,2024-03-07T17:42:11.119Z,gyroscope sensor uncalibrated,0.03176499,0.5290093,0.22724187,0.03176499,0.5290093,0.22724187,3
867260000265092,2024-03-07T17:42:11.129Z,gyroscope sensor uncalibrated,0.06719518,0.5589417,0.24373524,0.06719518,0.5589417,0.24373524,3
867260010265092,2024-03-07T17:42:11.139Z,gyroscope sensor uncalibrated,0.12705997,0.59315014,0.23701571,0.12705997,0.59315014,0.23701571,3
867260020265092,2024-03-07T17:42:11.149Z,gyroscope sensor uncalibrated,0.19914207,0.6084218,0.17348573,0.19914207,0.6084218,0.17348573,3
867260030265058,2024-03-07T17:42:11.158Z,gyroscope sensor uncalibrated,0.23640485,0.52778757,0.058643065,0.23640485,0.52778757,0.058643065,3
867260040265058,2024-03-07T17:42:11.169Z,gyroscope sensor uncalibrated,0.2003638,0.344528,-0.07819075,0.2003638,0.344528,-0.07819075,3
867260050264158,2024-03-07T17:42:11.179Z,gyroscope sensor uncalibrated,0.081855945,0.16554448,-0.20769419,0.081855945,0.16554448,-0.20769419,3
867260060263391,2024-03-07T17:42:11.189Z,gyroscope sensor uncalibrated,-0.089186326,0.07452556,-0.32742378,-0.089186326,0.07452556,-0.32742378,3
867260070263391,2024-03-07T17:42:11.199Z,gyroscope sensor uncalibrated,-0.20525073,0.042760566,-0.44104472,-0.20525073,0.042760566,-0.44104472,3
867260080263357,2024-03-07T17:42:11.209Z,gyroscope sensor uncalibrated,-0.1740966,-0.014049901,-0.56077427,-0.1740966,-0.014049901,-0.56077427,3
867260090263390,2024-03-07T17:42:11.219Z,gyroscope sensor uncalibrated,-0.1020145,-0.15088372,-0.5681047,-0.1020145,-0.15088372,-0.5681047,3
867260100263423,2024-03-07T17:42:11.229Z,gyroscope sensor uncalibrated,-0.032375857,-0.3494149,-0.4709771,-0.032375857,-0.3494149,-0.4709771,3
867260110262723,2024-03-07T17:42:11.239Z,gyroscope sensor uncalibrated,0.06414085,-0.535118,-0.321926,0.06414085,-0.535118,-0.321926,3
867260120262723,2024-03-07T17:42:11.248Z,gyroscope sensor uncalibrated,0.18875736,-0.63713247,-0.20463985,0.18875736,-0.63713247,-0.20463985,3
867260130262723,2024-03-07T17:42:11.259Z,gyroscope sensor uncalibrated,0.2968805,-0.68477994,-0.15577064,0.2968805,-0.68477994,-0.15577064,3
867260140262689,2024-03-07T17:42:11.268Z,gyroscope sensor uncalibrated,0.36713,-0.6230826,-0.17592919,0.36713,-0.6230826,-0.17592919,3
867260150262689,2024-03-07T17:42:11.279Z,gyroscope sensor uncalibrated,0.42943826,-0.46914452,-0.24495697,0.42943826,-0.46914452,-0.24495697,3
867260160262722,2024-03-07T17:42:11.289Z,gyroscope sensor uncalibrated,0.48624873,-0.3555236,-0.3182608,0.48624873,-0.3555236,-0.3182608,3
867260170262722,2024-03-07T17:42:11.298Z,gyroscope sensor uncalibrated,0.5021312,-0.30604348,-0.34697145,0.5021312,-0.30604348,-0.34697145,3
867260180262722,2024-03-07T17:42:11.309Z,gyroscope sensor uncalibrated,0.47952923,-0.24984388,-0.33414328,0.47952923,-0.24984388,-0.33414328,3
867260190262688,2024-03-07T17:42:11.319Z,gyroscope sensor uncalibrated,0.4111123,-0.10934488,-0.30543262,0.4111123,-0.10934488,-0.30543262,3
867260200262721,2024-03-07T17:42:11.328Z,gyroscope sensor uncalibrated,0.28955013,0.05681047,-0.2828306,0.28955013,0.05681047,-0.2828306,3
867260210262754,2024-03-07T17:42:11.339Z,gyroscope sensor uncalibrated,0.15027285,0.16065755,-0.28405234,0.15027285,0.16065755,-0.28405234,3
867260220262054,2024-03-07T17:42:11.349Z,gyroscope sensor uncalibrated,0.032986723,0.1685988,-0.2938262,0.032986723,0.1685988,-0.2938262,3
867260230262020,2024-03-07T17:42:11.359Z,gyroscope sensor uncalibrated,-0.052534413,0.07941248,-0.29871312,-0.052534413,0.07941248,-0.29871312,3
867260240261986,2024-03-07T17:42:11.369Z,gyroscope sensor uncalibrated,-0.09712757,-0.032986723,-0.2742785,-0.09712757,-0.032986723,-0.2742785,3
867260250262019,2024-03-07T17:42:11.379Z,gyroscope sensor uncalibrated,-0.100792766,-0.08002335,-0.19730948,-0.100792766,-0.08002335,-0.19730948,3
867260260262019,2024-03-07T17:42:11.389Z,gyroscope sensor uncalibrated,-0.057421334,-0.030543262,-0.09712757,-0.057421334,-0.030543262,-0.09712757,3
867260270262019,2024-03-07T17:42:11.399Z,gyroscope sensor uncalibrated,-0.009162978,0.045814894,-0.004276057,-0.009162978,0.045814894,-0.004276057,3
867260280262019,2024-03-07T17:42:11.409Z,gyroscope sensor uncalibrated,-0.031154128,0.087964594,0.08857546,-0.031154128,0.087964594,0.08857546,3
867260290262019,2024-03-07T17:42:11.419Z,gyroscope sensor uncalibrated,-0.14477506,-0.0012217305,0.22357668,-0.14477506,-0.0012217305,0.22357668,3
867260300261985,2024-03-07T17:42:11.429Z,gyroscope sensor uncalibrated,-0.21991149,-0.09590584,0.267559,-0.21991149,-0.09590584,0.267559,3
867260310262018,2024-03-07T17:42:11.439Z,gyroscope sensor uncalibrated,-0.2657264,-0.21746802,0.25350907,-0.2657264,-0.21746802,0.25350907,3
867260320262051,2024-03-07T17:42:11.449Z,gyroscope sensor uncalibrated,-0.28771752,-0.33169982,0.18570304,-0.28771752,-0.33169982,0.18570304,3
867260330262051,2024-03-07T17:42:11.459Z,gyroscope sensor uncalibrated,-0.3109304,-0.3359759,0.106901415,-0.3109304,-0.3359759,0.106901415,3
867260340262017,2024-03-07T17:42:11.469Z,gyroscope sensor uncalibrated,-0.344528,-0.25167647,0.05131268,-0.344528,-0.25167647,0.05131268,3
867260350262917,2024-03-07T17:42:11.478Z,gyroscope sensor uncalibrated,-0.3231477,-0.17348573,0.021380283,-0.3231477,-0.17348573,0.021380283,3
867260360263717,2024-03-07T17:42:11.489Z,gyroscope sensor uncalibrated,-0.17287487,-0.15210545,0.0061086523,-0.17287487,-0.15210545,0.0061086523,3
867260370263717,2024-03-07T17:42:11.499Z,gyroscope sensor uncalibrated,0.043982297,-0.100792766,0.064751714,0.043982297,-0.100792766,0.064751714,3
867260380263717,2024-03-07T17:42:11.509Z,gyroscope sensor uncalibrated,0.09590584,-0.040317107,0.17470746,0.09590584,-0.040317107,0.17470746,3
867260390577502,2024-03-07T17:42:11.519Z,gyroscope sensor uncalibrated,0.069027774,0.03176499,0.2864958,0.069027774,0.03176499,0.2864958,3
867260400577502,2024-03-07T17:42:11.529Z,gyroscope sensor uncalibrated,0.077579886,0.103847094,0.34269542,0.077579886,0.103847094,0.34269542,3
867260410578235,2024-03-07T17:42:11.539Z,gyroscope sensor uncalibrated,0.08307768,0.18509217,0.34697145,0.08307768,0.18509217,0.34697145,3
867260420578235,2024-03-07T17:42:11.549Z,gyroscope sensor uncalibrated,0.045814894,0.2828306,0.33475417,0.045814894,0.2828306,0.33475417,3
867260430578235,2024-03-07T17:42:11.559Z,gyroscope sensor uncalibrated,-0.00061086525,0.3915646,0.31581733,-0.00061086525,0.3915646,0.31581733,3
867260440578235,2024-03-07T17:42:11.568Z,gyroscope sensor uncalibrated,-0.04520403,0.48075095,0.27305678,-0.04520403,0.48075095,0.27305678,3
867260450578201,2024-03-07T17:42:11.579Z,gyroscope sensor uncalibrated,-0.07513642,0.53023106,0.204029,-0.07513642,0.53023106,0.204029,3
867260460578167,2024-03-07T17:42:11.589Z,gyroscope sensor uncalibrated,-0.105068825,0.5198463,0.124005646,-0.105068825,0.5198463,0.124005646,3
867260470578200,2024-03-07T17:42:11.599Z,gyroscope sensor uncalibrated,-0.14538592,0.45081854,0.04520403,-0.14538592,0.45081854,0.04520403,3
867260480578200,2024-03-07T17:42:11.609Z,gyroscope sensor uncalibrated,-0.19181168,0.33414328,-0.032375857,-0.19181168,0.33414328,-0.032375857,3
867260490578200,2024-03-07T17:42:11.619Z,gyroscope sensor uncalibrated,-0.23518312,0.19120082,-0.09712757,-0.23518312,0.19120082,-0.09712757,3
867260500578166,2024-03-07T17:42:11.629Z,gyroscope sensor uncalibrated,-0.26450464,0.03604105,-0.13622294,-0.26450464,0.03604105,-0.13622294,3
867260510578166,2024-03-07T17:42:11.639Z,gyroscope sensor uncalibrated,-0.2565634,-0.20463985,-0.12644911,-0.2565634,-0.20463985,-0.12644911,3
867260520578899,2024-03-07T17:42:11.648Z,gyroscope sensor uncalibrated,-0.2180789,-0.33475417,-0.07696902,-0.2180789,-0.33475417,-0.07696902,3
867260530578899,2024-03-07T17:42:11.659Z,gyroscope sensor uncalibrated,-0.17592919,-0.4196644,0.0012217305,-0.17592919,-0.4196644,0.0012217305,3
867260540578899,2024-03-07T17:42:11.669Z,gyroscope sensor uncalibrated,-0.14477506,-0.42638394,0.081855945,-0.14477506,-0.42638394,0.081855945,3
867260550578865,2024-03-07T17:42:11.679Z,gyroscope sensor uncalibrated,-0.12522738,-0.35308012,0.14049901,-0.12522738,-0.35308012,0.14049901,3
867260560578898,2024-03-07T17:42:11.689Z,gyroscope sensor uncalibrated,-0.111177474,-0.22357668,0.1704314,-0.111177474,-0.22357668,0.1704314,3
867260570578931,2024-03-07T17:42:11.699Z,gyroscope sensor uncalibrated,-0.09285152,-0.09040806,0.1826487,-0.09285152,-0.09040806,0.1826487,3
867260580578931,2024-03-07T17:42:11.709Z,gyroscope sensor uncalibrated,-0.06719518,0.017104227,0.19425514,-0.06719518,0.017104227,0.19425514,3
867260590578931,2024-03-07T17:42:11.719Z,gyroscope sensor uncalibrated,-0.02565634,0.07147124,0.2180789,-0.02565634,0.07147124,0.2180789,3
867260600579131,2024-03-07T17:42:11.729Z,gyroscope sensor uncalibrated,0.069027774,0.076358154,0.28405234,0.069027774,0.076358154,0.28405234,3
867260610579097,2024-03-07T17:42:11.739Z,gyroscope sensor uncalibrated,0.16493362,0.029321533,0.40011674,0.16493362,0.029321533,0.40011674,3
867260620579097,2024-03-07T17:42:11.748Z,gyroscope sensor uncalibrated,0.20891592,-0.14844026,0.5381723,0.20891592,-0.14844026,0.5381723,3
867260630579130,2024-03-07T17:42:11.759Z,gyroscope sensor uncalibrated,0.22479841,-0.4111123,0.6389651,0.22479841,-0.4111123,0.6389651,3
867260640579130,2024-03-07T17:42:11.769Z,gyroscope sensor uncalibrated,0.2321288,-0.6395759,0.66339964,0.2321288,-0.6395759,0.66339964,3
867260650579130,2024-03-07T17:42:11.779Z,gyroscope sensor uncalibrated,0.25045475,-0.7812967,0.6218608,0.25045475,-0.7812967,0.6218608,3
867260660579096,2024-03-07T17:42:11.789Z,gyroscope sensor uncalibrated,0.24251351,-0.79534656,0.5589417,0.24251351,-0.79534656,0.5589417,3
867260670579129,2024-03-07T17:42:11.799Z,gyroscope sensor uncalibrated,0.20219639,-0.6835582,0.5522222,0.20219639,-0.6835582,0.5522222,3
867260680579129,2024-03-07T17:42:11.809Z,gyroscope sensor uncalibrated,0.118507855,-0.52534413,0.552833,0.118507855,-0.52534413,0.552833,3
867260690579129,2024-03-07T17:42:11.819Z,gyroscope sensor uncalibrated,-0.002443461,-0.42394048,0.5027421,-0.002443461,-0.42394048,0.5027421,3
867260700579095,2024-03-07T17:42:11.829Z,gyroscope sensor uncalibrated,-0.119729586,-0.36346483,0.4092797,-0.119729586,-0.36346483,0.4092797,3
867260710579061,2024-03-07T17:42:11.839Z,gyroscope sensor uncalibrated,-0.20280726,-0.3023783,0.2919936,-0.20280726,-0.3023783,0.2919936,3
867260720579094,2024-03-07T17:42:11.849Z,gyroscope sensor uncalibrated,-0.3200934,-0.14660765,0.064751714,-0.3200934,-0.14660765,0.064751714,3
867260730579094,2024-03-07T17:42:11.859Z,gyroscope sensor uncalibrated,-0.48441613,-0.043982297,-0.069027774,-0.48441613,-0.043982297,-0.069027774,3
867260740579094,2024-03-07T17:42:11.868Z,gyroscope sensor uncalibrated,-0.64812803,0.007330383,-0.17348573,-0.64812803,0.007330383,-0.17348573,3
867260750579094,2024-03-07T17:42:11.879Z,gyroscope sensor uncalibrated,-0.7257079,0.01282817,-0.25473082,-0.7257079,0.01282817,-0.25473082,3
867260760579094,2024-03-07T17:42:11.888Z,gyroscope sensor uncalibrated,-0.7153232,0.02443461,-0.3213151,-0.7153232,0.02443461,-0.3213151,3
867260770579060,2024-03-07T17:42:11.899Z,gyroscope sensor uncalibrated,-0.6957755,0.12889257,-0.35246924,-0.6957755,0.12889257,-0.35246924,3
867260780579093,2024-03-07T17:42:11.909Z,gyroscope sensor uncalibrated,-0.70249504,0.22602014,-0.3659083,-0.70249504,0.22602014,-0.3659083,3
867260790579093,2024-03-07T17:42:11.919Z,gyroscope sensor uncalibrated,-0.6780604,0.25045475,-0.37812558,-0.6780604,0.25045475,-0.37812558,3
867260800579093,2024-03-07T17:42:11.929Z,gyroscope sensor uncalibrated,-0.6084218,0.14844026,-0.3475823,-0.6084218,0.14844026,-0.3475823,3
867260810579059,2024-03-07T17:42:11.938Z,gyroscope sensor uncalibrated,-0.49663344,-0.02687807,-0.26389378,-0.49663344,-0.02687807,-0.26389378,3
867260820579025,2024-03-07T17:42:11.949Z,gyroscope sensor uncalibrated,-0.37934732,-0.20952678,-0.1777618,-0.37934732,-0.20952678,-0.1777618,3
867260830579058,2024-03-07T17:42:11.959Z,gyroscope sensor uncalibrated,-0.29138273,-0.37201694,-0.115453534,-0.29138273,-0.37201694,-0.115453534,3
867260840579058,2024-03-07T17:42:11.969Z,gyroscope sensor uncalibrated,-0.24495697,-0.47586402,-0.07819075,-0.24495697,-0.47586402,-0.07819075,3
867260850579058,2024-03-07T17:42:11.979Z,gyroscope sensor uncalibrated,-0.24801129,-0.47708577,-0.08246681,-0.24801129,-0.47708577,-0.08246681,3
867260860579024,2024-03-07T17:42:11.989Z,gyroscope sensor uncalibrated,-0.29565877,-0.40683624,-0.13988814,-0.29565877,-0.40683624,-0.13988814,3
867260870579024,2024-03-07T17:42:11.999Z,gyroscope sensor uncalibrated,-0.35124752,-0.32559118,-0.22968534,-0.35124752,-0.32559118,-0.22968534,3
867260880579057,2024-03-07T17:42:12.009Z,gyroscope sensor uncalibrated,-0.376293,-0.2779437,-0.3268129,-0.376293,-0.2779437,-0.3268129,3
867260890579057,2024-03-07T17:42:12.019Z,gyroscope sensor uncalibrated,-0.3481932,-0.27122417,-0.41355577,-0.3481932,-0.27122417,-0.41355577,3
867260900578857,2024-03-07T17:42:12.029Z,gyroscope sensor uncalibrated,-0.28344148,-0.27672195,-0.46914452,-0.28344148,-0.27672195,-0.46914452,3
867260910578857,2024-03-07T17:42:12.039Z,gyroscope sensor uncalibrated,-0.20952678,-0.27366763,-0.48930305,-0.20952678,-0.27366763,-0.48930305,3
867260920578823,2024-03-07T17:42:12.049Z,gyroscope sensor uncalibrated,-0.13561209,-0.25534168,-0.48991394,-0.13561209,-0.25534168,-0.48991394,3
867260930578823,2024-03-07T17:42:12.059Z,gyroscope sensor uncalibrated,-0.036651913,-0.17470746,-0.4801401,-0.036651913,-0.17470746,-0.4801401,3
867260940578856,2024-03-07T17:42:12.069Z,gyroscope sensor uncalibrated,0.0067195175,-0.07880162,-0.44776422,0.0067195175,-0.07880162,-0.44776422,3
867260950578856,2024-03-07T17:42:12.079Z,gyroscope sensor uncalibrated,0.021380283,0.035430185,-0.38056904,0.021380283,0.035430185,-0.38056904,3
867260960578856,2024-03-07T17:42:12.089Z,gyroscope sensor uncalibrated,0.032986723,0.15149458,-0.28344148,0.032986723,0.15149458,-0.28344148,3
867260970578822,2024-03-07T17:42:12.099Z,gyroscope sensor uncalibrated,0.04642576,0.26206118,-0.16126843,0.04642576,0.26206118,-0.16126843,3
867260980578855,2024-03-07T17:42:12.108Z,gyroscope sensor uncalibrated,0.06352998,0.35979962,-0.025045475,0.06352998,0.35979962,-0.025045475,3
867260990578888,2024-03-07T17:42:12.119Z,gyroscope sensor uncalibrated,0.08002335,0.4392121,0.10873401,0.08002335,0.4392121,0.10873401,3
867261000578888,2024-03-07T17:42:12.129Z,gyroscope sensor uncalibrated,0.1282817,0.48380527,0.21563543,0.1282817,0.48380527,0.21563543,3
867261010578888,2024-03-07T17:42:12.139Z,gyroscope sensor uncalibrated,0.20525073,0.5009095,0.28160888,0.20525073,0.5009095,0.28160888,3
867261020578854,2024-03-07T17:42:12.149Z,gyroscope sensor uncalibrated,0.25473082,0.5002986,0.33353242,0.25473082,0.5002986,0.33353242,3
867261030578887,2024-03-07T17:42:12.159Z,gyroscope sensor uncalibrated,0.2779437,0.47891834,0.3866777,0.2779437,0.47891834,0.3866777,3
867261040578887,2024-03-07T17:42:12.169Z,gyroscope sensor uncalibrated,0.3145956,0.45020768,0.42149702,0.3145956,0.45020768,0.42149702,3
867261050578187,2024-03-07T17:42:12.179Z,gyroscope sensor uncalibrated,0.37018433,0.44043383,0.4269948,0.37018433,0.44043383,0.4269948,3
867261060577253,2024-03-07T17:42:12.189Z,gyroscope sensor uncalibrated,0.42943826,0.46731192,0.38789943,0.42943826,0.46731192,0.38789943,3
867261070577053,2024-03-07T17:42:12.198Z,gyroscope sensor uncalibrated,0.49541172,0.53878313,0.29443705,0.49541172,0.53878313,0.29443705,3
867261080577019,2024-03-07T17:42:12.209Z,gyroscope sensor uncalibrated,0.51251596,0.5235115,0.16432275,0.51251596,0.5235115,0.16432275,3
867261090577052,2024-03-07T17:42:12.219Z,gyroscope sensor uncalibrated,0.4269948,0.36713,0.03176499,0.4269948,0.36713,0.03176499,3
867261100577085,2024-03-07T17:42:12.228Z,gyroscope sensor uncalibrated,0.24617869,0.16737708,-0.10751228,0.24617869,0.16737708,-0.10751228,3
867261110577085,2024-03-07T17:42:12.239Z,gyroscope sensor uncalibrated,0.034208454,0.017104227,-0.24862215,0.034208454,0.017104227,-0.24862215,3
867261120577085,2024-03-07T17:42:12.248Z,gyroscope sensor uncalibrated,-0.11728613,-0.05131268,-0.37873647,-0.11728613,-0.05131268,-0.37873647,3
867261130577051,2024-03-07T17:42:12.259Z,gyroscope sensor uncalibrated,-0.15149458,-0.09712757,-0.4886922,-0.15149458,-0.09712757,-0.4886922,3
867261140576384,2024-03-07T17:42:12.269Z,gyroscope sensor uncalibrated,-0.07452556,-0.25778514,-0.57726765,-0.07452556,-0.25778514,-0.57726765,3
867261150576384,2024-03-07T17:42:12.279Z,gyroscope sensor uncalibrated,-0.039095376,-0.3915646,-0.54428095,-0.039095376,-0.3915646,-0.54428095,3
867261160576384,2024-03-07T17:42:12.289Z,gyroscope sensor uncalibrated,0.03176499,-0.4728097,-0.46303585,0.03176499,-0.4728097,-0.46303585,3
867261170576350,2024-03-07T17:42:12.299Z,gyroscope sensor uncalibrated,0.12705997,-0.48380527,-0.40500367,0.12705997,-0.48380527,-0.40500367,3
867261180576350,2024-03-07T17:42:12.309Z,gyroscope sensor uncalibrated,0.17837265,-0.4147775,-0.36835176,0.17837265,-0.4147775,-0.36835176,3
867261190576383,2024-03-07T17:42:12.319Z,gyroscope sensor uncalibrated,0.23396139,-0.23090707,-0.36774087,0.23396139,-0.23090707,-0.36774087,3
867261200576383,2024-03-07T17:42:12.329Z,gyroscope sensor uncalibrated,0.33108896,-0.057421334,-0.39461896,0.33108896,-0.057421334,-0.39461896,3
867261210576383,2024-03-07T17:42:12.339Z,gyroscope sensor uncalibrated,0.42394048,0.042760566,-0.37568212,0.42394048,0.042760566,-0.37568212,3
867261220576383,2024-03-07T17:42:12.349Z,gyroscope sensor uncalibrated,0.46914452,0.15271631,-0.3036,0.46914452,0.15271631,-0.3036,3
867261230576349,2024-03-07T17:42:12.359Z,gyroscope sensor uncalibrated,0.46181414,0.35063666,-0.21074851,0.46181414,0.35063666,-0.21074851,3
867261240576315,2024-03-07T17:42:12.369Z,gyroscope sensor uncalibrated,0.3866777,0.6383542,-0.2406809,0.3866777,0.6383542,-0.2406809,3
867261250576348,2024-03-07T17:42:12.379Z,gyroscope sensor uncalibrated,0.24495697,0.8436049,-0.3652974,0.24495697,0.8436049,-0.3652974,3
867261260576114,2024-03-07T17:42:12.389Z,gyroscope sensor uncalibrated,0.100792766,0.8026769,-0.40683624,0.100792766,0.8026769,-0.40683624,3
867261270576114,2024-03-07T17:42:12.399Z,gyroscope sensor uncalibrated,0.030543262,0.5546656,-0.35735616,0.030543262,0.5546656,-0.35735616,3
867261280576080,2024-03-07T17:42:12.409Z,gyroscope sensor uncalibrated,0.058643065,0.24678956,-0.23396139,0.058643065,0.24678956,-0.23396139,3
867261290576080,2024-03-07T17:42:12.419Z,gyroscope sensor uncalibrated,0.1301143,-0.047036625,-0.04642576,0.1301143,-0.047036625,-0.04642576,3
867261300576113,2024-03-07T17:42:12.429Z,gyroscope sensor uncalibrated,0.21135938,-0.2602286,0.14538592,0.21135938,-0.2602286,0.14538592,3
867261310576113,2024-03-07T17:42:12.438Z,gyroscope sensor uncalibrated,0.27366763,-0.36957347,0.26389378,0.27366763,-0.36957347,0.26389378,3
867261320576113,2024-03-07T17:42:12.449Z,gyroscope sensor uncalibrated,0.23518312,-0.4166101,0.32742378,0.23518312,-0.4166101,0.32742378,3
867261330576079,2024-03-07T17:42:12.459Z,gyroscope sensor uncalibrated,0.10751228,-0.43982297,0.35124752,0.10751228,-0.43982297,0.35124752,3
867261340576112,2024-03-07T17:42:12.469Z,gyroscope sensor uncalibrated,-0.049480084,-0.44532076,0.32436943,-0.049480084,-0.44532076,0.32436943,3
867261350576845,2024-03-07T17:42:12.479Z,gyroscope sensor uncalibrated,-0.22907446,-0.44898596,0.19975294,-0.22907446,-0.44898596,0.19975294,3
867261360577778,2024-03-07T17:42:12.489Z,gyroscope sensor uncalibrated,-0.312763,-0.40439278,0.08674286,-0.312763,-0.40439278,0.08674286,3
867261370577978,2024-03-07T17:42:12.499Z,gyroscope sensor uncalibrated,-0.3921755,-0.28160888,-0.01282817,-0.3921755,-0.28160888,-0.01282817,3
867261380577978,2024-03-07T17:42:12.509Z,gyroscope sensor uncalibrated,-0.45448375,-0.13072516,-0.10140363,-0.45448375,-0.13072516,-0.10140363,3
867261390577944,2024-03-07T17:42:12.519Z,gyroscope sensor uncalibrated,-0.408058,-0.053145275,-0.21380283,-0.408058,-0.053145275,-0.21380283,3
867261400577944,2024-03-07T17:42:12.529Z,gyroscope sensor uncalibrated,-0.15332718,0.017715093,-0.267559,-0.15332718,0.017715093,-0.267559,3
867261410577977,2024-03-07T17:42:12.539Z,gyroscope sensor uncalibrated,-0.020158553,0.089186326,-0.23823744,-0.020158553,0.089186326,-0.23823744,3
867261420577977,2024-03-07T17:42:12.549Z,gyroscope sensor uncalibrated,-0.002443461,0.18142697,-0.116675265,-0.002443461,0.18142697,-0.116675265,3
867261430577977,2024-03-07T17:42:12.559Z,gyroscope sensor uncalibrated,0.02565634,0.27000242,0.019547688,0.02565634,0.27000242,0.019547688,3
867261440578643,2024-03-07T17:42:12.569Z,gyroscope sensor uncalibrated,0.10262536,0.3390302,0.13988814,0.10262536,0.3390302,0.13988814,3
867261450578676,2024-03-07T17:42:12.579Z,gyroscope sensor uncalibrated,0.17898351,0.36713,0.2302962,0.17898351,0.36713,0.2302962,3
867261460578709,2024-03-07T17:42:12.589Z,gyroscope sensor uncalibrated,0.19853121,0.36346483,0.2950479,0.19853121,0.36346483,0.2950479,3
867261470578709,2024-03-07T17:42:12.599Z,gyroscope sensor uncalibrated,0.16310102,0.3408628,0.344528,0.16310102,0.3408628,0.344528,3
867261480578675,2024-03-07T17:42:12.609Z,gyroscope sensor uncalibrated,0.118507855,0.31642818,0.35613444,0.118507855,0.31642818,0.35613444,3
867261490578641,2024-03-07T17:42:12.619Z,gyroscope sensor uncalibrated,0.062308256,0.2950479,0.3304781,0.062308256,0.2950479,0.3304781,3
867261500578674,2024-03-07T17:42:12.629Z,gyroscope sensor uncalibrated,0.00061086525,0.2883284,0.27672195,0.00061086525,0.2883284,0.27672195,3
867261510578674,2024-03-07T17:42:12.639Z,gyroscope sensor uncalibrated,-0.047647487,0.3042109,0.19486602,-0.047647487,0.3042109,0.19486602,3
867261520578674,2024-03-07T17:42:12.649Z,gyroscope sensor uncalibrated,-0.09590584,0.33536503,0.09101892,-0.09590584,0.33536503,0.09101892,3
867261530578674,2024-03-07T17:42:12.659Z,gyroscope sensor uncalibrated,-0.15454891,0.344528,-0.021991149,-0.15454891,0.344528,-0.021991149,3
867261540578674,2024-03-07T17:42:12.669Z,gyroscope sensor uncalibrated,-0.21868975,0.31031954,-0.12095132,-0.21868975,0.31031954,-0.12095132,3
867261550578640,2024-03-07T17:42:12.679Z,gyroscope sensor uncalibrated,-0.31031954,0.24190263,-0.16798794,-0.31031954,0.24190263,-0.16798794,3
867261560578906,2024-03-07T17:42:12.689Z,gyroscope sensor uncalibrated,-0.45570546,0.13439035,-0.18936823,-0.45570546,0.13439035,-0.18936823,3
867261570578939,2024-03-07T17:42:12.699Z,gyroscope sensor uncalibrated,-0.43982297,0.0983493,-0.15821409,-0.43982297,0.0983493,-0.15821409,3
867261580578939,2024-03-07T17:42:12.709Z,gyroscope sensor uncalibrated,-0.3659083,0.08002335,-0.06169739,-0.3659083,0.08002335,-0.06169739,3
867261590578905,2024-03-07T17:42:12.719Z,gyroscope sensor uncalibrated,-0.27977628,0.09407325,0.08124508,-0.27977628,0.09407325,0.08124508,3
867261600578871,2024-03-07T17:42:12.729Z,gyroscope sensor uncalibrated,-0.19425514,0.13622294,0.19853121,-0.19425514,0.13622294,0.19853121,3
867261610578904,2024-03-07T17:42:12.739Z,gyroscope sensor uncalibrated,-0.12461651,0.16371189,0.26389378,-0.12461651,0.16371189,0.26389378,3
867261620578904,2024-03-07T17:42:12.749Z,gyroscope sensor uncalibrated,-0.06536258,0.12217305,0.2919936,-0.06536258,0.12217305,0.2919936,3
867261630578904,2024-03-07T17:42:12.759Z,gyroscope sensor uncalibrated,0.004276057,0.019547688,0.31398472,0.004276057,0.019547688,0.31398472,3
867261640578170,2024-03-07T17:42:12.769Z,gyroscope sensor uncalibrated,0.095294975,-0.10262536,0.35185838,0.095294975,-0.10262536,0.35185838,3
867261650578170,2024-03-07T17:42:12.779Z,gyroscope sensor uncalibrated,0.17592919,-0.25167647,0.4166101,0.17592919,-0.25167647,0.4166101,3
867261660578203,2024-03-07T17:42:12.789Z,gyroscope sensor uncalibrated,0.23518312,-0.49968776,0.5009095,0.23518312,-0.49968776,0.5009095,3
867261670578203,2024-03-07T17:42:12.799Z,gyroscope sensor uncalibrated,0.2828306,-0.79473567,0.59131753,0.2828306,-0.79473567,0.59131753,3
867261680578203,2024-03-07T17:42:12.809Z,gyroscope sensor uncalibrated,0.3323107,-1.0073168,0.65118235,0.3323107,-1.0073168,0.65118235,3
867261690578203,2024-03-07T17:42:12.819Z,gyroscope sensor uncalibrated,0.36957347,-1.0494665,0.6591236,0.36957347,-1.0494665,0.6591236,3
867261700578169,2024-03-07T17:42:12.829Z,gyroscope sensor uncalibrated,0.40011674,-0.88453287,0.6218608,0.40011674,-0.88453287,0.6218608,3
867261710578135,2024-03-07T17:42:12.839Z,gyroscope sensor uncalibrated,0.40439278,-0.55833083,0.6310238,0.40439278,-0.55833083,0.6310238,3
867261720578168,2024-03-07T17:42:12.849Z,gyroscope sensor uncalibrated,0.28038713,-0.27488935,0.6603453,0.28038713,-0.27488935,0.6603453,3
867261730578168,2024-03-07T17:42:12.859Z,gyroscope sensor uncalibrated,0.14049901,-0.11911872,0.61575216,0.14049901,-0.11911872,0.61575216,3
867261740578168,2024-03-07T17:42:12.869Z,gyroscope sensor uncalibrated,0.0983493,-0.018325957,0.54244834,0.0983493,-0.018325957,0.54244834,3
867261750578134,2024-03-07T17:42:12.879Z,gyroscope sensor uncalibrated,0.07941248,0.032986723,0.48563787,0.07941248,0.032986723,0.48563787,3
867261760578134,2024-03-07T17:42:12.889Z,gyroscope sensor uncalibrated,0.030543262,0.10934488,0.39645153,0.030543262,0.10934488,0.39645153,3
867261770578167,2024-03-07T17:42:12.899Z,gyroscope sensor uncalibrated,-0.226631,0.19181168,0.1020145,-0.226631,0.19181168,0.1020145,3
867261780578167,2024-03-07T17:42:12.909Z,gyroscope sensor uncalibrated,-0.46975538,0.172264,-0.14049901,-0.46975538,0.172264,-0.14049901,3
867261790578167,2024-03-07T17:42:12.919Z,gyroscope sensor uncalibrated,-0.6236934,0.18570304,-0.34697145,-0.6236934,0.18570304,-0.34697145,3
867261800578133,2024-03-07T17:42:12.929Z,gyroscope sensor uncalibrated,-0.6835582,0.19364429,-0.4746423,-0.6835582,0.19364429,-0.4746423,3
867261810578166,2024-03-07T17:42:12.939Z,gyroscope sensor uncalibrated,-0.68661255,0.18325958,-0.49602258,-0.68661255,0.18325958,-0.49602258,3
867261820578199,2024-03-07T17:42:12.949Z,gyroscope sensor uncalibrated,-0.6218608,0.18203785,-0.45020768,-0.6218608,0.18203785,-0.45020768,3
867261830578199,2024-03-07T17:42:12.959Z,gyroscope sensor uncalibrated,-0.5271767,0.16982053,-0.39461896,-0.5271767,0.16982053,-0.39461896,3
867261840578199,2024-03-07T17:42:12.969Z,gyroscope sensor uncalibrated,-0.44348818,0.08979719,-0.32986724,-0.44348818,0.08979719,-0.32986724,3
867261850578199,2024-03-07T17:42:12.979Z,gyroscope sensor uncalibrated,-0.3463606,-0.077579886,-0.26450464,-0.3463606,-0.077579886,-0.26450464,3
867261860578165,2024-03-07T17:42:12.989Z,gyroscope sensor uncalibrated,-0.2565634,-0.23396139,-0.21135938,-0.2565634,-0.23396139,-0.21135938,3
867261870578165,2024-03-07T17:42:12.998Z,gyroscope sensor uncalibrated,-0.22113322,-0.32436943,-0.18448131,-0.22113322,-0.32436943,-0.18448131,3
867261880578198,2024-03-07T17:42:13.009Z,gyroscope sensor uncalibrated,-0.22052236,-0.39584067,-0.20525073,-0.22052236,-0.39584067,-0.20525073,3
867261890578198,2024-03-07T17:42:13.019Z,gyroscope sensor uncalibrated,-0.20769419,-0.4184427,-0.24862215,-0.20769419,-0.4184427,-0.24862215,3
867261900578198,2024-03-07T17:42:13.029Z,gyroscope sensor uncalibrated,-0.20952678,-0.38056904,-0.29077184,-0.20952678,-0.38056904,-0.29077184,3
867261910578164,2024-03-07T17:42:13.038Z,gyroscope sensor uncalibrated,-0.22724187,-0.312763,-0.33108896,-0.22724187,-0.312763,-0.33108896,3
867261920578197,2024-03-07T17:42:13.049Z,gyroscope sensor uncalibrated,-0.25228736,-0.25900686,-0.34513888,-0.25228736,-0.25900686,-0.34513888,3
867261930578197,2024-03-07T17:42:13.059Z,gyroscope sensor uncalibrated,-0.2284636,-0.25961772,-0.36102137,-0.2284636,-0.25961772,-0.36102137,3
867261940578897,2024-03-07T17:42:13.069Z,gyroscope sensor uncalibrated,-0.15821409,-0.28344148,-0.37568212,-0.15821409,-0.28344148,-0.37568212,3
867261950578863,2024-03-07T17:42:13.079Z,gyroscope sensor uncalibrated,-0.092240654,-0.31520647,-0.36651915,-0.092240654,-0.31520647,-0.36651915,3
867261960578829,2024-03-07T17:42:13.089Z,gyroscope sensor uncalibrated,-0.03604105,-0.33475417,-0.33658674,-0.03604105,-0.33475417,-0.33658674,3
867261970578862,2024-03-07T17:42:13.099Z,gyroscope sensor uncalibrated,0.020158553,-0.3323107,-0.30787608,0.020158553,-0.3323107,-0.30787608,3
867261980578862,2024-03-07T17:42:13.109Z,gyroscope sensor uncalibrated,0.07941248,-0.25167647,-0.28099802,0.07941248,-0.25167647,-0.28099802,3
867261990578862,2024-03-07T17:42:13.119Z,gyroscope sensor uncalibrated,0.08735373,-0.14477506,-0.258396,0.08735373,-0.14477506,-0.258396,3
867262000578862,2024-03-07T17:42:13.128Z,gyroscope sensor uncalibrated,0.070249505,-0.016493361,-0.22968534,0.070249505,-0.016493361,-0.22968534,3
867262010578862,2024-03-07T17:42:13.139Z,gyroscope sensor uncalibrated,0.05375614,0.1020145,-0.19303341,0.05375614,0.1020145,-0.19303341,3
867262020578828,2024-03-07T17:42:13.149Z,gyroscope sensor uncalibrated,0.076358154,0.20219639,-0.14660765,0.076358154,0.20219639,-0.14660765,3
867262030578861,2024-03-07T17:42:13.158Z,gyroscope sensor uncalibrated,0.092240654,0.29016098,-0.07941248,0.092240654,0.29016098,-0.07941248,3
867262040578861,2024-03-07T17:42:13.169Z,gyroscope sensor uncalibrated,0.108123146,0.35063666,-0.0018325958,0.108123146,0.35063666,-0.0018325958,3
867262050578161,2024-03-07T17:42:13.179Z,gyroscope sensor uncalibrated,0.15821409,0.37751472,0.06719518,0.15821409,0.37751472,0.06719518,3
867262060579027,2024-03-07T17:42:13.189Z,gyroscope sensor uncalibrated,0.22602014,0.3622431,0.13255776,0.22602014,0.3622431,0.13255776,3
867262070578293,2024-03-07T17:42:13.198Z,gyroscope sensor uncalibrated,0.28405234,0.30176744,0.18936823,0.28405234,0.30176744,0.18936823,3
867262080577626,2024-03-07T17:42:13.209Z,gyroscope sensor uncalibrated,0.32253686,0.2180789,0.25045475,0.32253686,0.2180789,0.25045475,3
867262090577626,2024-03-07T17:42:13.218Z,gyroscope sensor uncalibrated,0.38545597,0.15454891,0.32436943,0.38545597,0.15454891,0.32436943,3
867262100577192,2024-03-07T17:42:13.229Z,gyroscope sensor uncalibrated,0.47647488,0.15393804,0.39584067,0.47647488,0.15393804,0.39584067,3
867262110577158,2024-03-07T17:42:13.239Z,gyroscope sensor uncalibrated,0.5467244,0.20219639,0.4269948,0.5467244,0.20219639,0.4269948,3
867262120577158,2024-03-07T17:42:13.249Z,gyroscope sensor uncalibrated,0.59315014,0.23151793,0.38362336,0.59315014,0.23151793,0.38362336,3
867262130577191,2024-03-07T17:42:13.259Z,gyroscope sensor uncalibrated,0.5766568,0.1826487,0.28344148,0.5766568,0.1826487,0.28344148,3
867262140577191,2024-03-07T17:42:13.269Z,gyroscope sensor uncalibrated,0.43371433,0.09407325,0.15210545,0.43371433,0.09407325,0.15210545,3
867262150577191,2024-03-07T17:42:13.279Z,gyroscope sensor uncalibrated,0.1966986,0.048258353,-0.004276057,0.1966986,0.048258353,-0.004276057,3
867262160577191,2024-03-07T17:42:13.289Z,gyroscope sensor uncalibrated,-0.029321533,0.09101892,-0.20891592,-0.029321533,0.09101892,-0.20891592,3
867262170577157,2024-03-07T17:42:13.299Z,gyroscope sensor uncalibrated,-0.17959438,0.14172074,-0.43982297,-0.17959438,0.14172074,-0.43982297,3
867262180577157,2024-03-07T17:42:13.309Z,gyroscope sensor uncalibrated,-0.2724459,0.07513642,-0.62980205,-0.2724459,0.07513642,-0.62980205,3
867262190577190,2024-03-07T17:42:13.318Z,gyroscope sensor uncalibrated,-0.32375857,-0.26328292,-0.729984,-0.32375857,-0.26328292,-0.729984,3
867262200577190,2024-03-07T17:42:13.329Z,gyroscope sensor uncalibrated,-0.26511553,-0.5687156,-0.6640105,-0.26511553,-0.5687156,-0.6640105,3
867262210577190,2024-03-07T17:42:13.339Z,gyroscope sensor uncalibrated,-0.11728613,-0.8045095,-0.5491679,-0.11728613,-0.8045095,-0.5491679,3
867262220577156,2024-03-07T17:42:13.348Z,gyroscope sensor uncalibrated,0.044593163,-0.93828905,-0.43310347,0.044593163,-0.93828905,-0.43310347,3
867262230577189,2024-03-07T17:42:13.359Z,gyroscope sensor uncalibrated,0.1826487,-0.88270026,-0.3213151,0.1826487,-0.88270026,-0.3213151,3
867262240577222,2024-03-07T17:42:13.369Z,gyroscope sensor uncalibrated,0.36713,-0.6243043,-0.23640485,0.36713,-0.6243043,-0.23640485,3
867262250577222,2024-03-07T17:42:13.379Z,gyroscope sensor uncalibrated,0.61086524,-0.2864958,-0.25778514,0.61086524,-0.2864958,-0.25778514,3
867262260577222,2024-03-07T17:42:13.389Z,gyroscope sensor uncalibrated,0.76052725,-0.035430185,-0.26389378,0.76052725,-0.035430185,-0.26389378,3
867262270577188,2024-03-07T17:42:13.399Z,gyroscope sensor uncalibrated,0.7861836,0.15882497,-0.16676621,0.7861836,0.15882497,-0.16676621,3
867262280577221,2024-03-07T17:42:13.409Z,gyroscope sensor uncalibrated,0.7275405,0.4269948,-0.06047566,0.7275405,0.4269948,-0.06047566,3
867262290577221,2024-03-07T17:42:13.419Z,gyroscope sensor uncalibrated,0.6310238,0.7483099,-0.004276057,0.6310238,0.7483099,-0.004276057,3
867262300577221,2024-03-07T17:42:13.429Z,gyroscope sensor uncalibrated,0.5045747,0.91690874,0.019547688,0.5045747,0.91690874,0.019547688,3
867262310577221,2024-03-07T17:42:13.439Z,gyroscope sensor uncalibrated,0.38789943,0.8680395,0.017104227,0.38789943,0.8680395,0.017104227,3
867262320577221,2024-03-07T17:42:13.449Z,gyroscope sensor uncalibrated,0.2919936,0.7086037,0.010995574,0.2919936,0.7086037,0.010995574,3
867262330577187,2024-03-07T17:42:13.459Z,gyroscope sensor uncalibrated,0.226631,0.45631635,0.018936822,0.226631,0.45631635,0.018936822,3
867262340577220,2024-03-07T17:42:13.469Z,gyroscope sensor uncalibrated,0.20219639,0.21502456,0.049480084,0.20219639,0.21502456,0.049480084,3
867262350577953,2024-03-07T17:42:13.479Z,gyroscope sensor uncalibrated,0.21991149,0.065973446,0.09407325,0.21991149,0.065973446,0.09407325,3
867262360577053,2024-03-07T17:42:13.489Z,gyroscope sensor uncalibrated,0.23335053,-0.007330383,0.14782938,0.23335053,-0.007330383,0.14782938,3
867262370577753,2024-03-07T17:42:13.499Z,gyroscope sensor uncalibrated,0.16798794,-0.08246681,0.21197024,0.16798794,-0.08246681,0.21197024,3
867262380578419,2024-03-07T17:42:13.509Z,gyroscope sensor uncalibrated,0.06658431,-0.19914207,0.24190263,0.06658431,-0.19914207,0.24190263,3
867262390578452,2024-03-07T17:42:13.519Z,gyroscope sensor uncalibrated,-0.007330383,-0.3182608,0.21563543,-0.007330383,-0.3182608,0.21563543,3
867262400578885,2024-03-07T17:42:13.529Z,gyroscope sensor uncalibrated,-0.08246681,-0.42149702,0.15271631,-0.08246681,-0.42149702,0.15271631,3
867262410578185,2024-03-07T17:42:13.539Z,gyroscope sensor uncalibrated,-0.26206118,-0.40500367,0.010995574,-0.26206118,-0.40500367,0.010995574,3
867262420577451,2024-03-07T17:42:13.549Z,gyroscope sensor uncalibrated,-0.37507126,-0.28221974,-0.093462385,-0.37507126,-0.28221974,-0.093462385,3
867262430576951,2024-03-07T17:42:13.559Z,gyroscope sensor uncalibrated,-0.40317106,-0.14721853,-0.18692477,-0.40317106,-0.14721853,-0.18692477,3
867262440576951,2024-03-07T17:42:13.569Z,gyroscope sensor uncalibrated,-0.30604348,-0.05497787,-0.25473082,-0.30604348,-0.05497787,-0.25473082,3
867262450576951,2024-03-07T17:42:13.579Z,gyroscope sensor uncalibrated,-0.14538592,0.0061086523,-0.26450464,-0.14538592,0.0061086523,-0.26450464,3
867262460576951,2024-03-07T17:42:13.589Z,gyroscope sensor uncalibrated,0.105068825,0.08979719,-0.16432275,0.105068825,0.08979719,-0.16432275,3
867262470576951,2024-03-07T17:42:13.599Z,gyroscope sensor uncalibrated,0.16493362,0.22052236,0.01038471,0.16493362,0.22052236,0.01038471,3
867262480576917,2024-03-07T17:42:13.609Z,gyroscope sensor uncalibrated,0.1142318,0.3555236,0.18020524,0.1142318,0.3555236,0.18020524,3
867262490576883,2024-03-07T17:42:13.619Z,gyroscope sensor uncalibrated,0.11301007,0.46792278,0.25534168,0.11301007,0.46792278,0.25534168,3
867262500576883,2024-03-07T17:42:13.629Z,gyroscope sensor uncalibrated,0.10567969,0.55833083,0.26206118,0.10567969,0.55833083,0.26206118,3
867262510576883,2024-03-07T17:42:13.639Z,gyroscope sensor uncalibrated,0.055588737,0.61269784,0.2602286,0.055588737,0.61269784,0.2602286,3
867262520576883,2024-03-07T17:42:13.648Z,gyroscope sensor uncalibrated,-0.015271631,0.63285637,0.24801129,-0.015271631,0.63285637,0.24801129,3
867262530576849,2024-03-07T17:42:13.659Z,gyroscope sensor uncalibrated,-0.08552113,0.6078109,0.20891592,-0.08552113,0.6078109,0.20891592,3
867262540577049,2024-03-07T17:42:13.669Z,gyroscope sensor uncalibrated,-0.14294247,0.54550266,0.13255776,-0.14294247,0.54550266,0.13255776,3
867262550577049,2024-03-07T17:42:13.679Z,gyroscope sensor uncalibrated,-0.19608775,0.45753807,0.028710667,-0.19608775,0.45753807,0.028710667,3
867262560577282,2024-03-07T17:42:13.689Z,gyroscope sensor uncalibrated,-0.24923302,0.37873647,-0.07941248,-0.24923302,0.37873647,-0.07941248,3
867262570577282,2024-03-07T17:42:13.699Z,gyroscope sensor uncalibrated,-0.31215215,0.32803464,-0.16554448,-0.31215215,0.32803464,-0.16554448,3
867262580577248,2024-03-07T17:42:13.709Z,gyroscope sensor uncalibrated,-0.3549127,0.28405234,-0.23273966,-0.3549127,0.28405234,-0.23273966,3
867262590577248,2024-03-07T17:42:13.719Z,gyroscope sensor uncalibrated,-0.3866777,0.2180789,-0.26633725,-0.3866777,0.2180789,-0.26633725,3
867262600577248,2024-03-07T17:42:13.729Z,gyroscope sensor uncalibrated,-0.42943826,0.12156218,-0.23823744,-0.42943826,0.12156218,-0.23823744,3
867262610577248,2024-03-07T17:42:13.739Z,gyroscope sensor uncalibrated,-0.45753807,0.019547688,-0.16920967,-0.45753807,0.019547688,-0.16920967,3
867262620577248,2024-03-07T17:42:13.749Z,gyroscope sensor uncalibrated,-0.40500367,-0.100792766,-0.056199603,-0.40500367,-0.100792766,-0.056199603,3
867262630577248,2024-03-07T17:42:13.759Z,gyroscope sensor uncalibrated,-0.32925636,-0.1386664,0.021991149,-0.32925636,-0.1386664,0.021991149,3
867262640577214,2024-03-07T17:42:13.769Z,gyroscope sensor uncalibrated,-0.23762658,-0.14660765,0.099571034,-0.23762658,-0.14660765,0.099571034,3
867262650577180,2024-03-07T17:42:13.779Z,gyroscope sensor uncalibrated,-0.13622294,-0.14110987,0.16432275,-0.13622294,-0.14110987,0.16432275,3
867262660577180,2024-03-07T17:42:13.789Z,gyroscope sensor uncalibrated,-0.037873644,-0.15210545,0.22357668,-0.037873644,-0.15210545,0.22357668,3
867262670577180,2024-03-07T17:42:13.799Z,gyroscope sensor uncalibrated,0.040317107,-0.16432275,0.29565877,0.040317107,-0.16432275,0.29565877,3
867262680577413,2024-03-07T17:42:13.809Z,gyroscope sensor uncalibrated,0.09773844,-0.13500121,0.38789943,0.09773844,-0.13500121,0.38789943,3
867262690577379,2024-03-07T17:42:13.818Z,gyroscope sensor uncalibrated,0.14905111,-0.116675265,0.4972443,0.14905111,-0.116675265,0.4972443,3
867262700577379,2024-03-07T17:42:13.828Z,gyroscope sensor uncalibrated,0.18997909,-0.19425514,0.5907067,0.18997909,-0.19425514,0.5907067,3
867262710578079,2024-03-07T17:42:13.839Z,gyroscope sensor uncalibrated,0.20463985,-0.42638394,0.6609562,0.20463985,-0.42638394,0.6609562,3
867262720578779,2024-03-07T17:42:13.849Z,gyroscope sensor uncalibrated,0.20647246,-0.7257079,0.6976081,0.20647246,-0.7257079,0.6976081,3
867262730579245,2024-03-07T17:42:13.859Z,gyroscope sensor uncalibrated,0.21013765,-0.9682214,0.6914995,0.21013765,-0.9682214,0.6914995,3
867262740579245,2024-03-07T17:42:13.869Z,gyroscope sensor uncalibrated,0.21380283,-1.1087204,0.63591075,0.21380283,-1.1087204,0.63591075,3
867262750579245,2024-03-07T17:42:13.879Z,gyroscope sensor uncalibrated,0.17104226,-1.1820242,0.5369505,0.17104226,-1.1820242,0.5369505,3
867262760579478,2024-03-07T17:42:13.889Z,gyroscope sensor uncalibrated,0.119729586,-1.1227703,0.49663344,0.119729586,-1.1227703,0.49663344,3
867262770579478,2024-03-07T17:42:13.899Z,gyroscope sensor uncalibrated,0.084910266,-0.9462303,0.5290093,0.084910266,-0.9462303,0.5290093,3
867262780579478,2024-03-07T17:42:13.909Z,gyroscope sensor uncalibrated,0.05131268,-0.7141015,0.59864795,0.05131268,-0.7141015,0.59864795,3
867262790579478,2024-03-07T17:42:13.919Z,gyroscope sensor uncalibrated,-0.008552114,-0.49480084,0.6627888,-0.008552114,-0.49480084,0.6627888,3
867262800579478,2024-03-07T17:42:13.929Z,gyroscope sensor uncalibrated,-0.059253927,-0.29016098,0.65240407,-0.059253927,-0.29016098,0.65240407,3
867262810579478,2024-03-07T17:42:13.939Z,gyroscope sensor uncalibrated,-0.100792766,-0.030543262,0.5870415,-0.100792766,-0.030543262,0.5870415,3
867262820579478,2024-03-07T17:42:13.949Z,gyroscope sensor uncalibrated,-0.1777618,0.29932398,0.42943826,-0.1777618,0.29932398,0.42943826,3
867262830579478,2024-03-07T17:42:13.959Z,gyroscope sensor uncalibrated,-0.43371433,0.689056,0.1142318,-0.43371433,0.689056,0.1142318,3
867262840579478,2024-03-07T17:42:13.969Z,gyroscope sensor uncalibrated,-0.61636305,0.7593055,-0.08002335,-0.61636305,0.7593055,-0.08002335,3
867262850579478,2024-03-07T17:42:13.979Z,gyroscope sensor uncalibrated,-0.7348709,0.7330383,-0.22113322,-0.7348709,0.7330383,-0.22113322,3
867262860579244,2024-03-07T17:42:13.989Z,gyroscope sensor uncalibrated,-0.7733554,0.61086524,-0.30787608,-0.7733554,0.61086524,-0.30787608,3
867262870579244,2024-03-07T17:42:13.999Z,gyroscope sensor uncalibrated,-0.6933321,0.4550946,-0.38973203,-0.6933321,0.4550946,-0.38973203,3
867262880579244,2024-03-07T17:42:14.009Z,gyroscope sensor uncalibrated,-0.5552765,0.24984388,-0.44959682,-0.5552765,0.24984388,-0.44959682,3
867262890579244,2024-03-07T17:42:14.019Z,gyroscope sensor uncalibrated,-0.46914452,-0.05497787,-0.4098906,-0.46914452,-0.05497787,-0.4098906,3
867262900579244,2024-03-07T17:42:14.029Z,gyroscope sensor uncalibrated,-0.4147775,-0.39584067,-0.28099802,-0.4147775,-0.39584067,-0.28099802,3
867262910579244,2024-03-07T17:42:14.039Z,gyroscope sensor uncalibrated,-0.3371976,-0.6945538,-0.16920967,-0.3371976,-0.6945538,-0.16920967,3
867262920579244,2024-03-07T17:42:14.049Z,gyroscope sensor uncalibrated,-0.23335053,-0.91813046,-0.14844026,-0.23335053,-0.91813046,-0.14844026,3
867262930579477,2024-03-07T17:42:14.058Z,gyroscope sensor uncalibrated,-0.1423316,-1.0317514,-0.16982053,-0.1423316,-1.0317514,-0.16982053,3
867262940579477,2024-03-07T17:42:14.069Z,gyroscope sensor uncalibrated,-0.08002335,-0.9993755,-0.1740966,-0.08002335,-0.9993755,-0.1740966,3
867262950579477,2024-03-07T17:42:14.079Z,gyroscope sensor uncalibrated,-0.019547688,-0.82894415,-0.16676621,-0.019547688,-0.82894415,-0.16676621,3
867262960579477,2024-03-07T17:42:14.088Z,gyroscope sensor uncalibrated,-0.02443461,-0.5882632,-0.19364429,-0.02443461,-0.5882632,-0.19364429,3
867262970579477,2024-03-07T17:42:14.098Z,gyroscope sensor uncalibrated,-0.034208454,-0.34208453,-0.23884831,-0.034208454,-0.34208453,-0.23884831,3
867262980579243,2024-03-07T17:42:14.109Z,gyroscope sensor uncalibrated,-0.01038471,-0.13255776,-0.29260445,-0.01038471,-0.13255776,-0.29260445,3
867262990579243,2024-03-07T17:42:14.119Z,gyroscope sensor uncalibrated,0.037873644,0.023823744,-0.33108896,0.037873644,0.023823744,-0.33108896,3
867263000579243,2024-03-07T17:42:14.129Z,gyroscope sensor uncalibrated,0.08246681,0.12034045,-0.34330627,0.08246681,0.12034045,-0.34330627,3
867263010579243,2024-03-07T17:42:14.139Z,gyroscope sensor uncalibrated,0.12583824,0.17898351,-0.3408628,0.12583824,0.17898351,-0.3408628,3
867263020579243,2024-03-07T17:42:14.149Z,gyroscope sensor uncalibrated,0.14844026,0.21685717,-0.3408628,0.14844026,0.21685717,-0.3408628,3
867263030579243,2024-03-07T17:42:14.159Z,gyroscope sensor uncalibrated,0.1441642,0.25534168,-0.3378085,0.1441642,0.25534168,-0.3378085,3
867263040579243,2024-03-07T17:42:14.169Z,gyroscope sensor uncalibrated,0.13500121,0.3378085,-0.31703907,0.13500121,0.3378085,-0.31703907,3
867263050579243,2024-03-07T17:42:14.178Z,gyroscope sensor uncalibrated,0.16371189,0.38789943,-0.2864958,0.16371189,0.38789943,-0.2864958,3
867263060579009,2024-03-07T17:42:14.189Z,gyroscope sensor uncalibrated,0.2144137,0.4269948,-0.23945917,0.2144137,0.4269948,-0.23945917,3
867263070579009,2024-03-07T17:42:14.199Z,gyroscope sensor uncalibrated,0.23884831,0.4728097,-0.16065755,0.23884831,0.4728097,-0.16065755,3
867263080579009,2024-03-07T17:42:14.209Z,gyroscope sensor uncalibrated,0.21563543,0.51251596,-0.047036625,0.21563543,0.51251596,-0.047036625,3
867263090579009,2024-03-07T17:42:14.219Z,gyroscope sensor uncalibrated,0.20586158,0.52473325,0.0580322,0.20586158,0.52473325,0.0580322,3
867263100579009,2024-03-07T17:42:14.228Z,gyroscope sensor uncalibrated,0.24556783,0.52412236,0.124005646,0.24556783,0.52412236,0.124005646,3
867263110579009,2024-03-07T17:42:14.239Z,gyroscope sensor uncalibrated,0.30482176,0.5131268,0.16615535,0.30482176,0.5131268,0.16615535,3
867263120579009,2024-03-07T17:42:14.249Z,gyroscope sensor uncalibrated,0.35063666,0.48991394,0.21319197,0.35063666,0.48991394,0.21319197,3
867263130579009,2024-03-07T17:42:14.259Z,gyroscope sensor uncalibrated,0.38545597,0.45448375,0.2761111,0.38545597,0.45448375,0.2761111,3
867263140578775,2024-03-07T17:42:14.269Z,gyroscope sensor uncalibrated,0.41416663,0.41172317,0.32620203,0.41416663,0.41172317,0.32620203,3
867263150578775,2024-03-07T17:42:14.279Z,gyroscope sensor uncalibrated,0.43860126,0.36468655,0.34513888,0.43860126,0.36468655,0.34513888,3
867263160578775,2024-03-07T17:42:14.289Z,gyroscope sensor uncalibrated,0.47586402,0.3182608,0.30604348,0.47586402,0.3182608,0.30604348,3
867263170578775,2024-03-07T17:42:14.299Z,gyroscope sensor uncalibrated,0.5119051,0.24312437,0.21197024,0.5119051,0.24312437,0.21197024,3
867263180579008,2024-03-07T17:42:14.309Z,gyroscope sensor uncalibrated,0.4978552,0.11362094,0.09773844,0.4978552,0.11362094,0.09773844,3
867263190579008,2024-03-07T17:42:14.319Z,gyroscope sensor uncalibrated,0.36651915,-0.057421334,-0.023823744,0.36651915,-0.057421334,-0.023823744,3
867263200579008,2024-03-07T17:42:14.329Z,gyroscope sensor uncalibrated,0.15821409,-0.1863139,-0.15882497,0.15821409,-0.1863139,-0.15882497,3
867263210579008,2024-03-07T17:42:14.339Z,gyroscope sensor uncalibrated,-0.039095376,-0.16493362,-0.31337386,-0.039095376,-0.16493362,-0.31337386,3
867263220579008,2024-03-07T17:42:14.349Z,gyroscope sensor uncalibrated,-0.16554448,-0.010995574,-0.48808134,-0.16554448,-0.010995574,-0.48808134,3
867263230578774,2024-03-07T17:42:14.359Z,gyroscope sensor uncalibrated,-0.21563543,0.11362094,-0.6554584,-0.21563543,0.11362094,-0.6554584,3
867263240578774,2024-03-07T17:42:14.369Z,gyroscope sensor uncalibrated,-0.22052236,0.08368854,-0.7501425,-0.22052236,0.08368854,-0.7501425,3
867263250578774,2024-03-07T17:42:14.379Z,gyroscope sensor uncalibrated,-0.08674286,-0.18875736,-0.6743952,-0.08674286,-0.18875736,-0.6743952,3
867263260579007,2024-03-07T17:42:14.389Z,gyroscope sensor uncalibrated,0.015882496,-0.36102137,-0.5357288,0.015882496,-0.36102137,-0.5357288,3
867263270579007,2024-03-07T17:42:14.399Z,gyroscope sensor uncalibrated,0.099571034,-0.5021312,-0.4129449,0.099571034,-0.5021312,-0.4129449,3
867263280579007,2024-03-07T17:42:14.409Z,gyroscope sensor uncalibrated,0.17654006,-0.5839872,-0.321926,0.17654006,-0.5839872,-0.321926,3
867263290579273,2024-03-07T17:42:14.419Z,gyroscope sensor uncalibrated,0.267559,-0.51007247,-0.2602286,0.267559,-0.51007247,-0.2602286,3
867263300579273,2024-03-07T17:42:14.429Z,gyroscope sensor uncalibrated,0.40378192,-0.28588495,-0.23396139,0.40378192,-0.28588495,-0.23396139,3
867263310579273,2024-03-07T17:42:14.438Z,gyroscope sensor uncalibrated,0.5296202,-0.09712757,-0.2003638,0.5296202,-0.09712757,-0.2003638,3
867263320579273,2024-03-07T17:42:14.449Z,gyroscope sensor uncalibrated,0.5516113,-0.03970624,-0.14110987,0.5516113,-0.03970624,-0.14110987,3
867263330579273,2024-03-07T17:42:14.459Z,gyroscope sensor uncalibrated,0.4783075,-0.0421497,-0.095294975,0.4783075,-0.0421497,-0.095294975,3
867263340579273,2024-03-07T17:42:14.469Z,gyroscope sensor uncalibrated,0.36713,0.01160644,-0.087964594,0.36713,0.01160644,-0.087964594,3
867263350579273,2024-03-07T17:42:14.479Z,gyroscope sensor uncalibrated,0.23762658,0.12889257,-0.12522738,0.23762658,0.12889257,-0.12522738,3
867263360579273,2024-03-07T17:42:14.489Z,gyroscope sensor uncalibrated,0.13439035,0.22907446,-0.17104226,0.13439035,0.22907446,-0.17104226,3
867263370579273,2024-03-07T17:42:14.498Z,gyroscope sensor uncalibrated,0.09712757,0.26083946,-0.19792034,0.09712757,0.26083946,-0.19792034,3
867263380579273,2024-03-07T17:42:14.509Z,gyroscope sensor uncalibrated,0.1142318,0.21502456,-0.20280726,0.1142318,0.21502456,-0.20280726,3
867263390579273,2024-03-07T17:42:14.519Z,gyroscope sensor uncalibrated,0.1423316,0.118507855,-0.1704314,0.1423316,0.118507855,-0.1704314,3
867263400579273,2024-03-07T17:42:14.529Z,gyroscope sensor uncalibrated,0.15882497,0.07696902,-0.099571034,0.15882497,0.07696902,-0.099571034,3
867263410579273,2024-03-07T17:42:14.539Z,gyroscope sensor uncalibrated,0.1863139,0.10873401,-0.0067195175,0.1863139,0.10873401,-0.0067195175,3
867263420579273,2024-03-07T17:42:14.549Z,gyroscope sensor uncalibrated,0.21624629,0.15515977,0.08246681,0.21624629,0.15515977,0.08246681,3
867263430579506,2024-03-07T17:42:14.559Z,gyroscope sensor uncalibrated,0.14844026,0.14844026,0.16798794,0.14844026,0.14844026,0.16798794,3
867263440579506,2024-03-07T17:42:14.568Z,gyroscope sensor uncalibrated,0.031154128,0.021991149,0.24495697,0.031154128,0.021991149,0.24495697,3
867263450579506,2024-03-07T17:42:14.578Z,gyroscope sensor uncalibrated,-0.040317107,-0.1966986,0.2724459,-0.040317107,-0.1966986,0.2724459,3
867263460579506,2024-03-07T17:42:14.589Z,gyroscope sensor uncalibrated,-0.09285152,-0.4288274,0.21868975,-0.09285152,-0.4288274,0.21868975,3
867263470579506,2024-03-07T17:42:14.599Z,gyroscope sensor uncalibrated,-0.12889257,-0.4538729,0.15943582,-0.12889257,-0.4538729,0.15943582,3
867263480579506,2024-03-07T17:42:14.609Z,gyroscope sensor uncalibrated,-0.12034045,-0.3817908,0.12461651,-0.12034045,-0.3817908,0.12461651,3
867263490579506,2024-03-07T17:42:14.619Z,gyroscope sensor uncalibrated,-0.07269296,-0.27122417,0.115453534,-0.07269296,-0.27122417,0.115453534,3
867263500579506,2024-03-07T17:42:14.629Z,gyroscope sensor uncalibrated,0.0018325958,-0.15271631,0.1282817,0.0018325958,-0.15271631,0.1282817,3
867263510579506,2024-03-07T17:42:14.639Z,gyroscope sensor uncalibrated,0.04642576,-0.021991149,0.15882497,0.04642576,-0.021991149,0.15882497,3
867263520579506,2024-03-07T17:42:14.649Z,gyroscope sensor uncalibrated,0.06291912,0.11056661,0.19792034,0.06291912,0.11056661,0.19792034,3
867263530579506,2024-03-07T17:42:14.659Z,gyroscope sensor uncalibrated,0.08857546,0.2443461,0.22418754,0.08857546,0.2443461,0.22418754,3
867263540579506,2024-03-07T17:42:14.668Z,gyroscope sensor uncalibrated,0.115453534,0.36468655,0.2443461,0.115453534,0.36468655,0.2443461,3
867263550579506,2024-03-07T17:42:14.679Z,gyroscope sensor uncalibrated,0.1337795,0.48502702,0.26389378,0.1337795,0.48502702,0.26389378,3
867263560579506,2024-03-07T17:42:14.689Z,gyroscope sensor uncalibrated,0.13072516,0.61269784,0.29077184,0.13072516,0.61269784,0.29077184,3
867263570579506,2024-03-07T17:42:14.699Z,gyroscope sensor uncalibrated,0.09896017,0.7293731,0.31764993,0.09896017,0.7293731,0.31764993,3
867263580579506,2024-03-07T17:42:14.709Z,gyroscope sensor uncalibrated,0.05131268,0.82344633,0.31703907,0.05131268,0.82344633,0.31703907,3
867263590579239,2024-03-07T17:42:14.719Z,gyroscope sensor uncalibrated,-0.008552114,0.88147855,0.2687807,-0.008552114,0.88147855,0.2687807,3
867263600579239,2024-03-07T17:42:14.729Z,gyroscope sensor uncalibrated,-0.047036625,0.9034697,0.19730948,-0.047036625,0.9034697,0.19730948,3
867263610579239,2024-03-07T17:42:14.739Z,gyroscope sensor uncalibrated,-0.08674286,0.89980453,0.12156218,-0.08674286,0.89980453,0.12156218,3
867263620579239,2024-03-07T17:42:14.749Z,gyroscope sensor uncalibrated,-0.13805555,0.8680395,0.055588737,-0.13805555,0.8680395,0.055588737,3
867263630579239,2024-03-07T17:42:14.759Z,gyroscope sensor uncalibrated,-0.18692477,0.7874053,-0.0018325958,-0.18692477,0.7874053,-0.0018325958,3
867263640579239,2024-03-07T17:42:14.769Z,gyroscope sensor uncalibrated,-0.23518312,0.63529986,-0.06414085,-0.23518312,0.63529986,-0.06414085,3
867263650579239,2024-03-07T17:42:14.779Z,gyroscope sensor uncalibrated,-0.27916542,0.4465425,-0.13133603,-0.27916542,0.4465425,-0.13133603,3
867263660579239,2024-03-07T17:42:14.789Z,gyroscope sensor uncalibrated,-0.3042109,0.28771752,-0.19242255,-0.3042109,0.28771752,-0.19242255,3
867263670579239,2024-03-07T17:42:14.798Z,gyroscope sensor uncalibrated,-0.312763,0.0983493,-0.20708331,-0.312763,0.0983493,-0.20708331,3
867263680579472,2024-03-07T17:42:14.809Z,gyroscope sensor uncalibrated,-0.33658674,-0.014660766,-0.14294247,-0.33658674,-0.014660766,-0.14294247,3
867263690579472,2024-03-07T17:42:14.819Z,gyroscope sensor uncalibrated,-0.33353242,-0.13927728,-0.043982297,-0.33353242,-0.13927728,-0.043982297,3
867263700579472,2024-03-07T17:42:14.829Z,gyroscope sensor uncalibrated,-0.2406809,-0.25717425,0.07696902,-0.2406809,-0.25717425,0.07696902,3
867263710579472,2024-03-07T17:42:14.839Z,gyroscope sensor uncalibrated,-0.07696902,-0.3408628,0.21624629,-0.07696902,-0.3408628,0.21624629,3
867263720579472,2024-03-07T17:42:14.849Z,gyroscope sensor uncalibrated,0.07513642,-0.40133846,0.36774087,0.07513642,-0.40133846,0.36774087,3
867263730579238,2024-03-07T17:42:14.859Z,gyroscope sensor uncalibrated,0.18020524,-0.46853364,0.50518554,0.18020524,-0.46853364,0.50518554,3
867263740579238,2024-03-07T17:42:14.868Z,gyroscope sensor uncalibrated,0.26511553,-0.52534413,0.62125,0.26511553,-0.52534413,0.62125,3
867263750579238,2024-03-07T17:42:14.879Z,gyroscope sensor uncalibrated,0.35430184,-0.53023106,0.7147123,0.35430184,-0.53023106,0.7147123,3
867263760579238,2024-03-07T17:42:14.889Z,gyroscope sensor uncalibrated,0.4098906,-0.5656612,0.78984874,0.4098906,-0.5656612,0.78984874,3
867263770579238,2024-03-07T17:42:14.899Z,gyroscope sensor uncalibrated,0.42577308,-0.72204274,0.83077675,0.42577308,-0.72204274,0.83077675,3
867263780579004,2024-03-07T17:42:14.909Z,gyroscope sensor uncalibrated,0.43310347,-0.8912524,0.81489426,0.43310347,-0.8912524,0.81489426,3
867263790579004,2024-03-07T17:42:14.919Z,gyroscope sensor uncalibrated,0.49663344,-0.97127575,0.79412484,0.49663344,-0.97127575,0.79412484,3
867263800579004,2024-03-07T17:42:14.929Z,gyroscope sensor uncalibrated,0.56321776,-0.8924741,0.8228355,0.56321776,-0.8924741,0.8228355,3
867263810579004,2024-03-07T17:42:14.939Z,gyroscope sensor uncalibrated,0.35613444,-0.7483099,0.8454375,0.35613444,-0.7483099,0.8454375,3
867263820579004,2024-03-07T17:42:14.949Z,gyroscope sensor uncalibrated,0.15882497,-0.6426302,0.829555,0.15882497,-0.6426302,0.829555,3
867263830579004,2024-03-07T17:42:14.959Z,gyroscope sensor uncalibrated,0.089186326,-0.6017023,0.77457714,0.089186326,-0.6017023,0.77457714,3
867263840579004,2024-03-07T17:42:14.969Z,gyroscope sensor uncalibrated,0.07696902,-0.5925393,0.70432764,0.07696902,-0.5925393,0.70432764,3
867263850579004,2024-03-07T17:42:14.979Z,gyroscope sensor uncalibrated,0.064751714,-0.59131753,0.6774496,0.064751714,-0.59131753,0.6774496,3
867263860578770,2024-03-07T17:42:14.989Z,gyroscope sensor uncalibrated,0.047647487,-0.5907067,0.6743952,0.047647487,-0.5907067,0.6743952,3
867263870578770,2024-03-07T17:42:14.999Z,gyroscope sensor uncalibrated,0.0,-0.5137377,0.6291912,0.0,-0.5137377,0.6291912,3
867263880578770,2024-03-07T17:42:15.009Z,gyroscope sensor uncalibrated,-0.23579398,-0.21074851,0.4428773,-0.23579398,-0.21074851,0.4428773,3
867263890578770,2024-03-07T17:42:15.019Z,gyroscope sensor uncalibrated,-0.45875978,0.07696902,0.19058995,-0.45875978,0.07696902,0.19058995,3
867263900578770,2024-03-07T17:42:15.029Z,gyroscope sensor uncalibrated,-0.6719518,0.35613444,-0.122783914,-0.6719518,0.35613444,-0.122783914,3
867263910578770,2024-03-07T17:42:15.038Z,gyroscope sensor uncalibrated,-0.8142834,0.5693264,-0.4428773,-0.8142834,0.5693264,-0.4428773,3
867263920578770,2024-03-07T17:42:15.049Z,gyroscope sensor uncalibrated,-0.87109387,0.72326446,-0.68783426,-0.87109387,0.72326446,-0.68783426,3
867263930579003,2024-03-07T17:42:15.059Z,gyroscope sensor uncalibrated,-0.79290307,0.86376345,-0.7440339,-0.79290307,0.86376345,-0.7440339,3
867263940579003,2024-03-07T17:42:15.069Z,gyroscope sensor uncalibrated,-0.7281514,0.93218035,-0.679893,-0.7281514,0.93218035,-0.679893,3
867263950579003,2024-03-07T17:42:15.078Z,gyroscope sensor uncalibrated,-0.7464773,0.84788096,-0.5742133,-0.7464773,0.84788096,-0.5742133,3
867263960579003,2024-03-07T17:42:15.089Z,gyroscope sensor uncalibrated,-0.7128797,0.5644395,-0.50946164,-0.7128797,0.5644395,-0.50946164,3
867263970579003,2024-03-07T17:42:15.099Z,gyroscope sensor uncalibrated,-0.6169739,0.19975294,-0.49357912,-0.6169739,0.19975294,-0.49357912,3
867263980578336,2024-03-07T17:42:15.109Z,gyroscope sensor uncalibrated,-0.535118,-0.1301143,-0.47891834,-0.535118,-0.1301143,-0.47891834,3
867263990578336,2024-03-07T17:42:15.119Z,gyroscope sensor uncalibrated,-0.48563787,-0.4025602,-0.44104472,-0.48563787,-0.4025602,-0.44104472,3
867264000578336,2024-03-07T17:42:15.129Z,gyroscope sensor uncalibrated,-0.44104472,-0.6059783,-0.40561453,-0.44104472,-0.6059783,-0.40561453,3
867264010578336,2024-03-07T17:42:15.139Z,gyroscope sensor uncalibrated,-0.408058,-0.7263188,-0.38362336,-0.408058,-0.7263188,-0.38362336,3
867264020578336,2024-03-07T17:42:15.149Z,gyroscope sensor uncalibrated,-0.4184427,-0.7556403,-0.3921755,-0.4184427,-0.7556403,-0.3921755,3
867264030578336,2024-03-07T17:42:15.159Z,gyroscope sensor uncalibrated,-0.47219884,-0.72021013,-0.45204028,-0.47219884,-0.72021013,-0.45204028,3
867264040578336,2024-03-07T17:42:15.169Z,gyroscope sensor uncalibrated,-0.5345071,-0.6395759,-0.548557,-0.5345071,-0.6395759,-0.548557,3
867264050578336,2024-03-07T17:42:15.179Z,gyroscope sensor uncalibrated,-0.5815437,-0.54061574,-0.6432411,-0.5815437,-0.54061574,-0.6432411,3
867264060578336,2024-03-07T17:42:15.188Z,gyroscope sensor uncalibrated,-0.5815437,-0.44226643,-0.70432764,-0.5815437,-0.44226643,-0.70432764,3
867264070578336,2024-03-07T17:42:15.199Z,gyroscope sensor uncalibrated,-0.5326745,-0.3567453,-0.7189884,-0.5326745,-0.3567453,-0.7189884,3
867264080578336,2024-03-07T17:42:15.209Z,gyroscope sensor uncalibrated,-0.45204028,-0.28527406,-0.6957755,-0.45204028,-0.28527406,-0.6957755,3
867264090578336,2024-03-07T17:42:15.218Z,gyroscope sensor uncalibrated,-0.32803464,-0.15882497,-0.6035349,-0.32803464,-0.15882497,-0.6035349,3
867264100578336,2024-03-07T17:42:15.229Z,gyroscope sensor uncalibrated,-0.2565634,-0.053145275,-0.5161811,-0.2565634,-0.053145275,-0.5161811,3
867264110578336,2024-03-07T17:42:15.239Z,gyroscope sensor uncalibrated,-0.1685988,0.07269296,-0.43004912,-0.1685988,0.07269296,-0.43004912,3
867264120578336,2024-03-07T17:42:15.249Z,gyroscope sensor uncalibrated,-0.07391469,0.24312437,-0.3371976,-0.07391469,0.24312437,-0.3371976,3
867264130578336,2024-03-07T17:42:15.259Z,gyroscope sensor uncalibrated,0.0030543262,0.45631635,-0.24251351,0.0030543262,0.45631635,-0.24251351,3
867264140578336,2024-03-07T17:42:15.269Z,gyroscope sensor uncalibrated,0.0580322,0.68600166,-0.14966199,0.0580322,0.68600166,-0.14966199,3
867264150578336,2024-03-07T17:42:15.279Z,gyroscope sensor uncalibrated,0.111177474,0.8686504,-0.07269296,0.111177474,0.8686504,-0.07269296,3
867264160578336,2024-03-07T17:42:15.289Z,gyroscope sensor uncalibrated,0.16432275,0.9999864,-0.004276057,0.16432275,0.9999864,-0.004276057,3
867264170578336,2024-03-07T17:42:15.299Z,gyroscope sensor uncalibrated,0.19608775,1.0861185,0.05131268,0.19608775,1.0861185,0.05131268,3
867264180578569,2024-03-07T17:42:15.309Z,gyroscope sensor uncalibrated,0.20586158,1.1258247,0.089186326,0.20586158,1.1258247,0.089186326,3
867264190578569,2024-03-07T17:42:15.319Z,gyroscope sensor uncalibrated,0.226631,1.0946705,0.1001819,0.226631,1.0946705,0.1001819,3
867264200578569,2024-03-07T17:42:15.329Z,gyroscope sensor uncalibrated,0.30970868,0.9437868,0.09162979,0.30970868,0.9437868,0.09162979,3
867264210578569,2024-03-07T17:42:15.339Z,gyroscope sensor uncalibrated,0.4709771,0.6737844,0.08735373,0.4709771,0.6737844,0.08735373,3
867264220578802,2024-03-07T17:42:15.349Z,gyroscope sensor uncalibrated,0.6536258,0.37995818,0.10262536,0.6536258,0.37995818,0.10262536,3
867264230578568,2024-03-07T17:42:15.359Z,gyroscope sensor uncalibrated,0.7360926,0.15577064,0.1441642,0.7360926,0.15577064,0.1441642,3
867264240578568,2024-03-07T17:42:15.369Z,gyroscope sensor uncalibrated,0.37568212,-0.100792766,0.08857546,0.37568212,-0.100792766,0.08857546,3
867264250578568,2024-03-07T17:42:15.378Z,gyroscope sensor uncalibrated,0.103847094,-0.43554693,-0.111177474,0.103847094,-0.43554693,-0.111177474,3
867264260578568,2024-03-07T17:42:15.389Z,gyroscope sensor uncalibrated,-0.12217305,-0.6743952,-0.44776422,-0.12217305,-0.6743952,-0.44776422,3
867264270578568,2024-03-07T17:42:15.398Z,gyroscope sensor uncalibrated,-0.37568212,-0.7867944,-0.8527679,-0.37568212,-0.7867944,-0.8527679,3
867264280579234,2024-03-07T17:42:15.409Z,gyroscope sensor uncalibrated,-0.6597345,-0.7134906,-1.2046263,-0.6597345,-0.7134906,-1.2046263,3
867264290579234,2024-03-07T17:42:15.419Z,gyroscope sensor uncalibrated,-0.8588765,-0.5821546,-1.4611896,-0.8588765,-0.5821546,-1.4611896,3
867264300579234,2024-03-07T17:42:15.429Z,gyroscope sensor uncalibrated,-0.79534656,-0.4251622,-1.5851953,-0.79534656,-0.4251622,-1.5851953,3
867264310579234,2024-03-07T17:42:15.439Z,gyroscope sensor uncalibrated,-0.7593055,-0.3848451,-1.4618006,-0.7593055,-0.3848451,-1.4618006,3
867264320579234,2024-03-07T17:42:15.449Z,gyroscope sensor uncalibrated,-0.52106804,-0.43127087,-1.2528846,-0.52106804,-0.43127087,-1.2528846,3
867264330579234,2024-03-07T17:42:15.459Z,gyroscope sensor uncalibrated,-0.15332718,-0.44532076,-0.9957104,-0.15332718,-0.44532076,-0.9957104,3
867264340579234,2024-03-07T17:42:15.469Z,gyroscope sensor uncalibrated,0.1863139,-0.3213151,-0.7165449,0.1863139,-0.3213151,-0.7165449,3
867264350579234,2024-03-07T17:42:15.479Z,gyroscope sensor uncalibrated,0.4728097,-0.057421334,-0.50946164,0.4728097,-0.057421334,-0.50946164,3
867264360579234,2024-03-07T17:42:15.489Z,gyroscope sensor uncalibrated,0.6914995,0.1685988,-0.39400807,0.6914995,0.1685988,-0.39400807,3
867264370579234,2024-03-07T17:42:15.499Z,gyroscope sensor uncalibrated,0.50823987,0.19120082,-0.38056904,0.50823987,0.19120082,-0.38056904,3
867264380579234,2024-03-07T17:42:15.509Z,gyroscope sensor uncalibrated,0.27183503,-0.1301143,-0.52656585,0.27183503,-0.1301143,-0.52656585,3
867264390579234,2024-03-07T17:42:15.519Z,gyroscope sensor uncalibrated,0.08979719,-0.3848451,-0.7122689,0.08979719,-0.3848451,-0.7122689,3
867264400579234,2024-03-07T17:42:15.529Z,gyroscope sensor uncalibrated,-0.06414085,-0.5235115,-0.7984009,-0.06414085,-0.5235115,-0.7984009,3
867264410579234,2024-03-07T17:42:15.539Z,gyroscope sensor uncalibrated,-0.16737708,-0.56199604,-0.79534656,-0.16737708,-0.56199604,-0.79534656,3
867264420579234,2024-03-07T17:42:15.549Z,gyroscope sensor uncalibrated,-0.1740966,-0.5345071,-0.7031059,-0.1740966,-0.5345071,-0.7031059,3
867264430579467,2024-03-07T17:42:15.559Z,gyroscope sensor uncalibrated,-0.12889257,-0.39950588,-0.5186246,-0.12889257,-0.39950588,-0.5186246,3
867264440579467,2024-03-07T17:42:15.569Z,gyroscope sensor uncalibrated,-0.03604105,-0.19547687,-0.2932153,-0.03604105,-0.19547687,-0.2932153,3
867264450579467,2024-03-07T17:42:15.579Z,gyroscope sensor uncalibrated,0.2302962,0.032375857,-0.05375614,0.2302962,0.032375857,-0.05375614,3
867264460579467,2024-03-07T17:42:15.589Z,gyroscope sensor uncalibrated,0.3585779,0.4092797,0.22540927,0.3585779,0.4092797,0.22540927,3
867264470579467,2024-03-07T17:42:15.599Z,gyroscope sensor uncalibrated,0.25534168,0.7287622,0.45265114,0.25534168,0.7287622,0.45265114,3
867264480579233,2024-03-07T17:42:15.609Z,gyroscope sensor uncalibrated,0.13561209,0.9584476,0.49418998,0.13561209,0.9584476,0.49418998,3
867264490579233,2024-03-07T17:42:15.619Z,gyroscope sensor uncalibrated,0.0421497,1.0751228,0.42149702,0.0421497,1.0751228,0.42149702,3
867264500579233,2024-03-07T17:42:15.629Z,gyroscope sensor uncalibrated,-0.02321288,1.0177015,0.35124752,-0.02321288,1.0177015,0.35124752,3
867264510579233,2024-03-07T17:42:15.639Z,gyroscope sensor uncalibrated,-0.03359759,0.8008443,0.30176744,-0.03359759,0.8008443,0.30176744,3
867264520578999,2024-03-07T17:42:15.649Z,gyroscope sensor uncalibrated,-0.009773844,0.31703907,0.2443461,-0.009773844,0.31703907,0.2443461,3
867264530578999,2024-03-07T17:42:15.659Z,gyroscope sensor uncalibrated,-0.04153884,-0.014660766,0.20280726,-0.04153884,-0.014660766,0.20280726,3
867264540578999,2024-03-07T17:42:15.669Z,gyroscope sensor uncalibrated,-0.15699236,-0.2932153,0.14172074,-0.15699236,-0.2932153,0.14172074,3
867264550578999,2024-03-07T17:42:15.678Z,gyroscope sensor uncalibrated,-0.22479841,-0.48747048,0.07941248,-0.22479841,-0.48747048,0.07941248,3
867264560578999,2024-03-07T17:42:15.688Z,gyroscope sensor uncalibrated,-0.2706133,-0.5674938,0.037873644,-0.2706133,-0.5674938,0.037873644,3
867264570578999,2024-03-07T17:42:15.699Z,gyroscope sensor uncalibrated,-0.35308012,-0.5571091,0.009162978,-0.35308012,-0.5571091,0.009162978,3
867264580578765,2024-03-07T17:42:15.709Z,gyroscope sensor uncalibrated,-0.39645153,-0.46120325,-0.013439035,-0.39645153,-0.46120325,-0.013439035,3
867264590578765,2024-03-07T17:42:15.719Z,gyroscope sensor uncalibrated,-0.39645153,-0.3115413,-0.031154128,-0.39645153,-0.3115413,-0.031154128,3
867264600578765,2024-03-07T17:42:15.729Z,gyroscope sensor uncalibrated,-0.3817908,-0.100792766,-0.032986723,-0.3817908,-0.100792766,-0.032986723,3
867264610578765,2024-03-07T17:42:15.739Z,gyroscope sensor uncalibrated,-0.37323865,0.13133603,-0.02076942,-0.37323865,0.13133603,-0.02076942,3
867264620578765,2024-03-07T17:42:15.748Z,gyroscope sensor uncalibrated,-0.34574974,0.37018433,-0.007941248,-0.34574974,0.37018433,-0.007941248,3
867264630578765,2024-03-07T17:42:15.759Z,gyroscope sensor uncalibrated,-0.30298916,0.61208695,-0.0061086523,-0.30298916,0.61208695,-0.0061086523,3
867264640578765,2024-03-07T17:42:15.769Z,gyroscope sensor uncalibrated,-0.2657264,0.8399397,-0.019547688,-0.2657264,0.8399397,-0.019547688,3
867264650578765,2024-03-07T17:42:15.779Z,gyroscope sensor uncalibrated,-0.23762658,1.0329732,-0.03604105,-0.23762658,1.0329732,-0.03604105,3
867264660578765,2024-03-07T17:42:15.789Z,gyroscope sensor uncalibrated,-0.20280726,1.1368202,-0.049480084,-0.20280726,1.1368202,-0.049480084,3
867264670578765,2024-03-07T17:42:15.799Z,gyroscope sensor uncalibrated,-0.16310102,1.1337659,-0.057421334,-0.16310102,1.1337659,-0.057421334,3
867264680578998,2024-03-07T17:42:15.809Z,gyroscope sensor uncalibrated,-0.12767084,1.0506883,-0.05131268,-0.12767084,1.0506883,-0.05131268,3
867264690578998,2024-03-07T17:42:15.819Z,gyroscope sensor uncalibrated,-0.07941248,0.9309586,-0.029932396,-0.07941248,0.9309586,-0.029932396,3
867264700578998,2024-03-07T17:42:15.828Z,gyroscope sensor uncalibrated,-0.04337143,0.8167268,0.0,-0.04337143,0.8167268,0.0,3
867264710578998,2024-03-07T17:42:15.839Z,gyroscope sensor uncalibrated,-0.023823744,0.66339964,0.03726278,-0.023823744,0.66339964,0.03726278,3
867264720578998,2024-03-07T17:42:15.849Z,gyroscope sensor uncalibrated,0.028710667,0.42638394,0.09040806,0.028710667,0.42638394,0.09040806,3
867264730578764,2024-03-07T17:42:15.859Z,gyroscope sensor uncalibrated,0.16493362,-0.052534413,0.20647246,0.16493362,-0.052534413,0.20647246,3
867264740578764,2024-03-07T17:42:15.869Z,gyroscope sensor uncalibrated,0.23762658,-0.38728857,0.30543262,0.23762658,-0.38728857,0.30543262,3
867264750578764,2024-03-07T17:42:15.879Z,gyroscope sensor uncalibrated,0.27550024,-0.6713409,0.3933972,0.27550024,-0.6713409,0.3933972,3
867264760578764,2024-03-07T17:42:15.889Z,gyroscope sensor uncalibrated,0.30665436,-0.86742866,0.45875978,0.30665436,-0.86742866,0.45875978,3
867264770578764,2024-03-07T17:42:15.899Z,gyroscope sensor uncalibrated,0.33292156,-0.9773844,0.5002986,0.33292156,-0.9773844,0.5002986,3
867264780578764,2024-03-07T17:42:15.909Z,gyroscope sensor uncalibrated,0.34330627,-1.0146471,0.5137377,0.34330627,-1.0146471,0.5137377,3
867264790578764,2024-03-07T17:42:15.919Z,gyroscope sensor uncalibrated,0.34025195,-0.95417154,0.5137377,0.34025195,-0.95417154,0.5137377,3
867264800578764,2024-03-07T17:42:15.929Z,gyroscope sensor uncalibrated,0.32742378,-0.7538077,0.535118,0.32742378,-0.7538077,0.535118,3
867264810578764,2024-03-07T17:42:15.939Z,gyroscope sensor uncalibrated,0.30848694,-0.4886922,0.56688297,0.30848694,-0.4886922,0.56688297,3
867264820578764,2024-03-07T17:42:15.949Z,gyroscope sensor uncalibrated,0.30970868,-0.33414328,0.5876524,0.30970868,-0.33414328,0.5876524,3
867264830578764,2024-03-07T17:42:15.959Z,gyroscope sensor uncalibrated,0.35369098,-0.3549127,0.59681535,0.35369098,-0.3549127,0.59681535,3
867264840578764,2024-03-07T17:42:15.969Z,gyroscope sensor uncalibrated,0.4569272,-0.4343252,0.6084218,0.4569272,-0.4343252,0.6084218,3
867264850578764,2024-03-07T17:42:15.979Z,gyroscope sensor uncalibrated,0.5705481,-0.5314528,0.6395759,0.5705481,-0.5314528,0.6395759,3
867264860578764,2024-03-07T17:42:15.989Z,gyroscope sensor uncalibrated,0.64934975,-0.6420194,0.69027776,0.64934975,-0.6420194,0.69027776,3
867264870578764,2024-03-07T17:42:15.999Z,gyroscope sensor uncalibrated,0.65484756,-0.70371675,0.7690793,0.65484756,-0.70371675,0.7690793,3
867264880578764,2024-03-07T17:42:16.009Z,gyroscope sensor uncalibrated,0.59681535,-0.7641924,0.8686504,0.59681535,-0.7641924,0.8686504,3
867264890578764,2024-03-07T17:42:16.018Z,gyroscope sensor uncalibrated,0.5222898,-0.88086766,0.91813046,0.5222898,-0.88086766,0.91813046,3
867264900578764,2024-03-07T17:42:16.029Z,gyroscope sensor uncalibrated,0.37873647,-1.0848967,0.8698721,0.37873647,-1.0848967,0.8698721,3
867264910578764,2024-03-07T17:42:16.039Z,gyroscope sensor uncalibrated,0.3378085,-1.2247849,0.77518797,0.3378085,-1.2247849,0.77518797,3
867264920578764,2024-03-07T17:42:16.049Z,gyroscope sensor uncalibrated,0.34574974,-1.2131784,0.64934975,0.34574974,-1.2131784,0.64934975,3
867264930578997,2024-03-07T17:42:16.059Z,gyroscope sensor uncalibrated,0.16920967,-1.0103711,0.44593164,0.16920967,-1.0103711,0.44593164,3
867264940578997,2024-03-07T17:42:16.069Z,gyroscope sensor uncalibrated,-0.44104472,-0.5326745,-0.076358154,-0.44104472,-0.5326745,-0.076358154,3
867264950578997,2024-03-07T17:42:16.079Z,gyroscope sensor uncalibrated,-0.6792821,-0.11911872,-0.40744713,-0.6792821,-0.11911872,-0.40744713,3
867264960578997,2024-03-07T17:42:16.089Z,gyroscope sensor uncalibrated,-0.7855727,0.3622431,-0.53878313,-0.7855727,0.3622431,-0.53878313,3
867264970578997,2024-03-07T17:42:16.099Z,gyroscope sensor uncalibrated,-0.9230174,0.76052725,-0.5363397,-0.9230174,0.76052725,-0.5363397,3
867264980578763,2024-03-07T17:42:16.109Z,gyroscope sensor uncalibrated,-0.9798279,0.99387777,-0.5320636,-0.9798279,0.99387777,-0.5320636,3
867264990578763,2024-03-07T17:42:16.119Z,gyroscope sensor uncalibrated,-0.86498517,0.93645644,-0.54367006,-0.86498517,0.93645644,-0.54367006,3
867265000578763,2024-03-07T17:42:16.129Z,gyroscope sensor uncalibrated,-0.6243043,0.6554584,-0.49541172,-0.6243043,0.6554584,-0.49541172,3
867265010578763,2024-03-07T17:42:16.138Z,gyroscope sensor uncalibrated,-0.39278635,0.32436943,-0.33964106,-0.39278635,0.32436943,-0.33964106,3
867265020578763,2024-03-07T17:42:16.149Z,gyroscope sensor uncalibrated,-0.1881465,-0.03604105,-0.13805555,-0.1881465,-0.03604105,-0.13805555,3
867265030578763,2024-03-07T17:42:16.159Z,gyroscope sensor uncalibrated,0.02443461,-0.36651915,0.02687807,0.02443461,-0.36651915,0.02687807,3
867265040578763,2024-03-07T17:42:16.169Z,gyroscope sensor uncalibrated,0.18692477,-0.5833763,0.13255776,0.18692477,-0.5833763,0.13255776,3
867265050578763,2024-03-07T17:42:16.179Z,gyroscope sensor uncalibrated,0.22907446,-0.66889745,0.17592919,0.22907446,-0.66889745,0.17592919,3
867265060578996,2024-03-07T17:42:16.189Z,gyroscope sensor uncalibrated,0.15882497,-0.66523224,0.14905111,0.15882497,-0.66523224,0.14905111,3
867265070578996,2024-03-07T17:42:16.199Z,gyroscope sensor uncalibrated,0.05131268,-0.5864306,0.051923547,0.05131268,-0.5864306,0.051923547,3
867265080578996,2024-03-07T17:42:16.209Z,gyroscope sensor uncalibrated,-0.05131268,-0.46120325,-0.076358154,-0.05131268,-0.46120325,-0.076358154,3
867265090578996,2024-03-07T17:42:16.219Z,gyroscope sensor uncalibrated,-0.12034045,-0.32742378,-0.19120082,-0.12034045,-0.32742378,-0.19120082,3
867265100578996,2024-03-07T17:42:16.229Z,gyroscope sensor uncalibrated,-0.14110987,-0.2144137,-0.267559,-0.14110987,-0.2144137,-0.267559,3
867265110578996,2024-03-07T17:42:16.239Z,gyroscope sensor uncalibrated,-0.12339478,-0.1337795,-0.31398472,-0.12339478,-0.1337795,-0.31398472,3
867265120578996,2024-03-07T17:42:16.249Z,gyroscope sensor uncalibrated,-0.06658431,-0.06352998,-0.3109304,-0.06658431,-0.06352998,-0.3109304,3
867265130578996,2024-03-07T17:42:16.259Z,gyroscope sensor uncalibrated,0.005497787,0.01160644,-0.2687807,0.005497787,0.01160644,-0.2687807,3
867265140578996,2024-03-07T17:42:16.269Z,gyroscope sensor uncalibrated,0.06536258,0.105068825,-0.21868975,0.06536258,0.105068825,-0.21868975,3
867265150578996,2024-03-07T17:42:16.279Z,gyroscope sensor uncalibrated,0.16982053,0.27488935,-0.16982053,0.16982053,0.27488935,-0.16982053,3
867265160578996,2024-03-07T17:42:16.289Z,gyroscope sensor uncalibrated,0.2443461,0.40500367,-0.11301007,0.2443461,0.40500367,-0.11301007,3
867265170578996,2024-03-07T17:42:16.298Z,gyroscope sensor uncalibrated,0.32620203,0.5296202,-0.02076942,0.32620203,0.5296202,-0.02076942,3
867265180579029,2024-03-07T17:42:16.309Z,gyroscope sensor uncalibrated,0.41233405,0.6267477,0.089186326,0.41233405,0.6267477,0.089186326,3
867265190579029,2024-03-07T17:42:16.319Z,gyroscope sensor uncalibrated,0.5112942,0.6750061,0.20219639,0.5112942,0.6750061,0.20219639,3
867265200579029,2024-03-07T17:42:16.329Z,gyroscope sensor uncalibrated,0.5852089,0.6780604,0.31215215,0.5852089,0.6780604,0.31215215,3
867265210579029,2024-03-07T17:42:16.339Z,gyroscope sensor uncalibrated,0.6053675,0.6420194,0.38362336,0.6053675,0.6420194,0.38362336,3
867265220579029,2024-03-07T17:42:16.349Z,gyroscope sensor uncalibrated,0.59131753,0.57787853,0.39706242,0.59131753,0.57787853,0.39706242,3
867265230578795,2024-03-07T17:42:16.359Z,gyroscope sensor uncalibrated,0.5644395,0.516792,0.36713,0.5644395,0.516792,0.36713,3
867265240578795,2024-03-07T17:42:16.369Z,gyroscope sensor uncalibrated,0.45570546,0.49602258,0.31031954,0.45570546,0.49602258,0.31031954,3
867265250578795,2024-03-07T17:42:16.379Z,gyroscope sensor uncalibrated,0.3933972,0.50701815,0.25595254,0.3933972,0.50701815,0.25595254,3
867265260578795,2024-03-07T17:42:16.389Z,gyroscope sensor uncalibrated,0.3933972,0.5662721,0.22479841,0.3933972,0.5662721,0.22479841,3
867265270578795,2024-03-07T17:42:16.399Z,gyroscope sensor uncalibrated,0.3921755,0.64934975,0.21624629,0.3921755,0.64934975,0.21624629,3
867265280578795,2024-03-07T17:42:16.409Z,gyroscope sensor uncalibrated,0.3549127,0.6737844,0.20586158,0.3549127,0.6737844,0.20586158,3
867265290578795,2024-03-07T17:42:16.419Z,gyroscope sensor uncalibrated,0.3213151,0.56077427,0.1685988,0.3213151,0.56077427,0.1685988,3
867265300578795,2024-03-07T17:42:16.429Z,gyroscope sensor uncalibrated,0.2968805,0.3463606,0.09040806,0.2968805,0.3463606,0.09040806,3
867265310578795,2024-03-07T17:42:16.439Z,gyroscope sensor uncalibrated,0.2144137,0.12095132,-0.020158553,0.2144137,0.12095132,-0.020158553,3
867265320578795,2024-03-07T17:42:16.449Z,gyroscope sensor uncalibrated,0.06414085,-0.06291912,-0.14966199,0.06414085,-0.06291912,-0.14966199,3
867265330578795,2024-03-07T17:42:16.459Z,gyroscope sensor uncalibrated,-0.073303826,-0.18570304,-0.31581733,-0.073303826,-0.18570304,-0.31581733,3
867265340578795,2024-03-07T17:42:16.469Z,gyroscope sensor uncalibrated,-0.17531833,-0.30298916,-0.49113566,-0.17531833,-0.30298916,-0.49113566,3
867265350578795,2024-03-07T17:42:16.479Z,gyroscope sensor uncalibrated,-0.26450464,-0.40011674,-0.61453044,-0.26450464,-0.40011674,-0.61453044,3
867265360578561,2024-03-07T17:42:16.489Z,gyroscope sensor uncalibrated,-0.25595254,-0.5681047,-0.61269784,-0.25595254,-0.5681047,-0.61269784,3
867265370578561,2024-03-07T17:42:16.499Z,gyroscope sensor uncalibrated,-0.15760323,-0.539394,-0.51923543,-0.15760323,-0.539394,-0.51923543,3
867265380578561,2024-03-07T17:42:16.509Z,gyroscope sensor uncalibrated,-0.07819075,-0.40011674,-0.42760566,-0.07819075,-0.40011674,-0.42760566,3
867265390578561,2024-03-07T17:42:16.519Z,gyroscope sensor uncalibrated,0.034208454,-0.26939157,-0.35002577,0.034208454,-0.26939157,-0.35002577,3
867265400578561,2024-03-07T17:42:16.529Z,gyroscope sensor uncalibrated,0.19303341,-0.30543262,-0.24862215,0.19303341,-0.30543262,-0.24862215,3
867265410578561,2024-03-07T17:42:16.539Z,gyroscope sensor uncalibrated,0.32253686,-0.39828414,-0.13255776,0.32253686,-0.39828414,-0.13255776,3
867265420578127,2024-03-07T17:42:16.549Z,gyroscope sensor uncalibrated,0.40194935,-0.47219884,-0.019547688,0.40194935,-0.47219884,-0.019547688,3
867265430578360,2024-03-07T17:42:16.559Z,gyroscope sensor uncalibrated,0.42394048,-0.3885103,-0.005497787,0.42394048,-0.3885103,-0.005497787,3
867265440578360,2024-03-07T17:42:16.569Z,gyroscope sensor uncalibrated,0.35124752,-0.1386664,-0.084910266,0.35124752,-0.1386664,-0.084910266,3
867265450578360,2024-03-07T17:42:16.579Z,gyroscope sensor uncalibrated,0.21135938,0.13561209,-0.20341812,0.21135938,0.13561209,-0.20341812,3
867265460578360,2024-03-07T17:42:16.589Z,gyroscope sensor uncalibrated,0.12156218,0.26511553,-0.22907446,0.12156218,0.26511553,-0.22907446,3
867265470578360,2024-03-07T17:42:16.599Z,gyroscope sensor uncalibrated,0.16432275,0.2510656,-0.15149458,0.16432275,0.2510656,-0.15149458,3
867265480578326,2024-03-07T17:42:16.609Z,gyroscope sensor uncalibrated,0.31215215,0.19975294,-0.028710667,0.31215215,0.19975294,-0.028710667,3
867265490578326,2024-03-07T17:42:16.619Z,gyroscope sensor uncalibrated,0.4813618,0.16249016,0.12461651,0.4813618,0.16249016,0.12461651,3
867265500578559,2024-03-07T17:42:16.629Z,gyroscope sensor uncalibrated,0.602924,0.1863139,0.2657264,0.602924,0.1863139,0.2657264,3
867265510578559,2024-03-07T17:42:16.639Z,gyroscope sensor uncalibrated,0.6731735,0.22540927,0.3555236,0.6731735,0.22540927,0.3555236,3
867265520578559,2024-03-07T17:42:16.649Z,gyroscope sensor uncalibrated,0.6737844,0.21074851,0.4092797,0.6737844,0.21074851,0.4092797,3
867265530578559,2024-03-07T17:42:16.659Z,gyroscope sensor uncalibrated,0.57360244,0.10995574,0.39706242,0.57360244,0.10995574,0.39706242,3
867265540578559,2024-03-07T17:42:16.669Z,gyroscope sensor uncalibrated,0.38423425,-0.045814894,0.31581733,0.38423425,-0.045814894,0.31581733,3
867265550578559,2024-03-07T17:42:16.679Z,gyroscope sensor uncalibrated,0.18387043,-0.2003638,0.18203785,0.18387043,-0.2003638,0.18203785,3
867265560578559,2024-03-07T17:42:16.689Z,gyroscope sensor uncalibrated,0.03176499,-0.34391713,0.029321533,0.03176499,-0.34391713,0.029321533,3
867265570578559,2024-03-07T17:42:16.699Z,gyroscope sensor uncalibrated,-0.12339478,-0.5290093,-0.093462385,-0.12339478,-0.5290093,-0.093462385,3
867265580578559,2024-03-07T17:42:16.709Z,gyroscope sensor uncalibrated,-0.16065755,-0.634689,-0.09590584,-0.16065755,-0.634689,-0.09590584,3
867265590578559,2024-03-07T17:42:16.719Z,gyroscope sensor uncalibrated,-0.004276057,-0.70005155,-0.045814894,-0.004276057,-0.70005155,-0.045814894,3
867265600578559,2024-03-07T17:42:16.729Z,gyroscope sensor uncalibrated,0.13988814,-0.61269784,0.0720821,0.13988814,-0.61269784,0.0720821,3
867265610578559,2024-03-07T17:42:16.739Z,gyroscope sensor uncalibrated,0.08246681,-0.3830125,0.25228736,0.08246681,-0.3830125,0.25228736,3
867265620578559,2024-03-07T17:42:16.749Z,gyroscope sensor uncalibrated,0.057421334,-0.09896017,0.38728857,0.057421334,-0.09896017,0.38728857,3
867265630578559,2024-03-07T17:42:16.759Z,gyroscope sensor uncalibrated,0.18142697,0.20525073,0.43004912,0.18142697,0.20525073,0.43004912,3
867265640578559,2024-03-07T17:42:16.769Z,gyroscope sensor uncalibrated,0.3585779,0.5149594,0.43310347,0.3585779,0.5149594,0.43310347,3
867265650578559,2024-03-07T17:42:16.779Z,gyroscope sensor uncalibrated,0.4728097,0.80878556,0.44409904,0.4728097,0.80878556,0.44409904,3
867265660578559,2024-03-07T17:42:16.789Z,gyroscope sensor uncalibrated,0.46792278,1.0781772,0.45998153,0.46792278,1.0781772,0.45998153,3
867265670578559,2024-03-07T17:42:16.799Z,gyroscope sensor uncalibrated,0.27916542,1.2052372,0.40683624,0.27916542,1.2052372,0.40683624,3
867265680578792,2024-03-07T17:42:16.809Z,gyroscope sensor uncalibrated,0.2003638,1.2034045,0.28527406,0.2003638,1.2034045,0.28527406,3
867265690578792,2024-03-07T17:42:16.819Z,gyroscope sensor uncalibrated,0.16432275,1.1099422,0.13194689,0.16432275,1.1099422,0.13194689,3
867265700578792,2024-03-07T17:42:16.829Z,gyroscope sensor uncalibrated,0.09712757,0.9621128,0.017104227,0.09712757,0.9621128,0.017104227,3
867265710578792,2024-03-07T17:42:16.839Z,gyroscope sensor uncalibrated,0.058643065,0.7819075,-0.037873644,0.058643065,0.7819075,-0.037873644,3
867265720579225,2024-03-07T17:42:16.849Z,gyroscope sensor uncalibrated,0.09040806,0.57543504,-0.03726278,0.09040806,0.57543504,-0.03726278,3
867265730578991,2024-03-07T17:42:16.859Z,gyroscope sensor uncalibrated,0.11728613,0.36835176,0.009773844,0.11728613,0.36835176,0.009773844,3
867265740578991,2024-03-07T17:42:16.869Z,gyroscope sensor uncalibrated,0.09773844,0.19792034,0.081855945,0.09773844,0.19792034,0.081855945,3
867265750578991,2024-03-07T17:42:16.879Z,gyroscope sensor uncalibrated,0.029932396,0.06780604,0.15882497,0.029932396,0.06780604,0.15882497,3
867265760578991,2024-03-07T17:42:16.889Z,gyroscope sensor uncalibrated,-0.07391469,0.0030543262,0.21746802,-0.07391469,0.0030543262,0.21746802,3
867265770578991,2024-03-07T17:42:16.899Z,gyroscope sensor uncalibrated,-0.14844026,-0.018936822,0.22602014,-0.14844026,-0.018936822,0.22602014,3
867265780578991,2024-03-07T17:42:16.909Z,gyroscope sensor uncalibrated,-0.119729586,-0.047647487,0.17470746,-0.119729586,-0.047647487,0.17470746,3
867265790578991,2024-03-07T17:42:16.919Z,gyroscope sensor uncalibrated,-0.034208454,-0.07391469,0.22724187,-0.034208454,-0.07391469,0.22724187,3
867265800578757,2024-03-07T17:42:16.929Z,gyroscope sensor uncalibrated,0.040927973,-0.12156218,0.3390302,0.040927973,-0.12156218,0.3390302,3
867265810578757,2024-03-07T17:42:16.939Z,gyroscope sensor uncalibrated,0.065973446,-0.19303341,0.45265114,0.065973446,-0.19303341,0.45265114,3
867265820578757,2024-03-07T17:42:16.949Z,gyroscope sensor uncalibrated,0.07513642,-0.2657264,0.5357288,0.07513642,-0.2657264,0.5357288,3
867265830578757,2024-03-07T17:42:16.959Z,gyroscope sensor uncalibrated,0.13133603,-0.29871312,0.6102544,0.13133603,-0.29871312,0.6102544,3
867265840578757,2024-03-07T17:42:16.969Z,gyroscope sensor uncalibrated,0.19792034,-0.29260445,0.68111473,0.19792034,-0.29260445,0.68111473,3
867265850578757,2024-03-07T17:42:16.979Z,gyroscope sensor uncalibrated,0.23335053,-0.29077184,0.7287622,0.23335053,-0.29077184,0.7287622,3
867265860578757,2024-03-07T17:42:16.989Z,gyroscope sensor uncalibrated,0.25717425,-0.33964106,0.74097955,0.25717425,-0.33964106,0.74097955,3
867265870578990,2024-03-07T17:42:16.999Z,gyroscope sensor uncalibrated,0.28710666,-0.44593164,0.7538077,0.28710666,-0.44593164,0.7538077,3
867265880578990,2024-03-07T17:42:17.009Z,gyroscope sensor uncalibrated,0.30604348,-0.5687156,0.7812967,0.30604348,-0.5687156,0.7812967,3
867265890578990,2024-03-07T17:42:17.019Z,gyroscope sensor uncalibrated,0.28893927,-0.65301496,0.7849618,0.28893927,-0.65301496,0.7849618,3
867265900578490,2024-03-07T17:42:17.029Z,gyroscope sensor uncalibrated,0.27855456,-0.7147123,0.7440339,0.27855456,-0.7147123,0.7440339,3
867265910578490,2024-03-07T17:42:17.039Z,gyroscope sensor uncalibrated,0.2883284,-0.77763146,0.68783426,0.2883284,-0.77763146,0.68783426,3
867265920578490,2024-03-07T17:42:17.049Z,gyroscope sensor uncalibrated,0.3005457,-0.8362745,0.6591236,0.3005457,-0.8362745,0.6591236,3
867265930578723,2024-03-07T17:42:17.059Z,gyroscope sensor uncalibrated,0.36835176,-0.8436049,0.68416905,0.36835176,-0.8436049,0.68416905,3
867265940578723,2024-03-07T17:42:17.069Z,gyroscope sensor uncalibrated,0.40744713,-0.7715228,0.7495316,0.40744713,-0.7715228,0.7495316,3
867265950578723,2024-03-07T17:42:17.078Z,gyroscope sensor uncalibrated,0.37812558,-0.6462954,0.8051204,0.37812558,-0.6462954,0.8051204,3
867265960578723,2024-03-07T17:42:17.089Z,gyroscope sensor uncalibrated,0.3378085,-0.5222898,0.7812967,0.3378085,-0.5222898,0.7812967,3
867265970578723,2024-03-07T17:42:17.099Z,gyroscope sensor uncalibrated,0.28405234,-0.3378085,0.68539083,0.28405234,-0.3378085,0.68539083,3
867265980578489,2024-03-07T17:42:17.109Z,gyroscope sensor uncalibrated,0.15149458,-0.106901415,0.56382865,0.15149458,-0.106901415,0.56382865,3
867265990578489,2024-03-07T17:42:17.119Z,gyroscope sensor uncalibrated,-0.14477506,0.2443461,0.31337386,-0.14477506,0.2443461,0.31337386,3
867266000578489,2024-03-07T17:42:17.129Z,gyroscope sensor uncalibrated,-0.2950479,0.40683624,0.08368854,-0.2950479,0.40683624,0.08368854,3
867266010578489,2024-03-07T17:42:17.139Z,gyroscope sensor uncalibrated,-0.40683624,0.49541172,-0.12522738,-0.40683624,0.49541172,-0.12522738,3
867266020578489,2024-03-07T17:42:17.149Z,gyroscope sensor uncalibrated,-0.52106804,0.52290064,-0.22907446,-0.52106804,0.52290064,-0.22907446,3
867266030578489,2024-03-07T17:42:17.159Z,gyroscope sensor uncalibrated,-0.59986967,0.40133846,-0.2724459,-0.59986967,0.40133846,-0.2724459,3
867266040578489,2024-03-07T17:42:17.169Z,gyroscope sensor uncalibrated,-0.52839845,0.11789699,-0.2968805,-0.52839845,0.11789699,-0.2968805,3
867266050578489,2024-03-07T17:42:17.178Z,gyroscope sensor uncalibrated,-0.37934732,-0.23884831,-0.28405234,-0.37934732,-0.23884831,-0.28405234,3
867266060578489,2024-03-07T17:42:17.189Z,gyroscope sensor uncalibrated,-0.24129178,-0.58276546,-0.23762658,-0.24129178,-0.58276546,-0.23762658,3
867266070578489,2024-03-07T17:42:17.199Z,gyroscope sensor uncalibrated,-0.108123146,-0.83016586,-0.20952678,-0.108123146,-0.83016586,-0.20952678,3
867266080578489,2024-03-07T17:42:17.209Z,gyroscope sensor uncalibrated,0.0067195175,-0.93462384,-0.21135938,0.0067195175,-0.93462384,-0.21135938,3
867266090578489,2024-03-07T17:42:17.218Z,gyroscope sensor uncalibrated,0.06169739,-0.92179567,-0.24312437,0.06169739,-0.92179567,-0.24312437,3
867266100578489,2024-03-07T17:42:17.229Z,gyroscope sensor uncalibrated,0.05131268,-0.84421575,-0.27916542,0.05131268,-0.84421575,-0.27916542,3
867226164176064,2024-03-07T17:41:37.293Z,uncalibrated magnetic sensor,25.68,-54.3,-4.8599997,25.68,-54.3,-4.8599997,3
867226364152864,2024-03-07T17:41:37.493Z,uncalibrated magnetic sensor,25.98,-55.02,-5.2799997,25.98,-55.02,-5.2799997,3
867226564129197,2024-03-07T17:41:37.693Z,uncalibrated magnetic sensor,23.88,-55.079998,-4.8599997,23.88,-55.079998,-4.8599997,3
867226700104064,2024-03-07T17:41:37.828Z,uncalibrated magnetic sensor,24.06,-54.96,-4.02,24.06,-54.96,-4.02,3
867226720102064,2024-03-07T17:41:37.849Z,uncalibrated magnetic sensor,24.72,-54.719997,-3.48,24.72,-54.719997,-3.48,3
867226740098064,2024-03-07T17:41:37.869Z,uncalibrated magnetic sensor,24.359999,-54.3,-3.54,24.359999,-54.3,-3.54,3
867226760095064,2024-03-07T17:41:37.889Z,uncalibrated magnetic sensor,24.6,-53.76,-4.02,24.6,-53.76,-4.02,3
867226780092397,2024-03-07T17:41:37.909Z,uncalibrated magnetic sensor,24.6,-54.0,-3.78,24.6,-54.0,-3.78,3
867226800089897,2024-03-07T17:41:37.929Z,uncalibrated magnetic sensor,24.18,-53.699997,-4.2,24.18,-53.699997,-4.2,3
867226820087097,2024-03-07T17:41:37.949Z,uncalibrated magnetic sensor,24.119999,-53.76,-3.24,24.119999,-53.76,-3.24,3
867226840084430,2024-03-07T17:41:37.969Z,uncalibrated magnetic sensor,24.24,-53.34,-1.86,24.24,-53.34,-1.86,3
867226860081858,2024-03-07T17:41:37.989Z,uncalibrated magnetic sensor,23.699999,-52.5,-2.58,23.699999,-52.5,-2.58,3
867226880079108,2024-03-07T17:41:38.009Z,uncalibrated magnetic sensor,22.859999,-52.62,-3.06,22.859999,-52.62,-3.06,3
867226900076441,2024-03-07T17:41:38.028Z,uncalibrated magnetic sensor,22.98,-52.5,-2.52,22.98,-52.5,-2.52,3
867226920073841,2024-03-07T17:41:38.049Z,uncalibrated magnetic sensor,22.92,-53.399998,-3.1799998,22.92,-53.399998,-3.1799998,3
867226940071295,2024-03-07T17:41:38.069Z,uncalibrated magnetic sensor,23.1,-54.12,-3.9599998,23.1,-54.12,-3.9599998,3
867226960068628,2024-03-07T17:41:38.089Z,uncalibrated magnetic sensor,23.279999,-53.28,-3.72,23.279999,-53.28,-3.72,3
867226980066012,2024-03-07T17:41:38.109Z,uncalibrated magnetic sensor,23.22,-52.739998,-3.9599998,23.22,-52.739998,-3.9599998,3
867227000063440,2024-03-07T17:41:38.129Z,uncalibrated magnetic sensor,22.98,-52.86,-3.72,22.98,-52.86,-3.72,3
867227020060840,2024-03-07T17:41:38.149Z,uncalibrated magnetic sensor,23.1,-53.219997,-2.82,23.1,-53.219997,-2.82,3
867227040058277,2024-03-07T17:41:38.169Z,uncalibrated magnetic sensor,22.619999,-52.8,-3.6,22.619999,-52.8,-3.6,3
867227060055747,2024-03-07T17:41:38.189Z,uncalibrated magnetic sensor,22.26,-52.92,-4.74,22.26,-52.92,-4.74,3
867227080053247,2024-03-07T17:41:38.209Z,uncalibrated magnetic sensor,23.1,-53.76,-4.74,23.1,-53.76,-4.74,3
867227100050668,2024-03-07T17:41:38.229Z,uncalibrated magnetic sensor,23.58,-53.52,-4.92,23.58,-53.52,-4.92,3
867227120048118,2024-03-07T17:41:38.249Z,uncalibrated magnetic sensor,23.46,-53.039997,-5.22,23.46,-53.039997,-5.22,3
867227140045594,2024-03-07T17:41:38.269Z,uncalibrated magnetic sensor,23.22,-53.16,-4.5,23.22,-53.16,-4.5,3
867227160043094,2024-03-07T17:41:38.289Z,uncalibrated magnetic sensor,23.4,-53.52,-3.9599998,23.4,-53.52,-3.9599998,3
867227180040528,2024-03-07T17:41:38.309Z,uncalibrated magnetic sensor,23.279999,-53.16,-3.9599998,23.279999,-53.16,-3.9599998,3
867227200037986,2024-03-07T17:41:38.329Z,uncalibrated magnetic sensor,23.519999,-52.92,-3.54,23.519999,-52.92,-3.54,3
867227220035466,2024-03-07T17:41:38.349Z,uncalibrated magnetic sensor,24.18,-52.739998,-3.8999999,24.18,-52.739998,-3.8999999,3
867227240032927,2024-03-07T17:41:38.369Z,uncalibrated magnetic sensor,23.88,-52.62,-4.92,23.88,-52.62,-4.92,3
867227260030445,2024-03-07T17:41:38.388Z,uncalibrated magnetic sensor,23.279999,-52.379997,-4.38,23.279999,-52.379997,-4.38,3
867227280028052,2024-03-07T17:41:38.409Z,uncalibrated magnetic sensor,23.34,-52.8,-3.8999999,23.34,-52.8,-3.8999999,3
867227300025672,2024-03-07T17:41:38.429Z,uncalibrated magnetic sensor,23.039999,-53.52,-3.8999999,23.039999,-53.52,-3.8999999,3
867227320023238,2024-03-07T17:41:38.449Z,uncalibrated magnetic sensor,22.38,-53.16,-3.36,22.38,-53.16,-3.36,3
867227340020871,2024-03-07T17:41:38.469Z,uncalibrated magnetic sensor,22.619999,-52.559998,-3.1799998,22.619999,-52.559998,-3.1799998,3
867227360018504,2024-03-07T17:41:38.488Z,uncalibrated magnetic sensor,23.34,-52.379997,-3.6,23.34,-52.379997,-3.6,3
867227380016070,2024-03-07T17:41:38.509Z,uncalibrated magnetic sensor,24.0,-52.92,-3.54,24.0,-52.92,-3.54,3
867227400013636,2024-03-07T17:41:38.528Z,uncalibrated magnetic sensor,23.279999,-53.82,-3.3,23.279999,-53.82,-3.3,3
867227420011269,2024-03-07T17:41:38.549Z,uncalibrated magnetic sensor,23.16,-53.52,-3.8999999,23.16,-53.52,-3.8999999,3
867227440008902,2024-03-07T17:41:38.569Z,uncalibrated magnetic sensor,23.1,-52.98,-3.4199998,23.1,-52.98,-3.4199998,3
867227460006468,2024-03-07T17:41:38.589Z,uncalibrated magnetic sensor,22.98,-53.579998,-2.8799999,22.98,-53.579998,-2.8799999,3
867227480004101,2024-03-07T17:41:38.609Z,uncalibrated magnetic sensor,23.4,-54.18,-2.9399998,23.4,-54.18,-2.9399998,3
867227500001034,2024-03-07T17:41:38.629Z,uncalibrated magnetic sensor,23.46,-54.66,-2.34,23.46,-54.66,-2.34,3
867227519998600,2024-03-07T17:41:38.648Z,uncalibrated magnetic sensor,23.82,-53.879997,-1.5,23.82,-53.879997,-1.5,3
867227539996166,2024-03-07T17:41:38.668Z,uncalibrated magnetic sensor,24.359999,-53.579998,-2.46,24.359999,-53.579998,-2.46,3
867227559993799,2024-03-07T17:41:38.688Z,uncalibrated magnetic sensor,24.42,-53.879997,-3.1799998,24.42,-53.879997,-3.1799998,3
867227579991432,2024-03-07T17:41:38.708Z,uncalibrated magnetic sensor,23.46,-53.879997,-2.46,23.46,-53.879997,-2.46,3
867227599988998,2024-03-07T17:41:38.728Z,uncalibrated magnetic sensor,23.34,-53.76,-2.34,23.34,-53.76,-2.34,3
867227619986598,2024-03-07T17:41:38.748Z,uncalibrated magnetic sensor,23.16,-53.16,-3.36,23.16,-53.16,-3.36,3
867227639984198,2024-03-07T17:41:38.768Z,uncalibrated magnetic sensor,22.32,-52.5,-4.02,22.32,-52.5,-4.02,3
867227659981831,2024-03-07T17:41:38.788Z,uncalibrated magnetic sensor,22.74,-52.559998,-3.72,22.74,-52.559998,-3.72,3
867227679979397,2024-03-07T17:41:38.808Z,uncalibrated magnetic sensor,23.1,-53.579998,-2.8799999,23.1,-53.579998,-2.8799999,3
867227699977030,2024-03-07T17:41:38.827Z,uncalibrated magnetic sensor,22.8,-53.879997,-3.0,22.8,-53.879997,-3.0,3
867227719974663,2024-03-07T17:41:38.848Z,uncalibrated magnetic sensor,23.279999,-53.16,-3.4199998,23.279999,-53.16,-3.4199998,3
867227739972229,2024-03-07T17:41:38.868Z,uncalibrated magnetic sensor,23.46,-52.86,-3.72,23.46,-52.86,-3.72,3
867227759969795,2024-03-07T17:41:38.888Z,uncalibrated magnetic sensor,22.859999,-52.98,-4.08,22.859999,-52.98,-4.08,3
867227779967428,2024-03-07T17:41:38.908Z,uncalibrated magnetic sensor,22.38,-52.62,-3.48,22.38,-52.62,-3.48,3
867227799964928,2024-03-07T17:41:38.928Z,uncalibrated magnetic sensor,22.5,-52.559998,-4.02,22.5,-52.559998,-4.02,3
867227819962494,2024-03-07T17:41:38.948Z,uncalibrated magnetic sensor,23.039999,-52.68,-4.5,23.039999,-52.68,-4.5,3
867227839960094,2024-03-07T17:41:38.968Z,uncalibrated magnetic sensor,22.859999,-52.559998,-4.14,22.859999,-52.559998,-4.14,3
867227859957660,2024-03-07T17:41:38.988Z,uncalibrated magnetic sensor,22.439999,-52.26,-3.8999999,22.439999,-52.26,-3.8999999,3
867227879955093,2024-03-07T17:41:39.008Z,uncalibrated magnetic sensor,22.14,-51.96,-3.8999999,22.14,-51.96,-3.8999999,3
867227899952526,2024-03-07T17:41:39.028Z,uncalibrated magnetic sensor,22.439999,-51.719997,-3.4199998,22.439999,-51.719997,-3.4199998,3
867227919950026,2024-03-07T17:41:39.048Z,uncalibrated magnetic sensor,22.32,-51.84,-2.52,22.32,-51.84,-2.52,3
867227939947526,2024-03-07T17:41:39.068Z,uncalibrated magnetic sensor,22.02,-51.539997,-2.76,22.02,-51.539997,-2.76,3
867227959944959,2024-03-07T17:41:39.088Z,uncalibrated magnetic sensor,22.02,-52.02,-3.84,22.02,-52.02,-3.84,3
867227979942459,2024-03-07T17:41:39.108Z,uncalibrated magnetic sensor,22.619999,-52.14,-3.9599998,22.619999,-52.14,-3.9599998,3
867227999939959,2024-03-07T17:41:39.128Z,uncalibrated magnetic sensor,23.22,-52.379997,-3.3,23.22,-52.379997,-3.3,3
867228019937392,2024-03-07T17:41:39.148Z,uncalibrated magnetic sensor,23.46,-53.28,-3.4199998,23.46,-53.28,-3.4199998,3
867228039934825,2024-03-07T17:41:39.167Z,uncalibrated magnetic sensor,23.279999,-52.559998,-3.4199998,23.279999,-52.559998,-3.4199998,3
867228059932358,2024-03-07T17:41:39.188Z,uncalibrated magnetic sensor,22.98,-52.14,-3.4199998,22.98,-52.14,-3.4199998,3
867228079929891,2024-03-07T17:41:39.208Z,uncalibrated magnetic sensor,22.98,-52.079998,-3.4199998,22.98,-52.079998,-3.4199998,3
867228099928057,2024-03-07T17:41:39.228Z,uncalibrated magnetic sensor,23.46,-51.36,-3.72,23.46,-51.36,-3.72,3
867228119925590,2024-03-07T17:41:39.248Z,uncalibrated magnetic sensor,23.4,-51.539997,-4.3199997,23.4,-51.539997,-4.3199997,3
867228139923123,2024-03-07T17:41:39.268Z,uncalibrated magnetic sensor,22.5,-51.3,-3.6599998,22.5,-51.3,-3.6599998,3
867228159920656,2024-03-07T17:41:39.288Z,uncalibrated magnetic sensor,22.68,-51.059998,-3.78,22.68,-51.059998,-3.78,3
867228179918122,2024-03-07T17:41:39.308Z,uncalibrated magnetic sensor,22.199999,-51.239998,-4.44,22.199999,-51.239998,-4.44,3
867228199915655,2024-03-07T17:41:39.328Z,uncalibrated magnetic sensor,21.84,-50.82,-3.48,21.84,-50.82,-3.48,3
867228219913188,2024-03-07T17:41:39.348Z,uncalibrated magnetic sensor,22.8,-50.82,-3.54,22.8,-50.82,-3.54,3
867228239910654,2024-03-07T17:41:39.368Z,uncalibrated magnetic sensor,23.34,-51.48,-4.56,23.34,-51.48,-4.56,3
867228259908087,2024-03-07T17:41:39.388Z,uncalibrated magnetic sensor,23.22,-52.14,-4.44,23.22,-52.14,-4.44,3
867228279905587,2024-03-07T17:41:39.408Z,uncalibrated magnetic sensor,22.859999,-52.62,-4.74,22.859999,-52.62,-4.74,3
867228299903120,2024-03-07T17:41:39.428Z,uncalibrated magnetic sensor,22.38,-52.44,-4.8599997,22.38,-52.44,-4.8599997,3
867228319900753,2024-03-07T17:41:39.448Z,uncalibrated magnetic sensor,22.68,-52.02,-4.08,22.68,-52.02,-4.08,3
867228339898486,2024-03-07T17:41:39.467Z,uncalibrated magnetic sensor,23.1,-52.32,-4.2,23.1,-52.32,-4.2,3
867228359896252,2024-03-07T17:41:39.488Z,uncalibrated magnetic sensor,23.1,-52.199997,-4.5,23.1,-52.199997,-4.5,3
867228379894018,2024-03-07T17:41:39.508Z,uncalibrated magnetic sensor,23.22,-51.3,-4.56,23.22,-51.3,-4.56,3
867228399891918,2024-03-07T17:41:39.528Z,uncalibrated magnetic sensor,23.58,-51.0,-5.16,23.58,-51.0,-5.16,3
867228419889751,2024-03-07T17:41:39.548Z,uncalibrated magnetic sensor,23.1,-51.78,-5.3399997,23.1,-51.78,-5.3399997,3
867228439887584,2024-03-07T17:41:39.567Z,uncalibrated magnetic sensor,22.859999,-52.379997,-4.68,22.859999,-52.379997,-4.68,3
867228459885350,2024-03-07T17:41:39.588Z,uncalibrated magnetic sensor,23.34,-52.559998,-4.5,23.34,-52.559998,-4.5,3
867228479883183,2024-03-07T17:41:39.608Z,uncalibrated magnetic sensor,23.58,-52.14,-4.74,23.58,-52.14,-4.74,3
867228499880783,2024-03-07T17:41:39.628Z,uncalibrated magnetic sensor,23.519999,-51.66,-4.08,23.519999,-51.66,-4.08,3
867228519878549,2024-03-07T17:41:39.648Z,uncalibrated magnetic sensor,23.64,-51.78,-3.48,23.64,-51.78,-3.48,3
867228539876315,2024-03-07T17:41:39.668Z,uncalibrated magnetic sensor,23.46,-52.26,-4.02,23.46,-52.26,-4.02,3
867228559874148,2024-03-07T17:41:39.687Z,uncalibrated magnetic sensor,23.279999,-52.8,-3.24,23.279999,-52.8,-3.24,3
867228579871748,2024-03-07T17:41:39.708Z,uncalibrated magnetic sensor,23.22,-52.92,-2.58,23.22,-52.92,-2.58,3
867228599869514,2024-03-07T17:41:39.728Z,uncalibrated magnetic sensor,22.98,-52.98,-3.84,22.98,-52.98,-3.84,3
867228619867347,2024-03-07T17:41:39.748Z,uncalibrated magnetic sensor,23.039999,-52.02,-3.78,23.039999,-52.02,-3.78,3
867228639865180,2024-03-07T17:41:39.768Z,uncalibrated magnetic sensor,23.64,-52.02,-2.76,23.64,-52.02,-2.76,3
867228659862980,2024-03-07T17:41:39.788Z,uncalibrated magnetic sensor,23.82,-52.62,-2.76,23.82,-52.62,-2.76,3
867228679860713,2024-03-07T17:41:39.808Z,uncalibrated magnetic sensor,23.58,-52.02,-3.6,23.58,-52.02,-3.6,3
867228699858513,2024-03-07T17:41:39.828Z,uncalibrated magnetic sensor,23.16,-51.84,-3.72,23.16,-51.84,-3.72,3
867228719856313,2024-03-07T17:41:39.847Z,uncalibrated magnetic sensor,22.74,-52.5,-3.12,22.74,-52.5,-3.12,3
867228739854046,2024-03-07T17:41:39.868Z,uncalibrated magnetic sensor,23.1,-52.8,-3.1799998,23.1,-52.8,-3.1799998,3
867228759851779,2024-03-07T17:41:39.888Z,uncalibrated magnetic sensor,23.4,-52.68,-3.84,23.4,-52.68,-3.84,3
867228779849612,2024-03-07T17:41:39.908Z,uncalibrated magnetic sensor,23.4,-52.379997,-3.12,23.4,-52.379997,-3.12,3
867228799847445,2024-03-07T17:41:39.928Z,uncalibrated magnetic sensor,23.58,-52.379997,-2.34,23.58,-52.379997,-2.34,3
867228819845211,2024-03-07T17:41:39.948Z,uncalibrated magnetic sensor,24.0,-52.02,-2.9399998,24.0,-52.02,-2.9399998,3
867228839843044,2024-03-07T17:41:39.967Z,uncalibrated magnetic sensor,23.76,-51.719997,-2.52,23.76,-51.719997,-2.52,3
867228859840877,2024-03-07T17:41:39.988Z,uncalibrated magnetic sensor,23.46,-52.14,-2.28,23.46,-52.14,-2.28,3
867228879838643,2024-03-07T17:41:40.008Z,uncalibrated magnetic sensor,23.64,-52.199997,-2.76,23.64,-52.199997,-2.76,3
867228899836376,2024-03-07T17:41:40.028Z,uncalibrated magnetic sensor,23.699999,-51.36,-2.6399999,23.699999,-51.36,-2.6399999,3
867228919834009,2024-03-07T17:41:40.048Z,uncalibrated magnetic sensor,23.16,-50.7,-3.1799998,23.16,-50.7,-3.1799998,3
867228939831609,2024-03-07T17:41:40.068Z,uncalibrated magnetic sensor,22.68,-51.239998,-3.24,22.68,-51.239998,-3.24,3
867228959829109,2024-03-07T17:41:40.088Z,uncalibrated magnetic sensor,22.199999,-50.82,-2.52,22.199999,-50.82,-2.52,3
867228979826609,2024-03-07T17:41:40.107Z,uncalibrated magnetic sensor,22.08,-50.28,-2.58,22.08,-50.28,-2.58,3
867228999824109,2024-03-07T17:41:40.127Z,uncalibrated magnetic sensor,22.5,-50.64,-3.4199998,22.5,-50.64,-3.4199998,3
867229019821542,2024-03-07T17:41:40.148Z,uncalibrated magnetic sensor,23.039999,-51.239998,-3.3,23.039999,-51.239998,-3.3,3
867229039818975,2024-03-07T17:41:40.168Z,uncalibrated magnetic sensor,23.46,-51.239998,-2.82,23.46,-51.239998,-2.82,3
867229059816475,2024-03-07T17:41:40.188Z,uncalibrated magnetic sensor,23.82,-51.12,-2.58,23.82,-51.12,-2.58,3
867229079813975,2024-03-07T17:41:40.207Z,uncalibrated magnetic sensor,23.699999,-51.239998,-1.92,23.699999,-51.239998,-1.92,3
867229099811641,2024-03-07T17:41:40.228Z,uncalibrated magnetic sensor,23.34,-51.36,-2.46,23.34,-51.36,-2.46,3
867229119809141,2024-03-07T17:41:40.248Z,uncalibrated magnetic sensor,23.699999,-51.6,-2.04,23.699999,-51.6,-2.04,3
867229139806641,2024-03-07T17:41:40.268Z,uncalibrated magnetic sensor,24.0,-51.899998,-1.92,24.0,-51.899998,-1.92,3
867229159804141,2024-03-07T17:41:40.288Z,uncalibrated magnetic sensor,23.34,-52.26,-2.3999999,23.34,-52.26,-2.3999999,3
867229179801841,2024-03-07T17:41:40.308Z,uncalibrated magnetic sensor,22.859999,-51.18,-2.7,22.859999,-51.18,-2.7,3
867229199799374,2024-03-07T17:41:40.328Z,uncalibrated magnetic sensor,22.68,-50.64,-3.0,22.68,-50.64,-3.0,3
867229219796907,2024-03-07T17:41:40.348Z,uncalibrated magnetic sensor,22.08,-51.48,-2.7,22.08,-51.48,-2.7,3
867229239794373,2024-03-07T17:41:40.368Z,uncalibrated magnetic sensor,21.779999,-52.26,-3.0,21.779999,-52.26,-3.0,3
867229259791839,2024-03-07T17:41:40.388Z,uncalibrated magnetic sensor,21.9,-51.539997,-3.84,21.9,-51.539997,-3.84,3
867229279789372,2024-03-07T17:41:40.408Z,uncalibrated magnetic sensor,22.38,-51.36,-4.2599998,22.38,-51.36,-4.2599998,3
867229299786905,2024-03-07T17:41:40.428Z,uncalibrated magnetic sensor,22.32,-51.84,-3.78,22.32,-51.84,-3.78,3
867229319784371,2024-03-07T17:41:40.448Z,uncalibrated magnetic sensor,22.74,-51.42,-2.6399999,22.74,-51.42,-2.6399999,3
867229339781904,2024-03-07T17:41:40.468Z,uncalibrated magnetic sensor,22.74,-52.14,-2.46,22.74,-52.14,-2.46,3
867229359779437,2024-03-07T17:41:40.488Z,uncalibrated magnetic sensor,23.039999,-52.26,-2.76,23.039999,-52.26,-2.76,3
867229379776903,2024-03-07T17:41:40.508Z,uncalibrated magnetic sensor,23.88,-51.899998,-2.76,23.88,-51.899998,-2.76,3
867229399774403,2024-03-07T17:41:40.528Z,uncalibrated magnetic sensor,23.82,-51.66,-3.6599998,23.82,-51.66,-3.6599998,3
867229419772036,2024-03-07T17:41:40.547Z,uncalibrated magnetic sensor,23.16,-51.18,-4.38,23.16,-51.18,-4.38,3
867229439769669,2024-03-07T17:41:40.568Z,uncalibrated magnetic sensor,23.1,-51.3,-3.9599998,23.1,-51.3,-3.9599998,3
867229459767235,2024-03-07T17:41:40.588Z,uncalibrated magnetic sensor,23.1,-50.879997,-3.48,23.1,-50.879997,-3.48,3
867229479764868,2024-03-07T17:41:40.608Z,uncalibrated magnetic sensor,21.84,-50.82,-2.9399998,21.84,-50.82,-2.9399998,3
867229499761801,2024-03-07T17:41:40.628Z,uncalibrated magnetic sensor,22.32,-51.539997,-2.76,22.32,-51.539997,-2.76,3
867229519761267,2024-03-07T17:41:40.647Z,uncalibrated magnetic sensor,22.92,-51.96,-3.72,22.92,-51.96,-3.72,3
867229539758833,2024-03-07T17:41:40.668Z,uncalibrated magnetic sensor,22.08,-51.539997,-3.6599998,22.08,-51.539997,-3.6599998,3
867229559756466,2024-03-07T17:41:40.687Z,uncalibrated magnetic sensor,21.6,-50.64,-3.3,21.6,-50.64,-3.3,3
867229579754099,2024-03-07T17:41:40.708Z,uncalibrated magnetic sensor,21.539999,-50.52,-2.46,21.539999,-50.52,-2.46,3
867229599750965,2024-03-07T17:41:40.728Z,uncalibrated magnetic sensor,22.859999,-50.579998,-2.04,22.859999,-50.579998,-2.04,3
867229619748598,2024-03-07T17:41:40.748Z,uncalibrated magnetic sensor,22.68,-50.34,-2.3999999,22.68,-50.34,-2.3999999,3
867229639746231,2024-03-07T17:41:40.768Z,uncalibrated magnetic sensor,21.96,-50.28,-2.04,21.96,-50.28,-2.04,3
867229659743864,2024-03-07T17:41:40.788Z,uncalibrated magnetic sensor,23.16,-51.0,-2.1,23.16,-51.0,-2.1,3
867229679741430,2024-03-07T17:41:40.808Z,uncalibrated magnetic sensor,23.58,-51.239998,-2.46,23.58,-51.239998,-2.46,3
867229699739063,2024-03-07T17:41:40.827Z,uncalibrated magnetic sensor,23.279999,-51.48,-2.3999999,23.279999,-51.48,-2.3999999,3
867229719736696,2024-03-07T17:41:40.848Z,uncalibrated magnetic sensor,23.279999,-51.78,-1.68,23.279999,-51.78,-1.68,3
867229739734262,2024-03-07T17:41:40.868Z,uncalibrated magnetic sensor,23.76,-51.36,-2.28,23.76,-51.36,-2.28,3
867229759731828,2024-03-07T17:41:40.888Z,uncalibrated magnetic sensor,23.82,-51.899998,-3.4199998,23.82,-51.899998,-3.4199998,3
867229779729428,2024-03-07T17:41:40.908Z,uncalibrated magnetic sensor,23.22,-52.32,-3.78,23.22,-52.32,-3.78,3
867229799727028,2024-03-07T17:41:40.928Z,uncalibrated magnetic sensor,23.22,-51.6,-3.8999999,23.22,-51.6,-3.8999999,3
867229819724594,2024-03-07T17:41:40.948Z,uncalibrated magnetic sensor,22.92,-50.76,-3.8999999,22.92,-50.76,-3.8999999,3
867229839722227,2024-03-07T17:41:40.968Z,uncalibrated magnetic sensor,21.779999,-51.36,-3.72,21.779999,-51.36,-3.72,3
867229859719860,2024-03-07T17:41:40.988Z,uncalibrated magnetic sensor,22.439999,-51.66,-2.8799999,22.439999,-51.66,-2.8799999,3
867229879717426,2024-03-07T17:41:41.008Z,uncalibrated magnetic sensor,23.519999,-51.78,-2.34,23.519999,-51.78,-2.34,3
867229899714992,2024-03-07T17:41:41.028Z,uncalibrated magnetic sensor,24.66,-51.96,-2.7,24.66,-51.96,-2.7,3
867229919712625,2024-03-07T17:41:41.048Z,uncalibrated magnetic sensor,24.9,-52.26,-2.34,24.9,-52.26,-2.34,3
867229939710258,2024-03-07T17:41:41.068Z,uncalibrated magnetic sensor,23.46,-52.86,-1.8,23.46,-52.86,-1.8,3
867229959707824,2024-03-07T17:41:41.088Z,uncalibrated magnetic sensor,23.039999,-52.62,-2.28,23.039999,-52.62,-2.28,3
867229979705424,2024-03-07T17:41:41.108Z,uncalibrated magnetic sensor,23.519999,-53.46,-2.8799999,23.519999,-53.46,-2.8799999,3
867229999702990,2024-03-07T17:41:41.128Z,uncalibrated magnetic sensor,23.82,-52.98,-3.24,23.82,-52.98,-3.24,3
867230019700423,2024-03-07T17:41:41.148Z,uncalibrated magnetic sensor,23.16,-52.32,-2.7,23.16,-52.32,-2.7,3
867230039697856,2024-03-07T17:41:41.168Z,uncalibrated magnetic sensor,22.8,-52.079998,-2.9399998,22.8,-52.079998,-2.9399998,3
867230059694656,2024-03-07T17:41:41.188Z,uncalibrated magnetic sensor,23.039999,-50.52,-2.8799999,23.039999,-50.52,-2.8799999,3
867230079692156,2024-03-07T17:41:41.207Z,uncalibrated magnetic sensor,22.8,-50.399998,-2.46,22.8,-50.399998,-2.46,3
867230099690289,2024-03-07T17:41:41.228Z,uncalibrated magnetic sensor,23.16,-51.6,-3.06,23.16,-51.6,-3.06,3
867230119685889,2024-03-07T17:41:41.248Z,uncalibrated magnetic sensor,23.64,-52.14,-3.12,23.64,-52.14,-3.12,3
867230139683389,2024-03-07T17:41:41.268Z,uncalibrated magnetic sensor,23.64,-52.5,-2.9399998,23.64,-52.5,-2.9399998,3
867230159680889,2024-03-07T17:41:41.288Z,uncalibrated magnetic sensor,23.88,-52.739998,-3.12,23.88,-52.739998,-3.12,3
867230179678322,2024-03-07T17:41:41.308Z,uncalibrated magnetic sensor,24.18,-52.379997,-3.24,24.18,-52.379997,-3.24,3
867230199676522,2024-03-07T17:41:41.328Z,uncalibrated magnetic sensor,24.42,-52.92,-2.8799999,24.42,-52.92,-2.8799999,3
867230219674055,2024-03-07T17:41:41.348Z,uncalibrated magnetic sensor,24.539999,-52.62,-2.7,24.539999,-52.62,-2.7,3
867230239670821,2024-03-07T17:41:41.368Z,uncalibrated magnetic sensor,23.58,-52.02,-2.58,23.58,-52.02,-2.58,3
867230259668287,2024-03-07T17:41:41.388Z,uncalibrated magnetic sensor,23.4,-52.14,-2.52,23.4,-52.14,-2.52,3
867230279665820,2024-03-07T17:41:41.408Z,uncalibrated magnetic sensor,24.06,-51.78,-3.78,24.06,-51.78,-3.78,3
867230299663353,2024-03-07T17:41:41.427Z,uncalibrated magnetic sensor,24.06,-51.0,-3.84,24.06,-51.0,-3.84,3
867230319660819,2024-03-07T17:41:41.448Z,uncalibrated magnetic sensor,23.34,-50.879997,-3.24,23.34,-50.879997,-3.24,3
867230339658352,2024-03-07T17:41:41.468Z,uncalibrated magnetic sensor,22.439999,-51.42,-3.0,22.439999,-51.42,-3.0,3
867230359655885,2024-03-07T17:41:41.488Z,uncalibrated magnetic sensor,22.199999,-51.719997,-3.0,22.199999,-51.719997,-3.0,3
867230379653351,2024-03-07T17:41:41.508Z,uncalibrated magnetic sensor,22.32,-51.539997,-3.54,22.32,-51.539997,-3.54,3
867230399650817,2024-03-07T17:41:41.528Z,uncalibrated magnetic sensor,23.039999,-51.12,-3.36,23.039999,-51.12,-3.36,3
867230419648317,2024-03-07T17:41:41.548Z,uncalibrated magnetic sensor,23.039999,-51.0,-3.12,23.039999,-51.0,-3.12,3
867230439645850,2024-03-07T17:41:41.568Z,uncalibrated magnetic sensor,22.5,-50.579998,-3.24,22.5,-50.579998,-3.24,3
867230459643483,2024-03-07T17:41:41.587Z,uncalibrated magnetic sensor,22.5,-50.879997,-3.6599998,22.5,-50.879997,-3.6599998,3
867230479641216,2024-03-07T17:41:41.608Z,uncalibrated magnetic sensor,22.32,-51.84,-4.08,22.32,-51.84,-4.08,3
867230499671616,2024-03-07T17:41:41.628Z,uncalibrated magnetic sensor,22.199999,-52.32,-4.08,22.199999,-52.32,-4.08,3
867230519702049,2024-03-07T17:41:41.647Z,uncalibrated magnetic sensor,22.68,-51.84,-3.84,22.68,-51.84,-3.84,3
867230539733182,2024-03-07T17:41:41.668Z,uncalibrated magnetic sensor,22.38,-50.76,-3.84,22.38,-50.76,-3.84,3
867230559764382,2024-03-07T17:41:41.688Z,uncalibrated magnetic sensor,21.42,-50.94,-4.02,21.42,-50.94,-4.02,3
867230579795582,2024-03-07T17:41:41.708Z,uncalibrated magnetic sensor,21.6,-51.48,-3.78,21.6,-51.48,-3.78,3
867230599826715,2024-03-07T17:41:41.728Z,uncalibrated magnetic sensor,21.84,-51.36,-3.9599998,21.84,-51.36,-3.9599998,3
867230619857915,2024-03-07T17:41:41.748Z,uncalibrated magnetic sensor,22.439999,-51.6,-4.38,22.439999,-51.6,-4.38,3
867230639889115,2024-03-07T17:41:41.767Z,uncalibrated magnetic sensor,22.98,-51.84,-4.08,22.98,-51.84,-4.08,3
867230659920948,2024-03-07T17:41:41.788Z,uncalibrated magnetic sensor,22.5,-52.079998,-3.6,22.5,-52.079998,-3.6,3
867230679952081,2024-03-07T17:41:41.808Z,uncalibrated magnetic sensor,22.859999,-52.199997,-3.54,22.859999,-52.199997,-3.54,3
867230699983281,2024-03-07T17:41:41.828Z,uncalibrated magnetic sensor,22.5,-51.48,-4.56,22.5,-51.48,-4.56,3
867230720014481,2024-03-07T17:41:41.849Z,uncalibrated magnetic sensor,22.199999,-51.48,-4.2,22.199999,-51.48,-4.2,3
867230740045614,2024-03-07T17:41:41.868Z,uncalibrated magnetic sensor,23.1,-52.079998,-4.02,23.1,-52.079998,-4.02,3
867230760076747,2024-03-07T17:41:41.889Z,uncalibrated magnetic sensor,22.859999,-51.96,-5.16,22.859999,-51.96,-5.16,3
867230780107947,2024-03-07T17:41:41.909Z,uncalibrated magnetic sensor,22.32,-52.379997,-4.68,22.32,-52.379997,-4.68,3
867230800139147,2024-03-07T17:41:41.929Z,uncalibrated magnetic sensor,22.98,-52.199997,-4.2,22.98,-52.199997,-4.2,3
867230820170247,2024-03-07T17:41:41.949Z,uncalibrated magnetic sensor,23.46,-52.199997,-4.68,23.46,-52.199997,-4.68,3
867230840235447,2024-03-07T17:41:41.969Z,uncalibrated magnetic sensor,22.98,-53.219997,-4.8599997,22.98,-53.219997,-4.8599997,3
867230860299947,2024-03-07T17:41:41.989Z,uncalibrated magnetic sensor,23.1,-53.399998,-4.38,23.1,-53.399998,-4.38,3
867230880364413,2024-03-07T17:41:42.009Z,uncalibrated magnetic sensor,22.56,-52.199997,-4.44,22.56,-52.199997,-4.44,3
867230900428879,2024-03-07T17:41:42.029Z,uncalibrated magnetic sensor,21.96,-51.539997,-4.7999997,21.96,-51.539997,-4.7999997,3
867230920493412,2024-03-07T17:41:42.048Z,uncalibrated magnetic sensor,23.1,-52.02,-3.9599998,23.1,-52.02,-3.9599998,3
867230944473139,2024-03-07T17:41:42.072Z,uncalibrated magnetic sensor,22.68,-52.26,-3.78,22.68,-52.26,-3.78,3
867230964537605,2024-03-07T17:41:42.093Z,uncalibrated magnetic sensor,22.439999,-52.079998,-3.6,22.439999,-52.079998,-3.6,3
867230984602138,2024-03-07T17:41:42.113Z,uncalibrated magnetic sensor,22.92,-51.239998,-2.7,22.92,-51.239998,-2.7,3
867231004666671,2024-03-07T17:41:42.133Z,uncalibrated magnetic sensor,22.619999,-51.42,-3.36,22.619999,-51.42,-3.36,3
867231024731137,2024-03-07T17:41:42.153Z,uncalibrated magnetic sensor,22.5,-51.96,-4.3199997,22.5,-51.96,-4.3199997,3
867231044795570,2024-03-07T17:41:42.173Z,uncalibrated magnetic sensor,21.96,-51.0,-4.2599998,21.96,-51.0,-4.2599998,3
867231064859270,2024-03-07T17:41:42.193Z,uncalibrated magnetic sensor,21.779999,-50.7,-4.38,21.779999,-50.7,-4.38,3
867231084923570,2024-03-07T17:41:42.213Z,uncalibrated magnetic sensor,22.02,-50.82,-4.14,22.02,-50.82,-4.14,3
867231104955136,2024-03-07T17:41:42.233Z,uncalibrated magnetic sensor,21.96,-50.76,-3.9599998,21.96,-50.76,-3.9599998,3
867231124986669,2024-03-07T17:41:42.253Z,uncalibrated magnetic sensor,21.72,-51.3,-4.62,21.72,-51.3,-4.62,3
867231145017502,2024-03-07T17:41:42.274Z,uncalibrated magnetic sensor,21.42,-51.48,-4.02,21.42,-51.48,-4.02,3
867231165048268,2024-03-07T17:41:42.294Z,uncalibrated magnetic sensor,21.119999,-51.36,-3.24,21.119999,-51.36,-3.24,3
867231185079034,2024-03-07T17:41:42.314Z,uncalibrated magnetic sensor,21.18,-50.52,-3.4199998,21.18,-50.52,-3.4199998,3
867231205109867,2024-03-07T17:41:42.334Z,uncalibrated magnetic sensor,22.5,-50.1,-3.1799998,22.5,-50.1,-3.1799998,3
867231225140700,2024-03-07T17:41:42.354Z,uncalibrated magnetic sensor,22.98,-51.18,-3.36,22.98,-51.18,-3.36,3
867231245171466,2024-03-07T17:41:42.374Z,uncalibrated magnetic sensor,22.26,-51.18,-3.8999999,22.26,-51.18,-3.8999999,3
867231265202299,2024-03-07T17:41:42.394Z,uncalibrated magnetic sensor,22.26,-50.399998,-3.1799998,22.26,-50.399998,-3.1799998,3
867231285233165,2024-03-07T17:41:42.414Z,uncalibrated magnetic sensor,22.619999,-50.16,-2.46,22.619999,-50.16,-2.46,3
867231305263965,2024-03-07T17:41:42.434Z,uncalibrated magnetic sensor,22.619999,-50.7,-3.24,22.619999,-50.7,-3.24,3
867231325294765,2024-03-07T17:41:42.454Z,uncalibrated magnetic sensor,21.9,-51.0,-3.24,21.9,-51.0,-3.24,3
867231345325631,2024-03-07T17:41:42.474Z,uncalibrated magnetic sensor,21.779999,-49.86,-2.82,21.779999,-49.86,-2.82,3
867231365356497,2024-03-07T17:41:42.494Z,uncalibrated magnetic sensor,21.06,-49.62,-3.78,21.06,-49.62,-3.78,3
867231385387297,2024-03-07T17:41:42.514Z,uncalibrated magnetic sensor,20.34,-50.399998,-4.14,20.34,-50.399998,-4.14,3
867231405418097,2024-03-07T17:41:42.533Z,uncalibrated magnetic sensor,20.699999,-50.579998,-4.5,20.699999,-50.579998,-4.5,3
867231425448963,2024-03-07T17:41:42.554Z,uncalibrated magnetic sensor,20.699999,-50.879997,-4.74,20.699999,-50.879997,-4.74,3
867231445446429,2024-03-07T17:41:42.574Z,uncalibrated magnetic sensor,21.42,-50.94,-4.14,21.42,-50.94,-4.14,3
867231465443895,2024-03-07T17:41:42.594Z,uncalibrated magnetic sensor,21.96,-50.579998,-4.44,21.96,-50.579998,-4.44,3
867231485441395,2024-03-07T17:41:42.614Z,uncalibrated magnetic sensor,21.359999,-50.94,-4.08,21.359999,-50.94,-4.08,3
867231505438195,2024-03-07T17:41:42.634Z,uncalibrated magnetic sensor,21.3,-51.96,-3.06,21.3,-51.96,-3.06,3
867231525434961,2024-03-07T17:41:42.654Z,uncalibrated magnetic sensor,21.6,-52.14,-3.8999999,21.6,-52.14,-3.8999999,3
867231545433761,2024-03-07T17:41:42.674Z,uncalibrated magnetic sensor,21.24,-52.02,-4.74,21.24,-52.02,-4.74,3
867231565430761,2024-03-07T17:41:42.694Z,uncalibrated magnetic sensor,20.88,-51.66,-3.8999999,20.88,-51.66,-3.8999999,3
867231585428494,2024-03-07T17:41:42.714Z,uncalibrated magnetic sensor,21.42,-51.48,-3.4199998,21.42,-51.48,-3.4199998,3
867231605426260,2024-03-07T17:41:42.734Z,uncalibrated magnetic sensor,21.6,-52.02,-4.2,21.6,-52.02,-4.2,3
867231625424093,2024-03-07T17:41:42.754Z,uncalibrated magnetic sensor,20.4,-52.44,-4.5,20.4,-52.44,-4.5,3
867231645421926,2024-03-07T17:41:42.774Z,uncalibrated magnetic sensor,19.98,-51.78,-4.14,19.98,-51.78,-4.14,3
867231665420326,2024-03-07T17:41:42.794Z,uncalibrated magnetic sensor,21.359999,-51.48,-4.02,21.359999,-51.48,-4.02,3
867231685418092,2024-03-07T17:41:42.814Z,uncalibrated magnetic sensor,21.3,-52.14,-3.24,21.3,-52.14,-3.24,3
867231705415925,2024-03-07T17:41:42.834Z,uncalibrated magnetic sensor,21.0,-51.899998,-3.0,21.0,-51.899998,-3.0,3
867231725413758,2024-03-07T17:41:42.853Z,uncalibrated magnetic sensor,22.26,-51.899998,-3.54,22.26,-51.899998,-3.54,3
867231745411524,2024-03-07T17:41:42.873Z,uncalibrated magnetic sensor,22.32,-51.96,-4.2599998,22.32,-51.96,-4.2599998,3
867231765409357,2024-03-07T17:41:42.894Z,uncalibrated magnetic sensor,21.48,-51.539997,-4.2599998,21.48,-51.539997,-4.2599998,3
867231785407190,2024-03-07T17:41:42.914Z,uncalibrated magnetic sensor,21.6,-51.96,-3.6,21.6,-51.96,-3.6,3
867231805404956,2024-03-07T17:41:42.934Z,uncalibrated magnetic sensor,22.32,-52.5,-3.6,22.32,-52.5,-3.6,3
867231825402722,2024-03-07T17:41:42.954Z,uncalibrated magnetic sensor,22.08,-51.78,-2.76,22.08,-51.78,-2.76,3
867231845400555,2024-03-07T17:41:42.974Z,uncalibrated magnetic sensor,21.84,-51.96,-1.92,21.84,-51.96,-1.92,3
867231865398388,2024-03-07T17:41:42.994Z,uncalibrated magnetic sensor,22.38,-52.68,-2.34,22.38,-52.68,-2.34,3
867231885396121,2024-03-07T17:41:43.014Z,uncalibrated magnetic sensor,22.68,-52.199997,-2.46,22.68,-52.199997,-2.46,3
867231905393921,2024-03-07T17:41:43.034Z,uncalibrated magnetic sensor,22.74,-51.78,-2.52,22.74,-51.78,-2.52,3
867231925391721,2024-03-07T17:41:43.054Z,uncalibrated magnetic sensor,23.16,-52.32,-3.24,23.16,-52.32,-3.24,3
867231945389521,2024-03-07T17:41:43.074Z,uncalibrated magnetic sensor,23.64,-52.8,-2.76,23.64,-52.8,-2.76,3
867231965387254,2024-03-07T17:41:43.094Z,uncalibrated magnetic sensor,23.519999,-52.92,-2.04,23.519999,-52.92,-2.04,3
867231985385054,2024-03-07T17:41:43.114Z,uncalibrated magnetic sensor,22.8,-53.219997,-1.92,22.8,-53.219997,-1.92,3
867232005382887,2024-03-07T17:41:43.134Z,uncalibrated magnetic sensor,23.4,-53.16,-2.82,23.4,-53.16,-2.82,3
867232025380653,2024-03-07T17:41:43.154Z,uncalibrated magnetic sensor,23.46,-53.34,-2.82,23.46,-53.34,-2.82,3
867232045378486,2024-03-07T17:41:43.174Z,uncalibrated magnetic sensor,22.619999,-53.46,-1.74,22.619999,-53.46,-1.74,3
867232065376319,2024-03-07T17:41:43.194Z,uncalibrated magnetic sensor,23.279999,-52.98,-2.04,23.279999,-52.98,-2.04,3
867232085374152,2024-03-07T17:41:43.214Z,uncalibrated magnetic sensor,23.76,-52.32,-2.1,23.76,-52.32,-2.1,3
867232105372618,2024-03-07T17:41:43.234Z,uncalibrated magnetic sensor,23.279999,-52.8,-1.56,23.279999,-52.8,-1.56,3
867232125371118,2024-03-07T17:41:43.254Z,uncalibrated magnetic sensor,23.1,-52.92,-1.9799999,23.1,-52.92,-1.9799999,3
867232145366951,2024-03-07T17:41:43.274Z,uncalibrated magnetic sensor,23.039999,-52.68,-2.82,23.039999,-52.68,-2.82,3
867232165364284,2024-03-07T17:41:43.294Z,uncalibrated magnetic sensor,22.5,-52.559998,-2.34,22.5,-52.559998,-2.34,3
867232185361117,2024-03-07T17:41:43.313Z,uncalibrated magnetic sensor,22.08,-52.8,-1.26,22.08,-52.8,-1.26,3
867232205358617,2024-03-07T17:41:43.334Z,uncalibrated magnetic sensor,22.08,-52.62,-1.8,22.08,-52.62,-1.8,3
867232225356117,2024-03-07T17:41:43.354Z,uncalibrated magnetic sensor,21.72,-52.14,-2.34,21.72,-52.14,-2.34,3
867232245353550,2024-03-07T17:41:43.374Z,uncalibrated magnetic sensor,21.84,-52.32,-1.4399999,21.84,-52.32,-1.4399999,3
867232265351050,2024-03-07T17:41:43.394Z,uncalibrated magnetic sensor,23.039999,-52.079998,-1.8,23.039999,-52.079998,-1.8,3
867232285348550,2024-03-07T17:41:43.414Z,uncalibrated magnetic sensor,23.4,-52.199997,-2.1,23.4,-52.199997,-2.1,3
867232305345983,2024-03-07T17:41:43.434Z,uncalibrated magnetic sensor,23.039999,-52.559998,-1.8,23.039999,-52.559998,-1.8,3
867232325343416,2024-03-07T17:41:43.454Z,uncalibrated magnetic sensor,23.22,-52.98,-1.5,23.22,-52.98,-1.5,3
867232345340916,2024-03-07T17:41:43.474Z,uncalibrated magnetic sensor,23.039999,-52.98,-1.38,23.039999,-52.98,-1.38,3
867232365338416,2024-03-07T17:41:43.494Z,uncalibrated magnetic sensor,22.439999,-53.16,-1.9799999,22.439999,-53.16,-1.9799999,3
867232385335849,2024-03-07T17:41:43.514Z,uncalibrated magnetic sensor,22.92,-53.579998,-2.1599998,22.92,-53.579998,-2.1599998,3
867232405333382,2024-03-07T17:41:43.534Z,uncalibrated magnetic sensor,22.8,-53.16,-2.1,22.8,-53.16,-2.1,3
867232425330915,2024-03-07T17:41:43.554Z,uncalibrated magnetic sensor,22.5,-52.5,-1.74,22.5,-52.5,-1.74,3
867232445328448,2024-03-07T17:41:43.573Z,uncalibrated magnetic sensor,22.859999,-52.079998,-1.9799999,22.859999,-52.079998,-1.9799999,3
867232465325914,2024-03-07T17:41:43.594Z,uncalibrated magnetic sensor,23.279999,-52.14,-2.52,23.279999,-52.14,-2.52,3
867232485323447,2024-03-07T17:41:43.614Z,uncalibrated magnetic sensor,22.8,-52.44,-1.4399999,22.8,-52.44,-1.4399999,3
867232505320980,2024-03-07T17:41:43.634Z,uncalibrated magnetic sensor,22.859999,-52.5,-1.38,22.859999,-52.5,-1.38,3
867232525318446,2024-03-07T17:41:43.654Z,uncalibrated magnetic sensor,22.859999,-52.44,-1.8,22.859999,-52.44,-1.8,3
867232545315912,2024-03-07T17:41:43.674Z,uncalibrated magnetic sensor,22.08,-52.44,-1.62,22.08,-52.44,-1.62,3
867232565313445,2024-03-07T17:41:43.694Z,uncalibrated magnetic sensor,22.56,-52.379997,-2.34,22.56,-52.379997,-2.34,3
867232585310978,2024-03-07T17:41:43.714Z,uncalibrated magnetic sensor,22.859999,-52.26,-2.82,22.859999,-52.26,-2.82,3
867232605308411,2024-03-07T17:41:43.734Z,uncalibrated magnetic sensor,22.32,-52.32,-2.8799999,22.32,-52.32,-2.8799999,3
867232625305944,2024-03-07T17:41:43.754Z,uncalibrated magnetic sensor,22.08,-52.26,-2.3999999,22.08,-52.26,-2.3999999,3
867232645303510,2024-03-07T17:41:43.774Z,uncalibrated magnetic sensor,22.32,-52.02,-2.1,22.32,-52.02,-2.1,3
867232665301076,2024-03-07T17:41:43.793Z,uncalibrated magnetic sensor,22.32,-52.26,-2.22,22.32,-52.26,-2.22,3
867232685298642,2024-03-07T17:41:43.814Z,uncalibrated magnetic sensor,22.68,-52.62,-2.46,22.68,-52.62,-2.46,3
867232705296275,2024-03-07T17:41:43.833Z,uncalibrated magnetic sensor,23.1,-52.26,-2.82,23.1,-52.26,-2.82,3
867232725293908,2024-03-07T17:41:43.854Z,uncalibrated magnetic sensor,23.519999,-52.44,-2.34,23.519999,-52.44,-2.34,3
867232745292174,2024-03-07T17:41:43.874Z,uncalibrated magnetic sensor,23.22,-52.559998,-2.34,23.22,-52.559998,-2.34,3
867232765290740,2024-03-07T17:41:43.894Z,uncalibrated magnetic sensor,22.98,-52.26,-3.1799998,22.98,-52.26,-3.1799998,3
867232785289073,2024-03-07T17:41:43.914Z,uncalibrated magnetic sensor,22.439999,-52.199997,-3.6599998,22.439999,-52.199997,-3.6599998,3
867232805286639,2024-03-07T17:41:43.934Z,uncalibrated magnetic sensor,21.539999,-52.8,-2.8799999,21.539999,-52.8,-2.8799999,3
867232825284205,2024-03-07T17:41:43.954Z,uncalibrated magnetic sensor,22.439999,-52.62,-2.04,22.439999,-52.62,-2.04,3
867232845281838,2024-03-07T17:41:43.974Z,uncalibrated magnetic sensor,22.74,-52.8,-2.1599998,22.74,-52.8,-2.1599998,3
867232865279471,2024-03-07T17:41:43.993Z,uncalibrated magnetic sensor,22.92,-53.219997,-2.1599998,22.92,-53.219997,-2.1599998,3
867232885277037,2024-03-07T17:41:44.014Z,uncalibrated magnetic sensor,23.22,-53.16,-2.82,23.22,-53.16,-2.82,3
867232905274670,2024-03-07T17:41:44.033Z,uncalibrated magnetic sensor,23.46,-53.399998,-3.3,23.46,-53.399998,-3.3,3
867232925272303,2024-03-07T17:41:44.054Z,uncalibrated magnetic sensor,23.76,-53.039997,-3.24,23.76,-53.039997,-3.24,3
867232945269936,2024-03-07T17:41:44.074Z,uncalibrated magnetic sensor,23.46,-52.86,-3.78,23.46,-52.86,-3.78,3
867232965267502,2024-03-07T17:41:44.094Z,uncalibrated magnetic sensor,23.16,-53.34,-3.3,23.16,-53.34,-3.3,3
867232985265135,2024-03-07T17:41:44.114Z,uncalibrated magnetic sensor,23.519999,-52.92,-2.3999999,23.519999,-52.92,-2.3999999,3
867233005262735,2024-03-07T17:41:44.134Z,uncalibrated magnetic sensor,24.06,-51.899998,-2.6399999,24.06,-51.899998,-2.6399999,3
867233025260301,2024-03-07T17:41:44.154Z,uncalibrated magnetic sensor,23.34,-52.86,-2.22,23.34,-52.86,-2.22,3
867233045257867,2024-03-07T17:41:44.174Z,uncalibrated magnetic sensor,23.279999,-53.76,-1.62,23.279999,-53.76,-1.62,3
867233065255500,2024-03-07T17:41:44.194Z,uncalibrated magnetic sensor,23.88,-53.879997,-1.9799999,23.88,-53.879997,-1.9799999,3
867233085253133,2024-03-07T17:41:44.213Z,uncalibrated magnetic sensor,23.699999,-53.579998,-1.4399999,23.699999,-53.579998,-1.4399999,3
867233105250699,2024-03-07T17:41:44.233Z,uncalibrated magnetic sensor,23.4,-53.16,-1.1999999,23.4,-53.16,-1.1999999,3
867233125248332,2024-03-07T17:41:44.254Z,uncalibrated magnetic sensor,23.279999,-53.34,-1.5,23.279999,-53.34,-1.5,3
867233145245265,2024-03-07T17:41:44.274Z,uncalibrated magnetic sensor,23.1,-53.399998,-2.3999999,23.1,-53.399998,-2.3999999,3
867233165242131,2024-03-07T17:41:44.293Z,uncalibrated magnetic sensor,23.22,-52.739998,-2.82,23.22,-52.739998,-2.82,3
867233185239697,2024-03-07T17:41:44.314Z,uncalibrated magnetic sensor,22.56,-52.62,-2.52,22.56,-52.62,-2.52,3
867233205237330,2024-03-07T17:41:44.334Z,uncalibrated magnetic sensor,22.38,-52.26,-2.3999999,22.38,-52.26,-2.3999999,3
867233225234930,2024-03-07T17:41:44.354Z,uncalibrated magnetic sensor,22.08,-51.84,-3.0,22.08,-51.84,-3.0,3
867233245232430,2024-03-07T17:41:44.374Z,uncalibrated magnetic sensor,22.02,-51.539997,-4.2,22.02,-51.539997,-4.2,3
867233265229930,2024-03-07T17:41:44.394Z,uncalibrated magnetic sensor,22.92,-50.94,-3.3,22.92,-50.94,-3.3,3
867233285227430,2024-03-07T17:41:44.414Z,uncalibrated magnetic sensor,22.38,-51.42,-2.46,22.38,-51.42,-2.46,3
867233305224863,2024-03-07T17:41:44.434Z,uncalibrated magnetic sensor,21.9,-51.48,-1.92,21.9,-51.48,-1.92,3
867233325222296,2024-03-07T17:41:44.453Z,uncalibrated magnetic sensor,22.08,-51.78,-2.22,22.08,-51.78,-2.22,3
867233345219796,2024-03-07T17:41:44.474Z,uncalibrated magnetic sensor,22.08,-52.86,-2.8799999,22.08,-52.86,-2.8799999,3
867233365217296,2024-03-07T17:41:44.494Z,uncalibrated magnetic sensor,22.56,-52.68,-2.28,22.56,-52.68,-2.28,3
867233385214729,2024-03-07T17:41:44.514Z,uncalibrated magnetic sensor,22.68,-52.379997,-2.22,22.68,-52.379997,-2.22,3
867233405212229,2024-03-07T17:41:44.534Z,uncalibrated magnetic sensor,22.32,-52.68,-2.7,22.32,-52.68,-2.7,3
867233425209729,2024-03-07T17:41:44.554Z,uncalibrated magnetic sensor,22.92,-52.62,-3.12,22.92,-52.62,-3.12,3
867233445207262,2024-03-07T17:41:44.574Z,uncalibrated magnetic sensor,23.4,-52.199997,-2.52,23.4,-52.199997,-2.52,3
867233465204728,2024-03-07T17:41:44.594Z,uncalibrated magnetic sensor,22.8,-51.42,-2.46,22.8,-51.42,-2.46,3
867233485202261,2024-03-07T17:41:44.614Z,uncalibrated magnetic sensor,22.74,-51.42,-3.3,22.74,-51.42,-3.3,3
867233505199794,2024-03-07T17:41:44.634Z,uncalibrated magnetic sensor,23.1,-51.6,-2.82,23.1,-51.6,-2.82,3
867233525197260,2024-03-07T17:41:44.654Z,uncalibrated magnetic sensor,23.34,-51.78,-2.9399998,23.34,-51.78,-2.9399998,3
867233545194726,2024-03-07T17:41:44.674Z,uncalibrated magnetic sensor,23.039999,-52.02,-3.12,23.039999,-52.02,-3.12,3
867233565192259,2024-03-07T17:41:44.694Z,uncalibrated magnetic sensor,22.98,-52.02,-2.22,22.98,-52.02,-2.22,3
867233585189792,2024-03-07T17:41:44.714Z,uncalibrated magnetic sensor,22.68,-51.719997,-1.74,22.68,-51.719997,-1.74,3
867233605187258,2024-03-07T17:41:44.734Z,uncalibrated magnetic sensor,22.98,-51.42,-1.68,22.98,-51.42,-1.68,3
867233625184758,2024-03-07T17:41:44.754Z,uncalibrated magnetic sensor,23.039999,-51.48,-1.9799999,23.039999,-51.48,-1.9799999,3
867233645182258,2024-03-07T17:41:44.774Z,uncalibrated magnetic sensor,21.84,-51.96,-2.9399998,21.84,-51.96,-2.9399998,3
867233665179724,2024-03-07T17:41:44.794Z,uncalibrated magnetic sensor,21.84,-52.559998,-2.9399998,21.84,-52.559998,-2.9399998,3
867233685177290,2024-03-07T17:41:44.814Z,uncalibrated magnetic sensor,22.199999,-52.379997,-2.3999999,22.199999,-52.379997,-2.3999999,3
867233705174990,2024-03-07T17:41:44.834Z,uncalibrated magnetic sensor,22.26,-51.96,-2.8799999,22.26,-51.96,-2.8799999,3
867233725172723,2024-03-07T17:41:44.854Z,uncalibrated magnetic sensor,22.859999,-51.78,-3.4199998,22.859999,-51.78,-3.4199998,3
867233745171189,2024-03-07T17:41:44.874Z,uncalibrated magnetic sensor,22.5,-51.66,-3.1799998,22.5,-51.66,-3.1799998,3
867233765169722,2024-03-07T17:41:44.894Z,uncalibrated magnetic sensor,22.68,-52.02,-2.58,22.68,-52.02,-2.58,3
867233785167555,2024-03-07T17:41:44.914Z,uncalibrated magnetic sensor,23.1,-52.62,-2.28,23.1,-52.62,-2.28,3
867233805165321,2024-03-07T17:41:44.933Z,uncalibrated magnetic sensor,22.5,-52.02,-2.7,22.5,-52.02,-2.7,3
867233825163087,2024-03-07T17:41:44.954Z,uncalibrated magnetic sensor,22.38,-51.539997,-3.0,22.38,-51.539997,-3.0,3
867233845160920,2024-03-07T17:41:44.974Z,uncalibrated magnetic sensor,22.02,-51.96,-3.0,22.02,-51.96,-3.0,3
867233865158753,2024-03-07T17:41:44.994Z,uncalibrated magnetic sensor,22.08,-52.26,-3.1799998,22.08,-52.26,-3.1799998,3
867233885156519,2024-03-07T17:41:45.014Z,uncalibrated magnetic sensor,22.32,-52.32,-2.6399999,22.32,-52.32,-2.6399999,3
867233905154352,2024-03-07T17:41:45.034Z,uncalibrated magnetic sensor,22.32,-52.199997,-1.56,22.32,-52.199997,-1.56,3
867233925152185,2024-03-07T17:41:45.054Z,uncalibrated magnetic sensor,22.38,-52.739998,-1.3199999,22.38,-52.739998,-1.3199999,3
867233945150018,2024-03-07T17:41:45.074Z,uncalibrated magnetic sensor,22.56,-53.039997,-2.1599998,22.56,-53.039997,-2.1599998,3
867233965147784,2024-03-07T17:41:45.094Z,uncalibrated magnetic sensor,23.16,-52.68,-2.04,23.16,-52.68,-2.04,3
867233985145617,2024-03-07T17:41:45.114Z,uncalibrated magnetic sensor,23.46,-52.5,-1.5,23.46,-52.5,-1.5,3
867234005143450,2024-03-07T17:41:45.134Z,uncalibrated magnetic sensor,23.4,-52.86,-1.8,23.4,-52.86,-1.8,3
867234025141216,2024-03-07T17:41:45.154Z,uncalibrated magnetic sensor,22.92,-52.8,-2.04,22.92,-52.8,-2.04,3
867234045138949,2024-03-07T17:41:45.174Z,uncalibrated magnetic sensor,23.1,-52.86,-1.68,23.1,-52.86,-1.68,3
867234065136749,2024-03-07T17:41:45.194Z,uncalibrated magnetic sensor,24.06,-53.52,-1.38,24.06,-53.52,-1.38,3
867234085134549,2024-03-07T17:41:45.214Z,uncalibrated magnetic sensor,24.48,-54.18,-1.38,24.48,-54.18,-1.38,3
867234105132282,2024-03-07T17:41:45.234Z,uncalibrated magnetic sensor,24.66,-53.879997,-1.3199999,24.66,-53.879997,-1.3199999,3
867234125130082,2024-03-07T17:41:45.254Z,uncalibrated magnetic sensor,23.939999,-53.34,-1.5,23.939999,-53.34,-1.5,3
867234145127882,2024-03-07T17:41:45.273Z,uncalibrated magnetic sensor,22.98,-53.64,-2.04,22.98,-53.64,-2.04,3
867234165124948,2024-03-07T17:41:45.294Z,uncalibrated magnetic sensor,23.519999,-53.1,-1.74,23.519999,-53.1,-1.74,3
867234185121781,2024-03-07T17:41:45.314Z,uncalibrated magnetic sensor,24.359999,-51.96,-1.3199999,24.359999,-51.96,-1.3199999,3
867234205119614,2024-03-07T17:41:45.334Z,uncalibrated magnetic sensor,24.06,-52.199997,-1.4399999,24.06,-52.199997,-1.4399999,3
867234225117447,2024-03-07T17:41:45.354Z,uncalibrated magnetic sensor,22.5,-52.739998,-1.14,22.5,-52.739998,-1.14,3
867234245115213,2024-03-07T17:41:45.374Z,uncalibrated magnetic sensor,22.14,-52.5,-1.8,22.14,-52.5,-1.8,3
867234265113013,2024-03-07T17:41:45.394Z,uncalibrated magnetic sensor,22.92,-51.96,-2.1,22.92,-51.96,-2.1,3
867234285110713,2024-03-07T17:41:45.414Z,uncalibrated magnetic sensor,22.92,-51.6,-1.5,22.92,-51.6,-1.5,3
867234305108279,2024-03-07T17:41:45.434Z,uncalibrated magnetic sensor,22.32,-51.539997,-1.14,22.32,-51.539997,-1.14,3
867234325105812,2024-03-07T17:41:45.454Z,uncalibrated magnetic sensor,21.779999,-51.719997,-0.84,21.779999,-51.719997,-0.84,3
867234345103312,2024-03-07T17:41:45.474Z,uncalibrated magnetic sensor,22.14,-51.78,-1.26,22.14,-51.78,-1.26,3
867234365100812,2024-03-07T17:41:45.494Z,uncalibrated magnetic sensor,22.859999,-52.079998,-1.38,22.859999,-52.079998,-1.38,3
867234385098245,2024-03-07T17:41:45.514Z,uncalibrated magnetic sensor,23.039999,-52.079998,-0.65999997,23.039999,-52.079998,-0.65999997,3
867234405095745,2024-03-07T17:41:45.534Z,uncalibrated magnetic sensor,22.92,-51.6,-0.65999997,22.92,-51.6,-0.65999997,3
867234425093245,2024-03-07T17:41:45.554Z,uncalibrated magnetic sensor,23.279999,-52.02,-0.78,23.279999,-52.02,-0.78,3
867234445090745,2024-03-07T17:41:45.574Z,uncalibrated magnetic sensor,23.22,-52.32,-0.84,23.22,-52.32,-0.84,3
867234465088178,2024-03-07T17:41:45.594Z,uncalibrated magnetic sensor,23.58,-52.739998,-0.9,23.58,-52.739998,-0.9,3
867234485085678,2024-03-07T17:41:45.614Z,uncalibrated magnetic sensor,23.58,-52.68,-1.4399999,23.58,-52.68,-1.4399999,3
867234505083178,2024-03-07T17:41:45.634Z,uncalibrated magnetic sensor,23.34,-51.96,-1.86,23.34,-51.96,-1.86,3
867234525080611,2024-03-07T17:41:45.654Z,uncalibrated magnetic sensor,23.279999,-51.239998,-1.62,23.279999,-51.239998,-1.62,3
867234545078044,2024-03-07T17:41:45.674Z,uncalibrated magnetic sensor,22.92,-51.539997,-2.1,22.92,-51.539997,-2.1,3
867234565075577,2024-03-07T17:41:45.694Z,uncalibrated magnetic sensor,22.8,-52.02,-2.58,22.8,-52.02,-2.58,3
867234585073110,2024-03-07T17:41:45.714Z,uncalibrated magnetic sensor,22.74,-51.539997,-3.0,22.74,-51.539997,-3.0,3
867234605070576,2024-03-07T17:41:45.734Z,uncalibrated magnetic sensor,23.1,-51.12,-3.06,23.1,-51.12,-3.06,3
867234625068109,2024-03-07T17:41:45.754Z,uncalibrated magnetic sensor,22.98,-51.66,-2.3999999,22.98,-51.66,-2.3999999,3
867234645065642,2024-03-07T17:41:45.774Z,uncalibrated magnetic sensor,22.56,-51.899998,-1.92,22.56,-51.899998,-1.92,3
867234665063108,2024-03-07T17:41:45.794Z,uncalibrated magnetic sensor,23.16,-51.18,-2.3999999,23.16,-51.18,-2.3999999,3
867234685060574,2024-03-07T17:41:45.814Z,uncalibrated magnetic sensor,23.279999,-51.36,-3.4199998,23.279999,-51.36,-3.4199998,3
867234705058107,2024-03-07T17:41:45.833Z,uncalibrated magnetic sensor,22.56,-51.78,-3.4199998,22.56,-51.78,-3.4199998,3
867234725055640,2024-03-07T17:41:45.854Z,uncalibrated magnetic sensor,22.5,-51.84,-3.72,22.5,-51.84,-3.72,3
867234745053106,2024-03-07T17:41:45.873Z,uncalibrated magnetic sensor,22.439999,-51.899998,-4.92,22.439999,-51.899998,-4.92,3
867234765051339,2024-03-07T17:41:45.893Z,uncalibrated magnetic sensor,22.92,-51.539997,-4.38,22.92,-51.539997,-4.38,3
867234785049839,2024-03-07T17:41:45.914Z,uncalibrated magnetic sensor,22.439999,-51.6,-3.78,22.439999,-51.6,-3.78,3
867234805047405,2024-03-07T17:41:45.933Z,uncalibrated magnetic sensor,22.98,-51.84,-4.08,22.98,-51.84,-4.08,3
867234825044971,2024-03-07T17:41:45.954Z,uncalibrated magnetic sensor,24.0,-52.079998,-4.2,24.0,-52.079998,-4.2,3
867234845042604,2024-03-07T17:41:45.974Z,uncalibrated magnetic sensor,23.699999,-51.78,-3.72,23.699999,-51.78,-3.72,3
867234865040237,2024-03-07T17:41:45.994Z,uncalibrated magnetic sensor,23.58,-51.719997,-3.06,23.58,-51.719997,-3.06,3
867234885037803,2024-03-07T17:41:46.014Z,uncalibrated magnetic sensor,22.859999,-52.079998,-3.36,22.859999,-52.079998,-3.36,3
867234905035436,2024-03-07T17:41:46.034Z,uncalibrated magnetic sensor,23.22,-51.6,-3.24,23.22,-51.6,-3.24,3
867234925033069,2024-03-07T17:41:46.054Z,uncalibrated magnetic sensor,23.46,-51.36,-2.7,23.46,-51.36,-2.7,3
867234945030702,2024-03-07T17:41:46.074Z,uncalibrated magnetic sensor,22.92,-51.96,-2.22,22.92,-51.96,-2.22,3
867234965028268,2024-03-07T17:41:46.094Z,uncalibrated magnetic sensor,23.1,-52.92,-2.22,23.1,-52.92,-2.22,3
867234985025901,2024-03-07T17:41:46.114Z,uncalibrated magnetic sensor,23.279999,-53.219997,-2.3999999,23.279999,-53.219997,-2.3999999,3
867235005023534,2024-03-07T17:41:46.134Z,uncalibrated magnetic sensor,23.58,-53.34,-2.7,23.58,-53.34,-2.7,3
867235025021100,2024-03-07T17:41:46.154Z,uncalibrated magnetic sensor,24.06,-52.379997,-3.06,24.06,-52.379997,-3.06,3
867235045018666,2024-03-07T17:41:46.174Z,uncalibrated magnetic sensor,24.48,-51.96,-3.0,24.48,-51.96,-3.0,3
867235065016299,2024-03-07T17:41:46.194Z,uncalibrated magnetic sensor,24.779999,-53.219997,-3.4199998,24.779999,-53.219997,-3.4199998,3
867235085013932,2024-03-07T17:41:46.214Z,uncalibrated magnetic sensor,25.019999,-54.12,-3.3,25.019999,-54.12,-3.3,3
867235105011498,2024-03-07T17:41:46.234Z,uncalibrated magnetic sensor,24.779999,-54.6,-2.3999999,24.779999,-54.6,-2.3999999,3
867235125009131,2024-03-07T17:41:46.254Z,uncalibrated magnetic sensor,24.779999,-55.199997,-3.0,24.779999,-55.199997,-3.0,3
867235145006764,2024-03-07T17:41:46.274Z,uncalibrated magnetic sensor,24.3,-55.32,-2.8799999,24.3,-55.32,-2.8799999,3
867235165003364,2024-03-07T17:41:46.294Z,uncalibrated magnetic sensor,24.18,-54.78,-2.3999999,24.18,-54.78,-2.3999999,3
867235184999997,2024-03-07T17:41:46.313Z,uncalibrated magnetic sensor,24.359999,-54.0,-3.0,24.359999,-54.0,-3.0,3
867235204998230,2024-03-07T17:41:46.332Z,uncalibrated magnetic sensor,24.66,-52.5,-3.48,24.66,-52.5,-3.48,3
867235224995863,2024-03-07T17:41:46.353Z,uncalibrated magnetic sensor,24.6,-52.62,-2.76,24.6,-52.62,-2.76,3
867235244993429,2024-03-07T17:41:46.372Z,uncalibrated magnetic sensor,23.58,-53.52,-1.9799999,23.58,-53.52,-1.9799999,3
867235264991062,2024-03-07T17:41:46.393Z,uncalibrated magnetic sensor,23.58,-52.86,-2.34,23.58,-52.86,-2.34,3
867235284988695,2024-03-07T17:41:46.413Z,uncalibrated magnetic sensor,23.16,-52.8,-2.34,23.16,-52.8,-2.34,3
867235304986261,2024-03-07T17:41:46.433Z,uncalibrated magnetic sensor,22.92,-52.44,-2.46,22.92,-52.44,-2.46,3
867235324983827,2024-03-07T17:41:46.453Z,uncalibrated magnetic sensor,23.16,-51.12,-2.3999999,23.16,-51.12,-2.3999999,3
867235344981460,2024-03-07T17:41:46.473Z,uncalibrated magnetic sensor,23.16,-50.46,-3.3,23.16,-50.46,-3.3,3
867235364979060,2024-03-07T17:41:46.493Z,uncalibrated magnetic sensor,22.439999,-50.7,-3.9599998,22.439999,-50.7,-3.9599998,3
867235384976560,2024-03-07T17:41:46.513Z,uncalibrated magnetic sensor,22.74,-50.64,-3.9599998,22.74,-50.64,-3.9599998,3
867235404974060,2024-03-07T17:41:46.533Z,uncalibrated magnetic sensor,23.4,-50.64,-3.8999999,23.4,-50.64,-3.8999999,3
867235424971560,2024-03-07T17:41:46.553Z,uncalibrated magnetic sensor,22.98,-50.94,-2.6399999,22.98,-50.94,-2.6399999,3
867235444969060,2024-03-07T17:41:46.572Z,uncalibrated magnetic sensor,22.56,-51.239998,-2.3999999,22.56,-51.239998,-2.3999999,3
867235464966493,2024-03-07T17:41:46.593Z,uncalibrated magnetic sensor,22.439999,-52.199997,-2.04,22.439999,-52.199997,-2.04,3
867235484963993,2024-03-07T17:41:46.613Z,uncalibrated magnetic sensor,23.279999,-52.62,-1.68,23.279999,-52.62,-1.68,3
867235504961493,2024-03-07T17:41:46.633Z,uncalibrated magnetic sensor,23.939999,-52.5,-2.58,23.939999,-52.5,-2.58,3
867235524958926,2024-03-07T17:41:46.653Z,uncalibrated magnetic sensor,23.58,-52.739998,-2.7,23.58,-52.739998,-2.7,3
867235544956359,2024-03-07T17:41:46.673Z,uncalibrated magnetic sensor,23.279999,-52.32,-2.46,23.279999,-52.32,-2.46,3
867235564953859,2024-03-07T17:41:46.692Z,uncalibrated magnetic sensor,23.039999,-51.3,-3.06,23.039999,-51.3,-3.06,3
867235584951359,2024-03-07T17:41:46.713Z,uncalibrated magnetic sensor,22.92,-51.18,-2.6399999,22.92,-51.18,-2.6399999,3
867235604948825,2024-03-07T17:41:46.733Z,uncalibrated magnetic sensor,23.279999,-51.48,-2.58,23.279999,-51.48,-2.58,3
867235624946358,2024-03-07T17:41:46.753Z,uncalibrated magnetic sensor,22.56,-51.18,-3.3,22.56,-51.18,-3.3,3
867235644943891,2024-03-07T17:41:46.773Z,uncalibrated magnetic sensor,22.199999,-50.94,-3.36,22.199999,-50.94,-3.36,3
867235664941357,2024-03-07T17:41:46.792Z,uncalibrated magnetic sensor,22.26,-51.18,-3.4199998,22.26,-51.18,-3.4199998,3
867235684938823,2024-03-07T17:41:46.812Z,uncalibrated magnetic sensor,22.199999,-51.539997,-3.4199998,22.199999,-51.539997,-3.4199998,3
867235704936356,2024-03-07T17:41:46.833Z,uncalibrated magnetic sensor,23.039999,-51.48,-3.72,23.039999,-51.48,-3.72,3
867235724933889,2024-03-07T17:41:46.853Z,uncalibrated magnetic sensor,24.3,-51.6,-3.72,24.3,-51.6,-3.72,3
867235744931355,2024-03-07T17:41:46.873Z,uncalibrated magnetic sensor,24.539999,-51.78,-3.4199998,24.539999,-51.78,-3.4199998,3
867235764929821,2024-03-07T17:41:46.893Z,uncalibrated magnetic sensor,24.3,-51.6,-3.36,24.3,-51.6,-3.36,3
867235784928254,2024-03-07T17:41:46.913Z,uncalibrated magnetic sensor,24.3,-51.18,-3.0,24.3,-51.18,-3.0,3
867235804925120,2024-03-07T17:41:46.933Z,uncalibrated magnetic sensor,23.88,-51.48,-3.24,23.88,-51.48,-3.24,3
867235824922686,2024-03-07T17:41:46.953Z,uncalibrated magnetic sensor,23.279999,-51.239998,-4.5,23.279999,-51.239998,-4.5,3
867235844920386,2024-03-07T17:41:46.973Z,uncalibrated magnetic sensor,22.56,-51.18,-5.1,22.56,-51.18,-5.1,3
867235864918119,2024-03-07T17:41:46.993Z,uncalibrated magnetic sensor,22.199999,-52.199997,-4.44,22.199999,-52.199997,-4.44,3
867235884915852,2024-03-07T17:41:47.013Z,uncalibrated magnetic sensor,22.74,-51.84,-4.14,22.74,-51.84,-4.14,3
867235904913718,2024-03-07T17:41:47.032Z,uncalibrated magnetic sensor,23.699999,-51.66,-4.56,23.699999,-51.66,-4.56,3
867235924911584,2024-03-07T17:41:47.053Z,uncalibrated magnetic sensor,23.46,-51.539997,-4.2,23.46,-51.539997,-4.2,3
867235944909450,2024-03-07T17:41:47.073Z,uncalibrated magnetic sensor,22.859999,-51.18,-3.6599998,22.859999,-51.18,-3.6599998,3
867235964907250,2024-03-07T17:41:47.093Z,uncalibrated magnetic sensor,22.859999,-50.64,-3.54,22.859999,-50.64,-3.54,3
867235984905116,2024-03-07T17:41:47.113Z,uncalibrated magnetic sensor,22.5,-50.1,-3.8999999,22.5,-50.1,-3.8999999,3
867236004902982,2024-03-07T17:41:47.132Z,uncalibrated magnetic sensor,22.32,-50.64,-3.72,22.32,-50.64,-3.72,3
867236024900782,2024-03-07T17:41:47.153Z,uncalibrated magnetic sensor,22.08,-51.539997,-3.24,22.08,-51.539997,-3.24,3
867236044898582,2024-03-07T17:41:47.173Z,uncalibrated magnetic sensor,22.8,-51.239998,-3.6599998,22.8,-51.239998,-3.6599998,3
867236064896448,2024-03-07T17:41:47.193Z,uncalibrated magnetic sensor,22.74,-50.64,-3.54,22.74,-50.64,-3.54,3
867236084894314,2024-03-07T17:41:47.213Z,uncalibrated magnetic sensor,22.56,-51.6,-2.7,22.56,-51.6,-2.7,3
867236104892114,2024-03-07T17:41:47.233Z,uncalibrated magnetic sensor,23.519999,-52.079998,-3.4199998,23.519999,-52.079998,-3.4199998,3
867236124889980,2024-03-07T17:41:47.253Z,uncalibrated magnetic sensor,23.58,-52.379997,-3.3,23.58,-52.379997,-3.3,3
867236144887846,2024-03-07T17:41:47.273Z,uncalibrated magnetic sensor,23.22,-52.26,-2.52,23.22,-52.26,-2.52,3
867236164885146,2024-03-07T17:41:47.293Z,uncalibrated magnetic sensor,23.039999,-51.6,-3.6,23.039999,-51.6,-3.6,3
867236184882012,2024-03-07T17:41:47.313Z,uncalibrated magnetic sensor,23.16,-52.079998,-4.56,23.16,-52.079998,-4.56,3
867236204879845,2024-03-07T17:41:47.333Z,uncalibrated magnetic sensor,23.34,-52.199997,-4.62,23.34,-52.199997,-4.62,3
867236224877678,2024-03-07T17:41:47.353Z,uncalibrated magnetic sensor,22.619999,-52.68,-3.8999999,22.619999,-52.68,-3.8999999,3
867236244875478,2024-03-07T17:41:47.373Z,uncalibrated magnetic sensor,22.8,-53.52,-3.24,22.8,-53.52,-3.24,3
867236264873344,2024-03-07T17:41:47.393Z,uncalibrated magnetic sensor,23.88,-52.86,-3.3,23.88,-52.86,-3.3,3
867236284871210,2024-03-07T17:41:47.413Z,uncalibrated magnetic sensor,24.24,-52.8,-2.8799999,24.24,-52.8,-2.8799999,3
867236304869010,2024-03-07T17:41:47.433Z,uncalibrated magnetic sensor,24.0,-53.28,-2.58,24.0,-53.28,-2.58,3
867236324866810,2024-03-07T17:41:47.454Z,uncalibrated magnetic sensor,23.34,-52.92,-2.28,23.34,-52.92,-2.28,3
867236344864676,2024-03-07T17:41:47.473Z,uncalibrated magnetic sensor,23.64,-53.1,-2.7,23.64,-53.1,-2.7,3
867236364862542,2024-03-07T17:41:47.493Z,uncalibrated magnetic sensor,24.359999,-53.039997,-3.6,24.359999,-53.039997,-3.6,3
867236384860342,2024-03-07T17:41:47.512Z,uncalibrated magnetic sensor,24.539999,-52.14,-3.6,24.539999,-52.14,-3.6,3
867236404858175,2024-03-07T17:41:47.533Z,uncalibrated magnetic sensor,24.06,-52.199997,-3.6,24.06,-52.199997,-3.6,3
867236424855908,2024-03-07T17:41:47.553Z,uncalibrated magnetic sensor,23.519999,-52.92,-3.6599998,23.519999,-52.92,-3.6599998,3
867236444853574,2024-03-07T17:41:47.573Z,uncalibrated magnetic sensor,24.66,-52.8,-3.6599998,24.66,-52.8,-3.6599998,3
867236464851140,2024-03-07T17:41:47.593Z,uncalibrated magnetic sensor,24.42,-52.44,-3.3,24.42,-52.44,-3.3,3
867236484848706,2024-03-07T17:41:47.613Z,uncalibrated magnetic sensor,22.5,-52.92,-3.06,22.5,-52.92,-3.06,3
867236504846206,2024-03-07T17:41:47.633Z,uncalibrated magnetic sensor,22.74,-53.039997,-3.48,22.74,-53.039997,-3.48,3
867236524843639,2024-03-07T17:41:47.653Z,uncalibrated magnetic sensor,22.92,-52.68,-3.48,22.92,-52.68,-3.48,3
867236544841072,2024-03-07T17:41:47.673Z,uncalibrated magnetic sensor,22.98,-52.86,-2.7,22.98,-52.86,-2.7,3
867236564838572,2024-03-07T17:41:47.693Z,uncalibrated magnetic sensor,23.939999,-52.98,-2.8799999,23.939999,-52.98,-2.8799999,3
867236584836072,2024-03-07T17:41:47.712Z,uncalibrated magnetic sensor,24.3,-53.28,-2.8799999,24.3,-53.28,-2.8799999,3
867236604833505,2024-03-07T17:41:47.733Z,uncalibrated magnetic sensor,24.6,-53.52,-3.06,24.6,-53.52,-3.06,3
867236624831005,2024-03-07T17:41:47.753Z,uncalibrated magnetic sensor,24.96,-53.219997,-3.54,24.96,-53.219997,-3.54,3
867236644828505,2024-03-07T17:41:47.772Z,uncalibrated magnetic sensor,24.0,-53.1,-3.1799998,24.0,-53.1,-3.1799998,3
867236664825971,2024-03-07T17:41:47.793Z,uncalibrated magnetic sensor,23.58,-52.5,-3.54,23.58,-52.5,-3.54,3
867236684823437,2024-03-07T17:41:47.813Z,uncalibrated magnetic sensor,23.939999,-52.199997,-4.08,23.939999,-52.199997,-4.08,3
867236704820970,2024-03-07T17:41:47.833Z,uncalibrated magnetic sensor,23.699999,-52.559998,-3.78,23.699999,-52.559998,-3.78,3
867236724818503,2024-03-07T17:41:47.853Z,uncalibrated magnetic sensor,24.06,-52.32,-3.3,24.06,-52.32,-3.3,3
867236744815969,2024-03-07T17:41:47.873Z,uncalibrated magnetic sensor,23.699999,-51.3,-2.8799999,23.699999,-51.3,-2.8799999,3
867236764814002,2024-03-07T17:41:47.893Z,uncalibrated magnetic sensor,23.4,-51.539997,-2.8799999,23.4,-51.539997,-2.8799999,3
867236784812468,2024-03-07T17:41:47.913Z,uncalibrated magnetic sensor,23.76,-52.44,-2.82,23.76,-52.44,-2.82,3
867236804809934,2024-03-07T17:41:47.933Z,uncalibrated magnetic sensor,23.699999,-51.239998,-3.1799998,23.699999,-51.239998,-3.1799998,3
867236824807400,2024-03-07T17:41:47.953Z,uncalibrated magnetic sensor,23.76,-50.94,-3.84,23.76,-50.94,-3.84,3
867236844804900,2024-03-07T17:41:47.973Z,uncalibrated magnetic sensor,23.039999,-52.02,-3.6599998,23.039999,-52.02,-3.6599998,3
867236864802400,2024-03-07T17:41:47.993Z,uncalibrated magnetic sensor,22.8,-52.14,-3.36,22.8,-52.14,-3.36,3
867236884799833,2024-03-07T17:41:48.013Z,uncalibrated magnetic sensor,23.4,-52.02,-4.14,23.4,-52.02,-4.14,3
867236904797366,2024-03-07T17:41:48.033Z,uncalibrated magnetic sensor,23.4,-51.84,-5.04,23.4,-51.84,-5.04,3
867236924794999,2024-03-07T17:41:48.053Z,uncalibrated magnetic sensor,23.279999,-52.739998,-4.3199997,23.279999,-52.739998,-4.3199997,3
867236944792699,2024-03-07T17:41:48.073Z,uncalibrated magnetic sensor,22.859999,-52.5,-3.6599998,22.859999,-52.5,-3.6599998,3
867236964790399,2024-03-07T17:41:48.093Z,uncalibrated magnetic sensor,21.96,-51.3,-4.02,21.96,-51.3,-4.02,3
867236984788232,2024-03-07T17:41:48.112Z,uncalibrated magnetic sensor,21.84,-51.6,-4.8599997,21.84,-51.6,-4.8599997,3
867237004786065,2024-03-07T17:41:48.133Z,uncalibrated magnetic sensor,22.26,-51.84,-4.5,22.26,-51.84,-4.5,3
867237024783831,2024-03-07T17:41:48.153Z,uncalibrated magnetic sensor,22.8,-52.02,-3.8999999,22.8,-52.02,-3.8999999,3
867237044781597,2024-03-07T17:41:48.173Z,uncalibrated magnetic sensor,22.8,-52.5,-4.3199997,22.8,-52.5,-4.3199997,3
867237064779430,2024-03-07T17:41:48.193Z,uncalibrated magnetic sensor,22.859999,-52.32,-3.72,22.859999,-52.32,-3.72,3
867237084777263,2024-03-07T17:41:48.213Z,uncalibrated magnetic sensor,23.1,-52.079998,-2.9399998,23.1,-52.079998,-2.9399998,3
867237104775029,2024-03-07T17:41:48.233Z,uncalibrated magnetic sensor,23.279999,-52.5,-3.3,23.279999,-52.5,-3.3,3
867237124772862,2024-03-07T17:41:48.252Z,uncalibrated magnetic sensor,22.98,-52.5,-3.4199998,22.98,-52.5,-3.4199998,3
867237144770695,2024-03-07T17:41:48.273Z,uncalibrated magnetic sensor,22.619999,-52.02,-3.6,22.619999,-52.02,-3.6,3
867237164768461,2024-03-07T17:41:48.292Z,uncalibrated magnetic sensor,22.74,-52.02,-3.6599998,22.74,-52.02,-3.6599998,3
867237184765527,2024-03-07T17:41:48.313Z,uncalibrated magnetic sensor,22.92,-52.92,-3.24,22.92,-52.92,-3.24,3
867237204763360,2024-03-07T17:41:48.333Z,uncalibrated magnetic sensor,22.859999,-53.28,-3.72,22.859999,-53.28,-3.72,3
867237224761193,2024-03-07T17:41:48.353Z,uncalibrated magnetic sensor,23.34,-52.98,-4.5,23.34,-52.98,-4.5,3
867237244758959,2024-03-07T17:41:48.372Z,uncalibrated magnetic sensor,23.76,-53.34,-4.8599997,23.76,-53.34,-4.8599997,3
867237264756759,2024-03-07T17:41:48.393Z,uncalibrated magnetic sensor,23.82,-53.399998,-4.38,23.82,-53.399998,-4.38,3
867237284754559,2024-03-07T17:41:48.413Z,uncalibrated magnetic sensor,24.119999,-52.739998,-3.9599998,24.119999,-52.739998,-3.9599998,3
867237304752359,2024-03-07T17:41:48.433Z,uncalibrated magnetic sensor,23.76,-53.219997,-4.5,23.76,-53.219997,-4.5,3
867237324750092,2024-03-07T17:41:48.453Z,uncalibrated magnetic sensor,23.22,-53.52,-3.8999999,23.22,-53.52,-3.8999999,3
867237344747892,2024-03-07T17:41:48.473Z,uncalibrated magnetic sensor,23.16,-53.46,-3.84,23.16,-53.46,-3.84,3
867237364745692,2024-03-07T17:41:48.493Z,uncalibrated magnetic sensor,23.34,-54.059998,-4.02,23.34,-54.059998,-4.02,3
867237384743458,2024-03-07T17:41:48.512Z,uncalibrated magnetic sensor,23.34,-53.46,-3.4199998,23.34,-53.46,-3.4199998,3
867237404741291,2024-03-07T17:41:48.532Z,uncalibrated magnetic sensor,23.58,-52.559998,-3.72,23.58,-52.559998,-3.72,3
867237424739124,2024-03-07T17:41:48.553Z,uncalibrated magnetic sensor,23.22,-52.379997,-3.72,23.22,-52.379997,-3.72,3
867237444736957,2024-03-07T17:41:48.573Z,uncalibrated magnetic sensor,22.68,-52.199997,-3.54,22.68,-52.199997,-3.54,3
867237464734723,2024-03-07T17:41:48.593Z,uncalibrated magnetic sensor,23.279999,-51.96,-3.72,23.279999,-51.96,-3.72,3
867237484732556,2024-03-07T17:41:48.613Z,uncalibrated magnetic sensor,23.88,-52.62,-2.9399998,23.88,-52.62,-2.9399998,3
867237504730356,2024-03-07T17:41:48.632Z,uncalibrated magnetic sensor,23.699999,-52.379997,-2.52,23.699999,-52.379997,-2.52,3
867237524727989,2024-03-07T17:41:48.653Z,uncalibrated magnetic sensor,22.74,-51.059998,-1.9799999,22.74,-51.059998,-1.9799999,3
867237544725555,2024-03-07T17:41:48.673Z,uncalibrated magnetic sensor,21.96,-50.94,-2.22,21.96,-50.94,-2.22,3
867237564723121,2024-03-07T17:41:48.693Z,uncalibrated magnetic sensor,22.02,-51.0,-3.24,22.02,-51.0,-3.24,3
867237584720621,2024-03-07T17:41:48.713Z,uncalibrated magnetic sensor,21.48,-51.18,-2.7,21.48,-51.18,-2.7,3
867237604718054,2024-03-07T17:41:48.733Z,uncalibrated magnetic sensor,21.359999,-51.059998,-2.3999999,21.359999,-51.059998,-2.3999999,3
867237624715554,2024-03-07T17:41:48.753Z,uncalibrated magnetic sensor,22.5,-50.82,-3.0,22.5,-50.82,-3.0,3
867237644713054,2024-03-07T17:41:48.773Z,uncalibrated magnetic sensor,22.08,-51.48,-3.06,22.08,-51.48,-3.06,3
867237664710487,2024-03-07T17:41:48.793Z,uncalibrated magnetic sensor,21.84,-51.84,-2.28,21.84,-51.84,-2.28,3
867237684707920,2024-03-07T17:41:48.813Z,uncalibrated magnetic sensor,22.8,-52.079998,-1.92,22.8,-52.079998,-1.92,3
867237704705420,2024-03-07T17:41:48.832Z,uncalibrated magnetic sensor,23.1,-52.14,-2.58,23.1,-52.14,-2.58,3
867237724702920,2024-03-07T17:41:48.853Z,uncalibrated magnetic sensor,23.039999,-51.66,-2.3999999,23.039999,-51.66,-2.3999999,3
867237744700353,2024-03-07T17:41:48.872Z,uncalibrated magnetic sensor,22.619999,-50.28,-1.8,22.619999,-50.28,-1.8,3
867237764697853,2024-03-07T17:41:48.893Z,uncalibrated magnetic sensor,21.96,-50.52,-2.8799999,21.96,-50.52,-2.8799999,3
867237784696086,2024-03-07T17:41:48.913Z,uncalibrated magnetic sensor,21.24,-51.0,-3.0,21.24,-51.0,-3.0,3
867237804693619,2024-03-07T17:41:48.933Z,uncalibrated magnetic sensor,21.84,-50.7,-2.52,21.84,-50.7,-2.52,3
867237824691085,2024-03-07T17:41:48.953Z,uncalibrated magnetic sensor,22.02,-51.12,-3.24,22.02,-51.12,-3.24,3
867237844688618,2024-03-07T17:41:48.973Z,uncalibrated magnetic sensor,21.3,-50.52,-2.76,21.3,-50.52,-2.76,3
867237864686151,2024-03-07T17:41:48.993Z,uncalibrated magnetic sensor,21.42,-50.399998,-2.58,21.42,-50.399998,-2.58,3
867237884683617,2024-03-07T17:41:49.013Z,uncalibrated magnetic sensor,20.939999,-50.879997,-2.9399998,20.939999,-50.879997,-2.9399998,3
867237904681083,2024-03-07T17:41:49.033Z,uncalibrated magnetic sensor,21.18,-50.28,-2.76,21.18,-50.28,-2.76,3
867237924678616,2024-03-07T17:41:49.053Z,uncalibrated magnetic sensor,22.02,-50.28,-3.12,22.02,-50.28,-3.12,3
867237944676149,2024-03-07T17:41:49.073Z,uncalibrated magnetic sensor,22.74,-51.18,-2.9399998,22.74,-51.18,-2.9399998,3
867237964673615,2024-03-07T17:41:49.093Z,uncalibrated magnetic sensor,22.5,-51.36,-3.24,22.5,-51.36,-3.24,3
867237984671115,2024-03-07T17:41:49.113Z,uncalibrated magnetic sensor,21.779999,-51.3,-3.4199998,21.779999,-51.3,-3.4199998,3
867238004668648,2024-03-07T17:41:49.133Z,uncalibrated magnetic sensor,22.439999,-51.84,-3.12,22.439999,-51.84,-3.12,3
867238024666214,2024-03-07T17:41:49.153Z,uncalibrated magnetic sensor,22.92,-51.96,-3.36,22.92,-51.96,-3.36,3
867238044663780,2024-03-07T17:41:49.173Z,uncalibrated magnetic sensor,22.26,-51.539997,-3.6599998,22.26,-51.539997,-3.6599998,3
867238064661413,2024-03-07T17:41:49.192Z,uncalibrated magnetic sensor,22.02,-51.6,-3.84,22.02,-51.6,-3.84,3
867238084659046,2024-03-07T17:41:49.212Z,uncalibrated magnetic sensor,22.74,-51.12,-3.72,22.74,-51.12,-3.72,3
867238104656612,2024-03-07T17:41:49.233Z,uncalibrated magnetic sensor,22.439999,-50.879997,-3.36,22.439999,-50.879997,-3.36,3
867238124654245,2024-03-07T17:41:49.253Z,uncalibrated magnetic sensor,21.66,-51.539997,-3.0,21.66,-51.539997,-3.0,3
867238144651878,2024-03-07T17:41:49.273Z,uncalibrated magnetic sensor,22.56,-52.02,-3.4199998,22.56,-52.02,-3.4199998,3
867238164649444,2024-03-07T17:41:49.293Z,uncalibrated magnetic sensor,22.8,-52.739998,-3.24,22.8,-52.739998,-3.24,3
867238184646310,2024-03-07T17:41:49.312Z,uncalibrated magnetic sensor,22.439999,-51.899998,-2.52,22.439999,-51.899998,-2.52,3
867238204643243,2024-03-07T17:41:49.333Z,uncalibrated magnetic sensor,22.859999,-51.3,-3.1799998,22.859999,-51.3,-3.1799998,3
867238224640176,2024-03-07T17:41:49.353Z,uncalibrated magnetic sensor,23.16,-51.96,-3.48,23.16,-51.96,-3.48,3
867238244637742,2024-03-07T17:41:49.373Z,uncalibrated magnetic sensor,23.46,-51.84,-2.58,23.46,-51.84,-2.58,3
867238264635375,2024-03-07T17:41:49.393Z,uncalibrated magnetic sensor,23.88,-52.14,-2.58,23.88,-52.14,-2.58,3
867238284633008,2024-03-07T17:41:49.413Z,uncalibrated magnetic sensor,23.4,-52.199997,-2.46,23.4,-52.199997,-2.46,3
867238304630641,2024-03-07T17:41:49.433Z,uncalibrated magnetic sensor,22.439999,-52.079998,-2.34,22.439999,-52.079998,-2.34,3
867238324628207,2024-03-07T17:41:49.453Z,uncalibrated magnetic sensor,23.34,-51.6,-2.7,23.34,-51.6,-2.7,3
867238344625840,2024-03-07T17:41:49.473Z,uncalibrated magnetic sensor,23.16,-51.78,-2.82,23.16,-51.78,-2.82,3
867238364623473,2024-03-07T17:41:49.493Z,uncalibrated magnetic sensor,22.92,-52.68,-3.3,22.92,-52.68,-3.3,3
867238384621006,2024-03-07T17:41:49.513Z,uncalibrated magnetic sensor,23.46,-52.559998,-3.84,23.46,-52.559998,-3.84,3
867238404618572,2024-03-07T17:41:49.533Z,uncalibrated magnetic sensor,23.76,-52.68,-4.02,23.76,-52.68,-4.02,3
867238424616205,2024-03-07T17:41:49.553Z,uncalibrated magnetic sensor,24.18,-53.34,-4.2,24.18,-53.34,-4.2,3
867238444613838,2024-03-07T17:41:49.573Z,uncalibrated magnetic sensor,23.279999,-53.399998,-4.2,23.279999,-53.399998,-4.2,3
867238464611404,2024-03-07T17:41:49.593Z,uncalibrated magnetic sensor,23.039999,-53.16,-3.78,23.039999,-53.16,-3.78,3
867238484609037,2024-03-07T17:41:49.613Z,uncalibrated magnetic sensor,23.16,-53.699997,-3.4199998,23.16,-53.699997,-3.4199998,3
867238504606670,2024-03-07T17:41:49.633Z,uncalibrated magnetic sensor,23.279999,-54.42,-3.72,23.279999,-54.42,-3.72,3
867238524604236,2024-03-07T17:41:49.653Z,uncalibrated magnetic sensor,24.119999,-54.78,-4.14,24.119999,-54.78,-4.14,3
867238544601802,2024-03-07T17:41:49.673Z,uncalibrated magnetic sensor,24.18,-54.96,-4.08,24.18,-54.96,-4.08,3
867238564599435,2024-03-07T17:41:49.693Z,uncalibrated magnetic sensor,24.779999,-55.44,-4.02,24.779999,-55.44,-4.02,3
867238584597068,2024-03-07T17:41:49.713Z,uncalibrated magnetic sensor,24.6,-55.739998,-4.5,24.6,-55.739998,-4.5,3
867238604594601,2024-03-07T17:41:49.733Z,uncalibrated magnetic sensor,23.939999,-55.199997,-5.52,23.939999,-55.199997,-5.52,3
867238624592101,2024-03-07T17:41:49.753Z,uncalibrated magnetic sensor,24.3,-55.739998,-6.18,24.3,-55.739998,-6.18,3
867238644589601,2024-03-07T17:41:49.773Z,uncalibrated magnetic sensor,25.019999,-56.64,-6.06,25.019999,-56.64,-6.06,3
867238664587034,2024-03-07T17:41:49.793Z,uncalibrated magnetic sensor,25.14,-56.699997,-5.8799996,25.14,-56.699997,-5.8799996,3
867238684584467,2024-03-07T17:41:49.813Z,uncalibrated magnetic sensor,25.019999,-56.94,-5.7599998,25.019999,-56.94,-5.7599998,3
867238704581967,2024-03-07T17:41:49.833Z,uncalibrated magnetic sensor,25.199999,-57.539997,-5.94,25.199999,-57.539997,-5.94,3
867238724579467,2024-03-07T17:41:49.853Z,uncalibrated magnetic sensor,25.019999,-58.26,-6.48,25.019999,-58.26,-6.48,3
867238744576900,2024-03-07T17:41:49.873Z,uncalibrated magnetic sensor,25.74,-59.28,-6.72,25.74,-59.28,-6.72,3
867238764574400,2024-03-07T17:41:49.893Z,uncalibrated magnetic sensor,26.16,-59.82,-6.66,26.16,-59.82,-6.66,3
867238784572600,2024-03-07T17:41:49.913Z,uncalibrated magnetic sensor,25.14,-59.82,-6.8399997,25.14,-59.82,-6.8399997,3
867238804570800,2024-03-07T17:41:49.933Z,uncalibrated magnetic sensor,25.74,-59.94,-7.2,25.74,-59.94,-7.2,3
867238824568966,2024-03-07T17:41:49.953Z,uncalibrated magnetic sensor,26.34,-60.6,-6.72,26.34,-60.6,-6.72,3
867238844566499,2024-03-07T17:41:49.973Z,uncalibrated magnetic sensor,25.92,-61.559998,-6.2999997,25.92,-61.559998,-6.2999997,3
867238864564032,2024-03-07T17:41:49.992Z,uncalibrated magnetic sensor,26.22,-62.219997,-6.06,26.22,-62.219997,-6.06,3
867238884561498,2024-03-07T17:41:50.013Z,uncalibrated magnetic sensor,26.34,-62.34,-5.8199997,26.34,-62.34,-5.8199997,3
867238904558964,2024-03-07T17:41:50.033Z,uncalibrated magnetic sensor,26.4,-62.28,-5.7,26.4,-62.28,-5.7,3
867238924556497,2024-03-07T17:41:50.053Z,uncalibrated magnetic sensor,26.939999,-63.84,-6.18,26.939999,-63.84,-6.18,3
867238944554030,2024-03-07T17:41:50.073Z,uncalibrated magnetic sensor,27.3,-64.86,-6.3599997,27.3,-64.86,-6.3599997,3
867238964551496,2024-03-07T17:41:50.093Z,uncalibrated magnetic sensor,27.359999,-64.92,-5.3399997,27.359999,-64.92,-5.3399997,3
867238984549029,2024-03-07T17:41:50.113Z,uncalibrated magnetic sensor,27.24,-65.52,-5.7,27.24,-65.52,-5.7,3
867239004546529,2024-03-07T17:41:50.133Z,uncalibrated magnetic sensor,26.76,-65.159996,-6.2999997,26.76,-65.159996,-6.2999997,3
867239024543962,2024-03-07T17:41:50.153Z,uncalibrated magnetic sensor,27.18,-65.4,-5.8799996,27.18,-65.4,-5.8799996,3
867239044541428,2024-03-07T17:41:50.173Z,uncalibrated magnetic sensor,27.24,-66.24,-5.94,27.24,-66.24,-5.94,3
867239064539061,2024-03-07T17:41:50.192Z,uncalibrated magnetic sensor,26.58,-66.54,-6.54,26.58,-66.54,-6.54,3
867239084536761,2024-03-07T17:41:50.213Z,uncalibrated magnetic sensor,26.519999,-68.04,-6.48,26.519999,-68.04,-6.48,3
867239104534461,2024-03-07T17:41:50.233Z,uncalibrated magnetic sensor,26.46,-68.1,-5.7,26.46,-68.1,-5.7,3
867239124531494,2024-03-07T17:41:50.253Z,uncalibrated magnetic sensor,25.859999,-68.159996,-4.56,25.859999,-68.159996,-4.56,3
867239144529327,2024-03-07T17:41:50.273Z,uncalibrated magnetic sensor,26.099998,-69.9,-4.68,26.099998,-69.9,-4.68,3
867239164527093,2024-03-07T17:41:50.293Z,uncalibrated magnetic sensor,26.4,-70.439995,-5.4,26.4,-70.439995,-5.4,3
867239184524859,2024-03-07T17:41:50.313Z,uncalibrated magnetic sensor,25.68,-70.26,-5.2799997,25.68,-70.26,-5.2799997,3
867239204522692,2024-03-07T17:41:50.333Z,uncalibrated magnetic sensor,25.56,-71.28,-4.8599997,25.56,-71.28,-4.8599997,3
867239224520525,2024-03-07T17:41:50.353Z,uncalibrated magnetic sensor,25.56,-72.6,-4.3199997,25.56,-72.6,-4.3199997,3
867239244518291,2024-03-07T17:41:50.372Z,uncalibrated magnetic sensor,25.56,-72.18,-4.2,25.56,-72.18,-4.2,3
867239264549457,2024-03-07T17:41:50.393Z,uncalibrated magnetic sensor,25.439999,-71.939995,-3.84,25.439999,-71.939995,-3.84,3
867239284580623,2024-03-07T17:41:50.413Z,uncalibrated magnetic sensor,25.32,-72.84,-3.6,25.32,-72.84,-3.6,3
867239304611723,2024-03-07T17:41:50.433Z,uncalibrated magnetic sensor,25.92,-73.86,-2.58,25.92,-73.86,-2.58,3
867239324642823,2024-03-07T17:41:50.453Z,uncalibrated magnetic sensor,25.14,-74.7,-1.56,25.14,-74.7,-1.56,3
867239344673989,2024-03-07T17:41:50.473Z,uncalibrated magnetic sensor,24.6,-74.34,-1.62,24.6,-74.34,-1.62,3
867239364705155,2024-03-07T17:41:50.493Z,uncalibrated magnetic sensor,25.14,-74.1,-1.74,25.14,-74.1,-1.74,3
867239384736255,2024-03-07T17:41:50.513Z,uncalibrated magnetic sensor,25.38,-74.82,-1.5,25.38,-74.82,-1.5,3
867239404767355,2024-03-07T17:41:50.533Z,uncalibrated magnetic sensor,25.859999,-74.88,-1.4399999,25.859999,-74.88,-1.4399999,3
867239424798488,2024-03-07T17:41:50.553Z,uncalibrated magnetic sensor,25.5,-74.88,-2.22,25.5,-74.88,-2.22,3
867239444829554,2024-03-07T17:41:50.572Z,uncalibrated magnetic sensor,24.9,-75.0,-1.8,24.9,-75.0,-1.8,3
867239464860620,2024-03-07T17:41:50.593Z,uncalibrated magnetic sensor,24.779999,-75.42,-0.71999997,24.779999,-75.42,-0.71999997,3
867239484891753,2024-03-07T17:41:50.613Z,uncalibrated magnetic sensor,24.42,-75.78,-1.02,24.42,-75.78,-1.02,3
867239504922886,2024-03-07T17:41:50.633Z,uncalibrated magnetic sensor,24.539999,-75.42,-1.56,24.539999,-75.42,-1.56,3
867239524953986,2024-03-07T17:41:50.653Z,uncalibrated magnetic sensor,25.5,-75.479996,-1.68,25.5,-75.479996,-1.68,3
867239544985086,2024-03-07T17:41:50.673Z,uncalibrated magnetic sensor,24.9,-75.659996,-1.3199999,24.9,-75.659996,-1.3199999,3
867239565016252,2024-03-07T17:41:50.694Z,uncalibrated magnetic sensor,24.48,-75.78,-1.0799999,24.48,-75.78,-1.0799999,3
867239585047418,2024-03-07T17:41:50.714Z,uncalibrated magnetic sensor,24.84,-76.38,-1.62,24.84,-76.38,-1.62,3
867239605078518,2024-03-07T17:41:50.734Z,uncalibrated magnetic sensor,24.72,-77.159996,-0.78,24.72,-77.159996,-0.78,3
867239625109684,2024-03-07T17:41:50.754Z,uncalibrated magnetic sensor,24.72,-76.86,-0.42,24.72,-76.86,-0.42,3
867239645140817,2024-03-07T17:41:50.774Z,uncalibrated magnetic sensor,24.18,-76.5,-1.1999999,24.18,-76.5,-1.1999999,3
867239665171783,2024-03-07T17:41:50.794Z,uncalibrated magnetic sensor,23.519999,-76.56,-0.65999997,23.519999,-76.56,-0.65999997,3
867239685202683,2024-03-07T17:41:50.814Z,uncalibrated magnetic sensor,23.64,-76.68,-0.59999996,23.64,-76.68,-0.59999996,3
867239705233583,2024-03-07T17:41:50.834Z,uncalibrated magnetic sensor,24.119999,-76.02,-1.14,24.119999,-76.02,-1.14,3
867239725265216,2024-03-07T17:41:50.854Z,uncalibrated magnetic sensor,24.24,-75.84,-1.38,24.24,-75.84,-1.38,3
867239745295982,2024-03-07T17:41:50.874Z,uncalibrated magnetic sensor,24.06,-76.439995,-1.14,24.06,-76.439995,-1.14,3
867239765326815,2024-03-07T17:41:50.894Z,uncalibrated magnetic sensor,23.76,-76.259995,-0.48,23.76,-76.259995,-0.48,3
867239785357648,2024-03-07T17:41:50.914Z,uncalibrated magnetic sensor,23.88,-75.84,-0.35999998,23.88,-75.84,-0.35999998,3
867239805388414,2024-03-07T17:41:50.934Z,uncalibrated magnetic sensor,23.82,-75.479996,-1.38,23.82,-75.479996,-1.38,3
867239825419180,2024-03-07T17:41:50.954Z,uncalibrated magnetic sensor,24.18,-75.06,-1.9799999,24.18,-75.06,-1.9799999,3
867239845450013,2024-03-07T17:41:50.974Z,uncalibrated magnetic sensor,23.76,-74.58,-2.22,23.76,-74.58,-2.22,3
867239865447513,2024-03-07T17:41:50.994Z,uncalibrated magnetic sensor,23.64,-74.88,-2.76,23.64,-74.88,-2.76,3
867239885444946,2024-03-07T17:41:51.014Z,uncalibrated magnetic sensor,23.4,-75.36,-2.6399999,23.4,-75.36,-2.6399999,3
867239905442446,2024-03-07T17:41:51.034Z,uncalibrated magnetic sensor,23.4,-75.18,-3.12,23.4,-75.18,-3.12,3
867239925439946,2024-03-07T17:41:51.054Z,uncalibrated magnetic sensor,24.119999,-75.06,-2.82,24.119999,-75.06,-2.82,3
867239945437412,2024-03-07T17:41:51.074Z,uncalibrated magnetic sensor,23.82,-75.18,-2.46,23.82,-75.18,-2.46,3
867239965434878,2024-03-07T17:41:51.094Z,uncalibrated magnetic sensor,23.699999,-75.299995,-3.12,23.699999,-75.299995,-3.12,3
867239985432411,2024-03-07T17:41:51.114Z,uncalibrated magnetic sensor,23.699999,-75.36,-2.52,23.699999,-75.36,-2.52,3
867240005429944,2024-03-07T17:41:51.134Z,uncalibrated magnetic sensor,23.519999,-74.939995,-2.22,23.519999,-74.939995,-2.22,3
867240025427410,2024-03-07T17:41:51.154Z,uncalibrated magnetic sensor,23.4,-74.52,-3.0,23.4,-74.52,-3.0,3
867240045424943,2024-03-07T17:41:51.174Z,uncalibrated magnetic sensor,23.88,-74.939995,-2.6399999,23.88,-74.939995,-2.6399999,3
867240065422476,2024-03-07T17:41:51.193Z,uncalibrated magnetic sensor,23.82,-75.24,-1.9799999,23.82,-75.24,-1.9799999,3
867240085420009,2024-03-07T17:41:51.214Z,uncalibrated magnetic sensor,23.4,-75.18,-2.76,23.4,-75.18,-2.76,3
867240105417475,2024-03-07T17:41:51.234Z,uncalibrated magnetic sensor,24.0,-75.299995,-2.9399998,24.0,-75.299995,-2.9399998,3
867240125414975,2024-03-07T17:41:51.254Z,uncalibrated magnetic sensor,24.3,-75.06,-2.3999999,24.3,-75.06,-2.3999999,3
867240145412508,2024-03-07T17:41:51.274Z,uncalibrated magnetic sensor,24.42,-74.82,-2.6399999,24.42,-74.82,-2.6399999,3
867240165410074,2024-03-07T17:41:51.293Z,uncalibrated magnetic sensor,24.539999,-74.58,-3.0,24.539999,-74.58,-3.0,3
867240185407640,2024-03-07T17:41:51.314Z,uncalibrated magnetic sensor,24.0,-74.76,-3.4199998,24.0,-74.76,-3.4199998,3
867240205405273,2024-03-07T17:41:51.334Z,uncalibrated magnetic sensor,23.58,-75.06,-3.9599998,23.58,-75.06,-3.9599998,3
867240225402906,2024-03-07T17:41:51.354Z,uncalibrated magnetic sensor,23.4,-74.76,-4.2599998,23.4,-74.76,-4.2599998,3
867240245400472,2024-03-07T17:41:51.374Z,uncalibrated magnetic sensor,23.4,-74.58,-4.5,23.4,-74.58,-4.5,3
867240265398105,2024-03-07T17:41:51.394Z,uncalibrated magnetic sensor,23.699999,-75.0,-4.44,23.699999,-75.0,-4.44,3
867240285395738,2024-03-07T17:41:51.414Z,uncalibrated magnetic sensor,23.699999,-75.24,-3.36,23.699999,-75.24,-3.36,3
867240305393304,2024-03-07T17:41:51.434Z,uncalibrated magnetic sensor,23.58,-75.0,-2.1599998,23.58,-75.0,-2.1599998,3
867240325390870,2024-03-07T17:41:51.453Z,uncalibrated magnetic sensor,23.76,-75.6,-2.1,23.76,-75.6,-2.1,3
867240345388503,2024-03-07T17:41:51.474Z,uncalibrated magnetic sensor,24.48,-75.18,-1.86,24.48,-75.18,-1.86,3
867240365386136,2024-03-07T17:41:51.494Z,uncalibrated magnetic sensor,26.4,-74.1,-1.1999999,26.4,-74.1,-1.1999999,3
867240385383702,2024-03-07T17:41:51.513Z,uncalibrated magnetic sensor,25.859999,-73.2,-1.92,25.859999,-73.2,-1.92,3
867240405381335,2024-03-07T17:41:51.534Z,uncalibrated magnetic sensor,24.24,-72.24,-3.48,24.24,-72.24,-3.48,3
867240425378968,2024-03-07T17:41:51.553Z,uncalibrated magnetic sensor,24.0,-72.96,-4.2599998,24.0,-72.96,-4.2599998,3
867240445376601,2024-03-07T17:41:51.574Z,uncalibrated magnetic sensor,23.46,-73.56,-3.6599998,23.46,-73.56,-3.6599998,3
867240465374167,2024-03-07T17:41:51.594Z,uncalibrated magnetic sensor,23.939999,-72.659996,-3.54,23.939999,-72.659996,-3.54,3
867240485371800,2024-03-07T17:41:51.613Z,uncalibrated magnetic sensor,24.6,-72.72,-3.36,24.6,-72.72,-3.36,3
867240505369433,2024-03-07T17:41:51.634Z,uncalibrated magnetic sensor,24.539999,-73.619995,-2.9399998,24.539999,-73.619995,-2.9399998,3
867240525366999,2024-03-07T17:41:51.654Z,uncalibrated magnetic sensor,24.72,-73.799995,-2.46,24.72,-73.799995,-2.46,3
867240545364165,2024-03-07T17:41:51.674Z,uncalibrated magnetic sensor,24.539999,-73.74,-2.3999999,24.539999,-73.74,-2.3999999,3
867240565361798,2024-03-07T17:41:51.694Z,uncalibrated magnetic sensor,24.66,-73.2,-2.52,24.66,-73.2,-2.52,3
867240585359431,2024-03-07T17:41:51.714Z,uncalibrated magnetic sensor,25.08,-72.6,-2.28,25.08,-72.6,-2.28,3
867240605356997,2024-03-07T17:41:51.734Z,uncalibrated magnetic sensor,24.96,-72.54,-2.6399999,24.96,-72.54,-2.6399999,3
867240625354630,2024-03-07T17:41:51.754Z,uncalibrated magnetic sensor,24.6,-72.96,-3.12,24.6,-72.96,-3.12,3
867240645352263,2024-03-07T17:41:51.774Z,uncalibrated magnetic sensor,24.359999,-73.32,-3.36,24.359999,-73.32,-3.36,3
867240665349829,2024-03-07T17:41:51.794Z,uncalibrated magnetic sensor,25.08,-73.56,-2.3999999,25.08,-73.56,-2.3999999,3
867240685347395,2024-03-07T17:41:51.814Z,uncalibrated magnetic sensor,24.9,-72.84,-2.3999999,24.9,-72.84,-2.3999999,3
867240705345028,2024-03-07T17:41:51.834Z,uncalibrated magnetic sensor,24.3,-72.659996,-2.6399999,24.3,-72.659996,-2.6399999,3
867240725342661,2024-03-07T17:41:51.854Z,uncalibrated magnetic sensor,24.539999,-72.54,-2.52,24.539999,-72.54,-2.52,3
867240745340194,2024-03-07T17:41:51.874Z,uncalibrated magnetic sensor,24.42,-72.18,-3.12,24.42,-72.18,-3.12,3
867240765337694,2024-03-07T17:41:51.893Z,uncalibrated magnetic sensor,24.84,-72.659996,-3.48,24.84,-72.659996,-3.48,3
867240785335194,2024-03-07T17:41:51.914Z,uncalibrated magnetic sensor,25.439999,-73.619995,-3.8999999,25.439999,-73.619995,-3.8999999,3
867240805332627,2024-03-07T17:41:51.934Z,uncalibrated magnetic sensor,25.439999,-74.64,-3.6,25.439999,-74.64,-3.6,3
867240825330060,2024-03-07T17:41:51.953Z,uncalibrated magnetic sensor,25.5,-74.64,-2.76,25.5,-74.64,-2.76,3
867240845327560,2024-03-07T17:41:51.974Z,uncalibrated magnetic sensor,25.019999,-74.4,-2.1,25.019999,-74.4,-2.1,3
867240865325060,2024-03-07T17:41:51.994Z,uncalibrated magnetic sensor,24.9,-74.1,-1.74,24.9,-74.1,-1.74,3
867240885322493,2024-03-07T17:41:52.014Z,uncalibrated magnetic sensor,24.42,-74.46,-2.46,24.42,-74.46,-2.46,3
867240905319993,2024-03-07T17:41:52.033Z,uncalibrated magnetic sensor,23.519999,-74.88,-2.7,23.519999,-74.88,-2.7,3
867240925317493,2024-03-07T17:41:52.054Z,uncalibrated magnetic sensor,24.539999,-74.7,-2.52,24.539999,-74.7,-2.52,3
867240945314993,2024-03-07T17:41:52.074Z,uncalibrated magnetic sensor,25.14,-74.22,-3.0,25.14,-74.22,-3.0,3
867240965312459,2024-03-07T17:41:52.093Z,uncalibrated magnetic sensor,24.6,-73.619995,-3.6,24.6,-73.619995,-3.6,3
867240985309992,2024-03-07T17:41:52.114Z,uncalibrated magnetic sensor,24.119999,-73.619995,-3.1799998,24.119999,-73.619995,-3.1799998,3
867241005307525,2024-03-07T17:41:52.134Z,uncalibrated magnetic sensor,23.82,-73.979996,-3.24,23.82,-73.979996,-3.24,3
867241025304991,2024-03-07T17:41:52.153Z,uncalibrated magnetic sensor,24.779999,-73.799995,-4.02,24.779999,-73.799995,-4.02,3
867241045302457,2024-03-07T17:41:52.174Z,uncalibrated magnetic sensor,24.779999,-73.74,-3.36,24.779999,-73.74,-3.36,3
867241065299990,2024-03-07T17:41:52.194Z,uncalibrated magnetic sensor,23.88,-73.86,-3.4199998,23.88,-73.86,-3.4199998,3
867241085297523,2024-03-07T17:41:52.214Z,uncalibrated magnetic sensor,24.18,-73.2,-3.9599998,24.18,-73.2,-3.9599998,3
867241105294989,2024-03-07T17:41:52.233Z,uncalibrated magnetic sensor,24.359999,-73.5,-3.3,24.359999,-73.5,-3.3,3
867241125292522,2024-03-07T17:41:52.253Z,uncalibrated magnetic sensor,24.18,-73.74,-2.8799999,24.18,-73.74,-2.8799999,3
867241145290488,2024-03-07T17:41:52.274Z,uncalibrated magnetic sensor,24.3,-74.1,-1.8,24.3,-74.1,-1.8,3
867241165287921,2024-03-07T17:41:52.294Z,uncalibrated magnetic sensor,24.359999,-74.64,-0.71999997,24.359999,-74.64,-0.71999997,3
867241185285387,2024-03-07T17:41:52.314Z,uncalibrated magnetic sensor,24.779999,-74.76,-0.53999996,24.779999,-74.76,-0.53999996,3
867241205283020,2024-03-07T17:41:52.334Z,uncalibrated magnetic sensor,24.96,-74.46,0.06,24.96,-74.46,0.06,3
867241225280720,2024-03-07T17:41:52.353Z,uncalibrated magnetic sensor,24.539999,-74.28,-0.12,24.539999,-74.28,-0.12,3
867241245278420,2024-03-07T17:41:52.374Z,uncalibrated magnetic sensor,23.939999,-73.92,-0.48,23.939999,-73.92,-0.48,3
867241265276220,2024-03-07T17:41:52.394Z,uncalibrated magnetic sensor,23.88,-73.14,-0.59999996,23.88,-73.14,-0.59999996,3
867241285274086,2024-03-07T17:41:52.414Z,uncalibrated magnetic sensor,24.779999,-73.74,-0.96,24.779999,-73.74,-0.96,3
867241305271886,2024-03-07T17:41:52.434Z,uncalibrated magnetic sensor,24.539999,-73.799995,-0.84,24.539999,-73.799995,-0.84,3
867241325269686,2024-03-07T17:41:52.454Z,uncalibrated magnetic sensor,23.699999,-72.6,0.0,23.699999,-72.6,0.0,3
867241345267152,2024-03-07T17:41:52.474Z,uncalibrated magnetic sensor,23.58,-72.24,0.96,23.58,-72.24,0.96,3
867241365265018,2024-03-07T17:41:52.493Z,uncalibrated magnetic sensor,24.119999,-72.6,1.38,24.119999,-72.6,1.38,3
867241385262818,2024-03-07T17:41:52.514Z,uncalibrated magnetic sensor,23.699999,-73.14,0.78,23.699999,-73.14,0.78,3
867241405260684,2024-03-07T17:41:52.534Z,uncalibrated magnetic sensor,23.039999,-73.5,0.71999997,23.039999,-73.5,0.71999997,3
867241425258550,2024-03-07T17:41:52.554Z,uncalibrated magnetic sensor,23.4,-72.96,0.65999997,23.4,-72.96,0.65999997,3
867241445256416,2024-03-07T17:41:52.573Z,uncalibrated magnetic sensor,23.34,-73.2,0.17999999,23.34,-73.2,0.17999999,3
867241465254216,2024-03-07T17:41:52.594Z,uncalibrated magnetic sensor,22.74,-74.1,-0.17999999,22.74,-74.1,-0.17999999,3
867241485252082,2024-03-07T17:41:52.614Z,uncalibrated magnetic sensor,23.039999,-73.799995,-0.53999996,23.039999,-73.799995,-0.53999996,3
867241505249948,2024-03-07T17:41:52.633Z,uncalibrated magnetic sensor,24.18,-73.38,-1.4399999,24.18,-73.38,-1.4399999,3
867241525247748,2024-03-07T17:41:52.654Z,uncalibrated magnetic sensor,24.72,-73.08,-2.04,24.72,-73.08,-2.04,3
867241545245548,2024-03-07T17:41:52.674Z,uncalibrated magnetic sensor,24.3,-72.78,-1.68,24.3,-72.78,-1.68,3
867241565243381,2024-03-07T17:41:52.693Z,uncalibrated magnetic sensor,24.119999,-73.14,-1.56,24.119999,-73.14,-1.56,3
867241585241214,2024-03-07T17:41:52.714Z,uncalibrated magnetic sensor,24.779999,-73.5,-2.1,24.779999,-73.5,-2.1,3
867241605238980,2024-03-07T17:41:52.734Z,uncalibrated magnetic sensor,24.0,-73.38,-1.8,24.0,-73.38,-1.8,3
867241625236846,2024-03-07T17:41:52.754Z,uncalibrated magnetic sensor,24.119999,-73.56,-1.3199999,24.119999,-73.56,-1.3199999,3
867241645234712,2024-03-07T17:41:52.774Z,uncalibrated magnetic sensor,24.84,-73.74,-1.8,24.84,-73.74,-1.8,3
867241665232512,2024-03-07T17:41:52.793Z,uncalibrated magnetic sensor,24.359999,-73.619995,-1.62,24.359999,-73.619995,-1.62,3
867241685230312,2024-03-07T17:41:52.814Z,uncalibrated magnetic sensor,23.939999,-73.38,-1.3199999,23.939999,-73.38,-1.3199999,3
867241705228178,2024-03-07T17:41:52.833Z,uncalibrated magnetic sensor,23.76,-73.02,-1.1999999,23.76,-73.02,-1.1999999,3
867241725226044,2024-03-07T17:41:52.854Z,uncalibrated magnetic sensor,23.82,-73.38,-1.62,23.82,-73.38,-1.62,3
867241745223844,2024-03-07T17:41:52.873Z,uncalibrated magnetic sensor,24.3,-73.619995,-1.14,24.3,-73.619995,-1.14,3
867241765221710,2024-03-07T17:41:52.893Z,uncalibrated magnetic sensor,24.84,-73.86,-0.78,24.84,-73.86,-0.78,3
867241785219543,2024-03-07T17:41:52.914Z,uncalibrated magnetic sensor,24.66,-74.1,-0.78,24.66,-74.1,-0.78,3
867241805217209,2024-03-07T17:41:52.934Z,uncalibrated magnetic sensor,24.3,-73.979996,-1.74,24.3,-73.979996,-1.74,3
867241825214809,2024-03-07T17:41:52.954Z,uncalibrated magnetic sensor,23.88,-74.52,-2.7,23.88,-74.52,-2.7,3
867241845212409,2024-03-07T17:41:52.974Z,uncalibrated magnetic sensor,23.279999,-74.46,-2.04,23.279999,-74.46,-2.04,3
867241865209975,2024-03-07T17:41:52.994Z,uncalibrated magnetic sensor,23.279999,-73.979996,-1.74,23.279999,-73.979996,-1.74,3
867241885207408,2024-03-07T17:41:53.014Z,uncalibrated magnetic sensor,22.56,-74.4,-1.62,22.56,-74.4,-1.62,3
867241905204908,2024-03-07T17:41:53.033Z,uncalibrated magnetic sensor,22.619999,-74.34,-1.74,22.619999,-74.34,-1.74,3
867241925202408,2024-03-07T17:41:53.054Z,uncalibrated magnetic sensor,23.82,-74.34,-1.8,23.82,-74.34,-1.8,3
867241945200308,2024-03-07T17:41:53.074Z,uncalibrated magnetic sensor,23.64,-73.74,-1.3199999,23.64,-73.74,-1.3199999,3
867241965197741,2024-03-07T17:41:53.094Z,uncalibrated magnetic sensor,22.859999,-73.32,-1.0799999,22.859999,-73.32,-1.0799999,3
867241985195241,2024-03-07T17:41:53.114Z,uncalibrated magnetic sensor,22.199999,-73.74,-1.68,22.199999,-73.74,-1.68,3
867242005192741,2024-03-07T17:41:53.134Z,uncalibrated magnetic sensor,22.92,-73.38,-2.22,22.92,-73.38,-2.22,3
867242025190207,2024-03-07T17:41:53.154Z,uncalibrated magnetic sensor,23.34,-72.96,-2.34,23.34,-72.96,-2.34,3
867242045187673,2024-03-07T17:41:53.174Z,uncalibrated magnetic sensor,22.74,-72.479996,-2.58,22.74,-72.479996,-2.58,3
867242065185206,2024-03-07T17:41:53.194Z,uncalibrated magnetic sensor,23.1,-72.72,-2.82,23.1,-72.72,-2.82,3
867242085182739,2024-03-07T17:41:53.214Z,uncalibrated magnetic sensor,23.939999,-72.72,-3.24,23.939999,-72.72,-3.24,3
867242105180205,2024-03-07T17:41:53.234Z,uncalibrated magnetic sensor,24.359999,-72.06,-4.14,24.359999,-72.06,-4.14,3
867242125177738,2024-03-07T17:41:53.254Z,uncalibrated magnetic sensor,23.76,-71.82,-3.72,23.76,-71.82,-3.72,3
867242145175271,2024-03-07T17:41:53.274Z,uncalibrated magnetic sensor,23.519999,-72.299995,-2.7,23.519999,-72.299995,-2.7,3
867242165172737,2024-03-07T17:41:53.293Z,uncalibrated magnetic sensor,23.939999,-72.78,-2.22,23.939999,-72.78,-2.22,3
867242185170203,2024-03-07T17:41:53.314Z,uncalibrated magnetic sensor,23.88,-73.14,-2.34,23.88,-73.14,-2.34,3
867242205167736,2024-03-07T17:41:53.334Z,uncalibrated magnetic sensor,24.119999,-72.84,-3.24,24.119999,-72.84,-3.24,3
867242225165236,2024-03-07T17:41:53.354Z,uncalibrated magnetic sensor,24.24,-71.88,-2.3999999,24.24,-71.88,-2.3999999,3
867242245162669,2024-03-07T17:41:53.374Z,uncalibrated magnetic sensor,24.72,-71.58,-1.38,24.72,-71.58,-1.38,3
867242265160169,2024-03-07T17:41:53.394Z,uncalibrated magnetic sensor,25.14,-71.76,-1.3199999,25.14,-71.76,-1.3199999,3
867242285157702,2024-03-07T17:41:53.414Z,uncalibrated magnetic sensor,24.42,-72.18,-1.3199999,24.42,-72.18,-1.3199999,3
867242305155335,2024-03-07T17:41:53.434Z,uncalibrated magnetic sensor,24.06,-72.119995,-1.8,24.06,-72.119995,-1.8,3
867242325153001,2024-03-07T17:41:53.454Z,uncalibrated magnetic sensor,24.119999,-71.88,-1.86,24.119999,-71.88,-1.86,3
867242345150767,2024-03-07T17:41:53.473Z,uncalibrated magnetic sensor,24.359999,-71.58,-0.84,24.359999,-71.58,-0.84,3
867242365148600,2024-03-07T17:41:53.494Z,uncalibrated magnetic sensor,24.72,-71.159996,-0.84,24.72,-71.159996,-0.84,3
867242385146366,2024-03-07T17:41:53.514Z,uncalibrated magnetic sensor,24.06,-71.64,-1.56,24.06,-71.64,-1.56,3
867242405144199,2024-03-07T17:41:53.534Z,uncalibrated magnetic sensor,24.3,-72.42,-1.1999999,24.3,-72.42,-1.1999999,3
867242425142032,2024-03-07T17:41:53.554Z,uncalibrated magnetic sensor,25.74,-72.36,-0.35999998,25.74,-72.36,-0.35999998,3
867242445139865,2024-03-07T17:41:53.574Z,uncalibrated magnetic sensor,25.68,-72.06,0.0,25.68,-72.06,0.0,3
867242465137631,2024-03-07T17:41:53.594Z,uncalibrated magnetic sensor,24.96,-71.939995,0.35999998,24.96,-71.939995,0.35999998,3
867242485135464,2024-03-07T17:41:53.614Z,uncalibrated magnetic sensor,24.539999,-71.58,0.78,24.539999,-71.58,0.78,3
867242505133297,2024-03-07T17:41:53.634Z,uncalibrated magnetic sensor,24.84,-71.88,0.65999997,24.84,-71.88,0.65999997,3
867242525131063,2024-03-07T17:41:53.654Z,uncalibrated magnetic sensor,24.96,-72.479996,0.17999999,24.96,-72.479996,0.17999999,3
867242545128829,2024-03-07T17:41:53.674Z,uncalibrated magnetic sensor,25.08,-72.659996,0.06,25.08,-72.659996,0.06,3
867242565126662,2024-03-07T17:41:53.694Z,uncalibrated magnetic sensor,25.32,-72.9,-0.35999998,25.32,-72.9,-0.35999998,3
867242585124495,2024-03-07T17:41:53.714Z,uncalibrated magnetic sensor,24.539999,-73.02,-0.48,24.539999,-73.02,-0.48,3
867242605122261,2024-03-07T17:41:53.734Z,uncalibrated magnetic sensor,24.42,-73.14,0.06,24.42,-73.14,0.06,3
867242625120061,2024-03-07T17:41:53.754Z,uncalibrated magnetic sensor,24.66,-73.02,0.65999997,24.66,-73.02,0.65999997,3
867242645117861,2024-03-07T17:41:53.774Z,uncalibrated magnetic sensor,24.119999,-73.68,2.04,24.119999,-73.68,2.04,3
867242665115594,2024-03-07T17:41:53.794Z,uncalibrated magnetic sensor,24.66,-73.5,2.82,24.66,-73.5,2.82,3
867242685113327,2024-03-07T17:41:53.814Z,uncalibrated magnetic sensor,24.48,-73.26,2.22,24.48,-73.26,2.22,3
867242705111127,2024-03-07T17:41:53.834Z,uncalibrated magnetic sensor,24.0,-73.74,1.62,24.0,-73.74,1.62,3
867242725108927,2024-03-07T17:41:53.854Z,uncalibrated magnetic sensor,24.0,-74.4,1.1999999,24.0,-74.4,1.1999999,3
867242745106693,2024-03-07T17:41:53.874Z,uncalibrated magnetic sensor,24.359999,-74.64,1.38,24.359999,-74.64,1.38,3
867242765104526,2024-03-07T17:41:53.894Z,uncalibrated magnetic sensor,25.019999,-74.1,0.9,25.019999,-74.1,0.9,3
867242785102359,2024-03-07T17:41:53.914Z,uncalibrated magnetic sensor,24.3,-73.92,0.59999996,24.3,-73.92,0.59999996,3
867242805100125,2024-03-07T17:41:53.934Z,uncalibrated magnetic sensor,24.24,-74.28,0.24,24.24,-74.28,0.24,3
867242825097891,2024-03-07T17:41:53.954Z,uncalibrated magnetic sensor,24.24,-74.88,0.29999998,24.24,-74.88,0.29999998,3
867242845095724,2024-03-07T17:41:53.974Z,uncalibrated magnetic sensor,23.4,-75.299995,0.84,23.4,-75.299995,0.84,3
867242865093557,2024-03-07T17:41:53.993Z,uncalibrated magnetic sensor,22.38,-75.9,0.84,22.38,-75.9,0.84,3
867242885091290,2024-03-07T17:41:54.013Z,uncalibrated magnetic sensor,21.96,-76.32,1.14,21.96,-76.32,1.14,3
867242905088923,2024-03-07T17:41:54.034Z,uncalibrated magnetic sensor,22.38,-75.72,0.35999998,22.38,-75.72,0.35999998,3
867242925086523,2024-03-07T17:41:54.054Z,uncalibrated magnetic sensor,22.5,-75.18,-0.29999998,22.5,-75.18,-0.29999998,3
867242945084089,2024-03-07T17:41:54.074Z,uncalibrated magnetic sensor,22.439999,-75.06,0.24,22.439999,-75.06,0.24,3
867242965081522,2024-03-07T17:41:54.094Z,uncalibrated magnetic sensor,22.74,-74.76,0.35999998,22.74,-74.76,0.35999998,3
867242985079022,2024-03-07T17:41:54.113Z,uncalibrated magnetic sensor,22.92,-74.58,-0.24,22.92,-74.58,-0.24,3
867243005076522,2024-03-07T17:41:54.134Z,uncalibrated magnetic sensor,23.519999,-74.1,-0.96,23.519999,-74.1,-0.96,3
867243025073955,2024-03-07T17:41:54.154Z,uncalibrated magnetic sensor,23.039999,-73.86,-0.84,23.039999,-73.86,-0.84,3
867243045071388,2024-03-07T17:41:54.174Z,uncalibrated magnetic sensor,22.38,-73.979996,-0.84,22.38,-73.979996,-0.84,3
867243065068888,2024-03-07T17:41:54.194Z,uncalibrated magnetic sensor,22.26,-74.34,-1.74,22.26,-74.34,-1.74,3
867243085066388,2024-03-07T17:41:54.213Z,uncalibrated magnetic sensor,22.619999,-74.04,-1.4399999,22.619999,-74.04,-1.4399999,3
867243105063821,2024-03-07T17:41:54.234Z,uncalibrated magnetic sensor,23.519999,-73.68,-1.38,23.519999,-73.68,-1.38,3
867243125061321,2024-03-07T17:41:54.253Z,uncalibrated magnetic sensor,22.8,-73.439995,-2.3999999,22.8,-73.439995,-2.3999999,3
867243145058821,2024-03-07T17:41:54.274Z,uncalibrated magnetic sensor,22.74,-73.08,-3.3,22.74,-73.08,-3.3,3
867243165055587,2024-03-07T17:41:54.294Z,uncalibrated magnetic sensor,23.64,-72.78,-3.24,23.64,-72.78,-3.24,3
867243185053053,2024-03-07T17:41:54.314Z,uncalibrated magnetic sensor,24.0,-72.479996,-2.8799999,24.0,-72.479996,-2.8799999,3
867243205049886,2024-03-07T17:41:54.334Z,uncalibrated magnetic sensor,24.0,-72.84,-2.82,24.0,-72.84,-2.82,3
867243225047419,2024-03-07T17:41:54.354Z,uncalibrated magnetic sensor,24.119999,-73.02,-2.52,24.119999,-73.02,-2.52,3
867243245044885,2024-03-07T17:41:54.374Z,uncalibrated magnetic sensor,23.88,-73.02,-1.62,23.88,-73.02,-1.62,3
867243265042418,2024-03-07T17:41:54.394Z,uncalibrated magnetic sensor,23.58,-72.9,-0.78,23.58,-72.9,-0.78,3
867243285039951,2024-03-07T17:41:54.414Z,uncalibrated magnetic sensor,23.82,-72.9,-0.65999997,23.82,-72.9,-0.65999997,3
867243305037417,2024-03-07T17:41:54.434Z,uncalibrated magnetic sensor,23.939999,-73.26,-1.5,23.939999,-73.26,-1.5,3
867243325034883,2024-03-07T17:41:54.454Z,uncalibrated magnetic sensor,24.42,-72.9,-1.56,24.42,-72.9,-1.56,3
867243345032383,2024-03-07T17:41:54.474Z,uncalibrated magnetic sensor,24.24,-72.42,-1.56,24.24,-72.42,-1.56,3
867243365029883,2024-03-07T17:41:54.494Z,uncalibrated magnetic sensor,24.48,-71.76,-1.8,24.48,-71.76,-1.8,3
867243385027383,2024-03-07T17:41:54.514Z,uncalibrated magnetic sensor,24.779999,-71.4,-1.3199999,24.779999,-71.4,-1.3199999,3
867243405025016,2024-03-07T17:41:54.534Z,uncalibrated magnetic sensor,24.66,-72.24,-1.4399999,24.66,-72.24,-1.4399999,3
867243425022649,2024-03-07T17:41:54.554Z,uncalibrated magnetic sensor,24.3,-71.939995,-1.56,24.3,-71.939995,-1.56,3
867243445020282,2024-03-07T17:41:54.574Z,uncalibrated magnetic sensor,24.18,-71.76,-1.14,24.18,-71.76,-1.14,3
867243465017848,2024-03-07T17:41:54.594Z,uncalibrated magnetic sensor,24.84,-72.6,-0.65999997,24.84,-72.6,-0.65999997,3
867243485015481,2024-03-07T17:41:54.614Z,uncalibrated magnetic sensor,24.96,-72.299995,-0.29999998,24.96,-72.299995,-0.29999998,3
867243505012414,2024-03-07T17:41:54.634Z,uncalibrated magnetic sensor,25.08,-72.18,-0.53999996,25.08,-72.18,-0.53999996,3
867243525009980,2024-03-07T17:41:54.654Z,uncalibrated magnetic sensor,24.6,-72.0,-1.62,24.6,-72.0,-1.62,3
867243545007546,2024-03-07T17:41:54.674Z,uncalibrated magnetic sensor,24.3,-71.58,-1.26,24.3,-71.58,-1.26,3
867243565005179,2024-03-07T17:41:54.694Z,uncalibrated magnetic sensor,24.66,-71.46,-1.62,24.66,-71.46,-1.62,3
867243585002812,2024-03-07T17:41:54.714Z,uncalibrated magnetic sensor,24.06,-71.159996,-2.52,24.06,-71.159996,-2.52,3
867243605000378,2024-03-07T17:41:54.734Z,uncalibrated magnetic sensor,23.64,-71.64,-2.7,23.64,-71.64,-2.7,3
867243624251398,2024-03-07T17:41:54.753Z,uncalibrated magnetic sensor,24.359999,-71.82,-2.76,24.359999,-71.82,-2.76,3
867243644249031,2024-03-07T17:41:54.773Z,uncalibrated magnetic sensor,24.3,-71.58,-2.1599998,24.3,-71.58,-2.1599998,3
867243664246597,2024-03-07T17:41:54.793Z,uncalibrated magnetic sensor,24.42,-72.18,-1.74,24.42,-72.18,-1.74,3
867243684244163,2024-03-07T17:41:54.813Z,uncalibrated magnetic sensor,24.6,-72.659996,-1.0799999,24.6,-72.659996,-1.0799999,3
867243704241796,2024-03-07T17:41:54.833Z,uncalibrated magnetic sensor,24.359999,-72.36,-1.92,24.359999,-72.36,-1.92,3
867243724239429,2024-03-07T17:41:54.853Z,uncalibrated magnetic sensor,23.76,-72.36,-2.7,23.76,-72.36,-2.7,3
867243744236995,2024-03-07T17:41:54.873Z,uncalibrated magnetic sensor,23.4,-72.299995,-2.28,23.4,-72.299995,-2.28,3
867243764235295,2024-03-07T17:41:54.893Z,uncalibrated magnetic sensor,23.34,-72.659996,-2.52,23.34,-72.659996,-2.52,3
867243784232928,2024-03-07T17:41:54.913Z,uncalibrated magnetic sensor,23.279999,-73.26,-2.04,23.279999,-73.26,-2.04,3
867243804231194,2024-03-07T17:41:54.933Z,uncalibrated magnetic sensor,23.22,-73.26,-1.14,23.22,-73.26,-1.14,3
867243824228760,2024-03-07T17:41:54.953Z,uncalibrated magnetic sensor,23.76,-73.02,-0.84,23.76,-73.02,-0.84,3
867243844226393,2024-03-07T17:41:54.972Z,uncalibrated magnetic sensor,23.76,-72.479996,-1.26,23.76,-72.479996,-1.26,3
867243864224026,2024-03-07T17:41:54.993Z,uncalibrated magnetic sensor,23.039999,-72.18,-1.9799999,23.039999,-72.18,-1.9799999,3
867243884221592,2024-03-07T17:41:55.013Z,uncalibrated magnetic sensor,23.34,-72.78,-2.34,23.34,-72.78,-2.34,3
867243904219225,2024-03-07T17:41:55.033Z,uncalibrated magnetic sensor,22.74,-73.38,-2.1599998,22.74,-73.38,-2.1599998,3
867243924216858,2024-03-07T17:41:55.053Z,uncalibrated magnetic sensor,22.14,-73.14,-1.4399999,22.14,-73.14,-1.4399999,3
867243944214491,2024-03-07T17:41:55.073Z,uncalibrated magnetic sensor,22.439999,-73.5,-0.84,22.439999,-73.5,-0.84,3
867243964212057,2024-03-07T17:41:55.093Z,uncalibrated magnetic sensor,22.92,-74.52,-1.14,22.92,-74.52,-1.14,3
867243984209623,2024-03-07T17:41:55.113Z,uncalibrated magnetic sensor,23.279999,-74.58,-1.0799999,23.279999,-74.58,-1.0799999,3
867244004207123,2024-03-07T17:41:55.132Z,uncalibrated magnetic sensor,23.16,-74.22,-0.48,23.16,-74.22,-0.48,3
867244024204556,2024-03-07T17:41:55.152Z,uncalibrated magnetic sensor,23.76,-73.799995,-0.65999997,23.76,-73.799995,-0.65999997,3
867244044201989,2024-03-07T17:41:55.173Z,uncalibrated magnetic sensor,23.76,-73.68,-1.56,23.76,-73.68,-1.56,3
867244064199489,2024-03-07T17:41:55.193Z,uncalibrated magnetic sensor,23.46,-73.799995,-1.9799999,23.46,-73.799995,-1.9799999,3
867244084196989,2024-03-07T17:41:55.213Z,uncalibrated magnetic sensor,23.699999,-73.86,-1.8,23.699999,-73.86,-1.8,3
867244104195122,2024-03-07T17:41:55.233Z,uncalibrated magnetic sensor,23.64,-73.5,-1.62,23.64,-73.5,-1.62,3
867244124192622,2024-03-07T17:41:55.253Z,uncalibrated magnetic sensor,24.3,-72.6,-1.62,24.3,-72.6,-1.62,3
867244144190122,2024-03-07T17:41:55.273Z,uncalibrated magnetic sensor,23.88,-72.36,-1.62,23.88,-72.36,-1.62,3
867244164187555,2024-03-07T17:41:55.293Z,uncalibrated magnetic sensor,23.46,-71.88,-1.68,23.46,-71.88,-1.68,3
867244184184321,2024-03-07T17:41:55.313Z,uncalibrated magnetic sensor,23.58,-72.119995,-2.1,23.58,-72.119995,-2.1,3
867244204181854,2024-03-07T17:41:55.333Z,uncalibrated magnetic sensor,23.279999,-72.9,-2.28,23.279999,-72.9,-2.28,3
867244224179387,2024-03-07T17:41:55.353Z,uncalibrated magnetic sensor,23.58,-72.96,-1.92,23.58,-72.96,-1.92,3
867244244176853,2024-03-07T17:41:55.373Z,uncalibrated magnetic sensor,23.939999,-72.659996,-2.28,23.939999,-72.659996,-2.28,3
867244264174386,2024-03-07T17:41:55.393Z,uncalibrated magnetic sensor,24.0,-72.42,-2.1599998,24.0,-72.42,-2.1599998,3
867244284171919,2024-03-07T17:41:55.413Z,uncalibrated magnetic sensor,23.76,-72.54,-1.62,23.76,-72.54,-1.62,3
867244304169385,2024-03-07T17:41:55.432Z,uncalibrated magnetic sensor,23.88,-72.299995,-1.8,23.88,-72.299995,-1.8,3
867244324166851,2024-03-07T17:41:55.453Z,uncalibrated magnetic sensor,23.76,-72.36,-1.5,23.76,-72.36,-1.5,3
867244344164384,2024-03-07T17:41:55.473Z,uncalibrated magnetic sensor,24.42,-72.6,-1.3199999,24.42,-72.6,-1.3199999,3
867244364161917,2024-03-07T17:41:55.493Z,uncalibrated magnetic sensor,24.539999,-72.299995,-1.4399999,24.539999,-72.299995,-1.4399999,3
867244384159350,2024-03-07T17:41:55.513Z,uncalibrated magnetic sensor,24.24,-72.24,-1.1999999,24.24,-72.24,-1.1999999,3
867244404156850,2024-03-07T17:41:55.533Z,uncalibrated magnetic sensor,24.6,-72.18,-1.5,24.6,-72.18,-1.5,3
867244424154383,2024-03-07T17:41:55.553Z,uncalibrated magnetic sensor,24.0,-71.82,-1.74,24.0,-71.82,-1.74,3
867244444152016,2024-03-07T17:41:55.573Z,uncalibrated magnetic sensor,24.359999,-71.34,-2.04,24.359999,-71.34,-2.04,3
867244464149682,2024-03-07T17:41:55.593Z,uncalibrated magnetic sensor,25.26,-71.46,-2.1,25.26,-71.46,-2.1,3
867244484147448,2024-03-07T17:41:55.613Z,uncalibrated magnetic sensor,24.9,-72.119995,-2.04,24.9,-72.119995,-2.04,3
867244504145281,2024-03-07T17:41:55.633Z,uncalibrated magnetic sensor,24.66,-72.299995,-2.04,24.66,-72.299995,-2.04,3
867244524143047,2024-03-07T17:41:55.653Z,uncalibrated magnetic sensor,24.84,-72.0,-1.4399999,24.84,-72.0,-1.4399999,3
867244544140813,2024-03-07T17:41:55.673Z,uncalibrated magnetic sensor,24.72,-71.58,-1.74,24.72,-71.58,-1.74,3
867244564138646,2024-03-07T17:41:55.693Z,uncalibrated magnetic sensor,25.14,-70.92,-1.8,25.14,-70.92,-1.8,3
867244584136479,2024-03-07T17:41:55.713Z,uncalibrated magnetic sensor,25.32,-71.4,-1.38,25.32,-71.4,-1.38,3
867244604134245,2024-03-07T17:41:55.733Z,uncalibrated magnetic sensor,24.72,-71.939995,-1.62,24.72,-71.939995,-1.62,3
867244624132078,2024-03-07T17:41:55.753Z,uncalibrated magnetic sensor,24.6,-72.06,-1.86,24.6,-72.06,-1.86,3
867244644129911,2024-03-07T17:41:55.773Z,uncalibrated magnetic sensor,24.96,-71.939995,-1.86,24.96,-71.939995,-1.86,3
867244664127677,2024-03-07T17:41:55.793Z,uncalibrated magnetic sensor,25.439999,-71.64,-2.22,25.439999,-71.64,-2.22,3
867244684125443,2024-03-07T17:41:55.813Z,uncalibrated magnetic sensor,25.32,-71.7,-1.56,25.32,-71.7,-1.56,3
867244704123276,2024-03-07T17:41:55.833Z,uncalibrated magnetic sensor,24.6,-71.52,-0.96,24.6,-71.52,-0.96,3
867244724121109,2024-03-07T17:41:55.853Z,uncalibrated magnetic sensor,24.24,-71.58,-1.92,24.24,-71.58,-1.92,3
867244744118875,2024-03-07T17:41:55.873Z,uncalibrated magnetic sensor,24.72,-71.64,-1.86,24.72,-71.64,-1.86,3
867244764116708,2024-03-07T17:41:55.893Z,uncalibrated magnetic sensor,25.199999,-71.939995,-1.4399999,25.199999,-71.939995,-1.4399999,3
867244784115208,2024-03-07T17:41:55.913Z,uncalibrated magnetic sensor,24.48,-72.119995,-1.5,24.48,-72.119995,-1.5,3
867244804112941,2024-03-07T17:41:55.933Z,uncalibrated magnetic sensor,23.64,-72.24,-1.56,23.64,-72.24,-1.56,3
867244824110674,2024-03-07T17:41:55.953Z,uncalibrated magnetic sensor,24.06,-72.119995,-1.62,24.06,-72.119995,-1.62,3
867244844108474,2024-03-07T17:41:55.973Z,uncalibrated magnetic sensor,24.66,-71.7,-1.5,24.66,-71.7,-1.5,3
867244864106274,2024-03-07T17:41:55.993Z,uncalibrated magnetic sensor,25.26,-71.88,-1.68,25.26,-71.88,-1.68,3
867244884104007,2024-03-07T17:41:56.013Z,uncalibrated magnetic sensor,24.9,-71.64,-1.68,24.9,-71.64,-1.68,3
867244904101840,2024-03-07T17:41:56.033Z,uncalibrated magnetic sensor,24.42,-71.28,-1.68,24.42,-71.28,-1.68,3
867244924099673,2024-03-07T17:41:56.053Z,uncalibrated magnetic sensor,24.0,-71.64,-1.68,24.0,-71.64,-1.68,3
867244944097506,2024-03-07T17:41:56.073Z,uncalibrated magnetic sensor,23.58,-72.119995,-1.74,23.58,-72.119995,-1.74,3
867244964095272,2024-03-07T17:41:56.093Z,uncalibrated magnetic sensor,24.3,-72.84,-1.38,24.3,-72.84,-1.38,3
867244984093105,2024-03-07T17:41:56.113Z,uncalibrated magnetic sensor,23.939999,-73.02,-1.4399999,23.939999,-73.02,-1.4399999,3
867245004090938,2024-03-07T17:41:56.133Z,uncalibrated magnetic sensor,23.4,-73.56,-1.68,23.4,-73.56,-1.68,3
867245024088671,2024-03-07T17:41:56.153Z,uncalibrated magnetic sensor,22.98,-74.159996,-1.14,22.98,-74.159996,-1.14,3
867245044086304,2024-03-07T17:41:56.173Z,uncalibrated magnetic sensor,22.439999,-73.56,-0.71999997,22.439999,-73.56,-0.71999997,3
867245064083904,2024-03-07T17:41:56.193Z,uncalibrated magnetic sensor,23.1,-73.68,-0.9,23.1,-73.68,-0.9,3
867245084081470,2024-03-07T17:41:56.213Z,uncalibrated magnetic sensor,23.16,-73.68,-1.8,23.16,-73.68,-1.8,3
867245104078903,2024-03-07T17:41:56.233Z,uncalibrated magnetic sensor,22.92,-73.14,-2.58,22.92,-73.14,-2.58,3
867245124076403,2024-03-07T17:41:56.253Z,uncalibrated magnetic sensor,23.4,-73.2,-1.92,23.4,-73.2,-1.92,3
867245144073903,2024-03-07T17:41:56.273Z,uncalibrated magnetic sensor,23.76,-72.659996,-1.62,23.76,-72.659996,-1.62,3
867245164103969,2024-03-07T17:41:56.293Z,uncalibrated magnetic sensor,23.76,-72.18,-2.34,23.76,-72.18,-2.34,3
867245184134035,2024-03-07T17:41:56.313Z,uncalibrated magnetic sensor,23.22,-72.42,-2.52,23.22,-72.42,-2.52,3
867245204164868,2024-03-07T17:41:56.333Z,uncalibrated magnetic sensor,22.98,-72.78,-2.76,22.98,-72.78,-2.76,3
867245224195701,2024-03-07T17:41:56.353Z,uncalibrated magnetic sensor,23.58,-72.9,-2.6399999,23.58,-72.9,-2.6399999,3
867245244226467,2024-03-07T17:41:56.372Z,uncalibrated magnetic sensor,24.0,-72.36,-2.76,24.0,-72.36,-2.76,3
867245264257300,2024-03-07T17:41:56.393Z,uncalibrated magnetic sensor,23.88,-72.24,-3.36,23.88,-72.24,-3.36,3
867245284288133,2024-03-07T17:41:56.413Z,uncalibrated magnetic sensor,23.82,-72.72,-3.54,23.82,-72.72,-3.54,3
867245304318933,2024-03-07T17:41:56.433Z,uncalibrated magnetic sensor,24.0,-72.72,-3.72,24.0,-72.72,-3.72,3
867245324349733,2024-03-07T17:41:56.453Z,uncalibrated magnetic sensor,24.06,-72.36,-2.52,24.06,-72.36,-2.52,3
867245344380599,2024-03-07T17:41:56.473Z,uncalibrated magnetic sensor,24.06,-72.9,-2.22,24.06,-72.9,-2.22,3
867245364411465,2024-03-07T17:41:56.493Z,uncalibrated magnetic sensor,24.72,-72.96,-2.6399999,24.72,-72.96,-2.6399999,3
867245384442265,2024-03-07T17:41:56.513Z,uncalibrated magnetic sensor,24.72,-72.54,-1.68,24.72,-72.54,-1.68,3
867245404473131,2024-03-07T17:41:56.533Z,uncalibrated magnetic sensor,24.779999,-73.08,-1.62,24.779999,-73.08,-1.62,3
867245424503997,2024-03-07T17:41:56.553Z,uncalibrated magnetic sensor,24.66,-73.92,-2.3999999,24.66,-73.92,-2.3999999,3
867245444534797,2024-03-07T17:41:56.572Z,uncalibrated magnetic sensor,23.699999,-73.92,-2.82,23.699999,-73.92,-2.82,3
867245464565597,2024-03-07T17:41:56.593Z,uncalibrated magnetic sensor,24.3,-73.32,-2.04,24.3,-73.32,-2.04,3
867245484596463,2024-03-07T17:41:56.613Z,uncalibrated magnetic sensor,24.72,-72.84,-1.92,24.72,-72.84,-1.92,3
867245504627296,2024-03-07T17:41:56.633Z,uncalibrated magnetic sensor,24.539999,-72.479996,-2.28,24.539999,-72.479996,-2.28,3
867245524658129,2024-03-07T17:41:56.653Z,uncalibrated magnetic sensor,24.42,-72.78,-1.3199999,24.42,-72.78,-1.3199999,3
867245544689029,2024-03-07T17:41:56.673Z,uncalibrated magnetic sensor,24.0,-73.439995,-0.84,24.0,-73.439995,-0.84,3
867245564719995,2024-03-07T17:41:56.693Z,uncalibrated magnetic sensor,24.119999,-73.439995,-0.48,24.119999,-73.439995,-0.48,3
867245584750961,2024-03-07T17:41:56.713Z,uncalibrated magnetic sensor,24.539999,-72.78,0.12,24.539999,-72.78,0.12,3
867245604781861,2024-03-07T17:41:56.733Z,uncalibrated magnetic sensor,25.14,-73.14,-0.59999996,25.14,-73.14,-0.59999996,3
867245624812827,2024-03-07T17:41:56.753Z,uncalibrated magnetic sensor,25.08,-73.86,-0.96,25.08,-73.86,-0.96,3
867245644843793,2024-03-07T17:41:56.773Z,uncalibrated magnetic sensor,24.42,-73.2,-1.0799999,24.42,-73.2,-1.0799999,3
867245664874693,2024-03-07T17:41:56.793Z,uncalibrated magnetic sensor,24.359999,-72.42,-1.3199999,24.359999,-72.42,-1.3199999,3
867245684905593,2024-03-07T17:41:56.813Z,uncalibrated magnetic sensor,24.24,-72.24,-1.3199999,24.24,-72.24,-1.3199999,3
867245704936559,2024-03-07T17:41:56.833Z,uncalibrated magnetic sensor,24.96,-72.72,-1.1999999,24.96,-72.72,-1.1999999,3
867245724967525,2024-03-07T17:41:56.853Z,uncalibrated magnetic sensor,24.84,-73.32,-0.96,24.84,-73.32,-0.96,3
867245744998425,2024-03-07T17:41:56.873Z,uncalibrated magnetic sensor,24.06,-72.78,-1.14,24.06,-72.78,-1.14,3
867245764996758,2024-03-07T17:41:56.893Z,uncalibrated magnetic sensor,24.72,-72.119995,-0.84,24.72,-72.119995,-0.84,3
867245784995091,2024-03-07T17:41:56.913Z,uncalibrated magnetic sensor,24.96,-72.36,-0.71999997,24.96,-72.36,-0.71999997,3
867245804992657,2024-03-07T17:41:56.933Z,uncalibrated magnetic sensor,24.96,-73.26,-0.9,24.96,-73.26,-0.9,3
867245824990223,2024-03-07T17:41:56.953Z,uncalibrated magnetic sensor,24.48,-73.38,-1.14,24.48,-73.38,-1.14,3
867245844987856,2024-03-07T17:41:56.973Z,uncalibrated magnetic sensor,23.46,-72.96,-0.48,23.46,-72.96,-0.48,3
867245864985489,2024-03-07T17:41:56.993Z,uncalibrated magnetic sensor,23.46,-73.26,0.35999998,23.46,-73.26,0.35999998,3
867245884983055,2024-03-07T17:41:57.013Z,uncalibrated magnetic sensor,23.4,-73.68,0.42,23.4,-73.68,0.42,3
867245904980655,2024-03-07T17:41:57.033Z,uncalibrated magnetic sensor,24.359999,-73.74,-0.29999998,24.359999,-73.74,-0.29999998,3
867245924978255,2024-03-07T17:41:57.053Z,uncalibrated magnetic sensor,24.66,-73.38,-1.92,24.66,-73.38,-1.92,3
867245944975821,2024-03-07T17:41:57.073Z,uncalibrated magnetic sensor,23.88,-72.72,-1.74,23.88,-72.72,-1.74,3
867245964973387,2024-03-07T17:41:57.093Z,uncalibrated magnetic sensor,24.18,-72.299995,-2.52,24.18,-72.299995,-2.52,3
867245984971020,2024-03-07T17:41:57.113Z,uncalibrated magnetic sensor,23.64,-72.36,-2.9399998,23.64,-72.36,-2.9399998,3
867246004968653,2024-03-07T17:41:57.133Z,uncalibrated magnetic sensor,23.519999,-72.9,-2.28,23.519999,-72.9,-2.28,3
867246024966219,2024-03-07T17:41:57.153Z,uncalibrated magnetic sensor,23.88,-73.02,-2.7,23.88,-73.02,-2.7,3
867246044963852,2024-03-07T17:41:57.173Z,uncalibrated magnetic sensor,23.22,-72.84,-3.78,23.22,-72.84,-3.78,3
867246064961485,2024-03-07T17:41:57.193Z,uncalibrated magnetic sensor,23.16,-73.2,-3.24,23.16,-73.2,-3.24,3
867246084959118,2024-03-07T17:41:57.213Z,uncalibrated magnetic sensor,23.519999,-73.619995,-1.68,23.519999,-73.619995,-1.68,3
867246104956684,2024-03-07T17:41:57.233Z,uncalibrated magnetic sensor,23.76,-74.04,-1.56,23.76,-74.04,-1.56,3
867246124954250,2024-03-07T17:41:57.253Z,uncalibrated magnetic sensor,23.76,-74.04,-1.3199999,23.76,-74.04,-1.3199999,3
867246144951750,2024-03-07T17:41:57.272Z,uncalibrated magnetic sensor,23.22,-74.46,-1.3199999,23.22,-74.46,-1.3199999,3
867246164948483,2024-03-07T17:41:57.292Z,uncalibrated magnetic sensor,23.58,-74.4,-1.9799999,23.58,-74.4,-1.9799999,3
867246184945916,2024-03-07T17:41:57.313Z,uncalibrated magnetic sensor,23.519999,-73.56,-1.92,23.519999,-73.56,-1.92,3
867246204942716,2024-03-07T17:41:57.332Z,uncalibrated magnetic sensor,22.74,-73.68,-2.1599998,22.74,-73.68,-2.1599998,3
867246224940216,2024-03-07T17:41:57.353Z,uncalibrated magnetic sensor,22.8,-73.2,-2.3999999,22.8,-73.2,-2.3999999,3
867246244937649,2024-03-07T17:41:57.373Z,uncalibrated magnetic sensor,23.46,-73.14,-2.3999999,23.46,-73.14,-2.3999999,3
867246264935149,2024-03-07T17:41:57.393Z,uncalibrated magnetic sensor,23.34,-73.5,-2.34,23.34,-73.5,-2.34,3
867246284932649,2024-03-07T17:41:57.413Z,uncalibrated magnetic sensor,22.619999,-73.2,-1.9799999,22.619999,-73.2,-1.9799999,3
867246304930082,2024-03-07T17:41:57.433Z,uncalibrated magnetic sensor,22.92,-73.26,-1.26,22.92,-73.26,-1.26,3
867246324927515,2024-03-07T17:41:57.453Z,uncalibrated magnetic sensor,23.64,-73.619995,-0.48,23.64,-73.619995,-0.48,3
867246344925048,2024-03-07T17:41:57.473Z,uncalibrated magnetic sensor,23.88,-74.1,-1.14,23.88,-74.1,-1.14,3
867246364922581,2024-03-07T17:41:57.493Z,uncalibrated magnetic sensor,24.0,-74.159996,-1.68,24.0,-74.159996,-1.68,3
867246384920047,2024-03-07T17:41:57.513Z,uncalibrated magnetic sensor,23.82,-74.28,-0.65999997,23.82,-74.28,-0.65999997,3
867246404917580,2024-03-07T17:41:57.533Z,uncalibrated magnetic sensor,24.18,-74.58,-0.12,24.18,-74.58,-0.12,3
867246424915113,2024-03-07T17:41:57.553Z,uncalibrated magnetic sensor,24.3,-74.22,-0.24,24.3,-74.22,-0.24,3
867246444912579,2024-03-07T17:41:57.573Z,uncalibrated magnetic sensor,23.46,-74.939995,-0.24,23.46,-74.939995,-0.24,3
867246464910045,2024-03-07T17:41:57.593Z,uncalibrated magnetic sensor,23.58,-74.939995,-0.65999997,23.58,-74.939995,-0.65999997,3
867246484907578,2024-03-07T17:41:57.613Z,uncalibrated magnetic sensor,23.519999,-73.32,-0.9,23.519999,-73.32,-0.9,3
867246504905111,2024-03-07T17:41:57.633Z,uncalibrated magnetic sensor,22.68,-72.96,-0.96,22.68,-72.96,-0.96,3
867246524902577,2024-03-07T17:41:57.653Z,uncalibrated magnetic sensor,22.98,-72.84,-1.26,22.98,-72.84,-1.26,3
867246544900077,2024-03-07T17:41:57.673Z,uncalibrated magnetic sensor,23.279999,-72.9,-1.1999999,23.279999,-72.9,-1.1999999,3
867246564897610,2024-03-07T17:41:57.693Z,uncalibrated magnetic sensor,23.4,-73.14,-1.0799999,23.4,-73.14,-1.0799999,3
867246584895243,2024-03-07T17:41:57.713Z,uncalibrated magnetic sensor,23.82,-73.74,-0.24,23.82,-73.74,-0.24,3
867246604892543,2024-03-07T17:41:57.733Z,uncalibrated magnetic sensor,24.779999,-73.979996,0.65999997,24.779999,-73.979996,0.65999997,3
867246624890309,2024-03-07T17:41:57.753Z,uncalibrated magnetic sensor,24.96,-73.32,0.48,24.96,-73.32,0.48,3
867246644888109,2024-03-07T17:41:57.773Z,uncalibrated magnetic sensor,23.58,-73.619995,0.24,23.58,-73.619995,0.24,3
867246664885909,2024-03-07T17:41:57.793Z,uncalibrated magnetic sensor,23.88,-73.5,-0.35999998,23.88,-73.5,-0.35999998,3
867246684883709,2024-03-07T17:41:57.813Z,uncalibrated magnetic sensor,24.119999,-73.5,-0.65999997,24.119999,-73.5,-0.65999997,3
867246704881575,2024-03-07T17:41:57.833Z,uncalibrated magnetic sensor,23.16,-73.979996,-0.78,23.16,-73.979996,-0.78,3
867246724879441,2024-03-07T17:41:57.853Z,uncalibrated magnetic sensor,24.119999,-73.86,-1.02,24.119999,-73.86,-1.02,3
867246744877241,2024-03-07T17:41:57.873Z,uncalibrated magnetic sensor,24.24,-73.32,-0.65999997,24.24,-73.32,-0.65999997,3
867246764875807,2024-03-07T17:41:57.893Z,uncalibrated magnetic sensor,23.699999,-73.5,0.12,23.699999,-73.5,0.12,3
867246784873673,2024-03-07T17:41:57.913Z,uncalibrated magnetic sensor,24.06,-74.28,0.84,24.06,-74.28,0.84,3
867246804872173,2024-03-07T17:41:57.933Z,uncalibrated magnetic sensor,24.24,-74.34,0.35999998,24.24,-74.34,0.35999998,3
867246824869973,2024-03-07T17:41:57.953Z,uncalibrated magnetic sensor,24.3,-74.1,0.42,24.3,-74.1,0.42,3
867246844867839,2024-03-07T17:41:57.973Z,uncalibrated magnetic sensor,24.119999,-73.86,0.59999996,24.119999,-73.86,0.59999996,3
867246864865705,2024-03-07T17:41:57.993Z,uncalibrated magnetic sensor,24.359999,-73.56,0.71999997,24.359999,-73.56,0.71999997,3
867246884863505,2024-03-07T17:41:58.013Z,uncalibrated magnetic sensor,24.119999,-73.74,0.96,24.119999,-73.74,0.96,3
867246904861371,2024-03-07T17:41:58.033Z,uncalibrated magnetic sensor,23.939999,-74.1,0.9,23.939999,-74.1,0.9,3
867246924859237,2024-03-07T17:41:58.053Z,uncalibrated magnetic sensor,24.359999,-73.74,0.65999997,24.359999,-73.74,0.65999997,3
867246944857003,2024-03-07T17:41:58.073Z,uncalibrated magnetic sensor,24.24,-73.439995,0.12,24.24,-73.439995,0.12,3
867246964854769,2024-03-07T17:41:58.093Z,uncalibrated magnetic sensor,23.939999,-73.86,-0.12,23.939999,-73.86,-0.12,3
867246984852602,2024-03-07T17:41:58.113Z,uncalibrated magnetic sensor,23.82,-73.74,-0.12,23.82,-73.74,-0.12,3
867247004850468,2024-03-07T17:41:58.133Z,uncalibrated magnetic sensor,23.699999,-73.14,-0.29999998,23.699999,-73.14,-0.29999998,3
867247024848268,2024-03-07T17:41:58.153Z,uncalibrated magnetic sensor,23.34,-73.08,-0.29999998,23.34,-73.08,-0.29999998,3
867247044846134,2024-03-07T17:41:58.173Z,uncalibrated magnetic sensor,23.699999,-72.72,-0.53999996,23.699999,-72.72,-0.53999996,3
867247064844000,2024-03-07T17:41:58.193Z,uncalibrated magnetic sensor,24.359999,-72.42,-1.74,24.359999,-72.42,-1.74,3
867247084841866,2024-03-07T17:41:58.213Z,uncalibrated magnetic sensor,23.64,-72.299995,-2.52,23.64,-72.299995,-2.52,3
867247104839666,2024-03-07T17:41:58.233Z,uncalibrated magnetic sensor,23.82,-72.78,-2.46,23.82,-72.78,-2.46,3
867247124837532,2024-03-07T17:41:58.253Z,uncalibrated magnetic sensor,24.24,-73.38,-2.34,24.24,-73.38,-2.34,3
867247144835398,2024-03-07T17:41:58.273Z,uncalibrated magnetic sensor,23.64,-72.96,-2.34,23.64,-72.96,-2.34,3
867247164832464,2024-03-07T17:41:58.293Z,uncalibrated magnetic sensor,23.4,-73.02,-1.86,23.4,-73.02,-1.86,3
867247184830130,2024-03-07T17:41:58.313Z,uncalibrated magnetic sensor,23.82,-72.78,-2.04,23.82,-72.78,-2.04,3
867247204827696,2024-03-07T17:41:58.333Z,uncalibrated magnetic sensor,24.119999,-72.18,-2.28,24.119999,-72.18,-2.28,3
867247224825296,2024-03-07T17:41:58.353Z,uncalibrated magnetic sensor,23.88,-72.24,-2.46,23.88,-72.24,-2.46,3
867247244822796,2024-03-07T17:41:58.373Z,uncalibrated magnetic sensor,24.06,-72.0,-2.58,24.06,-72.0,-2.58,3
867247264820296,2024-03-07T17:41:58.393Z,uncalibrated magnetic sensor,24.72,-71.82,-2.7,24.72,-71.82,-2.7,3
867247284817796,2024-03-07T17:41:58.413Z,uncalibrated magnetic sensor,24.359999,-71.46,-2.8799999,24.359999,-71.46,-2.8799999,3
867247304815229,2024-03-07T17:41:58.433Z,uncalibrated magnetic sensor,24.18,-70.86,-3.12,24.18,-70.86,-3.12,3
867247324812662,2024-03-07T17:41:58.453Z,uncalibrated magnetic sensor,24.359999,-70.439995,-3.78,24.359999,-70.439995,-3.78,3
867247344810162,2024-03-07T17:41:58.473Z,uncalibrated magnetic sensor,23.46,-71.159996,-3.3,23.46,-71.159996,-3.3,3
867247364807662,2024-03-07T17:41:58.493Z,uncalibrated magnetic sensor,23.34,-71.82,-2.9399998,23.34,-71.82,-2.9399998,3
867247384805095,2024-03-07T17:41:58.513Z,uncalibrated magnetic sensor,23.58,-70.799995,-3.24,23.58,-70.799995,-3.24,3
867247404801928,2024-03-07T17:41:58.533Z,uncalibrated magnetic sensor,23.699999,-70.439995,-2.8799999,23.699999,-70.439995,-2.8799999,3
867247424799461,2024-03-07T17:41:58.553Z,uncalibrated magnetic sensor,24.06,-70.619995,-2.6399999,24.06,-70.619995,-2.6399999,3
867247444789827,2024-03-07T17:41:58.573Z,uncalibrated magnetic sensor,23.519999,-71.28,-2.3999999,23.519999,-71.28,-2.3999999,3
867247464780260,2024-03-07T17:41:58.593Z,uncalibrated magnetic sensor,23.16,-71.64,-2.46,23.16,-71.64,-2.46,3
867247484770826,2024-03-07T17:41:58.613Z,uncalibrated magnetic sensor,23.64,-70.979996,-2.82,23.64,-70.979996,-2.82,3
867247504761459,2024-03-07T17:41:58.633Z,uncalibrated magnetic sensor,24.18,-70.38,-3.48,24.18,-70.38,-3.48,3
867247524752425,2024-03-07T17:41:58.653Z,uncalibrated magnetic sensor,24.539999,-69.479996,-3.3,24.539999,-69.479996,-3.3,3
867247544743258,2024-03-07T17:41:58.673Z,uncalibrated magnetic sensor,25.019999,-69.78,-2.28,25.019999,-69.78,-2.28,3
867247564734158,2024-03-07T17:41:58.693Z,uncalibrated magnetic sensor,24.539999,-70.32,-2.82,24.539999,-70.32,-2.82,3
867247584725124,2024-03-07T17:41:58.713Z,uncalibrated magnetic sensor,23.76,-69.54,-2.76,23.76,-69.54,-2.76,3
867247604716124,2024-03-07T17:41:58.733Z,uncalibrated magnetic sensor,24.48,-70.619995,-1.92,24.48,-70.619995,-1.92,3
867247624707257,2024-03-07T17:41:58.753Z,uncalibrated magnetic sensor,24.3,-71.22,-2.28,24.3,-71.22,-2.28,3
867247644698457,2024-03-07T17:41:58.773Z,uncalibrated magnetic sensor,23.279999,-70.74,-2.52,23.279999,-70.74,-2.52,3
867247664689723,2024-03-07T17:41:58.793Z,uncalibrated magnetic sensor,24.06,-71.04,-2.9399998,24.06,-71.04,-2.9399998,3
867247684681056,2024-03-07T17:41:58.813Z,uncalibrated magnetic sensor,24.539999,-71.04,-4.02,24.539999,-71.04,-4.02,3
867247704672522,2024-03-07T17:41:58.833Z,uncalibrated magnetic sensor,24.539999,-71.52,-4.2599998,24.539999,-71.52,-4.2599998,3
867247724664055,2024-03-07T17:41:58.852Z,uncalibrated magnetic sensor,24.119999,-71.4,-3.8999999,24.119999,-71.4,-3.8999999,3
867247744655655,2024-03-07T17:41:58.872Z,uncalibrated magnetic sensor,23.4,-70.74,-3.4199998,23.4,-70.74,-3.4199998,3
867247764648088,2024-03-07T17:41:58.892Z,uncalibrated magnetic sensor,23.16,-70.619995,-3.24,23.16,-70.619995,-3.24,3
867247784639888,2024-03-07T17:41:58.913Z,uncalibrated magnetic sensor,23.279999,-70.979996,-3.8999999,23.279999,-70.979996,-3.8999999,3
867247804632421,2024-03-07T17:41:58.933Z,uncalibrated magnetic sensor,23.64,-71.28,-3.9599998,23.64,-71.28,-3.9599998,3
867247824624354,2024-03-07T17:41:58.953Z,uncalibrated magnetic sensor,23.039999,-71.46,-3.06,23.039999,-71.46,-3.06,3
867247844616420,2024-03-07T17:41:58.973Z,uncalibrated magnetic sensor,23.16,-71.34,-3.0,23.16,-71.34,-3.0,3
867247864608553,2024-03-07T17:41:58.993Z,uncalibrated magnetic sensor,23.279999,-71.52,-3.48,23.279999,-71.52,-3.48,3
867247884600753,2024-03-07T17:41:59.012Z,uncalibrated magnetic sensor,22.8,-72.06,-2.9399998,22.8,-72.06,-2.9399998,3
867247904593086,2024-03-07T17:41:59.033Z,uncalibrated magnetic sensor,23.1,-72.24,-2.52,23.1,-72.24,-2.52,3
867247924585486,2024-03-07T17:41:59.053Z,uncalibrated magnetic sensor,23.16,-72.78,-2.22,23.16,-72.78,-2.22,3
867247944577952,2024-03-07T17:41:59.073Z,uncalibrated magnetic sensor,22.98,-72.9,-1.38,22.98,-72.9,-1.38,3
867247964570485,2024-03-07T17:41:59.093Z,uncalibrated magnetic sensor,23.34,-73.08,-1.26,23.34,-73.08,-1.26,3
867247984563151,2024-03-07T17:41:59.113Z,uncalibrated magnetic sensor,23.039999,-73.08,-1.62,23.039999,-73.08,-1.62,3
867248004556551,2024-03-07T17:41:59.132Z,uncalibrated magnetic sensor,23.1,-72.659996,-1.5,23.1,-72.659996,-1.5,3
867248024549317,2024-03-07T17:41:59.152Z,uncalibrated magnetic sensor,23.279999,-72.42,-1.5,23.279999,-72.42,-1.5,3
867248044549317,2024-03-07T17:41:59.172Z,uncalibrated magnetic sensor,22.98,-72.299995,-1.9799999,22.98,-72.299995,-1.9799999,3
867248064549317,2024-03-07T17:41:59.193Z,uncalibrated magnetic sensor,23.1,-72.0,-2.3999999,23.1,-72.0,-2.3999999,3
867248084549317,2024-03-07T17:41:59.213Z,uncalibrated magnetic sensor,22.98,-72.42,-2.22,22.98,-72.42,-2.22,3
867248104549317,2024-03-07T17:41:59.232Z,uncalibrated magnetic sensor,22.619999,-72.9,-2.1,22.619999,-72.9,-2.1,3
867248124549050,2024-03-07T17:41:59.253Z,uncalibrated magnetic sensor,22.74,-72.9,-1.86,22.74,-72.9,-1.86,3
867248144549050,2024-03-07T17:41:59.273Z,uncalibrated magnetic sensor,23.16,-73.32,-1.38,23.16,-73.32,-1.38,3
867248164549050,2024-03-07T17:41:59.293Z,uncalibrated magnetic sensor,22.98,-73.799995,-1.86,22.98,-73.799995,-1.86,3
867248184549050,2024-03-07T17:41:59.313Z,uncalibrated magnetic sensor,22.8,-73.439995,-2.34,22.8,-73.439995,-2.34,3
867248204549050,2024-03-07T17:41:59.332Z,uncalibrated magnetic sensor,23.16,-72.119995,-2.6399999,23.16,-72.119995,-2.6399999,3
867248224549250,2024-03-07T17:41:59.353Z,uncalibrated magnetic sensor,23.34,-72.24,-2.8799999,23.34,-72.24,-2.8799999,3
867248244549250,2024-03-07T17:41:59.372Z,uncalibrated magnetic sensor,22.98,-72.9,-2.9399998,22.98,-72.9,-2.9399998,3
867248264549250,2024-03-07T17:41:59.393Z,uncalibrated magnetic sensor,23.22,-72.659996,-2.3999999,23.22,-72.659996,-2.3999999,3
867248284549250,2024-03-07T17:41:59.413Z,uncalibrated magnetic sensor,23.699999,-72.0,-2.1599998,23.699999,-72.0,-2.1599998,3
867248304549483,2024-03-07T17:41:59.433Z,uncalibrated magnetic sensor,22.859999,-72.479996,-2.6399999,22.859999,-72.479996,-2.6399999,3
867248324549483,2024-03-07T17:41:59.453Z,uncalibrated magnetic sensor,22.859999,-72.299995,-3.06,22.859999,-72.299995,-3.06,3
867248344549483,2024-03-07T17:41:59.473Z,uncalibrated magnetic sensor,22.8,-71.52,-3.4199998,22.8,-71.52,-3.4199998,3
867248364549483,2024-03-07T17:41:59.493Z,uncalibrated magnetic sensor,22.68,-72.299995,-4.56,22.68,-72.299995,-4.56,3
867248384549483,2024-03-07T17:41:59.513Z,uncalibrated magnetic sensor,23.1,-72.42,-5.16,23.1,-72.42,-5.16,3
867248404549249,2024-03-07T17:41:59.533Z,uncalibrated magnetic sensor,22.68,-71.7,-4.2,22.68,-71.7,-4.2,3
867248424549249,2024-03-07T17:41:59.553Z,uncalibrated magnetic sensor,23.58,-72.06,-3.3,23.58,-72.06,-3.3,3
867248444549249,2024-03-07T17:41:59.573Z,uncalibrated magnetic sensor,24.0,-72.479996,-2.82,24.0,-72.479996,-2.82,3
867248464549249,2024-03-07T17:41:59.593Z,uncalibrated magnetic sensor,22.92,-73.08,-1.68,22.92,-73.08,-1.68,3
867248484549249,2024-03-07T17:41:59.613Z,uncalibrated magnetic sensor,22.68,-73.74,-0.78,22.68,-73.74,-0.78,3
867248504549249,2024-03-07T17:41:59.633Z,uncalibrated magnetic sensor,22.26,-73.979996,-1.02,22.26,-73.979996,-1.02,3
867248524549249,2024-03-07T17:41:59.653Z,uncalibrated magnetic sensor,22.56,-73.56,-1.14,22.56,-73.56,-1.14,3
867248544549249,2024-03-07T17:41:59.673Z,uncalibrated magnetic sensor,24.119999,-73.799995,-1.38,24.119999,-73.799995,-1.38,3
867248564549249,2024-03-07T17:41:59.693Z,uncalibrated magnetic sensor,23.82,-74.1,-1.38,23.82,-74.1,-1.38,3
867248584549249,2024-03-07T17:41:59.713Z,uncalibrated magnetic sensor,23.279999,-73.5,-1.1999999,23.279999,-73.5,-1.1999999,3
867248604549249,2024-03-07T17:41:59.733Z,uncalibrated magnetic sensor,23.58,-73.68,-1.26,23.58,-73.68,-1.26,3
867248624549249,2024-03-07T17:41:59.753Z,uncalibrated magnetic sensor,23.039999,-74.1,-1.26,23.039999,-74.1,-1.26,3
867248644549249,2024-03-07T17:41:59.773Z,uncalibrated magnetic sensor,22.68,-74.28,-1.56,22.68,-74.28,-1.56,3
867248664549249,2024-03-07T17:41:59.792Z,uncalibrated magnetic sensor,23.22,-73.68,-1.0799999,23.22,-73.68,-1.0799999,3
867248684549249,2024-03-07T17:41:59.813Z,uncalibrated magnetic sensor,23.64,-73.5,-0.48,23.64,-73.5,-0.48,3
867248704549249,2024-03-07T17:41:59.833Z,uncalibrated magnetic sensor,23.34,-74.04,-0.9,23.34,-74.04,-0.9,3
867248724549249,2024-03-07T17:41:59.853Z,uncalibrated magnetic sensor,23.16,-74.159996,-0.78,23.16,-74.159996,-0.78,3
867248744549249,2024-03-07T17:41:59.873Z,uncalibrated magnetic sensor,23.58,-73.439995,-0.35999998,23.58,-73.439995,-0.35999998,3
867248764549249,2024-03-07T17:41:59.893Z,uncalibrated magnetic sensor,23.699999,-73.08,-0.17999999,23.699999,-73.08,-0.17999999,3
867248784549249,2024-03-07T17:41:59.913Z,uncalibrated magnetic sensor,23.34,-73.619995,-0.59999996,23.34,-73.619995,-0.59999996,3
867248804549482,2024-03-07T17:41:59.933Z,uncalibrated magnetic sensor,23.64,-73.979996,-0.78,23.64,-73.979996,-0.78,3
867248824549282,2024-03-07T17:41:59.953Z,uncalibrated magnetic sensor,23.64,-73.979996,-1.1999999,23.64,-73.979996,-1.1999999,3
867248844549282,2024-03-07T17:41:59.973Z,uncalibrated magnetic sensor,23.699999,-74.28,-1.3199999,23.699999,-74.28,-1.3199999,3
867248864549282,2024-03-07T17:41:59.993Z,uncalibrated magnetic sensor,22.74,-74.82,-1.14,22.74,-74.82,-1.14,3
867248884549282,2024-03-07T17:42:00.013Z,uncalibrated magnetic sensor,21.84,-74.52,-1.38,21.84,-74.52,-1.38,3
867248904549048,2024-03-07T17:42:00.033Z,uncalibrated magnetic sensor,22.74,-73.799995,-0.96,22.74,-73.799995,-0.96,3
867248924549048,2024-03-07T17:42:00.053Z,uncalibrated magnetic sensor,23.46,-73.979996,-0.12,23.46,-73.979996,-0.12,3
867248944549048,2024-03-07T17:42:00.073Z,uncalibrated magnetic sensor,23.4,-74.22,0.24,23.4,-74.22,0.24,3
867248964549048,2024-03-07T17:42:00.093Z,uncalibrated magnetic sensor,23.279999,-73.619995,0.78,23.279999,-73.619995,0.78,3
867248984549048,2024-03-07T17:42:00.113Z,uncalibrated magnetic sensor,23.279999,-73.619995,1.0799999,23.279999,-73.619995,1.0799999,3
867249004549048,2024-03-07T17:42:00.133Z,uncalibrated magnetic sensor,23.039999,-73.86,0.17999999,23.039999,-73.86,0.17999999,3
867249024549048,2024-03-07T17:42:00.153Z,uncalibrated magnetic sensor,22.8,-74.159996,-0.24,22.8,-74.159996,-0.24,3
867249044549048,2024-03-07T17:42:00.173Z,uncalibrated magnetic sensor,23.039999,-74.88,0.59999996,23.039999,-74.88,0.59999996,3
867249064549048,2024-03-07T17:42:00.193Z,uncalibrated magnetic sensor,23.58,-74.58,0.96,23.58,-74.58,0.96,3
867249084549048,2024-03-07T17:42:00.213Z,uncalibrated magnetic sensor,23.34,-74.04,1.02,23.34,-74.04,1.02,3
867249104549048,2024-03-07T17:42:00.233Z,uncalibrated magnetic sensor,23.22,-74.1,1.02,23.22,-74.1,1.02,3
867249124549048,2024-03-07T17:42:00.253Z,uncalibrated magnetic sensor,23.58,-74.46,0.0,23.58,-74.46,0.0,3
867249144549048,2024-03-07T17:42:00.273Z,uncalibrated magnetic sensor,23.64,-75.0,-0.53999996,23.64,-75.0,-0.53999996,3
867249164549048,2024-03-07T17:42:00.293Z,uncalibrated magnetic sensor,23.22,-74.58,-0.35999998,23.22,-74.58,-0.35999998,3
867249184549048,2024-03-07T17:42:00.313Z,uncalibrated magnetic sensor,23.34,-74.76,0.17999999,23.34,-74.76,0.17999999,3
867249204549048,2024-03-07T17:42:00.333Z,uncalibrated magnetic sensor,23.58,-74.82,0.24,23.58,-74.82,0.24,3
867249224549048,2024-03-07T17:42:00.353Z,uncalibrated magnetic sensor,23.699999,-74.939995,0.35999998,23.699999,-74.939995,0.35999998,3
867249244549048,2024-03-07T17:42:00.373Z,uncalibrated magnetic sensor,23.46,-75.119995,1.0799999,23.46,-75.119995,1.0799999,3
867249264549048,2024-03-07T17:42:00.393Z,uncalibrated magnetic sensor,23.46,-75.24,0.96,23.46,-75.24,0.96,3
867249284549048,2024-03-07T17:42:00.413Z,uncalibrated magnetic sensor,23.34,-74.7,-0.17999999,23.34,-74.7,-0.17999999,3
867249304549281,2024-03-07T17:42:00.433Z,uncalibrated magnetic sensor,23.76,-73.979996,-1.14,23.76,-73.979996,-1.14,3
867249324549281,2024-03-07T17:42:00.453Z,uncalibrated magnetic sensor,24.119999,-74.28,-0.96,24.119999,-74.28,-0.96,3
867249344549281,2024-03-07T17:42:00.473Z,uncalibrated magnetic sensor,23.4,-74.04,-0.24,23.4,-74.04,-0.24,3
867249364549281,2024-03-07T17:42:00.493Z,uncalibrated magnetic sensor,23.58,-73.38,0.06,23.58,-73.38,0.06,3
867249384549281,2024-03-07T17:42:00.513Z,uncalibrated magnetic sensor,23.64,-73.08,0.06,23.64,-73.08,0.06,3
867249404549047,2024-03-07T17:42:00.533Z,uncalibrated magnetic sensor,23.939999,-73.439995,-0.71999997,23.939999,-73.439995,-0.71999997,3
867249424549047,2024-03-07T17:42:00.552Z,uncalibrated magnetic sensor,24.06,-74.4,-0.9,24.06,-74.4,-0.9,3
867249444549047,2024-03-07T17:42:00.573Z,uncalibrated magnetic sensor,23.76,-74.82,-0.53999996,23.76,-74.82,-0.53999996,3
867249464549047,2024-03-07T17:42:00.593Z,uncalibrated magnetic sensor,23.699999,-74.159996,-0.53999996,23.699999,-74.159996,-0.53999996,3
867249484549047,2024-03-07T17:42:00.612Z,uncalibrated magnetic sensor,23.58,-74.28,0.78,23.58,-74.28,0.78,3
867249504549047,2024-03-07T17:42:00.632Z,uncalibrated magnetic sensor,23.699999,-74.82,1.0799999,23.699999,-74.82,1.0799999,3
867249524549047,2024-03-07T17:42:00.653Z,uncalibrated magnetic sensor,23.46,-74.82,0.78,23.46,-74.82,0.78,3
867249544549047,2024-03-07T17:42:00.673Z,uncalibrated magnetic sensor,23.1,-75.18,0.48,23.1,-75.18,0.48,3
867249564549047,2024-03-07T17:42:00.692Z,uncalibrated magnetic sensor,23.22,-75.36,0.12,23.22,-75.36,0.12,3
867249584549047,2024-03-07T17:42:00.713Z,uncalibrated magnetic sensor,24.0,-74.939995,0.29999998,24.0,-74.939995,0.29999998,3
867249604549047,2024-03-07T17:42:00.733Z,uncalibrated magnetic sensor,24.42,-74.28,0.12,24.42,-74.28,0.12,3
867249624549047,2024-03-07T17:42:00.753Z,uncalibrated magnetic sensor,24.18,-74.52,0.06,24.18,-74.52,0.06,3
867249644549047,2024-03-07T17:42:00.773Z,uncalibrated magnetic sensor,24.48,-73.92,0.48,24.48,-73.92,0.48,3
867249664549047,2024-03-07T17:42:00.793Z,uncalibrated magnetic sensor,24.18,-73.56,0.78,24.18,-73.56,0.78,3
867249684549047,2024-03-07T17:42:00.813Z,uncalibrated magnetic sensor,23.82,-74.22,0.9,23.82,-74.22,0.9,3
867249704549047,2024-03-07T17:42:00.833Z,uncalibrated magnetic sensor,23.519999,-74.1,0.48,23.519999,-74.1,0.48,3
867249724549047,2024-03-07T17:42:00.853Z,uncalibrated magnetic sensor,23.16,-74.34,0.24,23.16,-74.34,0.24,3
867249744549047,2024-03-07T17:42:00.873Z,uncalibrated magnetic sensor,23.64,-74.4,0.42,23.64,-74.4,0.42,3
867249764549047,2024-03-07T17:42:00.893Z,uncalibrated magnetic sensor,24.06,-73.979996,0.53999996,24.06,-73.979996,0.53999996,3
867249784549047,2024-03-07T17:42:00.913Z,uncalibrated magnetic sensor,24.18,-74.82,1.14,24.18,-74.82,1.14,3
867249804549280,2024-03-07T17:42:00.933Z,uncalibrated magnetic sensor,23.519999,-75.24,0.9,23.519999,-75.24,0.9,3
867249824549280,2024-03-07T17:42:00.953Z,uncalibrated magnetic sensor,23.46,-74.58,0.17999999,23.46,-74.58,0.17999999,3
867249844549280,2024-03-07T17:42:00.972Z,uncalibrated magnetic sensor,24.06,-74.58,0.12,24.06,-74.58,0.12,3
867249864549280,2024-03-07T17:42:00.993Z,uncalibrated magnetic sensor,24.06,-74.82,-0.29999998,24.06,-74.82,-0.29999998,3
867249884549280,2024-03-07T17:42:01.013Z,uncalibrated magnetic sensor,24.18,-74.64,0.12,24.18,-74.64,0.12,3
867249904549046,2024-03-07T17:42:01.033Z,uncalibrated magnetic sensor,24.119999,-74.88,0.78,24.119999,-74.88,0.78,3
867249924549046,2024-03-07T17:42:01.053Z,uncalibrated magnetic sensor,23.76,-75.119995,0.48,23.76,-75.119995,0.48,3
867249944549046,2024-03-07T17:42:01.073Z,uncalibrated magnetic sensor,23.46,-75.24,0.12,23.46,-75.24,0.12,3
867249964549046,2024-03-07T17:42:01.092Z,uncalibrated magnetic sensor,23.22,-75.659996,-0.17999999,23.22,-75.659996,-0.17999999,3
867249984549046,2024-03-07T17:42:01.113Z,uncalibrated magnetic sensor,23.939999,-75.0,-0.71999997,23.939999,-75.0,-0.71999997,3
867250004549046,2024-03-07T17:42:01.133Z,uncalibrated magnetic sensor,23.64,-74.64,-1.02,23.64,-74.64,-1.02,3
867250024549046,2024-03-07T17:42:01.152Z,uncalibrated magnetic sensor,22.92,-75.24,-0.65999997,22.92,-75.24,-0.65999997,3
867250044549046,2024-03-07T17:42:01.173Z,uncalibrated magnetic sensor,22.56,-75.6,-0.24,22.56,-75.6,-0.24,3
867250064549046,2024-03-07T17:42:01.193Z,uncalibrated magnetic sensor,22.68,-75.36,-0.42,22.68,-75.36,-0.42,3
867250084549046,2024-03-07T17:42:01.213Z,uncalibrated magnetic sensor,22.98,-74.939995,0.12,22.98,-74.939995,0.12,3
867250104549046,2024-03-07T17:42:01.233Z,uncalibrated magnetic sensor,22.439999,-75.18,0.78,22.439999,-75.18,0.78,3
867250124549046,2024-03-07T17:42:01.253Z,uncalibrated magnetic sensor,22.439999,-75.6,0.96,22.439999,-75.6,0.96,3
867250144549046,2024-03-07T17:42:01.273Z,uncalibrated magnetic sensor,23.34,-75.18,0.59999996,23.34,-75.18,0.59999996,3
867250164549046,2024-03-07T17:42:01.293Z,uncalibrated magnetic sensor,23.039999,-75.36,0.06,23.039999,-75.36,0.06,3
867250184549046,2024-03-07T17:42:01.313Z,uncalibrated magnetic sensor,22.32,-75.9,0.0,22.32,-75.9,0.0,3
867250204549046,2024-03-07T17:42:01.333Z,uncalibrated magnetic sensor,22.74,-75.54,-0.42,22.74,-75.54,-0.42,3
867250224549046,2024-03-07T17:42:01.353Z,uncalibrated magnetic sensor,22.859999,-75.36,-0.35999998,22.859999,-75.36,-0.35999998,3
867250244549046,2024-03-07T17:42:01.372Z,uncalibrated magnetic sensor,22.26,-76.2,0.17999999,22.26,-76.2,0.17999999,3
867250264549046,2024-03-07T17:42:01.393Z,uncalibrated magnetic sensor,21.66,-76.68,0.53999996,21.66,-76.68,0.53999996,3
867250284549046,2024-03-07T17:42:01.413Z,uncalibrated magnetic sensor,21.779999,-76.2,0.06,21.779999,-76.2,0.06,3
867250304549279,2024-03-07T17:42:01.433Z,uncalibrated magnetic sensor,21.84,-75.36,-0.35999998,21.84,-75.36,-0.35999998,3
867250324549279,2024-03-07T17:42:01.453Z,uncalibrated magnetic sensor,21.84,-74.88,-0.71999997,21.84,-74.88,-0.71999997,3
867250344549279,2024-03-07T17:42:01.472Z,uncalibrated magnetic sensor,22.32,-75.54,-1.62,22.32,-75.54,-1.62,3
867250364549279,2024-03-07T17:42:01.493Z,uncalibrated magnetic sensor,23.34,-75.6,-1.62,23.34,-75.6,-1.62,3
867250384549279,2024-03-07T17:42:01.513Z,uncalibrated magnetic sensor,23.039999,-75.24,-1.74,23.039999,-75.24,-1.74,3
867250404549045,2024-03-07T17:42:01.532Z,uncalibrated magnetic sensor,22.859999,-75.36,-1.86,22.859999,-75.36,-1.86,3
867250424549045,2024-03-07T17:42:01.553Z,uncalibrated magnetic sensor,22.92,-74.82,-1.74,22.92,-74.82,-1.74,3
867250444549045,2024-03-07T17:42:01.573Z,uncalibrated magnetic sensor,23.039999,-74.4,-1.92,23.039999,-74.4,-1.92,3
867250464549045,2024-03-07T17:42:01.593Z,uncalibrated magnetic sensor,24.0,-74.82,-1.8,24.0,-74.82,-1.8,3
867250484549045,2024-03-07T17:42:01.612Z,uncalibrated magnetic sensor,23.64,-73.86,-2.04,23.64,-73.86,-2.04,3
867250504549045,2024-03-07T17:42:01.633Z,uncalibrated magnetic sensor,23.64,-73.08,-1.92,23.64,-73.08,-1.92,3
867250524549045,2024-03-07T17:42:01.653Z,uncalibrated magnetic sensor,24.119999,-74.1,-1.62,24.119999,-74.1,-1.62,3
867250544549045,2024-03-07T17:42:01.673Z,uncalibrated magnetic sensor,23.519999,-74.52,-1.26,23.519999,-74.52,-1.26,3
867250564549045,2024-03-07T17:42:01.693Z,uncalibrated magnetic sensor,23.58,-74.159996,-1.26,23.58,-74.159996,-1.26,3
867250584549045,2024-03-07T17:42:01.713Z,uncalibrated magnetic sensor,23.1,-74.4,-1.14,23.1,-74.4,-1.14,3
867250604549045,2024-03-07T17:42:01.733Z,uncalibrated magnetic sensor,22.98,-74.1,-0.71999997,22.98,-74.1,-0.71999997,3
867250624549045,2024-03-07T17:42:01.753Z,uncalibrated magnetic sensor,23.939999,-74.34,-1.0799999,23.939999,-74.34,-1.0799999,3
867250644549045,2024-03-07T17:42:01.773Z,uncalibrated magnetic sensor,23.64,-74.76,-0.96,23.64,-74.76,-0.96,3
867250664549045,2024-03-07T17:42:01.793Z,uncalibrated magnetic sensor,23.64,-73.92,-1.1999999,23.64,-73.92,-1.1999999,3
867250684549045,2024-03-07T17:42:01.813Z,uncalibrated magnetic sensor,23.64,-73.619995,-0.78,23.64,-73.619995,-0.78,3
867250704549045,2024-03-07T17:42:01.833Z,uncalibrated magnetic sensor,24.18,-74.1,-0.12,24.18,-74.1,-0.12,3
867250724549045,2024-03-07T17:42:01.853Z,uncalibrated magnetic sensor,23.82,-74.34,-0.65999997,23.82,-74.34,-0.65999997,3
867250744549045,2024-03-07T17:42:01.872Z,uncalibrated magnetic sensor,23.699999,-74.159996,-1.1999999,23.699999,-74.159996,-1.1999999,3
867250764549045,2024-03-07T17:42:01.893Z,uncalibrated magnetic sensor,24.72,-74.1,-1.86,24.72,-74.1,-1.86,3
867250784549045,2024-03-07T17:42:01.913Z,uncalibrated magnetic sensor,24.48,-73.74,-1.56,24.48,-73.74,-1.56,3
867250804549278,2024-03-07T17:42:01.933Z,uncalibrated magnetic sensor,24.06,-74.52,-0.84,24.06,-74.52,-0.84,3
867250824549278,2024-03-07T17:42:01.953Z,uncalibrated magnetic sensor,24.359999,-75.0,-0.48,24.359999,-75.0,-0.48,3
867250844549278,2024-03-07T17:42:01.973Z,uncalibrated magnetic sensor,23.76,-75.06,-0.29999998,23.76,-75.06,-0.29999998,3
867250864549278,2024-03-07T17:42:01.993Z,uncalibrated magnetic sensor,24.0,-75.18,-0.65999997,24.0,-75.18,-0.65999997,3
867250884549278,2024-03-07T17:42:02.012Z,uncalibrated magnetic sensor,24.66,-74.64,-0.65999997,24.66,-74.64,-0.65999997,3
867250904549044,2024-03-07T17:42:02.033Z,uncalibrated magnetic sensor,24.18,-74.04,-0.48,24.18,-74.04,-0.48,3
867250924549044,2024-03-07T17:42:02.052Z,uncalibrated magnetic sensor,24.06,-73.56,-0.9,24.06,-73.56,-0.9,3
867250944549044,2024-03-07T17:42:02.073Z,uncalibrated magnetic sensor,23.64,-73.92,-1.1999999,23.64,-73.92,-1.1999999,3
867250964549044,2024-03-07T17:42:02.093Z,uncalibrated magnetic sensor,23.519999,-74.46,-0.78,23.519999,-74.46,-0.78,3
867250984549044,2024-03-07T17:42:02.113Z,uncalibrated magnetic sensor,23.519999,-74.88,-1.14,23.519999,-74.88,-1.14,3
867251004549044,2024-03-07T17:42:02.133Z,uncalibrated magnetic sensor,24.0,-75.119995,-1.0799999,24.0,-75.119995,-1.0799999,3
867251024549044,2024-03-07T17:42:02.153Z,uncalibrated magnetic sensor,24.3,-74.88,-0.96,24.3,-74.88,-0.96,3
867251044549044,2024-03-07T17:42:02.173Z,uncalibrated magnetic sensor,24.0,-74.7,-1.02,24.0,-74.7,-1.02,3
867251064549044,2024-03-07T17:42:02.193Z,uncalibrated magnetic sensor,23.88,-74.76,-0.42,23.88,-74.76,-0.42,3
867251084549044,2024-03-07T17:42:02.212Z,uncalibrated magnetic sensor,23.699999,-74.04,-0.78,23.699999,-74.04,-0.78,3
867251104549044,2024-03-07T17:42:02.233Z,uncalibrated magnetic sensor,23.64,-73.86,-0.78,23.64,-73.86,-0.78,3
867251124549044,2024-03-07T17:42:02.253Z,uncalibrated magnetic sensor,24.3,-74.1,-0.35999998,24.3,-74.1,-0.35999998,3
867251144549044,2024-03-07T17:42:02.273Z,uncalibrated magnetic sensor,24.42,-74.04,0.29999998,24.42,-74.04,0.29999998,3
867251164549044,2024-03-07T17:42:02.293Z,uncalibrated magnetic sensor,24.119999,-74.4,-0.29999998,24.119999,-74.4,-0.29999998,3
867251184549044,2024-03-07T17:42:02.312Z,uncalibrated magnetic sensor,23.699999,-74.34,-1.14,23.699999,-74.34,-1.14,3
867251204549044,2024-03-07T17:42:02.333Z,uncalibrated magnetic sensor,23.76,-74.52,-1.0799999,23.76,-74.52,-1.0799999,3
867251224549044,2024-03-07T17:42:02.353Z,uncalibrated magnetic sensor,23.76,-75.299995,-1.62,23.76,-75.299995,-1.62,3
867251244549044,2024-03-07T17:42:02.372Z,uncalibrated magnetic sensor,23.279999,-75.299995,-1.68,23.279999,-75.299995,-1.68,3
867251264549044,2024-03-07T17:42:02.393Z,uncalibrated magnetic sensor,22.32,-74.64,-1.0799999,22.32,-74.64,-1.0799999,3
867251284549044,2024-03-07T17:42:02.413Z,uncalibrated magnetic sensor,21.9,-75.06,-1.56,21.9,-75.06,-1.56,3
867251304549277,2024-03-07T17:42:02.433Z,uncalibrated magnetic sensor,22.98,-75.119995,-1.68,22.98,-75.119995,-1.68,3
867251324549277,2024-03-07T17:42:02.453Z,uncalibrated magnetic sensor,23.22,-74.58,-1.4399999,23.22,-74.58,-1.4399999,3
867251344549277,2024-03-07T17:42:02.473Z,uncalibrated magnetic sensor,22.14,-74.82,-1.62,22.14,-74.82,-1.62,3
867251364549277,2024-03-07T17:42:02.493Z,uncalibrated magnetic sensor,22.32,-74.88,-1.3199999,22.32,-74.88,-1.3199999,3
867251384549277,2024-03-07T17:42:02.513Z,uncalibrated magnetic sensor,23.22,-74.34,-1.8,23.22,-74.34,-1.8,3
867251404549043,2024-03-07T17:42:02.533Z,uncalibrated magnetic sensor,23.1,-74.58,-3.06,23.1,-74.58,-3.06,3
867251424549043,2024-03-07T17:42:02.553Z,uncalibrated magnetic sensor,22.92,-74.939995,-2.58,22.92,-74.939995,-2.58,3
867251444549043,2024-03-07T17:42:02.573Z,uncalibrated magnetic sensor,23.039999,-74.76,-1.92,23.039999,-74.76,-1.92,3
867251464549043,2024-03-07T17:42:02.593Z,uncalibrated magnetic sensor,22.859999,-74.82,-2.22,22.859999,-74.82,-2.22,3
867251484549043,2024-03-07T17:42:02.613Z,uncalibrated magnetic sensor,22.439999,-74.52,-1.92,22.439999,-74.52,-1.92,3
867251504549043,2024-03-07T17:42:02.633Z,uncalibrated magnetic sensor,23.34,-74.34,-1.56,23.34,-74.34,-1.56,3
867251524549043,2024-03-07T17:42:02.653Z,uncalibrated magnetic sensor,23.88,-74.28,-2.58,23.88,-74.28,-2.58,3
867251544549043,2024-03-07T17:42:02.673Z,uncalibrated magnetic sensor,23.519999,-73.86,-3.06,23.519999,-73.86,-3.06,3
867251564549043,2024-03-07T17:42:02.692Z,uncalibrated magnetic sensor,23.22,-73.86,-2.1,23.22,-73.86,-2.1,3
867251584549043,2024-03-07T17:42:02.713Z,uncalibrated magnetic sensor,22.98,-73.92,-0.96,22.98,-73.92,-0.96,3
867251604549043,2024-03-07T17:42:02.732Z,uncalibrated magnetic sensor,22.74,-74.22,-1.02,22.74,-74.22,-1.02,3
867251624549043,2024-03-07T17:42:02.753Z,uncalibrated magnetic sensor,23.519999,-74.76,-1.56,23.519999,-74.76,-1.56,3
867251644549043,2024-03-07T17:42:02.773Z,uncalibrated magnetic sensor,24.3,-75.78,-1.8,24.3,-75.78,-1.8,3
867251664549143,2024-03-07T17:42:02.793Z,uncalibrated magnetic sensor,23.939999,-75.72,-1.8,23.939999,-75.72,-1.8,3
867251684549143,2024-03-07T17:42:02.813Z,uncalibrated magnetic sensor,23.76,-75.24,-0.96,23.76,-75.24,-0.96,3
867251704549143,2024-03-07T17:42:02.833Z,uncalibrated magnetic sensor,23.64,-75.479996,-0.71999997,23.64,-75.479996,-0.71999997,3
867251724549143,2024-03-07T17:42:02.853Z,uncalibrated magnetic sensor,24.06,-75.42,-0.84,24.06,-75.42,-0.84,3
867251744549143,2024-03-07T17:42:02.873Z,uncalibrated magnetic sensor,24.359999,-75.0,-1.62,24.359999,-75.0,-1.62,3
867251764549143,2024-03-07T17:42:02.893Z,uncalibrated magnetic sensor,24.18,-74.64,-1.5,24.18,-74.64,-1.5,3
867251784549143,2024-03-07T17:42:02.913Z,uncalibrated magnetic sensor,24.42,-74.1,-0.48,24.42,-74.1,-0.48,3
867251804549376,2024-03-07T17:42:02.933Z,uncalibrated magnetic sensor,24.48,-73.92,-0.9,24.48,-73.92,-0.9,3
867251824549376,2024-03-07T17:42:02.953Z,uncalibrated magnetic sensor,24.6,-74.159996,-2.1,24.6,-74.159996,-2.1,3
867251844549376,2024-03-07T17:42:02.973Z,uncalibrated magnetic sensor,24.84,-74.34,-1.8,24.84,-74.34,-1.8,3
867251864549376,2024-03-07T17:42:02.993Z,uncalibrated magnetic sensor,24.539999,-74.4,-1.56,24.539999,-74.4,-1.56,3
867251884549376,2024-03-07T17:42:03.013Z,uncalibrated magnetic sensor,24.24,-73.68,-2.52,24.24,-73.68,-2.52,3
867251904549142,2024-03-07T17:42:03.033Z,uncalibrated magnetic sensor,24.42,-73.799995,-1.68,24.42,-73.799995,-1.68,3
867251924549142,2024-03-07T17:42:03.053Z,uncalibrated magnetic sensor,23.939999,-74.28,-1.02,23.939999,-74.28,-1.02,3
867251944549142,2024-03-07T17:42:03.073Z,uncalibrated magnetic sensor,23.46,-74.46,-1.86,23.46,-74.46,-1.86,3
867251964549142,2024-03-07T17:42:03.093Z,uncalibrated magnetic sensor,23.279999,-74.22,-2.34,23.279999,-74.22,-2.34,3
867251984549142,2024-03-07T17:42:03.113Z,uncalibrated magnetic sensor,22.68,-74.04,-1.8,22.68,-74.04,-1.8,3
867252004549142,2024-03-07T17:42:03.133Z,uncalibrated magnetic sensor,23.699999,-73.86,-1.92,23.699999,-73.86,-1.92,3
867252024549142,2024-03-07T17:42:03.153Z,uncalibrated magnetic sensor,24.48,-73.74,-2.52,24.48,-73.74,-2.52,3
867252044549142,2024-03-07T17:42:03.173Z,uncalibrated magnetic sensor,23.64,-74.4,-2.34,23.64,-74.4,-2.34,3
867252064549142,2024-03-07T17:42:03.193Z,uncalibrated magnetic sensor,23.4,-74.4,-3.24,23.4,-74.4,-3.24,3
867252084549142,2024-03-07T17:42:03.213Z,uncalibrated magnetic sensor,23.22,-73.979996,-3.0,23.22,-73.979996,-3.0,3
867252104549142,2024-03-07T17:42:03.233Z,uncalibrated magnetic sensor,23.46,-73.979996,-2.1,23.46,-73.979996,-2.1,3
867252124549142,2024-03-07T17:42:03.253Z,uncalibrated magnetic sensor,23.76,-73.56,-2.9399998,23.76,-73.56,-2.9399998,3
867252144549142,2024-03-07T17:42:03.273Z,uncalibrated magnetic sensor,23.58,-73.14,-2.22,23.58,-73.14,-2.22,3
867252164549142,2024-03-07T17:42:03.293Z,uncalibrated magnetic sensor,22.98,-73.74,-1.14,22.98,-73.74,-1.14,3
867252184549142,2024-03-07T17:42:03.313Z,uncalibrated magnetic sensor,22.98,-73.92,-1.8,22.98,-73.92,-1.8,3
867252204549142,2024-03-07T17:42:03.333Z,uncalibrated magnetic sensor,23.64,-73.5,-1.92,23.64,-73.5,-1.92,3
867252224549142,2024-03-07T17:42:03.353Z,uncalibrated magnetic sensor,23.88,-73.86,-1.8,23.88,-73.86,-1.8,3
867252244549142,2024-03-07T17:42:03.373Z,uncalibrated magnetic sensor,23.88,-73.56,-2.22,23.88,-73.56,-2.22,3
867252264549042,2024-03-07T17:42:03.393Z,uncalibrated magnetic sensor,24.18,-74.28,-2.22,24.18,-74.28,-2.22,3
867252284549042,2024-03-07T17:42:03.412Z,uncalibrated magnetic sensor,24.539999,-74.76,-2.3999999,24.539999,-74.76,-2.3999999,3
867252304549275,2024-03-07T17:42:03.433Z,uncalibrated magnetic sensor,24.3,-74.04,-2.22,24.3,-74.04,-2.22,3
867252324549275,2024-03-07T17:42:03.453Z,uncalibrated magnetic sensor,23.4,-75.119995,-2.58,23.4,-75.119995,-2.58,3
867252344549275,2024-03-07T17:42:03.473Z,uncalibrated magnetic sensor,22.74,-75.18,-2.7,22.74,-75.18,-2.7,3
867252364549275,2024-03-07T17:42:03.492Z,uncalibrated magnetic sensor,23.64,-75.36,-1.9799999,23.64,-75.36,-1.9799999,3
867252384549275,2024-03-07T17:42:03.513Z,uncalibrated magnetic sensor,24.119999,-75.84,-1.8,24.119999,-75.84,-1.8,3
867252404549041,2024-03-07T17:42:03.533Z,uncalibrated magnetic sensor,23.64,-74.76,-1.62,23.64,-74.76,-1.62,3
867252424549041,2024-03-07T17:42:03.553Z,uncalibrated magnetic sensor,23.519999,-74.28,-1.4399999,23.519999,-74.28,-1.4399999,3
867252444549041,2024-03-07T17:42:03.573Z,uncalibrated magnetic sensor,23.939999,-74.1,-1.56,23.939999,-74.1,-1.56,3
867252464549041,2024-03-07T17:42:03.593Z,uncalibrated magnetic sensor,23.58,-74.04,-1.86,23.58,-74.04,-1.86,3
867252484549041,2024-03-07T17:42:03.613Z,uncalibrated magnetic sensor,22.74,-73.56,-2.22,22.74,-73.56,-2.22,3
867252504549041,2024-03-07T17:42:03.632Z,uncalibrated magnetic sensor,23.22,-73.02,-2.1599998,23.22,-73.02,-2.1599998,3
867252524549041,2024-03-07T17:42:03.653Z,uncalibrated magnetic sensor,23.939999,-73.38,-1.92,23.939999,-73.38,-1.92,3
867252544549041,2024-03-07T17:42:03.673Z,uncalibrated magnetic sensor,23.22,-73.619995,-2.58,23.22,-73.619995,-2.58,3
867252564549041,2024-03-07T17:42:03.692Z,uncalibrated magnetic sensor,23.64,-73.26,-2.22,23.64,-73.26,-2.22,3
867252584549041,2024-03-07T17:42:03.713Z,uncalibrated magnetic sensor,24.0,-73.14,-1.86,24.0,-73.14,-1.86,3
867252604549041,2024-03-07T17:42:03.733Z,uncalibrated magnetic sensor,22.98,-73.619995,-1.86,22.98,-73.619995,-1.86,3
867252624549041,2024-03-07T17:42:03.753Z,uncalibrated magnetic sensor,23.4,-73.5,-1.62,23.4,-73.5,-1.62,3
867252644549041,2024-03-07T17:42:03.773Z,uncalibrated magnetic sensor,23.64,-73.02,-1.74,23.64,-73.02,-1.74,3
867252664549241,2024-03-07T17:42:03.793Z,uncalibrated magnetic sensor,24.119999,-73.02,-1.3199999,24.119999,-73.02,-1.3199999,3
867252684549241,2024-03-07T17:42:03.813Z,uncalibrated magnetic sensor,24.66,-73.439995,-1.38,24.66,-73.439995,-1.38,3
867252704549241,2024-03-07T17:42:03.833Z,uncalibrated magnetic sensor,24.66,-73.86,-1.26,24.66,-73.86,-1.26,3
867252724549241,2024-03-07T17:42:03.853Z,uncalibrated magnetic sensor,24.779999,-74.34,-1.3199999,24.779999,-74.34,-1.3199999,3
867252744549241,2024-03-07T17:42:03.873Z,uncalibrated magnetic sensor,24.48,-73.74,-2.04,24.48,-73.74,-2.04,3
867252764549241,2024-03-07T17:42:03.893Z,uncalibrated magnetic sensor,23.939999,-72.479996,-2.22,23.939999,-72.479996,-2.22,3
867252784549241,2024-03-07T17:42:03.913Z,uncalibrated magnetic sensor,23.699999,-72.659996,-1.56,23.699999,-72.659996,-1.56,3
867252804549474,2024-03-07T17:42:03.933Z,uncalibrated magnetic sensor,24.119999,-72.72,-1.74,24.119999,-72.72,-1.74,3
867252824549474,2024-03-07T17:42:03.953Z,uncalibrated magnetic sensor,24.66,-72.119995,-2.22,24.66,-72.119995,-2.22,3
867252844549474,2024-03-07T17:42:03.972Z,uncalibrated magnetic sensor,24.3,-72.42,-1.92,24.3,-72.42,-1.92,3
867252864549474,2024-03-07T17:42:03.993Z,uncalibrated magnetic sensor,23.64,-72.24,-1.3199999,23.64,-72.24,-1.3199999,3
867252884549474,2024-03-07T17:42:04.013Z,uncalibrated magnetic sensor,23.64,-71.52,-1.3199999,23.64,-71.52,-1.3199999,3
867252904549474,2024-03-07T17:42:04.033Z,uncalibrated magnetic sensor,24.119999,-71.34,-1.68,24.119999,-71.34,-1.68,3
867252924549474,2024-03-07T17:42:04.053Z,uncalibrated magnetic sensor,24.119999,-71.4,-1.8,24.119999,-71.4,-1.8,3
867252944549474,2024-03-07T17:42:04.073Z,uncalibrated magnetic sensor,23.64,-71.52,-1.86,23.64,-71.52,-1.86,3
867252964549474,2024-03-07T17:42:04.093Z,uncalibrated magnetic sensor,23.58,-71.22,-1.0799999,23.58,-71.22,-1.0799999,3
867252984549474,2024-03-07T17:42:04.113Z,uncalibrated magnetic sensor,23.58,-71.88,-1.02,23.58,-71.88,-1.02,3
867253004549474,2024-03-07T17:42:04.133Z,uncalibrated magnetic sensor,22.859999,-72.479996,-1.4399999,22.859999,-72.479996,-1.4399999,3
867253024549474,2024-03-07T17:42:04.153Z,uncalibrated magnetic sensor,22.859999,-72.119995,-1.68,22.859999,-72.119995,-1.68,3
867253044549474,2024-03-07T17:42:04.173Z,uncalibrated magnetic sensor,23.76,-72.36,-1.62,23.76,-72.36,-1.62,3
867253064549474,2024-03-07T17:42:04.193Z,uncalibrated magnetic sensor,22.8,-72.6,-1.4399999,22.8,-72.6,-1.4399999,3
867253084549474,2024-03-07T17:42:04.213Z,uncalibrated magnetic sensor,22.439999,-72.119995,-1.3199999,22.439999,-72.119995,-1.3199999,3
867253104549474,2024-03-07T17:42:04.233Z,uncalibrated magnetic sensor,23.4,-72.72,-1.26,23.4,-72.72,-1.26,3
867253124549474,2024-03-07T17:42:04.253Z,uncalibrated magnetic sensor,22.92,-73.02,-0.9,22.92,-73.02,-0.9,3
867253144549474,2024-03-07T17:42:04.273Z,uncalibrated magnetic sensor,23.039999,-72.659996,-1.1999999,23.039999,-72.659996,-1.1999999,3
867253164549474,2024-03-07T17:42:04.293Z,uncalibrated magnetic sensor,23.46,-72.9,-1.9799999,23.46,-72.9,-1.9799999,3
867253184549474,2024-03-07T17:42:04.313Z,uncalibrated magnetic sensor,22.619999,-72.9,-1.62,22.619999,-72.9,-1.62,3
867253204549474,2024-03-07T17:42:04.333Z,uncalibrated magnetic sensor,22.68,-73.08,-1.1999999,22.68,-73.08,-1.1999999,3
867253224549474,2024-03-07T17:42:04.353Z,uncalibrated magnetic sensor,23.039999,-73.2,-1.0799999,23.039999,-73.2,-1.0799999,3
867253244549474,2024-03-07T17:42:04.373Z,uncalibrated magnetic sensor,22.98,-73.08,-0.9,22.98,-73.08,-0.9,3
867253264549274,2024-03-07T17:42:04.393Z,uncalibrated magnetic sensor,23.4,-72.84,-1.02,23.4,-72.84,-1.02,3
867253284549274,2024-03-07T17:42:04.413Z,uncalibrated magnetic sensor,23.82,-73.26,-0.53999996,23.82,-73.26,-0.53999996,3
867253304549507,2024-03-07T17:42:04.433Z,uncalibrated magnetic sensor,23.279999,-72.9,-0.78,23.279999,-72.9,-0.78,3
867253324549507,2024-03-07T17:42:04.453Z,uncalibrated magnetic sensor,22.74,-72.96,-1.68,22.74,-72.96,-1.68,3
867253344549507,2024-03-07T17:42:04.473Z,uncalibrated magnetic sensor,23.039999,-74.22,-1.62,23.039999,-74.22,-1.62,3
867253364549507,2024-03-07T17:42:04.493Z,uncalibrated magnetic sensor,22.859999,-73.92,-2.04,22.859999,-73.92,-2.04,3
867253384548607,2024-03-07T17:42:04.513Z,uncalibrated magnetic sensor,21.9,-74.22,-2.28,21.9,-74.22,-2.28,3
867253404548173,2024-03-07T17:42:04.533Z,uncalibrated magnetic sensor,21.359999,-74.64,-1.92,21.359999,-74.64,-1.92,3
867253424547673,2024-03-07T17:42:04.553Z,uncalibrated magnetic sensor,21.72,-74.159996,-1.86,21.72,-74.159996,-1.86,3
867253444547206,2024-03-07T17:42:04.573Z,uncalibrated magnetic sensor,22.5,-74.22,-1.86,22.5,-74.22,-1.86,3
867253464547206,2024-03-07T17:42:04.593Z,uncalibrated magnetic sensor,22.199999,-73.92,-1.68,22.199999,-73.92,-1.68,3
867253484547239,2024-03-07T17:42:04.613Z,uncalibrated magnetic sensor,21.6,-73.979996,-1.38,21.6,-73.979996,-1.38,3
867253504547005,2024-03-07T17:42:04.633Z,uncalibrated magnetic sensor,21.66,-74.52,-1.92,21.66,-74.52,-1.92,3
867253524547038,2024-03-07T17:42:04.653Z,uncalibrated magnetic sensor,21.9,-73.74,-2.76,21.9,-73.74,-2.76,3
867253544547038,2024-03-07T17:42:04.673Z,uncalibrated magnetic sensor,22.439999,-73.2,-2.8799999,22.439999,-73.2,-2.8799999,3
867253564547038,2024-03-07T17:42:04.693Z,uncalibrated magnetic sensor,22.74,-73.2,-2.8799999,22.74,-73.2,-2.8799999,3
867253584547038,2024-03-07T17:42:04.713Z,uncalibrated magnetic sensor,22.38,-73.02,-2.8799999,22.38,-73.02,-2.8799999,3
867253604547038,2024-03-07T17:42:04.733Z,uncalibrated magnetic sensor,23.46,-74.159996,-3.48,23.46,-74.159996,-3.48,3
867253624547038,2024-03-07T17:42:04.753Z,uncalibrated magnetic sensor,24.539999,-74.76,-4.08,24.539999,-74.76,-4.08,3
867253644547071,2024-03-07T17:42:04.773Z,uncalibrated magnetic sensor,23.279999,-73.86,-3.72,23.279999,-73.86,-3.72,3
867253664547071,2024-03-07T17:42:04.793Z,uncalibrated magnetic sensor,23.34,-73.32,-3.4199998,23.34,-73.32,-3.4199998,3
867253684547104,2024-03-07T17:42:04.812Z,uncalibrated magnetic sensor,24.119999,-72.96,-3.54,24.119999,-72.96,-3.54,3
867253704547104,2024-03-07T17:42:04.833Z,uncalibrated magnetic sensor,24.3,-73.32,-3.3,24.3,-73.32,-3.3,3
867253724547104,2024-03-07T17:42:04.853Z,uncalibrated magnetic sensor,23.76,-74.1,-2.58,23.76,-74.1,-2.58,3
867253744546870,2024-03-07T17:42:04.872Z,uncalibrated magnetic sensor,23.1,-74.159996,-2.1599998,23.1,-74.159996,-2.1599998,3
867253764546870,2024-03-07T17:42:04.893Z,uncalibrated magnetic sensor,23.88,-74.58,-1.5,23.88,-74.58,-1.5,3
867253784546436,2024-03-07T17:42:04.913Z,uncalibrated magnetic sensor,24.3,-75.36,-1.1999999,24.3,-75.36,-1.1999999,3
867253804545736,2024-03-07T17:42:04.933Z,uncalibrated magnetic sensor,24.66,-75.18,-2.1599998,24.66,-75.18,-2.1599998,3
867253824545769,2024-03-07T17:42:04.953Z,uncalibrated magnetic sensor,24.359999,-74.04,-2.34,24.359999,-74.04,-2.34,3
867253844545802,2024-03-07T17:42:04.973Z,uncalibrated magnetic sensor,24.119999,-74.1,-1.8,24.119999,-74.1,-1.8,3
867253864545802,2024-03-07T17:42:04.993Z,uncalibrated magnetic sensor,24.42,-74.159996,-2.46,24.42,-74.159996,-2.46,3
867253884545802,2024-03-07T17:42:05.013Z,uncalibrated magnetic sensor,24.66,-73.68,-2.58,24.66,-73.68,-2.58,3
867253904545602,2024-03-07T17:42:05.033Z,uncalibrated magnetic sensor,25.439999,-73.68,-1.9799999,25.439999,-73.68,-1.9799999,3
867253924544902,2024-03-07T17:42:05.052Z,uncalibrated magnetic sensor,25.68,-73.38,-2.1599998,25.68,-73.38,-2.1599998,3
867253944544202,2024-03-07T17:42:05.073Z,uncalibrated magnetic sensor,25.439999,-73.38,-1.92,25.439999,-73.38,-1.92,3
867253964544202,2024-03-07T17:42:05.093Z,uncalibrated magnetic sensor,24.9,-73.02,-1.4399999,24.9,-73.02,-1.4399999,3
867253984545102,2024-03-07T17:42:05.113Z,uncalibrated magnetic sensor,24.66,-73.02,-1.38,24.66,-73.02,-1.38,3
867254004545335,2024-03-07T17:42:05.133Z,uncalibrated magnetic sensor,25.019999,-73.02,-1.62,25.019999,-73.02,-1.62,3
867254024545835,2024-03-07T17:42:05.153Z,uncalibrated magnetic sensor,25.26,-73.14,-1.8,25.26,-73.14,-1.8,3
867254044546301,2024-03-07T17:42:05.173Z,uncalibrated magnetic sensor,24.6,-73.26,-1.4399999,24.6,-73.26,-1.4399999,3
867254064545634,2024-03-07T17:42:05.193Z,uncalibrated magnetic sensor,24.66,-72.9,-1.74,24.66,-72.9,-1.74,3
867254084545600,2024-03-07T17:42:05.213Z,uncalibrated magnetic sensor,24.72,-73.08,-2.1,24.72,-73.08,-2.1,3
867254104545633,2024-03-07T17:42:05.233Z,uncalibrated magnetic sensor,24.18,-73.26,-2.28,24.18,-73.26,-2.28,3
867254124545166,2024-03-07T17:42:05.253Z,uncalibrated magnetic sensor,24.72,-74.04,-2.1599998,24.72,-74.04,-2.1599998,3
867254144544466,2024-03-07T17:42:05.273Z,uncalibrated magnetic sensor,25.5,-73.74,-2.1599998,25.5,-73.74,-2.1599998,3
867254164544099,2024-03-07T17:42:05.292Z,uncalibrated magnetic sensor,24.66,-73.02,-1.74,24.66,-73.02,-1.74,3
867254184543399,2024-03-07T17:42:05.313Z,uncalibrated magnetic sensor,23.88,-73.32,-1.26,23.88,-73.32,-1.26,3
867254204543399,2024-03-07T17:42:05.333Z,uncalibrated magnetic sensor,24.3,-73.5,-1.38,24.3,-73.5,-1.38,3
867254224543432,2024-03-07T17:42:05.353Z,uncalibrated magnetic sensor,24.84,-73.439995,-0.84,24.84,-73.439995,-0.84,3
867254244543398,2024-03-07T17:42:05.373Z,uncalibrated magnetic sensor,25.26,-73.619995,-0.96,25.26,-73.619995,-0.96,3
867254264543431,2024-03-07T17:42:05.393Z,uncalibrated magnetic sensor,25.08,-73.619995,-1.26,25.08,-73.619995,-1.26,3
867254284543397,2024-03-07T17:42:05.413Z,uncalibrated magnetic sensor,24.24,-73.68,-1.14,24.24,-73.68,-1.14,3
867254304543430,2024-03-07T17:42:05.433Z,uncalibrated magnetic sensor,24.9,-73.26,-1.56,24.9,-73.26,-1.56,3
867254324543430,2024-03-07T17:42:05.453Z,uncalibrated magnetic sensor,26.34,-72.9,-2.58,26.34,-72.9,-2.58,3
867254344543663,2024-03-07T17:42:05.473Z,uncalibrated magnetic sensor,26.099998,-73.26,-2.22,26.099998,-73.26,-2.22,3
867254364543663,2024-03-07T17:42:05.492Z,uncalibrated magnetic sensor,25.38,-73.08,-1.62,25.38,-73.08,-1.62,3
867254384544096,2024-03-07T17:42:05.513Z,uncalibrated magnetic sensor,25.14,-72.96,-1.74,25.14,-72.96,-1.74,3
867254404544096,2024-03-07T17:42:05.533Z,uncalibrated magnetic sensor,24.84,-72.9,-2.52,24.84,-72.9,-2.52,3
867254424544096,2024-03-07T17:42:05.553Z,uncalibrated magnetic sensor,24.48,-73.2,-3.06,24.48,-73.2,-3.06,3
867254444543362,2024-03-07T17:42:05.572Z,uncalibrated magnetic sensor,25.199999,-73.38,-2.8799999,25.199999,-73.38,-2.8799999,3
867254464543395,2024-03-07T17:42:05.593Z,uncalibrated magnetic sensor,25.08,-72.96,-2.52,25.08,-72.96,-2.52,3
867254484576728,2024-03-07T17:42:05.613Z,uncalibrated magnetic sensor,24.84,-73.2,-2.34,24.84,-73.2,-2.34,3
867254504610028,2024-03-07T17:42:05.633Z,uncalibrated magnetic sensor,24.9,-72.96,-2.6399999,24.9,-72.96,-2.6399999,3
867254524644094,2024-03-07T17:42:05.653Z,uncalibrated magnetic sensor,24.66,-72.06,-2.22,24.66,-72.06,-2.22,3
867254544678127,2024-03-07T17:42:05.673Z,uncalibrated magnetic sensor,24.779999,-72.119995,-2.52,24.779999,-72.119995,-2.52,3
867254564711460,2024-03-07T17:42:05.693Z,uncalibrated magnetic sensor,24.96,-72.36,-3.4199998,24.96,-72.36,-3.4199998,3
867254584744793,2024-03-07T17:42:05.713Z,uncalibrated magnetic sensor,25.019999,-71.76,-3.06,25.019999,-71.76,-3.06,3
867254604778093,2024-03-07T17:42:05.733Z,uncalibrated magnetic sensor,24.539999,-71.76,-2.82,24.539999,-71.76,-2.82,3
867254624811459,2024-03-07T17:42:05.752Z,uncalibrated magnetic sensor,24.66,-71.52,-3.0,24.66,-71.52,-3.0,3
867254644844792,2024-03-07T17:42:05.773Z,uncalibrated magnetic sensor,24.42,-71.76,-2.76,24.42,-71.76,-2.76,3
867254664878792,2024-03-07T17:42:05.793Z,uncalibrated magnetic sensor,24.42,-72.479996,-2.34,24.42,-72.479996,-2.34,3
867254684912158,2024-03-07T17:42:05.813Z,uncalibrated magnetic sensor,24.42,-72.36,-2.1,24.42,-72.36,-2.1,3
867254704944791,2024-03-07T17:42:05.832Z,uncalibrated magnetic sensor,24.48,-72.06,-2.34,24.48,-72.06,-2.34,3
867254724978557,2024-03-07T17:42:05.853Z,uncalibrated magnetic sensor,25.26,-72.06,-2.76,25.26,-72.06,-2.76,3
867254745012590,2024-03-07T17:42:05.874Z,uncalibrated magnetic sensor,25.199999,-72.54,-2.3999999,25.199999,-72.54,-2.3999999,3
867254765046290,2024-03-07T17:42:05.894Z,uncalibrated magnetic sensor,25.859999,-72.72,-1.9799999,25.859999,-72.72,-1.9799999,3
867254785080356,2024-03-07T17:42:05.914Z,uncalibrated magnetic sensor,26.519999,-72.299995,-2.58,26.519999,-72.299995,-2.58,3
867254805113689,2024-03-07T17:42:05.934Z,uncalibrated magnetic sensor,25.5,-71.88,-2.46,25.5,-71.88,-2.46,3
867254825146289,2024-03-07T17:42:05.954Z,uncalibrated magnetic sensor,25.439999,-72.18,-1.5,25.439999,-72.18,-1.5,3
867254845179655,2024-03-07T17:42:05.974Z,uncalibrated magnetic sensor,25.92,-72.78,-1.02,25.92,-72.78,-1.02,3
867254865212955,2024-03-07T17:42:05.994Z,uncalibrated magnetic sensor,25.8,-73.08,-0.71999997,25.8,-73.08,-0.71999997,3
867254885246321,2024-03-07T17:42:06.014Z,uncalibrated magnetic sensor,25.619999,-72.54,-1.68,25.619999,-72.54,-1.68,3
867254905279621,2024-03-07T17:42:06.034Z,uncalibrated magnetic sensor,25.8,-72.479996,-1.92,25.8,-72.479996,-1.92,3
867254925312954,2024-03-07T17:42:06.054Z,uncalibrated magnetic sensor,25.8,-71.88,-1.5,25.8,-71.88,-1.5,3
867254945346287,2024-03-07T17:42:06.074Z,uncalibrated magnetic sensor,25.92,-70.979996,-1.9799999,25.92,-70.979996,-1.9799999,3
867254965380020,2024-03-07T17:42:06.094Z,uncalibrated magnetic sensor,25.56,-71.52,-1.56,25.56,-71.52,-1.56,3
867254985413353,2024-03-07T17:42:06.114Z,uncalibrated magnetic sensor,25.14,-71.76,-1.14,25.14,-71.76,-1.14,3
867255005447419,2024-03-07T17:42:06.134Z,uncalibrated magnetic sensor,25.98,-71.64,-2.1,25.98,-71.64,-2.1,3
867255025480719,2024-03-07T17:42:06.154Z,uncalibrated magnetic sensor,25.98,-71.58,-2.34,25.98,-71.58,-2.34,3
867255045515619,2024-03-07T17:42:06.174Z,uncalibrated magnetic sensor,25.92,-71.82,-1.68,25.92,-71.82,-1.68,3
867255065548919,2024-03-07T17:42:06.194Z,uncalibrated magnetic sensor,26.22,-71.88,-1.56,26.22,-71.88,-1.56,3
867255085548952,2024-03-07T17:42:06.214Z,uncalibrated magnetic sensor,25.199999,-71.46,-1.5,25.199999,-71.46,-1.5,3
867255105548952,2024-03-07T17:42:06.233Z,uncalibrated magnetic sensor,25.14,-71.159996,-1.62,25.14,-71.159996,-1.62,3
867255125548918,2024-03-07T17:42:06.254Z,uncalibrated magnetic sensor,25.92,-71.1,-1.56,25.92,-71.1,-1.56,3
867255145548918,2024-03-07T17:42:06.274Z,uncalibrated magnetic sensor,25.8,-71.28,-1.1999999,25.8,-71.28,-1.1999999,3
867255165548918,2024-03-07T17:42:06.294Z,uncalibrated magnetic sensor,25.38,-70.92,-1.4399999,25.38,-70.92,-1.4399999,3
867255185548918,2024-03-07T17:42:06.314Z,uncalibrated magnetic sensor,25.439999,-70.38,-1.38,25.439999,-70.38,-1.38,3
867255205548951,2024-03-07T17:42:06.334Z,uncalibrated magnetic sensor,25.019999,-71.1,-1.1999999,25.019999,-71.1,-1.1999999,3
867255225548917,2024-03-07T17:42:06.354Z,uncalibrated magnetic sensor,25.199999,-72.18,-1.26,25.199999,-72.18,-1.26,3
867255245549050,2024-03-07T17:42:06.374Z,uncalibrated magnetic sensor,25.5,-71.939995,-1.26,25.5,-71.939995,-1.26,3
867255265549050,2024-03-07T17:42:06.394Z,uncalibrated magnetic sensor,25.8,-71.7,-0.78,25.8,-71.7,-0.78,3
867255285549016,2024-03-07T17:42:06.413Z,uncalibrated magnetic sensor,26.34,-71.7,-0.53999996,26.34,-71.7,-0.53999996,3
867255305549716,2024-03-07T17:42:06.434Z,uncalibrated magnetic sensor,26.16,-70.799995,-0.78,26.16,-70.799995,-0.78,3
867255325583049,2024-03-07T17:42:06.454Z,uncalibrated magnetic sensor,26.4,-70.38,-0.96,26.4,-70.38,-0.96,3
867255345616382,2024-03-07T17:42:06.474Z,uncalibrated magnetic sensor,26.099998,-71.4,-1.02,26.099998,-71.4,-1.02,3
867255365649715,2024-03-07T17:42:06.494Z,uncalibrated magnetic sensor,26.16,-72.119995,-0.53999996,26.16,-72.119995,-0.53999996,3
867255385683015,2024-03-07T17:42:06.514Z,uncalibrated magnetic sensor,25.98,-72.24,-0.9,25.98,-72.24,-0.9,3
867255405716381,2024-03-07T17:42:06.534Z,uncalibrated magnetic sensor,25.019999,-72.18,-0.84,25.019999,-72.18,-0.84,3
867255425750414,2024-03-07T17:42:06.554Z,uncalibrated magnetic sensor,24.42,-72.119995,-0.96,24.42,-72.119995,-0.96,3
867255445783714,2024-03-07T17:42:06.574Z,uncalibrated magnetic sensor,24.9,-72.659996,-2.28,24.9,-72.659996,-2.28,3
867255465817080,2024-03-07T17:42:06.594Z,uncalibrated magnetic sensor,25.38,-72.84,-2.7,25.38,-72.84,-2.7,3
867255485850380,2024-03-07T17:42:06.614Z,uncalibrated magnetic sensor,25.199999,-72.42,-2.22,25.199999,-72.42,-2.22,3
867255505883713,2024-03-07T17:42:06.634Z,uncalibrated magnetic sensor,25.439999,-72.479996,-2.1,25.439999,-72.479996,-2.1,3
867255525917046,2024-03-07T17:42:06.654Z,uncalibrated magnetic sensor,25.439999,-73.08,-2.22,25.439999,-73.08,-2.22,3
867255545950379,2024-03-07T17:42:06.673Z,uncalibrated magnetic sensor,24.779999,-72.9,-1.62,24.779999,-72.9,-1.62,3
867255565983345,2024-03-07T17:42:06.694Z,uncalibrated magnetic sensor,24.9,-72.24,-1.38,24.9,-72.24,-1.38,3
867255586016678,2024-03-07T17:42:06.715Z,uncalibrated magnetic sensor,25.38,-72.119995,-1.92,25.38,-72.119995,-1.92,3
867255606049978,2024-03-07T17:42:06.735Z,uncalibrated magnetic sensor,25.74,-71.88,-1.8,25.74,-71.88,-1.8,3
867255626083344,2024-03-07T17:42:06.755Z,uncalibrated magnetic sensor,25.74,-71.159996,-2.28,25.74,-71.159996,-2.28,3
867255646115810,2024-03-07T17:42:06.775Z,uncalibrated magnetic sensor,24.779999,-70.979996,-3.0,24.779999,-70.979996,-3.0,3
867255666149176,2024-03-07T17:42:06.795Z,uncalibrated magnetic sensor,24.9,-70.74,-3.1799998,24.9,-70.74,-3.1799998,3
867255686182476,2024-03-07T17:42:06.815Z,uncalibrated magnetic sensor,25.5,-70.799995,-3.12,25.5,-70.799995,-3.12,3
867255706215809,2024-03-07T17:42:06.835Z,uncalibrated magnetic sensor,25.619999,-71.28,-2.76,25.619999,-71.28,-2.76,3
867255726249142,2024-03-07T17:42:06.855Z,uncalibrated magnetic sensor,25.08,-70.86,-2.82,25.08,-70.86,-2.82,3
867255746282475,2024-03-07T17:42:06.874Z,uncalibrated magnetic sensor,24.72,-70.979996,-2.6399999,24.72,-70.979996,-2.6399999,3
867255766315808,2024-03-07T17:42:06.894Z,uncalibrated magnetic sensor,25.619999,-71.04,-2.46,25.619999,-71.04,-2.46,3
867255786349174,2024-03-07T17:42:06.915Z,uncalibrated magnetic sensor,25.92,-71.64,-1.56,25.92,-71.64,-1.56,3
867255806382474,2024-03-07T17:42:06.935Z,uncalibrated magnetic sensor,25.38,-72.0,-1.62,25.38,-72.0,-1.62,3
867255826415840,2024-03-07T17:42:06.955Z,uncalibrated magnetic sensor,25.98,-71.7,-1.92,25.98,-71.7,-1.92,3
867255846449040,2024-03-07T17:42:06.975Z,uncalibrated magnetic sensor,26.16,-71.58,-1.62,26.16,-71.58,-1.62,3
867255866482406,2024-03-07T17:42:06.995Z,uncalibrated magnetic sensor,25.74,-71.939995,-1.38,25.74,-71.939995,-1.38,3
867255886515739,2024-03-07T17:42:07.015Z,uncalibrated magnetic sensor,25.56,-71.58,-1.0799999,25.56,-71.58,-1.0799999,3
867255906549039,2024-03-07T17:42:07.035Z,uncalibrated magnetic sensor,25.5,-70.979996,-1.92,25.5,-70.979996,-1.92,3
867255926549039,2024-03-07T17:42:07.055Z,uncalibrated magnetic sensor,25.859999,-71.22,-2.04,25.859999,-71.22,-2.04,3
867255946549039,2024-03-07T17:42:07.075Z,uncalibrated magnetic sensor,25.619999,-70.86,-1.92,25.619999,-70.86,-1.92,3
867255966549039,2024-03-07T17:42:07.095Z,uncalibrated magnetic sensor,25.439999,-71.4,-2.04,25.439999,-71.4,-2.04,3
867255986549072,2024-03-07T17:42:07.115Z,uncalibrated magnetic sensor,25.5,-71.46,-0.84,25.5,-71.46,-0.84,3
867256006549038,2024-03-07T17:42:07.135Z,uncalibrated magnetic sensor,25.8,-70.799995,-0.35999998,25.8,-70.799995,-0.35999998,3
867256026549071,2024-03-07T17:42:07.155Z,uncalibrated magnetic sensor,26.58,-71.1,-1.26,26.58,-71.1,-1.26,3
867256046549071,2024-03-07T17:42:07.175Z,uncalibrated magnetic sensor,26.699999,-71.22,-1.3199999,26.699999,-71.22,-1.3199999,3
867256066549037,2024-03-07T17:42:07.195Z,uncalibrated magnetic sensor,26.039999,-71.04,-0.48,26.039999,-71.04,-0.48,3
867256086549070,2024-03-07T17:42:07.214Z,uncalibrated magnetic sensor,25.74,-71.04,0.0,25.74,-71.04,0.0,3
867256106548336,2024-03-07T17:42:07.234Z,uncalibrated magnetic sensor,26.099998,-70.979996,-0.59999996,26.099998,-70.979996,-0.59999996,3
867256126547636,2024-03-07T17:42:07.255Z,uncalibrated magnetic sensor,25.32,-71.159996,-1.4399999,25.32,-71.159996,-1.4399999,3
867256146546969,2024-03-07T17:42:07.275Z,uncalibrated magnetic sensor,25.32,-71.159996,-2.34,25.32,-71.159996,-2.34,3
867256166546935,2024-03-07T17:42:07.295Z,uncalibrated magnetic sensor,25.439999,-71.52,-2.3999999,25.439999,-71.52,-2.3999999,3
867256186546968,2024-03-07T17:42:07.315Z,uncalibrated magnetic sensor,24.72,-71.04,-1.86,24.72,-71.04,-1.86,3
867256206546968,2024-03-07T17:42:07.335Z,uncalibrated magnetic sensor,24.66,-71.28,-1.8,24.66,-71.28,-1.8,3
867256226546934,2024-03-07T17:42:07.355Z,uncalibrated magnetic sensor,24.66,-71.939995,-1.3199999,24.66,-71.939995,-1.3199999,3
867256246546967,2024-03-07T17:42:07.375Z,uncalibrated magnetic sensor,24.3,-71.76,-0.84,24.3,-71.76,-0.84,3
867256266546933,2024-03-07T17:42:07.395Z,uncalibrated magnetic sensor,24.119999,-72.0,-1.1999999,24.119999,-72.0,-1.1999999,3
867256286546933,2024-03-07T17:42:07.415Z,uncalibrated magnetic sensor,24.42,-71.58,-0.84,24.42,-71.58,-0.84,3
867256306546933,2024-03-07T17:42:07.434Z,uncalibrated magnetic sensor,24.359999,-70.86,-0.53999996,24.359999,-70.86,-0.53999996,3
867256326546933,2024-03-07T17:42:07.455Z,uncalibrated magnetic sensor,23.699999,-71.28,-0.48,23.699999,-71.28,-0.48,3
867256346546966,2024-03-07T17:42:07.475Z,uncalibrated magnetic sensor,23.76,-71.76,-0.42,23.76,-71.76,-0.42,3
867256366546966,2024-03-07T17:42:07.495Z,uncalibrated magnetic sensor,24.06,-71.52,-0.9,24.06,-71.52,-0.9,3
867256386546932,2024-03-07T17:42:07.515Z,uncalibrated magnetic sensor,23.76,-71.76,-0.53999996,23.76,-71.76,-0.53999996,3
867256406546965,2024-03-07T17:42:07.535Z,uncalibrated magnetic sensor,23.64,-72.0,-0.71999997,23.64,-72.0,-0.71999997,3
867256426546931,2024-03-07T17:42:07.555Z,uncalibrated magnetic sensor,24.119999,-72.6,-0.84,24.119999,-72.6,-0.84,3
867256446546964,2024-03-07T17:42:07.575Z,uncalibrated magnetic sensor,24.24,-73.08,-0.53999996,24.24,-73.08,-0.53999996,3
867256466546930,2024-03-07T17:42:07.595Z,uncalibrated magnetic sensor,24.0,-72.72,-1.5,24.0,-72.72,-1.5,3
867256486546930,2024-03-07T17:42:07.615Z,uncalibrated magnetic sensor,24.119999,-73.08,-1.5,24.119999,-73.08,-1.5,3
867256506546963,2024-03-07T17:42:07.634Z,uncalibrated magnetic sensor,23.82,-73.439995,-0.9,23.82,-73.439995,-0.9,3
867256526546963,2024-03-07T17:42:07.655Z,uncalibrated magnetic sensor,23.279999,-73.02,-1.02,23.279999,-73.02,-1.02,3
867256546546963,2024-03-07T17:42:07.675Z,uncalibrated magnetic sensor,22.98,-72.96,-1.38,22.98,-72.96,-1.38,3
867256566546996,2024-03-07T17:42:07.695Z,uncalibrated magnetic sensor,23.34,-73.14,-2.1599998,23.34,-73.14,-2.1599998,3
867256586546962,2024-03-07T17:42:07.715Z,uncalibrated magnetic sensor,23.46,-73.02,-2.04,23.46,-73.02,-2.04,3
867256606546995,2024-03-07T17:42:07.735Z,uncalibrated magnetic sensor,23.4,-73.619995,-1.86,23.4,-73.619995,-1.86,3
867256626546961,2024-03-07T17:42:07.755Z,uncalibrated magnetic sensor,22.859999,-74.04,-2.28,22.859999,-74.04,-2.28,3
867256646546961,2024-03-07T17:42:07.775Z,uncalibrated magnetic sensor,22.14,-73.979996,-2.58,22.14,-73.979996,-2.58,3
867256666546961,2024-03-07T17:42:07.795Z,uncalibrated magnetic sensor,23.039999,-73.68,-2.82,23.039999,-73.68,-2.82,3
867256686546927,2024-03-07T17:42:07.815Z,uncalibrated magnetic sensor,23.88,-72.78,-2.9399998,23.88,-72.78,-2.9399998,3
867256706547660,2024-03-07T17:42:07.835Z,uncalibrated magnetic sensor,23.4,-72.54,-3.3,23.4,-72.54,-3.3,3
867256726548360,2024-03-07T17:42:07.854Z,uncalibrated magnetic sensor,23.1,-73.02,-4.2,23.1,-73.02,-4.2,3
867256746549026,2024-03-07T17:42:07.875Z,uncalibrated magnetic sensor,23.1,-73.14,-3.9599998,23.1,-73.14,-3.9599998,3
867256766549059,2024-03-07T17:42:07.895Z,uncalibrated magnetic sensor,22.619999,-72.72,-3.3,22.619999,-72.72,-3.3,3
867256786549025,2024-03-07T17:42:07.915Z,uncalibrated magnetic sensor,22.859999,-73.02,-3.36,22.859999,-73.02,-3.36,3
867256806549058,2024-03-07T17:42:07.935Z,uncalibrated magnetic sensor,23.34,-74.34,-2.52,23.34,-74.34,-2.52,3
867256826549058,2024-03-07T17:42:07.955Z,uncalibrated magnetic sensor,22.5,-75.06,-2.1,22.5,-75.06,-2.1,3
867256846549024,2024-03-07T17:42:07.975Z,uncalibrated magnetic sensor,22.439999,-74.4,-2.46,22.439999,-74.4,-2.46,3
867256866582390,2024-03-07T17:42:07.995Z,uncalibrated magnetic sensor,23.16,-74.46,-2.3999999,23.16,-74.46,-2.3999999,3
867256886615723,2024-03-07T17:42:08.015Z,uncalibrated magnetic sensor,23.039999,-75.18,-1.68,23.039999,-75.18,-1.68,3
867256906649056,2024-03-07T17:42:08.035Z,uncalibrated magnetic sensor,22.56,-75.42,-1.56,22.56,-75.42,-1.56,3
867256926682422,2024-03-07T17:42:08.055Z,uncalibrated magnetic sensor,22.619999,-75.78,-1.74,22.619999,-75.78,-1.74,3
867256946715722,2024-03-07T17:42:08.075Z,uncalibrated magnetic sensor,22.8,-75.54,-1.4399999,22.8,-75.54,-1.4399999,3
867256966749088,2024-03-07T17:42:08.094Z,uncalibrated magnetic sensor,22.38,-75.36,-1.38,22.38,-75.36,-1.38,3
867256986782421,2024-03-07T17:42:08.115Z,uncalibrated magnetic sensor,22.619999,-74.88,-1.38,22.619999,-74.88,-1.38,3
867257006815721,2024-03-07T17:42:08.135Z,uncalibrated magnetic sensor,22.859999,-74.34,-1.26,22.859999,-74.34,-1.26,3
867257026849087,2024-03-07T17:42:08.155Z,uncalibrated magnetic sensor,22.74,-74.64,-1.8,22.74,-74.64,-1.8,3
867257046881753,2024-03-07T17:42:08.175Z,uncalibrated magnetic sensor,22.74,-74.939995,-1.74,22.74,-74.939995,-1.74,3
867257066915086,2024-03-07T17:42:08.195Z,uncalibrated magnetic sensor,22.859999,-74.76,-0.9,22.859999,-74.76,-0.9,3
867257086948419,2024-03-07T17:42:08.215Z,uncalibrated magnetic sensor,23.519999,-74.82,-0.42,23.519999,-74.82,-0.42,3
867257106981619,2024-03-07T17:42:08.235Z,uncalibrated magnetic sensor,23.4,-74.939995,0.24,23.4,-74.939995,0.24,3
867257127014985,2024-03-07T17:42:08.256Z,uncalibrated magnetic sensor,23.64,-74.52,0.78,23.64,-74.52,0.78,3
867257147047618,2024-03-07T17:42:08.276Z,uncalibrated magnetic sensor,23.279999,-74.52,0.65999997,23.279999,-74.52,0.65999997,3
867257167080918,2024-03-07T17:42:08.296Z,uncalibrated magnetic sensor,22.619999,-75.119995,-0.12,22.619999,-75.119995,-0.12,3
867257187114284,2024-03-07T17:42:08.316Z,uncalibrated magnetic sensor,22.439999,-75.42,-0.53999996,22.439999,-75.42,-0.53999996,3
867257207180917,2024-03-07T17:42:08.336Z,uncalibrated magnetic sensor,22.26,-74.64,-0.35999998,22.26,-74.64,-0.35999998,3
867257227247617,2024-03-07T17:42:08.356Z,uncalibrated magnetic sensor,22.26,-74.46,-0.59999996,22.26,-74.46,-0.59999996,3
867257247313583,2024-03-07T17:42:08.376Z,uncalibrated magnetic sensor,22.68,-74.76,-0.42,22.68,-74.76,-0.42,3
867257267380249,2024-03-07T17:42:08.396Z,uncalibrated magnetic sensor,23.34,-74.58,0.48,23.34,-74.58,0.48,3
867257287446915,2024-03-07T17:42:08.416Z,uncalibrated magnetic sensor,23.22,-74.82,0.59999996,23.22,-74.82,0.59999996,3
867257307513581,2024-03-07T17:42:08.436Z,uncalibrated magnetic sensor,22.14,-75.06,0.84,22.14,-75.06,0.84,3
867257327580247,2024-03-07T17:42:08.456Z,uncalibrated magnetic sensor,21.84,-75.78,1.68,21.84,-75.78,1.68,3
867257347646947,2024-03-07T17:42:08.476Z,uncalibrated magnetic sensor,22.98,-75.9,1.68,22.98,-75.9,1.68,3
867257367713580,2024-03-07T17:42:08.496Z,uncalibrated magnetic sensor,22.5,-75.06,1.26,22.5,-75.06,1.26,3
867257387780280,2024-03-07T17:42:08.516Z,uncalibrated magnetic sensor,22.26,-74.64,1.56,22.26,-74.64,1.56,3
867257407846913,2024-03-07T17:42:08.535Z,uncalibrated magnetic sensor,22.439999,-74.939995,1.56,22.439999,-74.939995,1.56,3
867257427913579,2024-03-07T17:42:08.555Z,uncalibrated magnetic sensor,22.199999,-75.96,1.0799999,22.199999,-75.96,1.0799999,3
867257447980245,2024-03-07T17:42:08.576Z,uncalibrated magnetic sensor,22.02,-76.439995,1.68,22.02,-76.439995,1.68,3
867257468013545,2024-03-07T17:42:08.597Z,uncalibrated magnetic sensor,21.84,-75.84,2.22,21.84,-75.84,2.22,3
867257488046878,2024-03-07T17:42:08.617Z,uncalibrated magnetic sensor,22.26,-75.0,1.38,22.26,-75.0,1.38,3
867257508080211,2024-03-07T17:42:08.637Z,uncalibrated magnetic sensor,21.96,-75.54,0.53999996,21.96,-75.54,0.53999996,3
867257528113511,2024-03-07T17:42:08.657Z,uncalibrated magnetic sensor,21.84,-76.5,0.06,21.84,-76.5,0.06,3
867257548146877,2024-03-07T17:42:08.677Z,uncalibrated magnetic sensor,22.199999,-76.32,-0.71999997,22.199999,-76.32,-0.71999997,3
867257568180177,2024-03-07T17:42:08.697Z,uncalibrated magnetic sensor,22.14,-76.619995,-0.42,22.14,-76.619995,-0.42,3
867257588213543,2024-03-07T17:42:08.717Z,uncalibrated magnetic sensor,22.199999,-76.619995,-0.35999998,22.199999,-76.619995,-0.35999998,3
867257608246876,2024-03-07T17:42:08.736Z,uncalibrated magnetic sensor,22.02,-76.5,-0.06,22.02,-76.5,-0.06,3
867257628280176,2024-03-07T17:42:08.756Z,uncalibrated magnetic sensor,20.64,-76.5,0.48,20.64,-76.5,0.48,3
867257648314176,2024-03-07T17:42:08.777Z,uncalibrated magnetic sensor,20.52,-75.54,0.24,20.52,-75.54,0.24,3
867257668347509,2024-03-07T17:42:08.797Z,uncalibrated magnetic sensor,21.24,-75.299995,-0.53999996,21.24,-75.299995,-0.53999996,3
867257688380842,2024-03-07T17:42:08.817Z,uncalibrated magnetic sensor,20.52,-75.6,-0.65999997,20.52,-75.6,-0.65999997,3
867257708414308,2024-03-07T17:42:08.837Z,uncalibrated magnetic sensor,20.279999,-75.54,-0.17999999,20.279999,-75.54,-0.17999999,3
867257728447608,2024-03-07T17:42:08.857Z,uncalibrated magnetic sensor,20.699999,-75.659996,-0.53999996,20.699999,-75.659996,-0.53999996,3
867257748481674,2024-03-07T17:42:08.877Z,uncalibrated magnetic sensor,20.939999,-74.88,-1.1999999,20.939999,-74.88,-1.1999999,3
867257768515007,2024-03-07T17:42:08.897Z,uncalibrated magnetic sensor,20.939999,-74.4,-1.62,20.939999,-74.4,-1.62,3
867257788548307,2024-03-07T17:42:08.917Z,uncalibrated magnetic sensor,21.48,-75.18,-0.96,21.48,-75.18,-0.96,3
867257808548340,2024-03-07T17:42:08.937Z,uncalibrated magnetic sensor,21.539999,-75.24,-1.14,21.539999,-75.24,-1.14,3
867257828548306,2024-03-07T17:42:08.957Z,uncalibrated magnetic sensor,22.08,-75.119995,-1.62,22.08,-75.119995,-1.62,3
867257848549006,2024-03-07T17:42:08.977Z,uncalibrated magnetic sensor,22.32,-74.7,-1.3199999,22.32,-74.7,-1.3199999,3
867257868549006,2024-03-07T17:42:08.997Z,uncalibrated magnetic sensor,21.48,-74.7,-0.96,21.48,-74.7,-0.96,3
867257888549006,2024-03-07T17:42:09.017Z,uncalibrated magnetic sensor,21.66,-75.18,0.06,21.66,-75.18,0.06,3
867257908549039,2024-03-07T17:42:09.037Z,uncalibrated magnetic sensor,21.9,-74.28,0.12,21.9,-74.28,0.12,3
867257928549039,2024-03-07T17:42:09.057Z,uncalibrated magnetic sensor,22.14,-74.34,-0.78,22.14,-74.34,-0.78,3
867257948582339,2024-03-07T17:42:09.077Z,uncalibrated magnetic sensor,22.5,-74.82,-1.02,22.5,-74.82,-1.02,3
867257968615705,2024-03-07T17:42:09.097Z,uncalibrated magnetic sensor,22.26,-74.7,-0.53999996,22.26,-74.7,-0.53999996,3
867257988649005,2024-03-07T17:42:09.117Z,uncalibrated magnetic sensor,22.02,-74.64,0.48,22.02,-74.64,0.48,3
867258008682371,2024-03-07T17:42:09.137Z,uncalibrated magnetic sensor,22.26,-74.52,0.53999996,22.26,-74.52,0.53999996,3
867258028715704,2024-03-07T17:42:09.157Z,uncalibrated magnetic sensor,21.96,-74.46,0.17999999,21.96,-74.46,0.17999999,3
867258048748337,2024-03-07T17:42:09.177Z,uncalibrated magnetic sensor,22.8,-74.04,-0.35999998,22.8,-74.04,-0.35999998,3
867258068781570,2024-03-07T17:42:09.197Z,uncalibrated magnetic sensor,24.18,-73.86,-0.48,24.18,-73.86,-0.48,3
867258088814470,2024-03-07T17:42:09.217Z,uncalibrated magnetic sensor,23.279999,-74.4,-0.35999998,23.279999,-74.4,-0.35999998,3
867258108847803,2024-03-07T17:42:09.236Z,uncalibrated magnetic sensor,22.619999,-73.92,0.0,22.619999,-73.92,0.0,3
867258128881169,2024-03-07T17:42:09.257Z,uncalibrated magnetic sensor,23.58,-73.32,0.12,23.58,-73.32,0.12,3
867258148914469,2024-03-07T17:42:09.277Z,uncalibrated magnetic sensor,23.46,-73.92,0.06,23.46,-73.92,0.06,3
867258168947835,2024-03-07T17:42:09.297Z,uncalibrated magnetic sensor,22.5,-73.92,0.84,22.5,-73.92,0.84,3
867258188981135,2024-03-07T17:42:09.317Z,uncalibrated magnetic sensor,22.74,-74.04,0.96,22.74,-74.04,0.96,3
867258209014468,2024-03-07T17:42:09.338Z,uncalibrated magnetic sensor,23.279999,-74.04,0.12,23.279999,-74.04,0.12,3
867258229047801,2024-03-07T17:42:09.358Z,uncalibrated magnetic sensor,23.34,-73.56,-0.24,23.34,-73.56,-0.24,3
867258249081101,2024-03-07T17:42:09.378Z,uncalibrated magnetic sensor,22.98,-73.5,0.0,22.98,-73.5,0.0,3
867258269114434,2024-03-07T17:42:09.398Z,uncalibrated magnetic sensor,22.619999,-73.56,-0.24,22.619999,-73.56,-0.24,3
867258289147767,2024-03-07T17:42:09.418Z,uncalibrated magnetic sensor,22.38,-73.32,-0.53999996,22.38,-73.32,-0.53999996,3
867258309181067,2024-03-07T17:42:09.438Z,uncalibrated magnetic sensor,22.439999,-73.26,-0.59999996,22.439999,-73.26,-0.59999996,3
867258329214433,2024-03-07T17:42:09.458Z,uncalibrated magnetic sensor,23.34,-74.1,0.06,23.34,-74.1,0.06,3
867258349247733,2024-03-07T17:42:09.478Z,uncalibrated magnetic sensor,23.22,-74.28,0.65999997,23.22,-74.28,0.65999997,3
867258369281099,2024-03-07T17:42:09.498Z,uncalibrated magnetic sensor,22.68,-74.159996,0.35999998,22.68,-74.159996,0.35999998,3
867258389314432,2024-03-07T17:42:09.518Z,uncalibrated magnetic sensor,22.74,-74.159996,0.0,22.74,-74.159996,0.0,3
867258409347732,2024-03-07T17:42:09.538Z,uncalibrated magnetic sensor,22.5,-73.979996,-0.06,22.5,-73.979996,-0.06,3
867258429381098,2024-03-07T17:42:09.558Z,uncalibrated magnetic sensor,22.98,-73.56,0.12,22.98,-73.56,0.12,3
867258449414431,2024-03-07T17:42:09.578Z,uncalibrated magnetic sensor,23.519999,-73.5,0.71999997,23.519999,-73.5,0.71999997,3
867258469447764,2024-03-07T17:42:09.598Z,uncalibrated magnetic sensor,23.34,-73.979996,0.9,23.34,-73.979996,0.9,3
867258489481130,2024-03-07T17:42:09.618Z,uncalibrated magnetic sensor,23.16,-73.92,0.06,23.16,-73.92,0.06,3
867258509514430,2024-03-07T17:42:09.638Z,uncalibrated magnetic sensor,22.92,-74.1,-0.71999997,22.92,-74.1,-0.71999997,3
867258529547796,2024-03-07T17:42:09.658Z,uncalibrated magnetic sensor,22.38,-73.92,-0.17999999,22.38,-73.92,-0.17999999,3
867258549547796,2024-03-07T17:42:09.677Z,uncalibrated magnetic sensor,22.32,-74.34,-0.35999998,22.32,-74.34,-0.35999998,3
867258569547762,2024-03-07T17:42:09.698Z,uncalibrated magnetic sensor,22.439999,-75.42,-0.78,22.439999,-75.42,-0.78,3
867258589547795,2024-03-07T17:42:09.718Z,uncalibrated magnetic sensor,22.26,-75.479996,-0.06,22.26,-75.479996,-0.06,3
867258609547761,2024-03-07T17:42:09.738Z,uncalibrated magnetic sensor,21.84,-75.06,-0.17999999,21.84,-75.06,-0.17999999,3
867258629547761,2024-03-07T17:42:09.758Z,uncalibrated magnetic sensor,21.48,-75.119995,-0.9,21.48,-75.119995,-0.9,3
867258649548461,2024-03-07T17:42:09.778Z,uncalibrated magnetic sensor,21.9,-75.479996,-1.3199999,21.9,-75.479996,-1.3199999,3
867258669548561,2024-03-07T17:42:09.798Z,uncalibrated magnetic sensor,21.9,-75.06,-1.14,21.9,-75.06,-1.14,3
867258689549027,2024-03-07T17:42:09.818Z,uncalibrated magnetic sensor,22.619999,-75.119995,-0.71999997,22.619999,-75.119995,-0.71999997,3
867258709549027,2024-03-07T17:42:09.838Z,uncalibrated magnetic sensor,22.92,-74.64,-0.65999997,22.92,-74.64,-0.65999997,3
867258729549093,2024-03-07T17:42:09.858Z,uncalibrated magnetic sensor,22.439999,-73.86,-1.14,22.439999,-73.86,-1.14,3
867258749549126,2024-03-07T17:42:09.878Z,uncalibrated magnetic sensor,21.72,-74.28,-1.38,21.72,-74.28,-1.38,3
867258769549092,2024-03-07T17:42:09.898Z,uncalibrated magnetic sensor,21.06,-74.159996,-1.92,21.06,-74.159996,-1.92,3
867258789549125,2024-03-07T17:42:09.918Z,uncalibrated magnetic sensor,21.9,-74.52,-2.46,21.9,-74.52,-2.46,3
867258809549125,2024-03-07T17:42:09.938Z,uncalibrated magnetic sensor,22.32,-74.88,-2.34,22.32,-74.88,-2.34,3
867258829549125,2024-03-07T17:42:09.958Z,uncalibrated magnetic sensor,22.02,-74.46,-1.92,22.02,-74.46,-1.92,3
867258849549158,2024-03-07T17:42:09.978Z,uncalibrated magnetic sensor,22.439999,-74.34,-1.5,22.439999,-74.34,-1.5,3
867258869549158,2024-03-07T17:42:09.998Z,uncalibrated magnetic sensor,22.98,-74.46,-1.4399999,22.98,-74.46,-1.4399999,3
867258889549158,2024-03-07T17:42:10.018Z,uncalibrated magnetic sensor,22.68,-74.7,-1.9799999,22.68,-74.7,-1.9799999,3
867258909549191,2024-03-07T17:42:10.038Z,uncalibrated magnetic sensor,22.439999,-74.64,-2.9399998,22.439999,-74.64,-2.9399998,3
867258929549157,2024-03-07T17:42:10.058Z,uncalibrated magnetic sensor,22.74,-74.22,-3.12,22.74,-74.22,-3.12,3
867258949549190,2024-03-07T17:42:10.078Z,uncalibrated magnetic sensor,22.859999,-73.92,-2.1599998,22.859999,-73.92,-2.1599998,3
867258969549156,2024-03-07T17:42:10.098Z,uncalibrated magnetic sensor,22.8,-74.28,-1.4399999,22.8,-74.28,-1.4399999,3
867258989549156,2024-03-07T17:42:10.118Z,uncalibrated magnetic sensor,22.5,-74.34,-1.1999999,22.5,-74.34,-1.1999999,3
867259009549156,2024-03-07T17:42:10.138Z,uncalibrated magnetic sensor,22.5,-73.86,-1.1999999,22.5,-73.86,-1.1999999,3
867259029549122,2024-03-07T17:42:10.158Z,uncalibrated magnetic sensor,22.8,-73.799995,-1.26,22.8,-73.799995,-1.26,3
867259049548422,2024-03-07T17:42:10.179Z,uncalibrated magnetic sensor,22.859999,-74.22,-1.4399999,22.859999,-74.22,-1.4399999,3
867259069548455,2024-03-07T17:42:10.198Z,uncalibrated magnetic sensor,23.16,-73.74,-1.92,23.16,-73.74,-1.92,3
867259089548421,2024-03-07T17:42:10.218Z,uncalibrated magnetic sensor,23.46,-72.9,-2.34,23.46,-72.9,-2.34,3
867259109548454,2024-03-07T17:42:10.238Z,uncalibrated magnetic sensor,23.82,-73.5,-2.04,23.82,-73.5,-2.04,3
867259129548420,2024-03-07T17:42:10.258Z,uncalibrated magnetic sensor,23.34,-73.439995,-1.3199999,23.34,-73.439995,-1.3199999,3
867259149548453,2024-03-07T17:42:10.278Z,uncalibrated magnetic sensor,23.16,-72.9,-0.53999996,23.16,-72.9,-0.53999996,3
867259169548453,2024-03-07T17:42:10.298Z,uncalibrated magnetic sensor,23.4,-73.2,-0.78,23.4,-73.2,-0.78,3
867259189548419,2024-03-07T17:42:10.318Z,uncalibrated magnetic sensor,22.68,-73.979996,-2.04,22.68,-73.979996,-2.04,3
867259209548419,2024-03-07T17:42:10.338Z,uncalibrated magnetic sensor,22.8,-74.04,-1.74,22.8,-74.04,-1.74,3
867259229548419,2024-03-07T17:42:10.358Z,uncalibrated magnetic sensor,23.16,-73.86,-0.78,23.16,-73.86,-0.78,3
867259249548419,2024-03-07T17:42:10.378Z,uncalibrated magnetic sensor,23.4,-74.34,-0.59999996,23.4,-74.34,-0.59999996,3
867259269548452,2024-03-07T17:42:10.398Z,uncalibrated magnetic sensor,22.98,-74.28,-1.1999999,22.98,-74.28,-1.1999999,3
867259289548418,2024-03-07T17:42:10.418Z,uncalibrated magnetic sensor,22.38,-73.619995,-1.62,22.38,-73.619995,-1.62,3
867259309548451,2024-03-07T17:42:10.437Z,uncalibrated magnetic sensor,23.22,-73.86,-2.22,23.22,-73.86,-2.22,3
867259329548351,2024-03-07T17:42:10.458Z,uncalibrated magnetic sensor,23.64,-74.7,-2.9399998,23.64,-74.7,-2.9399998,3
867259349548317,2024-03-07T17:42:10.478Z,uncalibrated magnetic sensor,23.279999,-74.64,-2.6399999,23.279999,-74.64,-2.6399999,3
867259369548350,2024-03-07T17:42:10.498Z,uncalibrated magnetic sensor,23.16,-74.46,-2.04,23.16,-74.46,-2.04,3
867259389548316,2024-03-07T17:42:10.518Z,uncalibrated magnetic sensor,23.4,-74.4,-1.74,23.4,-74.4,-1.74,3
867259409548316,2024-03-07T17:42:10.538Z,uncalibrated magnetic sensor,22.859999,-74.46,-1.8,22.859999,-74.46,-1.8,3
867259429548316,2024-03-07T17:42:10.558Z,uncalibrated magnetic sensor,22.98,-75.24,-1.38,22.98,-75.24,-1.38,3
867259449548282,2024-03-07T17:42:10.578Z,uncalibrated magnetic sensor,23.76,-75.119995,-0.96,23.76,-75.119995,-0.96,3
867259469548315,2024-03-07T17:42:10.598Z,uncalibrated magnetic sensor,24.42,-74.7,-0.78,24.42,-74.7,-0.78,3
867259489548315,2024-03-07T17:42:10.618Z,uncalibrated magnetic sensor,24.24,-74.76,-0.65999997,24.24,-74.76,-0.65999997,3
867259509548281,2024-03-07T17:42:10.638Z,uncalibrated magnetic sensor,23.34,-74.1,-0.84,23.34,-74.1,-0.84,3
867259529548314,2024-03-07T17:42:10.658Z,uncalibrated magnetic sensor,23.279999,-73.56,-1.56,23.279999,-73.56,-1.56,3
867259549548280,2024-03-07T17:42:10.678Z,uncalibrated magnetic sensor,23.4,-74.04,-2.34,23.4,-74.04,-2.34,3
867259569548280,2024-03-07T17:42:10.698Z,uncalibrated magnetic sensor,23.34,-73.979996,-2.82,23.34,-73.979996,-2.82,3
867259589548280,2024-03-07T17:42:10.718Z,uncalibrated magnetic sensor,22.98,-74.1,-2.22,22.98,-74.1,-2.22,3
867259609547980,2024-03-07T17:42:10.738Z,uncalibrated magnetic sensor,22.439999,-74.76,-1.8,22.439999,-74.76,-1.8,3
867259629548013,2024-03-07T17:42:10.757Z,uncalibrated magnetic sensor,23.4,-74.64,-2.1599998,23.4,-74.64,-2.1599998,3
867259649548713,2024-03-07T17:42:10.778Z,uncalibrated magnetic sensor,23.82,-74.46,-1.92,23.82,-74.46,-1.92,3
867259669548679,2024-03-07T17:42:10.798Z,uncalibrated magnetic sensor,22.5,-74.58,-1.8,22.5,-74.58,-1.8,3
867259689548712,2024-03-07T17:42:10.818Z,uncalibrated magnetic sensor,23.279999,-74.76,-1.62,23.279999,-74.76,-1.62,3
867259709548678,2024-03-07T17:42:10.838Z,uncalibrated magnetic sensor,23.4,-75.119995,-1.56,23.4,-75.119995,-1.56,3
867259729548711,2024-03-07T17:42:10.858Z,uncalibrated magnetic sensor,22.56,-75.6,-2.34,22.56,-75.6,-2.34,3
867259749548677,2024-03-07T17:42:10.878Z,uncalibrated magnetic sensor,22.32,-75.0,-2.58,22.32,-75.0,-2.58,3
867259769548677,2024-03-07T17:42:10.898Z,uncalibrated magnetic sensor,22.439999,-74.28,-2.76,22.439999,-74.28,-2.76,3
867259789548677,2024-03-07T17:42:10.918Z,uncalibrated magnetic sensor,22.74,-74.64,-2.58,22.74,-74.64,-2.58,3
867259809548677,2024-03-07T17:42:10.937Z,uncalibrated magnetic sensor,22.68,-75.18,-2.22,22.68,-75.18,-2.22,3
867259829548677,2024-03-07T17:42:10.958Z,uncalibrated magnetic sensor,23.4,-75.06,-2.3999999,23.4,-75.06,-2.3999999,3
867259849548710,2024-03-07T17:42:10.978Z,uncalibrated magnetic sensor,23.64,-74.1,-2.9399998,23.64,-74.1,-2.9399998,3
867259869548676,2024-03-07T17:42:10.998Z,uncalibrated magnetic sensor,23.939999,-74.04,-2.52,23.939999,-74.04,-2.52,3
867259889548709,2024-03-07T17:42:11.017Z,uncalibrated magnetic sensor,23.039999,-74.34,-1.9799999,23.039999,-74.34,-1.9799999,3
867259909548675,2024-03-07T17:42:11.038Z,uncalibrated magnetic sensor,21.84,-73.38,-2.8799999,21.84,-73.38,-2.8799999,3
867259929548708,2024-03-07T17:42:11.058Z,uncalibrated magnetic sensor,22.8,-73.2,-3.06,22.8,-73.2,-3.06,3
867259949548708,2024-03-07T17:42:11.078Z,uncalibrated magnetic sensor,23.22,-73.38,-2.22,23.22,-73.38,-2.22,3
867259969548674,2024-03-07T17:42:11.098Z,uncalibrated magnetic sensor,22.92,-73.86,-2.04,22.92,-73.86,-2.04,3
867259989548674,2024-03-07T17:42:11.118Z,uncalibrated magnetic sensor,23.34,-74.58,-2.9399998,23.34,-74.58,-2.9399998,3
867260009548674,2024-03-07T17:42:11.138Z,uncalibrated magnetic sensor,23.76,-74.7,-2.46,23.76,-74.7,-2.46,3
867260029548674,2024-03-07T17:42:11.158Z,uncalibrated magnetic sensor,23.58,-74.4,-1.1999999,23.58,-74.4,-1.1999999,3
867260049547774,2024-03-07T17:42:11.178Z,uncalibrated magnetic sensor,22.98,-74.159996,-1.0799999,22.98,-74.159996,-1.0799999,3
867260069547740,2024-03-07T17:42:11.198Z,uncalibrated magnetic sensor,23.16,-74.4,-1.0799999,23.16,-74.4,-1.0799999,3
867260089547773,2024-03-07T17:42:11.218Z,uncalibrated magnetic sensor,23.4,-74.4,-0.96,23.4,-74.4,-0.96,3
867260109547073,2024-03-07T17:42:11.238Z,uncalibrated magnetic sensor,23.22,-74.34,-1.1999999,23.22,-74.34,-1.1999999,3
867260129547039,2024-03-07T17:42:11.258Z,uncalibrated magnetic sensor,24.0,-74.34,-1.8,24.0,-74.34,-1.8,3
867260149547072,2024-03-07T17:42:11.278Z,uncalibrated magnetic sensor,24.359999,-73.26,-1.4399999,24.359999,-73.26,-1.4399999,3
867260169547072,2024-03-07T17:42:11.298Z,uncalibrated magnetic sensor,24.06,-73.32,-1.9799999,24.06,-73.32,-1.9799999,3
867260189547072,2024-03-07T17:42:11.318Z,uncalibrated magnetic sensor,24.119999,-74.04,-2.58,24.119999,-74.04,-2.58,3
867260209547405,2024-03-07T17:42:11.338Z,uncalibrated magnetic sensor,24.119999,-73.02,-1.9799999,24.119999,-73.02,-1.9799999,3
867260229547371,2024-03-07T17:42:11.358Z,uncalibrated magnetic sensor,23.4,-73.439995,-1.56,23.4,-73.439995,-1.56,3
867260249547404,2024-03-07T17:42:11.378Z,uncalibrated magnetic sensor,23.34,-73.799995,-1.26,23.34,-73.799995,-1.26,3
867260269547404,2024-03-07T17:42:11.398Z,uncalibrated magnetic sensor,24.06,-73.56,-1.62,24.06,-73.56,-1.62,3
867260289547370,2024-03-07T17:42:11.418Z,uncalibrated magnetic sensor,24.18,-73.979996,-1.92,24.18,-73.979996,-1.92,3
867260309547403,2024-03-07T17:42:11.438Z,uncalibrated magnetic sensor,23.34,-73.68,-1.9799999,23.34,-73.68,-1.9799999,3
867260329547369,2024-03-07T17:42:11.458Z,uncalibrated magnetic sensor,22.74,-73.979996,-2.04,22.74,-73.979996,-2.04,3
867260349547369,2024-03-07T17:42:11.478Z,uncalibrated magnetic sensor,23.22,-73.68,-2.3999999,23.22,-73.68,-2.3999999,3
867260369547369,2024-03-07T17:42:11.498Z,uncalibrated magnetic sensor,23.519999,-73.5,-2.1,23.519999,-73.5,-2.1,3
867260389877502,2024-03-07T17:42:11.518Z,uncalibrated magnetic sensor,23.64,-73.32,-1.56,23.64,-73.32,-1.56,3
867260409877535,2024-03-07T17:42:11.537Z,uncalibrated magnetic sensor,23.039999,-73.38,-1.5,23.039999,-73.38,-1.5,3
867260429877535,2024-03-07T17:42:11.558Z,uncalibrated magnetic sensor,23.279999,-74.28,-1.3199999,23.279999,-74.28,-1.3199999,3
867260449877501,2024-03-07T17:42:11.578Z,uncalibrated magnetic sensor,23.039999,-74.159996,-1.4399999,23.039999,-74.159996,-1.4399999,3
867260469877534,2024-03-07T17:42:11.598Z,uncalibrated magnetic sensor,22.5,-74.22,-1.3199999,22.5,-74.22,-1.3199999,3
867260489877500,2024-03-07T17:42:11.618Z,uncalibrated magnetic sensor,23.64,-74.76,-1.1999999,23.64,-74.76,-1.1999999,3
867260509877533,2024-03-07T17:42:11.638Z,uncalibrated magnetic sensor,23.699999,-74.64,-1.26,23.699999,-74.64,-1.26,3
867260529877499,2024-03-07T17:42:11.658Z,uncalibrated magnetic sensor,23.22,-74.4,-1.38,23.22,-74.4,-1.38,3
867260549877499,2024-03-07T17:42:11.678Z,uncalibrated magnetic sensor,23.519999,-74.64,-1.68,23.519999,-74.64,-1.68,3
867260569877532,2024-03-07T17:42:11.697Z,uncalibrated magnetic sensor,23.699999,-74.58,-1.86,23.699999,-74.58,-1.86,3
867260589877532,2024-03-07T17:42:11.718Z,uncalibrated magnetic sensor,23.279999,-74.34,-1.92,23.279999,-74.34,-1.92,3
867260609877532,2024-03-07T17:42:11.738Z,uncalibrated magnetic sensor,23.58,-73.56,-1.74,23.58,-73.56,-1.74,3
867260629877565,2024-03-07T17:42:11.758Z,uncalibrated magnetic sensor,24.18,-74.22,-1.56,24.18,-74.22,-1.56,3
867260649878465,2024-03-07T17:42:11.778Z,uncalibrated magnetic sensor,23.46,-75.18,-1.14,23.46,-75.18,-1.14,3
867260669878498,2024-03-07T17:42:11.798Z,uncalibrated magnetic sensor,22.68,-74.939995,-1.26,22.68,-74.939995,-1.26,3
867260689878464,2024-03-07T17:42:11.818Z,uncalibrated magnetic sensor,22.14,-75.06,-1.92,22.14,-75.06,-1.92,3
867260709879164,2024-03-07T17:42:11.838Z,uncalibrated magnetic sensor,22.439999,-74.82,-1.86,22.439999,-74.82,-1.86,3
867260729879164,2024-03-07T17:42:11.857Z,uncalibrated magnetic sensor,23.16,-75.0,-2.04,23.16,-75.0,-2.04,3
867260749879130,2024-03-07T17:42:11.877Z,uncalibrated magnetic sensor,22.32,-76.08,-2.46,22.32,-76.08,-2.46,3
867260769879130,2024-03-07T17:42:11.898Z,uncalibrated magnetic sensor,22.08,-76.02,-2.8799999,22.08,-76.02,-2.8799999,3
867260789879130,2024-03-07T17:42:11.918Z,uncalibrated magnetic sensor,22.56,-74.76,-2.82,22.56,-74.76,-2.82,3
867260809879096,2024-03-07T17:42:11.938Z,uncalibrated magnetic sensor,21.96,-74.52,-2.58,21.96,-74.52,-2.58,3
867260829879129,2024-03-07T17:42:11.958Z,uncalibrated magnetic sensor,22.5,-74.64,-2.6399999,22.5,-74.64,-2.6399999,3
867260849879095,2024-03-07T17:42:11.978Z,uncalibrated magnetic sensor,23.22,-74.34,-2.8799999,23.22,-74.34,-2.8799999,3
867260869879128,2024-03-07T17:42:11.998Z,uncalibrated magnetic sensor,22.8,-74.159996,-3.24,22.8,-74.159996,-3.24,3
867260889879128,2024-03-07T17:42:12.018Z,uncalibrated magnetic sensor,22.74,-73.86,-3.3,22.74,-73.86,-3.3,3
867260909879094,2024-03-07T17:42:12.038Z,uncalibrated magnetic sensor,22.74,-73.74,-3.72,22.74,-73.74,-3.72,3
867260929879127,2024-03-07T17:42:12.058Z,uncalibrated magnetic sensor,22.14,-74.28,-4.92,22.14,-74.28,-4.92,3
867260949879127,2024-03-07T17:42:12.078Z,uncalibrated magnetic sensor,21.72,-74.22,-4.8599997,21.72,-74.22,-4.8599997,3
867260969879127,2024-03-07T17:42:12.097Z,uncalibrated magnetic sensor,21.84,-73.5,-3.8999999,21.84,-73.5,-3.8999999,3
867260989879160,2024-03-07T17:42:12.118Z,uncalibrated magnetic sensor,22.5,-73.56,-4.2,22.5,-73.56,-4.2,3
867261009879126,2024-03-07T17:42:12.137Z,uncalibrated magnetic sensor,23.519999,-73.74,-4.62,23.519999,-73.74,-4.62,3
867261029879159,2024-03-07T17:42:12.158Z,uncalibrated magnetic sensor,23.58,-73.619995,-3.78,23.58,-73.619995,-3.78,3
867261049878459,2024-03-07T17:42:12.178Z,uncalibrated magnetic sensor,23.22,-73.68,-2.22,23.22,-73.68,-2.22,3
867261069878225,2024-03-07T17:42:12.198Z,uncalibrated magnetic sensor,23.519999,-73.979996,-2.3999999,23.519999,-73.979996,-2.3999999,3
867261089878258,2024-03-07T17:42:12.218Z,uncalibrated magnetic sensor,23.46,-74.159996,-3.06,23.46,-74.159996,-3.06,3
867261109878224,2024-03-07T17:42:12.238Z,uncalibrated magnetic sensor,22.74,-75.119995,-2.3999999,22.74,-75.119995,-2.3999999,3
867261129878224,2024-03-07T17:42:12.258Z,uncalibrated magnetic sensor,21.9,-74.82,-2.52,21.9,-74.82,-2.52,3
867261149878224,2024-03-07T17:42:12.278Z,uncalibrated magnetic sensor,22.08,-74.159996,-2.9399998,22.08,-74.159996,-2.9399998,3
867261169878190,2024-03-07T17:42:12.298Z,uncalibrated magnetic sensor,22.92,-74.04,-2.76,22.92,-74.04,-2.76,3
867261189878223,2024-03-07T17:42:12.317Z,uncalibrated magnetic sensor,23.4,-73.02,-3.3,23.4,-73.02,-3.3,3
867261209878223,2024-03-07T17:42:12.338Z,uncalibrated magnetic sensor,23.939999,-72.84,-3.36,23.939999,-72.84,-3.36,3
867261229878189,2024-03-07T17:42:12.358Z,uncalibrated magnetic sensor,24.3,-73.619995,-2.28,24.3,-73.619995,-2.28,3
867261249878222,2024-03-07T17:42:12.378Z,uncalibrated magnetic sensor,24.42,-73.92,-1.8,24.42,-73.92,-1.8,3
867261269878188,2024-03-07T17:42:12.398Z,uncalibrated magnetic sensor,24.24,-73.92,-1.3199999,24.24,-73.92,-1.3199999,3
867261289878221,2024-03-07T17:42:12.418Z,uncalibrated magnetic sensor,23.46,-74.1,-1.0799999,23.46,-74.1,-1.0799999,3
867261309878221,2024-03-07T17:42:12.438Z,uncalibrated magnetic sensor,22.859999,-73.86,-1.1999999,22.859999,-73.86,-1.1999999,3
867261329878221,2024-03-07T17:42:12.458Z,uncalibrated magnetic sensor,23.279999,-73.92,-1.62,23.279999,-73.92,-1.62,3
867261349878254,2024-03-07T17:42:12.478Z,uncalibrated magnetic sensor,23.519999,-74.04,-2.22,23.519999,-74.04,-2.22,3
867261369878254,2024-03-07T17:42:12.498Z,uncalibrated magnetic sensor,23.279999,-73.979996,-2.76,23.279999,-73.979996,-2.76,3
867261389878254,2024-03-07T17:42:12.518Z,uncalibrated magnetic sensor,23.16,-73.56,-3.1799998,23.16,-73.56,-3.1799998,3
867261409878287,2024-03-07T17:42:12.538Z,uncalibrated magnetic sensor,23.22,-73.2,-2.58,23.22,-73.2,-2.58,3
867261429878253,2024-03-07T17:42:12.558Z,uncalibrated magnetic sensor,23.22,-73.619995,-2.22,23.22,-73.619995,-2.22,3
867261449878286,2024-03-07T17:42:12.577Z,uncalibrated magnetic sensor,23.46,-73.979996,-2.1599998,23.46,-73.979996,-2.1599998,3
867261469878252,2024-03-07T17:42:12.598Z,uncalibrated magnetic sensor,23.88,-74.04,-1.9799999,23.88,-74.04,-1.9799999,3
867261489878252,2024-03-07T17:42:12.618Z,uncalibrated magnetic sensor,23.4,-74.22,-2.1,23.4,-74.22,-2.1,3
867261509878252,2024-03-07T17:42:12.637Z,uncalibrated magnetic sensor,23.46,-73.86,-1.3199999,23.46,-73.86,-1.3199999,3
867261529878218,2024-03-07T17:42:12.658Z,uncalibrated magnetic sensor,24.359999,-73.92,-1.1999999,24.359999,-73.92,-1.1999999,3
867261549878218,2024-03-07T17:42:12.678Z,uncalibrated magnetic sensor,24.96,-73.979996,-1.62,24.96,-73.979996,-1.62,3
867261569878251,2024-03-07T17:42:12.698Z,uncalibrated magnetic sensor,24.6,-73.979996,-1.62,24.6,-73.979996,-1.62,3
867261589878217,2024-03-07T17:42:12.718Z,uncalibrated magnetic sensor,23.76,-74.22,-1.68,23.76,-74.22,-1.68,3
867261609878250,2024-03-07T17:42:12.738Z,uncalibrated magnetic sensor,24.3,-73.74,-2.22,24.3,-73.74,-2.22,3
867261629878216,2024-03-07T17:42:12.758Z,uncalibrated magnetic sensor,24.359999,-73.56,-2.04,24.359999,-73.56,-2.04,3
867261649878949,2024-03-07T17:42:12.778Z,uncalibrated magnetic sensor,23.22,-74.04,-1.14,23.22,-74.04,-1.14,3
867261669879149,2024-03-07T17:42:12.798Z,uncalibrated magnetic sensor,23.16,-74.34,-1.02,23.16,-74.34,-1.02,3
867261689879115,2024-03-07T17:42:12.818Z,uncalibrated magnetic sensor,23.039999,-74.04,-1.38,23.039999,-74.04,-1.38,3
867261709879115,2024-03-07T17:42:12.838Z,uncalibrated magnetic sensor,22.92,-74.4,-2.3999999,22.92,-74.4,-2.3999999,3
867261729879115,2024-03-07T17:42:12.858Z,uncalibrated magnetic sensor,22.68,-75.24,-2.6399999,22.68,-75.24,-2.6399999,3
867261749879115,2024-03-07T17:42:12.878Z,uncalibrated magnetic sensor,22.56,-75.06,-1.92,22.56,-75.06,-1.92,3
867261769879148,2024-03-07T17:42:12.898Z,uncalibrated magnetic sensor,23.22,-75.299995,-1.68,23.22,-75.299995,-1.68,3
867261789879114,2024-03-07T17:42:12.918Z,uncalibrated magnetic sensor,22.68,-75.659996,-2.04,22.68,-75.659996,-2.04,3
867261809879147,2024-03-07T17:42:12.938Z,uncalibrated magnetic sensor,22.38,-74.939995,-2.34,22.38,-74.939995,-2.34,3
867261829879147,2024-03-07T17:42:12.958Z,uncalibrated magnetic sensor,23.1,-74.7,-2.1599998,23.1,-74.7,-2.1599998,3
867261849879113,2024-03-07T17:42:12.978Z,uncalibrated magnetic sensor,22.619999,-74.88,-2.1599998,22.619999,-74.88,-2.1599998,3
867261869879146,2024-03-07T17:42:12.998Z,uncalibrated magnetic sensor,22.619999,-75.0,-2.8799999,22.619999,-75.0,-2.8799999,3
867261889879112,2024-03-07T17:42:13.018Z,uncalibrated magnetic sensor,23.22,-74.82,-2.9399998,23.22,-74.82,-2.9399998,3
867261909879112,2024-03-07T17:42:13.038Z,uncalibrated magnetic sensor,22.68,-74.58,-2.7,22.68,-74.58,-2.7,3
867261929879112,2024-03-07T17:42:13.058Z,uncalibrated magnetic sensor,22.56,-74.82,-2.9399998,22.56,-74.82,-2.9399998,3
867261949879078,2024-03-07T17:42:13.078Z,uncalibrated magnetic sensor,22.68,-75.299995,-3.0,22.68,-75.299995,-3.0,3
867261969879111,2024-03-07T17:42:13.097Z,uncalibrated magnetic sensor,22.92,-74.7,-3.12,22.92,-74.7,-3.12,3
867261989879111,2024-03-07T17:42:13.118Z,uncalibrated magnetic sensor,23.039999,-73.68,-3.6,23.039999,-73.68,-3.6,3
867262009879077,2024-03-07T17:42:13.138Z,uncalibrated magnetic sensor,23.039999,-73.32,-3.48,23.039999,-73.32,-3.48,3
867262029879110,2024-03-07T17:42:13.158Z,uncalibrated magnetic sensor,23.22,-73.56,-3.12,23.22,-73.56,-3.12,3
867262049878376,2024-03-07T17:42:13.178Z,uncalibrated magnetic sensor,23.34,-73.68,-3.78,23.34,-73.68,-3.78,3
867262069877676,2024-03-07T17:42:13.198Z,uncalibrated magnetic sensor,23.46,-73.74,-4.02,23.46,-73.74,-4.02,3
867262089877676,2024-03-07T17:42:13.218Z,uncalibrated magnetic sensor,23.64,-73.92,-3.3,23.64,-73.92,-3.3,3
867262109877676,2024-03-07T17:42:13.238Z,uncalibrated magnetic sensor,23.519999,-74.34,-2.7,23.519999,-74.34,-2.7,3
867262129877709,2024-03-07T17:42:13.258Z,uncalibrated magnetic sensor,23.64,-74.64,-2.34,23.64,-74.64,-2.34,3
867262149877709,2024-03-07T17:42:13.278Z,uncalibrated magnetic sensor,23.519999,-74.46,-2.1,23.519999,-74.46,-2.1,3
867262169877675,2024-03-07T17:42:13.298Z,uncalibrated magnetic sensor,23.039999,-74.7,-1.9799999,23.039999,-74.7,-1.9799999,3
867262189877708,2024-03-07T17:42:13.318Z,uncalibrated magnetic sensor,23.16,-75.06,-2.1599998,23.16,-75.06,-2.1599998,3
867262209877674,2024-03-07T17:42:13.338Z,uncalibrated magnetic sensor,23.4,-75.18,-2.3999999,23.4,-75.18,-2.3999999,3
867262229877707,2024-03-07T17:42:13.358Z,uncalibrated magnetic sensor,23.939999,-74.7,-2.04,23.939999,-74.7,-2.04,3
867262249877673,2024-03-07T17:42:13.377Z,uncalibrated magnetic sensor,23.699999,-73.979996,-1.92,23.699999,-73.979996,-1.92,3
867262269877673,2024-03-07T17:42:13.398Z,uncalibrated magnetic sensor,22.8,-73.26,-2.46,22.8,-73.26,-2.46,3
867262289877673,2024-03-07T17:42:13.418Z,uncalibrated magnetic sensor,22.56,-73.14,-2.46,22.56,-73.14,-2.46,3
867262309877673,2024-03-07T17:42:13.438Z,uncalibrated magnetic sensor,23.58,-74.22,-1.8,23.58,-74.22,-1.8,3
867262329877673,2024-03-07T17:42:13.458Z,uncalibrated magnetic sensor,23.76,-74.7,-1.14,23.76,-74.7,-1.14,3
867262349877706,2024-03-07T17:42:13.478Z,uncalibrated magnetic sensor,23.58,-74.88,-1.14,23.58,-74.88,-1.14,3
867262369877672,2024-03-07T17:42:13.498Z,uncalibrated magnetic sensor,22.92,-74.58,-0.42,22.92,-74.58,-0.42,3
867262389877705,2024-03-07T17:42:13.518Z,uncalibrated magnetic sensor,22.08,-74.76,-0.84,22.08,-74.76,-0.84,3
867262409876971,2024-03-07T17:42:13.538Z,uncalibrated magnetic sensor,22.38,-75.24,-1.56,22.38,-75.24,-1.56,3
867262429876504,2024-03-07T17:42:13.558Z,uncalibrated magnetic sensor,22.68,-74.82,-0.96,22.68,-74.82,-0.96,3
867262449876504,2024-03-07T17:42:13.578Z,uncalibrated magnetic sensor,22.92,-74.7,-1.02,22.92,-74.7,-1.02,3
867262469876470,2024-03-07T17:42:13.598Z,uncalibrated magnetic sensor,23.1,-74.58,-1.86,23.1,-74.58,-1.86,3
867262489876470,2024-03-07T17:42:13.618Z,uncalibrated magnetic sensor,23.699999,-74.22,-2.1599998,23.699999,-74.22,-2.1599998,3
867262509876470,2024-03-07T17:42:13.638Z,uncalibrated magnetic sensor,24.18,-74.52,-1.9799999,24.18,-74.52,-1.9799999,3
867262529876470,2024-03-07T17:42:13.658Z,uncalibrated magnetic sensor,23.4,-74.76,-1.9799999,23.4,-74.76,-1.9799999,3
867262549876470,2024-03-07T17:42:13.678Z,uncalibrated magnetic sensor,22.68,-74.58,-0.59999996,22.68,-74.58,-0.59999996,3
867262569876436,2024-03-07T17:42:13.698Z,uncalibrated magnetic sensor,23.279999,-74.64,-0.65999997,23.279999,-74.64,-0.65999997,3
867262589876436,2024-03-07T17:42:13.718Z,uncalibrated magnetic sensor,23.88,-74.22,-0.84,23.88,-74.22,-0.84,3
867262609876436,2024-03-07T17:42:13.738Z,uncalibrated magnetic sensor,23.88,-74.159996,-0.53999996,23.88,-74.159996,-0.53999996,3
867262629876402,2024-03-07T17:42:13.758Z,uncalibrated magnetic sensor,24.3,-74.1,-0.84,24.3,-74.1,-0.84,3
867262649877102,2024-03-07T17:42:13.777Z,uncalibrated magnetic sensor,23.88,-74.28,-0.06,23.88,-74.28,-0.06,3
867262669877802,2024-03-07T17:42:13.797Z,uncalibrated magnetic sensor,23.16,-74.52,-0.35999998,23.16,-74.52,-0.35999998,3
867262689877802,2024-03-07T17:42:13.818Z,uncalibrated magnetic sensor,23.64,-74.64,-0.78,23.64,-74.64,-0.78,3
867262709877802,2024-03-07T17:42:13.838Z,uncalibrated magnetic sensor,22.98,-74.76,-0.71999997,22.98,-74.76,-0.71999997,3
867262729877768,2024-03-07T17:42:13.858Z,uncalibrated magnetic sensor,22.56,-74.82,-1.0799999,22.56,-74.82,-1.0799999,3
867262749877768,2024-03-07T17:42:13.878Z,uncalibrated magnetic sensor,22.8,-75.18,-1.38,22.8,-75.18,-1.38,3
867262769877768,2024-03-07T17:42:13.898Z,uncalibrated magnetic sensor,22.8,-75.18,-1.86,22.8,-75.18,-1.86,3
867262789877734,2024-03-07T17:42:13.918Z,uncalibrated magnetic sensor,22.5,-75.06,-1.1999999,22.5,-75.06,-1.1999999,3
867262809877734,2024-03-07T17:42:13.938Z,uncalibrated magnetic sensor,21.24,-75.72,-0.29999998,21.24,-75.72,-0.29999998,3
867262829877700,2024-03-07T17:42:13.957Z,uncalibrated magnetic sensor,21.3,-76.32,-0.84,21.3,-76.32,-0.84,3
867262849877700,2024-03-07T17:42:13.978Z,uncalibrated magnetic sensor,21.539999,-76.2,-1.38,21.539999,-76.2,-1.38,3
867262869877700,2024-03-07T17:42:13.998Z,uncalibrated magnetic sensor,21.119999,-75.84,-1.86,21.119999,-75.84,-1.86,3
867262889877700,2024-03-07T17:42:14.018Z,uncalibrated magnetic sensor,21.359999,-75.84,-1.8,21.359999,-75.84,-1.8,3
867262909877700,2024-03-07T17:42:14.038Z,uncalibrated magnetic sensor,22.14,-75.299995,-1.26,22.14,-75.299995,-1.26,3
867262929877933,2024-03-07T17:42:14.058Z,uncalibrated magnetic sensor,23.1,-75.659996,-2.28,23.1,-75.659996,-2.28,3
867262949877899,2024-03-07T17:42:14.078Z,uncalibrated magnetic sensor,22.26,-75.84,-3.12,22.26,-75.84,-3.12,3
867262969877899,2024-03-07T17:42:14.098Z,uncalibrated magnetic sensor,20.939999,-74.76,-2.6399999,20.939999,-74.76,-2.6399999,3
867262989877865,2024-03-07T17:42:14.118Z,uncalibrated magnetic sensor,21.48,-74.46,-3.06,21.48,-74.46,-3.06,3
867263009878565,2024-03-07T17:42:14.138Z,uncalibrated magnetic sensor,22.56,-74.58,-3.3,22.56,-74.58,-3.3,3
867263029879031,2024-03-07T17:42:14.158Z,uncalibrated magnetic sensor,22.56,-74.82,-2.22,22.56,-74.82,-2.22,3
867263049879031,2024-03-07T17:42:14.178Z,uncalibrated magnetic sensor,22.439999,-74.76,-2.22,22.439999,-74.76,-2.22,3
867263069879031,2024-03-07T17:42:14.198Z,uncalibrated magnetic sensor,22.32,-74.52,-2.82,22.32,-74.52,-2.82,3
867263089879031,2024-03-07T17:42:14.218Z,uncalibrated magnetic sensor,22.08,-75.0,-2.8799999,22.08,-75.0,-2.8799999,3
867263109879031,2024-03-07T17:42:14.238Z,uncalibrated magnetic sensor,22.68,-75.54,-1.8,22.68,-75.54,-1.8,3
867263129879031,2024-03-07T17:42:14.258Z,uncalibrated magnetic sensor,23.039999,-75.6,-1.14,23.039999,-75.6,-1.14,3
867263149879031,2024-03-07T17:42:14.278Z,uncalibrated magnetic sensor,23.16,-75.9,-1.26,23.16,-75.9,-1.26,3
867263169879031,2024-03-07T17:42:14.297Z,uncalibrated magnetic sensor,23.46,-75.72,-1.1999999,23.46,-75.72,-1.1999999,3
867263189879031,2024-03-07T17:42:14.318Z,uncalibrated magnetic sensor,23.039999,-75.299995,-1.1999999,23.039999,-75.299995,-1.1999999,3
867263209879031,2024-03-07T17:42:14.338Z,uncalibrated magnetic sensor,22.619999,-75.18,-1.14,22.619999,-75.18,-1.14,3
867263229879031,2024-03-07T17:42:14.358Z,uncalibrated magnetic sensor,22.98,-75.299995,-0.9,22.98,-75.299995,-0.9,3
867263249879031,2024-03-07T17:42:14.378Z,uncalibrated magnetic sensor,23.039999,-75.24,-1.3199999,23.039999,-75.24,-1.3199999,3
867263269879031,2024-03-07T17:42:14.398Z,uncalibrated magnetic sensor,22.74,-75.119995,-1.14,22.74,-75.119995,-1.14,3
867263289879297,2024-03-07T17:42:14.417Z,uncalibrated magnetic sensor,22.92,-74.28,-0.29999998,22.92,-74.28,-0.29999998,3
867263309879297,2024-03-07T17:42:14.438Z,uncalibrated magnetic sensor,23.22,-74.52,-0.35999998,23.22,-74.52,-0.35999998,3
867263329879297,2024-03-07T17:42:14.458Z,uncalibrated magnetic sensor,23.34,-74.7,-0.65999997,23.34,-74.7,-0.65999997,3
867263349879297,2024-03-07T17:42:14.478Z,uncalibrated magnetic sensor,22.859999,-74.04,-0.78,22.859999,-74.04,-0.78,3
867263369879297,2024-03-07T17:42:14.498Z,uncalibrated magnetic sensor,22.68,-74.64,-0.9,22.68,-74.64,-0.9,3
867263389879297,2024-03-07T17:42:14.518Z,uncalibrated magnetic sensor,23.1,-74.88,-0.65999997,23.1,-74.88,-0.65999997,3
867263409879297,2024-03-07T17:42:14.538Z,uncalibrated magnetic sensor,23.16,-74.34,-0.78,23.16,-74.34,-0.78,3
867263429879530,2024-03-07T17:42:14.558Z,uncalibrated magnetic sensor,23.279999,-74.64,-0.71999997,23.279999,-74.64,-0.71999997,3
867263449879530,2024-03-07T17:42:14.578Z,uncalibrated magnetic sensor,23.34,-74.939995,-0.24,23.34,-74.939995,-0.24,3
867263469879530,2024-03-07T17:42:14.598Z,uncalibrated magnetic sensor,23.519999,-74.46,-1.02,23.519999,-74.46,-1.02,3
867263489879530,2024-03-07T17:42:14.617Z,uncalibrated magnetic sensor,22.98,-74.34,-0.84,22.98,-74.34,-0.84,3
867263509879530,2024-03-07T17:42:14.637Z,uncalibrated magnetic sensor,23.22,-74.22,-0.48,23.22,-74.22,-0.48,3
867263529879296,2024-03-07T17:42:14.658Z,uncalibrated magnetic sensor,23.22,-73.74,-0.42,23.22,-73.74,-0.42,3
867263549879296,2024-03-07T17:42:14.678Z,uncalibrated magnetic sensor,22.5,-74.7,-0.12,22.5,-74.7,-0.12,3
867263569879296,2024-03-07T17:42:14.697Z,uncalibrated magnetic sensor,22.08,-75.479996,0.29999998,22.08,-75.479996,0.29999998,3
867263589879296,2024-03-07T17:42:14.718Z,uncalibrated magnetic sensor,22.14,-75.479996,0.35999998,22.14,-75.479996,0.35999998,3
867263609879296,2024-03-07T17:42:14.737Z,uncalibrated magnetic sensor,22.68,-75.54,-0.06,22.68,-75.54,-0.06,3
867263629879296,2024-03-07T17:42:14.758Z,uncalibrated magnetic sensor,22.8,-75.36,0.71999997,22.8,-75.36,0.71999997,3
867263649879296,2024-03-07T17:42:14.778Z,uncalibrated magnetic sensor,22.859999,-75.659996,1.4399999,22.859999,-75.659996,1.4399999,3
867263669879296,2024-03-07T17:42:14.798Z,uncalibrated magnetic sensor,23.1,-75.84,0.65999997,23.1,-75.84,0.65999997,3
867263689879296,2024-03-07T17:42:14.818Z,uncalibrated magnetic sensor,23.1,-75.18,0.48,23.1,-75.18,0.48,3
867263709879296,2024-03-07T17:42:14.838Z,uncalibrated magnetic sensor,22.859999,-74.7,1.02,22.859999,-74.7,1.02,3
867263729879296,2024-03-07T17:42:14.858Z,uncalibrated magnetic sensor,22.98,-74.76,0.71999997,22.98,-74.76,0.71999997,3
867263749879296,2024-03-07T17:42:14.878Z,uncalibrated magnetic sensor,22.439999,-74.88,0.84,22.439999,-74.88,0.84,3
867263769879296,2024-03-07T17:42:14.897Z,uncalibrated magnetic sensor,21.96,-74.88,0.9,21.96,-74.88,0.9,3
867263789879296,2024-03-07T17:42:14.918Z,uncalibrated magnetic sensor,21.3,-74.82,0.53999996,21.3,-74.82,0.53999996,3
867263809879296,2024-03-07T17:42:14.938Z,uncalibrated magnetic sensor,20.939999,-75.72,0.9,20.939999,-75.72,0.9,3
867263829879296,2024-03-07T17:42:14.957Z,uncalibrated magnetic sensor,21.24,-75.96,0.9,21.24,-75.96,0.9,3
867263849879296,2024-03-07T17:42:14.978Z,uncalibrated magnetic sensor,20.699999,-75.96,-0.42,20.699999,-75.96,-0.42,3
867263869879296,2024-03-07T17:42:14.998Z,uncalibrated magnetic sensor,20.64,-77.1,-0.9,20.64,-77.1,-0.9,3
867263889879029,2024-03-07T17:42:15.018Z,uncalibrated magnetic sensor,20.699999,-78.0,-0.71999997,20.699999,-78.0,-0.71999997,3
867263909879029,2024-03-07T17:42:15.038Z,uncalibrated magnetic sensor,20.039999,-78.119995,-0.35999998,20.039999,-78.119995,-0.35999998,3
867263929879262,2024-03-07T17:42:15.058Z,uncalibrated magnetic sensor,19.98,-77.58,-0.78,19.98,-77.58,-0.78,3
867263949879262,2024-03-07T17:42:15.078Z,uncalibrated magnetic sensor,20.4,-76.74,-1.02,20.4,-76.74,-1.02,3
867263969879262,2024-03-07T17:42:15.097Z,uncalibrated magnetic sensor,20.1,-76.38,-0.53999996,20.1,-76.38,-0.53999996,3
867263989879262,2024-03-07T17:42:15.118Z,uncalibrated magnetic sensor,20.34,-76.38,-0.78,20.34,-76.38,-0.78,3
867264009879262,2024-03-07T17:42:15.138Z,uncalibrated magnetic sensor,21.0,-75.479996,-0.29999998,21.0,-75.479996,-0.29999998,3
867264029879028,2024-03-07T17:42:15.158Z,uncalibrated magnetic sensor,20.52,-75.18,-0.78,20.52,-75.18,-0.78,3
867264049879028,2024-03-07T17:42:15.178Z,uncalibrated magnetic sensor,20.52,-75.299995,-1.9799999,20.52,-75.299995,-1.9799999,3
867264069879028,2024-03-07T17:42:15.198Z,uncalibrated magnetic sensor,20.34,-74.46,-1.9799999,20.34,-74.46,-1.9799999,3
867264089879028,2024-03-07T17:42:15.218Z,uncalibrated magnetic sensor,21.06,-73.799995,-1.74,21.06,-73.799995,-1.74,3
867264109879028,2024-03-07T17:42:15.238Z,uncalibrated magnetic sensor,21.24,-73.799995,-2.04,21.24,-73.799995,-2.04,3
867264129879028,2024-03-07T17:42:15.258Z,uncalibrated magnetic sensor,20.34,-73.619995,-2.22,20.34,-73.619995,-2.22,3
867264149879028,2024-03-07T17:42:15.278Z,uncalibrated magnetic sensor,20.46,-74.28,-1.9799999,20.46,-74.28,-1.9799999,3
867264169879028,2024-03-07T17:42:15.298Z,uncalibrated magnetic sensor,20.939999,-74.52,-1.8,20.939999,-74.52,-1.8,3
867264189879028,2024-03-07T17:42:15.318Z,uncalibrated magnetic sensor,21.42,-74.4,-1.74,21.42,-74.4,-1.74,3
867264209879028,2024-03-07T17:42:15.338Z,uncalibrated magnetic sensor,20.939999,-75.119995,-1.26,20.939999,-75.119995,-1.26,3
867264229879028,2024-03-07T17:42:15.358Z,uncalibrated magnetic sensor,20.4,-75.299995,-0.65999997,20.4,-75.299995,-0.65999997,3
867264249879028,2024-03-07T17:42:15.378Z,uncalibrated magnetic sensor,20.64,-75.119995,0.06,20.64,-75.119995,0.06,3
867264269879028,2024-03-07T17:42:15.398Z,uncalibrated magnetic sensor,21.3,-74.82,-0.17999999,21.3,-74.82,-0.17999999,3
867264289879028,2024-03-07T17:42:15.418Z,uncalibrated magnetic sensor,21.6,-74.64,-0.29999998,21.6,-74.64,-0.29999998,3
867264309879028,2024-03-07T17:42:15.438Z,uncalibrated magnetic sensor,21.66,-73.799995,-0.29999998,21.66,-73.799995,-0.29999998,3
867264329879028,2024-03-07T17:42:15.458Z,uncalibrated magnetic sensor,22.14,-72.18,-0.48,22.14,-72.18,-0.48,3
867264349879028,2024-03-07T17:42:15.478Z,uncalibrated magnetic sensor,22.08,-71.159996,-0.42,22.08,-71.159996,-0.42,3
867264369879028,2024-03-07T17:42:15.498Z,uncalibrated magnetic sensor,22.08,-72.119995,-0.84,22.08,-72.119995,-0.84,3
867264389879028,2024-03-07T17:42:15.518Z,uncalibrated magnetic sensor,22.56,-72.6,-0.78,22.56,-72.6,-0.78,3
867264409879028,2024-03-07T17:42:15.538Z,uncalibrated magnetic sensor,22.08,-72.42,-0.59999996,22.08,-72.42,-0.59999996,3
867264429879261,2024-03-07T17:42:15.557Z,uncalibrated magnetic sensor,22.26,-72.24,-1.14,22.26,-72.24,-1.14,3
867264449879261,2024-03-07T17:42:15.578Z,uncalibrated magnetic sensor,23.22,-71.4,-1.9799999,23.22,-71.4,-1.9799999,3
867264469879261,2024-03-07T17:42:15.598Z,uncalibrated magnetic sensor,22.5,-71.22,-2.1599998,22.5,-71.22,-2.1599998,3
867264489879261,2024-03-07T17:42:15.618Z,uncalibrated magnetic sensor,22.5,-71.58,-1.68,22.5,-71.58,-1.68,3
867264509879261,2024-03-07T17:42:15.638Z,uncalibrated magnetic sensor,23.16,-72.299995,-1.5,23.16,-72.299995,-1.5,3
867264529879027,2024-03-07T17:42:15.658Z,uncalibrated magnetic sensor,22.26,-72.6,-1.3199999,22.26,-72.6,-1.3199999,3
867264549879027,2024-03-07T17:42:15.678Z,uncalibrated magnetic sensor,22.199999,-72.299995,-1.56,22.199999,-72.299995,-1.56,3
867264569879027,2024-03-07T17:42:15.698Z,uncalibrated magnetic sensor,22.92,-72.06,-1.3199999,22.92,-72.06,-1.3199999,3
867264589879027,2024-03-07T17:42:15.718Z,uncalibrated magnetic sensor,22.26,-72.06,-1.3199999,22.26,-72.06,-1.3199999,3
867264609879027,2024-03-07T17:42:15.738Z,uncalibrated magnetic sensor,21.359999,-72.299995,-1.62,21.359999,-72.299995,-1.62,3
867264629879027,2024-03-07T17:42:15.758Z,uncalibrated magnetic sensor,21.9,-72.18,-1.56,21.9,-72.18,-1.56,3
867264649879027,2024-03-07T17:42:15.778Z,uncalibrated magnetic sensor,22.5,-72.36,-1.56,22.5,-72.36,-1.56,3
867264669879027,2024-03-07T17:42:15.798Z,uncalibrated magnetic sensor,21.96,-72.18,-1.74,21.96,-72.18,-1.74,3
867264689879027,2024-03-07T17:42:15.817Z,uncalibrated magnetic sensor,21.9,-71.46,-1.4399999,21.9,-71.46,-1.4399999,3
867264709879027,2024-03-07T17:42:15.838Z,uncalibrated magnetic sensor,21.539999,-71.64,-0.65999997,21.539999,-71.64,-0.65999997,3
867264729879027,2024-03-07T17:42:15.858Z,uncalibrated magnetic sensor,21.72,-71.82,-0.42,21.72,-71.82,-0.42,3
867264749879027,2024-03-07T17:42:15.878Z,uncalibrated magnetic sensor,22.98,-71.58,-0.78,22.98,-71.58,-0.78,3
867264769879027,2024-03-07T17:42:15.898Z,uncalibrated magnetic sensor,23.16,-71.4,-1.0799999,23.16,-71.4,-1.0799999,3
867264789879027,2024-03-07T17:42:15.918Z,uncalibrated magnetic sensor,22.08,-72.36,-0.53999996,22.08,-72.36,-0.53999996,3
867264809879027,2024-03-07T17:42:15.938Z,uncalibrated magnetic sensor,21.72,-72.42,-1.1999999,21.72,-72.42,-1.1999999,3
867264829879027,2024-03-07T17:42:15.958Z,uncalibrated magnetic sensor,21.84,-71.82,-1.4399999,21.84,-71.82,-1.4399999,3
867264849879027,2024-03-07T17:42:15.978Z,uncalibrated magnetic sensor,21.72,-71.82,-1.62,21.72,-71.82,-1.62,3
867264869879027,2024-03-07T17:42:15.998Z,uncalibrated magnetic sensor,21.779999,-71.939995,-2.22,21.779999,-71.939995,-2.22,3
867264889879027,2024-03-07T17:42:16.018Z,uncalibrated magnetic sensor,21.539999,-72.24,-2.52,21.539999,-72.24,-2.52,3
867264909879027,2024-03-07T17:42:16.038Z,uncalibrated magnetic sensor,21.359999,-71.7,-3.3,21.359999,-71.7,-3.3,3
867264929879260,2024-03-07T17:42:16.058Z,uncalibrated magnetic sensor,21.42,-72.06,-3.24,21.42,-72.06,-3.24,3
867264949879260,2024-03-07T17:42:16.078Z,uncalibrated magnetic sensor,21.6,-73.08,-3.24,21.6,-73.08,-3.24,3
867264969879260,2024-03-07T17:42:16.098Z,uncalibrated magnetic sensor,21.42,-72.54,-3.36,21.42,-72.54,-3.36,3
867264989879260,2024-03-07T17:42:16.118Z,uncalibrated magnetic sensor,21.779999,-72.119995,-3.0,21.779999,-72.119995,-3.0,3
867265009879260,2024-03-07T17:42:16.138Z,uncalibrated magnetic sensor,21.6,-72.42,-2.7,21.6,-72.42,-2.7,3
867265029879026,2024-03-07T17:42:16.158Z,uncalibrated magnetic sensor,20.4,-73.02,-2.52,20.4,-73.02,-2.52,3
867265049879026,2024-03-07T17:42:16.178Z,uncalibrated magnetic sensor,21.18,-73.2,-2.1,21.18,-73.2,-2.1,3
867265069879026,2024-03-07T17:42:16.198Z,uncalibrated magnetic sensor,22.14,-72.06,-2.58,22.14,-72.06,-2.58,3
867265089879026,2024-03-07T17:42:16.218Z,uncalibrated magnetic sensor,22.02,-71.4,-3.24,22.02,-71.4,-3.24,3
867265109879026,2024-03-07T17:42:16.238Z,uncalibrated magnetic sensor,21.539999,-71.76,-3.84,21.539999,-71.76,-3.84,3
867265129879026,2024-03-07T17:42:16.258Z,uncalibrated magnetic sensor,21.66,-71.58,-4.7999997,21.66,-71.58,-4.7999997,3
867265149879026,2024-03-07T17:42:16.278Z,uncalibrated magnetic sensor,22.859999,-71.28,-4.44,22.859999,-71.28,-4.44,3
867265169879026,2024-03-07T17:42:16.298Z,uncalibrated magnetic sensor,22.92,-71.04,-4.2,22.92,-71.04,-4.2,3
867265189879026,2024-03-07T17:42:16.318Z,uncalibrated magnetic sensor,22.26,-71.04,-4.14,22.26,-71.04,-4.14,3
867265209879026,2024-03-07T17:42:16.338Z,uncalibrated magnetic sensor,22.08,-71.46,-3.6,22.08,-71.46,-3.6,3
867265229879026,2024-03-07T17:42:16.358Z,uncalibrated magnetic sensor,22.8,-71.7,-3.36,22.8,-71.7,-3.36,3
867265249879026,2024-03-07T17:42:16.378Z,uncalibrated magnetic sensor,22.8,-71.46,-3.3,22.8,-71.46,-3.3,3
867265269879026,2024-03-07T17:42:16.398Z,uncalibrated magnetic sensor,21.96,-71.34,-3.24,21.96,-71.34,-3.24,3
867265289879026,2024-03-07T17:42:16.418Z,uncalibrated magnetic sensor,21.72,-72.06,-2.7,21.72,-72.06,-2.7,3
867265309879026,2024-03-07T17:42:16.438Z,uncalibrated magnetic sensor,21.779999,-72.42,-2.22,21.779999,-72.42,-2.22,3
867265329879026,2024-03-07T17:42:16.458Z,uncalibrated magnetic sensor,22.619999,-71.64,-2.52,22.619999,-71.64,-2.52,3
867265349879026,2024-03-07T17:42:16.478Z,uncalibrated magnetic sensor,23.22,-71.34,-2.6399999,23.22,-71.34,-2.6399999,3
867265369879026,2024-03-07T17:42:16.498Z,uncalibrated magnetic sensor,23.22,-71.82,-2.6399999,23.22,-71.82,-2.6399999,3
867265389879026,2024-03-07T17:42:16.518Z,uncalibrated magnetic sensor,23.34,-71.46,-3.54,23.34,-71.46,-3.54,3
867265409879026,2024-03-07T17:42:16.538Z,uncalibrated magnetic sensor,23.16,-71.04,-3.9599998,23.16,-71.04,-3.9599998,3
867265429879259,2024-03-07T17:42:16.557Z,uncalibrated magnetic sensor,23.34,-71.04,-2.6399999,23.34,-71.04,-2.6399999,3
867265449879259,2024-03-07T17:42:16.578Z,uncalibrated magnetic sensor,23.279999,-70.32,-2.28,23.279999,-70.32,-2.28,3
867265469879259,2024-03-07T17:42:16.598Z,uncalibrated magnetic sensor,23.279999,-69.84,-2.6399999,23.279999,-69.84,-2.6399999,3
867265489879259,2024-03-07T17:42:16.618Z,uncalibrated magnetic sensor,23.88,-70.799995,-3.12,23.88,-70.799995,-3.12,3
867265509879259,2024-03-07T17:42:16.637Z,uncalibrated magnetic sensor,24.3,-70.799995,-3.12,24.3,-70.799995,-3.12,3
867265529879025,2024-03-07T17:42:16.658Z,uncalibrated magnetic sensor,23.76,-70.74,-2.52,23.76,-70.74,-2.52,3
867265549879025,2024-03-07T17:42:16.678Z,uncalibrated magnetic sensor,23.519999,-71.34,-2.8799999,23.519999,-71.34,-2.8799999,3
867265569879025,2024-03-07T17:42:16.698Z,uncalibrated magnetic sensor,23.519999,-71.28,-2.82,23.519999,-71.28,-2.82,3
867265589879025,2024-03-07T17:42:16.718Z,uncalibrated magnetic sensor,23.4,-71.159996,-2.82,23.4,-71.159996,-2.82,3
867265609879025,2024-03-07T17:42:16.738Z,uncalibrated magnetic sensor,23.22,-71.34,-3.48,23.22,-71.34,-3.48,3
867265629879025,2024-03-07T17:42:16.758Z,uncalibrated magnetic sensor,22.8,-71.1,-3.6599998,22.8,-71.1,-3.6599998,3
867265649879025,2024-03-07T17:42:16.778Z,uncalibrated magnetic sensor,23.58,-70.619995,-3.48,23.58,-70.619995,-3.48,3
867265669879025,2024-03-07T17:42:16.798Z,uncalibrated magnetic sensor,24.42,-70.799995,-3.0,24.42,-70.799995,-3.0,3
867265689879025,2024-03-07T17:42:16.817Z,uncalibrated magnetic sensor,24.96,-70.92,-2.58,24.96,-70.92,-2.58,3
867265709879025,2024-03-07T17:42:16.837Z,uncalibrated magnetic sensor,23.939999,-71.46,-2.7,23.939999,-71.46,-2.7,3
867265729879025,2024-03-07T17:42:16.858Z,uncalibrated magnetic sensor,24.0,-72.18,-3.24,24.0,-72.18,-3.24,3
867265749879025,2024-03-07T17:42:16.878Z,uncalibrated magnetic sensor,24.779999,-71.58,-2.82,24.779999,-71.58,-2.82,3
867265769879025,2024-03-07T17:42:16.898Z,uncalibrated magnetic sensor,24.96,-70.799995,-1.86,24.96,-70.799995,-1.86,3
867265789879025,2024-03-07T17:42:16.918Z,uncalibrated magnetic sensor,25.56,-71.159996,-1.92,25.56,-71.159996,-1.92,3
867265809879025,2024-03-07T17:42:16.938Z,uncalibrated magnetic sensor,25.439999,-71.82,-1.74,25.439999,-71.82,-1.74,3
867265829879025,2024-03-07T17:42:16.957Z,uncalibrated magnetic sensor,25.56,-71.46,-1.74,25.56,-71.46,-1.74,3
867265849879025,2024-03-07T17:42:16.978Z,uncalibrated magnetic sensor,25.14,-71.64,-1.3199999,25.14,-71.64,-1.3199999,3
867265869879258,2024-03-07T17:42:16.997Z,uncalibrated magnetic sensor,24.9,-72.119995,-1.14,24.9,-72.119995,-1.14,3
867265889879258,2024-03-07T17:42:17.018Z,uncalibrated magnetic sensor,25.5,-71.76,-2.22,25.5,-71.76,-2.22,3
867265909879258,2024-03-07T17:42:17.038Z,uncalibrated magnetic sensor,25.199999,-71.76,-2.22,25.199999,-71.76,-2.22,3
867265929879491,2024-03-07T17:42:17.057Z,uncalibrated magnetic sensor,24.66,-72.18,-1.9799999,24.66,-72.18,-1.9799999,3
867265949879491,2024-03-07T17:42:17.078Z,uncalibrated magnetic sensor,24.66,-72.119995,-2.82,24.66,-72.119995,-2.82,3
867265969879491,2024-03-07T17:42:17.098Z,uncalibrated magnetic sensor,24.0,-72.0,-3.54,24.0,-72.0,-3.54,3
867265989879491,2024-03-07T17:42:17.118Z,uncalibrated magnetic sensor,24.119999,-72.0,-2.82,24.119999,-72.0,-2.82,3
867266009879491,2024-03-07T17:42:17.138Z,uncalibrated magnetic sensor,24.9,-71.58,-2.34,24.9,-71.58,-2.34,3
867266029879257,2024-03-07T17:42:17.158Z,uncalibrated magnetic sensor,24.779999,-71.64,-2.34,24.779999,-71.64,-2.34,3
867266049879257,2024-03-07T17:42:17.178Z,uncalibrated magnetic sensor,24.6,-71.4,-2.1,24.6,-71.4,-2.1,3
867266069879257,2024-03-07T17:42:17.197Z,uncalibrated magnetic sensor,24.96,-70.74,-1.9799999,24.96,-70.74,-1.9799999,3
867266089879257,2024-03-07T17:42:17.218Z,uncalibrated magnetic sensor,25.38,-71.1,-2.1599998,25.38,-71.1,-2.1599998,3
867266109879257,2024-03-07T17:42:17.238Z,uncalibrated magnetic sensor,25.199999,-71.1,-2.58,25.199999,-71.1,-2.58,3
867266129879257,2024-03-07T17:42:17.258Z,uncalibrated magnetic sensor,25.56,-69.84,-3.0,25.56,-69.84,-3.0,3
